gcid,filePath,folder,all_files,num_files,total_changes,first_revision,last_revision
1,Buffer.java,,Buffer.java,1,1,4,4
2,Buffer.java,,Buffer.java,1,1,4,4
8,BufferMgr.java,,BufferMgr.java,1,4,9,16
9,BufferMgr.java,,BufferMgr.java,1,5,9,36
10,Cmd_clear.java,,Cmd_clear.java,1,1,4,4
11,Cmd_new_file.java,,Cmd_new_file.java,1,1,4,4
12,Cmd_new_view.java,,Cmd_new_view.java,1,1,4,4
13,Cmd_close_file.java,,Cmd_close_file.java,1,1,4,4
14,Cmd_paste.java,,Cmd_paste.java,1,1,4,4
15,Cmd_copy.java,,Cmd_copy.java,1,1,4,4
16,Cmd_save.java,,Cmd_save.java,1,1,4,4
17,Cmd_cut.java,,Cmd_cut.java,1,1,4,4
18,Cmd_select_all.java,,Cmd_select_all.java,1,1,4,4
19,Cmd_close_view.java,,Cmd_close_view.java,1,1,4,4
20,Cmd_clear_marker.java,,Cmd_clear_marker.java,1,2,9,14
21,Cmd_goto_marker.java,,Cmd_goto_marker.java,1,1,4,4
22,Cmd_set_marker.java,,Cmd_set_marker.java,1,3,4,9
23,Cmd_redo.java,,Cmd_redo.java,1,2,4,16
24,Cmd_undo.java,,Cmd_undo.java,1,2,4,16
25,jEdit.java,,jEdit.java,1,2,3,6
26,jOpen.java,,jOpen.java,1,1,3,3
29,View.java,,View.java,1,14,11,1334
30,View.java,,View.java,1,2,11,23
31,Cmd_print.java,,Cmd_print.java,1,1,4,4
34,Cmd_goto_line.java,,Cmd_goto_line.java,1,1,4,4
35,Cmd_select_buffer.java,,Cmd_select_buffer.java,1,1,4,4
40,Cmd_options.java,,Cmd_options.java,1,1,8,8
41,jEdit.java,,jEdit.java,1,2,6,16
54,Cmd_clear_marker.java,,Cmd_clear_marker.java,1,1,9,9
72,Cmd_reverse.java,,Cmd_reverse.java,1,1,16,16
73,Cmd_to_upper.java,,Cmd_to_upper.java,1,1,16,16
74,Cmd_to_lower.java,,Cmd_to_lower.java,1,1,16,16
75,Cmd_rot13.java,,Cmd_rot13.java,1,1,16,16
76,Buffer.java,,Buffer.java,1,86,16,3457
77,RE.java,,RE.java,1,2,135,695
78,CommandMgr.java,,CommandMgr.java,1,1,16,16
81,CommandMgr.java,,CommandMgr.java,1,1,16,16
82,CharIndexedInputStream.java,,CharIndexedInputStream.java,1,1,774,774
83,CharIndexedInputStream.java,,CharIndexedInputStream.java,1,1,774,774
84,CharIndexedInputStream.java,,CharIndexedInputStream.java,1,1,774,774
85,CharIndexedInputStream.java,,CharIndexedInputStream.java,1,1,774,774
87,RETokenPOSIX.java,,RETokenPOSIX.java,1,1,774,774
88,RETokenRepeated.java,,RETokenRepeated.java,1,2,773,774
89,RETokenAny.java,,RETokenAny.java,1,1,774,774
90,RETokenOneOf.java,,RETokenOneOf.java,1,1,774,774
91,RETokenBackRef.java,,RETokenBackRef.java,1,1,774,774
93,REException.java,,REException.java,1,1,774,774
96,RE.java,,RE.java,1,2,135,695
98,RE.java,,RE.java,1,1,695,695
99,RETokenOneOf.java,,RETokenOneOf.java,1,1,267,267
102,REMatch.java,,REMatch.java,1,5,267,943
103,REMatch.java,,REMatch.java,1,4,267,943
104,HyperSearch.java,,HyperSearch.java,1,6,16,107
105,SearchAndReplace.java,,SearchAndReplace.java,1,9,16,157
106,jEdit.java,,jEdit.java,1,13,38,812
107,jEdit.java,,jEdit.java,1,33,38,3512
108,Server.java,,Server.java,1,2,16,34
109,View.java,,View.java,1,3,16,36
111,autoindent.java,,autoindent.java,1,1,25,25
124,Buffer.java,,Buffer.java,1,200,20,3694
125,Buffer.java,,Buffer.java,1,224,20,2269
126,Buffer.java,,Buffer.java,1,43,20,1988
127,Buffer.java,,Buffer.java,1,160,20,2248
130,expand_abbrev.java,,expand_abbrev.java,1,1,18,18
137,Marker.java,,Marker.java,1,5,143,1549
140,Buffer.java,,Buffer.java,1,45,24,926
147,locate_bracket.java,,locate_bracket.java,1,1,32,32
148,locate_bracket.java,,locate_bracket.java,1,1,32,32
149,locate_bracket.java,,locate_bracket.java,1,2,32,34
150,locate_bracket.java,,locate_bracket.java,1,2,32,34
151,locate_bracket.java,,locate_bracket.java,1,2,32,34
152,locate_bracket.java,,locate_bracket.java,1,2,32,34
156,ShellScriptTokenMarker.java,,ShellScriptTokenMarker.java,1,3,32,144
158,ShellScriptTokenMarker.java,,ShellScriptTokenMarker.java,1,5,32,488
159,TeXTokenMarker.java,,TeXTokenMarker.java,1,2,32,45
160,MakefileTokenMarker.java,,MakefileTokenMarker.java,1,5,32,210
161,BatchFileTokenMarker.java,,BatchFileTokenMarker.java,1,5,32,279
162,HTMLTokenMarker.java,,HTMLTokenMarker.java,1,6,32,225
164,HTMLTokenMarker.java,,HTMLTokenMarker.java,1,9,32,488
165,ShellScriptTokenMarker.java,,ShellScriptTokenMarker.java,1,1,32,32
166,HTMLTokenMarker.java,,HTMLTokenMarker.java,1,9,31,488
167,BatchFileTokenMarker.java,,BatchFileTokenMarker.java,1,6,58,488
169,HTMLTokenMarker.java,,HTMLTokenMarker.java,1,8,31,488
170,ShellScriptTokenMarker.java,,ShellScriptTokenMarker.java,1,8,32,488
173,BatchFileTokenMarker.java,,BatchFileTokenMarker.java,1,5,32,279
174,MakefileTokenMarker.java,,MakefileTokenMarker.java,1,7,32,279
175,ShellScriptTokenMarker.java,,ShellScriptTokenMarker.java,1,8,32,488
176,MakefileTokenMarker.java,,MakefileTokenMarker.java,1,8,32,488
177,ShellScriptTokenMarker.java,,ShellScriptTokenMarker.java,1,7,32,488
179,HTMLTokenMarker.java,,HTMLTokenMarker.java,1,10,39,380
183,TeXTokenMarker.java,,TeXTokenMarker.java,1,2,32,49
184,BatchFileTokenMarker.java,,BatchFileTokenMarker.java,1,3,58,210
185,TeXTokenMarker.java,,TeXTokenMarker.java,1,5,32,488
186,TeXTokenMarker.java,,TeXTokenMarker.java,1,5,32,488
187,HTMLTokenMarker.java,,HTMLTokenMarker.java,1,8,32,488
188,ShellScriptTokenMarker.java,,ShellScriptTokenMarker.java,1,2,32,300
189,ShellScriptTokenMarker.java,,ShellScriptTokenMarker.java,1,7,32,488
190,BatchFileTokenMarker.java,,BatchFileTokenMarker.java,1,7,32,488
191,ShellScriptTokenMarker.java,,ShellScriptTokenMarker.java,1,7,32,488
192,MakefileTokenMarker.java,,MakefileTokenMarker.java,1,6,32,488
193,ShellScriptTokenMarker.java,,ShellScriptTokenMarker.java,1,6,32,488
194,MakefileTokenMarker.java,,MakefileTokenMarker.java,1,8,32,488
195,TeXTokenMarker.java,,TeXTokenMarker.java,1,6,32,488
196,MakefileTokenMarker.java,,MakefileTokenMarker.java,1,7,33,488
197,TeXTokenMarker.java,,TeXTokenMarker.java,1,1,32,32
198,CTokenMarker.java,,CTokenMarker.java,1,6,85,259
199,CTokenMarker.java,,CTokenMarker.java,1,8,85,279
200,CTokenMarker.java,,CTokenMarker.java,1,9,72,488
201,TokenMarker.java,,TokenMarker.java,1,24,146,3482
202,CTokenMarker.java,,CTokenMarker.java,1,6,58,279
203,CTokenMarker.java,,CTokenMarker.java,1,5,72,488
204,CTokenMarker.java,,CTokenMarker.java,1,5,58,488
205,ShellScriptTokenMarker.java,,ShellScriptTokenMarker.java,1,1,33,33
207,TokenMarker.java,,TokenMarker.java,1,1,43,43
208,TokenMarker.java,,TokenMarker.java,1,1,43,43
209,CTokenMarker.java,,CTokenMarker.java,1,4,35,98
210,CTokenMarker.java,,CTokenMarker.java,1,4,34,98
211,format.java,,format.java,1,1,35,35
214,jEdit.java,,jEdit.java,1,1,38,38
216,Buffer.java,,Buffer.java,1,19,39,125
217,Buffer.java,,Buffer.java,1,34,39,3694
220,CommandMgr.java,,CommandMgr.java,1,1,39,39
221,CommandMgr.java,,CommandMgr.java,1,1,39,39
222,KeywordMap.java,,KeywordMap.java,1,7,87,2109
223,c.java,,c.java,1,2,58,105
224,java_mode.java,,java_mode.java,1,3,39,105
225,HTMLTokenMarker.java,,HTMLTokenMarker.java,1,5,58,488
226,HTMLTokenMarker.java,,HTMLTokenMarker.java,1,3,39,98
227,HTMLTokenMarker.java,,HTMLTokenMarker.java,1,2,91,98
228,CTokenMarker.java,,CTokenMarker.java,1,2,58,72
229,HTMLTokenMarker.java,,HTMLTokenMarker.java,1,3,58,210
230,Buffer.java,,Buffer.java,1,3,41,125
231,Buffer.java,,Buffer.java,1,1,41,41
232,Buffer.java,,Buffer.java,1,56,41,1988
233,Buffer.java,,Buffer.java,1,19,45,1776
234,expand_abbrev.java,,expand_abbrev.java,1,3,48,381
235,expand_abbrev.java,,expand_abbrev.java,1,4,48,387
236,find_next.java,,find_next.java,1,4,276,581
247,tab.java,,tab.java,1,2,188,318
248,untab.java,,untab.java,1,2,188,318
249,to_lower.java,,to_lower.java,1,2,188,312
250,to_upper.java,,to_upper.java,1,2,188,312
251,delete_end_line.java,,delete_end_line.java,1,1,318,318
252,delete_start_line.java,,delete_start_line.java,1,1,318,318
255,HyperSearch.java,,HyperSearch.java,1,2,45,112
256,SearchAndReplace.java,,SearchAndReplace.java,1,7,45,125
257,TeXTokenMarker.java,,TeXTokenMarker.java,1,1,45,45
258,View.java,,View.java,1,37,45,3999
259,View.java,,View.java,1,51,45,2774
260,HelpTokenMarker.java,,HelpTokenMarker.java,1,1,58,58
266,delete_no_indent.java,,delete_no_indent.java,1,3,47,146
267,select_no_indent.java,,select_no_indent.java,1,2,112,146
268,format.java,,format.java,1,2,48,55
269,next_paragraph.java,,next_paragraph.java,1,2,328,644
270,prev_paragraph.java,,prev_paragraph.java,1,1,328,328
271,select_anchor.java,,select_anchor.java,1,2,49,322
272,select_next_paragraph.java,,select_next_paragraph.java,1,4,49,644
273,select_prev_paragraph.java,,select_prev_paragraph.java,1,3,49,328
274,Buffer.java,,Buffer.java,1,38,73,3457
275,Buffer.java,,Buffer.java,1,10,49,949
279,pipe_selection.java,,pipe_selection.java,1,1,112,112
280,Buffer.java,,Buffer.java,1,13,56,568
281,Buffer.java,,Buffer.java,1,5,52,61
284,SyntaxTextArea.java,,SyntaxTextArea.java,1,1,53,53
285,SyntaxTextArea.java,,SyntaxTextArea.java,1,5,53,105
286,SyntaxTextArea.java,,SyntaxTextArea.java,1,4,55,105
287,Buffer.java,,Buffer.java,1,3,54,1602
288,Buffer.java,,Buffer.java,1,51,55,3457
289,HyperSearch.java,,HyperSearch.java,1,8,112,704
290,Buffer.java,,Buffer.java,1,3,112,214
291,Buffer.java,,Buffer.java,1,4,108,214
292,HyperSearch.java,,HyperSearch.java,1,1,112,112
293,Options.java,,Options.java,1,1,56,56
294,SendDialog.java,,SendDialog.java,1,6,82,614
295,Options.java,,Options.java,1,1,56,56
298,join_lines.java,,join_lines.java,1,1,58,58
300,HTMLTokenMarker.java,,HTMLTokenMarker.java,1,1,58,58
306,execute.java,,execute.java,1,1,61,61
307,compile.java,,compile.java,1,1,136,136
308,CommandOutput.java,,CommandOutput.java,1,1,112,112
310,SyntaxTextArea.java,,SyntaxTextArea.java,1,2,61,105
312,SyntaxTextArea.java,,SyntaxTextArea.java,1,1,61,61
313,SyntaxTextArea.java,,SyntaxTextArea.java,1,1,61,61
315,javascript.java,,javascript.java,1,1,105,105
316,compile.java,,compile.java,1,1,63,63
317,compile.java,,compile.java,1,1,73,73
318,make.java,,make.java,1,2,63,73
320,shift_left.java,,shift_left.java,1,9,112,703
321,shift_right.java,,shift_right.java,1,9,112,703
322,jEdit.java,,jEdit.java,1,154,73,3999
327,Buffer.java,,Buffer.java,1,4,486,1055
328,jEdit.java,,jEdit.java,1,1,70,70
329,jEdit.java,,jEdit.java,1,2,70,73
330,jEdit.java,,jEdit.java,1,5,73,296
331,jEdit.java,,jEdit.java,1,144,73,3999
332,jEdit.java,,jEdit.java,1,128,73,3999
333,jEdit.java,,jEdit.java,1,198,73,3999
334,View.java,,View.java,1,93,73,3999
335,reverse.java,,reverse.java,1,1,199,199
336,rot13.java,,rot13.java,1,1,199,199
337,browser_open_url.java,,browser_open_url.java,1,1,73,73
338,compile.java,,compile.java,1,1,73,73
339,Buffer.java,,Buffer.java,1,10,73,125
340,jEdit.java,,jEdit.java,1,13,123,3512
341,goto_end_indent.java,,goto_end_indent.java,1,2,112,146
342,jEdit.java,,jEdit.java,1,7,79,318
343,CommandOutput.java,,CommandOutput.java,1,1,112,112
344,next_error.java,,next_error.java,1,1,136,136
345,prev_error.java,,prev_error.java,1,1,136,136
346,CommandOutput.java,,CommandOutput.java,1,1,119,119
347,CommandOutput.java,,CommandOutput.java,1,1,82,82
348,PastePrevious.java,,PastePrevious.java,1,6,82,1065
349,SendDialog.java,,SendDialog.java,1,5,82,602
356,Colors2OptionPane.java,,Colors2OptionPane.java,1,3,85,128
357,CTokenMarker.java,,CTokenMarker.java,1,1,85,85
358,SelectLineRange.java,,SelectLineRange.java,1,1,162,162
359,SelectLineRange.java,,SelectLineRange.java,1,4,162,948
360,replace_in_selection.java,,replace_in_selection.java,1,4,276,581
361,select_mode.java,,select_mode.java,1,1,88,88
362,PropsTokenMarker.java,,PropsTokenMarker.java,1,3,144,279
363,PropsTokenMarker.java,,PropsTokenMarker.java,1,4,144,488
364,PropsTokenMarker.java,,PropsTokenMarker.java,1,4,144,488
365,PropsTokenMarker.java,,PropsTokenMarker.java,1,3,144,488
366,KeywordMap.java,,KeywordMap.java,1,3,95,1270
371,TSQLTokenMarker.java,,TSQLTokenMarker.java,1,1,96,96
373,TSQLTokenMarker.java,,TSQLTokenMarker.java,1,1,96,96
374,TSQLTokenMarker.java,,TSQLTokenMarker.java,1,1,96,96
375,TSQLTokenMarker.java,,TSQLTokenMarker.java,1,2,96,105
376,TSQLTokenMarker.java,,TSQLTokenMarker.java,1,1,96,96
377,TSQLTokenMarker.java,,TSQLTokenMarker.java,1,2,96,105
378,TSQLTokenMarker.java,,TSQLTokenMarker.java,1,2,96,105
379,TSQLTokenMarker.java,,TSQLTokenMarker.java,1,2,96,105
381,TSQLTokenMarker.java,,TSQLTokenMarker.java,1,2,96,105
382,TSQLTokenMarker.java,,TSQLTokenMarker.java,1,2,96,105
383,TSQLTokenMarker.java,,TSQLTokenMarker.java,1,1,105,105
384,TSQLTokenMarker.java,,TSQLTokenMarker.java,1,2,96,97
385,TSQLTokenMarker.java,,TSQLTokenMarker.java,1,2,96,105
386,TSQLTokenMarker.java,,TSQLTokenMarker.java,1,1,105,105
387,TSQLTokenMarker.java,,TSQLTokenMarker.java,1,2,96,105
388,TSQLTokenMarker.java,,TSQLTokenMarker.java,1,2,96,105
389,tsql.java,,tsql.java,1,3,96,129
391,GeneralOptionPane.java,,GeneralOptionPane.java,1,2,101,136
392,jEdit.java,,jEdit.java,1,3,98,110
393,jEdit.java,,jEdit.java,1,2,105,110
395,CTokenMarker.java,,CTokenMarker.java,1,2,98,210
396,HTMLTokenMarker.java,,HTMLTokenMarker.java,1,1,98,98
397,PastePredefined.java,,PastePredefined.java,1,1,103,103
398,PastePrevious.java,,PastePrevious.java,1,2,103,328
400,jEdit.java,,jEdit.java,1,1,105,105
401,cc.java,,cc.java,1,1,105,105
402,TSQLTokenMarker.java,,TSQLTokenMarker.java,1,1,105,105
405,jEdit.java,,jEdit.java,1,2,117,141
407,SQLTokenMarker.java,,SQLTokenMarker.java,1,3,128,210
408,SQLTokenMarker.java,,SQLTokenMarker.java,1,3,128,488
409,SQLTokenMarker.java,,SQLTokenMarker.java,1,4,128,488
410,SQLTokenMarker.java,,SQLTokenMarker.java,1,3,128,488
411,SQLTokenMarker.java,,SQLTokenMarker.java,1,2,128,144
412,SQLTokenMarker.java,,SQLTokenMarker.java,1,1,144,144
413,SQLTokenMarker.java,,SQLTokenMarker.java,1,3,144,488
414,SQLTokenMarker.java,,SQLTokenMarker.java,1,2,144,210
415,SQLTokenMarker.java,,SQLTokenMarker.java,1,2,144,210
416,SQLTokenMarker.java,,SQLTokenMarker.java,1,3,144,488
417,SQLTokenMarker.java,,SQLTokenMarker.java,1,2,144,488
418,CTokenMarker.java,,CTokenMarker.java,1,5,121,488
419,SQLTokenMarker.java,,SQLTokenMarker.java,1,2,210,488
420,SQLTokenMarker.java,,SQLTokenMarker.java,1,2,144,488
421,SQLTokenMarker.java,,SQLTokenMarker.java,1,2,144,488
422,SQLTokenMarker.java,,SQLTokenMarker.java,1,2,128,488
423,SQLTokenMarker.java,,SQLTokenMarker.java,1,2,128,488
425,jEdit.java,,jEdit.java,1,1,110,110
426,GUIUtilities.java,,GUIUtilities.java,1,8,143,3895
427,GUIUtilities.java,,GUIUtilities.java,1,11,378,980
433,GUIUtilities.java,,GUIUtilities.java,1,8,119,905
434,GUIUtilities.java,,GUIUtilities.java,1,5,119,761
435,make.java,,make.java,1,1,121,121
436,Console.java,,Console.java,1,6,136,256
438,Console.java,,Console.java,1,4,144,236
441,jEdit.java,,jEdit.java,1,7,121,227
442,Console.java,,Console.java,1,12,136,237
443,Console.java,,Console.java,1,10,136,256
444,Console.java,,Console.java,1,4,144,235
445,Console.java,,Console.java,1,2,213,235
446,jEdit.java,,jEdit.java,1,23,123,786
447,jEdit.java,,jEdit.java,1,3,123,296
448,jEdit.java,,jEdit.java,1,47,123,921
449,accents.java,,accents.java,1,1,199,199
451,entities.java,,entities.java,1,1,199,199
453,EditorEvent.java,,EditorEvent.java,1,1,141,141
454,BufferEvent.java,,BufferEvent.java,1,1,169,169
456,jEdit.java,,jEdit.java,1,122,140,3998
457,jEdit.java,,jEdit.java,1,16,140,318
458,jEdit.java,,jEdit.java,1,78,140,2901
461,View.java,,View.java,1,16,140,1685
462,View.java,,View.java,1,3,140,205
464,MiscUtilities.java,,MiscUtilities.java,1,31,146,2792
465,MiscUtilities.java,,MiscUtilities.java,1,28,214,3162
468,JavaTokenMarker.java,,JavaTokenMarker.java,1,1,225,225
469,CTokenMarker.java,,CTokenMarker.java,1,1,225,225
470,SyntaxUtilities.java,,SyntaxUtilities.java,1,1,312,312
471,SyntaxUtilities.java,,SyntaxUtilities.java,1,1,312,312
473,TokenMarker.java,,TokenMarker.java,1,1,150,150
474,TokenMarker.java,,TokenMarker.java,1,1,150,150
480,ColorTableOptionPane.java,,ColorTableOptionPane.java,1,4,196,289
481,ColorTableOptionPane.java,,ColorTableOptionPane.java,1,3,235,289
482,ClippingEditor.java,,ClippingEditor.java,1,2,171,201
483,Options.java,,Options.java,1,1,165,165
484,GlobalOptions.java,,GlobalOptions.java,1,3,171,201
485,GlobalOptions.java,,GlobalOptions.java,1,1,222,222
487,BufferOptions.java,,BufferOptions.java,1,3,172,392
488,jEdit.java,,jEdit.java,1,30,175,728
489,HistoryTextField.java,,HistoryTextField.java,1,2,176,191
490,HistoryTextField.java,,HistoryTextField.java,1,3,176,191
492,DefaultSyntaxDocument.java,,DefaultSyntaxDocument.java,1,2,210,312
502,SyntaxTextArea.java,,SyntaxTextArea.java,1,4,224,256
505,SyntaxTextArea.java,,SyntaxTextArea.java,1,1,224,224
508,next_error.java,,next_error.java,1,1,192,192
509,prev_error.java,,prev_error.java,1,1,192,192
510,HyperSearch.java,,HyperSearch.java,1,1,200,200
512,jEdit.java,,jEdit.java,1,26,214,896
515,TokenMarker.java,,TokenMarker.java,1,10,210,406
519,JARClassLoader.java,,JARClassLoader.java,1,2,214,253
520,JARClassLoader.java,,JARClassLoader.java,1,2,338,649
521,jEdit.java,,jEdit.java,1,28,214,2901
522,jEdit.java,,jEdit.java,1,5,214,227
523,jEdit.java,,jEdit.java,1,9,218,325
524,CCTokenMarker.java,,CCTokenMarker.java,1,3,220,259
525,jEdit.java,,jEdit.java,1,74,222,3512
529,KeyTableOptionPane.java,,KeyTableOptionPane.java,1,4,247,379
532,View.java,,View.java,1,43,328,3999
533,HistoryTextField.java,,HistoryTextField.java,1,3,246,652
534,JARClassLoader.java,,JARClassLoader.java,1,9,250,1113
535,JARClassLoader.java,,JARClassLoader.java,1,10,250,2664
536,JARClassLoader.java,,JARClassLoader.java,1,18,251,1722
537,GUIUtilities.java,,GUIUtilities.java,1,65,252,3895
538,JARClassLoader.java,,JARClassLoader.java,1,1,253,253
539,HistoryTextField.java,,HistoryTextField.java,1,6,254,1026
540,HistoryTextField.java,,HistoryTextField.java,1,6,254,1026
541,HistoryTextField.java,,HistoryTextField.java,1,9,254,1907
542,HistoryTextField.java,,HistoryTextField.java,1,11,381,1907
543,HistoryTextField.java,,HistoryTextField.java,1,12,328,1907
544,HistoryTextField.java,,HistoryTextField.java,1,12,328,1907
545,View.java,,View.java,1,2,328,364
546,find_selection.java,,find_selection.java,1,3,264,703
547,RETokenOneOf.java,,RETokenOneOf.java,1,1,773,773
548,replace_all.java,,replace_all.java,1,4,276,581
550,SearchAndReplace.java,,SearchAndReplace.java,1,29,279,1959
551,SearchAndReplace.java,,SearchAndReplace.java,1,24,279,1895
552,PerlTokenMarker.java,,PerlTokenMarker.java,1,4,286,488
553,PerlTokenMarker.java,,PerlTokenMarker.java,1,2,279,286
554,PerlTokenMarker.java,,PerlTokenMarker.java,1,3,279,287
555,PerlTokenMarker.java,,PerlTokenMarker.java,1,1,286,286
556,PerlTokenMarker.java,,PerlTokenMarker.java,1,1,286,286
557,PerlTokenMarker.java,,PerlTokenMarker.java,1,2,279,286
559,PerlTokenMarker.java,,PerlTokenMarker.java,1,4,279,289
560,PerlTokenMarker.java,,PerlTokenMarker.java,1,1,286,286
561,PerlTokenMarker.java,,PerlTokenMarker.java,1,1,279,279
562,PerlTokenMarker.java,,PerlTokenMarker.java,1,2,279,286
563,PerlTokenMarker.java,,PerlTokenMarker.java,1,2,279,286
564,PerlTokenMarker.java,,PerlTokenMarker.java,1,5,279,488
565,PerlTokenMarker.java,,PerlTokenMarker.java,1,5,279,488
567,PerlTokenMarker.java,,PerlTokenMarker.java,1,1,279,279
568,PerlTokenMarker.java,,PerlTokenMarker.java,1,1,279,279
570,PerlTokenMarker.java,,PerlTokenMarker.java,1,1,279,279
571,ShellScriptTokenMarker.java,,ShellScriptTokenMarker.java,1,1,279,279
573,SearchDialog.java,,SearchDialog.java,1,1,703,703
574,SearchDialog.java,,SearchDialog.java,1,3,518,703
575,PerlTokenMarker.java,,PerlTokenMarker.java,1,1,286,286
576,ShellScriptTokenMarker.java,,ShellScriptTokenMarker.java,1,2,300,488
577,PerlTokenMarker.java,,PerlTokenMarker.java,1,3,287,488
578,PerlTokenMarker.java,,PerlTokenMarker.java,1,4,287,488
580,SyntaxStyle.java,,SyntaxStyle.java,1,4,328,1622
581,OptionsDialog.java,,OptionsDialog.java,1,6,328,565
583,SearchDialog.java,,SearchDialog.java,1,2,291,293
584,SearchDialog.java,,SearchDialog.java,1,7,328,723
585,BufferListSet.java,,BufferListSet.java,1,3,318,594
587,BufferListSet.java,,BufferListSet.java,1,2,293,331
588,StyleOptionPane.java,,StyleOptionPane.java,1,4,463,927
589,StyleOptionPane.java,,StyleOptionPane.java,1,2,298,463
590,KeyTableOptionPane.java,,KeyTableOptionPane.java,1,1,398,398
591,StyleOptionPane.java,,StyleOptionPane.java,1,3,701,927
592,StyleOptionPane.java,,StyleOptionPane.java,1,3,701,927
593,KeyTableOptionPane.java,,KeyTableOptionPane.java,1,2,318,398
594,StyleOptionPane.java,,StyleOptionPane.java,1,3,298,927
595,StyleOptionPane.java,,StyleOptionPane.java,1,1,298,298
596,KeyTableOptionPane.java,,KeyTableOptionPane.java,1,2,318,398
597,StyleOptionPane.java,,StyleOptionPane.java,1,3,298,927
598,StyleOptionPane.java,,StyleOptionPane.java,1,1,298,298
600,jEdit.java,,jEdit.java,1,1,296,296
601,RemoteBufferImpl.java,,RemoteBufferImpl.java,1,1,303,303
602,RemoteBufferImpl.java,,RemoteBufferImpl.java,1,1,314,314
603,RemoteEditorImpl.java,,RemoteEditorImpl.java,1,1,314,314
604,RemoteEditorImpl.java,,RemoteEditorImpl.java,1,2,297,314
605,RemoteEditorImpl.java,,RemoteEditorImpl.java,1,2,297,314
606,RemoteEditorImpl.java,,RemoteEditorImpl.java,1,2,297,314
608,jEdit.java,,jEdit.java,1,66,297,2901
609,jEdit.java,,jEdit.java,1,13,297,2901
612,help.java,,help.java,1,3,322,411
614,StyleOptionPane.java,,StyleOptionPane.java,1,3,298,706
615,StyleOptionPane.java,,StyleOptionPane.java,1,1,463,463
617,SyntaxStyle.java,,SyntaxStyle.java,1,4,301,742
622,JEditTextArea.java,,JEditTextArea.java,1,39,303,3810
623,JEditTextArea.java,,JEditTextArea.java,1,13,303,3810
624,TextAreaModel.java,,TextAreaModel.java,1,1,307,307
625,TextAreaModel.java,,TextAreaModel.java,1,4,304,310
626,TextAreaModel.java,,TextAreaModel.java,1,5,304,311
627,TextAreaModel.java,,TextAreaModel.java,1,5,304,311
628,TextAreaPainter.java,,TextAreaPainter.java,1,11,308,625
629,TextAreaPainter.java,,TextAreaPainter.java,1,21,305,1628
630,JEditTextArea.java,,JEditTextArea.java,1,1,305,305
633,TextAreaModel.java,,TextAreaModel.java,1,4,307,311
634,TextAreaModel.java,,TextAreaModel.java,1,4,307,311
635,TextAreaModel.java,,TextAreaModel.java,1,1,310,310
636,TextAreaModel.java,,TextAreaModel.java,1,1,310,310
641,JEditTextArea.java,,JEditTextArea.java,1,62,314,2502
642,JEditTextArea.java,,JEditTextArea.java,1,111,314,2182
643,SearchAndReplace.java,,SearchAndReplace.java,1,4,312,417
644,copy.java,,copy.java,1,1,312,312
645,cut.java,,cut.java,1,1,312,312
646,PastePredefined.java,,PastePredefined.java,1,2,312,328
647,JEditTextArea.java,,JEditTextArea.java,1,92,315,2502
648,JEditTextArea.java,,JEditTextArea.java,1,38,314,1639
649,DefaultInputHandler.java,,DefaultInputHandler.java,1,1,318,318
650,StyleOptionPane.java,,StyleOptionPane.java,1,4,312,705
651,StyleOptionPane.java,,StyleOptionPane.java,1,5,312,927
652,SyntaxStyle.java,,SyntaxStyle.java,1,2,328,535
654,DefaultInputHandler.java,,DefaultInputHandler.java,1,11,318,1855
655,DefaultInputHandler.java,,DefaultInputHandler.java,1,3,318,337
656,DefaultInputHandler.java,,DefaultInputHandler.java,1,3,318,337
657,DefaultInputHandler.java,,DefaultInputHandler.java,1,4,318,339
658,DefaultInputHandler.java,,DefaultInputHandler.java,1,5,318,363
659,DefaultInputHandler.java,,DefaultInputHandler.java,1,3,318,337
660,DefaultInputHandler.java,,DefaultInputHandler.java,1,3,318,337
661,DefaultInputHandler.java,,DefaultInputHandler.java,1,3,318,337
662,DefaultInputHandler.java,,DefaultInputHandler.java,1,1,328,328
663,DefaultInputHandler.java,,DefaultInputHandler.java,1,4,318,339
664,JEditTextArea.java,,JEditTextArea.java,1,33,314,1323
665,JEditTextArea.java,,JEditTextArea.java,1,60,314,2800
666,DefaultInputHandler.java,,DefaultInputHandler.java,1,1,339,339
667,JEditTextArea.java,,JEditTextArea.java,1,9,312,751
668,JEditTextArea.java,,JEditTextArea.java,1,40,314,1639
669,JEditTextArea.java,,JEditTextArea.java,1,70,315,2502
670,JEditTextArea.java,,JEditTextArea.java,1,24,315,865
671,JEditTextArea.java,,JEditTextArea.java,1,121,314,2379
672,JEditTextArea.java,,JEditTextArea.java,1,25,314,1000
673,View.java,,View.java,1,15,314,588
674,jEdit.java,,jEdit.java,1,171,314,3999
678,RemoteEditorImpl.java,,RemoteEditorImpl.java,1,1,314,314
679,RemoteEditorImpl.java,,RemoteEditorImpl.java,1,1,314,314
681,RemoteViewImpl.java,,RemoteViewImpl.java,1,1,314,314
682,RemoteViewImpl.java,,RemoteViewImpl.java,1,1,314,314
683,RemoteViewImpl.java,,RemoteViewImpl.java,1,1,314,314
686,JEditTextArea.java,,JEditTextArea.java,1,120,314,2379
687,JEditTextArea.java,,JEditTextArea.java,1,122,314,2379
688,TextAreaPainter.java,,TextAreaPainter.java,1,1,318,318
689,TextAreaPainter.java,,TextAreaPainter.java,1,2,314,318
690,TextAreaPainter.java,,TextAreaPainter.java,1,13,321,1053
691,GUIUtilities.java,,GUIUtilities.java,1,3,315,339
692,select_block.java,,select_block.java,1,2,318,396
693,EditAction.java,,EditAction.java,1,1,370,370
694,DefaultInputHandler.java,,DefaultInputHandler.java,1,4,318,339
695,JEditTextArea.java,,JEditTextArea.java,1,80,318,2502
696,KeyTableOptionPane.java,,KeyTableOptionPane.java,1,2,352,378
697,KeyTableOptionPane.java,,KeyTableOptionPane.java,1,2,352,398
698,StyleOptionPane.java,,StyleOptionPane.java,1,1,463,463
699,StyleOptionPane.java,,StyleOptionPane.java,1,4,463,927
701,LiteralSearchMatcher.java,,LiteralSearchMatcher.java,1,1,318,318
702,LiteralSearchMatcher.java,,LiteralSearchMatcher.java,1,1,318,318
704,LiteralSearchMatcher.java,,LiteralSearchMatcher.java,1,1,318,318
708,DefaultInputHandler.java,,DefaultInputHandler.java,1,1,318,318
709,JEditTextArea.java,,JEditTextArea.java,1,112,318,3810
710,JEditTextArea.java,,JEditTextArea.java,1,45,318,1000
711,TextUtilities.java,,TextUtilities.java,1,1,318,318
712,TextUtilities.java,,TextUtilities.java,1,1,318,318
713,HyperSearch.java,,HyperSearch.java,1,3,390,400
714,TextAreaPainter.java,,TextAreaPainter.java,1,4,373,530
715,HelpViewer.java,,HelpViewer.java,1,3,370,631
716,JARClassLoader.java,,JARClassLoader.java,1,4,322,351
719,JEditTextArea.java,,JEditTextArea.java,1,103,328,2800
720,jEdit.java,,jEdit.java,1,4,330,344
721,append_string_register.java,,append_string_register.java,1,7,355,704
722,copy_string_register.java,,copy_string_register.java,1,6,355,680
723,select_caret_register.java,,select_caret_register.java,1,4,416,680
724,goto_register.java,,goto_register.java,1,7,416,680
725,cut_string_register.java,,cut_string_register.java,1,6,355,680
726,set_caret_register.java,,set_caret_register.java,1,5,409,680
727,exchange_caret_register.java,,exchange_caret_register.java,1,5,416,680
728,set_filename_register.java,,set_filename_register.java,1,5,409,680
733,delete_paragraph.java,,delete_paragraph.java,1,1,328,328
735,ClippingEditor.java,,ClippingEditor.java,1,1,328,328
738,tab.java,,tab.java,1,2,328,341
739,untab.java,,untab.java,1,1,328,328
740,SearchAndReplace.java,,SearchAndReplace.java,1,29,328,2050
741,JEditTextArea.java,,JEditTextArea.java,1,1,328,328
742,SearchDialog.java,,SearchDialog.java,1,1,328,328
743,KeyTableOptionPane.java,,KeyTableOptionPane.java,1,2,328,398
744,JARClassLoader.java,,JARClassLoader.java,1,2,328,1723
745,JARClassLoader.java,,JARClassLoader.java,1,5,328,920
746,jEdit.java,,jEdit.java,1,1,328,328
747,jEdit.java,,jEdit.java,1,22,328,649
748,jEdit.java,,jEdit.java,1,93,328,3999
749,PythonTokenMarker.java,,PythonTokenMarker.java,1,1,488,488
750,PythonTokenMarker.java,,PythonTokenMarker.java,1,1,488,488
751,PythonTokenMarker.java,,PythonTokenMarker.java,1,2,370,488
752,PythonTokenMarker.java,,PythonTokenMarker.java,1,2,370,488
753,PerlTokenMarker.java,,PerlTokenMarker.java,1,2,328,488
754,PythonTokenMarker.java,,PythonTokenMarker.java,1,1,488,488
755,PythonTokenMarker.java,,PythonTokenMarker.java,1,1,488,488
756,PythonTokenMarker.java,,PythonTokenMarker.java,1,1,488,488
757,PythonTokenMarker.java,,PythonTokenMarker.java,1,1,488,488
758,PythonTokenMarker.java,,PythonTokenMarker.java,1,1,488,488
761,SyntaxDocument.java,,SyntaxDocument.java,1,2,405,406
762,SyntaxDocument.java,,SyntaxDocument.java,1,2,405,406
763,DefaultInputHandler.java,,DefaultInputHandler.java,1,1,328,328
764,DefaultInputHandler.java,,DefaultInputHandler.java,1,1,328,328
765,JEditTextArea.java,,JEditTextArea.java,1,17,328,754
766,JEditTextArea.java,,JEditTextArea.java,1,21,328,1092
768,EditServer.java,,EditServer.java,1,3,370,813
769,EditServer.java,,EditServer.java,1,4,738,1043
770,EditServer.java,,EditServer.java,1,4,433,740
771,EditServer.java,,EditServer.java,1,1,812,812
772,EditServer.java,,EditServer.java,1,5,488,770
773,EditServer.java,,EditServer.java,1,4,368,2109
774,EditServer.java,,EditServer.java,1,5,370,1055
775,EditServer.java,,EditServer.java,1,6,370,740
776,IDLTokenMarker.java,,IDLTokenMarker.java,1,1,413,413
778,ViewRegisters.java,,ViewRegisters.java,1,1,354,354
783,goto_line.java,,goto_line.java,1,2,337,680
784,jEdit.java,,jEdit.java,1,8,339,400
785,PastePredefined.java,,PastePredefined.java,1,2,337,351
786,PastePrevious.java,,PastePrevious.java,1,2,337,351
787,Macros.java,,Macros.java,1,46,370,2219
788,FileFilterOptionPane.java,,FileFilterOptionPane.java,1,1,339,339
789,JARClassLoader.java,,JARClassLoader.java,1,14,351,2382
790,MiscUtilities.java,,MiscUtilities.java,1,5,344,1169
791,Macros.java,,Macros.java,1,3,354,715
792,Macros.java,,Macros.java,1,3,354,715
793,EiffelTokenMarker.java,,EiffelTokenMarker.java,1,1,488,488
794,EiffelTokenMarker.java,,EiffelTokenMarker.java,1,1,488,488
795,EiffelTokenMarker.java,,EiffelTokenMarker.java,1,1,488,488
796,EiffelTokenMarker.java,,EiffelTokenMarker.java,1,1,488,488
797,EiffelTokenMarker.java,,EiffelTokenMarker.java,1,1,488,488
798,EiffelTokenMarker.java,,EiffelTokenMarker.java,1,1,378,378
799,CTokenMarker.java,,CTokenMarker.java,1,3,370,488
800,EiffelTokenMarker.java,,EiffelTokenMarker.java,1,1,488,488
802,EiffelTokenMarker.java,,EiffelTokenMarker.java,1,1,488,488
803,clear_register.java,,clear_register.java,1,6,409,706
804,CloseDialog.java,,CloseDialog.java,1,3,416,3437
807,View.java,,View.java,1,9,364,1520
808,Buffer.java,,Buffer.java,1,22,363,2918
810,InputHandler.java,,InputHandler.java,1,1,378,378
811,InputHandler.java,,InputHandler.java,1,1,378,378
812,InputHandler.java,,InputHandler.java,1,4,378,416
813,InputHandler.java,,InputHandler.java,1,6,378,416
814,InputHandler.java,,InputHandler.java,1,5,378,514
815,InputHandler.java,,InputHandler.java,1,4,387,514
816,InputHandler.java,,InputHandler.java,1,1,378,378
817,InputHandler.java,,InputHandler.java,1,1,378,378
818,InputHandler.java,,InputHandler.java,1,1,378,378
819,InputHandler.java,,InputHandler.java,1,1,378,378
820,Mode.java,,Mode.java,1,3,364,3237
821,load_session.java,,load_session.java,1,1,368,368
823,edit_macro.java,,edit_macro.java,1,3,367,488
824,EditServer.java,,EditServer.java,1,2,368,370
825,SwingProgress.java,,SwingProgress.java,1,1,630,630
828,MultiFileSearchDialog.java,,MultiFileSearchDialog.java,1,3,392,614
829,SwingInstall.java,,SwingInstall.java,1,3,583,735
830,ConsoleInstall.java,,ConsoleInstall.java,1,4,583,1559
834,ConsoleInstall.java,,ConsoleInstall.java,1,5,583,1559
836,ConsoleInstall.java,,ConsoleInstall.java,1,1,443,443
837,SwingInstall.java,,SwingInstall.java,1,2,583,630
839,SwingInstall.java,,SwingInstall.java,1,3,374,630
840,SwingInstall.java,,SwingInstall.java,1,1,374,374
841,SwingInstall.java,,SwingInstall.java,1,1,374,374
842,SwingInstall.java,,SwingInstall.java,1,1,443,443
843,Log.java,,Log.java,1,1,373,373
844,Log.java,,Log.java,1,9,438,3164
845,save_log.java,,save_log.java,1,1,396,396
846,SplashScreen.java,,SplashScreen.java,1,2,901,3652
848,Registers.java,,Registers.java,1,6,384,1549
849,Sessions.java,,Sessions.java,1,2,386,713
850,Sessions.java,,Sessions.java,1,3,378,713
852,HelpViewer.java,,HelpViewer.java,1,4,376,613
853,Macros.java,,Macros.java,1,13,378,1549
854,HelpViewer.java,,HelpViewer.java,1,24,388,3164
855,SendDialog.java,,SendDialog.java,1,1,614,614
856,HelpViewer.java,,HelpViewer.java,1,13,388,1584
857,EditAction.java,,EditAction.java,1,1,376,376
858,InputHandler.java,,InputHandler.java,1,1,378,378
859,EnhancedCheckBoxMenuItem.java,,EnhancedCheckBoxMenuItem.java,1,10,391,3496
860,EnhancedMenuItem.java,,EnhancedMenuItem.java,1,10,378,3496
861,EnhancedCheckBoxMenuItem.java,,EnhancedCheckBoxMenuItem.java,1,8,433,1735
862,EnhancedMenuItem.java,,EnhancedMenuItem.java,1,10,376,1664
863,EnhancedCheckBoxMenuItem.java,,EnhancedCheckBoxMenuItem.java,1,5,757,1676
864,EnhancedMenuItem.java,,EnhancedMenuItem.java,1,6,391,1333
865,EnhancedCheckBoxMenuItem.java,,EnhancedCheckBoxMenuItem.java,1,2,480,1146
867,InputHandler.java,,InputHandler.java,1,1,378,378
869,InputHandler.java,,InputHandler.java,1,1,378,378
870,InputHandler.java,,InputHandler.java,1,1,378,378
872,expand_abbrev.java,,expand_abbrev.java,1,1,381,381
873,block_comment.java,,block_comment.java,1,1,381,381
875,EditBus.java,,EditBus.java,1,4,409,1546
885,BufferUpdate.java,,BufferUpdate.java,1,1,928,928
888,ViewUpdate.java,,ViewUpdate.java,1,3,447,1237
892,expand_abbrev.java,,expand_abbrev.java,1,2,387,399
893,expand_abbrev.java,,expand_abbrev.java,1,3,387,399
894,expand_abbrev.java,,expand_abbrev.java,1,2,387,399
895,expand_abbrev.java,,expand_abbrev.java,1,2,387,396
896,InputHandler.java,,InputHandler.java,1,2,387,438
897,InputHandler.java,,InputHandler.java,1,1,438,438
898,InputHandler.java,,InputHandler.java,1,7,388,514
899,InputHandler.java,,InputHandler.java,1,7,387,514
900,InputHandler.java,,InputHandler.java,1,8,387,514
901,InputHandler.java,,InputHandler.java,1,7,387,514
902,InputHandler.java,,InputHandler.java,1,4,387,514
903,InputHandler.java,,InputHandler.java,1,4,387,514
904,TextUtilities.java,,TextUtilities.java,1,4,638,1010
905,TextUtilities.java,,TextUtilities.java,1,11,638,1067
906,JEditTextArea.java,,JEditTextArea.java,1,9,388,931
907,JEditTextArea.java,,JEditTextArea.java,1,86,388,2379
908,reload_all.java,,reload_all.java,1,4,403,575
909,save_all.java,,save_all.java,1,2,575,682
910,play_temp_macro.java,,play_temp_macro.java,1,1,390,390
911,record_macro.java,,record_macro.java,1,8,390,702
912,record_temp_macro.java,,record_temp_macro.java,1,8,390,702
914,GUIUtilities.java,,GUIUtilities.java,1,1,391,391
915,GUIUtilities.java,,GUIUtilities.java,1,4,391,688
916,GUIUtilities.java,,GUIUtilities.java,1,4,391,688
918,MenuModel.java,,MenuModel.java,1,2,433,559
922,PluginOptions.java,,PluginOptions.java,1,1,392,392
923,EnhancedDialog.java,,EnhancedDialog.java,1,2,1435,2178
924,EnhancedDialog.java,,EnhancedDialog.java,1,2,1435,2178
926,TokenMarker.java,,TokenMarker.java,1,1,403,403
927,goto_register.java,,goto_register.java,1,1,409,409
928,EditAction.java,,EditAction.java,1,2,401,402
929,Mode.java,,Mode.java,1,11,415,3237
930,PHPTokenMarker.java,,PHPTokenMarker.java,1,2,414,488
931,PHPTokenMarker.java,,PHPTokenMarker.java,1,2,414,488
932,PHPTokenMarker.java,,PHPTokenMarker.java,1,2,414,488
933,PHPTokenMarker.java,,PHPTokenMarker.java,1,2,414,488
934,PHPTokenMarker.java,,PHPTokenMarker.java,1,1,488,488
935,PHPTokenMarker.java,,PHPTokenMarker.java,1,1,488,488
936,PHPTokenMarker.java,,PHPTokenMarker.java,1,1,488,488
937,PHPTokenMarker.java,,PHPTokenMarker.java,1,2,414,488
938,PHPTokenMarker.java,,PHPTokenMarker.java,1,2,414,488
939,PHPTokenMarker.java,,PHPTokenMarker.java,1,2,414,488
940,PHPTokenMarker.java,,PHPTokenMarker.java,1,2,414,488
941,PHPTokenMarker.java,,PHPTokenMarker.java,1,2,414,488
942,PHPTokenMarker.java,,PHPTokenMarker.java,1,2,414,488
943,PHPTokenMarker.java,,PHPTokenMarker.java,1,1,414,414
944,PHPTokenMarker.java,,PHPTokenMarker.java,1,1,488,488
945,PHPTokenMarker.java,,PHPTokenMarker.java,1,2,414,488
946,HTMLTokenMarker.java,,HTMLTokenMarker.java,1,2,449,488
947,PHPTokenMarker.java,,PHPTokenMarker.java,1,2,414,488
948,PHPTokenMarker.java,,PHPTokenMarker.java,1,1,488,488
949,PHPTokenMarker.java,,PHPTokenMarker.java,1,1,488,488
950,PHPTokenMarker.java,,PHPTokenMarker.java,1,1,488,488
951,PHPTokenMarker.java,,PHPTokenMarker.java,1,1,488,488
953,complete_word.java,,complete_word.java,1,1,487,487
959,ShortcutsOptionPane.java,,ShortcutsOptionPane.java,1,5,475,3347
963,ShortcutsOptionPane.java,,ShortcutsOptionPane.java,1,3,475,864
964,ShortcutsOptionPane.java,,ShortcutsOptionPane.java,1,2,475,755
965,SearchAndReplace.java,,SearchAndReplace.java,1,6,417,1553
966,SearchAndReplace.java,,SearchAndReplace.java,1,1,417,417
967,SearchAndReplace.java,,SearchAndReplace.java,1,1,417,417
968,SearchAndReplace.java,,SearchAndReplace.java,1,1,417,417
969,View.java,,View.java,1,8,417,489
971,AbbrevsOptionPane.java,,AbbrevsOptionPane.java,1,1,420,420
972,AbbrevsOptionPane.java,,AbbrevsOptionPane.java,1,6,420,1828
973,AbbrevsOptionPane.java,,AbbrevsOptionPane.java,1,6,420,1828
974,AbbrevsOptionPane.java,,AbbrevsOptionPane.java,1,11,420,3537
975,AbbrevsOptionPane.java,,AbbrevsOptionPane.java,1,11,420,3537
976,Abbrevs.java,,Abbrevs.java,1,7,641,1065
977,Abbrevs.java,,Abbrevs.java,1,2,420,548
980,InputHandler.java,,InputHandler.java,1,3,422,487
981,SearchDialog.java,,SearchDialog.java,1,7,422,723
984,insert_char.java,,insert_char.java,1,1,705,705
985,OptionsDialog.java,,OptionsDialog.java,1,3,426,2837
986,EnhancedMenuItem.java,,EnhancedMenuItem.java,1,1,433,433
987,JEditTextArea.java,,JEditTextArea.java,1,108,433,2735
988,JEditTextArea.java,,JEditTextArea.java,1,131,433,2735
989,PostScriptTokenMarker.java,,PostScriptTokenMarker.java,1,2,449,488
990,PostScriptTokenMarker.java,,PostScriptTokenMarker.java,1,2,449,488
991,PostScriptTokenMarker.java,,PostScriptTokenMarker.java,1,2,449,488
992,PostScriptTokenMarker.java,,PostScriptTokenMarker.java,1,2,449,488
994,PostScriptTokenMarker.java,,PostScriptTokenMarker.java,1,2,449,488
995,PostScriptTokenMarker.java,,PostScriptTokenMarker.java,1,2,449,488
996,next_buffer.java,,next_buffer.java,1,1,438,438
997,prev_buffer.java,,prev_buffer.java,1,1,438,438
998,GUIUtilities.java,,GUIUtilities.java,1,18,535,848
999,Log.java,,Log.java,1,1,438,438
1000,View.java,,View.java,1,99,438,3999
1001,View.java,,View.java,1,91,445,3999
1003,View.java,,View.java,1,1,446,446
1006,Abbrevs.java,,Abbrevs.java,1,8,641,1370
1007,EditBus.java,,EditBus.java,1,2,728,920
1011,Gutter.java,,Gutter.java,1,5,491,712
1014,Gutter.java,,Gutter.java,1,3,530,688
1015,Gutter.java,,Gutter.java,1,22,463,2166
1016,Gutter.java,,Gutter.java,1,30,491,2808
1017,OptionsDialog.java,,OptionsDialog.java,1,11,466,2837
1018,OptionsDialog.java,,OptionsDialog.java,1,15,565,2837
1019,OptionsDialog.java,,OptionsDialog.java,1,10,565,2837
1020,OptionsDialog.java,,OptionsDialog.java,1,5,736,1739
1021,OptionsDialog.java,,OptionsDialog.java,1,1,1055,1055
1022,OptionsDialog.java,,OptionsDialog.java,1,1,1055,1055
1023,OptionsDialog.java,,OptionsDialog.java,1,2,1055,1416
1027,UpdatePluginsDialog.java,,UpdatePluginsDialog.java,1,1,616,616
1028,UpdatePluginsDialog.java,,UpdatePluginsDialog.java,1,1,616,616
1029,InstallPluginsDialog.java,,InstallPluginsDialog.java,1,1,616,616
1030,InstallPluginsDialog.java,,InstallPluginsDialog.java,1,1,741,741
1031,UpdatePluginsDialog.java,,UpdatePluginsDialog.java,1,1,741,741
1033,UpdatePluginsDialog.java,,UpdatePluginsDialog.java,1,1,482,482
1034,PluginDownloadProgress.java,,PluginDownloadProgress.java,1,1,616,616
1035,PluginDownloadProgress.java,,PluginDownloadProgress.java,1,1,616,616
1037,PluginDownloadProgress.java,,PluginDownloadProgress.java,1,1,616,616
1038,PluginDownloadProgress.java,,PluginDownloadProgress.java,1,1,616,616
1039,PluginDownloadProgress.java,,PluginDownloadProgress.java,1,1,616,616
1041,PluginDownloadProgress.java,,PluginDownloadProgress.java,1,1,616,616
1043,GUIUtilities.java,,GUIUtilities.java,1,12,558,666
1044,PluginManagerPlugin.java,,PluginManagerPlugin.java,1,5,482,648
1045,PluginManagerPlugin.java,,PluginManagerPlugin.java,1,3,485,648
1046,View.java,,View.java,1,16,486,815
1047,PluginManagerPlugin.java,,PluginManagerPlugin.java,1,1,485,485
1048,PluginManagerPlugin.java,,PluginManagerPlugin.java,1,2,482,485
1052,JEditTextArea.java,,JEditTextArea.java,1,22,475,752
1053,Abbrevs.java,,Abbrevs.java,1,1,641,641
1054,GUIUtilities.java,,GUIUtilities.java,1,16,556,1046
1055,JEditTextArea.java,,JEditTextArea.java,1,95,488,2379
1056,SendDialog.java,,SendDialog.java,1,1,614,614
1057,MiscUtilities.java,,MiscUtilities.java,1,44,476,2978
1059,EnhancedCheckBoxMenuItem.java,,EnhancedCheckBoxMenuItem.java,1,6,480,1722
1060,EnhancedMenuItem.java,,EnhancedMenuItem.java,1,1,480,480
1063,LogViewer.java,,LogViewer.java,1,1,1628,1628
1064,LogViewer.java,,LogViewer.java,1,7,1608,3837
1065,PluginDownloadThread.java,,PluginDownloadThread.java,1,2,482,741
1067,next_split.java,,next_split.java,1,1,585,585
1068,prev_split.java,,prev_split.java,1,1,585,585
1069,complete_word.java,,complete_word.java,1,1,487,487
1070,CompleteWord.java,,CompleteWord.java,1,1,613,613
1072,SyntaxDocument.java,,SyntaxDocument.java,1,2,555,636
1073,TokenMarker.java,,TokenMarker.java,1,18,488,3482
1074,TokenMarker.java,,TokenMarker.java,1,14,488,736
1075,PluginList.java,,PluginList.java,1,2,531,597
1076,Gutter.java,,Gutter.java,1,3,491,530
1077,Gutter.java,,Gutter.java,1,19,492,2166
1078,Gutter.java,,Gutter.java,1,26,491,2808
1079,ParserRule.java,,ParserRule.java,1,2,529,538
1080,ParserRuleSet.java,,ParserRuleSet.java,1,3,506,1725
1082,Registers.java,,Registers.java,1,6,604,776
1083,XModeHandler.java,,XModeHandler.java,1,4,506,532
1084,ParserRuleFactory.java,,ParserRuleFactory.java,1,2,506,538
1085,ParserRuleFactory.java,,ParserRuleFactory.java,1,2,506,538
1086,ParserRuleFactory.java,,ParserRuleFactory.java,1,2,506,538
1087,ParserRuleFactory.java,,ParserRuleFactory.java,1,3,506,1258
1088,ParserRuleFactory.java,,ParserRuleFactory.java,1,3,506,1258
1089,ParserRuleFactory.java,,ParserRuleFactory.java,1,2,506,538
1090,ParserRuleFactory.java,,ParserRuleFactory.java,1,3,506,1258
1091,ParserRuleFactory.java,,ParserRuleFactory.java,1,2,506,538
1092,XModeHandler.java,,XModeHandler.java,1,1,506,506
1093,XModeHandler.java,,XModeHandler.java,1,2,497,506
1094,XModeHandler.java,,XModeHandler.java,1,5,510,539
1095,XModeHandler.java,,XModeHandler.java,1,11,510,1395
1096,XModeHandler.java,,XModeHandler.java,1,5,510,539
1097,XModeHandler.java,,XModeHandler.java,1,5,510,539
1098,XModeHandler.java,,XModeHandler.java,1,2,497,500
1099,XModeHandler.java,,XModeHandler.java,1,6,497,3852
1100,XModeHandler.java,,XModeHandler.java,1,4,497,539
1101,SyntaxDocument.java,,SyntaxDocument.java,1,2,514,553
1102,SyntaxDocument.java,,SyntaxDocument.java,1,4,514,636
1106,SearchBar.java,,SearchBar.java,1,1,589,589
1107,JARClassLoader.java,,JARClassLoader.java,1,8,522,2664
1108,SearchAndReplace.java,,SearchAndReplace.java,1,5,523,1828
1109,SearchAndReplace.java,,SearchAndReplace.java,1,6,523,1828
1110,SearchAndReplace.java,,SearchAndReplace.java,1,6,703,1828
1111,JARClassLoader.java,,JARClassLoader.java,1,1,525,525
1112,JARClassLoader.java,,JARClassLoader.java,1,20,525,1722
1113,JARClassLoader.java,,JARClassLoader.java,1,1,525,525
1114,JARClassLoader.java,,JARClassLoader.java,1,4,525,719
1115,XModeHandler.java,,XModeHandler.java,1,2,527,539
1116,BufferOptions.java,,BufferOptions.java,1,5,529,2072
1126,REMatchEnumeration.java,,REMatchEnumeration.java,1,2,773,943
1160,GUIUtilities.java,,GUIUtilities.java,1,38,535,3895
1161,MiscUtilities.java,,MiscUtilities.java,1,49,569,2978
1162,ParserRuleSet.java,,ParserRuleSet.java,1,1,538,538
1166,delete.java,,delete.java,1,1,644,644
1172,next_word.java,,next_word.java,1,1,644,644
1175,next_word.java,,next_word.java,1,1,644,644
1176,prev_word.java,,prev_word.java,1,1,644,644
1177,Mode.java,,Mode.java,1,3,549,593
1178,Mode.java,,Mode.java,1,3,549,593
1179,FirewallOptionPane.java,,FirewallOptionPane.java,1,1,648,648
1181,ContextOptionPane.java,,ContextOptionPane.java,1,2,635,919
1182,IORequest.java,,IORequest.java,1,1,666,666
1183,FileVFS.java,,FileVFS.java,1,2,573,649
1184,jEdit.java,,jEdit.java,1,1,569,569
1185,IORequest.java,,IORequest.java,1,8,570,655
1186,IORequest.java,,IORequest.java,1,7,574,646
1187,PluginManager.java,,PluginManager.java,1,1,616,616
1188,VFSManager.java,,VFSManager.java,1,3,644,1000
1191,FileVFS.java,,FileVFS.java,1,15,570,1636
1192,FileVFS.java,,FileVFS.java,1,8,573,696
1193,FileVFS.java,,FileVFS.java,1,6,573,696
1194,IORequest.java,,IORequest.java,1,2,570,571
1195,IORequest.java,,IORequest.java,1,1,570,570
1196,IORequest.java,,IORequest.java,1,3,642,644
1197,UrlVFS.java,,UrlVFS.java,1,7,649,1106
1198,UrlVFS.java,,UrlVFS.java,1,4,649,1106
1199,WorkThread.java,,WorkThread.java,1,4,625,3425
1200,Macros.java,,Macros.java,1,29,582,2219
1203,IORequest.java,,IORequest.java,1,5,570,605
1204,IORequest.java,,IORequest.java,1,2,576,605
1205,JEditTextArea.java,,JEditTextArea.java,1,13,574,727
1206,JEditTextArea.java,,JEditTextArea.java,1,56,574,2285
1207,WorkThread.java,,WorkThread.java,1,2,571,576
1208,IORequest.java,,IORequest.java,1,1,576,576
1209,IORequest.java,,IORequest.java,1,1,571,571
1210,WorkThread.java,,WorkThread.java,1,3,573,621
1211,WorkThread.java,,WorkThread.java,1,3,571,618
1212,WorkThread.java,,WorkThread.java,1,3,571,576
1213,FtpAddress.java,,FtpAddress.java,1,1,666,666
1214,LoginDialog.java,,LoginDialog.java,1,1,654,654
1215,FtpVFS.java,,FtpVFS.java,1,9,576,675
1216,FtpVFS.java,,FtpVFS.java,1,10,576,679
1217,FtpVFS.java,,FtpVFS.java,1,7,574,666
1218,FtpVFS.java,,FtpVFS.java,1,10,647,671
1219,FtpVFS.java,,FtpVFS.java,1,12,574,666
1220,FtpVFS.java,,FtpVFS.java,1,5,574,651
1221,FtpVFS.java,,FtpVFS.java,1,5,574,652
1222,FtpVFS.java,,FtpVFS.java,1,5,574,651
1223,redo.java,,redo.java,1,1,573,573
1224,undo.java,,undo.java,1,1,573,573
1226,LoginDialog.java,,LoginDialog.java,1,6,574,654
1228,AbstractOptionPane.java,,AbstractOptionPane.java,1,2,1076,1549
1229,View.java,,View.java,1,1,574,574
1230,copy.java,,copy.java,1,1,574,574
1231,cut.java,,cut.java,1,1,574,574
1232,DefaultInputHandler.java,,DefaultInputHandler.java,1,1,577,577
1233,InputHandler.java,,InputHandler.java,1,1,585,585
1234,InputHandler.java,,InputHandler.java,1,1,585,585
1235,FtpVFS.java,,FtpVFS.java,1,2,574,576
1236,FtpVFS.java,,FtpVFS.java,1,4,574,678
1237,View.java,,View.java,1,1,574,574
1238,EditServer.java,,EditServer.java,1,9,575,795
1239,FtpBrowser.java,,FtpBrowser.java,1,3,577,646
1240,FtpBrowser.java,,FtpBrowser.java,1,2,577,614
1241,WorkThread.java,,WorkThread.java,1,3,576,642
1242,FtpBrowser.java,,FtpBrowser.java,1,5,577,646
1243,FtpVFS.java,,FtpVFS.java,1,1,576,576
1244,WorkThread.java,,WorkThread.java,1,1,576,576
1245,DefaultInputHandler.java,,DefaultInputHandler.java,1,1,577,577
1246,DefaultInputHandler.java,,DefaultInputHandler.java,1,20,577,3512
1248,DefaultInputHandler.java,,DefaultInputHandler.java,1,2,577,680
1249,FtpBrowser.java,,FtpBrowser.java,1,2,612,614
1250,FtpBrowser.java,,FtpBrowser.java,1,3,577,646
1251,FtpBrowser.java,,FtpBrowser.java,1,1,614,614
1252,JEditTextArea.java,,JEditTextArea.java,1,19,577,931
1253,WorkThread.java,,WorkThread.java,1,3,578,625
1254,WorkThread.java,,WorkThread.java,1,1,578,578
1256,FtpClient.java,,FtpClient.java,1,1,677,677
1260,FtpClient.java,,FtpClient.java,1,1,677,677
1263,FtpClient.java,,FtpClient.java,1,1,677,677
1264,FtpClient.java,,FtpClient.java,1,1,677,677
1267,FtpClient.java,,FtpClient.java,1,1,677,677
1268,FtpClient.java,,FtpClient.java,1,1,677,677
1272,BufferTabs.java,,BufferTabs.java,1,1,585,585
1273,EditPane.java,,EditPane.java,1,7,592,927
1274,EditPane.java,,EditPane.java,1,3,592,646
1275,EditPane.java,,EditPane.java,1,5,594,731
1277,FindAccessory.java,,FindAccessory.java,1,1,646,646
1278,FindAccessory.java,,FindAccessory.java,1,1,646,646
1279,FindAccessory.java,,FindAccessory.java,1,1,592,592
1282,FindAccessory.java,,FindAccessory.java,1,1,646,646
1283,FindAccessory.java,,FindAccessory.java,1,2,598,646
1284,FindAccessory.java,,FindAccessory.java,1,2,598,646
1285,FindAccessory.java,,FindAccessory.java,1,1,646,646
1286,FindAccessory.java,,FindAccessory.java,1,1,646,646
1287,FindAccessory.java,,FindAccessory.java,1,1,646,646
1289,TextAreaPainter.java,,TextAreaPainter.java,1,11,625,1061
1290,BufferTabs.java,,BufferTabs.java,1,3,590,636
1291,EditPaneUpdate.java,,EditPaneUpdate.java,1,3,2378,2570
1292,Buffer.java,,Buffer.java,1,88,593,3694
1293,Mode.java,,Mode.java,1,4,593,3237
1294,BufferOptions.java,,BufferOptions.java,1,7,640,1394
1295,EditorOptionPane.java,,EditorOptionPane.java,1,1,655,655
1297,EditPlugin.java,,EditPlugin.java,1,8,679,1722
1298,HyperSearch.java,,HyperSearch.java,1,2,594,603
1299,WorkThread.java,,WorkThread.java,1,2,1231,1618
1300,EditPlugin.java,,EditPlugin.java,1,6,679,1419
1301,BufferListSet.java,,BufferListSet.java,1,1,594,594
1302,BufferListSet.java,,BufferListSet.java,1,1,594,594
1303,ToolBarOptionPane.java,,ToolBarOptionPane.java,1,6,595,1416
1304,MenuItemModel.java,,MenuItemModel.java,1,1,594,594
1307,ToolBarOptionPane.java,,ToolBarOptionPane.java,1,2,595,681
1310,ToolBarOptionPane.java,,ToolBarOptionPane.java,1,5,595,3722
1313,ContextOptionPane.java,,ContextOptionPane.java,1,2,595,919
1314,ToolBarOptionPane.java,,ToolBarOptionPane.java,1,2,920,1416
1321,GUIUtilities.java,,GUIUtilities.java,1,2,595,598
1322,ToolBarOptionPane.java,,ToolBarOptionPane.java,1,7,598,3722
1323,ToolBarOptionPane.java,,ToolBarOptionPane.java,1,1,595,595
1324,ToolBarOptionPane.java,,ToolBarOptionPane.java,1,4,681,3722
1325,ToolBarOptionPane.java,,ToolBarOptionPane.java,1,4,595,3722
1326,PluginManager.java,,PluginManager.java,1,2,597,616
1327,PluginManager.java,,PluginManager.java,1,3,597,701
1328,REMatchEnumeration.java,,REMatchEnumeration.java,1,1,773,773
1329,ToolBarOptionPane.java,,ToolBarOptionPane.java,1,8,598,3722
1337,next_marker.java,,next_marker.java,1,1,607,607
1338,prev_marker.java,,prev_marker.java,1,1,607,607
1339,SelectLineRange.java,,SelectLineRange.java,1,2,613,614
1340,LoginDialog.java,,LoginDialog.java,1,1,614,614
1341,SelectLineRange.java,,SelectLineRange.java,1,3,613,948
1342,InstallPluginsDialog.java,,InstallPluginsDialog.java,1,3,616,778
1343,UpdatePluginsDialog.java,,UpdatePluginsDialog.java,1,2,616,741
1344,end.java,,end.java,1,2,618,622
1345,home.java,,home.java,1,3,618,623
1347,WorkThread.java,,WorkThread.java,1,2,618,625
1350,Autosave.java,,Autosave.java,1,1,619,619
1351,Registers.java,,Registers.java,1,2,619,776
1352,Registers.java,,Registers.java,1,5,619,2825
1355,WorkThread.java,,WorkThread.java,1,1,642,642
1356,WorkThread.java,,WorkThread.java,1,2,625,642
1358,Wizard.java,,Wizard.java,1,1,689,689
1359,HelpViewer.java,,HelpViewer.java,1,2,631,713
1360,View.java,,View.java,1,1,631,631
1362,play_macro.java,,play_macro.java,1,1,635,635
1364,MenuItemModel.java,,MenuItemModel.java,1,1,740,740
1365,ToolBarOptionPane.java,,ToolBarOptionPane.java,1,6,635,3722
1367,TextUtilities.java,,TextUtilities.java,1,1,638,638
1368,Wizard.java,,Wizard.java,1,1,639,639
1369,AbbrevsOptionPane.java,,AbbrevsOptionPane.java,1,2,757,1828
1370,MacroShortcutsOptionPane.java,,MacroShortcutsOptionPane.java,1,2,641,757
1371,IORequest.java,,IORequest.java,1,1,643,643
1372,IORequest.java,,IORequest.java,1,1,642,642
1373,IORequest.java,,IORequest.java,1,2,643,644
1374,IORequest.java,,IORequest.java,1,2,644,645
1375,IORequest.java,,IORequest.java,1,3,643,645
1376,IORequest.java,,IORequest.java,1,1,643,643
1377,IORequest.java,,IORequest.java,1,3,643,645
1378,WorkThreadPool.java,,WorkThreadPool.java,1,2,698,1020
1383,WorkThreadPool.java,,WorkThreadPool.java,1,1,698,698
1384,WorkThreadPool.java,,WorkThreadPool.java,1,3,644,1020
1385,WorkThreadPool.java,,WorkThreadPool.java,1,4,698,1220
1386,Autosave.java,,Autosave.java,1,1,644,644
1387,Buffer.java,,Buffer.java,1,27,644,926
1388,StatusBar.java,,StatusBar.java,1,2,644,790
1389,StatusBar.java,,StatusBar.java,1,6,680,2923
1390,StatusBar.java,,StatusBar.java,1,2,644,680
1391,StatusBar.java,,StatusBar.java,1,2,647,680
1393,WorkThreadPool.java,,WorkThreadPool.java,1,3,644,698
1394,IORequest.java,,IORequest.java,1,1,645,645
1396,CurrentDirectoryMenu.java,,CurrentDirectoryMenu.java,1,7,646,1023
1397,FtpBrowser.java,,FtpBrowser.java,1,1,646,646
1399,WorkThreadPool.java,,WorkThreadPool.java,1,2,698,1020
1402,EditBuddyPlugin.java,,EditBuddyPlugin.java,1,1,689,689
1403,EditBuddyPlugin.java,,EditBuddyPlugin.java,1,1,689,689
1409,Wizard.java,,Wizard.java,1,1,689,689
1410,Wizard.java,,Wizard.java,1,1,735,735
1411,Wizard.java,,Wizard.java,1,1,689,689
1417,BrowserIORequest.java,,BrowserIORequest.java,1,4,655,2109
1418,VFS.java,,VFS.java,1,17,649,1553
1419,VFSBrowser.java,,VFSBrowser.java,1,1,1364,1364
1420,IORequest.java,,IORequest.java,1,1,649,649
1421,VFS.java,,VFS.java,1,6,651,678
1422,VFS.java,,VFS.java,1,13,649,3898
1423,Buffer.java,,Buffer.java,1,1,651,651
1424,FileCellRenderer.java,,FileCellRenderer.java,1,6,657,1055
1425,VFSFileChooserDialog.java,,VFSFileChooserDialog.java,1,12,652,3257
1427,HelpfulJList.java,,HelpfulJList.java,1,3,652,690
1428,VFSBrowser.java,,VFSBrowser.java,1,47,653,3787
1429,VFSBrowser.java,,VFSBrowser.java,1,58,653,3787
1430,HelpfulJList.java,,HelpfulJList.java,1,1,652,652
1431,VFSBrowser.java,,VFSBrowser.java,1,9,654,681
1433,VFSFileChooserDialog.java,,VFSFileChooserDialog.java,1,7,653,3257
1434,InstallThread.java,,InstallThread.java,1,1,1521,1521
1436,Log.java,,Log.java,1,11,679,3164
1437,FavoritesVFS.java,,FavoritesVFS.java,1,1,655,655
1438,BrowserIORequest.java,,BrowserIORequest.java,1,5,655,1912
1440,BrowserIORequest.java,,BrowserIORequest.java,1,6,657,1393
1441,BrowserIORequest.java,,BrowserIORequest.java,1,4,814,1393
1442,BrowserIORequest.java,,BrowserIORequest.java,1,1,657,657
1443,VFSBrowser.java,,VFSBrowser.java,1,9,655,2109
1444,Macros.java,,Macros.java,1,1,660,660
1445,VFSBrowser.java,,VFSBrowser.java,1,2,655,675
1446,VFSBrowser.java,,VFSBrowser.java,1,1,655,655
1447,GeneralOptionPane.java,,GeneralOptionPane.java,1,2,655,658
1450,BrowserIORequest.java,,BrowserIORequest.java,1,2,657,995
1451,IORequest.java,,IORequest.java,1,2,657,666
1452,BrowserIORequest.java,,BrowserIORequest.java,1,6,657,1393
1453,BrowserListView.java,,BrowserListView.java,1,2,679,688
1454,BrowserTreeView.java,,BrowserTreeView.java,1,2,671,679
1456,FileCellRenderer.java,,FileCellRenderer.java,1,3,657,702
1457,FileCellRenderer.java,,FileCellRenderer.java,1,8,657,1055
1458,HelpfulJList.java,,HelpfulJList.java,1,2,665,666
1459,HelpfulJTree.java,,HelpfulJTree.java,1,2,665,666
1462,HelpfulJTree.java,,HelpfulJTree.java,1,2,688,690
1463,FontSelector.java,,FontSelector.java,1,4,659,1989
1464,MenuModel.java,,MenuModel.java,1,1,658,658
1466,BrowserTreeView.java,,BrowserTreeView.java,1,2,659,663
1467,DockableWindowManager.java,,DockableWindowManager.java,1,24,667,3989
1469,DockableWindowContainer.java,,DockableWindowContainer.java,1,10,684,908
1470,DockableWindowContainer.java,,DockableWindowContainer.java,1,10,684,908
1471,DockableWindowContainer.java,,DockableWindowContainer.java,1,6,684,705
1472,DockableWindowContainer.java,,DockableWindowContainer.java,1,1,667,667
1473,DockableWindowManager.java,,DockableWindowManager.java,1,10,920,1746
1475,DockableWindowManager.java,,DockableWindowManager.java,1,39,668,3996
1477,FtpVFS.java,,FtpVFS.java,1,2,665,666
1478,DockingOptionPane.java,,DockingOptionPane.java,1,17,905,3999
1479,DockingOptionPane.java,,DockingOptionPane.java,1,11,922,3998
1480,DockingOptionPane.java,,DockingOptionPane.java,1,3,922,1378
1481,JEditTextArea.java,,JEditTextArea.java,1,162,690,2800
1483,FileVFS.java,,FileVFS.java,1,3,671,678
1484,FileVFS.java,,FileVFS.java,1,18,671,1389
1485,FileVFS.java,,FileVFS.java,1,9,673,787
1486,FileVFS.java,,FileVFS.java,1,18,671,1389
1487,BrowserTreeView.java,,BrowserTreeView.java,1,1,679,679
1488,VFSBrowser.java,,VFSBrowser.java,1,30,671,3787
1489,VFSManager.java,,VFSManager.java,1,3,675,1719
1490,FavoritesVFS.java,,FavoritesVFS.java,1,3,675,999
1491,FavoritesVFS.java,,FavoritesVFS.java,1,3,671,2236
1496,WorkThreadPool.java,,WorkThreadPool.java,1,3,672,1020
1497,VFSFileChooserDialog.java,,VFSFileChooserDialog.java,1,9,672,1880
1498,BufferIORequest.java,,BufferIORequest.java,1,9,678,3164
1499,BufferIORequest.java,,BufferIORequest.java,1,19,703,2012
1500,BufferIORequest.java,,BufferIORequest.java,1,10,905,2194
1501,BufferIORequest.java,,BufferIORequest.java,1,11,779,1988
1502,BufferIORequest.java,,BufferIORequest.java,1,1,703,703
1503,BufferIORequest.java,,BufferIORequest.java,1,12,787,1969
1504,BufferIORequest.java,,BufferIORequest.java,1,3,703,779
1505,BufferIORequest.java,,BufferIORequest.java,1,2,779,787
1506,BufferIORequest.java,,BufferIORequest.java,1,1,995,995
1507,BufferIORequest.java,,BufferIORequest.java,1,1,995,995
1508,BufferIORequest.java,,BufferIORequest.java,1,6,814,1988
1509,BufferIORequest.java,,BufferIORequest.java,1,6,703,2109
1510,VFSBrowser.java,,VFSBrowser.java,1,39,675,3787
1511,VFSBrowser.java,,VFSBrowser.java,1,5,675,765
1512,VFSBrowser.java,,VFSBrowser.java,1,1,675,675
1514,FtpClient.java,,FtpClient.java,1,1,677,677
1515,FtpClient.java,,FtpClient.java,1,1,677,677
1516,FtpClient.java,,FtpClient.java,1,1,677,677
1517,FtpClient.java,,FtpClient.java,1,1,677,677
1518,FtpClient.java,,FtpClient.java,1,1,677,677
1519,FtpClient.java,,FtpClient.java,1,1,677,677
1520,FtpClient.java,,FtpClient.java,1,1,677,677
1521,FtpClient.java,,FtpClient.java,1,1,677,677
1522,FtpClient.java,,FtpClient.java,1,1,677,677
1523,FtpClient.java,,FtpClient.java,1,1,677,677
1524,FtpClient.java,,FtpClient.java,1,1,677,677
1525,FtpClient.java,,FtpClient.java,1,1,677,677
1526,VFSBrowser.java,,VFSBrowser.java,1,10,678,995
1527,VFSBrowser.java,,VFSBrowser.java,1,41,678,3636
1528,VFSBrowser.java,,VFSBrowser.java,1,9,678,922
1529,VFSBrowser.java,,VFSBrowser.java,1,42,681,3781
1530,View.java,,View.java,1,1,680,680
1531,Log.java,,Log.java,1,6,679,3164
1532,next_page.java,,next_page.java,1,1,679,679
1533,prev_page.java,,prev_page.java,1,1,679,679
1534,BrowserListView.java,,BrowserListView.java,1,1,679,679
1535,CommandLine.java,,CommandLine.java,1,3,681,702
1536,CommandLine.java,,CommandLine.java,1,3,681,702
1538,CommandLine.java,,CommandLine.java,1,2,681,688
1543,EditAction.java,,EditAction.java,1,1,680,680
1544,EditAction.java,,EditAction.java,1,1,680,680
1545,EditAction.java,,EditAction.java,1,1,680,680
1546,CommandLine.java,,CommandLine.java,1,1,681,681
1547,CommandLine.java,,CommandLine.java,1,1,681,681
1548,CommandLine.java,,CommandLine.java,1,4,681,702
1549,CommandLine.java,,CommandLine.java,1,4,681,702
1550,CommandLine.java,,CommandLine.java,1,3,681,702
1552,CommandLine.java,,CommandLine.java,1,1,681,681
1553,CommandLine.java,,CommandLine.java,1,2,681,702
1554,CommandLine.java,,CommandLine.java,1,4,681,702
1555,CommandLine.java,,CommandLine.java,1,3,681,702
1556,CommandLine.java,,CommandLine.java,1,4,681,702
1557,LatestVersionPlugin.java,,LatestVersionPlugin.java,1,3,721,886
1559,CommandLine.java,,CommandLine.java,1,2,684,685
1560,CommandLine.java,,CommandLine.java,1,2,701,702
1561,CommandLine.java,,CommandLine.java,1,4,684,702
1562,CommandLine.java,,CommandLine.java,1,3,684,702
1563,CommandLine.java,,CommandLine.java,1,3,684,702
1566,KeyEventWorkaround.java,,KeyEventWorkaround.java,1,1,1151,1151
1567,CommandLine.java,,CommandLine.java,1,1,685,685
1568,CommandLine.java,,CommandLine.java,1,1,685,685
1569,BrowserListView.java,,BrowserListView.java,1,1,688,688
1570,BrowserPopupMenu.java,,BrowserPopupMenu.java,1,3,702,759
1571,RE.java,,RE.java,1,1,695,695
1572,Install.java,,Install.java,1,5,955,2142
1573,RE.java,,RE.java,1,1,695,695
1574,RE.java,,RE.java,1,1,695,695
1575,Gutter.java,,Gutter.java,1,4,697,712
1576,Gutter.java,,Gutter.java,1,3,697,706
1577,Gutter.java,,Gutter.java,1,1,697,697
1578,VFS.java,,VFS.java,1,8,709,2289
1579,VFS.java,,VFS.java,1,1,709,709
1580,CommandLine.java,,CommandLine.java,1,1,702,702
1581,CommandLine.java,,CommandLine.java,1,1,702,702
1582,BrowserOptionPane.java,,BrowserOptionPane.java,1,1,702,702
1585,BrowserView.java,,BrowserView.java,1,19,704,3373
1586,BrowserView.java,,BrowserView.java,1,13,704,1393
1587,BrowserView.java,,BrowserView.java,1,10,704,3373
1588,BufferIORequest.java,,BufferIORequest.java,1,16,703,2012
1589,BufferIORequest.java,,BufferIORequest.java,1,3,703,780
1590,FileVFS.java,,FileVFS.java,1,1,703,703
1600,hypersearch_selection.java,,hypersearch_selection.java,1,1,703,703
1603,BrowserIORequest.java,,BrowserIORequest.java,1,5,772,1393
1604,BufferIORequest.java,,BufferIORequest.java,1,10,779,1989
1605,BrowserIORequest.java,,BrowserIORequest.java,1,4,814,1493
1606,BrowserIORequest.java,,BrowserIORequest.java,1,4,814,1393
1609,HyperSearch.java,,HyperSearch.java,1,1,703,703
1610,SearchDialog.java,,SearchDialog.java,1,1,703,703
1611,SearchDialog.java,,SearchDialog.java,1,7,703,923
1612,SearchDialog.java,,SearchDialog.java,1,6,703,922
1613,BufferIORequest.java,,BufferIORequest.java,1,6,703,780
1614,BufferIORequest.java,,BufferIORequest.java,1,3,703,773
1615,VFS.java,,VFS.java,1,4,704,1000
1616,format_paragraph.java,,format_paragraph.java,1,1,706,706
1621,View.java,,View.java,1,1,715,715
1622,ColorOptionPane.java,,ColorOptionPane.java,1,2,900,927
1624,format_paragraph.java,,format_paragraph.java,1,1,706,706
1625,format_paragraph.java,,format_paragraph.java,1,1,706,706
1626,format_paragraph.java,,format_paragraph.java,1,1,706,706
1627,EditPane.java,,EditPane.java,1,6,801,2025
1628,EditPane.java,,EditPane.java,1,41,713,3951
1629,EditingOptionPane.java,,EditingOptionPane.java,1,1,927,927
1630,JEditTextArea.java,,JEditTextArea.java,1,3,706,713
1631,ColorOptionPane.java,,ColorOptionPane.java,1,1,927,927
1632,ColorOptionPane.java,,ColorOptionPane.java,1,1,927,927
1633,ColorOptionPane.java,,ColorOptionPane.java,1,1,927,927
1634,ColorOptionPane.java,,ColorOptionPane.java,1,1,927,927
1635,ColorOptionPane.java,,ColorOptionPane.java,1,6,749,1361
1636,ColorOptionPane.java,,ColorOptionPane.java,1,1,927,927
1637,ColorOptionPane.java,,ColorOptionPane.java,1,1,927,927
1638,GeneralOptionPane.java,,GeneralOptionPane.java,1,2,706,713
1639,PrintOptionPane.java,,PrintOptionPane.java,1,2,754,900
1640,TextAreaOptionPane.java,,TextAreaOptionPane.java,1,3,706,1031
1641,GutterOptionPane.java,,GutterOptionPane.java,1,3,747,1344
1642,LoadSaveOptionPane.java,,LoadSaveOptionPane.java,1,2,770,1017
1643,ModeOptionPane.java,,ModeOptionPane.java,1,1,1020,1020
1644,WorkThreadPool.java,,WorkThreadPool.java,1,1,1020,1020
1645,Gutter.java,,Gutter.java,1,1,747,747
1646,Gutter.java,,Gutter.java,1,1,747,747
1647,EditPane.java,,EditPane.java,1,3,709,1640
1648,JEditTextArea.java,,JEditTextArea.java,1,1,709,709
1649,JEditTextArea.java,,JEditTextArea.java,1,11,709,754
1651,JEditTextArea.java,,JEditTextArea.java,1,1,712,712
1652,ActionListHandler.java,,ActionListHandler.java,1,3,1113,2495
1653,XModeHandler.java,,XModeHandler.java,1,4,743,1454
1654,ActionListHandler.java,,ActionListHandler.java,1,2,1115,2495
1655,XModeHandler.java,,XModeHandler.java,1,8,743,3330
1656,ActionListHandler.java,,ActionListHandler.java,1,5,713,3512
1659,JEditTextArea.java,,JEditTextArea.java,1,3,712,716
1661,JEditTextArea.java,,JEditTextArea.java,1,2,712,713
1665,JEditTextArea.java,,JEditTextArea.java,1,2,713,716
1668,Registers.java,,Registers.java,1,2,712,713
1670,Buffer.java,,Buffer.java,1,1,712,712
1671,Registers.java,,Registers.java,1,6,712,1054
1672,BeanShell.java,,BeanShell.java,1,3,713,1177
1673,jEdit.java,,jEdit.java,1,21,712,813
1674,EditPane.java,,EditPane.java,1,7,712,3694
1675,EditPane.java,,EditPane.java,1,8,712,3810
1676,Registers.java,,Registers.java,1,6,712,2495
1677,Registers.java,,Registers.java,1,4,712,776
1678,JEditTextArea.java,,JEditTextArea.java,1,2,712,750
1679,JEditTextArea.java,,JEditTextArea.java,1,5,712,754
1680,JEditTextArea.java,,JEditTextArea.java,1,6,712,755
1681,JEditTextArea.java,,JEditTextArea.java,1,34,712,2810
1682,View.java,,View.java,1,32,712,3999
1683,View.java,,View.java,1,33,712,3999
1684,EditPane.java,,EditPane.java,1,4,713,789
1686,JEditTextArea.java,,JEditTextArea.java,1,2,713,716
1687,JEditTextArea.java,,JEditTextArea.java,1,2,713,716
1689,Registers.java,,Registers.java,1,1,713,713
1691,JEditTextArea.java,,JEditTextArea.java,1,2,713,716
1694,TextUtilities.java,,TextUtilities.java,1,19,722,1347
1695,Registers.java,,Registers.java,1,1,713,713
1696,Sessions.java,,Sessions.java,1,1,713,713
1697,Sessions.java,,Sessions.java,1,1,713,713
1699,JEditTextArea.java,,JEditTextArea.java,1,2,713,716
1701,JEditTextArea.java,,JEditTextArea.java,1,2,713,716
1704,jEdit.java,,jEdit.java,1,1,713,713
1706,TextUtilities.java,,TextUtilities.java,1,1,713,713
1710,JEditTextArea.java,,JEditTextArea.java,1,2,713,716
1712,JEditTextArea.java,,JEditTextArea.java,1,2,713,716
1713,Buffer.java,,Buffer.java,1,25,713,2241
1714,Buffer.java,,Buffer.java,1,24,713,2241
1717,DefaultInputHandler.java,,DefaultInputHandler.java,1,2,832,905
1719,JEditTextArea.java,,JEditTextArea.java,1,4,750,790
1720,JEditTextArea.java,,JEditTextArea.java,1,3,713,717
1721,JEditTextArea.java,,JEditTextArea.java,1,49,713,2215
1722,JEditTextArea.java,,JEditTextArea.java,1,9,713,754
1723,JEditTextArea.java,,JEditTextArea.java,1,85,713,2624
1724,JEditTextArea.java,,JEditTextArea.java,1,10,713,780
1725,JEditTextArea.java,,JEditTextArea.java,1,86,713,2247
1726,JEditTextArea.java,,JEditTextArea.java,1,69,713,2379
1727,JEditTextArea.java,,JEditTextArea.java,1,88,713,2624
1728,View.java,,View.java,1,4,713,787
1729,Macros.java,,Macros.java,1,5,715,906
1730,Macros.java,,Macros.java,1,3,715,875
1731,InputHandler.java,,InputHandler.java,1,3,715,749
1732,Macros.java,,Macros.java,1,1,715,715
1733,Macros.java,,Macros.java,1,1,715,715
1734,InputHandler.java,,InputHandler.java,1,1,715,715
1735,Macros.java,,Macros.java,1,1,715,715
1736,Macros.java,,Macros.java,1,2,1447,1549
1738,JEditTextArea.java,,JEditTextArea.java,1,1,716,716
1739,JEditTextArea.java,,JEditTextArea.java,1,7,716,736
1740,BeanShell.java,,BeanShell.java,1,2,716,723
1741,BeanShell.java,,BeanShell.java,1,28,719,2203
1742,BeanShell.java,,BeanShell.java,1,17,719,1951
1743,BeanShell.java,,BeanShell.java,1,7,719,1150
1744,BeanShell.java,,BeanShell.java,1,14,719,1616
1747,InputHandler.java,,InputHandler.java,1,14,716,3715
1748,JEditTextArea.java,,JEditTextArea.java,1,67,716,2624
1749,JEditTextArea.java,,JEditTextArea.java,1,27,716,1110
1750,JEditTextArea.java,,JEditTextArea.java,1,8,716,780
1751,JEditTextArea.java,,JEditTextArea.java,1,5,716,755
1752,JEditTextArea.java,,JEditTextArea.java,1,5,716,755
1753,JEditTextArea.java,,JEditTextArea.java,1,58,716,1988
1754,JEditTextArea.java,,JEditTextArea.java,1,6,716,780
1755,JEditTextArea.java,,JEditTextArea.java,1,44,716,2379
1756,JEditTextArea.java,,JEditTextArea.java,1,47,716,2379
1757,JEditTextArea.java,,JEditTextArea.java,1,42,717,2285
1758,JEditTextArea.java,,JEditTextArea.java,1,8,717,779
1759,JEditTextArea.java,,JEditTextArea.java,1,54,717,1936
1760,JEditTextArea.java,,JEditTextArea.java,1,57,717,2810
1761,JEditTextArea.java,,JEditTextArea.java,1,91,717,2502
1762,JEditTextArea.java,,JEditTextArea.java,1,31,717,1936
1763,BeanShell.java,,BeanShell.java,1,1,719,719
1764,BeanShell.java,,BeanShell.java,1,2,718,719
1765,BeanShellAction.java,,BeanShellAction.java,1,3,718,1603
1766,BeanShellAction.java,,BeanShellAction.java,1,2,718,723
1767,WorkThreadPool.java,,WorkThreadPool.java,1,4,720,1220
1770,BSHBinaryExpression.java,,BSHBinaryExpression.java,1,2,833,1896
1771,BSHBinaryExpression.java,,BSHBinaryExpression.java,1,1,833,833
1776,BSHLHSPrimarySuffix.java,,BSHLHSPrimarySuffix.java,1,1,833,833
1777,BSHPrimarySuffix.java,,BSHPrimarySuffix.java,1,1,833,833
1778,BSHLHSPrimarySuffix.java,,BSHLHSPrimarySuffix.java,1,1,833,833
1779,BSHPrimarySuffix.java,,BSHPrimarySuffix.java,1,1,833,833
1780,BshMethod.java,,BshMethod.java,1,4,785,2010
1781,Name.java,,Name.java,1,2,1478,1758
1782,BSHUnaryExpression.java,,BSHUnaryExpression.java,1,1,833,833
1783,Primitive.java,,Primitive.java,1,2,833,2603
1784,Interpreter.java,,Interpreter.java,1,3,833,1290
1785,Interpreter.java,,Interpreter.java,1,5,950,2010
1786,Interpreter.java,,Interpreter.java,1,4,833,1478
1787,Interpreter.java,,Interpreter.java,1,4,833,1478
1788,Interpreter.java,,Interpreter.java,1,4,833,1478
1789,Interpreter.java,,Interpreter.java,1,3,833,1478
1790,XModeHandler.java,,XModeHandler.java,1,1,1725,1725
1832,Interpreter.java,,Interpreter.java,1,7,833,2603
1921,Interpreter.java,,Interpreter.java,1,7,833,2603
1950,Interpreter.java,,Interpreter.java,1,1,2603,2603
2245,TextUtilities.java,,TextUtilities.java,1,11,722,3164
2279,TargetError.java,,TargetError.java,1,3,833,1758
2284,XThis.java,,XThis.java,1,1,950,950
2285,LHS.java,,LHS.java,1,2,833,1896
2286,LHS.java,,LHS.java,1,2,833,1896
2287,LHS.java,,LHS.java,1,2,833,1896
2288,LHS.java,,LHS.java,1,2,833,1896
2289,NameSpace.java,,NameSpace.java,1,2,778,785
2290,LHS.java,,LHS.java,1,2,833,1896
2291,Name.java,,Name.java,1,2,833,1478
2292,Name.java,,Name.java,1,2,833,1478
2294,NameSpace.java,,NameSpace.java,1,8,778,3712
2295,NameSpace.java,,NameSpace.java,1,1,778,778
2296,NameSpace.java,,NameSpace.java,1,1,778,778
2299,NameSpace.java,,NameSpace.java,1,1,778,778
2300,NameSpace.java,,NameSpace.java,1,1,778,778
2301,ParseException.java,,ParseException.java,1,1,1896,1896
2303,Primitive.java,,Primitive.java,1,2,833,2010
2304,Primitive.java,,Primitive.java,1,3,833,2010
2305,Primitive.java,,Primitive.java,1,2,1758,2010
2306,Primitive.java,,Primitive.java,1,2,833,2010
2307,Primitive.java,,Primitive.java,1,3,833,2603
2308,Primitive.java,,Primitive.java,1,3,833,2603
2309,Primitive.java,,Primitive.java,1,3,833,2603
2310,Primitive.java,,Primitive.java,1,2,1896,2603
2314,Reflect.java,,Reflect.java,1,4,833,1758
2315,Reflect.java,,Reflect.java,1,4,833,1758
2318,SimpleNode.java,,SimpleNode.java,1,2,833,1758
2319,TokenMarker.java,,TokenMarker.java,1,1,736,736
2320,SearchDialog.java,,SearchDialog.java,1,2,723,1976
2321,DirectoryListSet.java,,DirectoryListSet.java,1,1,722,722
2322,SearchDialog.java,,SearchDialog.java,1,28,723,3792
2332,BatchSearchRequest.java,,BatchSearchRequest.java,1,1,723,723
2334,EditPane.java,,EditPane.java,1,2,731,747
2336,HelpViewer.java,,HelpViewer.java,1,20,727,3164
2337,JEditTextArea.java,,JEditTextArea.java,1,2,727,729
2338,JEditTextArea.java,,JEditTextArea.java,1,2,727,729
2339,BSHTryStatement.java,,BSHTryStatement.java,1,1,833,833
2340,EditBus.java,,EditBus.java,1,3,728,1546
2341,EditBus.java,,EditBus.java,1,2,728,1546
2342,EditBus.java,,EditBus.java,1,1,728,728
2343,BufferIORequest.java,,BufferIORequest.java,1,2,814,942
2344,HyperSearchRequest.java,,HyperSearchRequest.java,1,6,922,3187
2345,HyperSearchRequest.java,,HyperSearchRequest.java,1,2,806,847
2346,HyperSearchResults.java,,HyperSearchResults.java,1,1,927,927
2347,HyperSearchResults.java,,HyperSearchResults.java,1,2,920,927
2349,Wizard.java,,Wizard.java,1,1,735,735
2350,Wizard.java,,Wizard.java,1,1,735,735
2351,EditBuddyPlugin.java,,EditBuddyPlugin.java,1,1,735,735
2353,EditBuddyPlugin.java,,EditBuddyPlugin.java,1,1,735,735
2357,WorkThreadPool.java,,WorkThreadPool.java,1,3,736,1020
2358,TipOfTheDay.java,,TipOfTheDay.java,1,1,738,738
2361,EditServer.java,,EditServer.java,1,1,738,738
2362,JEditTextArea.java,,JEditTextArea.java,1,2,750,752
2363,JEditTextArea.java,,JEditTextArea.java,1,2,750,752
2366,DockableWindowManager.java,,DockableWindowManager.java,1,4,742,908
2367,DockableWindowManager.java,,DockableWindowManager.java,1,3,742,908
2368,XModeHandler.java,,XModeHandler.java,1,1,2495,2495
2369,XModeHandler.java,,XModeHandler.java,1,16,747,3650
2370,DockableWindowManager.java,,DockableWindowManager.java,1,8,743,927
2371,JEditTextArea.java,,JEditTextArea.java,1,91,750,2800
2372,XModeHandler.java,,XModeHandler.java,1,17,743,3120
2373,XModeHandler.java,,XModeHandler.java,1,4,743,1258
2374,XModeHandler.java,,XModeHandler.java,1,7,743,1395
2375,ActionListHandler.java,,ActionListHandler.java,1,2,905,1115
2376,ModeCatalogHandler.java,,ModeCatalogHandler.java,1,1,1113,1113
2377,XModeHandler.java,,XModeHandler.java,1,1,747,747
2378,GUIUtilities.java,,GUIUtilities.java,1,6,747,1113
2379,jEdit.java,,jEdit.java,1,28,747,1696
2380,jEdit.java,,jEdit.java,1,28,747,2141
2381,Buffer.java,,Buffer.java,1,152,751,3695
2382,Buffer.java,,Buffer.java,1,123,751,3457
2383,Buffer.java,,Buffer.java,1,38,751,2108
2384,Buffer.java,,Buffer.java,1,58,750,1690
2387,Buffer.java,,Buffer.java,1,47,751,1988
2388,Buffer.java,,Buffer.java,1,1,751,751
2389,Buffer.java,,Buffer.java,1,1,751,751
2390,Buffer.java,,Buffer.java,1,1,752,752
2391,Buffer.java,,Buffer.java,1,12,752,926
2392,Buffer.java,,Buffer.java,1,9,752,926
2393,Buffer.java,,Buffer.java,1,8,752,926
2394,Buffer.java,,Buffer.java,1,80,753,2023
2395,Buffer.java,,Buffer.java,1,76,752,1637
2396,TextAreaPainter.java,,TextAreaPainter.java,1,30,753,1241
2397,JEditTextArea.java,,JEditTextArea.java,1,26,753,927
2398,Buffer.java,,Buffer.java,1,7,754,922
2399,Buffer.java,,Buffer.java,1,85,753,3470
2400,DockingOptionPane.java,,DockingOptionPane.java,1,2,905,922
2401,Buffer.java,,Buffer.java,1,88,754,3695
2402,Buffer.java,,Buffer.java,1,11,754,926
2403,PrintOptionPane.java,,PrintOptionPane.java,1,1,754,754
2405,AbbrevEditor.java,,AbbrevEditor.java,1,2,757,921
2406,AbbrevEditor.java,,AbbrevEditor.java,1,2,757,921
2407,CommandShortcutsOptionPane.java,,CommandShortcutsOptionPane.java,1,1,757,757
2408,PluginShortcutsOptionPane.java,,PluginShortcutsOptionPane.java,1,1,757,757
2409,JEditTextArea.java,,JEditTextArea.java,1,6,755,941
2410,JEditTextArea.java,,JEditTextArea.java,1,27,755,2215
2411,JEditTextArea.java,,JEditTextArea.java,1,40,755,2379
2412,JEditTextArea.java,,JEditTextArea.java,1,14,755,1000
2413,JEditTextArea.java,,JEditTextArea.java,1,27,755,2285
2414,JEditTextArea.java,,JEditTextArea.java,1,33,755,2285
2415,ShortcutsOptionPane.java,,ShortcutsOptionPane.java,1,2,757,3347
2416,AddAbbrevDialog.java,,AddAbbrevDialog.java,1,4,757,2127
2417,EditAbbrevDialog.java,,EditAbbrevDialog.java,1,3,988,2127
2419,EnhancedMenuItem.java,,EnhancedMenuItem.java,1,5,757,1722
2421,EditServer.java,,EditServer.java,1,8,759,2109
2422,BrowserPopupMenu.java,,BrowserPopupMenu.java,1,1,815,815
2423,BrowserPopupMenu.java,,BrowserPopupMenu.java,1,1,815,815
2424,JEditTextArea.java,,JEditTextArea.java,1,6,765,931
2425,JEditTextArea.java,,JEditTextArea.java,1,85,780,2379
2426,JEditTextArea.java,,JEditTextArea.java,1,2,770,771
2427,BrowserIORequest.java,,BrowserIORequest.java,1,10,772,1828
2428,RE.java,,RE.java,1,5,773,1184
2429,RETokenRepeated.java,,RETokenRepeated.java,1,2,773,774
2430,RE.java,,RE.java,1,5,773,1184
2431,RE.java,,RE.java,1,5,773,1184
2432,RETokenWordBoundary.java,,RETokenWordBoundary.java,1,1,774,774
2433,REFilterReader.java,,REFilterReader.java,1,1,774,774
2434,REFilterInputStream.java,,REFilterInputStream.java,1,1,774,774
2435,RE.java,,RE.java,1,4,773,1184
2438,CharIndexedInputStream.java,,CharIndexedInputStream.java,1,1,774,774
2440,CharIndexedInputStream.java,,CharIndexedInputStream.java,1,1,774,774
2441,CharIndexedReader.java,,CharIndexedReader.java,1,1,774,774
2443,CharIndexedReader.java,,CharIndexedReader.java,1,1,774,774
2446,CharIndexedReader.java,,CharIndexedReader.java,1,1,774,774
2447,CharIndexedReader.java,,CharIndexedReader.java,1,1,774,774
2448,RE.java,,RE.java,1,2,773,818
2449,RE.java,,RE.java,1,4,773,943
2450,REFilterInputStream.java,,REFilterInputStream.java,1,1,774,774
2451,REFilterReader.java,,REFilterReader.java,1,1,774,774
2453,REFilterReader.java,,REFilterReader.java,1,1,818,818
2454,REMatch.java,,REMatch.java,1,3,785,943
2455,REMatch.java,,REMatch.java,1,3,785,943
2456,RESyntax.java,,RESyntax.java,1,1,1184,1184
2457,RESyntax.java,,RESyntax.java,1,1,1184,1184
2458,RESyntax.java,,RESyntax.java,1,1,1184,1184
2459,RETokenOneOf.java,,RETokenOneOf.java,1,1,773,773
2460,RETokenRepeated.java,,RETokenRepeated.java,1,1,773,773
2461,RETokenRepeated.java,,RETokenRepeated.java,1,1,773,773
2462,Macros.java,,Macros.java,1,5,773,1023
2463,VariableGridLayout.java,,VariableGridLayout.java,1,2,1563,2408
2464,VariableGridLayout.java,,VariableGridLayout.java,1,2,1563,2408
2465,VariableGridLayout.java,,VariableGridLayout.java,1,2,1738,2939
2466,VariableGridLayout.java,,VariableGridLayout.java,1,2,1738,2939
2467,CharIndexedString.java,,CharIndexedString.java,1,1,774,774
2469,HelpViewer.java,,HelpViewer.java,1,12,792,1426
2470,RE.java,,RE.java,1,2,774,818
2471,CharIndexedReader.java,,CharIndexedReader.java,1,1,774,774
2473,HelpViewer.java,,HelpViewer.java,1,8,792,1076
2474,HelpViewer.java,,HelpViewer.java,1,9,792,1091
2475,HelpViewer.java,,HelpViewer.java,1,10,792,1426
2476,SearchAndReplace.java,,SearchAndReplace.java,1,5,774,1553
2477,SearchBar.java,,SearchBar.java,1,6,775,2877
2478,Registers.java,,Registers.java,1,8,780,2825
2480,RE.java,,RE.java,1,2,943,1184
2481,Buffer.java,,Buffer.java,1,40,780,1988
2482,jEdit.java,,jEdit.java,1,3,1053,1636
2483,JEditTextArea.java,,JEditTextArea.java,1,55,780,2194
2484,JEditTextArea.java,,JEditTextArea.java,1,63,780,2182
2485,BoyerMooreSearchMatcher.java,,BoyerMooreSearchMatcher.java,1,5,780,2495
2486,RESearchMatcher.java,,RESearchMatcher.java,1,2,780,782
2487,JEditTextArea.java,,JEditTextArea.java,1,40,780,2285
2488,JEditTextArea.java,,JEditTextArea.java,1,164,780,2800
2489,JEditTextArea.java,,JEditTextArea.java,1,44,780,1060
2493,Selection.java,,Selection.java,1,2,948,1164
2494,JEditTextArea.java,,JEditTextArea.java,1,99,781,2800
2495,JEditTextArea.java,,JEditTextArea.java,1,99,781,2735
2496,SearchBar.java,,SearchBar.java,1,2,781,935
2497,SearchBar.java,,SearchBar.java,1,1,935,935
2498,JEditTextArea.java,,JEditTextArea.java,1,1,781,781
2499,JEditTextArea.java,,JEditTextArea.java,1,1,781,781
2500,JEditTextArea.java,,JEditTextArea.java,1,8,781,941
2501,JEditTextArea.java,,JEditTextArea.java,1,77,781,2624
2502,JEditTextArea.java,,JEditTextArea.java,1,56,781,2379
2503,JEditTextArea.java,,JEditTextArea.java,1,54,781,2690
2504,JEditTextArea.java,,JEditTextArea.java,1,97,781,2735
2507,PluginManager.java,,PluginManager.java,1,2,782,783
2510,HelpViewer.java,,HelpViewer.java,1,7,792,934
2511,PluginManager.java,,PluginManager.java,1,4,782,1470
2512,MiscUtilities.java,,MiscUtilities.java,1,3,923,976
2514,PluginManager.java,,PluginManager.java,1,1,783,783
2516,PluginManager.java,,PluginManager.java,1,1,783,783
2518,SwingInstall.java,,SwingInstall.java,1,2,785,919
2523,CurrentDirectoryMenu.java,,CurrentDirectoryMenu.java,1,3,822,1023
2524,MarkersMenu.java,,MarkersMenu.java,1,2,822,1317
2525,MarkersMenu.java,,MarkersMenu.java,1,2,822,1317
2526,MarkersMenu.java,,MarkersMenu.java,1,4,819,1055
2527,MarkersMenu.java,,MarkersMenu.java,1,3,822,1055
2528,MarkersMenu.java,,MarkersMenu.java,1,2,822,948
2529,BufferHistory.java,,BufferHistory.java,1,15,900,3460
2530,VFS.java,,VFS.java,1,7,941,2238
2531,View.java,,View.java,1,2,787,789
2533,PluginListHandler.java,,PluginListHandler.java,1,4,790,2958
2534,PluginListHandler.java,,PluginListHandler.java,1,3,790,1113
2535,PluginListHandler.java,,PluginListHandler.java,1,6,790,3560
2537,PluginList.java,,PluginList.java,1,14,795,3395
2538,PluginListHandler.java,,PluginListHandler.java,1,1,916,916
2539,PluginListHandler.java,,PluginListHandler.java,1,1,1113,1113
2540,PluginListHandler.java,,PluginListHandler.java,1,1,2495,2495
2542,EditPane.java,,EditPane.java,1,1,789,789
2545,PluginList.java,,PluginList.java,1,10,795,3395
2546,StatusBar.java,,StatusBar.java,1,4,790,2923
2547,PluginList.java,,PluginList.java,1,12,791,3395
2548,PluginList.java,,PluginList.java,1,4,790,805
2549,PluginListHandler.java,,PluginListHandler.java,1,1,790,790
2550,Roster.java,,Roster.java,1,7,797,2840
2551,TokenMarker.java,,TokenMarker.java,1,3,933,1275
2552,PluginList.java,,PluginList.java,1,11,795,3295
2553,PluginList.java,,PluginList.java,1,1,795,795
2555,PluginList.java,,PluginList.java,1,14,795,3395
2556,PluginList.java,,PluginList.java,1,11,795,3395
2557,DockableWindowContainer.java,,DockableWindowContainer.java,1,2,900,908
2558,Macros.java,,Macros.java,1,8,792,1008
2559,Macros.java,,Macros.java,1,7,792,1008
2560,jEdit.java,,jEdit.java,1,10,794,1500
2561,jEdit.java,,jEdit.java,1,12,794,1628
2562,PluginListDownloadProgress.java,,PluginListDownloadProgress.java,1,2,795,800
2564,JCheckBoxList.java,,JCheckBoxList.java,1,1,1412,1412
2565,Roster.java,,Roster.java,1,11,800,2109
2566,PluginManagerProgress.java,,PluginManagerProgress.java,1,2,799,1034
2567,PluginManagerProgress.java,,PluginManagerProgress.java,1,5,799,2290
2569,PluginManagerProgress.java,,PluginManagerProgress.java,1,2,799,1034
2570,PluginManagerProgress.java,,PluginManagerProgress.java,1,2,799,1034
2571,Roster.java,,Roster.java,1,2,797,800
2575,PluginManagerProgress.java,,PluginManagerProgress.java,1,1,1034,1034
2576,PluginManagerProgress.java,,PluginManagerProgress.java,1,3,1034,2290
2577,PluginManagerProgress.java,,PluginManagerProgress.java,1,1,1034,1034
2578,InputHandler.java,,InputHandler.java,1,1,1043,1043
2579,InputHandler.java,,InputHandler.java,1,3,971,1043
2580,InputHandler.java,,InputHandler.java,1,12,799,3715
2581,InputHandler.java,,InputHandler.java,1,12,799,3715
2582,GeneralOptionPane.java,,GeneralOptionPane.java,1,2,900,912
2583,JEditTextArea.java,,JEditTextArea.java,1,21,801,2624
2584,HyperSearchRequest.java,,HyperSearchRequest.java,1,6,1023,1346
2585,BufferIORequest.java,,BufferIORequest.java,1,5,814,1388
2586,BufferIORequest.java,,BufferIORequest.java,1,1,944,944
2587,BufferHistory.java,,BufferHistory.java,1,7,1113,3460
2588,BufferHistory.java,,BufferHistory.java,1,1,816,816
2589,BufferHistory.java,,BufferHistory.java,1,12,816,3460
2590,BufferHistory.java,,BufferHistory.java,1,14,816,3460
2592,RE.java,,RE.java,1,1,818,818
2593,RE.java,,RE.java,1,1,818,818
2594,RETokenRepeated.java,,RETokenRepeated.java,1,1,818,818
2595,RETokenRepeated.java,,RETokenRepeated.java,1,1,818,818
2597,OpenWithEncodingMenu.java,,OpenWithEncodingMenu.java,1,1,1017,1017
2598,BeanShell.java,,BeanShell.java,1,8,822,1177
2599,PluginsMenu.java,,PluginsMenu.java,1,1,908,908
2602,CallStack.java,,CallStack.java,1,2,1290,1758
2603,BSHLHSPrimarySuffix.java,,BSHLHSPrimarySuffix.java,1,1,833,833
2606,Capabilities.java,,Capabilities.java,1,1,861,861
2609,Interpreter.java,,Interpreter.java,1,5,833,2603
2610,Interpreter.java,,Interpreter.java,1,1,833,833
2611,Interpreter.java,,Interpreter.java,1,5,833,2010
2612,Interpreter.java,,Interpreter.java,1,6,833,2603
2613,Interpreter.java,,Interpreter.java,1,1,833,833
2614,Interpreter.java,,Interpreter.java,1,1,833,833
2615,Reflect.java,,Reflect.java,1,1,833,833
2616,Reflect.java,,Reflect.java,1,3,861,1290
2617,Interpreter.java,,Interpreter.java,1,7,833,2603
2621,This.java,,This.java,1,1,833,833
2622,NameSpace.java,,NameSpace.java,1,11,833,3712
2623,NameSpace.java,,NameSpace.java,1,1,833,833
2624,Parser.java,,Parser.java,1,2,1290,2010
2625,Parser.java,,Parser.java,1,4,1290,2010
2626,Parser.java,,Parser.java,1,1,1290,1290
2627,Parser.java,,Parser.java,1,3,1290,2010
2628,Parser.java,,Parser.java,1,2,1290,2010
2629,Parser.java,,Parser.java,1,1,1290,1290
2630,Parser.java,,Parser.java,1,5,950,2010
2631,Parser.java,,Parser.java,1,4,1290,2010
2632,Parser.java,,Parser.java,1,2,1896,2010
2633,Parser.java,,Parser.java,1,3,1290,2010
2634,Parser.java,,Parser.java,1,2,1896,2010
2635,Parser.java,,Parser.java,1,3,1290,2010
2636,Parser.java,,Parser.java,1,3,1290,2010
2637,Parser.java,,Parser.java,1,3,1758,2010
2638,Parser.java,,Parser.java,1,2,1290,2010
2639,Parser.java,,Parser.java,1,4,1290,2010
2640,Parser.java,,Parser.java,1,3,1290,2010
2641,Parser.java,,Parser.java,1,2,1896,2010
2642,Parser.java,,Parser.java,1,3,1290,2010
2643,Parser.java,,Parser.java,1,5,950,2010
2644,Parser.java,,Parser.java,1,4,1290,2010
2645,Parser.java,,Parser.java,1,3,1290,2010
2646,Parser.java,,Parser.java,1,3,1290,2010
2647,Parser.java,,Parser.java,1,2,1290,2010
2648,Parser.java,,Parser.java,1,4,1290,2010
2649,Parser.java,,Parser.java,1,2,1290,2010
2650,Parser.java,,Parser.java,1,4,1290,2010
2651,Parser.java,,Parser.java,1,4,1290,2010
2652,Parser.java,,Parser.java,1,2,1758,2010
2653,Parser.java,,Parser.java,1,3,1290,2010
2654,Parser.java,,Parser.java,1,4,950,2010
2655,Parser.java,,Parser.java,1,3,1290,2010
2656,Parser.java,,Parser.java,1,3,950,2010
2657,Parser.java,,Parser.java,1,3,1290,2010
2658,Parser.java,,Parser.java,1,3,1290,2010
2659,Parser.java,,Parser.java,1,3,950,2010
2660,Parser.java,,Parser.java,1,4,1290,2010
2661,Parser.java,,Parser.java,1,3,1290,2010
2662,Parser.java,,Parser.java,1,3,1290,2010
2663,Parser.java,,Parser.java,1,3,1290,2010
2664,Parser.java,,Parser.java,1,3,1290,2010
2665,Parser.java,,Parser.java,1,3,1290,2010
2666,Parser.java,,Parser.java,1,4,950,2010
2667,Parser.java,,Parser.java,1,2,1290,2010
2668,Parser.java,,Parser.java,1,3,1290,2010
2669,Parser.java,,Parser.java,1,3,1290,2010
2670,Parser.java,,Parser.java,1,3,1290,2010
2671,Parser.java,,Parser.java,1,3,1290,2010
2672,Parser.java,,Parser.java,1,4,1290,2010
2673,Parser.java,,Parser.java,1,3,1290,2010
2674,Parser.java,,Parser.java,1,4,1290,2010
2675,Parser.java,,Parser.java,1,3,1290,2010
2676,Parser.java,,Parser.java,1,2,1896,2010
2677,Parser.java,,Parser.java,1,4,1290,2010
2678,Parser.java,,Parser.java,1,2,1290,1896
2680,Parser.java,,Parser.java,1,3,1290,2010
2681,Parser.java,,Parser.java,1,4,1290,2010
2682,Parser.java,,Parser.java,1,4,1290,2010
2683,Parser.java,,Parser.java,1,3,1290,2010
2686,Reflect.java,,Reflect.java,1,5,833,1896
2687,NameSpace.java,,NameSpace.java,1,11,833,3712
2688,NameSpace.java,,NameSpace.java,1,4,833,1758
2689,NameSpace.java,,NameSpace.java,1,6,833,1758
2690,NameSpace.java,,NameSpace.java,1,12,861,3712
2691,NameSpace.java,,NameSpace.java,1,8,861,3712
2693,Parser.java,,Parser.java,1,3,950,1758
2694,Parser.java,,Parser.java,1,1,1290,1290
2695,Parser.java,,Parser.java,1,3,1290,1896
2696,Parser.java,,Parser.java,1,2,950,1290
2697,Parser.java,,Parser.java,1,3,1290,2010
2698,Parser.java,,Parser.java,1,2,950,1290
2699,Parser.java,,Parser.java,1,3,950,1896
2700,Parser.java,,Parser.java,1,2,950,1290
2701,Parser.java,,Parser.java,1,3,950,1896
2703,Parser.java,,Parser.java,1,1,950,950
2704,Parser.java,,Parser.java,1,2,950,1290
2706,Parser.java,,Parser.java,1,2,1290,1896
2708,Parser.java,,Parser.java,1,3,1290,1896
2709,Parser.java,,Parser.java,1,1,950,950
2711,Parser.java,,Parser.java,1,3,1290,2010
2713,Parser.java,,Parser.java,1,1,950,950
2717,Parser.java,,Parser.java,1,1,950,950
2718,Parser.java,,Parser.java,1,3,950,1896
2719,Parser.java,,Parser.java,1,2,1290,1896
2722,Parser.java,,Parser.java,1,1,950,950
2724,Parser.java,,Parser.java,1,1,950,950
2725,Parser.java,,Parser.java,1,1,1290,1290
2727,Parser.java,,Parser.java,1,2,950,1758
2728,Parser.java,,Parser.java,1,2,1290,1896
2736,Parser.java,,Parser.java,1,1,950,950
2737,Parser.java,,Parser.java,1,5,950,2010
2738,Parser.java,,Parser.java,1,1,1290,1290
2739,Parser.java,,Parser.java,1,1,950,950
2740,Parser.java,,Parser.java,1,1,1290,1290
2741,Parser.java,,Parser.java,1,4,1290,2010
2742,Parser.java,,Parser.java,1,3,1290,2010
2743,Parser.java,,Parser.java,1,4,1290,2010
2744,Parser.java,,Parser.java,1,3,1290,2010
2745,Parser.java,,Parser.java,1,1,2010,2010
2746,Parser.java,,Parser.java,1,4,950,2010
2747,Parser.java,,Parser.java,1,3,950,2010
2748,Parser.java,,Parser.java,1,2,1290,2010
2749,Parser.java,,Parser.java,1,3,950,2010
2750,Parser.java,,Parser.java,1,1,2010,2010
2751,Parser.java,,Parser.java,1,2,1290,2010
2752,Parser.java,,Parser.java,1,3,1290,2010
2753,Parser.java,,Parser.java,1,2,1290,2010
2754,Parser.java,,Parser.java,1,4,1290,2010
2755,Parser.java,,Parser.java,1,3,1758,2010
2756,Parser.java,,Parser.java,1,3,1290,2010
2757,Parser.java,,Parser.java,1,3,1290,2010
2758,Parser.java,,Parser.java,1,2,1290,2010
2759,Parser.java,,Parser.java,1,3,1758,2010
2760,Parser.java,,Parser.java,1,3,1290,2010
2761,Parser.java,,Parser.java,1,2,1758,2010
2762,Parser.java,,Parser.java,1,4,1290,2010
2763,Parser.java,,Parser.java,1,4,1290,2010
2764,Parser.java,,Parser.java,1,4,1290,2010
2765,Parser.java,,Parser.java,1,3,1290,2010
2766,Parser.java,,Parser.java,1,2,1896,2010
2767,Parser.java,,Parser.java,1,3,1290,2010
2768,Parser.java,,Parser.java,1,3,1290,2010
2769,Parser.java,,Parser.java,1,2,1896,2010
2770,Parser.java,,Parser.java,1,3,1290,2010
2771,Parser.java,,Parser.java,1,3,1290,2010
2772,Parser.java,,Parser.java,1,3,1758,2010
2773,Parser.java,,Parser.java,1,2,1896,2010
2775,Parser.java,,Parser.java,1,3,1290,2010
2776,Parser.java,,Parser.java,1,1,1290,1290
2777,Parser.java,,Parser.java,1,2,1290,1896
2778,Parser.java,,Parser.java,1,2,1290,1896
2779,Parser.java,,Parser.java,1,5,950,2010
2780,Parser.java,,Parser.java,1,4,950,1896
2781,Parser.java,,Parser.java,1,3,1290,2010
2782,Parser.java,,Parser.java,1,3,1290,2010
2783,Parser.java,,Parser.java,1,2,1896,2010
2784,Parser.java,,Parser.java,1,3,1290,2010
2785,Parser.java,,Parser.java,1,3,1290,2010
2786,Parser.java,,Parser.java,1,3,1290,2010
2787,Parser.java,,Parser.java,1,2,1896,2010
2788,Parser.java,,Parser.java,1,3,1290,2010
2789,Parser.java,,Parser.java,1,5,950,2010
2790,Parser.java,,Parser.java,1,4,1290,2010
2791,Parser.java,,Parser.java,1,4,950,2010
2792,Parser.java,,Parser.java,1,5,950,2010
2793,Parser.java,,Parser.java,1,5,950,2010
2794,Parser.java,,Parser.java,1,2,950,1290
2795,Parser.java,,Parser.java,1,3,950,1758
2796,Parser.java,,Parser.java,1,2,1896,2010
2797,Parser.java,,Parser.java,1,3,1290,2010
2798,Parser.java,,Parser.java,1,5,950,2010
2799,Parser.java,,Parser.java,1,3,1290,2010
2800,Parser.java,,Parser.java,1,3,1290,2010
2801,Parser.java,,Parser.java,1,3,1290,2010
2802,Parser.java,,Parser.java,1,3,1290,2010
2803,Parser.java,,Parser.java,1,3,1290,2010
2804,Parser.java,,Parser.java,1,2,1290,1896
2805,Parser.java,,Parser.java,1,3,1290,2010
2806,Parser.java,,Parser.java,1,2,1290,1896
2807,Parser.java,,Parser.java,1,3,1290,2010
2808,Parser.java,,Parser.java,1,3,1290,2010
2809,Parser.java,,Parser.java,1,3,1290,2010
2810,Parser.java,,Parser.java,1,4,950,2010
2811,Parser.java,,Parser.java,1,2,1290,1896
2812,Parser.java,,Parser.java,1,2,1290,1896
2813,Parser.java,,Parser.java,1,2,1290,1896
2814,Parser.java,,Parser.java,1,2,1896,2010
2815,Parser.java,,Parser.java,1,3,1290,2010
2816,Parser.java,,Parser.java,1,3,1290,2010
2817,Parser.java,,Parser.java,1,3,1290,2010
2818,Parser.java,,Parser.java,1,2,1290,1896
2819,Parser.java,,Parser.java,1,3,1290,2010
2820,Parser.java,,Parser.java,1,3,950,2010
2821,Parser.java,,Parser.java,1,4,950,2010
2822,Parser.java,,Parser.java,1,4,950,2010
2823,Parser.java,,Parser.java,1,4,950,2010
2824,Parser.java,,Parser.java,1,4,950,2010
2825,Parser.java,,Parser.java,1,2,950,1758
2826,Parser.java,,Parser.java,1,5,950,2010
2827,Parser.java,,Parser.java,1,3,1290,2010
2828,Parser.java,,Parser.java,1,3,1290,2010
2829,Parser.java,,Parser.java,1,3,1290,2010
2830,Parser.java,,Parser.java,1,4,1290,2010
2831,Parser.java,,Parser.java,1,4,1290,2010
2832,Parser.java,,Parser.java,1,4,1290,2010
2833,Parser.java,,Parser.java,1,4,1290,2010
2834,Parser.java,,Parser.java,1,4,1290,2010
2835,Parser.java,,Parser.java,1,4,1290,2010
2836,Parser.java,,Parser.java,1,3,1290,2010
2837,Parser.java,,Parser.java,1,4,1290,2010
2838,Parser.java,,Parser.java,1,3,1290,2010
2839,Parser.java,,Parser.java,1,4,1290,2010
2840,Parser.java,,Parser.java,1,3,1290,2010
2841,Parser.java,,Parser.java,1,4,1290,2010
2842,Parser.java,,Parser.java,1,3,1758,2010
2843,Parser.java,,Parser.java,1,3,1290,2010
2844,Parser.java,,Parser.java,1,3,1758,2010
2845,Parser.java,,Parser.java,1,4,950,1896
2846,Parser.java,,Parser.java,1,5,950,2010
2847,Parser.java,,Parser.java,1,4,1290,2010
2848,Parser.java,,Parser.java,1,5,1290,2603
2850,Parser.java,,Parser.java,1,5,1290,2603
2851,Parser.java,,Parser.java,1,4,1290,2010
2852,Parser.java,,Parser.java,1,5,1290,2603
2853,Parser.java,,Parser.java,1,5,1290,2603
2854,Parser.java,,Parser.java,1,5,1290,2603
2855,Parser.java,,Parser.java,1,5,1290,2603
2856,Parser.java,,Parser.java,1,1,1758,1758
2857,Parser.java,,Parser.java,1,5,1290,2603
2858,Parser.java,,Parser.java,1,5,1290,2603
2859,Parser.java,,Parser.java,1,2,1290,1758
2860,Parser.java,,Parser.java,1,4,1290,2010
2861,Parser.java,,Parser.java,1,5,1290,2603
2862,Parser.java,,Parser.java,1,5,1290,2603
2863,Parser.java,,Parser.java,1,6,950,2603
2864,Parser.java,,Parser.java,1,6,950,2603
2865,Parser.java,,Parser.java,1,5,1290,2603
2866,Parser.java,,Parser.java,1,2,1290,1758
2867,Parser.java,,Parser.java,1,2,1290,1758
2868,Parser.java,,Parser.java,1,5,1290,2603
2869,Parser.java,,Parser.java,1,2,1290,1758
2870,Parser.java,,Parser.java,1,5,1290,2603
2871,Parser.java,,Parser.java,1,2,1290,1758
2872,Parser.java,,Parser.java,1,5,1290,2603
2873,Parser.java,,Parser.java,1,2,1290,1758
2874,Parser.java,,Parser.java,1,2,1290,1758
2875,Parser.java,,Parser.java,1,4,950,2010
2876,Parser.java,,Parser.java,1,5,950,2010
2877,Parser.java,,Parser.java,1,3,950,1758
2878,Parser.java,,Parser.java,1,3,950,1758
2879,Parser.java,,Parser.java,1,5,950,2010
2880,Parser.java,,Parser.java,1,3,950,1758
2881,Parser.java,,Parser.java,1,2,950,1290
2882,Parser.java,,Parser.java,1,4,950,2010
2883,Parser.java,,Parser.java,1,2,1290,1758
2884,Parser.java,,Parser.java,1,4,950,1896
2885,Parser.java,,Parser.java,1,3,950,1758
2886,Parser.java,,Parser.java,1,3,950,1758
2887,Parser.java,,Parser.java,1,3,950,1758
2888,Parser.java,,Parser.java,1,3,950,1758
2889,Parser.java,,Parser.java,1,3,950,1896
2890,Parser.java,,Parser.java,1,5,950,2010
2891,Parser.java,,Parser.java,1,2,950,1290
2892,Parser.java,,Parser.java,1,4,950,2010
2893,Parser.java,,Parser.java,1,4,1290,2010
2894,Parser.java,,Parser.java,1,2,950,1290
2895,Parser.java,,Parser.java,1,3,950,1758
2896,Parser.java,,Parser.java,1,3,950,1758
2897,Parser.java,,Parser.java,1,2,1290,1758
2898,Parser.java,,Parser.java,1,2,950,1290
2899,Parser.java,,Parser.java,1,1,950,950
2900,Parser.java,,Parser.java,1,3,950,1758
2901,Parser.java,,Parser.java,1,1,950,950
2902,Parser.java,,Parser.java,1,3,950,1896
2903,Parser.java,,Parser.java,1,5,950,2010
2904,Parser.java,,Parser.java,1,2,950,1758
2905,Parser.java,,Parser.java,1,3,950,1758
2906,Parser.java,,Parser.java,1,2,1290,1758
2907,Parser.java,,Parser.java,1,3,950,1758
2908,Parser.java,,Parser.java,1,1,1290,1290
2909,Parser.java,,Parser.java,1,2,1290,1758
2910,Parser.java,,Parser.java,1,2,950,1290
2912,Parser.java,,Parser.java,1,1,950,950
2914,Parser.java,,Parser.java,1,5,950,2010
2915,Parser.java,,Parser.java,1,2,1290,1896
2916,Parser.java,,Parser.java,1,3,950,1896
2917,Parser.java,,Parser.java,1,3,950,1758
2918,Parser.java,,Parser.java,1,1,950,950
2919,Parser.java,,Parser.java,1,4,950,1896
2920,Parser.java,,Parser.java,1,4,950,1896
2928,Parser.java,,Parser.java,1,3,950,1758
2929,Parser.java,,Parser.java,1,5,950,2010
2930,Parser.java,,Parser.java,1,5,950,2010
2931,Parser.java,,Parser.java,1,5,950,2010
2932,Parser.java,,Parser.java,1,4,950,1896
2933,Parser.java,,Parser.java,1,3,950,1758
2934,Parser.java,,Parser.java,1,3,950,1896
2935,Parser.java,,Parser.java,1,5,950,2010
2936,Parser.java,,Parser.java,1,3,950,1758
2937,Parser.java,,Parser.java,1,5,950,2010
2938,Parser.java,,Parser.java,1,5,950,2010
2939,Parser.java,,Parser.java,1,5,950,2010
2940,Parser.java,,Parser.java,1,4,950,2010
2941,Parser.java,,Parser.java,1,5,950,2010
2942,Parser.java,,Parser.java,1,3,950,1758
2943,Parser.java,,Parser.java,1,5,950,2010
2944,Parser.java,,Parser.java,1,3,950,1758
2945,Parser.java,,Parser.java,1,5,950,2010
2946,Parser.java,,Parser.java,1,3,950,1758
2947,Parser.java,,Parser.java,1,4,950,2010
2948,Parser.java,,Parser.java,1,4,950,2010
2949,Parser.java,,Parser.java,1,5,950,2010
2950,Parser.java,,Parser.java,1,3,950,1758
2951,Parser.java,,Parser.java,1,5,950,2010
2952,Parser.java,,Parser.java,1,5,950,2010
2953,Parser.java,,Parser.java,1,5,950,2010
2954,Parser.java,,Parser.java,1,3,950,1758
2955,Parser.java,,Parser.java,1,5,950,2010
2956,Parser.java,,Parser.java,1,2,950,1290
2957,Parser.java,,Parser.java,1,5,950,2010
2958,Parser.java,,Parser.java,1,4,950,2010
2959,Parser.java,,Parser.java,1,2,1290,1758
2960,Parser.java,,Parser.java,1,3,950,1758
2961,Parser.java,,Parser.java,1,2,1290,1758
2962,Parser.java,,Parser.java,1,5,950,2010
2963,Parser.java,,Parser.java,1,5,950,2010
2964,Parser.java,,Parser.java,1,4,950,1896
2965,Parser.java,,Parser.java,1,3,950,1758
2966,Parser.java,,Parser.java,1,1,1290,1290
2967,Parser.java,,Parser.java,1,5,950,2010
2968,Parser.java,,Parser.java,1,3,950,1758
2969,Parser.java,,Parser.java,1,1,1290,1290
2970,Parser.java,,Parser.java,1,1,950,950
2971,Parser.java,,Parser.java,1,5,950,2010
2972,Parser.java,,Parser.java,1,5,950,2010
2973,Parser.java,,Parser.java,1,5,950,2010
2974,Parser.java,,Parser.java,1,5,950,2010
2975,Parser.java,,Parser.java,1,4,950,1896
2976,Parser.java,,Parser.java,1,4,950,1896
2977,Parser.java,,Parser.java,1,5,950,2010
2978,Parser.java,,Parser.java,1,4,950,2010
2979,Parser.java,,Parser.java,1,5,950,2010
2980,Parser.java,,Parser.java,1,3,950,1758
2981,Parser.java,,Parser.java,1,5,950,2010
2982,Parser.java,,Parser.java,1,3,1290,1896
2983,Parser.java,,Parser.java,1,4,1290,2010
2984,Parser.java,,Parser.java,1,5,950,2010
2985,Parser.java,,Parser.java,1,5,950,2010
2986,Parser.java,,Parser.java,1,3,950,1758
2987,Parser.java,,Parser.java,1,4,950,1896
2988,Parser.java,,Parser.java,1,3,950,1758
2989,Parser.java,,Parser.java,1,3,950,1758
2990,Parser.java,,Parser.java,1,2,1290,1758
2991,Parser.java,,Parser.java,1,2,1290,1758
2992,Parser.java,,Parser.java,1,3,950,1758
2993,Parser.java,,Parser.java,1,5,950,2010
2994,Parser.java,,Parser.java,1,3,950,2010
2995,Parser.java,,Parser.java,1,3,950,1758
2996,Parser.java,,Parser.java,1,5,950,2010
2997,Parser.java,,Parser.java,1,3,950,1758
2998,Parser.java,,Parser.java,1,2,950,1758
2999,Parser.java,,Parser.java,1,4,950,2010
3000,Parser.java,,Parser.java,1,5,950,2603
3001,Parser.java,,Parser.java,1,2,1290,1758
3002,Parser.java,,Parser.java,1,3,950,1758
3003,Parser.java,,Parser.java,1,1,950,950
3004,Parser.java,,Parser.java,1,4,950,2010
3005,Parser.java,,Parser.java,1,2,950,1758
3006,Parser.java,,Parser.java,1,4,1290,2010
3007,Parser.java,,Parser.java,1,2,950,1290
3008,Parser.java,,Parser.java,1,4,950,1896
3009,Parser.java,,Parser.java,1,3,950,1758
3010,Parser.java,,Parser.java,1,3,950,1758
3011,Parser.java,,Parser.java,1,1,1290,1290
3012,Parser.java,,Parser.java,1,1,1758,1758
3013,Parser.java,,Parser.java,1,3,950,1758
3014,Parser.java,,Parser.java,1,3,950,1758
3015,Parser.java,,Parser.java,1,1,1758,1758
3016,Parser.java,,Parser.java,1,3,950,1758
3017,Parser.java,,Parser.java,1,5,950,2010
3018,Parser.java,,Parser.java,1,2,950,1758
3019,Parser.java,,Parser.java,1,2,1290,1758
3020,Parser.java,,Parser.java,1,3,950,1758
3021,Parser.java,,Parser.java,1,3,1290,2010
3022,Parser.java,,Parser.java,1,2,1290,1758
3023,Parser.java,,Parser.java,1,2,1290,1758
3024,Parser.java,,Parser.java,1,3,950,1758
3025,Parser.java,,Parser.java,1,2,950,1758
3026,Parser.java,,Parser.java,1,2,1290,1758
3027,Parser.java,,Parser.java,1,5,950,2010
3028,Parser.java,,Parser.java,1,1,1290,1290
3029,Parser.java,,Parser.java,1,5,950,2010
3030,Parser.java,,Parser.java,1,1,1758,1758
3031,Parser.java,,Parser.java,1,1,1290,1290
3032,Parser.java,,Parser.java,1,1,1758,1758
3033,Parser.java,,Parser.java,1,4,950,2010
3034,Parser.java,,Parser.java,1,2,950,1758
3035,Parser.java,,Parser.java,1,3,950,1758
3036,Parser.java,,Parser.java,1,3,950,1758
3037,Parser.java,,Parser.java,1,3,1290,1896
3038,Parser.java,,Parser.java,1,2,950,1758
3039,Parser.java,,Parser.java,1,3,950,1758
3040,Parser.java,,Parser.java,1,4,1290,2010
3042,Parser.java,,Parser.java,1,2,1290,1758
3043,Parser.java,,Parser.java,1,2,1290,1758
3044,Parser.java,,Parser.java,1,2,950,1290
3045,Parser.java,,Parser.java,1,3,950,1758
3046,Parser.java,,Parser.java,1,2,1290,1758
3047,Parser.java,,Parser.java,1,2,950,1290
3048,Parser.java,,Parser.java,1,3,1290,1896
3049,Parser.java,,Parser.java,1,2,950,1290
3050,Parser.java,,Parser.java,1,2,1290,1758
3051,Parser.java,,Parser.java,1,3,950,1758
3052,Parser.java,,Parser.java,1,4,1290,2010
3053,Parser.java,,Parser.java,1,2,950,1290
3054,Parser.java,,Parser.java,1,2,1290,1758
3055,Parser.java,,Parser.java,1,2,1290,1758
3056,Parser.java,,Parser.java,1,3,950,1758
3057,Parser.java,,Parser.java,1,3,1758,2010
3058,Parser.java,,Parser.java,1,2,950,1758
3059,Parser.java,,Parser.java,1,2,1290,1758
3060,Parser.java,,Parser.java,1,2,1290,1758
3061,Parser.java,,Parser.java,1,3,950,1896
3062,Parser.java,,Parser.java,1,3,1290,2010
3063,Parser.java,,Parser.java,1,2,1290,1758
3064,Parser.java,,Parser.java,1,2,1758,1896
3065,Parser.java,,Parser.java,1,2,1290,1758
3066,Parser.java,,Parser.java,1,2,1290,1758
3067,Parser.java,,Parser.java,1,2,1290,1758
3068,Parser.java,,Parser.java,1,2,1290,1758
3069,Parser.java,,Parser.java,1,2,950,1758
3070,Parser.java,,Parser.java,1,5,950,2010
3071,Parser.java,,Parser.java,1,2,1290,1758
3072,Parser.java,,Parser.java,1,3,950,1758
3073,Parser.java,,Parser.java,1,3,950,1758
3074,Parser.java,,Parser.java,1,2,950,1758
3075,Parser.java,,Parser.java,1,2,950,1758
3076,Parser.java,,Parser.java,1,1,950,950
3077,Parser.java,,Parser.java,1,4,1290,2010
3078,Parser.java,,Parser.java,1,2,1290,1758
3079,Parser.java,,Parser.java,1,2,950,1290
3080,Parser.java,,Parser.java,1,3,950,1758
3081,Parser.java,,Parser.java,1,5,950,2010
3082,Parser.java,,Parser.java,1,4,950,2010
3083,Parser.java,,Parser.java,1,2,950,1758
3084,Parser.java,,Parser.java,1,4,950,1896
3085,Parser.java,,Parser.java,1,1,950,950
3086,Parser.java,,Parser.java,1,5,950,2010
3087,Parser.java,,Parser.java,1,4,1290,2010
3088,Parser.java,,Parser.java,1,4,1290,2010
3089,Parser.java,,Parser.java,1,2,1290,1758
3090,Parser.java,,Parser.java,1,3,950,2010
3091,Parser.java,,Parser.java,1,3,950,1758
3092,Parser.java,,Parser.java,1,5,950,2010
3093,Parser.java,,Parser.java,1,3,950,1758
3094,Parser.java,,Parser.java,1,3,950,2010
3095,Parser.java,,Parser.java,1,4,950,2010
3096,Parser.java,,Parser.java,1,2,950,1758
3097,Parser.java,,Parser.java,1,3,950,1758
3098,Parser.java,,Parser.java,1,4,950,2010
3099,Parser.java,,Parser.java,1,3,950,1758
3100,Parser.java,,Parser.java,1,2,1290,1758
3101,Parser.java,,Parser.java,1,4,950,2010
3102,Parser.java,,Parser.java,1,3,950,1758
3103,Parser.java,,Parser.java,1,3,950,1758
3104,Parser.java,,Parser.java,1,2,950,1758
3105,Parser.java,,Parser.java,1,2,1290,1758
3106,Parser.java,,Parser.java,1,2,950,1758
3107,Parser.java,,Parser.java,1,3,950,1758
3108,Parser.java,,Parser.java,1,2,950,1758
3109,Parser.java,,Parser.java,1,2,950,1758
3110,Parser.java,,Parser.java,1,3,950,1758
3111,Parser.java,,Parser.java,1,3,950,1896
3112,Parser.java,,Parser.java,1,5,950,2010
3113,Parser.java,,Parser.java,1,2,1290,1758
3114,Parser.java,,Parser.java,1,3,950,1758
3115,Parser.java,,Parser.java,1,4,950,1896
3116,Parser.java,,Parser.java,1,4,950,2010
3117,Parser.java,,Parser.java,1,4,950,2010
3118,Parser.java,,Parser.java,1,1,1758,1758
3119,Parser.java,,Parser.java,1,3,950,2010
3120,Parser.java,,Parser.java,1,3,950,1758
3121,Parser.java,,Parser.java,1,2,950,1758
3122,Parser.java,,Parser.java,1,2,1290,1758
3123,Parser.java,,Parser.java,1,3,950,1758
3124,Parser.java,,Parser.java,1,1,1290,1290
3125,Parser.java,,Parser.java,1,1,950,950
3126,Parser.java,,Parser.java,1,2,950,1758
3127,Parser.java,,Parser.java,1,3,950,1758
3128,Parser.java,,Parser.java,1,1,1290,1290
3129,Parser.java,,Parser.java,1,3,950,1758
3130,Parser.java,,Parser.java,1,3,950,1758
3131,Parser.java,,Parser.java,1,3,950,1758
3132,Parser.java,,Parser.java,1,3,950,1758
3133,Parser.java,,Parser.java,1,3,950,1758
3134,Parser.java,,Parser.java,1,2,950,1758
3135,Parser.java,,Parser.java,1,2,950,1758
3136,Parser.java,,Parser.java,1,3,950,1758
3137,Parser.java,,Parser.java,1,2,1290,1758
3138,Parser.java,,Parser.java,1,4,950,2010
3139,Parser.java,,Parser.java,1,2,1290,1758
3140,Parser.java,,Parser.java,1,3,950,1758
3141,Parser.java,,Parser.java,1,3,950,1758
3142,Parser.java,,Parser.java,1,3,950,1758
3143,Parser.java,,Parser.java,1,3,950,1896
3144,Parser.java,,Parser.java,1,3,950,2010
3145,Parser.java,,Parser.java,1,2,950,1290
3146,Parser.java,,Parser.java,1,5,950,2010
3147,Parser.java,,Parser.java,1,2,950,1290
3153,Parser.java,,Parser.java,1,1,950,950
3164,Parser.java,,Parser.java,1,3,950,1758
3165,Parser.java,,Parser.java,1,3,950,1758
3166,Parser.java,,Parser.java,1,3,950,1758
3167,Parser.java,,Parser.java,1,3,950,1758
3168,Parser.java,,Parser.java,1,3,950,1758
3169,Parser.java,,Parser.java,1,3,950,1758
3170,Parser.java,,Parser.java,1,3,950,1758
3172,ParserTokenManager.java,,ParserTokenManager.java,1,1,1896,1896
3173,ParserTokenManager.java,,ParserTokenManager.java,1,1,1896,1896
3176,ParserTokenManager.java,,ParserTokenManager.java,1,1,1896,1896
3177,ParserTokenManager.java,,ParserTokenManager.java,1,1,1896,1896
3179,ParserTokenManager.java,,ParserTokenManager.java,1,1,1896,1896
3180,ParserTokenManager.java,,ParserTokenManager.java,1,2,950,1896
3181,ParserTokenManager.java,,ParserTokenManager.java,1,1,1290,1290
3182,ParserTokenManager.java,,ParserTokenManager.java,1,1,1290,1290
3183,ParserTokenManager.java,,ParserTokenManager.java,1,1,1290,1290
3184,ParserTokenManager.java,,ParserTokenManager.java,1,1,1290,1290
3185,ParserTokenManager.java,,ParserTokenManager.java,1,1,1290,1290
3186,ParserTokenManager.java,,ParserTokenManager.java,1,1,1290,1290
3189,ParserTokenManager.java,,ParserTokenManager.java,1,1,1896,1896
3190,ParserTokenManager.java,,ParserTokenManager.java,1,1,1896,1896
3191,ParserTokenManager.java,,ParserTokenManager.java,1,1,1896,1896
3192,ParserTokenManager.java,,ParserTokenManager.java,1,1,1896,1896
3199,ParserTokenManager.java,,ParserTokenManager.java,1,1,1896,1896
3205,ParserTokenManager.java,,ParserTokenManager.java,1,1,1896,1896
3206,ParserTokenManager.java,,ParserTokenManager.java,1,1,1896,1896
3207,ParserTokenManager.java,,ParserTokenManager.java,1,1,1896,1896
3208,ParserTokenManager.java,,ParserTokenManager.java,1,2,950,1896
3209,ParserTokenManager.java,,ParserTokenManager.java,1,1,950,950
3210,ParserTokenManager.java,,ParserTokenManager.java,1,1,950,950
3211,Reflect.java,,Reflect.java,1,7,833,2603
3212,QuickNotepad.java,,QuickNotepad.java,1,2,1693,2588
3213,EditPane.java,,EditPane.java,1,6,879,1547
3215,QuickNotepad.java,,QuickNotepad.java,1,1,987,987
3216,InputHandler.java,,InputHandler.java,1,14,836,3715
3217,TextRenderingManager.java,,TextRenderingManager.java,1,1,839,839
3219,TextRenderingManager.java,,TextRenderingManager.java,1,1,841,841
3225,HyperSearchResults.java,,HyperSearchResults.java,1,4,847,1421
3229,BSHLHSPrimarySuffix.java,,BSHLHSPrimarySuffix.java,1,2,950,1758
3230,BSHPrimarySuffix.java,,BSHPrimarySuffix.java,1,3,861,1758
3232,JEditTextArea.java,,JEditTextArea.java,1,6,865,932
3233,ShortcutsOptionPane.java,,ShortcutsOptionPane.java,1,6,864,2617
3234,GrabKeyDialog.java,,GrabKeyDialog.java,1,6,865,3857
3235,GrabKeyDialog.java,,GrabKeyDialog.java,1,13,865,3857
3236,PluginListDownloadProgress.java,,PluginListDownloadProgress.java,1,1,865,865
3238,BeanShellAction.java,,BeanShellAction.java,1,1,868,868
3239,ConsoleInstall.java,,ConsoleInstall.java,1,5,881,1559
3240,NonInteractiveInstall.java,,NonInteractiveInstall.java,1,2,1509,1559
3241,StatusBar.java,,StatusBar.java,1,2,900,928
3242,JEditTextArea.java,,JEditTextArea.java,1,6,900,930
3243,IOProgressMonitor.java,,IOProgressMonitor.java,1,2,900,1289
3244,IOProgressMonitor.java,,IOProgressMonitor.java,1,2,900,2411
3246,WorkThreadPool.java,,WorkThreadPool.java,1,2,900,1020
3247,BufferHistory.java,,BufferHistory.java,1,5,900,1905
3248,BrowserOptionPane.java,,BrowserOptionPane.java,1,1,1020,1020
3249,WorkThreadPool.java,,WorkThreadPool.java,1,2,900,1020
3250,SplashScreen.java,,SplashScreen.java,1,2,901,2901
3251,BufferHistory.java,,BufferHistory.java,1,5,1535,2253
3252,jEdit.java,,jEdit.java,1,103,901,3999
3253,jEdit.java,,jEdit.java,1,52,901,1725
3256,JCheckBoxList.java,,JCheckBoxList.java,1,4,1412,3538
3257,VFSFileChooserDialog.java,,VFSFileChooserDialog.java,1,1,907,907
3258,PluginsMenu.java,,PluginsMenu.java,1,1,908,908
3259,PanelWindowContainer.java,,PanelWindowContainer.java,1,1,914,914
3260,FloatingWindowContainer.java,,FloatingWindowContainer.java,1,1,1353,1353
3261,DockableWindowManager.java,,DockableWindowManager.java,1,1,912,912
3262,PanelWindowContainer.java,,PanelWindowContainer.java,1,7,914,1020
3263,PanelWindowContainer.java,,PanelWindowContainer.java,1,7,914,1020
3264,PanelWindowContainer.java,,PanelWindowContainer.java,1,29,914,3112
3265,PanelWindowContainer.java,,PanelWindowContainer.java,1,4,914,934
3266,PanelWindowContainer.java,,PanelWindowContainer.java,1,28,914,2232
3268,PanelWindowContainer.java,,PanelWindowContainer.java,1,22,915,3112
3270,PanelWindowContainer.java,,PanelWindowContainer.java,1,6,915,1020
3271,DockableWindowManager.java,,DockableWindowManager.java,1,37,919,2598
3272,DockableWindowManager.java,,DockableWindowManager.java,1,5,919,927
3273,DockableWindowManager.java,,DockableWindowManager.java,1,12,920,1768
3274,DockableWindowManager.java,,DockableWindowManager.java,1,9,920,1716
3275,DockableWindowManager.java,,DockableWindowManager.java,1,5,920,1717
3276,ActionListHandler.java,,ActionListHandler.java,1,1,1115,1115
3277,DockableWindowManager.java,,DockableWindowManager.java,1,12,920,1768
3278,ActionListHandler.java,,ActionListHandler.java,1,1,1115,1115
3279,ActionListHandler.java,,ActionListHandler.java,1,2,1115,1637
3280,DockableWindowManager.java,,DockableWindowManager.java,1,8,920,2122
3281,DockableWindowManager.java,,DockableWindowManager.java,1,12,920,1768
3282,DockableWindowManager.java,,DockableWindowManager.java,1,14,920,3989
3283,DockableWindowManager.java,,DockableWindowManager.java,1,8,920,1741
3284,ContextOptionPane.java,,ContextOptionPane.java,1,2,923,2539
3285,ToolBarOptionPane.java,,ToolBarOptionPane.java,1,3,920,2539
3286,Gutter.java,,Gutter.java,1,1,927,927
3287,TextAreaPainter.java,,TextAreaPainter.java,1,19,921,1083
3288,AddAbbrevDialog.java,,AddAbbrevDialog.java,1,1,921,921
3290,Gutter.java,,Gutter.java,1,3,921,1010
3291,Gutter.java,,Gutter.java,1,3,921,927
3292,TextAreaPainter.java,,TextAreaPainter.java,1,3,921,1039
3293,VFS.java,,VFS.java,1,15,922,3011
3294,BrowserColorsOptionPane.java,,BrowserColorsOptionPane.java,1,2,1000,1960
3295,TokenMarker.java,,TokenMarker.java,1,12,1023,1419
3296,TokenMarker.java,,TokenMarker.java,1,18,923,3482
3297,Buffer.java,,Buffer.java,1,3,927,933
3298,TokenMarker.java,,TokenMarker.java,1,2,922,933
3299,BrowserColorsOptionPane.java,,BrowserColorsOptionPane.java,1,2,1000,1960
3300,BrowserColorsOptionPane.java,,BrowserColorsOptionPane.java,1,2,1000,1960
3301,AbbrevsOptionPane.java,,AbbrevsOptionPane.java,1,3,1118,1828
3302,BrowserColorsOptionPane.java,,BrowserColorsOptionPane.java,1,2,1000,1960
3304,BrowserColorsOptionPane.java,,BrowserColorsOptionPane.java,1,2,1372,1960
3305,ColorOptionPane.java,,ColorOptionPane.java,1,1,1372,1372
3306,HyperSearchRequest.java,,HyperSearchRequest.java,1,1,922,922
3307,SearchAndReplace.java,,SearchAndReplace.java,1,2,922,931
3308,Gutter.java,,Gutter.java,1,14,923,1688
3309,IndentFoldHandler.java,,IndentFoldHandler.java,1,2,1089,1182
3310,Buffer.java,,Buffer.java,1,1,927,927
3313,FoldVisibilityManager.java,,FoldVisibilityManager.java,1,2,1059,1065
3316,Buffer.java,,Buffer.java,1,1,940,940
3317,Buffer.java,,Buffer.java,1,8,928,942
3318,Buffer.java,,Buffer.java,1,1,928,928
3319,HistoryModel.java,,HistoryModel.java,1,2,1798,2824
3322,FoldVisibilityManager.java,,FoldVisibilityManager.java,1,9,932,1081
3327,Buffer.java,,Buffer.java,1,2,930,933
3328,PanelWindowContainer.java,,PanelWindowContainer.java,1,2,930,932
3329,PanelWindowContainer.java,,PanelWindowContainer.java,1,2,930,932
3330,FoldVisibilityManager.java,,FoldVisibilityManager.java,1,1,933,933
3331,FoldVisibilityManager.java,,FoldVisibilityManager.java,1,2,930,933
3332,FoldVisibilityManager.java,,FoldVisibilityManager.java,1,2,930,931
3333,FoldVisibilityManager.java,,FoldVisibilityManager.java,1,2,930,931
3334,FoldVisibilityManager.java,,FoldVisibilityManager.java,1,1,930,930
3335,FoldVisibilityManager.java,,FoldVisibilityManager.java,1,2,930,931
3336,FoldVisibilityManager.java,,FoldVisibilityManager.java,1,2,930,931
3337,FoldVisibilityManager.java,,FoldVisibilityManager.java,1,7,930,1025
3338,FoldVisibilityManager.java,,FoldVisibilityManager.java,1,11,932,1081
3339,FoldVisibilityManager.java,,FoldVisibilityManager.java,1,1,933,933
3340,FoldVisibilityManager.java,,FoldVisibilityManager.java,1,12,932,1113
3341,FoldVisibilityManager.java,,FoldVisibilityManager.java,1,12,932,1113
3342,PanelWindowContainer.java,,PanelWindowContainer.java,1,9,932,1205
3343,PanelWindowContainer.java,,PanelWindowContainer.java,1,17,932,3112
3344,FoldVisibilityManager.java,,FoldVisibilityManager.java,1,7,932,1059
3345,FoldVisibilityManager.java,,FoldVisibilityManager.java,1,6,932,1059
3346,FoldVisibilityManager.java,,FoldVisibilityManager.java,1,6,933,1081
3347,FoldVisibilityManager.java,,FoldVisibilityManager.java,1,11,932,1081
3348,FoldVisibilityManager.java,,FoldVisibilityManager.java,1,9,932,1081
3349,FoldVisibilityManager.java,,FoldVisibilityManager.java,1,6,932,1081
3350,FoldVisibilityManager.java,,FoldVisibilityManager.java,1,12,932,1081
3351,FoldVisibilityManager.java,,FoldVisibilityManager.java,1,1,933,933
3352,RE.java,,RE.java,1,2,943,1184
3353,Buffer.java,,Buffer.java,1,1,934,934
3354,Buffer.java,,Buffer.java,1,1,934,934
3355,ContentManager.java,,ContentManager.java,1,2,944,1599
3357,IntegerArray.java,,IntegerArray.java,1,1,1822,1822
3358,ContentManager.java,,ContentManager.java,1,9,941,3164
3359,ContentManager.java,,ContentManager.java,1,11,940,3681
3360,ReadWriteLock.java,,ReadWriteLock.java,1,4,1465,3162
3361,ReadWriteLock.java,,ReadWriteLock.java,1,2,1465,2036
3362,ContentManager.java,,ContentManager.java,1,3,940,1599
3363,Buffer.java,,Buffer.java,1,49,940,2247
3364,Buffer.java,,Buffer.java,1,1,940,940
3365,Buffer.java,,Buffer.java,1,2,940,942
3367,JEditTextArea.java,,JEditTextArea.java,1,46,941,1983
3368,JEditTextArea.java,,JEditTextArea.java,1,100,941,2800
3369,JEditTextArea.java,,JEditTextArea.java,1,84,941,2502
3372,Buffer.java,,Buffer.java,1,49,944,2248
3373,FoldVisibilityManager.java,,FoldVisibilityManager.java,1,1,944,944
3374,FoldVisibilityManager.java,,FoldVisibilityManager.java,1,3,944,1059
3375,FoldVisibilityManager.java,,FoldVisibilityManager.java,1,3,944,1059
3376,FoldVisibilityManager.java,,FoldVisibilityManager.java,1,6,944,1059
3377,FoldVisibilityManager.java,,FoldVisibilityManager.java,1,5,944,1059
3378,ReadWriteLock.java,,ReadWriteLock.java,1,5,944,3162
3379,ReadWriteLock.java,,ReadWriteLock.java,1,4,944,2036
3380,OffsetManager.java,,OffsetManager.java,1,3,947,975
3381,OffsetManager.java,,OffsetManager.java,1,2,975,1010
3382,OffsetManager.java,,OffsetManager.java,1,1,1009,1009
3383,VFSFileChooserDialog.java,,VFSFileChooserDialog.java,1,5,952,3257
3384,HyperSearchResult.java,,HyperSearchResult.java,1,1,948,948
3385,Selection.java,,Selection.java,1,15,948,3999
3386,EvalError.java,,EvalError.java,1,1,950,950
3387,NameSpace.java,,NameSpace.java,1,2,950,1290
3388,DefaultInputHandler.java,,DefaultInputHandler.java,1,1,1023,1023
3389,ParseException.java,,ParseException.java,1,2,950,1896
3390,ParseException.java,,ParseException.java,1,1,1896,1896
3391,Parser.java,,Parser.java,1,1,1290,1290
3392,Parser.java,,Parser.java,1,2,950,1290
3393,Parser.java,,Parser.java,1,5,950,2010
3394,Parser.java,,Parser.java,1,1,950,950
3395,XThis.java,,XThis.java,1,1,950,950
3396,TokenMarker.java,,TokenMarker.java,1,27,1023,3482
3397,UndoManager.java,,UndoManager.java,1,14,1000,3849
3398,UndoManager.java,,UndoManager.java,1,14,1000,3849
3399,Buffer.java,,Buffer.java,1,15,953,1988
3400,Buffer.java,,Buffer.java,1,22,953,2395
3401,UndoManager.java,,UndoManager.java,1,12,1017,3849
3402,UndoManager.java,,UndoManager.java,1,13,1017,3849
3403,UndoManager.java,,UndoManager.java,1,4,954,1829
3404,UndoManager.java,,UndoManager.java,1,3,954,1829
3405,UndoManager.java,,UndoManager.java,1,5,954,1829
3406,UndoManager.java,,UndoManager.java,1,7,954,1829
3407,UndoManager.java,,UndoManager.java,1,6,954,1831
3408,UndoManager.java,,UndoManager.java,1,6,954,1816
3409,UndoManager.java,,UndoManager.java,1,3,954,2223
3410,UndoManager.java,,UndoManager.java,1,4,954,2223
3411,UndoManager.java,,UndoManager.java,1,10,1000,3849
3412,UndoManager.java,,UndoManager.java,1,5,1000,1535
3413,SearchDialog.java,,SearchDialog.java,1,6,971,1233
3414,SearchBar.java,,SearchBar.java,1,3,1025,3735
3415,SearchDialog.java,,SearchDialog.java,1,9,971,3792
3416,BufferIORequest.java,,BufferIORequest.java,1,6,995,1388
3417,VFSFileChooserDialog.java,,VFSFileChooserDialog.java,1,2,995,998
3418,DockableWindowManager.java,,DockableWindowManager.java,1,41,995,3989
3419,RecentDirectoriesMenu.java,,RecentDirectoriesMenu.java,1,3,1017,1317
3420,RecentFilesMenu.java,,RecentFilesMenu.java,1,3,995,1317
3421,MiscUtilities.java,,MiscUtilities.java,1,4,995,1026
3422,BrowserCommandsMenu.java,,BrowserCommandsMenu.java,1,1,1114,1114
3424,BrowserCommandsMenu.java,,BrowserCommandsMenu.java,1,2,1981,2194
3426,VFSBrowser.java,,VFSBrowser.java,1,37,999,3781
3427,VFSBrowser.java,,VFSBrowser.java,1,44,1000,3787
3429,VFSBrowser.java,,VFSBrowser.java,1,1,999,999
3430,VFSBrowser.java,,VFSBrowser.java,1,25,999,3781
3431,VFSBrowser.java,,VFSBrowser.java,1,36,1000,1762
3432,VFSBrowser.java,,VFSBrowser.java,1,41,1000,3781
3433,CurrentDirectoryMenu.java,,CurrentDirectoryMenu.java,1,3,1000,1023
3434,BufferIORequest.java,,BufferIORequest.java,1,2,1000,1020
3435,BufferIORequest.java,,BufferIORequest.java,1,1,1020,1020
3436,BrowserView.java,,BrowserView.java,1,14,1004,3373
3437,FoldVisibilityManager.java,,FoldVisibilityManager.java,1,4,1009,1028
3438,FoldVisibilityManager.java,,FoldVisibilityManager.java,1,8,1009,1081
3440,TextUtilities.java,,TextUtilities.java,1,11,1010,1624
3441,TextUtilities.java,,TextUtilities.java,1,10,1010,1624
3442,SwingInstall.java,,SwingInstall.java,1,2,1016,1521
3443,SwingInstall.java,,SwingInstall.java,1,1,1521,1521
3444,UndoManager.java,,UndoManager.java,1,5,1017,1535
3445,TextUtilities.java,,TextUtilities.java,1,1,1018,1018
3446,TextUtilities.java,,TextUtilities.java,1,1,1018,1018
3447,ErrorListDialog.java,,ErrorListDialog.java,1,13,1838,3999
3448,GrabKeyDialog.java,,GrabKeyDialog.java,1,6,1054,3857
3449,PanelWindowContainer.java,,PanelWindowContainer.java,1,2,1020,1030
3450,PanelWindowContainer.java,,PanelWindowContainer.java,1,2,1020,1030
3451,PanelWindowContainer.java,,PanelWindowContainer.java,1,15,1020,3112
3452,VFSManager.java,,VFSManager.java,1,1,1020,1020
3453,JARClassLoader.java,,JARClassLoader.java,1,8,1020,1722
3454,CurrentDirectoryMenu.java,,CurrentDirectoryMenu.java,1,1,1022,1022
3456,Token.java,,Token.java,1,1,1023,1023
3457,ParserRuleSet.java,,ParserRuleSet.java,1,1,1023,1023
3458,OffsetManager.java,,OffsetManager.java,1,22,1023,1778
3459,OffsetManager.java,,OffsetManager.java,1,24,1023,1778
3460,OffsetManager.java,,OffsetManager.java,1,13,1023,1778
3461,OffsetManager.java,,OffsetManager.java,1,16,1023,1778
3462,Macros.java,,Macros.java,1,1,1023,1023
3463,Macros.java,,Macros.java,1,1,1023,1023
3464,BrowserView.java,,BrowserView.java,1,10,1031,1389
3465,SearchBar.java,,SearchBar.java,1,3,1025,1334
3466,DirectoryListSet.java,,DirectoryListSet.java,1,1,1026,1026
3467,KeywordMap.java,,KeywordMap.java,1,1,1270,1270
3468,Parser.java,,Parser.java,1,2,1290,1758
3470,CompleteWord.java,,CompleteWord.java,1,4,1040,1968
3472,Roster.java,,Roster.java,1,4,1166,1819
3473,KeywordMap.java,,KeywordMap.java,1,2,1026,1831
3474,BufferListSet.java,,BufferListSet.java,1,2,1026,1285
3475,BufferListSet.java,,BufferListSet.java,1,3,1026,2038
3476,BufferOptions.java,,BufferOptions.java,1,3,1040,1076
3477,JEditTextArea.java,,JEditTextArea.java,1,6,1027,1061
3478,JEditTextArea.java,,JEditTextArea.java,1,41,1027,2379
3479,CharIndexedSegment.java,,CharIndexedSegment.java,1,2,1028,1399
3480,MiscUtilities.java,,MiscUtilities.java,1,45,1042,3883
3481,MiscUtilities.java,,MiscUtilities.java,1,43,1033,3883
3482,HistoryTextField.java,,HistoryTextField.java,1,4,1034,3364
3486,TextAreaPainter.java,,TextAreaPainter.java,1,7,1035,1157
3487,CompleteWord.java,,CompleteWord.java,1,6,1040,3290
3488,CompleteWord.java,,CompleteWord.java,1,1,1405,1405
3489,CompleteWord.java,,CompleteWord.java,1,1,1405,1405
3491,CompleteWord.java,,CompleteWord.java,1,4,1043,3290
3492,AppearanceOptionPane.java,,AppearanceOptionPane.java,1,1,1043,1043
3496,PrintOptionPane.java,,PrintOptionPane.java,1,3,1046,1841
3497,BufferPrintable.java,,BufferPrintable.java,1,9,1051,2012
3498,BufferPrintable.java,,BufferPrintable.java,1,4,1244,2012
3500,TextUtilities.java,,TextUtilities.java,1,1,1049,1049
3501,TextUtilities.java,,TextUtilities.java,1,1,1049,1049
3504,TextUtilities.java,,TextUtilities.java,1,1,1052,1052
3505,CompleteWord.java,,CompleteWord.java,1,9,1103,2629
3506,PluginManagerProgress.java,,PluginManagerProgress.java,1,2,1819,2290
3507,jEdit.java,,jEdit.java,1,5,1053,3512
3508,ChunkCache.java,,ChunkCache.java,1,2,1054,1060
3510,GrabKeyDialog.java,,GrabKeyDialog.java,1,3,1055,1831
3511,JEditTextArea.java,,JEditTextArea.java,1,3,1060,1062
3512,ChunkCache.java,,ChunkCache.java,1,1,1058,1058
3514,FoldVisibilityManager.java,,FoldVisibilityManager.java,1,5,1059,1113
3515,ChunkCache.java,,ChunkCache.java,1,1,1060,1060
3516,Gutter.java,,Gutter.java,1,1,1061,1061
3517,TextAreaPainter.java,,TextAreaPainter.java,1,1,1061,1061
3518,ChunkCache.java,,ChunkCache.java,1,30,1064,2943
3519,ChunkCache.java,,ChunkCache.java,1,6,1062,2943
3520,ChunkCache.java,,ChunkCache.java,1,17,1081,2943
3521,ChunkCache.java,,ChunkCache.java,1,13,1062,1657
3522,JEditTextArea.java,,JEditTextArea.java,1,1,1062,1062
3523,JEditTextArea.java,,JEditTextArea.java,1,4,1062,1475
3524,BrowserOptionPane.java,,BrowserOptionPane.java,1,1,1700,1700
3526,BufferHistory.java,,BufferHistory.java,1,1,1768,1768
3528,ChunkCache.java,,ChunkCache.java,1,4,1067,1156
3529,ChunkCache.java,,ChunkCache.java,1,4,1067,1084
3533,ExtensionManager.java,,ExtensionManager.java,1,1,1411,1411
3534,ChunkCache.java,,ChunkCache.java,1,22,1076,1786
3536,HelpViewer.java,,HelpViewer.java,1,1,1076,1076
3537,ChunkCache.java,,ChunkCache.java,1,14,1083,2689
3538,ChunkCache.java,,ChunkCache.java,1,7,1076,1483
3539,ChunkCache.java,,ChunkCache.java,1,34,1081,1969
3542,jEdit.java,,jEdit.java,1,41,1100,3998
3543,ChunkCache.java,,ChunkCache.java,1,1,1097,1097
3544,ChunkCache.java,,ChunkCache.java,1,3,1097,1181
3545,Install.java,,Install.java,1,4,1084,2142
3546,JEditTextArea.java,,JEditTextArea.java,1,28,1091,1450
3547,OffsetManager.java,,OffsetManager.java,1,17,1091,1778
3548,ChunkCache.java,,ChunkCache.java,1,3,1097,1178
3549,ChunkCache.java,,ChunkCache.java,1,3,1097,1193
3551,SearchDialog.java,,SearchDialog.java,1,1,1110,1110
3552,JEditTextArea.java,,JEditTextArea.java,1,78,1110,2502
3553,EnhancedButton.java,,EnhancedButton.java,1,1,1743,1743
3554,EnhancedMenuItem.java,,EnhancedMenuItem.java,1,5,1333,3496
3555,JEditTextArea.java,,JEditTextArea.java,1,2,1110,1165
3556,JEditTextArea.java,,JEditTextArea.java,1,35,1110,2379
3557,JEditTextArea.java,,JEditTextArea.java,1,33,1115,2379
3558,SearchDialog.java,,SearchDialog.java,1,16,1139,3792
3559,GUIUtilities.java,,GUIUtilities.java,1,15,1113,1629
3562,GUIUtilities.java,,GUIUtilities.java,1,23,1113,3895
3563,GUIUtilities.java,,GUIUtilities.java,1,11,1350,1678
3564,FoldHandler.java,,FoldHandler.java,1,1,1255,1255
3565,ChunkCache.java,,ChunkCache.java,1,10,1113,1475
3566,Marker.java,,Marker.java,1,1,1114,1114
3567,JEditTextArea.java,,JEditTextArea.java,1,65,1115,2735
3568,JEditTextArea.java,,JEditTextArea.java,1,9,1115,1475
3570,JEditTextArea.java,,JEditTextArea.java,1,59,1118,2756
3571,DockingOptionPane.java,,DockingOptionPane.java,1,1,1356,1356
3572,JEditTextArea.java,,JEditTextArea.java,1,4,1118,1165
3573,Gutter.java,,Gutter.java,1,10,1119,2510
3574,JEditTextArea.java,,JEditTextArea.java,1,26,1119,1628
3575,JEditTextArea.java,,JEditTextArea.java,1,4,1119,1630
3576,StatusBar.java,,StatusBar.java,1,19,1145,3770
3577,TextUtilities.java,,TextUtilities.java,1,1,1142,1142
3578,TextUtilities.java,,TextUtilities.java,1,1,1142,1142
3579,StatusBar.java,,StatusBar.java,1,1,1145,1145
3580,EnhancedCheckBoxMenuItem.java,,EnhancedCheckBoxMenuItem.java,1,2,1743,3496
3581,ChunkCache.java,,ChunkCache.java,1,3,1154,1193
3582,ChunkCache.java,,ChunkCache.java,1,1,1156,1156
3584,BeanShell.java,,BeanShell.java,1,13,1179,2203
3585,BeanShell.java,,BeanShell.java,1,13,1179,2203
3586,OffsetManager.java,,OffsetManager.java,1,8,1183,1639
3587,UndoManager.java,,UndoManager.java,1,1,1183,1183
3588,RE.java,,RE.java,1,1,1184,1184
3589,KeyEventWorkaround.java,,KeyEventWorkaround.java,1,1,1189,1189
3590,FileRootsVFS.java,,FileRootsVFS.java,1,1,1215,1215
3591,BoyerMooreSearchMatcher.java,,BoyerMooreSearchMatcher.java,1,1,1466,1466
3592,RESearchMatcher.java,,RESearchMatcher.java,1,1,1225,1225
3593,FirewallOptionPane.java,,FirewallOptionPane.java,1,1,1234,1234
3597,BufferPrinter1_3.java,,BufferPrinter1_3.java,1,1,1244,1244
3598,BufferPrinter1_4.java,,BufferPrinter1_4.java,1,1,1244,1244
3599,BufferPrinter1_3.java,,BufferPrinter1_3.java,1,3,1244,1312
3600,BufferPrinter1_4.java,,BufferPrinter1_4.java,1,3,1244,1312
3601,BufferPrinter1_3.java,,BufferPrinter1_3.java,1,1,1250,1250
3602,BufferPrinter1_4.java,,BufferPrinter1_4.java,1,1,1244,1244
3603,TextAreaPainter.java,,TextAreaPainter.java,1,21,1241,3922
3604,TextAreaPainter.java,,TextAreaPainter.java,1,24,1241,3922
3605,BufferPrinter1_3.java,,BufferPrinter1_3.java,1,1,1244,1244
3606,Java14.java,,Java14.java,1,2,1246,1920
3607,Buffer.java,,Buffer.java,1,10,1248,1400
3609,StatusBar.java,,StatusBar.java,1,14,1273,2923
3610,AboutDialog.java,,AboutDialog.java,1,1,1255,1255
3611,TextUtilities.java,,TextUtilities.java,1,7,1624,3164
3612,TextUtilities.java,,TextUtilities.java,1,6,1624,3164
3613,TextUtilities.java,,TextUtilities.java,1,8,1256,3164
3614,DefaultTokenHandler.java,,DefaultTokenHandler.java,1,1,1257,1257
3615,DefaultTokenHandler.java,,DefaultTokenHandler.java,1,1,1257,1257
3617,ChunkCache.java,,ChunkCache.java,1,4,1258,2624
3618,TokenMarker.java,,TokenMarker.java,1,1,1262,1262
3619,TokenMarker.java,,TokenMarker.java,1,1,1262,1262
3620,TokenMarker.java,,TokenMarker.java,1,3,1265,1268
3621,TokenMarker.java,,TokenMarker.java,1,18,1265,3482
3622,ParserRule.java,,ParserRule.java,1,3,1267,1359
3623,TokenMarker.java,,TokenMarker.java,1,20,1269,3482
3624,TokenMarker.java,,TokenMarker.java,1,3,1269,1275
3625,AboutDialog.java,,AboutDialog.java,1,2,1271,1273
3626,Chunk.java,,Chunk.java,1,1,1275,1275
3632,ChunkCache.java,,ChunkCache.java,1,9,1277,2689
3633,ChunkCache.java,,ChunkCache.java,1,7,1277,1517
3634,DirectoryMenu.java,,DirectoryMenu.java,1,1,1317,1317
3635,DirectoryMenu.java,,DirectoryMenu.java,1,1,1317,1317
3636,DirectoryMenu.java,,DirectoryMenu.java,1,1,1317,1317
3637,VFSFileChooserDialog.java,,VFSFileChooserDialog.java,1,7,1282,3906
3638,VFSBrowser.java,,VFSBrowser.java,1,4,1282,1735
3639,VFSFileChooserDialog.java,,VFSFileChooserDialog.java,1,2,1284,1364
3641,Parser.java,,Parser.java,1,4,1290,2010
3642,Parser.java,,Parser.java,1,4,1290,2010
3643,Parser.java,,Parser.java,1,1,1290,1290
3644,MiscUtilities.java,,MiscUtilities.java,1,8,1304,1847
3645,ToolBarManager.java,,ToolBarManager.java,1,1,1307,1307
3646,BufferPrinter1_3.java,,BufferPrinter1_3.java,1,1,1311,1311
3647,BufferPrinter1_4.java,,BufferPrinter1_4.java,1,1,1311,1311
3648,BufferPrintable.java,,BufferPrintable.java,1,1,1314,1314
3649,HyperSearchRequest.java,,HyperSearchRequest.java,1,3,1346,2070
3653,SoftWrapTokenHandler.java,,SoftWrapTokenHandler.java,1,1,1317,1317
3655,Selection.java,,Selection.java,1,16,1323,3999
3656,Selection.java,,Selection.java,1,14,1323,3999
3657,BufferPrintable.java,,BufferPrintable.java,1,7,1326,2639
3658,Chunk.java,,Chunk.java,1,1,1326,1326
3659,Chunk.java,,Chunk.java,1,4,1326,1626
3660,Chunk.java,,Chunk.java,1,4,1326,1626
3661,ParserRuleSet.java,,ParserRuleSet.java,1,5,1327,2892
3662,OperatingSystem.java,,OperatingSystem.java,1,3,1343,1532
3663,OperatingSystem.java,,OperatingSystem.java,1,4,1343,1559
3664,DirectoryListSet.java,,DirectoryListSet.java,1,2,1346,1638
3665,Macros.java,,Macros.java,1,1,1355,1355
3666,Macros.java,,Macros.java,1,2,1355,1549
3667,Macros.java,,Macros.java,1,4,1355,2219
3668,Macros.java,,Macros.java,1,1,1355,1355
3669,Macros.java,,Macros.java,1,1,1355,1355
3671,VFSBrowser.java,,VFSBrowser.java,1,11,1364,3781
3672,BrowserView.java,,BrowserView.java,1,4,1364,1393
3674,VFSBrowser.java,,VFSBrowser.java,1,11,1364,3990
3676,BrowserCommandsMenu.java,,BrowserCommandsMenu.java,1,4,1388,1981
3677,BrowserCommandsMenu.java,,BrowserCommandsMenu.java,1,2,1735,2194
3678,SyntaxHiliteOptionPane.java,,SyntaxHiliteOptionPane.java,1,2,1425,3356
3681,SyntaxHiliteOptionPane.java,,SyntaxHiliteOptionPane.java,1,1,1425,1425
3682,SyntaxHiliteOptionPane.java,,SyntaxHiliteOptionPane.java,1,2,1425,3356
3686,Buffer.java,,Buffer.java,1,14,1373,1640
3687,BrowserCommandsMenu.java,,BrowserCommandsMenu.java,1,1,1377,1377
3688,DockingOptionPane.java,,DockingOptionPane.java,1,11,1378,3998
3689,DockingOptionPane.java,,DockingOptionPane.java,1,11,1378,3999
3690,RolloverButton.java,,RolloverButton.java,1,3,1382,1535
3691,RolloverButton.java,,RolloverButton.java,1,7,1437,3636
3692,GutterOptionPane.java,,GutterOptionPane.java,1,4,1404,1887
3693,TextAreaOptionPane.java,,TextAreaOptionPane.java,1,7,1384,2803
3695,VFSFileChooserDialog.java,,VFSFileChooserDialog.java,1,1,1386,1386
3696,DefaultInputHandler.java,,DefaultInputHandler.java,1,3,1389,3477
3697,AbstractOptionPane.java,,AbstractOptionPane.java,1,6,1389,2405
3698,AbstractOptionPane.java,,AbstractOptionPane.java,1,6,1389,2405
3699,XModeHandler.java,,XModeHandler.java,1,2,1395,1399
3700,XModeHandler.java,,XModeHandler.java,1,7,1395,2559
3701,XModeHandler.java,,XModeHandler.java,1,1,1395,1395
3702,XModeHandler.java,,XModeHandler.java,1,1,1395,1395
3703,ExtensionManager.java,,ExtensionManager.java,1,2,1411,1790
3704,PluginManager.java,,PluginManager.java,1,6,1412,1825
3705,HelpIndex.java,,HelpIndex.java,1,4,1430,1459
3706,HelpIndex.java,,HelpIndex.java,1,2,1431,1450
3708,HelpIndex.java,,HelpIndex.java,1,3,1419,1786
3709,GlobalOptions.java,,GlobalOptions.java,1,1,1473,1473
3710,DockableWindowManager.java,,DockableWindowManager.java,1,3,1546,1616
3711,DockableWindowManager.java,,DockableWindowManager.java,1,4,1416,1616
3712,ToolBarOptionPane.java,,ToolBarOptionPane.java,1,2,1416,3722
3713,ToolBarOptionPane.java,,ToolBarOptionPane.java,1,2,1416,3722
3714,EnhancedButton.java,,EnhancedButton.java,1,1,1419,1419
3715,HelpTOCPanel.java,,HelpTOCPanel.java,1,5,1427,2495
3717,HelpTOCPanel.java,,HelpTOCPanel.java,1,3,1427,1897
3718,HelpTOCPanel.java,,HelpTOCPanel.java,1,1,1427,1427
3719,HelpTOCPanel.java,,HelpTOCPanel.java,1,1,1427,1427
3720,HelpTOCPanel.java,,HelpTOCPanel.java,1,2,1770,1897
3744,HelpSearchPanel.java,,HelpSearchPanel.java,1,1,1431,1431
3755,ShowRecentMenu.java,,ShowRecentMenu.java,1,1,1984,1984
3756,ContentManager.java,,ContentManager.java,1,8,1599,3681
3757,BufferPrintable.java,,BufferPrintable.java,1,3,1442,2012
3758,ReadWriteLock.java,,ReadWriteLock.java,1,1,1442,1442
3759,ReadWriteLock.java,,ReadWriteLock.java,1,1,1442,1442
3760,EditAction.java,,EditAction.java,1,1,1447,1447
3761,HyperSearchResults.java,,HyperSearchResults.java,1,2,1450,1781
3762,HyperSearchResults.java,,HyperSearchResults.java,1,3,1450,2282
3763,HelpIndex.java,,HelpIndex.java,1,1,1450,1450
3764,StatusBar.java,,StatusBar.java,1,4,1455,2923
3765,StatusBar.java,,StatusBar.java,1,1,1455,1455
3766,StatusBar.java,,StatusBar.java,1,5,1455,2923
3771,HelpIndex.java,,HelpIndex.java,1,1,1786,1786
3772,HelpSearchPanel.java,,HelpSearchPanel.java,1,1,1459,1459
3774,GrabKeyDialog.java,,GrabKeyDialog.java,1,9,1468,3857
3775,Macros.java,,Macros.java,1,6,1468,3384
3776,PluginManager.java,,PluginManager.java,1,2,1468,1470
3777,PluginManager.java,,PluginManager.java,1,1,1468,1468
3778,PluginManager.java,,PluginManager.java,1,1,1468,1468
3781,OptionsDialog.java,,OptionsDialog.java,1,5,1471,2837
3782,AbstractOptionPane.java,,AbstractOptionPane.java,1,1,1549,1549
3783,AbstractOptionPane.java,,AbstractOptionPane.java,1,6,1475,2405
3784,BufferPrintable.java,,BufferPrintable.java,1,2,1840,2012
3785,BufferPrintable.java,,BufferPrintable.java,1,4,1840,2639
3790,EditingOptionPane.java,,EditingOptionPane.java,1,1,1515,1515
3795,EditingOptionPane.java,,EditingOptionPane.java,1,2,2072,2188
3796,SearchAndReplace.java,,SearchAndReplace.java,1,2,1544,1553
3799,JEditTextArea.java,,JEditTextArea.java,1,7,1475,3880
3800,PluginManagerProgress.java,,PluginManagerProgress.java,1,3,1483,2290
3801,ChunkCache.java,,ChunkCache.java,1,2,1483,1495
3802,TextUtilities.java,,TextUtilities.java,1,13,1488,3164
3803,BrowserIORequest.java,,BrowserIORequest.java,1,2,1809,2236
3804,BrowserIORequest.java,,BrowserIORequest.java,1,2,1493,1828
3807,BrowserIORequest.java,,BrowserIORequest.java,1,1,1493,1493
3808,AnimatedIcon.java,,AnimatedIcon.java,1,1,1499,1499
3810,GUIUtilities.java,,GUIUtilities.java,1,16,1510,2753
3811,GUIUtilities.java,,GUIUtilities.java,1,15,1510,2753
3813,OperatingSystem.java,,OperatingSystem.java,1,5,1521,2275
3815,VariableGridLayout.java,,VariableGridLayout.java,1,1,2939,2939
3817,VariableGridLayout.java,,VariableGridLayout.java,1,1,2408,2408
3818,VariableGridLayout.java,,VariableGridLayout.java,1,1,1738,1738
3819,VariableGridLayout.java,,VariableGridLayout.java,1,1,1738,1738
3822,HyperSearchResults.java,,HyperSearchResults.java,1,6,1522,2283
3823,FloatingWindowContainer.java,,FloatingWindowContainer.java,1,1,1613,1613
3824,CompleteWord.java,,CompleteWord.java,1,2,1968,2268
3825,HyperSearchResults.java,,HyperSearchResults.java,1,5,1522,3436
3826,UndoManager.java,,UndoManager.java,1,1,1528,1528
3827,OperatingSystem.java,,OperatingSystem.java,1,1,1541,1541
3828,OperatingSystem.java,,OperatingSystem.java,1,2,1541,1605
3857,CBZip2InputStream.java,,CBZip2InputStream.java,1,1,2881,2881
3895,VFSFileChooserDialog.java,,VFSFileChooserDialog.java,1,1,1576,1576
3896,VFSFileChooserDialog.java,,VFSFileChooserDialog.java,1,10,1576,3906
3898,OffsetManager.java,,OffsetManager.java,1,13,1602,1778
3899,OffsetManager.java,,OffsetManager.java,1,2,1602,1630
3902,HistoryModel.java,,HistoryModel.java,1,3,1603,1798
3903,OperatingSystem.java,,OperatingSystem.java,1,2,1605,2223
3905,Log.java,,Log.java,1,9,1624,3164
3906,Registers.java,,Registers.java,1,2,1797,1880
3907,Registers.java,,Registers.java,1,3,1768,1905
3908,Registers.java,,Registers.java,1,6,1797,2212
3911,Registers.java,,Registers.java,1,3,1611,1880
3912,Registers.java,,Registers.java,1,3,1611,1880
3915,Delegate.java,,Delegate.java,1,11,1621,3337
3916,Delegate.java,,Delegate.java,1,10,1621,3337
3917,Delegate.java,,Delegate.java,1,11,1621,3337
3918,Delegate.java,,Delegate.java,1,8,1621,3164
3919,Delegate.java,,Delegate.java,1,7,1621,3164
3920,MacOSMenu.java,,MacOSMenu.java,1,1,1614,1614
3922,PanelWindowContainer.java,,PanelWindowContainer.java,1,8,1616,3112
3923,PanelWindowContainer.java,,PanelWindowContainer.java,1,6,1616,3112
3924,PluginOptions.java,,PluginOptions.java,1,1,1739,1739
3925,JEditTextArea.java,,JEditTextArea.java,1,27,1628,1809
3926,JEditTextArea.java,,JEditTextArea.java,1,22,1628,1809
3927,Delegate.java,,Delegate.java,1,8,1621,3164
3928,MacOSPlugin.java,,MacOSPlugin.java,1,1,1751,1751
3929,EditPane.java,,EditPane.java,1,5,1623,3810
3931,SearchBar.java,,SearchBar.java,1,3,1623,3662
3934,CompleteWord.java,,CompleteWord.java,1,3,1969,2629
3935,Log.java,,Log.java,1,9,1624,3164
3936,Delegate.java,,Delegate.java,1,10,1625,3337
3937,Delegate.java,,Delegate.java,1,2,1625,1750
3939,Delegate.java,,Delegate.java,1,9,1625,3337
3940,ParserRule.java,,ParserRule.java,1,1,1626,1626
3941,XModeHandler.java,,XModeHandler.java,1,7,1626,3330
3942,View.java,,View.java,1,23,1690,3998
3943,PerspectiveManager.java,,PerspectiveManager.java,1,3,1659,2252
3944,PerspectiveManager.java,,PerspectiveManager.java,1,1,1768,1768
3945,PerspectiveManager.java,,PerspectiveManager.java,1,2,2100,2252
3946,MiscUtilities.java,,MiscUtilities.java,1,12,1628,2615
3947,ActionBar.java,,ActionBar.java,1,1,2127,2127
3948,CompleteWord.java,,CompleteWord.java,1,2,1968,2127
3949,LogViewer.java,,LogViewer.java,1,6,1628,3837
3950,jEdit.java,,jEdit.java,1,1,1628,1628
3951,ChunkCache.java,,ChunkCache.java,1,6,1631,1714
3952,ChunkCache.java,,ChunkCache.java,1,5,1631,1677
3953,ActionBar.java,,ActionBar.java,1,2,1668,1833
3954,PluginManager.java,,PluginManager.java,1,1,1633,1633
3956,ManagePanel.java,,ManagePanel.java,1,24,1700,3622
3957,ManagePanel.java,,ManagePanel.java,1,4,1700,1838
3958,InstallPanel.java,,InstallPanel.java,1,4,1636,3331
3959,InstallPanel.java,,InstallPanel.java,1,1,1636,1636
3960,ManagePanel.java,,ManagePanel.java,1,12,1780,3440
3961,InstallPanel.java,,InstallPanel.java,1,17,1636,3874
3962,ManagePanel.java,,ManagePanel.java,1,26,1700,3875
3963,ManagePanel.java,,ManagePanel.java,1,27,1700,3875
3964,InstallPanel.java,,InstallPanel.java,1,17,1636,3874
3965,InstallPanel.java,,InstallPanel.java,1,13,1636,3501
3966,ManagePanel.java,,ManagePanel.java,1,10,1636,2705
3967,InstallPanel.java,,InstallPanel.java,1,10,1636,3501
3968,ManagePanel.java,,ManagePanel.java,1,14,1819,3440
3969,ManagePanel.java,,ManagePanel.java,1,1,1762,1762
3970,ManagePanel.java,,ManagePanel.java,1,2,1762,1780
3971,MirrorListHandler.java,,MirrorListHandler.java,1,1,2495,2495
3974,MirrorListHandler.java,,MirrorListHandler.java,1,1,2495,2495
3976,MirrorListHandler.java,,MirrorListHandler.java,1,1,2495,2495
3978,OffsetManager.java,,OffsetManager.java,1,5,1636,1683
3979,OffsetManager.java,,OffsetManager.java,1,3,1636,1655
3980,Buffer.java,,Buffer.java,1,24,1637,2248
3981,DisplayManager.java,,DisplayManager.java,1,2,1640,1644
3982,OptionsDialog.java,,OptionsDialog.java,1,1,1637,1637
3983,PluginManager.java,,PluginManager.java,1,4,1637,3025
3984,OffsetManager.java,,OffsetManager.java,1,2,1637,1638
3985,DisplayManager.java,,DisplayManager.java,1,15,1640,3571
3986,DisplayManager.java,,DisplayManager.java,1,7,1640,1829
3987,DisplayManager.java,,DisplayManager.java,1,12,1640,3571
3988,DisplayManager.java,,DisplayManager.java,1,9,1640,3669
3989,DisplayManager.java,,DisplayManager.java,1,8,1640,2230
3990,DisplayManager.java,,DisplayManager.java,1,7,1640,1829
3991,DisplayManager.java,,DisplayManager.java,1,5,1640,1703
3993,DisplayManager.java,,DisplayManager.java,1,2,1640,1773
3994,DisplayManager.java,,DisplayManager.java,1,2,1640,1773
3995,DisplayManager.java,,DisplayManager.java,1,2,1640,1773
3996,DisplayManager.java,,DisplayManager.java,1,2,1640,1773
3999,DisplayManager.java,,DisplayManager.java,1,5,1640,1829
4000,DisplayManager.java,,DisplayManager.java,1,4,1640,1829
4004,DisplayManager.java,,DisplayManager.java,1,1,1641,1641
4005,DisplayManager.java,,DisplayManager.java,1,3,1641,1677
4006,DisplayManager.java,,DisplayManager.java,1,3,1645,1677
4007,DockableWindowManager.java,,DockableWindowManager.java,1,7,1652,1696
4008,DockableWindowManager.java,,DockableWindowManager.java,1,7,1652,1696
4009,DockableWindowManager.java,,DockableWindowManager.java,1,9,1652,1765
4010,OffsetManager.java,,OffsetManager.java,1,1,1683,1683
4011,DisplayManager.java,,DisplayManager.java,1,7,1664,2182
4013,Selection.java,,Selection.java,1,12,1660,3999
4014,StatusBarOptionPane.java,,StatusBarOptionPane.java,1,1,2923,2923
4016,EnhancedCheckBoxMenuItem.java,,EnhancedCheckBoxMenuItem.java,1,2,1664,1735
4017,EnhancedCheckBoxMenuItem.java,,EnhancedCheckBoxMenuItem.java,1,2,1664,1676
4018,EnhancedMenuItem.java,,EnhancedMenuItem.java,1,3,1664,3496
4019,jEdit.java,,jEdit.java,1,4,1685,2659
4020,EnhancedCheckBoxMenuItem.java,,EnhancedCheckBoxMenuItem.java,1,3,1664,3496
4021,ActionBar.java,,ActionBar.java,1,7,1668,3888
4022,PanelWindowContainer.java,,PanelWindowContainer.java,1,8,1668,3587
4023,PanelWindowContainer.java,,PanelWindowContainer.java,1,8,1668,3587
4024,FileCellRenderer.java,,FileCellRenderer.java,1,1,1708,1708
4025,RolloverButton.java,,RolloverButton.java,1,1,1678,1678
4026,DisplayManager.java,,DisplayManager.java,1,4,1679,1716
4027,DisplayManager.java,,DisplayManager.java,1,4,1679,1716
4028,DisplayManager.java,,DisplayManager.java,1,24,1685,2248
4029,OffsetManager.java,,OffsetManager.java,1,2,1683,1711
4030,DisplayManager.java,,DisplayManager.java,1,11,1683,2248
4031,DisplayManager.java,,DisplayManager.java,1,22,1683,2227
4032,DisplayManager.java,,DisplayManager.java,1,9,1685,2110
4033,DisplayManager.java,,DisplayManager.java,1,9,1685,3669
4034,FloatingWindowContainer.java,,FloatingWindowContainer.java,1,4,1693,2705
4035,PanelWindowContainer.java,,PanelWindowContainer.java,1,2,1693,1765
4036,FilesChangedDialog.java,,FilesChangedDialog.java,1,4,1695,2922
4037,ActionSet.java,,ActionSet.java,1,4,1696,2103
4038,ActionSet.java,,ActionSet.java,1,4,1722,3512
4039,ActionSet.java,,ActionSet.java,1,7,1716,2103
4041,VFSFileNameField.java,,VFSFileNameField.java,1,6,1700,2050
4042,DisplayManager.java,,DisplayManager.java,1,3,1714,1776
4043,DisplayManager.java,,DisplayManager.java,1,4,1700,1776
4044,DisplayManager.java,,DisplayManager.java,1,5,1700,3068
4045,VFSFileChooserDialog.java,,VFSFileChooserDialog.java,1,1,1701,1701
4047,VFSFileNameField.java,,VFSFileNameField.java,1,4,1703,2012
4048,OperatingSystem.java,,OperatingSystem.java,1,1,3207,3207
4049,LogViewer.java,,LogViewer.java,1,3,1703,2090
4050,VFSFileNameField.java,,VFSFileNameField.java,1,3,1705,1724
4053,Selection.java,,Selection.java,1,1,2016,2016
4054,DisplayManager.java,,DisplayManager.java,1,11,1704,1791
4055,DisplayManager.java,,DisplayManager.java,1,6,1714,1784
4056,DisplayManager.java,,DisplayManager.java,1,2,1714,1716
4058,VFSDirectoryEntryTableModel.java,,VFSDirectoryEntryTableModel.java,1,1,1708,1708
4060,VFS.java,,VFS.java,1,4,1710,1843
4062,DockableWindowManager.java,,DockableWindowManager.java,1,25,1714,3989
4065,ServiceListHandler.java,,ServiceListHandler.java,1,2,1741,2495
4067,ServiceManager.java,,ServiceManager.java,1,1,1722,1722
4070,ServiceListHandler.java,,ServiceListHandler.java,1,1,1741,1741
4071,ServiceListHandler.java,,ServiceListHandler.java,1,1,2495,2495
4072,ActionSet.java,,ActionSet.java,1,2,1722,1735
4074,ServiceManager.java,,ServiceManager.java,1,1,1743,1743
4076,ServiceManager.java,,ServiceManager.java,1,1,1741,1741
4077,ServiceManager.java,,ServiceManager.java,1,1,1743,1743
4078,ServiceManager.java,,ServiceManager.java,1,1,1743,1743
4080,DisplayManager.java,,DisplayManager.java,1,8,1717,2205
4081,DisplayManager.java,,DisplayManager.java,1,7,1717,2205
4082,ActionSet.java,,ActionSet.java,1,1,1722,1722
4084,PluginJAR.java,,PluginJAR.java,1,8,1724,2043
4085,PluginJAR.java,,PluginJAR.java,1,13,1724,3029
4086,PluginJAR.java,,PluginJAR.java,1,7,1724,1747
4087,PluginJAR.java,,PluginJAR.java,1,7,1724,1747
4088,PluginJAR.java,,PluginJAR.java,1,13,1724,3029
4089,PluginJAR.java,,PluginJAR.java,1,17,1724,3440
4091,PluginJAR.java,,PluginJAR.java,1,1,1724,1724
4093,PluginJAR.java,,PluginJAR.java,1,10,1724,3029
4094,VFSFileNameField.java,,VFSFileNameField.java,1,3,1724,1880
4095,VFSFileNameField.java,,VFSFileNameField.java,1,3,1724,1880
4096,QuickNotepad.java,,QuickNotepad.java,1,4,2081,2588
4097,Registers.java,,Registers.java,1,9,1768,2309
4099,ActionContext.java,,ActionContext.java,1,1,2347,2347
4100,BeanShellAction.java,,BeanShellAction.java,1,2,1735,1759
4102,EditPlugin.java,,EditPlugin.java,1,1,1743,1743
4103,EditPlugin.java,,EditPlugin.java,1,2,1736,1743
4104,PluginJAR.java,,PluginJAR.java,1,8,1738,3029
4105,OptionGroup.java,,OptionGroup.java,1,3,1739,2837
4106,VFSFileChooserDialog.java,,VFSFileChooserDialog.java,1,2,1794,1880
4108,VFSFileChooserDialog.java,,VFSFileChooserDialog.java,1,2,1794,3257
4109,ReadWriteLock.java,,ReadWriteLock.java,1,1,2036,2036
4112,PluginJAR.java,,PluginJAR.java,1,23,1746,3440
4113,ActionSet.java,,ActionSet.java,1,2,1743,2111
4114,PluginJAR.java,,PluginJAR.java,1,12,1741,2707
4115,VFSManager.java,,VFSManager.java,1,2,1964,2101
4116,PluginJAR.java,,PluginJAR.java,1,13,1838,3440
4117,PluginJAR.java,,PluginJAR.java,1,10,1741,2707
4118,PluginJAR.java,,PluginJAR.java,1,7,1741,1838
4119,PluginJAR.java,,PluginJAR.java,1,19,1742,3440
4120,PluginJAR.java,,PluginJAR.java,1,18,1742,3440
4121,PluginJAR.java,,PluginJAR.java,1,14,1746,3440
4122,PluginJAR.java,,PluginJAR.java,1,10,1746,3207
4123,PluginJAR.java,,PluginJAR.java,1,1,1743,1743
4124,PluginJAR.java,,PluginJAR.java,1,25,1742,3440
4125,PluginJAR.java,,PluginJAR.java,1,2,1742,1743
4126,PluginJAR.java,,PluginJAR.java,1,1,1742,1742
4129,EnhancedButton.java,,EnhancedButton.java,1,1,1743,1743
4132,PluginJAR.java,,PluginJAR.java,1,4,2043,3029
4133,DirectoryProvider.java,,DirectoryProvider.java,1,1,3873,3873
4138,RecentFilesProvider.java,,RecentFilesProvider.java,1,3,2448,3443
4142,RecentFilesProvider.java,,RecentFilesProvider.java,1,2,2944,3390
4143,RecentDirectoriesProvider.java,,RecentDirectoriesProvider.java,1,1,1819,1819
4157,NameSpace.java,,NameSpace.java,1,1,1758,1758
4158,BSHAmbiguousName.java,,BSHAmbiguousName.java,1,2,1758,1896
4159,BSHLHSPrimaryExpression.java,,BSHLHSPrimaryExpression.java,1,1,1758,1758
4160,BSHAmbiguousName.java,,BSHAmbiguousName.java,1,1,1758,1758
4161,NameSpace.java,,NameSpace.java,1,3,1758,3712
4162,BshClassManager.java,,BshClassManager.java,1,1,1758,1758
4163,BshClassManager.java,,BshClassManager.java,1,1,1758,1758
4164,BshClassManager.java,,BshClassManager.java,1,2,2603,3712
4166,EvalError.java,,EvalError.java,1,1,1758,1758
4169,NameSpace.java,,NameSpace.java,1,5,1898,3712
4170,Parser.java,,Parser.java,1,1,1758,1758
4171,Parser.java,,Parser.java,1,2,1758,1896
4172,Parser.java,,Parser.java,1,1,1758,1758
4173,PluginJAR.java,,PluginJAR.java,1,11,1762,3440
4174,Roster.java,,Roster.java,1,1,1762,1762
4175,Roster.java,,Roster.java,1,1,1762,1762
4176,Roster.java,,Roster.java,1,1,1762,1762
4177,PluginManagerProgress.java,,PluginManagerProgress.java,1,1,1762,1762
4178,Roster.java,,Roster.java,1,2,1780,1812
4179,Roster.java,,Roster.java,1,3,1812,3207
4180,PluginJAR.java,,PluginJAR.java,1,7,1959,3252
4181,PluginJAR.java,,PluginJAR.java,1,9,1763,3252
4182,PanelWindowContainer.java,,PanelWindowContainer.java,1,1,2265,2265
4183,PanelWindowContainer.java,,PanelWindowContainer.java,1,1,1765,1765
4184,AppearanceOptionPane.java,,AppearanceOptionPane.java,1,1,1768,1768
4185,HelpTOCPanel.java,,HelpTOCPanel.java,1,2,1768,1770
4186,ActionSet.java,,ActionSet.java,1,1,1768,1768
4187,jEdit.java,,jEdit.java,1,13,1791,2901
4188,Roster.java,,Roster.java,1,2,1780,1819
4189,PerspectiveManager.java,,PerspectiveManager.java,1,3,1768,2252
4190,BufferHistory.java,,BufferHistory.java,1,5,1768,3445
4191,Registers.java,,Registers.java,1,4,1797,2109
4192,GeneralOptionPane.java,,GeneralOptionPane.java,1,1,1768,1768
4194,ServiceManager.java,,ServiceManager.java,1,1,2495,2495
4196,ServiceManager.java,,ServiceManager.java,1,2,2495,2674
4197,ServiceManager.java,,ServiceManager.java,1,1,1769,1769
4199,ServiceManager.java,,ServiceManager.java,1,2,2495,2674
4200,ServiceManager.java,,ServiceManager.java,1,2,2495,2674
4201,ServiceManager.java,,ServiceManager.java,1,1,2495,2495
4202,HelpViewer.java,,HelpViewer.java,1,6,1770,3164
4203,VFSDirectoryEntryTable.java,,VFSDirectoryEntryTable.java,1,7,1770,3313
4205,LogViewer.java,,LogViewer.java,1,7,1770,3837
4208,ViewOptionPane.java,,ViewOptionPane.java,1,5,3062,3932
4209,ViewOptionPane.java,,ViewOptionPane.java,1,5,3062,3932
4210,DisplayManager.java,,DisplayManager.java,1,1,1774,1774
4211,DisplayManager.java,,DisplayManager.java,1,5,1773,2253
4212,DisplayManager.java,,DisplayManager.java,1,1,1773,1773
4213,DisplayManager.java,,DisplayManager.java,1,2,1773,1774
4214,DisplayManager.java,,DisplayManager.java,1,1,1773,1773
4215,DisplayManager.java,,DisplayManager.java,1,1,1774,1774
4217,DisplayManager.java,,DisplayManager.java,1,32,1790,2229
4219,DisplayManager.java,,DisplayManager.java,1,1,1776,1776
4220,DisplayManager.java,,DisplayManager.java,1,1,1776,1776
4221,DisplayManager.java,,DisplayManager.java,1,2,1829,1944
4222,JEditTextArea.java,,JEditTextArea.java,1,42,1809,2756
4223,MiscUtilities.java,,MiscUtilities.java,1,34,1777,3883
4224,DisplayManager.java,,DisplayManager.java,1,14,1778,2229
4225,DisplayManager.java,,DisplayManager.java,1,8,1778,1862
4226,DisplayManager.java,,DisplayManager.java,1,3,1778,1784
4227,PluginManager.java,,PluginManager.java,1,2,1779,1819
4229,ManagePanel.java,,ManagePanel.java,1,8,1780,2219
4230,Roster.java,,Roster.java,1,3,1780,1819
4231,HyperSearchResults.java,,HyperSearchResults.java,1,8,1781,3432
4232,DisplayManager.java,,DisplayManager.java,1,11,1781,3669
4234,ExtensionManager.java,,ExtensionManager.java,1,2,1783,2684
4235,DisplayManager.java,,DisplayManager.java,1,14,1789,2229
4236,DisplayManager.java,,DisplayManager.java,1,16,1789,2229
4237,SearchBar.java,,SearchBar.java,1,1,2877,2877
4238,VFSBrowser.java,,VFSBrowser.java,1,16,1800,3799
4239,JEditTextArea.java,,JEditTextArea.java,1,26,1803,2174
4240,PasteFromListDialog.java,,PasteFromListDialog.java,1,2,1862,2223
4241,VFSDirectoryEntryTableModel.java,,VFSDirectoryEntryTableModel.java,1,1,2258,2258
4242,VFSDirectoryEntryTableModel.java,,VFSDirectoryEntryTableModel.java,1,1,2258,2258
4243,FavoritesVFS.java,,FavoritesVFS.java,1,1,1811,1811
4244,FileRootsVFS.java,,FileRootsVFS.java,1,2,1985,2174
4245,Roster.java,,Roster.java,1,1,1812,1812
4246,Roster.java,,Roster.java,1,1,1812,1812
4247,UndoManager.java,,UndoManager.java,1,3,1816,3849
4248,RecentFilesProvider.java,,RecentFilesProvider.java,1,1,3390,3390
4249,RecentFilesProvider.java,,RecentFilesProvider.java,1,3,1817,2944
4250,BufferHistory.java,,BufferHistory.java,1,4,1817,2495
4252,RecentDirectoriesProvider.java,,RecentDirectoriesProvider.java,1,1,2539,2539
4253,RecentFilesProvider.java,,RecentFilesProvider.java,1,2,2448,2539
4254,PluginManager.java,,PluginManager.java,1,1,1825,1825
4255,HelpViewer.java,,HelpViewer.java,1,8,2109,3164
4256,AbbrevsOptionPane.java,,AbbrevsOptionPane.java,1,2,1828,2539
4257,PluginManagerOptionPane.java,,PluginManagerOptionPane.java,1,1,3258,3258
4258,SearchAndReplace.java,,SearchAndReplace.java,1,5,1828,3108
4259,SearchDialog.java,,SearchDialog.java,1,3,1828,1880
4260,DisplayManager.java,,DisplayManager.java,1,11,1829,3669
4261,KeywordMap.java,,KeywordMap.java,1,1,1831,1831
4262,ParserRuleSet.java,,ParserRuleSet.java,1,2,1831,2797
4263,KillRing.java,,KillRing.java,1,6,1908,3458
4264,KillRing.java,,KillRing.java,1,6,1834,2791
4265,ErrorListDialog.java,,ErrorListDialog.java,1,1,1838,1838
4266,InstallPanel.java,,InstallPanel.java,1,2,1855,2067
4267,ManagePanel.java,,ManagePanel.java,1,1,1838,1838
4268,InstallPanel.java,,InstallPanel.java,1,1,1887,1887
4270,ManagePanel.java,,ManagePanel.java,1,9,1840,3164
4271,GUIUtilities.java,,GUIUtilities.java,1,14,1842,3895
4272,GUIUtilities.java,,GUIUtilities.java,1,17,1842,3895
4274,FontSelector.java,,FontSelector.java,1,2,1847,1989
4275,KeyEventTranslator.java,,KeyEventTranslator.java,1,16,1859,3715
4276,KeyEventTranslator.java,,KeyEventTranslator.java,1,10,1856,2008
4277,DefaultInputHandler.java,,DefaultInputHandler.java,1,4,1855,2192
4278,KeyEventTranslator.java,,KeyEventTranslator.java,1,1,1882,1882
4280,LineManager.java,,LineManager.java,1,1,2184,2184
4281,LineManager.java,,LineManager.java,1,1,2085,2085
4282,PositionManager.java,,PositionManager.java,1,1,1861,1861
4283,PositionManager.java,,PositionManager.java,1,9,1861,1903
4284,LineManager.java,,LineManager.java,1,1,2184,2184
4285,LineManager.java,,LineManager.java,1,1,2184,2184
4286,LineManager.java,,LineManager.java,1,1,2184,2184
4287,PositionManager.java,,PositionManager.java,1,8,1861,1903
4288,PositionManager.java,,PositionManager.java,1,1,1888,1888
4289,PositionManager.java,,PositionManager.java,1,2,1862,1874
4290,PositionManager.java,,PositionManager.java,1,7,1862,1887
4291,PositionManager.java,,PositionManager.java,1,7,1862,1887
4292,PositionManager.java,,PositionManager.java,1,2,1862,1867
4293,PositionManager.java,,PositionManager.java,1,2,1862,1867
4294,PositionManager.java,,PositionManager.java,1,13,1867,1935
4295,PositionManager.java,,PositionManager.java,1,5,1879,1888
4296,PositionManager.java,,PositionManager.java,1,6,1867,1888
4297,PositionManager.java,,PositionManager.java,1,4,1867,1888
4298,PositionManager.java,,PositionManager.java,1,3,1867,1888
4299,StructureMatcher.java,,StructureMatcher.java,1,1,1887,1887
4300,TextAreaPainter.java,,TextAreaPainter.java,1,1,1877,1877
4301,TextAreaPainter.java,,TextAreaPainter.java,1,1,1877,1877
4302,PositionManager.java,,PositionManager.java,1,1,1879,1879
4303,PositionManager.java,,PositionManager.java,1,1,1879,1879
4304,PositionManager.java,,PositionManager.java,1,3,1890,1903
4305,PositionManager.java,,PositionManager.java,1,6,1890,1933
4306,PositionManager.java,,PositionManager.java,1,3,1890,1931
4307,PositionManager.java,,PositionManager.java,1,5,1890,1931
4308,PositionManager.java,,PositionManager.java,1,3,1890,1931
4309,PositionManager.java,,PositionManager.java,1,3,1890,1918
4310,SearchAndReplace.java,,SearchAndReplace.java,1,1,1895,1895
4312,BlockNameSpace.java,,BlockNameSpace.java,1,1,2010,2010
4313,BshClassManager.java,,BshClassManager.java,1,2,1896,2010
4314,BshClassManager.java,,BshClassManager.java,1,2,1896,2010
4315,NameSpace.java,,NameSpace.java,1,1,1898,1898
4316,BshMethod.java,,BshMethod.java,1,2,1896,2010
4317,BSHEnhancedForStatement.java,,BSHEnhancedForStatement.java,1,1,2603,2603
4319,BSHPrimarySuffix.java,,BSHPrimarySuffix.java,1,1,1896,1896
4321,Name.java,,Name.java,1,1,1896,1896
4322,ParserTokenManager.java,,ParserTokenManager.java,1,1,1896,1896
4324,This.java,,This.java,1,1,1896,1896
4325,CollectionManager.java,,CollectionManager.java,1,1,3712,3712
4331,NameSpace.java,,NameSpace.java,1,3,1896,3712
4332,Parser.java,,Parser.java,1,1,1896,1896
4333,Parser.java,,Parser.java,1,1,1896,1896
4334,Parser.java,,Parser.java,1,1,1896,1896
4335,Parser.java,,Parser.java,1,1,1896,1896
4336,Parser.java,,Parser.java,1,1,1896,1896
4337,Parser.java,,Parser.java,1,1,1896,1896
4338,Parser.java,,Parser.java,1,1,1896,1896
4339,Parser.java,,Parser.java,1,1,1896,1896
4340,Parser.java,,Parser.java,1,2,1896,2010
4341,Parser.java,,Parser.java,1,1,1896,1896
4342,Parser.java,,Parser.java,1,1,1896,1896
4343,Parser.java,,Parser.java,1,1,1896,1896
4344,Parser.java,,Parser.java,1,2,1896,2010
4345,Parser.java,,Parser.java,1,2,1896,2010
4346,Parser.java,,Parser.java,1,2,1896,2010
4347,Parser.java,,Parser.java,1,1,1896,1896
4349,Parser.java,,Parser.java,1,2,1896,2010
4350,Parser.java,,Parser.java,1,2,1896,2010
4351,Parser.java,,Parser.java,1,2,1896,2010
4352,Parser.java,,Parser.java,1,2,1896,2010
4353,Parser.java,,Parser.java,1,2,1896,2010
4354,Parser.java,,Parser.java,1,2,1896,2010
4355,Parser.java,,Parser.java,1,2,1896,2010
4356,Parser.java,,Parser.java,1,2,1896,2010
4357,Parser.java,,Parser.java,1,2,1896,2010
4358,Parser.java,,Parser.java,1,2,1896,2010
4359,Parser.java,,Parser.java,1,1,1896,1896
4360,ParserTokenManager.java,,ParserTokenManager.java,1,1,1896,1896
4361,ParserTokenManager.java,,ParserTokenManager.java,1,1,1896,1896
4362,ParserTokenManager.java,,ParserTokenManager.java,1,1,1896,1896
4363,ParserTokenManager.java,,ParserTokenManager.java,1,1,1896,1896
4364,ParserTokenManager.java,,ParserTokenManager.java,1,1,1896,1896
4365,ParserTokenManager.java,,ParserTokenManager.java,1,1,1896,1896
4366,ParserTokenManager.java,,ParserTokenManager.java,1,1,1896,1896
4367,ParserTokenManager.java,,ParserTokenManager.java,1,1,1896,1896
4368,ParserTokenManager.java,,ParserTokenManager.java,1,1,1896,1896
4369,ParserTokenManager.java,,ParserTokenManager.java,1,1,1896,1896
4370,Primitive.java,,Primitive.java,1,2,2010,2603
4371,Primitive.java,,Primitive.java,1,1,2603,2603
4372,Reflect.java,,Reflect.java,1,1,1896,1896
4373,Reflect.java,,Reflect.java,1,1,1896,1896
4374,XThis.java,,XThis.java,1,1,1896,1896
4376,KillRing.java,,KillRing.java,1,1,1905,1905
4377,KillRing.java,,KillRing.java,1,3,1908,2223
4378,KillRing.java,,KillRing.java,1,4,1905,2223
4379,KillRing.java,,KillRing.java,1,3,1905,2252
4380,KillRing.java,,KillRing.java,1,7,1905,2620
4381,SearchDialog.java,,SearchDialog.java,1,3,1914,3792
4383,JEditTextArea.java,,JEditTextArea.java,1,20,1923,2174
4384,PositionManager.java,,PositionManager.java,1,1,1929,1929
4385,PositionManager.java,,PositionManager.java,1,1,1931,1931
4386,PositionManager.java,,PositionManager.java,1,1,1931,1931
4387,DisplayManager.java,,DisplayManager.java,1,1,1932,1932
4388,DisplayManager.java,,DisplayManager.java,1,2,1932,1944
4389,PositionManager.java,,PositionManager.java,1,6,1936,3957
4390,PositionManager.java,,PositionManager.java,1,6,1936,3957
4391,HyperSearchResult.java,,HyperSearchResult.java,1,3,1942,2297
4392,CompleteWord.java,,CompleteWord.java,1,2,1937,1969
4396,TextUtilities.java,,TextUtilities.java,1,2,1940,2723
4397,TextUtilities.java,,TextUtilities.java,1,2,1940,2723
4398,SettingsReloader.java,,SettingsReloader.java,1,2,1949,3168
4399,Java14.java,,Java14.java,1,2,1949,1955
4400,Java14.java,,Java14.java,1,1,1949,1949
4401,HelpTOCPanel.java,,HelpTOCPanel.java,1,4,2495,3162
4402,VFSFileNameField.java,,VFSFileNameField.java,1,2,1952,2050
4403,ManagePanel.java,,ManagePanel.java,1,4,1956,1979
4404,MiscUtilities.java,,MiscUtilities.java,1,32,1957,3883
4405,VFSDirectoryEntryTable.java,,VFSDirectoryEntryTable.java,1,2,3732,3781
4406,ActionBar.java,,ActionBar.java,1,1,1958,1958
4407,SearchAndReplace.java,,SearchAndReplace.java,1,4,2641,3744
4408,Selection.java,,Selection.java,1,6,1959,3999
4409,View.java,,View.java,1,11,1962,3890
4410,DisplayManager.java,,DisplayManager.java,1,2,1963,2230
4411,DisplayManager.java,,DisplayManager.java,1,2,1963,2230
4412,InstallPanel.java,,InstallPanel.java,1,2,1966,2067
4413,FilesChangedDialog.java,,FilesChangedDialog.java,1,1,1966,1966
4415,BufferIORequest.java,,BufferIORequest.java,1,1,1969,1969
4416,HistoryModel.java,,HistoryModel.java,1,2,1975,1976
4417,BrowserCommandsMenu.java,,BrowserCommandsMenu.java,1,1,1981,1981
4418,BufferIORequest.java,,BufferIORequest.java,1,4,1989,2323
4419,Delegate.java,,Delegate.java,1,3,1984,3162
4420,FileRootsVFS.java,,FileRootsVFS.java,1,1,1985,1985
4421,FileRootsVFS.java,,FileRootsVFS.java,1,1,1985,1985
4423,FontSelector.java,,FontSelector.java,1,1,1989,1989
4424,DockableWindowManager.java,,DockableWindowManager.java,1,1,2000,2000
4425,DockableWindowManager.java,,DockableWindowManager.java,1,1,2000,2000
4426,PanelWindowContainer.java,,PanelWindowContainer.java,1,2,2000,2408
4427,PanelWindowContainer.java,,PanelWindowContainer.java,1,2,2000,2408
4428,FilesChangedDialog.java,,FilesChangedDialog.java,1,2,2004,2016
4429,BSHAllocationExpression.java,,BSHAllocationExpression.java,1,1,2010,2010
4430,BshClassManager.java,,BshClassManager.java,1,2,2603,3712
4432,Reflect.java,,Reflect.java,1,2,2010,2603
4436,BSHFormalParameters.java,,BSHFormalParameters.java,1,1,2010,2010
4438,BSHType.java,,BSHType.java,1,1,2010,2010
4439,Reflect.java,,Reflect.java,1,1,2010,2010
4441,ClassGeneratorUtil.java,,ClassGeneratorUtil.java,1,2,2038,2603
4442,ClassGeneratorUtil.java,,ClassGeneratorUtil.java,1,1,2038,2038
4443,ClassGeneratorUtil.java,,ClassGeneratorUtil.java,1,1,2038,2038
4445,ClassGeneratorUtil.java,,ClassGeneratorUtil.java,1,1,2603,2603
4446,Types.java,,Types.java,1,1,2603,2603
4448,ClassGeneratorUtil.java,,ClassGeneratorUtil.java,1,1,2038,2038
4449,Primitive.java,,Primitive.java,1,2,2010,2603
4450,NameSpace.java,,NameSpace.java,1,2,2010,3712
4451,Primitive.java,,Primitive.java,1,1,2603,2603
4453,Parser.java,,Parser.java,1,1,2010,2010
4454,Parser.java,,Parser.java,1,1,2010,2010
4455,Parser.java,,Parser.java,1,1,2010,2010
4456,Parser.java,,Parser.java,1,1,2010,2010
4457,Parser.java,,Parser.java,1,1,2010,2010
4458,Parser.java,,Parser.java,1,1,2010,2010
4459,Parser.java,,Parser.java,1,1,2010,2010
4460,Reflect.java,,Reflect.java,1,2,2010,2603
4515,Selection.java,,Selection.java,1,1,2016,2016
4516,EditPane.java,,EditPane.java,1,1,2025,2025
4517,GUIUtilities.java,,GUIUtilities.java,1,1,2118,2118
4518,Java14.java,,Java14.java,1,1,2025,2025
4519,BrowserView.java,,BrowserView.java,1,2,2031,3373
4520,HyperSearchResults.java,,HyperSearchResults.java,1,8,2121,3436
4521,jEdit.java,,jEdit.java,1,37,2039,3999
4522,PropertyManager.java,,PropertyManager.java,1,1,2080,2080
4523,Abbrevs.java,,Abbrevs.java,1,1,2108,2108
4525,PanelWindowContainer.java,,PanelWindowContainer.java,1,1,2232,2232
4526,DockableWindowManager.java,,DockableWindowManager.java,1,22,2062,3989
4527,DockableWindowManager.java,,DockableWindowManager.java,1,12,2062,3985
4528,DockableWindowManager.java,,DockableWindowManager.java,1,12,2062,3980
4531,EditingOptionPane.java,,EditingOptionPane.java,1,1,2072,2072
4532,EditingOptionPane.java,,EditingOptionPane.java,1,1,2072,2072
4533,VFSFileNameField.java,,VFSFileNameField.java,1,1,2082,2082
4534,PerspectiveManager.java,,PerspectiveManager.java,1,18,2252,3999
4535,AppearanceOptionPane.java,,AppearanceOptionPane.java,1,2,2109,2403
4536,HistoryModel.java,,HistoryModel.java,1,1,2109,2109
4537,jEdit.java,,jEdit.java,1,2,2109,2901
4538,AppearanceOptionPane.java,,AppearanceOptionPane.java,1,3,2109,3636
4539,FileVFS.java,,FileVFS.java,1,3,2122,2980
4540,DisplayManager.java,,DisplayManager.java,1,10,2170,2229
4541,DisplayManager.java,,DisplayManager.java,1,6,2137,2229
4542,SaveBackupOptionPane.java,,SaveBackupOptionPane.java,1,1,2732,2732
4563,TextAreaTransferHandler.java,,TextAreaTransferHandler.java,1,4,2294,3370
4569,HistoryText.java,,HistoryText.java,1,2,2195,2206
4570,HistoryText.java,,HistoryText.java,1,2,2195,2206
4571,HistoryText.java,,HistoryText.java,1,1,2195,2195
4572,HistoryText.java,,HistoryText.java,1,1,2195,2195
4573,MouseHandler.java,,MouseHandler.java,1,1,2511,2511
4576,LineManager.java,,LineManager.java,1,1,2184,2184
4577,SelectionManager.java,,SelectionManager.java,1,2,2227,2511
4578,SelectionManager.java,,SelectionManager.java,1,1,2511,2511
4581,SelectionManager.java,,SelectionManager.java,1,2,2227,2511
4582,DisplayManager.java,,DisplayManager.java,1,7,2188,2229
4583,ScreenLineManager.java,,ScreenLineManager.java,1,1,2285,2285
4584,ScreenLineManager.java,,ScreenLineManager.java,1,1,3075,3075
4585,DisplayManager.java,,DisplayManager.java,1,4,2201,2223
4586,DisplayManager.java,,DisplayManager.java,1,2,2205,2223
4587,VFS.java,,VFS.java,1,5,2236,3324
4588,BeanShell.java,,BeanShell.java,1,1,2210,2210
4589,HyperSearchFileNode.java,,HyperSearchFileNode.java,1,2,2284,3233
4590,GrabKeyDialog.java,,GrabKeyDialog.java,1,2,2461,2534
4591,VFSDirectoryEntryTable.java,,VFSDirectoryEntryTable.java,1,1,2236,2236
4592,SelectionManager.java,,SelectionManager.java,1,2,2227,2511
4593,FirstLine.java,,FirstLine.java,1,1,3074,3074
4594,FirstLine.java,,FirstLine.java,1,1,3074,3074
4606,DockableWindowFactory.java,,DockableWindowFactory.java,1,3,2495,2727
4608,DockableWindowFactory.java,,DockableWindowFactory.java,1,3,2495,3362
4614,DockableWindowFactory.java,,DockableWindowFactory.java,1,4,2495,3539
4615,DockableWindowFactory.java,,DockableWindowFactory.java,1,3,2495,3362
4617,DockableWindowFactory.java,,DockableWindowFactory.java,1,1,2495,2495
4618,DockableLayout.java,,DockableLayout.java,1,3,3991,3999
4624,VFS.java,,VFS.java,1,3,2289,2703
4625,VFSFile.java,,VFSFile.java,1,2,2270,2980
4626,BufferSaveRequest.java,,BufferSaveRequest.java,1,2,2318,2321
4630,BufferSaveRequest.java,,BufferSaveRequest.java,1,5,2318,3024
4631,BufferInsertRequest.java,,BufferInsertRequest.java,1,2,2538,3181
4632,BufferSaveRequest.java,,BufferSaveRequest.java,1,4,2318,3181
4633,BufferLoadRequest.java,,BufferLoadRequest.java,1,2,3181,3225
4634,BufferInsertRequest.java,,BufferInsertRequest.java,1,2,2906,3181
4635,BufferLoadRequest.java,,BufferLoadRequest.java,1,3,2501,3225
4636,BufferLoadRequest.java,,BufferLoadRequest.java,1,2,2501,2906
4637,BufferLoadRequest.java,,BufferLoadRequest.java,1,1,2501,2501
4638,BufferLoadRequest.java,,BufferLoadRequest.java,1,2,3181,3225
4639,BufferInsertRequest.java,,BufferInsertRequest.java,1,1,3181,3181
4640,BufferSaveRequest.java,,BufferSaveRequest.java,1,4,2318,3181
4643,RegexpIndentRule.java,,RegexpIndentRule.java,1,3,2243,2495
4644,IndentAction.java,,IndentAction.java,1,8,2249,3164
4645,TextUtilities.java,,TextUtilities.java,1,8,2379,3164
4646,TextUtilities.java,,TextUtilities.java,1,4,2537,3164
4647,TextUtilities.java,,TextUtilities.java,1,3,2537,3164
4648,BufferHistory.java,,BufferHistory.java,1,1,2253,2253
4649,EditPane.java,,EditPane.java,1,18,2266,3951
4650,EditPane.java,,EditPane.java,1,17,2604,3951
4651,MouseHandler.java,,MouseHandler.java,1,2,2255,2511
4652,RegisterViewer.java,,RegisterViewer.java,1,4,2256,3528
4653,SelectionManager.java,,SelectionManager.java,1,2,2266,2511
4654,VFSDirectoryEntryTableModel.java,,VFSDirectoryEntryTableModel.java,1,3,2270,2819
4655,VFSFile.java,,VFSFile.java,1,1,2270,2270
4656,VFSFileChooserDialog.java,,VFSFileChooserDialog.java,1,5,2703,3906
4657,JEditBuffer.java,,JEditBuffer.java,1,11,2285,3681
4658,JEditBuffer.java,,JEditBuffer.java,1,15,2285,3681
4660,JEditBuffer.java,,JEditBuffer.java,1,11,2285,3681
4661,BufferHandler.java,,BufferHandler.java,1,1,3081,3081
4662,JEditBuffer.java,,JEditBuffer.java,1,15,2285,3741
4663,JEditBuffer.java,,JEditBuffer.java,1,13,2285,3741
4664,JEditBuffer.java,,JEditBuffer.java,1,12,2285,3741
4665,JEditBuffer.java,,JEditBuffer.java,1,10,2285,3741
4666,JEditBuffer.java,,JEditBuffer.java,1,15,2285,3741
4667,JEditBuffer.java,,JEditBuffer.java,1,12,2626,3681
4668,JEditBuffer.java,,JEditBuffer.java,1,9,2537,3681
4669,JEditBuffer.java,,JEditBuffer.java,1,6,2810,3164
4670,JEditBuffer.java,,JEditBuffer.java,1,6,2810,3164
4671,JEditBuffer.java,,JEditBuffer.java,1,6,2810,3681
4672,JEditBuffer.java,,JEditBuffer.java,1,6,2810,3681
4673,JEditBuffer.java,,JEditBuffer.java,1,8,2810,3681
4674,JEditBuffer.java,,JEditBuffer.java,1,7,2810,3681
4675,JEditBuffer.java,,JEditBuffer.java,1,13,2285,3681
4676,JEditBuffer.java,,JEditBuffer.java,1,10,2810,3681
4677,JEditBuffer.java,,JEditBuffer.java,1,5,3148,3164
4678,JEditBuffer.java,,JEditBuffer.java,1,3,2810,3162
4679,JEditBuffer.java,,JEditBuffer.java,1,4,2626,3162
4680,JEditBuffer.java,,JEditBuffer.java,1,7,2626,3162
4681,JEditBuffer.java,,JEditBuffer.java,1,8,2537,3681
4682,JEditBuffer.java,,JEditBuffer.java,1,8,2537,3681
4683,JEditBuffer.java,,JEditBuffer.java,1,13,2626,3681
4684,JEditBuffer.java,,JEditBuffer.java,1,12,2626,3681
4686,JEditBuffer.java,,JEditBuffer.java,1,8,2810,3470
4687,JEditBuffer.java,,JEditBuffer.java,1,10,2285,3681
4688,JEditBuffer.java,,JEditBuffer.java,1,13,2285,3681
4689,JEditBuffer.java,,JEditBuffer.java,1,12,2285,3681
4690,JEditBuffer.java,,JEditBuffer.java,1,13,2285,3681
4691,JEditBuffer.java,,JEditBuffer.java,1,13,2285,3681
4692,JEditBuffer.java,,JEditBuffer.java,1,13,2285,3681
4693,JEditBuffer.java,,JEditBuffer.java,1,14,2285,3681
4694,JEditBuffer.java,,JEditBuffer.java,1,13,2285,3681
4695,BufferHandler.java,,BufferHandler.java,1,1,3066,3066
4696,BufferHandler.java,,BufferHandler.java,1,4,3066,3380
4697,BufferHandler.java,,BufferHandler.java,1,3,3081,3380
4698,HyperSearchOperationNode.java,,HyperSearchOperationNode.java,1,1,2297,2297
4699,EditPane.java,,EditPane.java,1,5,2285,3810
4700,EditPane.java,,EditPane.java,1,5,2285,3810
4701,TextAreaTransferHandler.java,,TextAreaTransferHandler.java,1,1,2303,2303
4704,HistoryButton.java,,HistoryButton.java,1,6,2307,3164
4705,HelpViewer.java,,HelpViewer.java,1,5,2306,3162
4706,HelpViewer.java,,HelpViewer.java,1,4,2306,3162
4707,HistoryButton.java,,HistoryButton.java,1,6,2307,3164
4708,HelpHistoryModel.java,,HelpHistoryModel.java,1,6,2308,3164
4709,BufferIORequest.java,,BufferIORequest.java,1,7,2323,3162
4710,BufferIORequest.java,,BufferIORequest.java,1,2,2323,2472
4711,BufferIORequest.java,,BufferIORequest.java,1,1,2323,2323
4739,ActionContext.java,,ActionContext.java,1,1,2727,2727
4740,ActionContext.java,,ActionContext.java,1,1,2727,2727
4761,ShortcutPrefixActiveEvent.java,,ShortcutPrefixActiveEvent.java,1,1,3430,3430
4762,AntiAlias.java,,AntiAlias.java,1,1,2802,2802
4763,SearchDialog.java,,SearchDialog.java,1,7,2478,3792
4769,SegmentCharSequence.java,,SegmentCharSequence.java,1,1,3740,3740
4770,XModeHandler.java,,XModeHandler.java,1,1,2495,2495
4771,MiscUtilities.java,,MiscUtilities.java,1,5,2497,2615
4772,XModeHandler.java,,XModeHandler.java,1,5,2495,3330
4774,MiscUtilities.java,,MiscUtilities.java,1,1,2495,2495
4775,PluginListHandler.java,,PluginListHandler.java,1,3,2495,3560
4778,ServiceListHandler.java,,ServiceListHandler.java,1,1,2495,2495
4779,MirrorListHandler.java,,MirrorListHandler.java,1,1,2495,2495
4780,KillRing.java,,KillRing.java,1,2,2495,2620
4781,BufferHistory.java,,BufferHistory.java,1,5,2495,3460
4782,KillRing.java,,KillRing.java,1,1,2495,2495
4784,PerspectiveManager.java,,PerspectiveManager.java,1,11,2495,3999
4785,PluginListHandler.java,,PluginListHandler.java,1,1,2495,2495
4786,XModeHandler.java,,XModeHandler.java,1,6,2495,3330
4787,MiscUtilities.java,,MiscUtilities.java,1,5,2497,2615
4788,IOUtilities.java,,IOUtilities.java,1,2,3026,3597
4789,IOUtilities.java,,IOUtilities.java,1,3,2539,3026
4790,IOUtilities.java,,IOUtilities.java,1,3,3026,3597
4791,StandardUtilities.java,,StandardUtilities.java,1,6,2618,3853
4792,StandardUtilities.java,,StandardUtilities.java,1,4,2618,3853
4793,StandardUtilities.java,,StandardUtilities.java,1,3,2618,3681
4795,CaretChanging.java,,CaretChanging.java,1,2,2570,3430
4796,Deb.java,,Deb.java,1,1,3414,3414
4797,Deb.java,,Deb.java,1,1,3414,3414
4812,Deb.java,,Deb.java,1,1,3414,3414
4813,Deb.java,,Deb.java,1,1,3414,3414
4816,Deb.java,,Deb.java,1,1,3414,3414
4835,GUIUtilities.java,,GUIUtilities.java,1,19,2591,3895
4837,GUIUtilities.java,,GUIUtilities.java,1,8,2730,3565
4838,FloatingWindowContainer.java,,FloatingWindowContainer.java,1,3,2591,2727
4839,GUIUtilities.java,,GUIUtilities.java,1,1,2728,2728
4841,BshClassManager.java,,BshClassManager.java,1,1,3712,3712
4843,BshClassManager.java,,BshClassManager.java,1,2,2603,3712
4847,Reflect.java,,Reflect.java,1,1,2603,2603
4854,BSHPrimarySuffix.java,,BSHPrimarySuffix.java,1,1,2603,2603
4855,Reflect.java,,Reflect.java,1,1,2603,2603
4859,BeanShell.java,,BeanShell.java,1,1,2603,2603
4861,NameSpace.java,,NameSpace.java,1,2,2704,3712
4988,RecentFilesProvider.java,,RecentFilesProvider.java,1,3,2614,3390
4990,RecentFilesProvider.java,,RecentFilesProvider.java,1,3,2614,3390
4991,StandardUtilities.java,,StandardUtilities.java,1,6,3125,3681
4992,StandardUtilities.java,,StandardUtilities.java,1,8,3125,3853
4993,StandardUtilities.java,,StandardUtilities.java,1,1,2618,2618
4995,XMLUtilities.java,,XMLUtilities.java,1,1,3737,3737
4996,XMLUtilities.java,,XMLUtilities.java,1,1,3452,3452
4997,JEditBuffer.java,,JEditBuffer.java,1,12,2626,3681
4998,JEditBuffer.java,,JEditBuffer.java,1,13,2626,3681
4999,JEditBuffer.java,,JEditBuffer.java,1,11,2810,3681
5000,SearchDialog.java,,SearchDialog.java,1,7,2932,3792
5001,PropertiesBean.java,,PropertiesBean.java,1,1,3252,3252
5002,VFSBrowser.java,,VFSBrowser.java,1,8,2834,3787
5006,NameSpace.java,,NameSpace.java,1,2,2704,3712
5008,GUIUtilities.java,,GUIUtilities.java,1,2,2705,2753
5009,ManagePanel.java,,ManagePanel.java,1,1,2705,2705
5010,PluginManager.java,,PluginManager.java,1,1,2705,2705
5011,GUIUtilities.java,,GUIUtilities.java,1,4,2730,3439
5012,GUIUtilities.java,,GUIUtilities.java,1,4,2730,3439
5013,ManagePanel.java,,ManagePanel.java,1,4,2931,3544
5014,InstallPanel.java,,InstallPanel.java,1,8,2887,3501
5015,InstallPanel.java,,InstallPanel.java,1,3,2733,3263
5016,InstallPanel.java,,InstallPanel.java,1,2,2733,2994
5017,ManagePanel.java,,ManagePanel.java,1,2,2733,3041
5018,InstallPanel.java,,InstallPanel.java,1,3,2733,2925
5019,ManagePanel.java,,ManagePanel.java,1,4,2733,3440
5020,InstallPanel.java,,InstallPanel.java,1,4,3353,3501
5021,ManagePanel.java,,ManagePanel.java,1,2,2931,3041
5023,InstallPanel.java,,InstallPanel.java,1,11,2925,3874
5024,MirrorList.java,,MirrorList.java,1,1,2755,2755
5025,ManagePanel.java,,ManagePanel.java,1,15,2931,3875
5026,MirrorList.java,,MirrorList.java,1,1,2765,2765
5028,MarkersSaveRequest.java,,MarkersSaveRequest.java,1,2,2781,3110
5030,jEdit.java,,jEdit.java,1,12,2778,3512
5031,jEdit.java,,jEdit.java,1,6,2807,3237
5033,JEditKillRing.java,,JEditKillRing.java,1,1,3458,3458
5035,VFSDirectoryEntryTableModel.java,,VFSDirectoryEntryTableModel.java,1,1,2819,2819
5036,InputHandler.java,,InputHandler.java,1,3,2807,3512
5037,InputHandler.java,,InputHandler.java,1,3,2807,3512
5038,TextArea.java,,TextArea.java,1,5,2951,3563
5040,TextArea.java,,TextArea.java,1,29,2811,3999
5041,TextArea.java,,TextArea.java,1,28,2811,3999
5042,TextArea.java,,TextArea.java,1,29,2811,3999
5043,TextArea.java,,TextArea.java,1,9,2811,3563
5044,TextArea.java,,TextArea.java,1,9,2811,3563
5045,TextArea.java,,TextArea.java,1,11,2811,3942
5046,TextArea.java,,TextArea.java,1,10,2811,3563
5047,TextArea.java,,TextArea.java,1,7,2811,3563
5048,TextArea.java,,TextArea.java,1,8,2811,3563
5049,TextArea.java,,TextArea.java,1,9,2811,3563
5050,TextArea.java,,TextArea.java,1,7,2811,3563
5051,TextArea.java,,TextArea.java,1,27,2811,3999
5052,JEditTextArea.java,,JEditTextArea.java,1,3,2810,3810
5053,TextArea.java,,TextArea.java,1,21,2951,3999
5054,TextArea.java,,TextArea.java,1,23,2838,3999
5055,TextArea.java,,TextArea.java,1,20,2838,3999
5056,TextArea.java,,TextArea.java,1,23,2838,3999
5057,TextArea.java,,TextArea.java,1,12,3085,3753
5058,TextArea.java,,TextArea.java,1,12,2951,3753
5059,TextArea.java,,TextArea.java,1,31,2811,3999
5060,TextArea.java,,TextArea.java,1,14,2811,3753
5061,TextArea.java,,TextArea.java,1,19,2811,3996
5062,TextArea.java,,TextArea.java,1,14,2811,3563
5063,TextArea.java,,TextArea.java,1,29,2811,3999
5064,TextArea.java,,TextArea.java,1,1,2811,2811
5065,TextArea.java,,TextArea.java,1,29,2811,3999
5067,TextArea.java,,TextArea.java,1,15,2811,3753
5069,TextArea.java,,TextArea.java,1,9,2951,3753
5070,TextArea.java,,TextArea.java,1,9,2951,3753
5071,TextArea.java,,TextArea.java,1,22,2811,3999
5072,TextArea.java,,TextArea.java,1,23,2811,3999
5073,TextAreaInputHandler.java,,TextAreaInputHandler.java,1,3,2828,3715
5075,TextAreaInputHandler.java,,TextAreaInputHandler.java,1,3,2828,3480
5076,TextAreaInputHandler.java,,TextAreaInputHandler.java,1,4,2828,3512
5077,InputHandler.java,,InputHandler.java,1,2,2810,3512
5078,TextAreaInputHandler.java,,TextAreaInputHandler.java,1,1,3478,3478
5079,InputHandler.java,,InputHandler.java,1,1,2810,2810
5081,TextArea.java,,TextArea.java,1,26,2811,3999
5082,TextArea.java,,TextArea.java,1,9,3085,3563
5083,TextArea.java,,TextArea.java,1,7,3157,3563
5084,TextArea.java,,TextArea.java,1,12,2811,3563
5085,TextArea.java,,TextArea.java,1,25,2811,3999
5086,TextArea.java,,TextArea.java,1,15,2811,3753
5087,TextArea.java,,TextArea.java,1,14,2811,3753
5088,TextArea.java,,TextArea.java,1,17,2811,3999
5089,TextArea.java,,TextArea.java,1,16,2811,3996
5090,JEditTextArea.java,,JEditTextArea.java,1,2,2810,2883
5091,TextArea.java,,TextArea.java,1,5,2882,3164
5092,MouseHandler.java,,MouseHandler.java,1,2,2810,3236
5093,TextAreaMouseHandler.java,,TextAreaMouseHandler.java,1,1,3955,3955
5094,TextArea.java,,TextArea.java,1,4,3085,3563
5095,TextArea.java,,TextArea.java,1,5,3085,3563
5096,TextArea.java,,TextArea.java,1,3,3236,3563
5097,TextArea.java,,TextArea.java,1,3,3236,3563
5098,TextArea.java,,TextArea.java,1,9,2811,3563
5099,TextArea.java,,TextArea.java,1,10,2811,3563
5100,TextArea.java,,TextArea.java,1,13,2811,3753
5101,TextArea.java,,TextArea.java,1,12,2811,3753
5102,TextArea.java,,TextArea.java,1,6,3157,3563
5103,TextArea.java,,TextArea.java,1,7,3157,3563
5104,TextArea.java,,TextArea.java,1,9,2811,3753
5105,TextArea.java,,TextArea.java,1,11,2951,3753
5106,TextArea.java,,TextArea.java,1,11,2951,3753
5107,TextArea.java,,TextArea.java,1,12,2811,3753
5108,TextArea.java,,TextArea.java,1,8,3157,3753
5109,TextArea.java,,TextArea.java,1,8,3157,3753
5110,TextArea.java,,TextArea.java,1,7,3158,3753
5111,TextArea.java,,TextArea.java,1,8,3085,3563
5112,TextArea.java,,TextArea.java,1,10,3085,3753
5113,TextArea.java,,TextArea.java,1,11,2951,3753
5114,TextArea.java,,TextArea.java,1,11,2951,3753
5115,TextArea.java,,TextArea.java,1,9,2951,3753
5118,TextArea.java,,TextArea.java,1,5,3157,3563
5119,TextArea.java,,TextArea.java,1,6,2951,3563
5120,TextArea.java,,TextArea.java,1,5,3157,3563
5121,TextArea.java,,TextArea.java,1,6,2951,3563
5128,TextArea.java,,TextArea.java,1,13,2811,3753
5129,TextArea.java,,TextArea.java,1,11,2811,3753
5130,TextArea.java,,TextArea.java,1,10,2951,3753
5131,TextArea.java,,TextArea.java,1,11,2951,3753
5132,TextArea.java,,TextArea.java,1,6,3118,3563
5133,TextArea.java,,TextArea.java,1,7,2951,3563
5134,TextArea.java,,TextArea.java,1,12,2951,3753
5135,TextArea.java,,TextArea.java,1,27,2811,3999
5136,TextArea.java,,TextArea.java,1,8,2951,3753
5137,TextArea.java,,TextArea.java,1,9,2951,3753
5138,TextArea.java,,TextArea.java,1,7,2951,3563
5139,TextArea.java,,TextArea.java,1,6,2951,3563
5140,TextArea.java,,TextArea.java,1,7,2951,3563
5141,TextArea.java,,TextArea.java,1,18,2951,3999
5142,TextArea.java,,TextArea.java,1,19,2951,3999
5143,TextArea.java,,TextArea.java,1,17,2951,3999
5144,TextArea.java,,TextArea.java,1,15,2882,3999
5145,TextArea.java,,TextArea.java,1,23,2951,3999
5146,TextArea.java,,TextArea.java,1,18,2951,3999
5147,TextArea.java,,TextArea.java,1,21,2951,3999
5148,TextArea.java,,TextArea.java,1,30,2811,3999
5149,TextArea.java,,TextArea.java,1,1,2838,2838
5150,TextArea.java,,TextArea.java,1,15,2828,3977
5151,TextArea.java,,TextArea.java,1,14,2828,3977
5152,TextAreaMouseHandler.java,,TextAreaMouseHandler.java,1,2,2852,3955
5153,TextAreaMouseHandler.java,,TextAreaMouseHandler.java,1,2,2852,3955
5156,Log.java,,Log.java,1,6,3134,3700
5158,Roster.java,,Roster.java,1,1,2840,2840
5159,BufferOptions.java,,BufferOptions.java,1,1,2843,2843
5161,BufferOptions.java,,BufferOptions.java,1,2,2843,3019
5163,TextAreaMouseHandler.java,,TextAreaMouseHandler.java,1,1,2852,2852
5165,ActionBar.java,,ActionBar.java,1,1,3888,3888
5168,InstallPanel.java,,InstallPanel.java,1,1,2885,2885
5169,ParserRule.java,,ParserRule.java,1,2,3089,3120
5170,ParserRule.java,,ParserRule.java,1,2,3089,3120
5171,XModeHandler.java,,XModeHandler.java,1,1,2892,2892
5172,SplashScreen.java,,SplashScreen.java,1,1,3918,3918
5173,GUIUtilities.java,,GUIUtilities.java,1,1,2929,2929
5174,GUIUtilities.java,,GUIUtilities.java,1,1,2929,2929
5175,SearchDialog.java,,SearchDialog.java,1,1,2933,2933
5176,VariableGridLayout.java,,VariableGridLayout.java,1,1,3039,3039
5181,VariableGridLayout.java,,VariableGridLayout.java,1,1,3039,3039
5182,ReloadWithEncodingProvider.java,,ReloadWithEncodingProvider.java,1,1,2941,2941
5183,TextArea.java,,TextArea.java,1,9,2951,3753
5184,TextArea.java,,TextArea.java,1,8,3157,3753
5185,TextArea.java,,TextArea.java,1,12,2951,3563
5186,TextArea.java,,TextArea.java,1,25,2951,3999
5187,TextArea.java,,TextArea.java,1,25,2951,3999
5188,TextArea.java,,TextArea.java,1,11,2951,3753
5189,PluginList.java,,PluginList.java,1,2,3295,3395
5193,ExtendedGridLayout.java,,ExtendedGridLayout.java,1,1,3108,3108
5194,ExtendedGridLayout.java,,ExtendedGridLayout.java,1,1,3108,3108
5204,ExtendedGridLayout.java,,ExtendedGridLayout.java,1,1,3108,3108
5206,ExtendedGridLayout.java,,ExtendedGridLayout.java,1,1,3108,3108
5207,ExtendedGridLayout.java,,ExtendedGridLayout.java,1,1,3108,3108
5214,ExtendedGridLayout.java,,ExtendedGridLayout.java,1,1,3108,3108
5216,ExtendedGridLayout.java,,ExtendedGridLayout.java,1,1,3108,3108
5217,ExtendedGridLayout.java,,ExtendedGridLayout.java,1,1,3108,3108
5221,StringList.java,,StringList.java,1,1,3054,3054
5225,RegisterViewer.java,,RegisterViewer.java,1,1,3104,3104
5228,ExtendedGridLayout.java,,ExtendedGridLayout.java,1,1,3108,3108
5229,ExtendedGridLayout.java,,ExtendedGridLayout.java,1,1,3108,3108
5230,ExtendedGridLayout.java,,ExtendedGridLayout.java,1,1,3108,3108
5232,MiscUtilities.java,,MiscUtilities.java,1,3,3115,3162
5234,TextUtilities.java,,TextUtilities.java,1,2,3118,3681
5235,BufferSegment.java,,BufferSegment.java,1,1,3689,3689
5238,ContentManager.java,,ContentManager.java,1,5,3125,3697
5243,Delegate.java,,Delegate.java,1,3,3137,3164
5244,Delegate.java,,Delegate.java,1,3,3137,3164
5246,HelpHistoryModel.java,,HelpHistoryModel.java,1,3,3139,3164
5247,DockingOptionPane.java,,DockingOptionPane.java,1,13,3964,3999
5248,HelpTOCPanel.java,,HelpTOCPanel.java,1,3,3139,3164
5249,HelpTOCPanel.java,,HelpTOCPanel.java,1,3,3139,3164
5252,HistoryButton.java,,HistoryButton.java,1,3,3139,3164
5254,VFS.java,,VFS.java,1,3,3151,3164
5255,ContentManager.java,,ContentManager.java,1,3,3157,3681
5256,ContentManager.java,,ContentManager.java,1,2,3157,3162
5257,JEditBuffer.java,,JEditBuffer.java,1,2,3157,3162
5258,JEditBuffer.java,,JEditBuffer.java,1,2,3157,3162
5260,CloseBracketIndentRule.java,,CloseBracketIndentRule.java,1,1,3681,3681
5263,EditPlugin.java,,EditPlugin.java,1,1,3208,3208
5264,EditPlugin.java,,EditPlugin.java,1,1,3208,3208
5265,EditPlugin.java,,EditPlugin.java,1,4,3209,3267
5266,BufferLoadRequest.java,,BufferLoadRequest.java,1,1,3225,3225
5267,StatusBar.java,,StatusBar.java,1,2,3626,3770
5269,ModeProvider.java,,ModeProvider.java,1,2,3468,3854
5273,ModeProvider.java,,ModeProvider.java,1,1,3854,3854
5275,ModeProvider.java,,ModeProvider.java,1,2,3452,3468
5276,InstallPanel.java,,InstallPanel.java,1,2,3257,3258
5277,InstallPanel.java,,InstallPanel.java,1,10,3257,3874
5278,InstallPanel.java,,InstallPanel.java,1,3,3257,3400
5279,InstallPanel.java,,InstallPanel.java,1,3,3258,3874
5280,EncodingsOptionPane.java,,EncodingsOptionPane.java,1,1,3271,3271
5281,EncodingsOptionPane.java,,EncodingsOptionPane.java,1,1,3279,3279
5282,EncodingsOptionPane.java,,EncodingsOptionPane.java,1,1,3279,3279
5283,CompletionPopup.java,,CompletionPopup.java,1,2,3301,3545
5285,TextArea.java,,TextArea.java,1,17,3319,3999
5286,BufferAutosaveRequest.java,,BufferAutosaveRequest.java,1,1,3335,3335
5287,ShortcutsOptionPane.java,,ShortcutsOptionPane.java,1,2,3351,3382
5288,VFSDirectoryEntryTable.java,,VFSDirectoryEntryTable.java,1,1,3781,3781
5289,InstallPanel.java,,InstallPanel.java,1,5,3361,3874
5291,TextAreaTransferHandler.java,,TextAreaTransferHandler.java,1,2,3370,3943
5294,ToolBarOptionPane.java,,ToolBarOptionPane.java,1,2,3375,3722
5295,FilteredTableModel.java,,FilteredTableModel.java,1,1,3393,3393
5296,ShortcutsOptionPane.java,,ShortcutsOptionPane.java,1,2,3382,3871
5297,ManagePanel.java,,ManagePanel.java,1,2,3382,3534
5298,FilteredTableModel.java,,FilteredTableModel.java,1,1,3393,3393
5299,PluginList.java,,PluginList.java,1,1,3395,3395
5302,SaveBackupOptionPane.java,,SaveBackupOptionPane.java,1,3,3434,3485
5303,ManagePanel.java,,ManagePanel.java,1,5,3440,3875
5307,BufferHistory.java,,BufferHistory.java,1,2,3443,3460
5308,JEditKillRing.java,,JEditKillRing.java,1,1,3460,3460
5309,JEditRegisterSaver.java,,JEditRegisterSaver.java,1,1,3460,3460
5310,JEditKillRing.java,,JEditKillRing.java,1,1,3460,3460
5312,JEditRegisterSaver.java,,JEditRegisterSaver.java,1,1,3460,3460
5313,JEditKillRing.java,,JEditKillRing.java,1,1,3460,3460
5315,AboutDialog.java,,AboutDialog.java,1,1,3878,3878
5316,AppearanceOptionPane.java,,AppearanceOptionPane.java,1,1,3636,3636
5317,AboutDialog.java,,AboutDialog.java,1,1,3508,3508
5320,TextAreaInputHandler.java,,TextAreaInputHandler.java,1,1,3715,3715
5321,TextAreaInputHandler.java,,TextAreaInputHandler.java,1,1,3715,3715
5322,TextAreaInputHandler.java,,TextAreaInputHandler.java,1,2,3512,3715
5341,JEditBeanShellAction.java,,JEditBeanShellAction.java,1,1,3522,3522
5343,JEditBeanShellAction.java,,JEditBeanShellAction.java,1,1,3522,3522
5344,DefaultInputHandler.java,,DefaultInputHandler.java,1,1,3512,3512
5345,TextAreaInputHandler.java,,TextAreaInputHandler.java,1,3,3512,3715
5347,InputHandler.java,,InputHandler.java,1,2,3512,3715
5348,TextAreaInputHandler.java,,TextAreaInputHandler.java,1,1,3512,3512
5353,AbstractContextOptionPane.java,,AbstractContextOptionPane.java,1,2,3712,3723
5354,AbstractContextOptionPane.java,,AbstractContextOptionPane.java,1,1,3712,3712
5355,AbstractContextOptionPane.java,,AbstractContextOptionPane.java,1,1,3712,3712
5357,BeanShellFacade.java,,BeanShellFacade.java,1,1,3856,3856
5360,RegisterViewer.java,,RegisterViewer.java,1,1,3528,3528
5361,RegisterViewer.java,,RegisterViewer.java,1,1,3528,3528
5363,TextArea.java,,TextArea.java,1,2,3563,3701
5364,TextArea.java,,TextArea.java,1,3,3563,3862
5365,TextArea.java,,TextArea.java,1,3,3701,3942
5369,FilteredListModel.java,,FilteredListModel.java,1,1,3653,3653
5372,FilteredListModel.java,,FilteredListModel.java,1,1,3653,3653
5380,ManagePanel.java,,ManagePanel.java,1,1,3613,3613
5381,ManagePanel.java,,ManagePanel.java,1,2,3620,3622
5388,WrapWidgetFactory.java,,WrapWidgetFactory.java,1,1,3667,3667
5390,MultiSelectWidgetFactory.java,,MultiSelectWidgetFactory.java,1,1,3692,3692
5392,RectSelectWidgetFactory.java,,RectSelectWidgetFactory.java,1,1,3734,3734
5394,OverwriteWidgetFactory.java,,OverwriteWidgetFactory.java,1,1,3734,3734
5410,AppearanceOptionPane.java,,AppearanceOptionPane.java,1,1,3636,3636
5411,StatusBarOptionPane.java,,StatusBarOptionPane.java,1,1,3840,3840
5412,StatusBarOptionPane.java,,StatusBarOptionPane.java,1,1,3840,3840
5413,ToolBarOptionPane.java,,ToolBarOptionPane.java,1,1,3722,3722
5414,StatusBarOptionPane.java,,StatusBarOptionPane.java,1,2,3648,3840
5415,StatusBarOptionPane.java,,StatusBarOptionPane.java,1,1,3648,3648
5416,StatusBarOptionPane.java,,StatusBarOptionPane.java,1,1,3648,3648
5419,EncodingWithBOM.java,,EncodingWithBOM.java,1,1,3656,3656
5422,ViewOptionPane.java,,ViewOptionPane.java,1,1,3683,3683
5423,MultiSelectWidgetFactory.java,,MultiSelectWidgetFactory.java,1,1,3692,3692
5427,TextAreaInputHandler.java,,TextAreaInputHandler.java,1,1,3715,3715
5429,ToolBarOptionPane.java,,ToolBarOptionPane.java,1,1,3722,3722
5431,AbstractContextOptionPane.java,,AbstractContextOptionPane.java,1,1,3723,3723
5432,StatusBarOptionPane.java,,StatusBarOptionPane.java,1,1,3840,3840
5433,AbstractContextOptionPane.java,,AbstractContextOptionPane.java,1,1,3723,3723
5434,ToolBarOptionPane.java,,ToolBarOptionPane.java,1,1,3722,3722
5438,VFSDirectoryEntryTable.java,,VFSDirectoryEntryTable.java,1,3,3732,3788
5439,RectSelectWidgetFactory.java,,RectSelectWidgetFactory.java,1,1,3734,3734
5440,BufferSetManager.java,,BufferSetManager.java,1,5,3786,3934
5441,BufferSetManager.java,,BufferSetManager.java,1,4,3786,3934
5442,BufferSetManager.java,,BufferSetManager.java,1,7,3812,3999
5443,BufferSet.java,,BufferSet.java,1,1,3848,3848
5444,BufferSet.java,,BufferSet.java,1,2,3796,3848
5445,BufferSetManager.java,,BufferSetManager.java,1,4,3786,3916
5446,BufferSetManager.java,,BufferSetManager.java,1,1,3932,3932
5447,BufferSetManager.java,,BufferSetManager.java,1,1,3932,3932
5448,BufferSetManager.java,,BufferSetManager.java,1,6,3769,3998
5449,BufferSetManager.java,,BufferSetManager.java,1,1,3769,3769
5450,BufferSet.java,,BufferSet.java,1,1,3934,3934
5455,VFSFileNameField.java,,VFSFileNameField.java,1,3,3781,3807
5457,EditPane.java,,EditPane.java,1,5,3810,3951
5459,BufferSetManager.java,,BufferSetManager.java,1,7,3812,3936
5461,DeepIndentRule.java,,DeepIndentRule.java,1,1,3841,3841
5462,BufferSet.java,,BufferSet.java,1,1,3848,3848
5464,StandardUtilities.java,,StandardUtilities.java,1,1,3853,3853
5465,SyntaxHiliteOptionPane.java,,SyntaxHiliteOptionPane.java,1,1,3872,3872
5468,BufferSet.java,,BufferSet.java,1,1,3944,3944
5470,BufferSetManager.java,,BufferSetManager.java,1,6,3936,3999
5471,TextArea.java,,TextArea.java,1,4,3942,3977
5472,BufferSetManager.java,,BufferSetManager.java,1,5,3952,3999
5477,DockingOptionPane.java,,DockingOptionPane.java,1,3,3989,3999
5479,DockableWindowManagerImpl.java,,DockableWindowManagerImpl.java,1,1,3997,3997
5480,DockableWindowManagerImpl.java,,DockableWindowManagerImpl.java,1,1,3997,3997
5482,DockableWindowManagerImpl.java,,DockableWindowManagerImpl.java,1,1,3997,3997
5483,DockableWindowManagerImpl.java,,DockableWindowManagerImpl.java,1,1,3997,3997
5484,DockableWindowManagerImpl.java,,DockableWindowManagerImpl.java,1,1,3997,3997
5485,DockableWindowManagerImpl.java,,DockableWindowManagerImpl.java,1,1,3997,3997
5486,DockableWindowManagerImpl.java,,DockableWindowManagerImpl.java,1,1,3997,3997
5487,DockableWindowManagerImpl.java,,DockableWindowManagerImpl.java,1,1,3997,3997
5488,DockableWindowManagerImpl.java,,DockableWindowManagerImpl.java,1,1,3997,3997
