gcid,all_authors,primary_author,num_authors,total_changes,first_revision,last_revision
2,akdmia; helge17,akdmia,2,3,636,2798
3,akdmia,akdmia,1,6,94,1342
4,akdmia; guiv42,akdmia,2,2,1165,3218
5,akdmia; guiv42,guiv42,2,7,375,3241
6,akdmia,akdmia,1,1,916,916
7,akdmia; guiv42,akdmia,2,16,451,3241
8,akdmia; guiv42,akdmia,2,15,451,3241
9,akdmia; guiv42,akdmia,2,2,1165,3218
10,akdmia,akdmia,1,4,877,930
12,akdmia; guiv42,akdmia,2,13,451,3241
13,akdmia,akdmia,1,1,97,97
14,akdmia; guiv42,akdmia,2,15,539,3241
15,akdmia; guiv; guiv42,akdmia,3,11,102,2667
16,akdmia; guiv42; helge17,guiv42,3,17,375,3241
17,akdmia; guiv42; helge17,guiv42,3,24,451,3218
18,akdmia,akdmia,1,3,104,1112
19,akdmia,akdmia,1,3,104,1112
20,akdmia,akdmia,1,3,104,1112
21,akdmia,akdmia,1,3,104,1112
22,akdmia,akdmia,1,1,104,104
23,akdmia,akdmia,1,3,104,1112
24,akdmia,akdmia,1,3,104,1112
25,akdmia,akdmia,1,3,104,1112
26,akdmia,akdmia,1,5,49,1112
27,akdmia,akdmia,1,4,104,1112
28,akdmia,akdmia,1,4,104,1112
29,akdmia,akdmia,1,2,104,452
30,akdmia,akdmia,1,2,103,925
31,akdmia,akdmia,1,2,104,877
32,akdmia,akdmia,1,1,106,106
33,akdmia,akdmia,1,4,104,885
34,akdmia,akdmia,1,1,452,452
35,akdmia,akdmia,1,1,97,97
36,akdmia,akdmia,1,2,104,452
37,akdmia,akdmia,1,1,89,89
39,akdmia,akdmia,1,1,553,553
41,akdmia,akdmia,1,1,97,97
42,akdmia,akdmia,1,2,103,925
43,akdmia,akdmia,1,1,925,925
44,akdmia,akdmia,1,1,104,104
45,akdmia,akdmia,1,1,106,106
47,akdmia,akdmia,1,1,925,925
48,akdmia,akdmia,1,1,452,452
49,akdmia,akdmia,1,2,104,452
50,akdmia,akdmia,1,1,104,104
51,akdmia,akdmia,1,2,104,452
52,akdmia,akdmia,1,2,104,452
53,akdmia,akdmia,1,1,539,539
57,akdmia,akdmia,1,2,49,50
59,akdmia,akdmia,1,1,97,97
60,akdmia,akdmia,1,2,103,925
61,akdmia,akdmia,1,2,103,925
62,akdmia,akdmia,1,2,103,925
63,akdmia,akdmia,1,1,104,104
64,akdmia,akdmia,1,1,104,104
65,akdmia,akdmia,1,2,104,452
66,akdmia,akdmia,1,1,104,104
67,akdmia,akdmia,1,5,98,453
68,akdmia,akdmia,1,4,98,742
69,akdmia,akdmia,1,2,98,586
70,akdmia,akdmia,1,4,98,742
71,akdmia,akdmia,1,2,98,586
72,akdmia,akdmia,1,2,98,586
73,akdmia,akdmia,1,2,94,1235
77,akdmia,akdmia,1,1,452,452
78,akdmia,akdmia,1,1,104,104
79,akdmia,akdmia,1,1,1235,1235
80,akdmia,akdmia,1,1,106,106
81,akdmia,akdmia,1,1,104,104
83,akdmia,akdmia,1,1,104,104
84,akdmia,akdmia,1,2,534,536
86,akdmia,akdmia,1,1,92,92
87,akdmia,akdmia,1,3,104,877
88,akdmia,akdmia,1,1,92,92
89,akdmia,akdmia,1,2,583,606
90,akdmia,akdmia,1,1,106,106
91,akdmia,akdmia,1,2,103,924
92,akdmia,akdmia,1,1,583,583
93,akdmia,akdmia,1,2,103,924
94,akdmia,akdmia,1,3,97,1301
95,akdmia,akdmia,1,1,278,278
96,akdmia,akdmia,1,1,90,90
97,akdmia,akdmia,1,3,104,885
98,akdmia,akdmia,1,1,92,92
99,akdmia,akdmia,1,1,90,90
100,akdmia,akdmia,1,1,92,92
101,akdmia,akdmia,1,1,92,92
102,akdmia,akdmia,1,2,90,1163
103,akdmia,akdmia,1,1,90,90
104,akdmia,akdmia,1,1,92,92
105,akdmia,akdmia,1,2,92,1112
106,akdmia,akdmia,1,1,92,92
107,akdmia,akdmia,1,1,90,90
108,akdmia,akdmia,1,3,194,889
111,akdmia,akdmia,1,2,102,256
112,akdmia,akdmia,1,2,104,885
113,akdmia,akdmia,1,1,101,101
114,akdmia,akdmia,1,1,170,170
116,akdmia,akdmia,1,1,89,89
117,akdmia,akdmia,1,2,90,583
118,akdmia,akdmia,1,1,91,91
119,akdmia,akdmia,1,1,91,91
120,akdmia,akdmia,1,1,92,92
121,akdmia,akdmia,1,1,91,91
123,akdmia,akdmia,1,1,90,90
124,akdmia,akdmia,1,1,106,106
125,akdmia,akdmia,1,1,90,90
126,akdmia,akdmia,1,1,90,90
127,akdmia,akdmia,1,1,1165,1165
128,akdmia,akdmia,1,1,1166,1166
129,akdmia,akdmia,1,1,1165,1165
130,akdmia,akdmia,1,1,1165,1165
131,akdmia,akdmia,1,2,815,1166
133,akdmia,akdmia,1,1,1165,1165
134,akdmia,akdmia,1,2,98,1202
135,akdmia,akdmia,1,1,1114,1114
136,akdmia,akdmia,1,1,583,583
137,akdmia,akdmia,1,1,815,815
139,akdmia,akdmia,1,1,97,97
140,akdmia,akdmia,1,1,92,92
141,akdmia,akdmia,1,1,90,90
142,akdmia,akdmia,1,2,92,1112
143,akdmia,akdmia,1,1,92,92
144,akdmia,akdmia,1,3,91,1118
145,akdmia,akdmia,1,2,90,1163
146,akdmia,akdmia,1,1,90,90
147,akdmia,akdmia,1,1,90,90
148,akdmia,akdmia,1,1,916,916
153,akdmia,akdmia,1,1,97,97
154,akdmia,akdmia,1,1,102,102
155,akdmia,akdmia,1,1,1166,1166
156,akdmia,akdmia,1,7,86,950
157,akdmia,akdmia,1,3,91,1118
159,akdmia,akdmia,1,2,104,452
160,akdmia,akdmia,1,2,90,583
161,akdmia,akdmia,1,3,91,1112
162,akdmia,akdmia,1,2,91,930
163,akdmia,akdmia,1,1,92,92
165,akdmia,akdmia,1,1,793,793
173,akdmia,akdmia,1,7,102,1611
175,akdmia,akdmia,1,12,57,1112
176,akdmia,akdmia,1,5,375,815
177,akdmia,akdmia,1,8,57,950
178,akdmia,akdmia,1,3,99,1105
179,akdmia; guiv42,guiv42,2,13,815,2175
180,akdmia,akdmia,1,5,86,730
182,akdmia,akdmia,1,1,92,92
183,akdmia,akdmia,1,2,90,1112
184,Makoha; akdmia; guiv42; helge17,guiv42,4,12,616,3204
185,akdmia,akdmia,1,2,107,1392
186,akdmia; guiv42; helge17,akdmia,3,20,156,3230
187,akdmia,akdmia,1,8,59,1112
188,akdmia,akdmia,1,5,103,734
189,akdmia,akdmia,1,7,59,1112
190,akdmia,akdmia,1,1,102,102
191,akdmia,akdmia,1,4,92,1118
192,akdmia,akdmia,1,9,156,902
193,akdmia,akdmia,1,1,98,98
194,akdmia,akdmia,1,5,729,1112
197,akdmia,akdmia,1,2,104,815
198,akdmia,akdmia,1,11,57,950
199,akdmia,akdmia,1,2,1462,1587
200,akdmia,akdmia,1,2,102,586
201,akdmia,akdmia,1,4,94,1587
205,akdmia,akdmia,1,2,95,877
206,akdmia,akdmia,1,2,107,584
207,akdmia,akdmia,1,1,815,815
208,akdmia,akdmia,1,1,94,94
209,akdmia,akdmia,1,2,202,1105
210,akdmia,akdmia,1,2,82,453
211,akdmia,akdmia,1,3,197,251
212,akdmia,akdmia,1,10,57,950
213,akdmia,akdmia,1,2,1456,1462
214,akdmia,akdmia,1,1,453,453
215,akdmia; guiv42,akdmia,2,6,128,3220
218,akdmia,akdmia,1,1,896,896
219,akdmia,akdmia,1,1,896,896
220,akdmia,akdmia,1,2,593,1410
221,akdmia,akdmia,1,4,97,1131
222,akdmia,akdmia,1,4,97,1131
223,akdmia,akdmia,1,4,97,1235
224,akdmia,akdmia,1,1,606,606
225,akdmia,akdmia,1,1,505,505
226,akdmia,akdmia,1,2,97,505
227,akdmia,akdmia,1,3,97,943
228,akdmia,akdmia,1,2,104,1112
229,akdmia,akdmia,1,3,104,1112
230,akdmia,akdmia,1,4,104,1118
231,akdmia,akdmia,1,3,104,1118
232,akdmia,akdmia,1,2,104,943
233,akdmia,akdmia,1,2,104,795
234,akdmia,akdmia,1,2,104,795
235,akdmia,akdmia,1,2,104,795
236,akdmia,akdmia,1,2,104,795
237,akdmia,akdmia,1,2,104,795
238,akdmia,akdmia,1,2,104,943
239,akdmia,akdmia,1,2,104,795
240,akdmia,akdmia,1,2,104,795
241,akdmia,akdmia,1,2,104,1112
242,akdmia,akdmia,1,3,104,1112
243,akdmia,akdmia,1,3,104,1112
244,akdmia,akdmia,1,1,104,104
245,akdmia,akdmia,1,3,104,1112
246,akdmia,akdmia,1,3,104,1112
247,akdmia,akdmia,1,3,104,1112
248,akdmia,akdmia,1,3,104,1112
249,akdmia,akdmia,1,2,104,1112
250,akdmia,akdmia,1,3,104,1112
251,akdmia,akdmia,1,1,104,104
252,akdmia,akdmia,1,1,104,104
253,akdmia,akdmia,1,3,104,1112
254,akdmia,akdmia,1,3,104,1112
255,akdmia,akdmia,1,1,104,104
256,akdmia,akdmia,1,1,104,104
257,akdmia,akdmia,1,3,104,1112
258,akdmia,akdmia,1,2,104,1112
260,akdmia,akdmia,1,3,107,1392
261,akdmia,akdmia,1,2,107,123
262,akdmia,akdmia,1,5,197,898
263,akdmia,akdmia,1,2,1389,1780
264,akdmia; helge17,akdmia,2,6,417,3230
265,akdmia,akdmia,1,3,375,932
266,akdmia,akdmia,1,2,197,244
268,akdmia,akdmia,1,2,1389,1780
270,akdmia,akdmia,1,1,97,97
271,akdmia,akdmia,1,3,375,1175
273,akdmia,akdmia,1,4,432,1175
274,akdmia,akdmia,1,3,104,1112
275,akdmia,akdmia,1,4,104,1118
276,akdmia,akdmia,1,2,104,1112
277,akdmia,akdmia,1,3,104,1112
278,akdmia,akdmia,1,3,104,1112
279,akdmia,akdmia,1,3,104,1112
280,akdmia,akdmia,1,3,104,1112
281,akdmia,akdmia,1,2,104,1112
282,akdmia,akdmia,1,3,104,1112
283,akdmia,akdmia,1,3,104,1112
284,akdmia,akdmia,1,3,104,1112
285,akdmia,akdmia,1,3,104,1112
286,akdmia,akdmia,1,2,104,1112
287,akdmia,akdmia,1,3,104,1112
288,akdmia,akdmia,1,3,104,1112
289,akdmia,akdmia,1,2,104,1112
290,akdmia,akdmia,1,2,104,1112
291,akdmia,akdmia,1,2,104,1112
292,akdmia,akdmia,1,2,104,1112
293,akdmia,akdmia,1,3,104,1112
294,akdmia,akdmia,1,4,104,1118
295,akdmia,akdmia,1,2,104,1112
296,akdmia,akdmia,1,1,104,104
297,akdmia,akdmia,1,4,104,1118
298,akdmia,akdmia,1,4,104,1118
299,akdmia,akdmia,1,3,104,943
300,akdmia,akdmia,1,3,104,943
301,akdmia,akdmia,1,3,104,943
302,akdmia,akdmia,1,3,104,943
303,akdmia,akdmia,1,3,104,943
304,akdmia,akdmia,1,3,104,943
305,akdmia,akdmia,1,1,59,59
306,akdmia,akdmia,1,1,104,104
307,akdmia,akdmia,1,4,59,1112
308,akdmia,akdmia,1,3,59,1112
309,akdmia,akdmia,1,3,59,1112
310,akdmia,akdmia,1,4,59,1112
311,akdmia,akdmia,1,5,59,1112
312,akdmia,akdmia,1,5,59,943
313,akdmia,akdmia,1,3,59,1112
314,akdmia,akdmia,1,3,59,1112
315,akdmia,akdmia,1,2,104,1112
316,akdmia,akdmia,1,5,59,1112
317,akdmia,akdmia,1,4,59,1112
318,akdmia,akdmia,1,4,59,1112
319,akdmia,akdmia,1,3,59,943
320,akdmia,akdmia,1,3,59,943
321,akdmia,akdmia,1,2,1166,1462
322,akdmia,akdmia,1,2,103,924
323,akdmia,akdmia,1,2,103,924
324,akdmia,akdmia,1,2,62,104
325,akdmia,akdmia,1,2,498,877
326,akdmia,akdmia,1,2,102,146
327,akdmia; guiv; guiv42,akdmia,3,13,102,2667
328,akdmia,akdmia,1,3,498,877
329,akdmia,akdmia,1,1,102,102
330,akdmia,akdmia,1,1,103,103
331,akdmia,akdmia,1,1,103,103
334,akdmia,akdmia,1,1,606,606
335,akdmia,akdmia,1,2,104,553
336,akdmia,akdmia,1,5,94,1587
337,akdmia; guiv42; helge17,akdmia,3,15,99,2400
339,akdmia,akdmia,1,4,104,1166
340,akdmia,akdmia,1,2,97,157
341,akdmia; guiv42; helge17,akdmia,3,5,1525,2946
342,akdmia,akdmia,1,2,97,920
343,akdmia,akdmia,1,2,97,157
344,akdmia,akdmia,1,1,98,98
345,akdmia,akdmia,1,3,55,1128
346,akdmia,akdmia,1,1,920,920
348,akdmia,akdmia,1,1,104,104
349,akdmia,akdmia,1,1,104,104
350,akdmia,akdmia,1,2,104,517
351,akdmia,akdmia,1,4,104,1128
352,akdmia,akdmia,1,3,99,1227
353,Makoha; Xavier; akdmia; guiv42; helge17,akdmia,5,21,197,3230
354,akdmia,akdmia,1,5,104,1112
355,akdmia,akdmia,1,4,104,1112
356,akdmia,akdmia,1,4,104,1112
357,akdmia,akdmia,1,4,104,1112
358,akdmia,akdmia,1,3,104,1112
359,akdmia,akdmia,1,3,104,885
360,akdmia,akdmia,1,2,59,94
361,akdmia,akdmia,1,4,59,1112
362,akdmia,akdmia,1,4,59,1112
363,akdmia,akdmia,1,2,104,885
364,akdmia,akdmia,1,2,104,889
365,akdmia,akdmia,1,2,104,885
366,akdmia,akdmia,1,2,59,104
367,akdmia,akdmia,1,3,104,1112
368,akdmia,akdmia,1,4,59,1112
369,akdmia,akdmia,1,3,57,194
370,akdmia,akdmia,1,5,59,1112
371,akdmia,akdmia,1,1,104,104
372,akdmia,akdmia,1,2,104,278
373,akdmia,akdmia,1,2,104,1112
374,akdmia,akdmia,1,2,104,1112
375,akdmia,akdmia,1,2,106,1112
376,akdmia,akdmia,1,2,104,1118
377,akdmia,akdmia,1,1,103,103
378,akdmia,akdmia,1,1,103,103
379,akdmia,akdmia,1,1,104,104
380,akdmia,akdmia,1,1,103,103
381,akdmia,akdmia,1,1,104,104
382,akdmia,akdmia,1,2,104,815
383,akdmia,akdmia,1,1,104,104
384,akdmia,akdmia,1,1,1112,1112
385,akdmia,akdmia,1,1,97,97
386,akdmia,akdmia,1,2,896,1429
387,akdmia,akdmia,1,1,104,104
388,akdmia,akdmia,1,1,104,104
389,akdmia,akdmia,1,4,104,1112
390,akdmia,akdmia,1,3,104,1112
391,akdmia,akdmia,1,4,104,1112
392,akdmia,akdmia,1,3,104,943
393,akdmia,akdmia,1,4,104,1112
394,akdmia,akdmia,1,4,104,1112
395,akdmia,akdmia,1,4,104,1112
396,akdmia,akdmia,1,4,104,1112
397,akdmia,akdmia,1,1,104,104
398,akdmia,akdmia,1,1,104,104
399,akdmia,akdmia,1,1,104,104
400,akdmia,akdmia,1,1,104,104
401,akdmia,akdmia,1,3,104,1112
402,akdmia,akdmia,1,2,104,1118
403,akdmia,akdmia,1,3,104,1118
404,akdmia,akdmia,1,1,104,104
405,akdmia,akdmia,1,1,98,98
406,akdmia,akdmia,1,1,104,104
407,akdmia,akdmia,1,1,98,98
408,akdmia,akdmia,1,1,104,104
409,akdmia,akdmia,1,1,104,104
410,akdmia,akdmia,1,3,104,1112
411,akdmia,akdmia,1,2,104,1112
412,akdmia,akdmia,1,1,104,104
413,akdmia,akdmia,1,3,104,1112
414,akdmia,akdmia,1,1,104,104
415,akdmia,akdmia,1,1,104,104
416,akdmia,akdmia,1,4,104,1112
417,akdmia,akdmia,1,4,104,1112
418,akdmia,akdmia,1,4,104,1112
419,akdmia,akdmia,1,4,104,1112
420,akdmia,akdmia,1,2,104,513
421,akdmia,akdmia,1,2,104,513
422,akdmia,akdmia,1,1,513,513
424,akdmia,akdmia,1,2,97,1112
425,akdmia,akdmia,1,3,104,1118
426,akdmia,akdmia,1,3,104,1118
427,akdmia,akdmia,1,3,104,1118
428,akdmia,akdmia,1,3,104,1118
429,akdmia,akdmia,1,2,104,877
430,akdmia,akdmia,1,2,103,925
432,akdmia,akdmia,1,2,103,925
433,akdmia,akdmia,1,2,103,925
434,akdmia,akdmia,1,1,101,101
435,akdmia; guiv42; helge17,guiv42,3,15,1165,3230
436,akdmia,akdmia,1,5,251,1165
437,akdmia; guiv42,guiv42,2,13,432,3175
438,akdmia,akdmia,1,1,97,97
439,akdmia,akdmia,1,2,89,1166
441,akdmia,akdmia,1,1,1162,1162
442,akdmia; guiv42,guiv42,2,7,251,2667
443,akdmia; guiv42,akdmia,2,14,815,3241
445,akdmia; helge17,akdmia,2,5,251,3230
446,akdmia,akdmia,1,1,1162,1162
447,akdmia,akdmia,1,2,197,1162
449,akdmia,akdmia,1,1,107,107
450,akdmia; guiv42,guiv42,2,4,1162,3174
451,akdmia; guiv42; helge17,guiv42,3,4,1162,3135
452,akdmia,akdmia,1,1,1162,1162
454,akdmia,akdmia,1,5,99,1112
456,akdmia,akdmia,1,1,1112,1112
457,akdmia,akdmia,1,1,104,104
458,akdmia,akdmia,1,1,103,103
459,akdmia,akdmia,1,1,97,97
460,akdmia,akdmia,1,1,103,103
461,akdmia,akdmia,1,1,99,99
462,akdmia,akdmia,1,1,103,103
463,akdmia,akdmia,1,3,104,538
464,akdmia,akdmia,1,4,104,566
465,akdmia,akdmia,1,2,104,538
466,akdmia,akdmia,1,2,103,278
467,akdmia,akdmia,1,2,103,278
468,akdmia,akdmia,1,2,103,278
469,akdmia,akdmia,1,1,99,99
471,akdmia,akdmia,1,5,104,877
472,akdmia,akdmia,1,5,104,877
473,akdmia,akdmia,1,2,104,536
474,akdmia,akdmia,1,4,98,453
475,akdmia,akdmia,1,4,197,453
476,akdmia,akdmia,1,2,97,1166
477,akdmia,akdmia,1,3,847,1186
478,akdmia,akdmia,1,2,97,1166
479,akdmia,akdmia,1,1,97,97
480,akdmia,akdmia,1,3,97,1166
482,akdmia,akdmia,1,3,92,1166
483,akdmia,akdmia,1,4,92,1166
484,akdmia,akdmia,1,1,197,197
486,akdmia,akdmia,1,8,99,1166
487,akdmia,akdmia,1,2,97,1166
488,akdmia,akdmia,1,1,92,92
489,akdmia,akdmia,1,1,97,97
490,akdmia,akdmia,1,9,99,1166
491,akdmia,akdmia,1,9,99,1166
492,akdmia,akdmia,1,1,916,916
493,akdmia,akdmia,1,3,92,1166
494,akdmia,akdmia,1,1,1165,1165
495,akdmia,akdmia,1,1,102,102
496,akdmia; guiv42; helge17,guiv42,3,27,451,3218
497,akdmia,akdmia,1,4,451,742
498,akdmia; guiv42,akdmia,2,11,375,3241
500,akdmia; guiv42,guiv42,2,23,451,3218
501,akdmia; guiv42,akdmia,2,13,451,3241
502,akdmia,akdmia,1,4,67,613
503,akdmia; guiv; guiv42; helge17,akdmia,4,17,102,3230
504,akdmia,akdmia,1,1,451,451
505,akdmia; guiv42,akdmia,2,17,451,3239
506,akdmia,akdmia,1,2,451,539
508,akdmia; helge17,akdmia,2,5,57,3230
509,akdmia,akdmia,1,1,106,106
510,akdmia,akdmia,1,1,106,106
511,akdmia,akdmia,1,1,106,106
512,akdmia,akdmia,1,1,106,106
513,akdmia,akdmia,1,1,1112,1112
514,akdmia,akdmia,1,2,106,1112
515,akdmia,akdmia,1,3,417,916
516,akdmia,akdmia,1,2,106,1112
517,akdmia,akdmia,1,2,106,1112
518,akdmia,akdmia,1,2,106,1166
519,akdmia; guiv42; helge17,guiv42,3,16,504,3241
520,akdmia; guiv42; helge17,guiv42,3,17,375,3241
522,akdmia; guiv,akdmia,2,7,102,2050
523,akdmia; guiv42,akdmia,2,2,1165,3218
524,akdmia,akdmia,1,1,1166,1166
525,akdmia; helge17,akdmia,2,2,1165,3230
526,akdmia; helge17,akdmia,2,4,102,3230
527,akdmia; guiv,akdmia,2,2,1165,2050
529,Makoha; Xavier; akdmia; guiv42; helge17,akdmia,5,21,568,2713
531,akdmia,akdmia,1,1,453,453
532,akdmia,akdmia,1,1,453,453
533,akdmia,akdmia,1,3,94,1212
534,akdmia,akdmia,1,1,106,106
535,akdmia,akdmia,1,3,106,943
536,akdmia,akdmia,1,1,106,106
537,akdmia,akdmia,1,2,106,943
538,akdmia,akdmia,1,2,106,194
539,akdmia,akdmia,1,2,106,194
540,akdmia,akdmia,1,1,106,106
542,akdmia,akdmia,1,2,97,969
543,akdmia,akdmia,1,1,1112,1112
544,akdmia,akdmia,1,1,94,94
545,akdmia,akdmia,1,1,89,89
548,akdmia,akdmia,1,1,1131,1131
549,akdmia,akdmia,1,1,1100,1100
550,akdmia,akdmia,1,1,94,94
552,akdmia,akdmia,1,1,106,106
553,akdmia,akdmia,1,2,106,583
556,akdmia,akdmia,1,1,1165,1165
557,akdmia,akdmia,1,1,94,94
558,akdmia,akdmia,1,1,1165,1165
559,akdmia; guiv42,akdmia,2,3,896,2196
560,akdmia,akdmia,1,2,82,453
561,akdmia,akdmia,1,1,90,90
562,akdmia,akdmia,1,1,90,90
563,akdmia,akdmia,1,1,106,106
564,akdmia,akdmia,1,2,94,417
565,akdmia,akdmia,1,2,101,417
566,akdmia,akdmia,1,2,97,1166
569,akdmia,akdmia,1,3,97,1652
570,akdmia,akdmia,1,3,1209,1228
571,akdmia; guiv42; helge17,akdmia,3,9,885,2400
572,akdmia,akdmia,1,1,106,106
573,akdmia,akdmia,1,2,97,1166
575,akdmia,akdmia,1,2,106,1166
576,akdmia,akdmia,1,1,99,99
577,akdmia,akdmia,1,2,97,1166
578,akdmia,akdmia,1,8,99,1105
579,akdmia,akdmia,1,1,94,94
580,akdmia,akdmia,1,1,106,106
581,akdmia,akdmia,1,1,94,94
582,akdmia,akdmia,1,1,106,106
583,akdmia; helge17,akdmia,2,2,94,3230
584,akdmia,akdmia,1,1,106,106
585,akdmia; helge17,akdmia,2,2,97,3230
586,akdmia,akdmia,1,1,99,99
587,akdmia; helge17,akdmia,2,2,94,3230
588,akdmia,akdmia,1,2,103,1166
589,akdmia,akdmia,1,2,103,1166
590,akdmia,akdmia,1,2,103,815
591,akdmia,akdmia,1,2,103,815
592,akdmia,akdmia,1,3,103,1166
593,akdmia,akdmia,1,3,103,1166
594,akdmia,akdmia,1,3,103,924
595,akdmia,akdmia,1,2,103,815
596,akdmia,akdmia,1,2,103,815
597,akdmia,akdmia,1,3,103,924
598,akdmia,akdmia,1,3,103,1122
599,akdmia,akdmia,1,3,103,1122
600,akdmia,akdmia,1,2,103,924
601,akdmia,akdmia,1,2,103,924
602,akdmia,akdmia,1,3,103,1166
603,akdmia,akdmia,1,3,103,1166
604,akdmia,akdmia,1,1,103,103
606,akdmia,akdmia,1,1,103,103
607,akdmia,akdmia,1,1,103,103
608,akdmia,akdmia,1,1,103,103
609,akdmia,akdmia,1,4,103,1166
610,akdmia,akdmia,1,4,103,1166
611,akdmia,akdmia,1,1,103,103
612,akdmia,akdmia,1,1,103,103
613,akdmia,akdmia,1,4,103,1166
614,akdmia,akdmia,1,4,103,1166
615,akdmia,akdmia,1,2,103,924
616,akdmia,akdmia,1,2,103,924
617,akdmia,akdmia,1,2,103,925
618,akdmia; guiv42; helge17,guiv42,3,16,432,3175
619,akdmia,akdmia,1,2,103,1112
620,akdmia,akdmia,1,2,103,1112
621,akdmia,akdmia,1,2,103,1112
622,akdmia,akdmia,1,2,103,1112
623,akdmia,akdmia,1,3,103,1112
624,akdmia,akdmia,1,3,103,1112
625,akdmia,akdmia,1,2,606,1112
626,akdmia,akdmia,1,2,453,1112
627,akdmia,akdmia,1,1,1112,1112
628,akdmia,akdmia,1,2,498,1112
629,akdmia,akdmia,1,7,86,815
630,akdmia,akdmia,1,9,57,950
631,akdmia,akdmia,1,1,94,94
633,akdmia; guiv42,akdmia,2,5,97,2340
634,akdmia,akdmia,1,4,103,877
635,akdmia,akdmia,1,4,103,877
636,akdmia,akdmia,1,2,103,1112
637,akdmia,akdmia,1,2,103,375
638,akdmia,akdmia,1,4,103,1166
639,akdmia,akdmia,1,5,103,1166
640,akdmia,akdmia,1,2,102,952
641,akdmia,akdmia,1,6,86,1166
642,akdmia,akdmia,1,5,103,1163
643,akdmia,akdmia,1,5,103,1163
644,akdmia,akdmia,1,4,102,952
645,akdmia,akdmia,1,5,375,1112
646,akdmia,akdmia,1,5,103,1112
647,akdmia,akdmia,1,8,59,1112
648,akdmia,akdmia,1,7,59,1112
649,akdmia,akdmia,1,7,103,1112
650,akdmia,akdmia,1,6,103,1112
651,akdmia,akdmia,1,3,375,498
652,akdmia,akdmia,1,6,82,734
653,akdmia,akdmia,1,8,82,1112
654,akdmia,akdmia,1,8,82,1112
655,akdmia,akdmia,1,3,606,1112
656,akdmia,akdmia,1,1,1112,1112
657,akdmia,akdmia,1,1,1112,1112
658,akdmia,akdmia,1,4,103,1112
660,akdmia,akdmia,1,3,103,1112
661,akdmia,akdmia,1,4,103,1112
662,akdmia,akdmia,1,3,103,1112
663,akdmia,akdmia,1,1,103,103
664,akdmia,akdmia,1,1,103,103
665,akdmia,akdmia,1,1,103,103
666,akdmia,akdmia,1,1,103,103
667,akdmia,akdmia,1,1,97,97
668,akdmia,akdmia,1,1,103,103
669,akdmia,akdmia,1,1,103,103
670,akdmia,akdmia,1,4,103,606
671,akdmia,akdmia,1,3,103,583
672,akdmia,akdmia,1,2,278,606
673,akdmia; guiv42,akdmia,2,8,97,2667
674,akdmia,akdmia,1,1,278,278
675,akdmia,akdmia,1,1,102,102
676,akdmia,akdmia,1,1,97,97
677,akdmia,akdmia,1,1,498,498
678,akdmia,akdmia,1,1,498,498
679,akdmia,akdmia,1,1,498,498
680,akdmia,akdmia,1,3,59,1112
681,akdmia,akdmia,1,3,59,1112
682,akdmia,akdmia,1,3,103,1112
683,akdmia,akdmia,1,2,453,1112
684,akdmia,akdmia,1,2,453,1112
685,akdmia,akdmia,1,1,855,855
686,akdmia,akdmia,1,1,102,102
687,akdmia,akdmia,1,1,453,453
689,akdmia,akdmia,1,3,127,336
690,akdmia; guiv42,guiv42,2,4,534,3076
691,akdmia,akdmia,1,1,453,453
692,akdmia,akdmia,1,1,453,453
694,akdmia,akdmia,1,2,99,877
695,akdmia,akdmia,1,3,107,1175
696,akdmia,akdmia,1,1,99,99
698,akdmia,akdmia,1,3,103,472
699,akdmia,akdmia,1,3,202,1112
700,akdmia,akdmia,1,7,98,453
701,akdmia,akdmia,1,1,417,417
702,akdmia,akdmia,1,4,82,1118
704,akdmia,akdmia,1,8,57,950
706,akdmia; guiv42,akdmia,2,12,375,3241
707,akdmia,akdmia,1,10,57,950
708,akdmia,akdmia,1,4,441,793
709,akdmia,akdmia,1,5,375,545
710,akdmia; guiv42; helge17,guiv42,3,15,375,3241
712,akdmia,akdmia,1,2,375,451
713,akdmia; guiv42; helge17,akdmia,3,17,375,2281
714,akdmia,akdmia,1,5,441,547
715,akdmia,akdmia,1,5,441,547
716,akdmia,akdmia,1,4,441,547
717,akdmia; guiv42; helge17,akdmia,3,11,441,2281
718,akdmia,akdmia,1,3,441,547
719,akdmia,akdmia,1,5,441,793
720,akdmia,akdmia,1,5,432,545
721,akdmia,akdmia,1,4,441,547
722,akdmia; guiv42; helge17,guiv42,3,13,441,2281
723,akdmia,akdmia,1,5,441,547
724,akdmia,akdmia,1,5,441,547
725,akdmia,akdmia,1,4,441,547
726,akdmia,akdmia,1,5,441,547
727,akdmia,akdmia,1,4,441,547
728,akdmia,akdmia,1,5,441,793
729,akdmia,akdmia,1,6,432,547
730,akdmia,akdmia,1,5,441,547
731,Makoha; Xavier; akdmia; guiv42; helge17,guiv42,5,36,441,3241
732,akdmia,akdmia,1,4,441,547
733,akdmia,akdmia,1,2,66,86
734,akdmia,akdmia,1,3,197,453
736,akdmia,akdmia,1,3,86,729
737,akdmia,akdmia,1,1,97,97
738,akdmia,akdmia,1,5,86,1166
739,akdmia,akdmia,1,1,101,101
741,akdmia,akdmia,1,6,103,1166
742,akdmia,akdmia,1,6,103,1166
743,akdmia,akdmia,1,4,103,1112
744,akdmia,akdmia,1,3,103,877
745,akdmia,akdmia,1,2,103,498
746,akdmia,akdmia,1,1,498,498
747,akdmia,akdmia,1,1,498,498
748,akdmia,akdmia,1,3,59,1112
749,akdmia,akdmia,1,2,59,1112
750,akdmia,akdmia,1,1,102,102
751,akdmia,akdmia,1,1,102,102
752,Makoha; akdmia; guiv42,akdmia,3,9,102,2713
753,akdmia,akdmia,1,3,102,564
754,akdmia; guiv42,guiv42,2,8,375,3241
755,akdmia; guiv42,akdmia,2,10,451,3241
756,akdmia; guiv42,guiv42,2,9,375,3241
757,akdmia,akdmia,1,5,375,796
758,akdmia,akdmia,1,4,183,748
759,akdmia,akdmia,1,3,102,1148
760,akdmia,akdmia,1,3,102,375
761,akdmia,akdmia,1,2,375,953
763,akdmia,akdmia,1,2,102,613
764,akdmia,akdmia,1,2,102,613
765,akdmia,akdmia,1,2,102,564
766,akdmia,akdmia,1,1,102,102
767,akdmia,akdmia,1,2,102,256
768,akdmia,akdmia,1,2,102,256
769,akdmia,akdmia,1,1,102,102
770,akdmia,akdmia,1,1,102,102
771,akdmia,akdmia,1,3,102,586
772,akdmia,akdmia,1,2,102,586
774,akdmia,akdmia,1,1,102,102
776,akdmia,akdmia,1,2,102,463
777,akdmia,akdmia,1,4,102,753
778,akdmia,akdmia,1,3,102,586
779,akdmia,akdmia,1,1,102,102
782,akdmia,akdmia,1,4,102,753
784,akdmia,akdmia,1,4,102,613
786,akdmia,akdmia,1,1,102,102
789,akdmia,akdmia,1,2,102,463
792,akdmia,akdmia,1,3,102,613
793,akdmia,akdmia,1,4,102,463
794,akdmia,akdmia,1,2,102,129
797,akdmia,akdmia,1,1,102,102
798,akdmia,akdmia,1,1,102,102
799,akdmia,akdmia,1,2,102,613
800,akdmia,akdmia,1,2,102,1604
801,akdmia,akdmia,1,1,102,102
802,akdmia,akdmia,1,2,102,741
803,akdmia,akdmia,1,1,102,102
804,akdmia,akdmia,1,1,102,102
805,akdmia,akdmia,1,2,102,613
806,akdmia,akdmia,1,2,102,613
807,akdmia,akdmia,1,1,102,102
808,akdmia,akdmia,1,2,102,375
809,akdmia,akdmia,1,1,1147,1147
810,akdmia,akdmia,1,1,102,102
811,akdmia,akdmia,1,1,1147,1147
812,akdmia,akdmia,1,2,102,1147
816,akdmia,akdmia,1,1,102,102
817,akdmia,akdmia,1,1,102,102
821,akdmia; helge17,akdmia,2,5,102,3230
822,akdmia,akdmia,1,1,102,102
823,akdmia; helge17,akdmia,2,4,102,3230
824,akdmia,akdmia,1,1,102,102
825,akdmia,akdmia,1,1,102,102
826,akdmia,akdmia,1,2,102,815
827,akdmia,akdmia,1,3,102,1342
828,akdmia; guiv42,akdmia,2,4,102,2753
829,akdmia,akdmia,1,1,1800,1800
830,akdmia,akdmia,1,2,391,1800
831,akdmia,akdmia,1,1,1800,1800
832,akdmia,akdmia,1,2,391,1800
833,akdmia,akdmia,1,1,102,102
834,akdmia,akdmia,1,10,194,1828
835,akdmia,akdmia,1,9,89,1137
836,akdmia,akdmia,1,12,194,1546
837,akdmia; guiv42; helger,akdmia,3,16,89,2675
838,akdmia,akdmia,1,8,89,1137
839,akdmia,akdmia,1,8,89,1137
840,akdmia,akdmia,1,8,194,1137
841,akdmia,akdmia,1,8,89,1346
842,akdmia,akdmia,1,8,194,1137
843,akdmia,akdmia,1,8,194,1137
844,akdmia,akdmia,1,7,194,1137
845,akdmia,akdmia,1,3,97,969
846,Makoha; Xavier; akdmia; guiv42,akdmia,4,20,156,2713
847,Makoha; Xavier; akdmia; guiv42,akdmia,4,21,156,2713
848,akdmia,akdmia,1,4,194,609
849,akdmia,akdmia,1,10,156,930
850,akdmia,akdmia,1,12,194,1221
851,akdmia,akdmia,1,9,194,1346
854,akdmia,akdmia,1,8,194,1137
855,akdmia,akdmia,1,6,194,943
856,akdmia,akdmia,1,2,1114,1226
857,akdmia,akdmia,1,13,194,1221
858,akdmia,akdmia,1,4,70,730
859,akdmia,akdmia,1,1,1114,1114
860,akdmia; guiv42,akdmia,2,19,194,2674
861,akdmia,akdmia,1,13,89,1137
862,akdmia,akdmia,1,10,194,1146
863,akdmia,akdmia,1,1,1610,1610
864,akdmia,akdmia,1,1,102,102
865,akdmia,akdmia,1,6,89,889
866,akdmia,akdmia,1,3,49,1182
867,akdmia,akdmia,1,8,194,1546
868,akdmia,akdmia,1,7,194,943
869,akdmia,akdmia,1,8,194,1829
870,akdmia,akdmia,1,3,194,512
871,akdmia,akdmia,1,3,70,453
872,akdmia,akdmia,1,1,102,102
873,akdmia,akdmia,1,1,102,102
874,akdmia,akdmia,1,4,375,1147
875,akdmia,akdmia,1,3,375,1147
876,akdmia,akdmia,1,1,564,564
877,akdmia,akdmia,1,2,564,1147
878,akdmia,akdmia,1,2,1610,1765
879,akdmia,akdmia,1,7,102,1652
880,akdmia,akdmia,1,6,102,1184
881,akdmia,akdmia,1,6,102,1184
882,akdmia; guiv; guiv42; helge17,guiv42,4,27,102,3212
883,akdmia; guiv; guiv42; helge17,akdmia,4,27,102,3212
884,akdmia; guiv; guiv42; helge17,akdmia,4,26,102,3212
885,akdmia; guiv; guiv42; helge17,akdmia,4,28,102,3212
886,akdmia,akdmia,1,7,102,613
887,akdmia; guiv; guiv42; helge17,guiv42,4,26,102,3212
888,akdmia,akdmia,1,6,102,613
889,akdmia,akdmia,1,8,102,730
890,akdmia,akdmia,1,9,102,1226
891,akdmia; guiv42,akdmia,2,17,451,3241
892,akdmia; guiv; guiv42,akdmia,3,13,102,3212
893,akdmia; guiv; guiv42,akdmia,3,12,102,3204
894,akdmia; guiv; guiv42,akdmia,3,12,102,3212
896,akdmia,akdmia,1,1,102,102
897,akdmia,akdmia,1,1,102,102
898,akdmia,akdmia,1,3,102,375
899,akdmia,akdmia,1,3,102,375
900,akdmia; guiv,akdmia,2,10,102,2050
901,akdmia; guiv,akdmia,2,11,102,2050
902,akdmia; guiv; helge17,akdmia,3,10,102,3230
903,akdmia,akdmia,1,3,102,852
904,akdmia,akdmia,1,6,102,848
905,akdmia,akdmia,1,4,102,741
906,akdmia,akdmia,1,1,102,102
907,akdmia,akdmia,1,1,102,102
908,akdmia,akdmia,1,1,102,102
909,akdmia,akdmia,1,1,102,102
912,akdmia,akdmia,1,2,95,896
915,akdmia,akdmia,1,1,102,102
919,akdmia,akdmia,1,1,101,101
920,akdmia,akdmia,1,6,375,547
921,akdmia,akdmia,1,4,375,547
922,akdmia,akdmia,1,5,375,547
923,akdmia,akdmia,1,2,101,417
924,akdmia; guiv42; helge17,akdmia,3,4,94,3230
925,akdmia; guiv42; helge17,akdmia,3,3,94,3230
926,akdmia,akdmia,1,2,99,206
927,akdmia,akdmia,1,2,97,505
928,akdmia,akdmia,1,2,97,505
929,akdmia,akdmia,1,3,99,1112
930,akdmia,akdmia,1,4,99,1112
931,akdmia,akdmia,1,8,99,1105
932,akdmia,akdmia,1,8,99,1105
933,akdmia,akdmia,1,5,99,943
934,akdmia,akdmia,1,1,99,99
935,akdmia,akdmia,1,2,99,943
936,akdmia,akdmia,1,2,99,943
937,akdmia,akdmia,1,3,99,943
938,akdmia,akdmia,1,3,99,943
939,akdmia,akdmia,1,2,99,943
940,akdmia,akdmia,1,3,99,943
941,akdmia,akdmia,1,2,99,943
942,akdmia,akdmia,1,2,99,943
943,akdmia,akdmia,1,3,99,1166
944,akdmia,akdmia,1,3,99,943
945,akdmia,akdmia,1,1,99,99
946,akdmia,akdmia,1,1,453,453
947,akdmia; helge17,akdmia,2,3,99,2400
948,akdmia,akdmia,1,2,99,943
949,akdmia,akdmia,1,5,99,1166
951,akdmia,akdmia,1,1,99,99
952,akdmia; guiv42; helge17,akdmia,3,12,99,2400
954,akdmia,akdmia,1,1,99,99
956,akdmia,akdmia,1,4,99,943
957,akdmia; guiv42,akdmia,2,4,99,2666
958,akdmia,akdmia,1,3,99,1112
959,akdmia,akdmia,1,1,99,99
960,akdmia; guiv42; helge17,guiv42,3,18,99,2175
961,akdmia; herak,akdmia,2,2,99,365
962,akdmia,akdmia,1,1,453,453
963,akdmia,akdmia,1,2,99,1429
964,akdmia,akdmia,1,1,99,99
965,akdmia; herak,akdmia,2,2,99,365
966,akdmia; herak,akdmia,2,3,99,616
967,akdmia; herak,akdmia,2,2,99,365
968,akdmia,akdmia,1,1,94,94
969,akdmia; herak,akdmia,2,3,99,590
970,akdmia; herak,akdmia,2,2,99,365
971,akdmia; herak,akdmia,2,2,99,365
972,akdmia,akdmia,1,1,99,99
973,akdmia,akdmia,1,1,99,99
974,akdmia,akdmia,1,1,99,99
975,akdmia; herak,akdmia,2,3,99,877
976,akdmia,akdmia,1,1,99,99
977,akdmia,akdmia,1,1,99,99
978,akdmia,akdmia,1,1,99,99
979,akdmia,akdmia,1,1,99,99
980,akdmia,akdmia,1,1,1429,1429
981,akdmia,akdmia,1,1,99,99
982,akdmia; herak,akdmia,2,2,99,365
983,akdmia; helge17,akdmia,2,4,99,2400
984,akdmia,akdmia,1,2,99,1112
985,akdmia,akdmia,1,2,99,1112
986,akdmia,akdmia,1,2,99,1112
987,akdmia,akdmia,1,3,99,1112
988,akdmia,akdmia,1,2,99,1112
989,akdmia,akdmia,1,2,99,1112
990,akdmia,akdmia,1,2,99,1112
991,akdmia,akdmia,1,2,99,1112
992,akdmia,akdmia,1,1,1112,1112
993,akdmia,akdmia,1,8,99,1585
994,akdmia,akdmia,1,2,453,1112
995,akdmia,akdmia,1,2,453,1112
996,akdmia,akdmia,1,3,452,1112
998,akdmia,akdmia,1,3,99,1429
999,akdmia,akdmia,1,2,99,1112
1000,akdmia,akdmia,1,2,99,1112
1001,akdmia,akdmia,1,5,99,1231
1002,akdmia,akdmia,1,6,99,1231
1003,akdmia,akdmia,1,6,99,1166
1004,akdmia,akdmia,1,2,99,595
1005,akdmia,akdmia,1,2,99,1112
1006,akdmia,akdmia,1,2,99,1112
1007,akdmia,akdmia,1,2,99,368
1008,akdmia,akdmia,1,1,107,107
1009,akdmia; helge17,akdmia,2,7,99,2400
1010,akdmia; guiv42,akdmia,2,6,107,2775
1011,akdmia,akdmia,1,3,99,1112
1012,akdmia,akdmia,1,3,99,943
1013,akdmia,akdmia,1,2,99,943
1014,akdmia,akdmia,1,2,99,943
1015,akdmia,akdmia,1,2,99,943
1016,akdmia,akdmia,1,2,99,943
1017,akdmia,akdmia,1,5,99,907
1019,akdmia,akdmia,1,2,99,1112
1020,akdmia,akdmia,1,2,93,1112
1021,akdmia,akdmia,1,2,99,1112
1023,akdmia,akdmia,1,1,99,99
1024,akdmia,akdmia,1,2,99,943
1025,akdmia,akdmia,1,2,99,943
1026,akdmia,akdmia,1,3,99,943
1027,akdmia,akdmia,1,1,99,99
1028,akdmia,akdmia,1,1,99,99
1029,akdmia,akdmia,1,1,97,97
1032,akdmia,akdmia,1,2,244,742
1033,akdmia,akdmia,1,3,98,453
1035,akdmia,akdmia,1,1,95,95
1036,akdmia,akdmia,1,2,251,742
1037,akdmia,akdmia,1,3,98,742
1038,akdmia,akdmia,1,1,201,201
1039,akdmia,akdmia,1,1,201,201
1040,akdmia,akdmia,1,1,98,98
1041,akdmia,akdmia,1,1,98,98
1042,akdmia,akdmia,1,3,98,586
1043,akdmia,akdmia,1,2,98,129
1044,akdmia,akdmia,1,3,97,1429
1045,akdmia,akdmia,1,3,97,969
1046,akdmia; guiv42,akdmia,2,6,97,2340
1047,akdmia,akdmia,1,3,97,1332
1048,akdmia,akdmia,1,2,97,1112
1049,akdmia,akdmia,1,2,97,1112
1050,akdmia,akdmia,1,2,97,1112
1051,akdmia,akdmia,1,2,97,1112
1052,akdmia,akdmia,1,1,97,97
1053,akdmia,akdmia,1,1,90,90
1054,akdmia,akdmia,1,3,90,1118
1055,akdmia,akdmia,1,1,97,97
1056,akdmia,akdmia,1,1,1165,1165
1057,akdmia,akdmia,1,1,97,97
1058,akdmia,akdmia,1,1,97,97
1059,akdmia,akdmia,1,1,97,97
1061,akdmia,akdmia,1,1,97,97
1062,akdmia,akdmia,1,4,59,1112
1063,akdmia,akdmia,1,4,59,1112
1064,akdmia,akdmia,1,6,97,1652
1065,akdmia,akdmia,1,2,97,530
1067,Makoha; Xavier; akdmia; guiv42; helge17,akdmia,5,16,815,3230
1068,akdmia,akdmia,1,1,97,97
1069,akdmia; guiv42; helge17,akdmia,3,11,97,3076
1070,akdmia,akdmia,1,3,97,1166
1071,akdmia,akdmia,1,2,97,157
1072,akdmia,akdmia,1,1,97,97
1073,akdmia,akdmia,1,1,97,97
1074,akdmia,akdmia,1,1,94,94
1075,akdmia; guiv42; helge17,akdmia,3,8,97,3075
1076,akdmia,akdmia,1,3,94,1410
1077,akdmia,akdmia,1,3,505,1235
1078,akdmia,akdmia,1,4,505,1245
1079,akdmia,akdmia,1,2,584,1245
1080,akdmia,akdmia,1,3,505,1131
1081,akdmia,akdmia,1,3,97,943
1082,akdmia; helge17,akdmia,2,6,97,3230
1083,akdmia; helge17,akdmia,2,3,97,3230
1084,akdmia,akdmia,1,1,97,97
1085,akdmia,akdmia,1,4,97,1245
1086,akdmia,akdmia,1,2,97,505
1087,akdmia,akdmia,1,4,97,1245
1088,akdmia,akdmia,1,4,97,1245
1089,akdmia,akdmia,1,3,505,1245
1091,akdmia; helge17,akdmia,2,3,505,3230
1093,akdmia,akdmia,1,1,512,512
1094,akdmia,akdmia,1,2,97,672
1095,akdmia,akdmia,1,1,97,97
1096,akdmia,akdmia,1,1,97,97
1097,akdmia,akdmia,1,2,107,1417
1098,akdmia,akdmia,1,1,97,97
1099,akdmia,akdmia,1,2,97,970
1100,akdmia,akdmia,1,3,97,970
1101,akdmia,akdmia,1,2,855,896
1102,akdmia,akdmia,1,2,95,855
1103,akdmia,akdmia,1,1,95,95
1104,akdmia,akdmia,1,3,95,896
1108,akdmia,akdmia,1,4,59,896
1109,akdmia,akdmia,1,1,89,89
1110,akdmia,akdmia,1,1,94,94
1111,akdmia,akdmia,1,5,89,889
1112,akdmia,akdmia,1,3,94,1538
1113,akdmia,akdmia,1,2,94,1212
1115,akdmia,akdmia,1,1,94,94
1116,akdmia; helge17,akdmia,2,2,94,3230
1117,akdmia,akdmia,1,1,94,94
1118,akdmia,akdmia,1,1,94,94
1119,akdmia,akdmia,1,2,94,384
1120,akdmia; herak,akdmia,2,2,94,372
1121,akdmia,akdmia,1,1,94,94
1122,akdmia,akdmia,1,1,94,94
1124,akdmia,akdmia,1,3,458,1386
1125,akdmia,akdmia,1,1,94,94
1126,guiv42,guiv42,1,1,2563,2563
1127,akdmia,akdmia,1,4,453,1829
1128,akdmia,akdmia,1,3,93,1342
1129,akdmia,akdmia,1,4,59,194
1130,akdmia,akdmia,1,4,59,452
1131,akdmia,akdmia,1,1,90,90
1132,akdmia,akdmia,1,1,90,90
1133,akdmia,akdmia,1,1,90,90
1134,akdmia,akdmia,1,1,90,90
1135,akdmia,akdmia,1,4,92,1118
1136,akdmia,akdmia,1,4,92,1118
1137,akdmia,akdmia,1,4,92,1118
1138,akdmia,akdmia,1,4,92,1118
1139,akdmia,akdmia,1,2,92,815
1140,akdmia,akdmia,1,4,92,1118
1141,akdmia,akdmia,1,2,92,1112
1142,akdmia,akdmia,1,1,92,92
1143,akdmia,akdmia,1,1,91,91
1144,akdmia,akdmia,1,1,91,91
1145,akdmia,akdmia,1,3,91,1118
1146,akdmia,akdmia,1,1,92,92
1147,akdmia,akdmia,1,1,91,91
1148,akdmia,akdmia,1,3,92,1118
1149,akdmia,akdmia,1,4,92,1118
1150,akdmia,akdmia,1,3,90,1118
1151,akdmia,akdmia,1,4,92,1118
1152,akdmia,akdmia,1,3,91,1118
1153,akdmia,akdmia,1,3,90,1118
1154,akdmia,akdmia,1,3,91,1118
1155,akdmia,akdmia,1,1,90,90
1156,akdmia,akdmia,1,1,90,90
1157,akdmia,akdmia,1,3,90,1118
1158,akdmia,akdmia,1,3,90,1118
1159,akdmia,akdmia,1,3,90,1118
1160,akdmia,akdmia,1,3,90,1118
1161,akdmia,akdmia,1,3,92,1118
1162,akdmia,akdmia,1,3,91,1118
1163,akdmia,akdmia,1,3,91,1118
1164,akdmia,akdmia,1,2,92,1112
1165,akdmia,akdmia,1,3,90,1118
1166,akdmia,akdmia,1,3,90,1118
1167,akdmia,akdmia,1,3,90,1118
1168,akdmia,akdmia,1,3,90,1118
1169,akdmia,akdmia,1,3,90,1118
1170,akdmia,akdmia,1,3,90,1118
1171,akdmia,akdmia,1,3,91,1118
1172,akdmia,akdmia,1,6,90,1118
1173,akdmia,akdmia,1,3,90,583
1174,akdmia,akdmia,1,3,91,1118
1175,akdmia,akdmia,1,1,92,92
1176,akdmia,akdmia,1,2,92,1166
1177,akdmia,akdmia,1,4,92,1166
1178,akdmia,akdmia,1,2,92,1166
1179,akdmia,akdmia,1,3,92,1118
1180,akdmia,akdmia,1,3,92,1118
1181,akdmia,akdmia,1,3,91,1166
1182,akdmia,akdmia,1,3,91,1166
1183,akdmia,akdmia,1,4,91,1166
1184,akdmia,akdmia,1,4,91,1166
1185,akdmia,akdmia,1,1,90,90
1186,akdmia,akdmia,1,1,90,90
1187,akdmia,akdmia,1,1,90,90
1188,akdmia,akdmia,1,2,90,197
1189,akdmia,akdmia,1,3,90,1118
1190,akdmia,akdmia,1,4,90,1118
1191,akdmia,akdmia,1,4,90,1163
1192,akdmia,akdmia,1,3,1112,1163
1193,akdmia,akdmia,1,1,90,90
1194,akdmia,akdmia,1,1,90,90
1195,akdmia,akdmia,1,2,72,89
1196,akdmia,akdmia,1,2,72,89
1197,akdmia; helge17,akdmia,2,6,89,3230
1198,akdmia; helge17,akdmia,2,5,89,3230
1200,akdmia,akdmia,1,1,89,89
1201,Grzegorz Pruchniakowski; akdmia; guiv42; helge17,guiv42,4,10,583,2946
1203,akdmia; guiv42; helge17,akdmia,3,7,601,2946
1204,akdmia; guiv42; helge17,akdmia,3,6,601,2946
1205,akdmia,akdmia,1,4,539,1392
1206,akdmia,akdmia,1,4,878,1392
1207,akdmia,akdmia,1,3,107,1392
1208,akdmia,akdmia,1,4,392,968
1210,akdmia,akdmia,1,3,375,1392
1211,akdmia,akdmia,1,6,375,968
1212,akdmia,akdmia,1,1,107,107
1215,akdmia,akdmia,1,3,539,1175
1216,akdmia,akdmia,1,1,1165,1165
1217,akdmia,akdmia,1,4,251,1417
1218,akdmia; guiv42,akdmia,2,10,451,3241
1219,akdmia; guiv42,akdmia,2,8,1114,3241
1220,akdmia; guiv42,akdmia,2,16,451,3241
1222,akdmia; guiv42; helge17,guiv42,3,6,546,3204
1223,akdmia; guiv42; helge17,akdmia,3,9,375,3241
1224,akdmia; guiv42,guiv42,2,9,537,3241
1225,akdmia; guiv42,akdmia,2,17,451,3241
1226,akdmia,akdmia,1,8,375,1175
1227,akdmia,akdmia,1,2,375,1175
1228,akdmia,akdmia,1,6,375,1175
1229,akdmia,akdmia,1,5,375,1175
1230,akdmia,akdmia,1,2,375,1417
1231,akdmia,akdmia,1,4,375,1175
1232,akdmia; guiv42; helge17,akdmia,3,18,197,3230
1233,akdmia; guiv42; helge17,akdmia,3,20,197,3230
1234,akdmia; guiv42; helge17,akdmia,3,19,61,3230
1235,akdmia; guiv42; helge17,akdmia,3,13,61,3230
1236,akdmia,akdmia,1,14,244,1048
1237,Makoha; Xavier; akdmia; guiv42,akdmia,4,19,197,2713
1239,akdmia; guiv42; helge17,akdmia,3,22,61,3230
1240,akdmia; guiv42; helge17,akdmia,3,17,61,3230
1241,akdmia; guiv42; helge17,akdmia,3,18,511,3230
1242,akdmia; guiv42; helge17,akdmia,3,13,197,3230
1243,akdmia; guiv42; helge17,akdmia,3,15,197,3230
1244,akdmia; helge17,akdmia,2,11,635,3230
1245,akdmia,akdmia,1,2,534,735
1247,akdmia; guiv42; helge17,akdmia,3,12,375,3230
1248,akdmia,akdmia,1,4,375,796
1249,akdmia; helge17,akdmia,2,4,796,3230
1251,akdmia; guiv42,akdmia,2,8,375,3077
1252,akdmia; guiv42,akdmia,2,7,375,3077
1254,akdmia,akdmia,1,5,539,893
1255,akdmia; guiv42,akdmia,2,16,451,3241
1256,akdmia,akdmia,1,1,458,458
1257,akdmia,akdmia,1,1,458,458
1261,akdmia,akdmia,1,1,375,375
1262,akdmia; guiv42; helge17,guiv42,3,9,375,3203
1263,akdmia; guiv42; helge17,guiv42,3,8,375,3203
1264,akdmia; guiv42; helge17,guiv42,3,8,375,3203
1268,akdmia; guiv42; helge17,akdmia,3,8,375,3203
1270,akdmia,akdmia,1,1,1652,1652
1271,akdmia; guiv42; helge17,guiv42,3,8,375,3203
1272,akdmia; guiv42; helge17,guiv42,3,8,375,3203
1275,guiv42; helge17,helge17,2,2,3191,3202
1276,akdmia,akdmia,1,2,375,930
1278,akdmia,akdmia,1,1,930,930
1281,akdmia; guiv42; helge17,guiv42,3,9,375,3203
1283,akdmia,akdmia,1,1,375,375
1284,akdmia,akdmia,1,1,616,616
1285,akdmia; guiv42,akdmia,2,10,375,3241
1286,Makoha; Xavier; akdmia; guiv42; helge17,guiv42,5,38,375,3241
1287,akdmia; guiv42,akdmia,2,14,375,3241
1288,akdmia; guiv42,akdmia,2,10,375,3239
1290,akdmia; guiv42,akdmia,2,10,539,3241
1293,akdmia; guiv42,akdmia,2,10,1114,3241
1294,akdmia; guiv42,akdmia,2,11,879,3241
1295,akdmia; guiv42,akdmia,2,15,539,3241
1296,akdmia; guiv42,akdmia,2,9,893,3241
1297,akdmia; guiv42; helge17,akdmia,3,15,451,3241
1298,akdmia,akdmia,1,1,451,451
1299,akdmia; guiv42; helge17,guiv42,3,22,451,3230
1300,akdmia; guiv42,akdmia,2,14,451,3241
1301,akdmia,akdmia,1,1,1165,1165
1302,guiv42,guiv42,1,2,3147,3174
1303,guiv42,guiv42,1,1,3076,3076
1306,akdmia,akdmia,1,1,1162,1162
1307,akdmia,akdmia,1,1,616,616
1308,akdmia; helge17,akdmia,2,2,616,3230
1309,akdmia,akdmia,1,1,1162,1162
1310,akdmia,akdmia,1,1,616,616
1319,akdmia,akdmia,1,1,1131,1131
1337,akdmia,akdmia,1,1,1411,1411
1338,akdmia,akdmia,1,1,104,104
1339,akdmia,akdmia,1,1,107,107
1340,akdmia; herak,akdmia,2,2,267,372
1341,akdmia; helge17; herak,akdmia,3,5,107,3230
1344,akdmia; helge17; herak,akdmia,3,4,107,3230
1346,akdmia,akdmia,1,1,1175,1175
1348,akdmia,akdmia,1,1,1392,1392
1349,akdmia,akdmia,1,3,107,1417
1354,akdmia,akdmia,1,2,107,1392
1355,akdmia,akdmia,1,5,107,1392
1356,akdmia,akdmia,1,2,107,1392
1357,akdmia,akdmia,1,2,107,1392
1358,akdmia,akdmia,1,3,107,1392
1360,akdmia,akdmia,1,5,107,1392
1361,akdmia,akdmia,1,4,107,1392
1362,akdmia,akdmia,1,3,107,1392
1363,akdmia,akdmia,1,3,107,1392
1364,akdmia,akdmia,1,1,1392,1392
1365,akdmia,akdmia,1,2,107,1392
1367,akdmia,akdmia,1,2,107,1392
1368,akdmia,akdmia,1,2,107,1392
1369,akdmia,akdmia,1,3,107,1417
1371,akdmia,akdmia,1,1,107,107
1372,akdmia,akdmia,1,1,107,107
1373,akdmia,akdmia,1,2,877,968
1374,akdmia,akdmia,1,2,107,252
1375,akdmia,akdmia,1,3,107,878
1377,akdmia,akdmia,1,2,107,1164
1378,akdmia,akdmia,1,2,107,1164
1380,akdmia,akdmia,1,1,107,107
1381,akdmia,akdmia,1,1,107,107
1382,akdmia,akdmia,1,2,123,251
1383,akdmia,akdmia,1,2,107,252
1384,akdmia,akdmia,1,2,107,252
1385,akdmia,akdmia,1,1,375,375
1386,akdmia,akdmia,1,2,107,377
1387,akdmia,akdmia,1,1,107,107
1388,akdmia,akdmia,1,2,375,1392
1389,akdmia,akdmia,1,3,107,1392
1391,akdmia,akdmia,1,7,441,1417
1392,akdmia,akdmia,1,3,107,932
1393,akdmia,akdmia,1,4,107,1392
1394,akdmia,akdmia,1,4,107,1392
1395,akdmia,akdmia,1,4,107,1392
1396,akdmia,akdmia,1,4,107,1392
1397,akdmia,akdmia,1,5,375,1392
1398,akdmia,akdmia,1,5,375,1162
1399,akdmia,akdmia,1,4,107,932
1400,akdmia,akdmia,1,4,107,932
1402,akdmia,akdmia,1,1,107,107
1403,akdmia,akdmia,1,3,107,932
1406,akdmia,akdmia,1,4,375,968
1407,akdmia,akdmia,1,1,107,107
1408,akdmia,akdmia,1,3,107,932
1409,akdmia,akdmia,1,5,375,930
1410,akdmia,akdmia,1,3,107,1417
1411,akdmia,akdmia,1,3,441,1417
1412,akdmia,akdmia,1,3,107,1392
1413,akdmia,akdmia,1,2,107,1392
1414,akdmia,akdmia,1,3,107,1392
1415,akdmia,akdmia,1,2,251,1162
1416,akdmia,akdmia,1,2,107,252
1417,akdmia,akdmia,1,5,107,1392
1418,akdmia,akdmia,1,4,107,932
1419,akdmia,akdmia,1,4,107,1392
1420,akdmia,akdmia,1,4,107,1392
1421,akdmia,akdmia,1,3,107,1164
1422,akdmia,akdmia,1,3,107,1164
1423,akdmia,akdmia,1,2,107,1135
1424,akdmia,akdmia,1,1,1135,1135
1425,akdmia,akdmia,1,5,107,1585
1426,akdmia,akdmia,1,1,107,107
1427,akdmia,akdmia,1,2,607,1135
1428,akdmia; helge17,akdmia,2,3,1429,2376
1429,akdmia,akdmia,1,1,94,94
1430,akdmia,akdmia,1,3,107,1429
1431,akdmia,akdmia,1,2,107,1135
1432,akdmia,akdmia,1,4,1112,1585
1433,akdmia,akdmia,1,1,1112,1112
1434,akdmia,akdmia,1,4,195,1182
1435,akdmia,akdmia,1,2,195,604
1436,akdmia,akdmia,1,4,195,1182
1437,akdmia,akdmia,1,3,943,1182
1442,akdmia,akdmia,1,5,1112,1587
1443,akdmia,akdmia,1,1,1167,1167
1447,akdmia,akdmia,1,1,459,459
1459,akdmia,akdmia,1,1,90,90
1461,akdmia,akdmia,1,1,90,90
1462,akdmia,akdmia,1,1,1165,1165
1463,akdmia,akdmia,1,1,272,272
1464,akdmia,akdmia,1,1,107,107
1466,akdmia,akdmia,1,1,272,272
1467,akdmia,akdmia,1,2,271,272
1468,akdmia,akdmia,1,2,271,272
1469,akdmia,akdmia,1,2,271,272
1470,akdmia,akdmia,1,2,271,272
1471,akdmia,akdmia,1,2,271,272
1472,akdmia,akdmia,1,2,271,272
1473,akdmia,akdmia,1,2,107,259
1474,akdmia; guiv42,akdmia,2,7,107,2327
1475,akdmia; guiv42; harborsiem; helge17; m5ls7h,akdmia,5,25,74,3211
1476,akdmia; guiv42,akdmia,2,5,107,2327
1477,akdmia,akdmia,1,3,107,933
1478,akdmia,akdmia,1,3,107,933
1479,akdmia; guiv42; harborsiem,akdmia,3,5,107,2328
1480,akdmia; guiv42; harborsiem,akdmia,3,6,107,2328
1481,akdmia; guiv42; harborsiem,akdmia,3,5,107,2328
1482,akdmia,akdmia,1,3,107,933
1483,akdmia,akdmia,1,3,107,933
1484,akdmia,akdmia,1,1,104,104
1485,akdmia,akdmia,1,2,107,933
1486,akdmia,akdmia,1,2,107,933
1487,akdmia; guiv42; harborsiem,akdmia,3,6,107,2328
1488,akdmia; guiv42; harborsiem,akdmia,3,6,107,2328
1489,akdmia,akdmia,1,4,107,1167
1490,akdmia,akdmia,1,4,107,1167
1491,akdmia,akdmia,1,3,107,933
1492,akdmia; guiv42; harborsiem,akdmia,3,5,107,2328
1493,akdmia; guiv42,akdmia,2,3,107,2329
1494,akdmia,akdmia,1,1,107,107
1495,akdmia; guiv42; harborsiem,akdmia,3,4,107,2328
1496,akdmia; guiv42; harborsiem,akdmia,3,4,107,2328
1497,akdmia; guiv42; harborsiem,akdmia,3,4,107,2328
1498,akdmia,akdmia,1,6,375,1392
1499,akdmia; guiv42; harborsiem,akdmia,3,7,107,2328
1500,akdmia,akdmia,1,2,107,933
1501,akdmia; guiv42; harborsiem,akdmia,3,6,107,2328
1502,akdmia; guiv42; harborsiem,akdmia,3,4,107,2328
1503,akdmia; guiv42; harborsiem,akdmia,3,6,107,2328
1504,akdmia,akdmia,1,2,107,933
1505,akdmia; guiv42; harborsiem,akdmia,3,6,107,2328
1506,akdmia,akdmia,1,1,107,107
1507,akdmia,akdmia,1,3,539,1417
1509,akdmia; guiv42; harborsiem,akdmia,3,6,74,2328
1510,akdmia; guiv42; harborsiem; helge17,guiv42,4,16,107,3203
1511,akdmia; guiv42; harborsiem,akdmia,3,8,107,2328
1512,akdmia; guiv42; helge17; m5ls7h,guiv42,4,16,75,3211
1513,akdmia,akdmia,1,4,534,930
1514,akdmia,akdmia,1,3,107,1128
1515,akdmia; guiv42; harborsiem; helge17,akdmia,4,8,107,2328
1516,akdmia; guiv42; harborsiem,akdmia,3,6,107,2328
1517,akdmia,akdmia,1,3,107,933
1518,akdmia; guiv42; harborsiem,akdmia,3,5,107,2328
1519,akdmia,akdmia,1,3,107,933
1520,akdmia; guiv42; harborsiem,akdmia,3,5,107,2328
1521,akdmia; guiv42; harborsiem,akdmia,3,5,107,2328
1522,Trung (Daniel) An; Trung An; akdmia; ffio1; guiv42; harborsiem; helge17; m5ls7h,guiv42,8,42,107,3230
1523,Trung (Daniel) An; Trung An; akdmia; ffio1; guiv42; harborsiem; helge17; m5ls7h,guiv42,8,42,107,3230
1524,akdmia,akdmia,1,3,107,933
1525,akdmia; guiv42; harborsiem,akdmia,3,4,107,2328
1526,akdmia; guiv42; harborsiem,akdmia,3,5,107,2328
1527,akdmia; guiv42; harborsiem,akdmia,3,6,107,2328
1528,akdmia,akdmia,1,3,107,933
1529,akdmia,akdmia,1,3,107,933
1530,akdmia,akdmia,1,3,107,933
1531,akdmia; helge17,akdmia,2,3,107,3230
1532,akdmia; guiv42; helge17,akdmia,3,4,107,3230
1533,akdmia; helge17,akdmia,2,6,107,3230
1534,akdmia; helge17,akdmia,2,6,107,3230
1535,akdmia,akdmia,1,2,107,933
1536,akdmia,akdmia,1,2,107,933
1537,akdmia,akdmia,1,2,107,933
1538,akdmia,akdmia,1,2,107,933
1539,akdmia,akdmia,1,2,107,933
1540,akdmia,akdmia,1,2,107,933
1541,akdmia,akdmia,1,5,107,1585
1542,akdmia,akdmia,1,4,107,933
1543,akdmia; helge17,akdmia,2,4,107,3230
1544,akdmia; helge17,akdmia,2,3,107,3230
1545,akdmia; helge17,akdmia,2,3,107,3230
1546,akdmia; helge17,akdmia,2,3,107,3230
1547,akdmia; helge17,akdmia,2,4,107,3230
1548,akdmia; helge17,akdmia,2,4,107,3230
1549,akdmia,akdmia,1,3,107,933
1550,akdmia,akdmia,1,3,107,933
1551,akdmia; guiv42; helge17,akdmia,3,7,107,3230
1552,akdmia; guiv42; helge17,akdmia,3,6,107,3230
1553,akdmia; guiv42; helge17,akdmia,3,8,107,3230
1554,akdmia,akdmia,1,3,107,1167
1555,akdmia,akdmia,1,3,107,1167
1556,akdmia,akdmia,1,3,107,1167
1557,akdmia,akdmia,1,2,107,543
1558,akdmia,akdmia,1,2,107,543
1559,akdmia,akdmia,1,2,107,543
1560,akdmia; guiv42; harborsiem,guiv42,3,5,107,2329
1561,akdmia; guiv42; harborsiem,akdmia,3,7,107,2329
1562,Trung (Daniel) An; Trung An; akdmia; ffio1; guiv42; helge17; m5ls7h,guiv42,7,34,107,3230
1563,Trung (Daniel) An; Trung An; akdmia; ffio1; guiv42; helge17; m5ls7h,guiv42,7,33,107,3211
1564,Trung (Daniel) An; Trung An; akdmia; ffio1; guiv42; helge17; m5ls7h,guiv42,7,33,107,3211
1565,akdmia,akdmia,1,2,107,620
1566,akdmia,akdmia,1,2,107,620
1567,akdmia,akdmia,1,2,107,620
1568,akdmia; guiv42,akdmia,2,3,107,2329
1569,akdmia; guiv42,akdmia,2,3,107,2329
1570,akdmia,akdmia,1,2,107,378
1571,Trung (Daniel) An; Trung An; akdmia; ffio1; guiv42; harborsiem; helge17; m5ls7h,guiv42,8,37,107,3230
1572,Trung (Daniel) An; Trung An; akdmia; ffio1; guiv42; harborsiem; helge17; m5ls7h,guiv42,8,36,107,3211
1573,akdmia; guiv42; harborsiem,guiv42,3,6,107,2329
1574,akdmia; guiv42; harborsiem,guiv42,3,6,107,2329
1575,akdmia; helge17,akdmia,2,5,107,3230
1576,akdmia; helge17,akdmia,2,5,107,3230
1577,akdmia,akdmia,1,3,107,435
1578,akdmia,akdmia,1,1,107,107
1579,akdmia; guiv42,akdmia,2,2,107,2334
1580,akdmia,akdmia,1,1,107,107
1581,akdmia,akdmia,1,3,107,1167
1582,akdmia,akdmia,1,3,107,1167
1583,akdmia,akdmia,1,4,107,1585
1584,akdmia,akdmia,1,1,107,107
1585,akdmia,akdmia,1,1,107,107
1586,akdmia,akdmia,1,1,107,107
1587,akdmia,akdmia,1,1,107,107
1588,akdmia,akdmia,1,2,75,107
1589,akdmia,akdmia,1,1,107,107
1591,akdmia,akdmia,1,1,107,107
1592,akdmia; helge17,akdmia,2,3,107,3230
1593,akdmia; guiv42; helge17,akdmia,3,5,107,3230
1594,akdmia; harborsiem; helge17,akdmia,3,5,107,3230
1595,akdmia; helge17,akdmia,2,5,74,3230
1596,akdmia; helge17,akdmia,2,5,74,3230
1597,akdmia; guiv42; harborsiem,akdmia,3,5,107,2328
1598,akdmia; guiv42; harborsiem,akdmia,3,5,107,2328
1599,akdmia; guiv42; harborsiem,akdmia,3,7,74,2328
1600,Trung (Daniel) An; Trung An; akdmia; ffio1; guiv42; helge17; m5ls7h,guiv42,7,32,107,3211
1601,Trung (Daniel) An; Trung An; akdmia; ffio1; guiv42; helge17; m5ls7h,guiv42,7,35,74,3230
1602,Trung (Daniel) An; Trung An; akdmia; ffio1; guiv42; helge17,guiv42,6,29,107,3211
1603,Trung (Daniel) An; Trung An; akdmia; ffio1; guiv42; harborsiem; helge17; m5ls7h,guiv42,8,37,107,3211
1604,Trung (Daniel) An; Trung An; akdmia; ffio1; guiv42; harborsiem; helge17; m5ls7h,guiv42,8,36,107,3211
1605,Trung (Daniel) An; Trung An; akdmia; ffio1; guiv42; harborsiem; helge17; m5ls7h,guiv42,8,36,107,3211
1606,akdmia,akdmia,1,1,107,107
1607,akdmia,akdmia,1,1,107,107
1608,akdmia,akdmia,1,1,107,107
1609,akdmia,akdmia,1,2,107,878
1610,akdmia,akdmia,1,2,107,878
1611,akdmia,akdmia,1,2,107,878
1612,akdmia,akdmia,1,2,107,1585
1613,akdmia,akdmia,1,1,107,107
1614,akdmia; helge17,akdmia,2,2,107,3230
1615,Trung (Daniel) An; Trung An; akdmia; ffio1; guiv42; helge17; m5ls7h,guiv42,7,35,107,3211
1616,Trung (Daniel) An; Trung An; akdmia; ffio1; guiv42; helge17; m5ls7h,guiv42,7,34,107,3211
1617,Trung (Daniel) An; Trung An; akdmia; ffio1; guiv42; helge17; m5ls7h,guiv42,7,34,107,3211
1618,akdmia; guiv42; helge17,akdmia,3,3,107,3230
1619,akdmia; guiv42; helge17,helge17,3,5,107,3230
1620,akdmia; helge17,akdmia,2,5,107,3230
1621,akdmia; helge17,akdmia,2,6,107,3230
1622,akdmia; helge17,akdmia,2,5,107,3230
1623,akdmia; guiv42; harborsiem; helge17,akdmia,4,6,107,3230
1624,akdmia,akdmia,1,1,107,107
1625,akdmia; helge17,akdmia,2,3,107,3230
1626,akdmia,akdmia,1,1,107,107
1628,akdmia; guiv42; helge17; m5ls7h,guiv42,4,31,107,3230
1629,akdmia; helge17,akdmia,2,3,107,3230
1630,akdmia; helge17,akdmia,2,3,107,3230
1631,akdmia,akdmia,1,1,107,107
1632,akdmia,akdmia,1,3,74,107
1634,akdmia,akdmia,1,1,107,107
1635,akdmia,akdmia,1,3,74,378
1636,akdmia,akdmia,1,1,107,107
1639,akdmia,akdmia,1,2,107,108
1640,akdmia; guiv42,akdmia,2,5,107,2328
1641,akdmia; harborsiem,akdmia,2,4,107,2325
1642,akdmia; guiv42; helge17,guiv42,3,9,75,3203
1643,akdmia,akdmia,1,1,107,107
1644,akdmia,akdmia,1,2,107,108
1645,Trung (Daniel) An; Trung An; akdmia; ffio1; guiv42; harborsiem; helge17; m5ls7h,guiv42,8,37,107,3211
1646,Trung (Daniel) An; Trung An; akdmia; ffio1; guiv42; harborsiem; helge17; m5ls7h,guiv42,8,37,107,3211
1647,akdmia; helge17,akdmia,2,5,107,3230
1648,akdmia; helge17,akdmia,2,6,107,3230
1649,akdmia; helge17,akdmia,2,6,107,3230
1650,akdmia; guiv42; harborsiem,akdmia,3,8,107,2328
1651,akdmia; guiv42; harborsiem,akdmia,3,8,107,2328
1652,akdmia; guiv42,akdmia,2,2,107,2327
1653,akdmia; guiv42,akdmia,2,2,107,2327
1654,akdmia,akdmia,1,3,107,933
1655,akdmia,akdmia,1,3,107,933
1656,akdmia,akdmia,1,4,74,933
1657,akdmia,akdmia,1,4,74,933
1658,akdmia; guiv42; helge17; m5ls7h,guiv42,4,13,107,3211
1659,akdmia,akdmia,1,4,74,933
1660,akdmia,akdmia,1,3,107,1167
1661,akdmia,akdmia,1,3,107,1167
1663,akdmia,akdmia,1,4,74,378
1665,akdmia,akdmia,1,3,75,378
1667,akdmia,akdmia,1,1,107,107
1668,akdmia,akdmia,1,2,107,1585
1669,akdmia,akdmia,1,2,107,1585
1670,akdmia,akdmia,1,3,195,1243
1671,akdmia,akdmia,1,1,1175,1175
1672,akdmia,akdmia,1,1,107,107
1675,akdmia,akdmia,1,3,107,933
1676,akdmia; guiv42; helge17,guiv42,3,4,107,2289
1677,akdmia,akdmia,1,1,107,107
1678,akdmia,akdmia,1,1,107,107
1679,akdmia,akdmia,1,1,107,107
1680,akdmia,akdmia,1,1,107,107
1681,akdmia,akdmia,1,1,107,107
1682,akdmia,akdmia,1,1,107,107
1683,akdmia,akdmia,1,1,107,107
1685,akdmia,akdmia,1,1,107,107
1686,akdmia,akdmia,1,2,670,933
1687,akdmia,akdmia,1,1,459,459
1688,akdmia,akdmia,1,2,749,968
1692,akdmia,akdmia,1,2,107,562
1694,akdmia,akdmia,1,2,562,933
1695,akdmia,akdmia,1,1,749,749
1696,akdmia,akdmia,1,3,195,1175
1697,akdmia; helge17,akdmia,2,3,1175,3230
1698,akdmia; helge17,akdmia,2,4,195,3230
1699,akdmia,akdmia,1,1,943,943
1700,akdmia,akdmia,1,1,459,459
1703,akdmia,akdmia,1,3,107,459
1704,akdmia; guiv42; helge17,akdmia,3,10,458,3230
1707,akdmia,akdmia,1,2,459,562
1708,akdmia,akdmia,1,2,451,879
1710,akdmia,akdmia,1,1,1136,1136
1714,akdmia,akdmia,1,3,195,1429
1715,akdmia,akdmia,1,7,107,1175
1716,akdmia,akdmia,1,3,203,1613
1717,akdmia,akdmia,1,5,107,1613
1718,akdmia,akdmia,1,7,203,1613
1719,akdmia,akdmia,1,4,107,1167
1720,akdmia,akdmia,1,1,1167,1167
1721,akdmia,akdmia,1,1,933,933
1722,akdmia,akdmia,1,3,484,933
1723,akdmia,akdmia,1,3,484,1400
1724,akdmia,akdmia,1,3,107,968
1725,akdmia,akdmia,1,3,107,670
1726,akdmia,akdmia,1,2,107,670
1727,akdmia,akdmia,1,1,484,484
1728,akdmia,akdmia,1,4,107,1062
1729,akdmia,akdmia,1,3,107,968
1730,akdmia,akdmia,1,1,107,107
1731,akdmia,akdmia,1,1,107,107
1732,akdmia,akdmia,1,2,107,906
1733,akdmia,akdmia,1,3,107,1429
1734,Trung (Daniel) An; ffio1; guiv42; helge17; m5ls7h,guiv42,5,15,3113,3207
1735,akdmia,akdmia,1,5,107,1538
1736,akdmia; helge17,akdmia,2,6,107,3230
1738,akdmia,akdmia,1,1,107,107
1739,akdmia,akdmia,1,1,107,107
1740,akdmia,akdmia,1,1,107,107
1741,akdmia,akdmia,1,2,107,1167
1743,akdmia,akdmia,1,5,107,1175
1744,akdmia,akdmia,1,3,878,1175
1747,akdmia,akdmia,1,4,107,1175
1751,akdmia,akdmia,1,1,107,107
1754,akdmia,akdmia,1,5,107,1175
1755,akdmia; guiv42; helge17,guiv42,3,16,375,3241
1756,akdmia,akdmia,1,9,86,950
1757,akdmia,akdmia,1,5,107,1175
1758,akdmia,akdmia,1,2,107,1167
1759,akdmia,akdmia,1,2,107,1167
1760,akdmia,akdmia,1,3,107,1175
1761,akdmia,akdmia,1,2,107,1175
1762,akdmia,akdmia,1,2,107,1175
1763,akdmia,akdmia,1,1,1175,1175
1764,akdmia,akdmia,1,2,102,952
1765,akdmia,akdmia,1,3,107,1175
1768,akdmia,akdmia,1,2,1209,1228
1769,akdmia,akdmia,1,2,107,1175
1770,akdmia,akdmia,1,1,916,916
1771,akdmia,akdmia,1,1,1175,1175
1772,akdmia,akdmia,1,2,1167,1175
1773,akdmia,akdmia,1,4,107,1175
1775,akdmia,akdmia,1,5,107,1175
1776,akdmia,akdmia,1,1,107,107
1777,akdmia,akdmia,1,1,107,107
1778,akdmia,akdmia,1,3,107,1175
1779,akdmia,akdmia,1,1,107,107
1780,akdmia,akdmia,1,1,107,107
1781,akdmia; helge17,akdmia,2,2,107,3230
1782,helge17,helge17,1,1,3230,3230
1783,akdmia,akdmia,1,1,107,107
1784,akdmia; helge17,akdmia,2,2,107,3230
1788,akdmia; guiv42; helge17,akdmia,3,3,107,2289
1789,akdmia; guiv42; helge17,guiv42,3,4,107,2289
1790,akdmia,akdmia,1,5,107,1175
1792,akdmia,akdmia,1,1,107,107
1793,akdmia,akdmia,1,5,107,1175
1795,akdmia,akdmia,1,5,380,1175
1796,akdmia,akdmia,1,5,380,1175
1797,Menno Vossen; Trung (Daniel) An; Trung An; akdmia; ffio1; guiv42; helge17; m5ls7h,guiv42,8,48,107,3229
1798,Menno Vossen; Trung (Daniel) An; Trung An; akdmia; ffio1; guiv42; helge17; m5ls7h,guiv42,8,50,107,3231
1799,Menno Vossen; Trung (Daniel) An; Trung An; akdmia; ffio1; guiv42; helge17; m5ls7h,guiv42,8,45,107,3229
1800,akdmia; guiv42,akdmia,2,2,107,2666
1801,Menno Vossen; Trung An; akdmia; ffio1; guiv42; helge17,guiv42,6,29,107,3229
1802,akdmia; helger,akdmia,2,3,107,2104
1803,akdmia,akdmia,1,2,107,112
1804,Menno Vossen; Trung (Daniel) An; Trung An; akdmia; ffio1; guiv42; helge17; m5ls7h,guiv42,8,52,107,3231
1805,Menno Vossen; Trung (Daniel) An; Trung An; akdmia; ffio1; guiv42; helge17; m5ls7h,guiv42,8,51,107,3229
1807,akdmia,akdmia,1,1,107,107
1812,akdmia,akdmia,1,1,1136,1136
1813,akdmia,akdmia,1,1,1132,1132
1818,akdmia,akdmia,1,1,107,107
1819,akdmia,akdmia,1,1,1167,1167
1820,akdmia,akdmia,1,1,1167,1167
1825,akdmia,akdmia,1,3,271,459
1833,akdmia,akdmia,1,1,107,107
1835,akdmia,akdmia,1,2,271,272
1836,akdmia,akdmia,1,1,459,459
1837,akdmia,akdmia,1,4,107,1429
1838,akdmia,akdmia,1,2,107,969
1839,akdmia,akdmia,1,3,598,1167
1841,akdmia,akdmia,1,2,107,840
1842,akdmia,akdmia,1,2,104,1118
1843,akdmia,akdmia,1,2,107,1119
1844,akdmia,akdmia,1,4,107,1119
1845,akdmia,akdmia,1,5,104,1118
1846,akdmia,akdmia,1,1,107,107
1847,akdmia,akdmia,1,1,540,540
1849,akdmia,akdmia,1,2,107,1167
1851,akdmia,akdmia,1,1,107,107
1852,akdmia,akdmia,1,1,107,107
1853,akdmia,akdmia,1,3,107,1585
1854,akdmia,akdmia,1,3,107,1585
1855,akdmia,akdmia,1,3,107,1585
1856,akdmia,akdmia,1,2,107,1585
1857,akdmia,akdmia,1,3,107,1585
1858,akdmia,akdmia,1,3,107,1585
1859,akdmia,akdmia,1,3,107,1585
1860,akdmia,akdmia,1,3,107,1585
1861,akdmia,akdmia,1,2,107,1585
1862,akdmia,akdmia,1,3,107,1585
1863,akdmia,akdmia,1,4,107,1585
1864,akdmia,akdmia,1,3,107,1585
1865,akdmia,akdmia,1,2,107,1585
1866,akdmia,akdmia,1,3,107,1585
1867,akdmia; helge17,akdmia,2,4,107,3230
1868,akdmia,akdmia,1,2,107,1585
1869,akdmia,akdmia,1,1,107,107
1871,akdmia,akdmia,1,3,107,1585
1872,akdmia; helge17,akdmia,2,3,107,3230
1873,akdmia; helge17,akdmia,2,3,107,3230
1874,akdmia,akdmia,1,2,107,1585
1875,akdmia,akdmia,1,2,107,1585
1876,akdmia,akdmia,1,2,107,1585
1877,akdmia,akdmia,1,3,107,1585
1878,akdmia,akdmia,1,1,107,107
1879,akdmia,akdmia,1,5,104,877
1880,akdmia,akdmia,1,1,540,540
1883,akdmia,akdmia,1,1,1167,1167
1885,akdmia,akdmia,1,2,107,1167
1886,akdmia,akdmia,1,1,107,107
1887,akdmia,akdmia,1,2,107,1585
1888,akdmia,akdmia,1,1,107,107
1890,akdmia,akdmia,1,2,107,584
1891,akdmia,akdmia,1,3,451,742
1892,Trung (Daniel) An; Trung An; akdmia; ffio1; guiv42; helge17; m5ls7h,guiv42,7,32,540,3211
1895,akdmia,akdmia,1,3,107,932
1896,akdmia,akdmia,1,1,107,107
1897,akdmia,akdmia,1,2,107,1585
1898,akdmia,akdmia,1,3,107,1585
1899,akdmia,akdmia,1,2,107,1585
1900,akdmia,akdmia,1,2,107,1585
1901,akdmia,akdmia,1,3,107,442
1902,akdmia,akdmia,1,4,107,540
1903,akdmia,akdmia,1,2,442,540
1904,akdmia,akdmia,1,3,382,540
1905,akdmia,akdmia,1,2,107,540
1906,akdmia,akdmia,1,2,442,540
1909,akdmia,akdmia,1,1,540,540
1910,akdmia,akdmia,1,1,540,540
1912,akdmia,akdmia,1,1,540,540
1913,akdmia,akdmia,1,1,540,540
1915,akdmia,akdmia,1,1,540,540
1917,akdmia,akdmia,1,1,540,540
1918,akdmia,akdmia,1,1,540,540
1919,akdmia,akdmia,1,1,540,540
1922,akdmia,akdmia,1,1,540,540
1927,ffio1; guiv42; helge17,ffio1,3,7,3130,3150
1928,akdmia,akdmia,1,2,598,878
1929,akdmia,akdmia,1,1,107,107
1930,akdmia,akdmia,1,1,107,107
1931,akdmia; guiv42,guiv42,2,3,107,3165
1932,akdmia,akdmia,1,1,1167,1167
1933,akdmia,akdmia,1,1,1167,1167
1935,akdmia,akdmia,1,1,107,107
1938,akdmia,akdmia,1,1,107,107
1939,akdmia,akdmia,1,1,107,107
1940,akdmia,akdmia,1,1,107,107
1941,akdmia; helge17,akdmia,2,2,107,3230
1942,akdmia,akdmia,1,1,107,107
1943,akdmia,akdmia,1,1,107,107
1944,akdmia,akdmia,1,1,383,383
1945,akdmia,akdmia,1,1,383,383
1946,akdmia; guiv42,guiv42,2,3,107,3165
1947,akdmia,akdmia,1,1,107,107
1949,johnny42,johnny42,1,1,364,364
1950,johnny42,johnny42,1,1,364,364
1951,akdmia,akdmia,1,1,840,840
1953,johnny42,johnny42,1,1,165,165
1955,johnny42,johnny42,1,1,364,364
1956,johnny42,johnny42,1,1,364,364
1958,akdmia,akdmia,1,1,107,107
1960,akdmia,akdmia,1,1,107,107
1968,akdmia,akdmia,1,1,1167,1167
1972,akdmia,akdmia,1,1,107,107
1980,akdmia,akdmia,1,1,94,94
1981,akdmia,akdmia,1,1,50,50
1982,akdmia,akdmia,1,9,57,1112
1983,akdmia,akdmia,1,10,59,1112
1985,akdmia,akdmia,1,2,62,104
1986,akdmia,akdmia,1,1,104,104
1989,akdmia,akdmia,1,5,72,1227
1990,akdmia,akdmia,1,3,72,1227
1991,akdmia,akdmia,1,4,72,1228
1992,akdmia; guiv42; helge17; m5ls7h,guiv42,4,20,107,3230
1993,akdmia; guiv42; harborsiem,akdmia,3,5,107,2328
1994,akdmia,akdmia,1,2,107,1585
1995,akdmia; guiv42; helge17,akdmia,3,5,74,3230
1996,akdmia; guiv42,akdmia,2,5,75,3202
1997,akdmia; guiv42,akdmia,2,4,75,2334
1998,akdmia,akdmia,1,2,107,108
1999,akdmia; guiv42; helge17,akdmia,3,10,74,3230
2000,akdmia; guiv42; helge17,guiv42,3,9,75,3203
2001,akdmia; guiv42; helge17; m5ls7h,guiv42,4,13,75,3207
2002,akdmia,akdmia,1,3,82,1112
2003,akdmia,akdmia,1,3,82,1112
2004,akdmia,akdmia,1,1,375,375
2005,akdmia,akdmia,1,10,86,1105
2006,akdmia,akdmia,1,1,94,94
2007,akdmia,akdmia,1,5,99,1166
2008,akdmia,akdmia,1,1,99,99
2009,akdmia,akdmia,1,5,99,1112
2010,akdmia,akdmia,1,1,99,99
2011,akdmia,akdmia,1,2,99,943
2012,akdmia,akdmia,1,1,100,100
2013,akdmia,akdmia,1,1,943,943
2014,akdmia,akdmia,1,1,106,106
2015,akdmia,akdmia,1,1,1165,1165
2016,akdmia,akdmia,1,1,106,106
2017,akdmia,akdmia,1,1,106,106
2018,akdmia,akdmia,1,1,106,106
2019,akdmia,akdmia,1,1,106,106
2020,akdmia,akdmia,1,1,106,106
2021,akdmia,akdmia,1,1,106,106
2023,akdmia,akdmia,1,1,106,106
2024,akdmia,akdmia,1,1,106,106
2025,akdmia,akdmia,1,1,106,106
2026,akdmia,akdmia,1,1,106,106
2028,akdmia,akdmia,1,2,106,748
2029,akdmia,akdmia,1,2,106,194
2030,akdmia,akdmia,1,1,106,106
2031,akdmia,akdmia,1,1,106,106
2032,akdmia,akdmia,1,1,106,106
2034,akdmia,akdmia,1,1,106,106
2035,akdmia,akdmia,1,1,1166,1166
2040,akdmia,akdmia,1,2,106,943
2041,akdmia,akdmia,1,1,1112,1112
2044,akdmia,akdmia,1,1,106,106
2045,akdmia; guiv42; harborsiem,guiv42,3,4,108,2328
2046,akdmia,akdmia,1,1,108,108
2047,akdmia,akdmia,1,2,118,130
2048,akdmia,akdmia,1,2,118,130
2050,akdmia,akdmia,1,1,906,906
2051,akdmia,akdmia,1,1,1765,1765
2052,Trung (Daniel) An; Trung An; akdmia; ffio1; guiv42; helge17; m5ls7h,guiv42,7,35,131,3211
2053,Trung An; akdmia; ffio1; guiv42; helge17,akdmia,5,26,131,3211
2054,akdmia,akdmia,1,1,952,952
2055,Trung (Daniel) An; Trung An; akdmia; ffio1; guiv42; helge17; m5ls7h,guiv42,7,35,132,3211
2056,Trung (Daniel) An; Trung An; akdmia; ffio1; guiv42; helge17; m5ls7h,guiv42,7,36,132,3211
2057,akdmia,akdmia,1,1,540,540
2059,akdmia,akdmia,1,1,968,968
2060,akdmia,akdmia,1,2,452,943
2061,akdmia,akdmia,1,2,194,943
2062,akdmia,akdmia,1,1,194,194
2063,akdmia,akdmia,1,3,194,1112
2064,akdmia,akdmia,1,1,1171,1171
2065,akdmia,akdmia,1,2,815,943
2066,akdmia,akdmia,1,1,195,195
2067,akdmia,akdmia,1,2,943,1175
2068,akdmia,akdmia,1,2,195,943
2069,akdmia,akdmia,1,5,195,1429
2070,akdmia,akdmia,1,2,195,943
2071,akdmia,akdmia,1,4,195,943
2072,akdmia,akdmia,1,2,195,203
2073,akdmia,akdmia,1,2,203,670
2074,akdmia,akdmia,1,3,195,670
2079,akdmia,akdmia,1,2,201,453
2081,akdmia,akdmia,1,1,208,208
2084,akdmia,akdmia,1,1,244,244
2086,akdmia,akdmia,1,3,375,1392
2087,akdmia,akdmia,1,2,392,1392
2090,akdmia,akdmia,1,3,539,1392
2091,akdmia,akdmia,1,1,1417,1417
2092,akdmia,akdmia,1,1,1162,1162
2094,akdmia,akdmia,1,4,932,1417
2096,akdmia,akdmia,1,1,1164,1164
2097,akdmia,akdmia,1,2,377,968
2098,akdmia,akdmia,1,4,375,930
2100,akdmia,akdmia,1,4,619,967
2102,akdmia,akdmia,1,2,878,932
2103,akdmia,akdmia,1,8,375,1392
2104,akdmia,akdmia,1,1,1392,1392
2105,akdmia,akdmia,1,1,932,932
2108,akdmia,akdmia,1,1,1392,1392
2112,akdmia,akdmia,1,4,583,1193
2116,akdmia,akdmia,1,1,969,969
2118,akdmia,akdmia,1,2,1429,1538
2120,akdmia,akdmia,1,1,379,379
2121,helge17,helge17,1,1,3230,3230
2123,akdmia,akdmia,1,1,272,272
2124,akdmia,akdmia,1,1,272,272
2125,akdmia,akdmia,1,5,278,877
2127,akdmia,akdmia,1,1,278,278
2128,akdmia; guiv42; helge17,guiv42,3,19,278,2753
2131,akdmia,akdmia,1,3,278,606
2132,akdmia,akdmia,1,2,278,583
2133,akdmia,akdmia,1,2,278,583
2134,akdmia,akdmia,1,1,278,278
2135,akdmia; guiv42; helge17,guiv42,3,18,278,3230
2136,akdmia; guiv42,guiv42,2,5,278,2667
2140,akdmia,akdmia,1,2,278,1429
2141,akdmia,akdmia,1,1,1184,1184
2142,akdmia,akdmia,1,2,336,1184
2143,akdmia,akdmia,1,3,336,1184
2144,akdmia,akdmia,1,1,336,336
2145,akdmia,akdmia,1,1,1652,1652
2146,akdmia,akdmia,1,3,336,1652
2147,akdmia,akdmia,1,3,336,1652
2148,akdmia,akdmia,1,1,336,336
2149,akdmia,akdmia,1,1,1184,1184
2150,akdmia,akdmia,1,2,943,1112
2152,akdmia,akdmia,1,2,943,1112
2153,akdmia,akdmia,1,2,943,1112
2154,akdmia,akdmia,1,2,943,1112
2155,akdmia,akdmia,1,1,358,358
2156,akdmia,akdmia,1,4,1112,1429
2157,akdmia,akdmia,1,1,1245,1245
2159,akdmia,akdmia,1,4,534,898
2161,akdmia; helge17,akdmia,2,4,1112,3230
2163,johnny42,johnny42,1,1,364,364
2164,herak,herak,1,1,365,365
2165,akdmia; herak,herak,2,2,365,1166
2166,akdmia; herak,herak,2,2,365,1166
2167,akdmia,akdmia,1,1,368,368
2169,akdmia,akdmia,1,2,1235,1410
2170,herak,herak,1,1,372,372
2173,Makoha; Xavier; akdmia; guiv42; helge17,guiv42,5,40,432,3241
2174,Makoha; akdmia; guiv42; helge17,akdmia,4,24,432,3241
2175,Makoha; Xavier; akdmia; guiv42; helge17,guiv42,5,48,432,3241
2176,Makoha; Xavier; akdmia; guiv42; helge17,guiv42,5,38,432,3119
2177,akdmia,akdmia,1,5,395,1652
2178,akdmia,akdmia,1,1,375,375
2181,akdmia; guiv42,akdmia,2,10,375,3241
2182,akdmia,akdmia,1,1,391,391
2183,akdmia; guiv42,guiv42,2,6,391,3076
2184,akdmia; guiv42; helge17,guiv42,3,19,375,3241
2185,Makoha; Xavier; akdmia; guiv42; helge17,guiv42,5,23,375,3241
2186,akdmia; guiv42,akdmia,2,9,375,3241
2187,akdmia,akdmia,1,1,375,375
2188,akdmia,akdmia,1,1,375,375
2189,akdmia,akdmia,1,4,375,1154
2190,akdmia,akdmia,1,2,375,952
2195,akdmia,akdmia,1,1,1800,1800
2197,akdmia,akdmia,1,1,564,564
2198,akdmia,akdmia,1,3,564,1153
2199,akdmia,akdmia,1,3,564,1153
2200,akdmia,akdmia,1,1,375,375
2202,akdmia; guiv42,akdmia,2,12,375,3241
2203,akdmia; guiv42,akdmia,2,12,375,3241
2204,akdmia,akdmia,1,7,392,1417
2205,akdmia,akdmia,1,1,375,375
2206,akdmia; helge17,akdmia,2,4,375,3230
2207,akdmia,akdmia,1,2,545,547
2208,akdmia; guiv42,akdmia,2,10,375,3239
2209,akdmia,akdmia,1,4,432,547
2210,akdmia,akdmia,1,5,432,547
2211,akdmia; guiv42; helge17,guiv42,3,22,375,3241
2212,Makoha; akdmia; guiv42; helge17,guiv42,4,30,432,3241
2213,akdmia,akdmia,1,6,432,547
2214,Makoha; akdmia; guiv42; helge17,guiv42,4,29,432,3241
2215,akdmia,akdmia,1,5,432,547
2216,Makoha; Xavier; akdmia; guiv42; helge17,guiv42,5,58,432,3241
2217,Makoha; Xavier; akdmia; guiv42; helge17,guiv42,5,60,432,3241
2218,Makoha; Xavier; akdmia; guiv42,guiv42,4,39,432,3119
2219,Makoha; Xavier; akdmia; guiv42; helge17,guiv42,5,43,441,3241
2220,akdmia,akdmia,1,2,375,432
2221,akdmia; guiv42; helge17,guiv42,3,15,375,3241
2224,akdmia; guiv42,guiv42,2,10,375,3241
2226,akdmia; guiv42; helge17,guiv42,3,13,1162,3204
2228,akdmia,akdmia,1,3,878,1175
2230,akdmia,akdmia,1,1,1417,1417
2231,akdmia,akdmia,1,3,877,1175
2233,akdmia,akdmia,1,3,878,1175
2235,akdmia,akdmia,1,1,1167,1167
2236,akdmia,akdmia,1,1,1175,1175
2237,akdmia,akdmia,1,1,1175,1175
2238,akdmia,akdmia,1,2,877,1167
2239,akdmia,akdmia,1,2,878,1165
2244,akdmia,akdmia,1,5,392,1175
2245,akdmia,akdmia,1,1,1175,1175
2246,akdmia,akdmia,1,2,877,930
2247,akdmia,akdmia,1,1,1175,1175
2248,akdmia,akdmia,1,3,539,930
2250,akdmia,akdmia,1,5,432,1175
2251,akdmia,akdmia,1,1,1175,1175
2252,akdmia,akdmia,1,2,619,1175
2253,akdmia,akdmia,1,4,432,1175
2257,akdmia,akdmia,1,1,930,930
2258,akdmia,akdmia,1,2,878,932
2259,akdmia,akdmia,1,3,878,1175
2260,akdmia,akdmia,1,3,878,1175
2261,akdmia,akdmia,1,3,878,1175
2262,akdmia,akdmia,1,4,474,1175
2263,akdmia,akdmia,1,5,474,1175
2266,akdmia,akdmia,1,2,378,393
2267,akdmia; guiv42; harborsiem; helge17,akdmia,4,8,378,3230
2269,akdmia,akdmia,1,2,474,1164
2270,akdmia; helge17,akdmia,2,3,471,3230
2275,akdmia,akdmia,1,1,471,471
2276,akdmia,akdmia,1,1,471,471
2277,akdmia,akdmia,1,4,570,575
2278,akdmia,akdmia,1,2,570,571
2279,Trung An; ffio1; guiv42; helge17,guiv42,4,16,3112,3211
2280,akdmia,akdmia,1,1,477,477
2281,akdmia,akdmia,1,4,570,575
2283,akdmia,akdmia,1,1,571,571
2284,Trung (Daniel) An; akdmia; ffio1; guiv42; helge17; m5ls7h,guiv42,6,17,576,3207
2286,Menno Vossen; akdmia; guiv42,guiv42,3,9,933,2666
2287,Menno Vossen; akdmia; guiv42,Menno Vossen,3,7,933,2666
2288,Menno Vossen; guiv42,Menno Vossen,2,2,2626,2666
2289,akdmia; guiv42,akdmia,2,3,477,2666
2290,Menno Vossen; akdmia; guiv42,akdmia,3,3,933,2666
2291,Menno Vossen; akdmia; guiv42,guiv42,3,7,933,2666
2292,Menno Vossen; akdmia; guiv42,Menno Vossen,3,7,933,2666
2293,Menno Vossen; guiv42,Menno Vossen,2,4,2612,2666
2294,Menno Vossen; guiv42,Menno Vossen,2,5,2612,2666
2295,akdmia,akdmia,1,2,382,540
2296,akdmia,akdmia,1,1,389,389
2297,akdmia,akdmia,1,3,943,1166
2298,akdmia,akdmia,1,3,943,1166
2299,akdmia,akdmia,1,3,943,1166
2300,akdmia,akdmia,1,1,392,392
2301,akdmia,akdmia,1,2,432,468
2302,akdmia,akdmia,1,1,417,417
2303,akdmia,akdmia,1,4,417,1429
2305,akdmia,akdmia,1,4,418,1249
2306,akdmia,akdmia,1,1,418,418
2307,akdmia,akdmia,1,1,418,418
2308,akdmia,akdmia,1,2,418,916
2309,akdmia,akdmia,1,3,418,916
2310,akdmia,akdmia,1,2,916,1389
2311,akdmia,akdmia,1,1,1162,1162
2314,akdmia,akdmia,1,3,439,1112
2315,akdmia,akdmia,1,3,439,1112
2316,akdmia,akdmia,1,5,432,1226
2317,akdmia,akdmia,1,4,432,1226
2318,akdmia; guiv42,akdmia,2,9,432,2764
2319,akdmia; guiv42,akdmia,2,8,432,2764
2320,akdmia,akdmia,1,1,432,432
2321,akdmia,akdmia,1,4,451,547
2322,Makoha; Xavier; akdmia; guiv42; helge17,guiv42,5,33,432,3241
2323,akdmia,akdmia,1,3,435,933
2324,akdmia; helge17,akdmia,2,5,435,3230
2325,akdmia,akdmia,1,1,933,933
2326,akdmia,akdmia,1,2,435,933
2327,akdmia,akdmia,1,1,933,933
2329,guiv42,guiv42,1,1,2334,2334
2331,akdmia; guiv42; helge17; m5ls7h,guiv42,4,14,435,3230
2332,akdmia; guiv42; helge17; m5ls7h,helge17,4,5,435,3230
2333,akdmia,akdmia,1,1,437,437
2334,akdmia; guiv42; harborsiem,guiv42,3,4,933,2328
2335,akdmia; guiv42; harborsiem,akdmia,3,5,933,2328
2336,akdmia; guiv42; harborsiem,guiv42,3,4,933,2328
2337,akdmia; helge17,akdmia,2,3,442,3230
2338,akdmia,akdmia,1,3,447,1389
2339,akdmia,akdmia,1,1,451,451
2341,akdmia,akdmia,1,5,452,1112
2342,akdmia,akdmia,1,1,452,452
2343,akdmia,akdmia,1,3,452,1112
2344,akdmia,akdmia,1,3,452,1112
2345,akdmia,akdmia,1,2,943,1112
2347,akdmia,akdmia,1,2,943,1112
2348,akdmia,akdmia,1,2,943,1112
2349,akdmia,akdmia,1,2,943,1112
2350,akdmia,akdmia,1,1,472,472
2351,akdmia,akdmia,1,2,595,1112
2352,akdmia,akdmia,1,1,1112,1112
2353,akdmia,akdmia,1,1,1112,1112
2354,akdmia,akdmia,1,1,1112,1112
2355,akdmia,akdmia,1,1,1112,1112
2356,akdmia; guiv42,akdmia,2,5,453,2302
2357,akdmia,akdmia,1,2,453,1112
2360,akdmia,akdmia,1,4,568,943
2361,akdmia,akdmia,1,2,730,950
2364,akdmia,akdmia,1,1,1105,1105
2365,akdmia,akdmia,1,2,847,1105
2366,akdmia,akdmia,1,1,780,780
2367,akdmia,akdmia,1,2,464,1118
2368,akdmia,akdmia,1,1,1118,1118
2369,akdmia,akdmia,1,2,583,943
2370,akdmia; guiv42,akdmia,2,10,452,2675
2371,akdmia,akdmia,1,2,452,472
2372,akdmia,akdmia,1,3,452,512
2373,akdmia,akdmia,1,3,583,1182
2374,akdmia,akdmia,1,2,452,583
2375,akdmia,akdmia,1,3,453,1112
2376,akdmia,akdmia,1,1,453,453
2377,akdmia,akdmia,1,1,453,453
2378,akdmia,akdmia,1,2,453,1112
2379,akdmia,akdmia,1,2,453,472
2380,akdmia,akdmia,1,1,453,453
2381,akdmia,akdmia,1,1,453,453
2382,akdmia,akdmia,1,2,453,916
2384,akdmia,akdmia,1,1,1817,1817
2387,akdmia,akdmia,1,3,954,1112
2388,akdmia,akdmia,1,1,461,461
2389,akdmia,akdmia,1,2,461,930
2390,akdmia,akdmia,1,1,461,461
2391,akdmia,akdmia,1,1,461,461
2392,akdmia,akdmia,1,1,461,461
2393,akdmia,akdmia,1,3,461,930
2394,akdmia,akdmia,1,3,461,930
2395,akdmia; helge17,akdmia,2,3,505,3230
2396,akdmia,akdmia,1,1,562,562
2397,akdmia,akdmia,1,12,458,1124
2398,akdmia; helge17,akdmia,2,2,505,3230
2399,akdmia,akdmia,1,1,512,512
2401,akdmia,akdmia,1,3,1114,1162
2402,akdmia,akdmia,1,3,531,1429
2406,helge17,helge17,1,1,3230,3230
2407,akdmia,akdmia,1,3,531,1425
2408,akdmia,akdmia,1,2,531,557
2409,helge17,helge17,1,1,3230,3230
2419,akdmia,akdmia,1,1,1328,1328
2421,akdmia,akdmia,1,4,531,1429
2422,akdmia,akdmia,1,2,1144,1245
2423,akdmia,akdmia,1,3,974,1245
2425,akdmia,akdmia,1,2,1144,1328
2436,akdmia,akdmia,1,1,1139,1139
2454,helge17,helge17,1,1,3230,3230
2462,akdmia,akdmia,1,1,670,670
2463,akdmia,akdmia,1,1,670,670
2464,akdmia,akdmia,1,1,463,463
2465,akdmia,akdmia,1,3,472,815
2467,akdmia,akdmia,1,3,472,734
2468,akdmia,akdmia,1,1,1105,1105
2471,akdmia,akdmia,1,2,498,1105
2472,akdmia,akdmia,1,3,491,1105
2473,akdmia,akdmia,1,2,495,1167
2475,afarello; akdmia,afarello,2,2,515,1140
2476,afarello,afarello,1,1,529,529
2477,akdmia,akdmia,1,1,1235,1235
2478,akdmia,akdmia,1,3,598,1149
2479,akdmia,akdmia,1,1,943,943
2480,akdmia,akdmia,1,1,943,943
2481,akdmia,akdmia,1,1,943,943
2484,akdmia; helge17,akdmia,2,2,1167,3230
2486,afarello,afarello,1,1,510,510
2487,afarello; akdmia,akdmia,2,4,515,1429
2488,afarello; akdmia,akdmia,2,4,515,1429
2489,afarello; akdmia,akdmia,2,4,515,1429
2490,afarello; akdmia,akdmia,2,4,515,1429
2491,afarello; akdmia,akdmia,2,4,515,1429
2492,akdmia,akdmia,1,2,943,1175
2493,akdmia,akdmia,1,2,943,1175
2494,akdmia,akdmia,1,2,943,1175
2497,akdmia,akdmia,1,2,943,1112
2498,akdmia,akdmia,1,2,943,1112
2500,akdmia,akdmia,1,2,584,1245
2501,afarello,afarello,1,1,516,516
2503,akdmia,akdmia,1,2,498,1112
2504,akdmia,akdmia,1,2,943,1112
2505,akdmia,akdmia,1,3,498,1112
2506,akdmia,akdmia,1,1,498,498
2507,akdmia,akdmia,1,1,498,498
2508,akdmia,akdmia,1,1,498,498
2511,guiv42,guiv42,1,1,2281,2281
2512,akdmia,akdmia,1,2,887,1242
2513,akdmia,akdmia,1,1,1167,1167
2514,akdmia,akdmia,1,3,506,894
2515,akdmia,akdmia,1,1,887,887
2516,akdmia,akdmia,1,1,887,887
2517,akdmia,akdmia,1,1,1245,1245
2519,akdmia,akdmia,1,4,512,1221
2520,akdmia,akdmia,1,1,505,505
2521,Makoha; Xavier; akdmia; guiv42; helge17,guiv42,5,41,530,3241
2522,akdmia,akdmia,1,3,943,1175
2523,afarello,afarello,1,1,510,510
2526,akdmia,akdmia,1,10,512,1137
2527,akdmia,akdmia,1,4,512,1105
2528,akdmia,akdmia,1,1,512,512
2531,akdmia,akdmia,1,1,1167,1167
2532,akdmia,akdmia,1,1,1167,1167
2533,akdmia,akdmia,1,1,1167,1167
2537,afarello,afarello,1,1,529,529
2539,akdmia; helge17,akdmia,2,2,1167,3230
2540,akdmia,akdmia,1,2,661,1167
2541,Makoha; Xavier; akdmia; guiv42; helge17,guiv42,5,35,530,3241
2542,akdmia,akdmia,1,1,530,530
2543,akdmia; helge17,akdmia,2,2,1165,3230
2544,akdmia; guiv42; helge17,guiv42,3,23,530,3241
2545,akdmia,akdmia,1,3,557,1144
2546,akdmia,akdmia,1,3,557,1167
2547,akdmia,akdmia,1,1,531,531
2548,akdmia,akdmia,1,1,531,531
2549,akdmia,akdmia,1,1,531,531
2550,akdmia,akdmia,1,1,558,558
2551,akdmia,akdmia,1,1,531,531
2557,akdmia,akdmia,1,1,534,534
2558,akdmia,akdmia,1,1,534,534
2559,akdmia,akdmia,1,2,1112,1118
2560,akdmia,akdmia,1,2,1112,1118
2561,akdmia,akdmia,1,2,537,1112
2564,akdmia,akdmia,1,3,566,1112
2565,akdmia,akdmia,1,2,943,1112
2566,akdmia,akdmia,1,3,566,1118
2567,akdmia,akdmia,1,3,566,1118
2568,akdmia,akdmia,1,2,537,538
2569,Makoha; Xavier; akdmia; guiv42; helge17,guiv42,5,42,538,3241
2570,Makoha; Xavier; akdmia; guiv42; helge17,guiv42,5,40,538,3241
2571,Makoha; Xavier; akdmia; guiv42; helge17,guiv42,5,37,538,3241
2572,Makoha; Xavier; akdmia; guiv42; helge17,guiv42,5,40,538,3241
2573,akdmia,akdmia,1,3,538,877
2574,akdmia,akdmia,1,3,538,877
2576,akdmia,akdmia,1,3,566,1112
2577,akdmia,akdmia,1,2,943,1112
2578,akdmia,akdmia,1,1,1429,1429
2579,akdmia,akdmia,1,1,1165,1165
2580,akdmia,akdmia,1,2,1112,1118
2581,akdmia; helge17,akdmia,2,3,540,3230
2582,akdmia; helge17,akdmia,2,3,540,3230
2583,akdmia,akdmia,1,1,1392,1392
2584,akdmia,akdmia,1,3,877,1417
2585,akdmia,akdmia,1,1,1392,1392
2588,akdmia,akdmia,1,3,877,1175
2593,akdmia,akdmia,1,2,968,1392
2594,akdmia,akdmia,1,2,932,1392
2597,akdmia,akdmia,1,1,1164,1164
2600,akdmia,akdmia,1,3,619,1164
2603,akdmia,akdmia,1,1,968,968
2604,akdmia,akdmia,1,2,1392,1417
2605,akdmia,akdmia,1,1,1167,1167
2607,akdmia,akdmia,1,1,877,877
2608,akdmia,akdmia,1,2,878,932
2612,akdmia,akdmia,1,2,930,1175
2614,akdmia,akdmia,1,1,1175,1175
2616,akdmia,akdmia,1,1,1175,1175
2618,akdmia,akdmia,1,1,1417,1417
2619,akdmia,akdmia,1,1,932,932
2620,akdmia,akdmia,1,1,1585,1585
2621,akdmia,akdmia,1,1,1585,1585
2624,akdmia,akdmia,1,1,1585,1585
2625,akdmia,akdmia,1,2,543,1167
2626,akdmia,akdmia,1,2,543,1167
2627,akdmia; helge17,akdmia,2,2,1167,3230
2628,akdmia; helge17,akdmia,2,2,1167,3230
2629,akdmia; helge17,akdmia,2,2,1167,3230
2630,akdmia,akdmia,1,3,877,1118
2631,akdmia,akdmia,1,2,943,1112
2632,akdmia,akdmia,1,2,943,1112
2633,akdmia,akdmia,1,1,549,549
2634,akdmia,akdmia,1,1,1587,1587
2637,akdmia,akdmia,1,1,1118,1118
2641,akdmia,akdmia,1,2,1112,1118
2642,akdmia,akdmia,1,1,553,553
2643,akdmia,akdmia,1,2,553,1166
2644,akdmia,akdmia,1,2,557,1425
2645,akdmia,akdmia,1,1,1167,1167
2646,akdmia,akdmia,1,2,1167,1429
2647,akdmia; helge17,akdmia,2,3,1167,3230
2648,akdmia,akdmia,1,2,1167,1429
2649,akdmia,akdmia,1,1,1167,1167
2650,akdmia,akdmia,1,1,1167,1167
2651,akdmia; helge17,akdmia,2,3,1167,3230
2652,akdmia,akdmia,1,2,1167,1425
2653,akdmia,akdmia,1,2,1167,1425
2654,akdmia,akdmia,1,2,1167,1425
2655,akdmia,akdmia,1,3,1167,1429
2656,akdmia,akdmia,1,2,1167,1425
2657,akdmia,akdmia,1,1,749,749
2660,guiv42,guiv42,1,1,3217,3217
2661,Makoha; Xavier; akdmia; guiv42; helge17,guiv42,5,35,1162,3241
2662,Makoha; Xavier; akdmia; guiv42; helge17,guiv42,5,33,566,3241
2664,akdmia,akdmia,1,4,607,1585
2665,akdmia,akdmia,1,6,568,1112
2666,akdmia; helger,akdmia,2,3,570,2104
2667,akdmia; helger,akdmia,2,2,570,2104
2668,Trung (Daniel) An; Trung An; akdmia; ffio1; guiv42; helge17; helger; m5ls7h,guiv42,8,36,572,3211
2669,Trung (Daniel) An; akdmia; ffio1; guiv42; helge17; m5ls7h,guiv42,6,17,576,3207
2670,akdmia; guiv42; harborsiem,akdmia,3,5,906,2328
2671,akdmia; guiv42; harborsiem,akdmia,3,5,906,2328
2672,akdmia; helge17,akdmia,2,2,1167,3230
2674,akdmia,akdmia,1,3,593,1410
2678,akdmia,akdmia,1,6,601,1166
2679,akdmia,akdmia,1,6,601,1166
2680,akdmia,akdmia,1,4,885,1166
2681,akdmia,akdmia,1,3,885,1166
2682,akdmia,akdmia,1,3,606,1112
2683,akdmia,akdmia,1,2,606,815
2685,akdmia,akdmia,1,1,943,943
2686,akdmia,akdmia,1,1,613,613
2687,akdmia,akdmia,1,1,907,907
2688,akdmia,akdmia,1,2,943,1112
2689,akdmia,akdmia,1,2,943,1112
2690,akdmia,akdmia,1,2,907,1166
2691,akdmia,akdmia,1,1,1112,1112
2692,akdmia,akdmia,1,3,885,1112
2693,akdmia,akdmia,1,3,885,1112
2694,akdmia,akdmia,1,1,1147,1147
2695,akdmia,akdmia,1,1,1147,1147
2696,akdmia,akdmia,1,1,1162,1162
2698,akdmia,akdmia,1,2,907,1163
2699,akdmia,akdmia,1,2,907,1163
2700,akdmia,akdmia,1,1,1112,1112
2701,akdmia,akdmia,1,3,625,1245
2702,akdmia,akdmia,1,1,632,632
2703,akdmia,akdmia,1,6,632,1009
2704,akdmia,akdmia,1,1,1105,1105
2705,akdmia,akdmia,1,1,635,635
2706,akdmia,akdmia,1,5,815,1008
2707,Makoha; Xavier; akdmia; guiv42,akdmia,4,15,813,2713
2708,Makoha; Xavier; akdmia; guiv42,akdmia,4,19,813,2713
2709,akdmia,akdmia,1,4,876,930
2710,akdmia,akdmia,1,2,674,899
2711,akdmia,akdmia,1,1,1167,1167
2712,akdmia,akdmia,1,1,1167,1167
2716,akdmia,akdmia,1,1,640,640
2718,akdmia,akdmia,1,2,1010,1167
2719,akdmia,akdmia,1,1,640,640
2720,akdmia,akdmia,1,4,974,1167
2724,akdmia,akdmia,1,1,930,930
2725,akdmia,akdmia,1,1,933,933
2726,akdmia,akdmia,1,1,1759,1759
2728,akdmia,akdmia,1,2,1610,1765
2730,akdmia,akdmia,1,2,814,899
2731,akdmia,akdmia,1,4,653,899
2732,akdmia,akdmia,1,1,899,899
2733,akdmia; helge17,akdmia,2,4,653,2671
2742,akdmia,akdmia,1,4,653,901
2746,akdmia,akdmia,1,2,674,1048
2747,akdmia,akdmia,1,1,674,674
2748,akdmia,akdmia,1,1,674,674
2749,akdmia,akdmia,1,1,674,674
2750,akdmia,akdmia,1,3,674,1167
2752,akdmia,akdmia,1,2,674,1167
2753,akdmia,akdmia,1,3,674,1071
2754,akdmia,akdmia,1,3,674,1071
2755,akdmia,akdmia,1,1,1048,1048
2756,akdmia,akdmia,1,1,903,903
2758,akdmia,akdmia,1,2,648,893
2759,akdmia,akdmia,1,1,648,648
2760,akdmia,akdmia,1,1,1048,1048
2761,akdmia,akdmia,1,1,1048,1048
2762,akdmia,akdmia,1,1,1048,1048
2763,akdmia,akdmia,1,2,893,1048
2765,akdmia,akdmia,1,1,648,648
2768,akdmia,akdmia,1,1,893,893
2769,akdmia,akdmia,1,2,648,893
2770,akdmia,akdmia,1,1,648,648
2776,akdmia,akdmia,1,2,648,893
2779,akdmia,akdmia,1,1,651,651
2781,akdmia,akdmia,1,2,651,893
2782,akdmia,akdmia,1,2,651,893
2783,akdmia,akdmia,1,1,651,651
2785,akdmia,akdmia,1,1,651,651
2787,akdmia,akdmia,1,2,651,893
2788,akdmia,akdmia,1,1,651,651
2789,akdmia,akdmia,1,2,651,893
2790,akdmia,akdmia,1,2,651,893
2793,helge17,helge17,1,1,3230,3230
2794,akdmia; helge17,akdmia,2,3,1167,3230
2795,akdmia,akdmia,1,1,1538,1538
2796,akdmia,akdmia,1,1,1175,1175
2799,akdmia,akdmia,1,2,943,1112
2800,akdmia,akdmia,1,3,943,1112
2801,akdmia,akdmia,1,1,1538,1538
2802,akdmia,akdmia,1,1,1175,1175
2803,akdmia,akdmia,1,1,1175,1175
2805,akdmia,akdmia,1,1,1175,1175
2811,akdmia,akdmia,1,2,1175,1538
2812,akdmia,akdmia,1,1,1175,1175
2813,akdmia,akdmia,1,1,1175,1175
2817,akdmia,akdmia,1,1,943,943
2818,akdmia,akdmia,1,4,943,1182
2819,akdmia,akdmia,1,2,943,1112
2820,akdmia,akdmia,1,2,1175,1429
2821,akdmia,akdmia,1,2,1175,1429
2822,akdmia,akdmia,1,4,943,1429
2823,akdmia,akdmia,1,2,943,1145
2825,akdmia,akdmia,1,1,1175,1175
2826,akdmia; helge17,akdmia,2,3,969,3230
2827,akdmia,akdmia,1,2,1145,1245
2828,akdmia,akdmia,1,1,1713,1713
2829,akdmia,akdmia,1,1,1410,1410
2830,akdmia,akdmia,1,1,1410,1410
2833,akdmia,akdmia,1,1,1070,1070
2834,akdmia,akdmia,1,1,1070,1070
2838,akdmia,akdmia,1,2,1145,1538
2839,akdmia,akdmia,1,3,1145,1538
2843,guiv42,guiv42,1,1,2372,2372
2844,akdmia; guiv42,akdmia,2,2,1167,2372
2848,akdmia,akdmia,1,1,1175,1175
2850,akdmia,akdmia,1,5,943,1538
2851,akdmia,akdmia,1,4,943,1182
2854,akdmia,akdmia,1,2,780,885
2857,akdmia,akdmia,1,1,879,879
2860,akdmia,akdmia,1,2,883,893
2861,akdmia,akdmia,1,2,879,893
2864,akdmia,akdmia,1,3,879,930
2869,akdmia,akdmia,1,3,793,930
2870,akdmia,akdmia,1,1,936,936
2871,akdmia,akdmia,1,3,877,1392
2872,akdmia,akdmia,1,2,932,968
2873,akdmia,akdmia,1,2,878,968
2874,akdmia,akdmia,1,2,930,932
2875,akdmia,akdmia,1,1,1417,1417
2889,akdmia,akdmia,1,1,968,968
2890,akdmia,akdmia,1,2,932,968
2894,akdmia; guiv42,guiv42,2,6,1165,3241
2896,Makoha; Xavier; akdmia; guiv42; helge17,guiv42,5,32,1165,3241
2898,akdmia; guiv42; helge17,guiv42,3,9,1165,2281
2899,akdmia; guiv42; helge17,guiv42,3,10,1165,2281
2900,Makoha; Xavier; akdmia; guiv42; helge17,guiv42,5,34,1165,3241
2902,Makoha; Xavier; akdmia; guiv42; helge17,guiv42,5,37,793,3241
2914,akdmia,akdmia,1,1,878,878
2920,akdmia,akdmia,1,1,1226,1226
2921,helge17,helge17,1,1,3230,3230
2924,akdmia,akdmia,1,1,736,736
2930,akdmia,akdmia,1,1,1426,1426
2931,akdmia,akdmia,1,1,1426,1426
2934,akdmia,akdmia,1,2,1342,1346
2935,akdmia,akdmia,1,1,1147,1147
2937,akdmia,akdmia,1,5,815,904
2938,akdmia,akdmia,1,1,889,889
2940,akdmia; guiv; guiv42; helge17,guiv42,4,19,741,3203
2942,akdmia,akdmia,1,2,1342,1346
2943,akdmia,akdmia,1,2,889,1137
2944,akdmia,akdmia,1,4,889,1346
2945,Makoha; Xavier; akdmia; guiv42,akdmia,4,16,815,2713
2952,akdmia,akdmia,1,1,793,793
2954,akdmia,akdmia,1,1,741,741
2955,akdmia,akdmia,1,2,878,1426
2956,akdmia,akdmia,1,1,1342,1342
2960,akdmia,akdmia,1,1,1392,1392
2973,akdmia,akdmia,1,1,878,878
2974,akdmia,akdmia,1,1,878,878
2975,akdmia,akdmia,1,2,943,1112
2980,akdmia,akdmia,1,4,741,1226
2981,akdmia,akdmia,1,1,741,741
2982,akdmia; guiv42,akdmia,2,11,1114,3241
2990,akdmia; guiv42,akdmia,2,14,878,3241
2991,akdmia,akdmia,1,3,815,893
2992,guiv42; helge17,guiv42,2,7,2280,3147
2998,akdmia,akdmia,1,2,1221,1805
3001,akdmia,akdmia,1,3,1302,1828
3003,akdmia,akdmia,1,3,1112,1382
3005,akdmia; helge17,akdmia,2,6,898,3230
3009,akdmia,akdmia,1,1,1346,1346
3013,akdmia; guiv42; helge17,guiv42,3,4,1112,3241
3014,helge17,helge17,1,1,3230,3230
3018,akdmia,akdmia,1,1,1342,1342
3023,akdmia,akdmia,1,2,847,1112
3025,akdmia,akdmia,1,5,815,1112
3026,akdmia,akdmia,1,5,741,1792
3029,akdmia,akdmia,1,1,847,847
3031,Makoha; akdmia; guiv42,akdmia,3,5,847,2713
3034,akdmia,akdmia,1,1,812,812
3035,akdmia; helge17,akdmia,2,3,738,3230
3036,akdmia,akdmia,1,1,1148,1148
3037,akdmia; helge17,akdmia,2,2,1342,3230
3038,akdmia,akdmia,1,1,741,741
3040,akdmia,akdmia,1,1,741,741
3041,akdmia,akdmia,1,1,741,741
3045,akdmia,akdmia,1,1,741,741
3056,akdmia,akdmia,1,1,741,741
3063,akdmia,akdmia,1,1,741,741
3070,akdmia,akdmia,1,1,741,741
3080,akdmia,akdmia,1,1,1200,1200
3087,akdmia,akdmia,1,1,1147,1147
3094,akdmia,akdmia,1,4,815,1225
3095,akdmia,akdmia,1,1,878,878
3096,akdmia,akdmia,1,2,898,1112
3098,akdmia,akdmia,1,3,878,1433
3102,akdmia,akdmia,1,1,1165,1165
3113,akdmia,akdmia,1,1,741,741
3115,akdmia,akdmia,1,1,741,741
3118,akdmia,akdmia,1,1,741,741
3119,akdmia,akdmia,1,1,741,741
3120,akdmia,akdmia,1,3,793,1226
3121,akdmia,akdmia,1,1,741,741
3122,akdmia,akdmia,1,2,1147,1153
3124,akdmia,akdmia,1,2,1147,1153
3126,akdmia,akdmia,1,1,741,741
3127,akdmia,akdmia,1,3,1147,1193
3131,akdmia,akdmia,1,1,1783,1783
3133,akdmia,akdmia,1,5,852,1193
3139,akdmia,akdmia,1,2,1147,1153
3140,akdmia,akdmia,1,1,741,741
3141,akdmia,akdmia,1,1,731,731
3142,akdmia,akdmia,1,1,741,741
3143,akdmia,akdmia,1,2,731,1159
3144,akdmia,akdmia,1,1,741,741
3146,akdmia,akdmia,1,1,1117,1117
3151,akdmia,akdmia,1,1,741,741
3153,akdmia,akdmia,1,1,741,741
3155,akdmia,akdmia,1,1,741,741
3158,akdmia,akdmia,1,2,1171,1224
3159,akdmia,akdmia,1,1,741,741
3160,akdmia,akdmia,1,1,1156,1156
3162,akdmia,akdmia,1,3,1147,1165
3166,akdmia; guiv; guiv42; helge17,guiv42,4,7,1156,3230
3167,akdmia,akdmia,1,1,741,741
3168,akdmia,akdmia,1,1,1147,1147
3172,akdmia,akdmia,1,2,1147,1165
3173,akdmia,akdmia,1,2,736,741
3176,akdmia,akdmia,1,3,1147,1226
3178,akdmia,akdmia,1,5,731,1224
3179,akdmia,akdmia,1,1,741,741
3180,akdmia,akdmia,1,1,1281,1281
3182,akdmia,akdmia,1,1,1147,1147
3183,akdmia,akdmia,1,1,741,741
3184,akdmia,akdmia,1,9,852,1208
3186,akdmia,akdmia,1,1,1147,1147
3187,akdmia,akdmia,1,1,741,741
3188,akdmia,akdmia,1,1,1147,1147
3189,akdmia,akdmia,1,1,741,741
3190,akdmia,akdmia,1,2,852,853
3191,akdmia,akdmia,1,1,741,741
3192,akdmia,akdmia,1,1,852,852
3193,akdmia,akdmia,1,1,741,741
3194,akdmia,akdmia,1,2,852,1147
3195,akdmia,akdmia,1,1,741,741
3196,akdmia,akdmia,1,1,741,741
3197,akdmia,akdmia,1,1,741,741
3198,akdmia,akdmia,1,4,815,893
3199,akdmia,akdmia,1,3,1147,1193
3200,akdmia,akdmia,1,1,741,741
3201,akdmia,akdmia,1,2,1147,1193
3202,akdmia,akdmia,1,1,741,741
3203,akdmia,akdmia,1,6,730,1224
3205,akdmia,akdmia,1,2,1193,1226
3207,akdmia,akdmia,1,1,1199,1199
3209,akdmia,akdmia,1,3,1147,1199
3210,akdmia,akdmia,1,1,741,741
3211,akdmia,akdmia,1,1,741,741
3212,akdmia; guiv; guiv42,akdmia,3,8,741,3212
3214,akdmia,akdmia,1,1,741,741
3217,akdmia,akdmia,1,3,1147,1184
3219,akdmia,akdmia,1,3,1147,1157
3221,akdmia,akdmia,1,3,753,1147
3223,akdmia,akdmia,1,1,1199,1199
3225,akdmia; guiv,guiv,2,5,1199,2050
3227,akdmia,akdmia,1,1,1153,1153
3229,akdmia; guiv,akdmia,2,7,1153,2050
3231,akdmia,akdmia,1,1,753,753
3233,akdmia,akdmia,1,1,1193,1193
3234,akdmia; guiv; helge17,akdmia,3,7,1202,3230
3237,akdmia,akdmia,1,1,1199,1199
3239,akdmia; guiv,akdmia,2,8,1199,2053
3241,akdmia; guiv,akdmia,2,5,1199,2053
3243,akdmia,akdmia,1,1,741,741
3244,akdmia,akdmia,1,1,848,848
3251,akdmia,akdmia,1,1,741,741
3256,akdmia,akdmia,1,1,741,741
3259,akdmia,akdmia,1,2,1147,1153
3260,akdmia,akdmia,1,1,741,741
3265,akdmia,akdmia,1,2,968,1343
3276,akdmia,akdmia,1,2,1147,1156
3278,akdmia,akdmia,1,3,1147,1199
3280,akdmia,akdmia,1,2,1147,1153
3281,akdmia,akdmia,1,2,736,741
3284,akdmia,akdmia,1,3,1147,1156
3285,akdmia,akdmia,1,1,741,741
3286,akdmia,akdmia,1,4,1147,1184
3287,akdmia,akdmia,1,2,736,741
3288,akdmia,akdmia,1,4,1147,1184
3289,akdmia,akdmia,1,2,736,741
3290,akdmia,akdmia,1,1,1199,1199
3292,akdmia,akdmia,1,1,968,968
3293,akdmia,akdmia,1,1,968,968
3298,akdmia,akdmia,1,2,943,1175
3301,akdmia,akdmia,1,1,968,968
3303,akdmia,akdmia,1,2,814,968
3308,akdmia,akdmia,1,1,968,968
3309,akdmia,akdmia,1,2,904,930
3318,akdmia,akdmia,1,5,885,1782
3319,akdmia; guiv42; helge17,akdmia,3,3,1346,3075
3322,akdmia,akdmia,1,1,1346,1346
3326,akdmia,akdmia,1,2,1112,1342
3328,akdmia,akdmia,1,1,1112,1112
3330,akdmia,akdmia,1,2,1342,1610
3335,helge17,helge17,1,1,3230,3230
3338,helge17,helge17,1,1,3230,3230
3346,akdmia,akdmia,1,1,878,878
3348,akdmia,akdmia,1,1,1164,1164
3349,akdmia,akdmia,1,1,1164,1164
3358,akdmia,akdmia,1,3,878,1392
3360,akdmia,akdmia,1,2,878,932
3361,akdmia,akdmia,1,1,1392,1392
3362,akdmia,akdmia,1,1,968,968
3366,akdmia,akdmia,1,2,932,968
3367,akdmia,akdmia,1,1,878,878
3368,akdmia,akdmia,1,3,736,1164
3369,akdmia,akdmia,1,3,736,932
3370,akdmia,akdmia,1,1,736,736
3373,akdmia,akdmia,1,1,932,932
3374,akdmia,akdmia,1,1,878,878
3375,akdmia,akdmia,1,2,878,932
3377,akdmia,akdmia,1,2,932,1392
3379,akdmia,akdmia,1,1,878,878
3380,akdmia,akdmia,1,3,878,968
3381,akdmia,akdmia,1,1,878,878
3382,akdmia,akdmia,1,2,932,968
3383,akdmia,akdmia,1,1,1392,1392
3384,akdmia,akdmia,1,1,1392,1392
3389,akdmia,akdmia,1,1,876,876
3391,akdmia,akdmia,1,4,671,902
3395,akdmia,akdmia,1,3,664,898
3399,akdmia,akdmia,1,2,876,877
3401,akdmia,akdmia,1,1,876,876
3405,akdmia,akdmia,1,3,815,904
3407,akdmia,akdmia,1,1,876,876
3409,akdmia,akdmia,1,3,876,930
3413,akdmia; guiv42; helge17,akdmia,3,13,813,3230
3414,akdmia,akdmia,1,3,1008,1048
3419,akdmia,akdmia,1,1,741,741
3425,akdmia,akdmia,1,1,664,664
3429,akdmia,akdmia,1,3,748,877
3430,akdmia,akdmia,1,1,812,812
3433,akdmia,akdmia,1,2,664,796
3435,akdmia,akdmia,1,2,664,796
3437,akdmia,akdmia,1,1,794,794
3441,akdmia,akdmia,1,2,748,877
3443,akdmia,akdmia,1,2,664,796
3445,akdmia,akdmia,1,1,664,664
3451,akdmia,akdmia,1,1,793,793
3453,akdmia,akdmia,1,1,930,930
3455,akdmia,akdmia,1,1,796,796
3459,akdmia,akdmia,1,1,796,796
3460,akdmia,akdmia,1,1,736,736
3463,akdmia; guiv42; helge17,akdmia,3,5,748,3230
3464,akdmia,akdmia,1,1,812,812
3465,akdmia,akdmia,1,1,930,930
3468,akdmia,akdmia,1,1,930,930
3478,akdmia,akdmia,1,1,813,813
3487,akdmia,akdmia,1,1,736,736
3488,akdmia,akdmia,1,1,930,930
3489,akdmia,akdmia,1,1,930,930
3490,akdmia,akdmia,1,1,930,930
3491,akdmia,akdmia,1,1,930,930
3493,akdmia,akdmia,1,1,930,930
3495,akdmia,akdmia,1,1,930,930
3527,guiv42; helge17,guiv42,2,14,3116,3241
3533,Makoha; Xavier; akdmia; guiv42; helge17,guiv42,5,36,793,3239
3546,akdmia,akdmia,1,1,877,877
3548,Makoha; Xavier; akdmia; guiv42; helge17,guiv42,5,21,877,3241
3553,Makoha; akdmia; guiv42; helge17,guiv42,4,31,1162,3241
3555,akdmia,akdmia,1,1,736,736
3557,akdmia,akdmia,1,1,736,736
3598,akdmia,akdmia,1,2,879,930
3600,akdmia,akdmia,1,2,879,930
3602,akdmia,akdmia,1,1,877,877
3613,akdmia; guiv42,akdmia,2,14,877,3241
3615,akdmia,akdmia,1,7,877,1226
3617,akdmia; guiv42; helge17,akdmia,3,15,877,3241
3619,akdmia,akdmia,1,1,877,877
3621,akdmia,akdmia,1,1,877,877
3623,akdmia,akdmia,1,3,877,930
3627,akdmia,akdmia,1,3,877,883
3629,akdmia,akdmia,1,3,877,930
3631,akdmia,akdmia,1,3,877,930
3633,akdmia,akdmia,1,5,877,930
3635,akdmia,akdmia,1,5,877,930
3639,akdmia,akdmia,1,1,877,877
3640,akdmia,akdmia,1,4,877,930
3642,akdmia,akdmia,1,1,878,878
3643,akdmia,akdmia,1,4,877,930
3646,akdmia,akdmia,1,3,877,930
3648,akdmia,akdmia,1,1,878,878
3649,akdmia,akdmia,1,1,878,878
3650,akdmia,akdmia,1,4,815,930
3651,akdmia,akdmia,1,1,878,878
3652,akdmia,akdmia,1,1,878,878
3653,akdmia,akdmia,1,3,879,930
3657,guiv42,guiv42,1,1,3218,3218
3659,akdmia; guiv42; helge17,guiv42,3,23,1162,3218
3668,akdmia,akdmia,1,1,736,736
3669,akdmia,akdmia,1,1,736,736
3684,akdmia,akdmia,1,1,736,736
3686,akdmia,akdmia,1,1,736,736
3688,akdmia,akdmia,1,1,736,736
3724,akdmia,akdmia,1,1,877,877
3749,akdmia,akdmia,1,1,968,968
3751,akdmia,akdmia,1,1,968,968
3754,akdmia,akdmia,1,1,968,968
3755,akdmia,akdmia,1,1,968,968
3757,akdmia,akdmia,1,3,670,1062
3760,akdmia,akdmia,1,1,968,968
3762,akdmia; helge17,akdmia,2,2,933,3230
3764,akdmia,akdmia,1,1,968,968
3765,akdmia,akdmia,1,1,968,968
3766,akdmia,akdmia,1,1,670,670
3768,akdmia,akdmia,1,1,1400,1400
3773,akdmia,akdmia,1,1,968,968
3774,akdmia,akdmia,1,2,933,1062
3775,akdmia,akdmia,1,1,968,968
3776,akdmia,akdmia,1,2,933,1062
3777,akdmia,akdmia,1,1,968,968
3786,akdmia,akdmia,1,1,968,968
3787,akdmia; helge17,akdmia,2,3,968,3230
3788,akdmia; helge17,akdmia,2,2,1342,3230
3789,helge17,helge17,1,1,3230,3230
3793,akdmia,akdmia,1,1,741,741
3794,akdmia,akdmia,1,1,741,741
3800,akdmia; guiv; guiv42; helge17,guiv42,4,20,1171,3212
3802,akdmia; guiv; guiv42; helge17,guiv42,4,18,1554,3212
3809,akdmia,akdmia,1,1,741,741
3810,akdmia,akdmia,1,1,741,741
3812,akdmia,akdmia,1,1,741,741
3813,akdmia,akdmia,1,1,741,741
3814,akdmia,akdmia,1,1,741,741
3815,akdmia,akdmia,1,1,741,741
3816,akdmia,akdmia,1,1,741,741
3829,akdmia,akdmia,1,1,741,741
3834,akdmia,akdmia,1,1,736,736
3835,akdmia,akdmia,1,1,736,736
3836,akdmia,akdmia,1,2,968,1400
3837,akdmia,akdmia,1,2,968,1400
3840,akdmia,akdmia,1,1,669,669
3843,helge17,helge17,1,1,3230,3230
3844,akdmia,akdmia,1,1,674,674
3845,akdmia; helge17,akdmia,2,4,674,3230
3846,akdmia; helge17,akdmia,2,3,674,3230
3847,akdmia,akdmia,1,2,943,1112
3848,guiv42,guiv42,1,1,2674,2674
3852,akdmia,akdmia,1,2,943,1112
3853,akdmia,akdmia,1,2,943,1112
3855,akdmia,akdmia,1,1,680,680
3856,guiv42,guiv42,1,1,2674,2674
3857,akdmia,akdmia,1,3,1112,1429
3858,akdmia,akdmia,1,2,1182,1245
3859,akdmia,akdmia,1,1,680,680
3860,akdmia; guiv42,akdmia,2,2,680,2674
3861,akdmia,akdmia,1,2,680,681
3862,akdmia,akdmia,1,1,682,682
3863,akdmia,akdmia,1,2,680,682
3864,helge17,helge17,1,1,3230,3230
3866,akdmia,akdmia,1,1,1167,1167
3869,akdmia; helge17,akdmia,2,2,1167,3230
3870,akdmia; helge17,akdmia,2,2,1167,3230
3873,akdmia,akdmia,1,2,685,1429
3876,akdmia,akdmia,1,1,949,949
3877,akdmia,akdmia,1,1,949,949
3881,akdmia,akdmia,1,1,731,731
3882,akdmia,akdmia,1,1,924,924
3883,akdmia,akdmia,1,1,924,924
3884,akdmia,akdmia,1,1,924,924
3885,akdmia,akdmia,1,1,924,924
3886,akdmia; guiv42,guiv42,2,8,815,2436
3887,akdmia,akdmia,1,1,737,737
3889,akdmia; helge17,akdmia,2,2,1829,3230
3890,akdmia; helge17,akdmia,2,2,738,3230
3891,akdmia,akdmia,1,1,741,741
3893,akdmia,akdmia,1,1,741,741
3894,akdmia,akdmia,1,1,1147,1147
3895,akdmia,akdmia,1,1,741,741
3896,akdmia,akdmia,1,3,1171,1226
3897,akdmia,akdmia,1,1,741,741
3899,akdmia,akdmia,1,1,741,741
3900,akdmia,akdmia,1,1,741,741
3902,akdmia,akdmia,1,1,741,741
3903,akdmia,akdmia,1,1,1147,1147
3907,akdmia,akdmia,1,1,1147,1147
3912,akdmia,akdmia,1,1,1112,1112
3914,akdmia,akdmia,1,2,1112,1118
3915,akdmia,akdmia,1,2,1112,1118
3916,akdmia,akdmia,1,1,748,748
3918,akdmia,akdmia,1,2,1105,1112
3919,akdmia,akdmia,1,1,1429,1429
3920,akdmia,akdmia,1,1,768,768
3925,akdmia,akdmia,1,2,840,1167
3927,akdmia,akdmia,1,1,840,840
3928,akdmia,akdmia,1,1,1119,1119
3929,akdmia,akdmia,1,3,840,1119
3930,akdmia,akdmia,1,1,840,840
3933,akdmia,akdmia,1,3,815,1118
3934,akdmia,akdmia,1,3,840,1119
3938,akdmia,akdmia,1,1,840,840
3940,akdmia,akdmia,1,2,943,1112
3941,helge17,helge17,1,1,3230,3230
3943,akdmia,akdmia,1,2,795,943
3944,akdmia,akdmia,1,2,795,943
3945,akdmia,akdmia,1,2,795,943
3946,akdmia,akdmia,1,2,795,943
3947,akdmia,akdmia,1,2,795,943
3948,akdmia,akdmia,1,2,795,943
3949,akdmia,akdmia,1,2,795,943
3950,akdmia,akdmia,1,1,808,808
3952,akdmia; guiv42; helge17,guiv42,3,17,1118,2174
3953,akdmia,akdmia,1,2,1171,1193
3954,akdmia,akdmia,1,2,1171,1193
3955,akdmia,akdmia,1,1,1186,1186
3956,akdmia,akdmia,1,1,815,815
3957,akdmia,akdmia,1,1,1160,1160
3958,akdmia; guiv42; helge17,akdmia,3,25,853,3241
3961,akdmia,akdmia,1,5,1117,1802
3962,akdmia; guiv42; helge17,guiv42,3,18,815,3230
3963,akdmia; guiv42,guiv42,2,12,815,2175
3965,akdmia,akdmia,1,2,1147,1165
3967,akdmia,akdmia,1,6,1147,1802
3968,akdmia,akdmia,1,4,1117,1186
3969,akdmia,akdmia,1,1,1147,1147
3970,akdmia; helge17,akdmia,2,5,1147,3230
3971,akdmia; helge17,akdmia,2,6,1147,3230
3972,akdmia,akdmia,1,4,898,1186
3973,akdmia,akdmia,1,3,1147,1186
3974,akdmia,akdmia,1,2,1147,1184
3975,akdmia,akdmia,1,8,1147,1802
3976,akdmia,akdmia,1,6,1147,1652
3977,akdmia,akdmia,1,1,1184,1184
3983,akdmia,akdmia,1,5,1147,1785
3985,akdmia,akdmia,1,1,848,848
3987,akdmia,akdmia,1,4,848,1186
3990,akdmia,akdmia,1,3,1158,1198
3991,akdmia,akdmia,1,1,848,848
3993,akdmia; guiv42,akdmia,2,9,1603,3241
3994,akdmia; guiv42,akdmia,2,13,847,3234
3995,akdmia,akdmia,1,2,1123,1158
3997,akdmia,akdmia,1,3,1123,1198
4005,akdmia,akdmia,1,3,1123,1186
4006,akdmia,akdmia,1,4,1153,1202
4007,akdmia,akdmia,1,4,1147,1186
4008,akdmia,akdmia,1,3,1147,1186
4009,akdmia; guiv42,akdmia,2,11,1147,3241
4010,akdmia,akdmia,1,6,853,1165
4011,akdmia,akdmia,1,1,853,853
4012,akdmia,akdmia,1,3,853,1453
4013,akdmia,akdmia,1,3,854,1147
4015,akdmia,akdmia,1,2,854,1123
4016,akdmia,akdmia,1,1,1123,1123
4017,akdmia,akdmia,1,1,1147,1147
4018,akdmia,akdmia,1,2,1117,1224
4019,akdmia,akdmia,1,2,1153,1171
4020,akdmia,akdmia,1,2,943,1166
4022,akdmia,akdmia,1,1,848,848
4023,akdmia,akdmia,1,1,848,848
4024,akdmia,akdmia,1,2,847,848
4025,akdmia,akdmia,1,2,847,848
4026,akdmia,akdmia,1,2,847,848
4027,akdmia,akdmia,1,2,847,848
4028,akdmia,akdmia,1,2,847,848
4029,akdmia,akdmia,1,3,847,1147
4030,akdmia,akdmia,1,1,815,815
4036,akdmia,akdmia,1,2,951,1158
4037,akdmia,akdmia,1,3,1158,1196
4038,Trung An; ffio1; guiv42; helge17,guiv42,4,18,3073,3211
4039,akdmia,akdmia,1,4,852,1191
4040,akdmia,akdmia,1,5,852,1196
4041,akdmia,akdmia,1,3,1158,1202
4042,akdmia,akdmia,1,2,1186,1202
4043,akdmia,akdmia,1,7,1123,1453
4044,akdmia,akdmia,1,3,848,1158
4045,akdmia,akdmia,1,8,848,1453
4046,akdmia,akdmia,1,2,815,969
4047,akdmia,akdmia,1,4,815,1652
4055,akdmia,akdmia,1,2,943,1112
4057,akdmia,akdmia,1,2,1111,1112
4065,akdmia,akdmia,1,3,889,1112
4140,akdmia,akdmia,1,1,1112,1112
4151,akdmia,akdmia,1,2,943,1112
4152,akdmia,akdmia,1,5,855,1112
4154,akdmia,akdmia,1,1,950,950
4157,akdmia,akdmia,1,2,1538,1587
4158,akdmia,akdmia,1,2,950,1112
4233,akdmia,akdmia,1,1,1166,1166
4325,akdmia,akdmia,1,1,943,943
4326,akdmia,akdmia,1,2,943,1009
4470,akdmia,akdmia,1,1,969,969
4504,akdmia,akdmia,1,1,1105,1105
4507,akdmia,akdmia,1,1,1112,1112
4588,akdmia,akdmia,1,1,1105,1105
4604,akdmia,akdmia,1,1,953,953
4633,akdmia; guiv42,akdmia,2,24,1118,2174
4637,akdmia; guiv42,guiv42,2,17,1118,2174
4654,akdmia,akdmia,1,1,916,916
4684,akdmia,akdmia,1,3,1209,1228
4686,akdmia,akdmia,1,3,1209,1228
4739,akdmia,akdmia,1,3,943,1112
4744,akdmia,akdmia,1,1,1112,1112
4885,akdmia,akdmia,1,4,1123,1453
4894,akdmia,akdmia,1,1,848,848
4994,akdmia,akdmia,1,1,969,969
5027,akdmia,akdmia,1,1,1352,1352
5045,guiv42,guiv42,1,2,2475,2480
5056,akdmia,akdmia,1,1,970,970
5092,akdmia,akdmia,1,3,943,1112
5098,akdmia,akdmia,1,1,943,943
5100,akdmia,akdmia,1,3,943,1112
5107,akdmia,akdmia,1,4,877,943
5166,akdmia,akdmia,1,2,1166,1410
5175,akdmia,akdmia,1,1,1410,1410
5224,akdmia,akdmia,1,3,1386,1829
5251,akdmia,akdmia,1,2,1118,1166
5256,akdmia,akdmia,1,1,1118,1118
5299,akdmia,akdmia,1,1,1182,1182
5352,akdmia,akdmia,1,2,943,1112
5372,akdmia,akdmia,1,2,943,1112
5373,akdmia,akdmia,1,2,943,1112
5478,akdmia,akdmia,1,1,943,943
5560,akdmia,akdmia,1,1,972,972
5632,akdmia,akdmia,1,3,943,1182
5696,akdmia,akdmia,1,2,1426,1792
5801,akdmia,akdmia,1,2,1342,1343
5825,akdmia,akdmia,1,1,1426,1426
5889,akdmia; guiv42; helge17,guiv42,3,19,854,2175
5890,Makoha; akdmia,akdmia,2,5,847,2712
5892,Makoha; akdmia; guiv42,Makoha,3,10,1118,3219
5894,akdmia,akdmia,1,1,848,848
5895,akdmia,akdmia,1,9,853,1604
5896,akdmia,akdmia,1,10,853,1604
5897,akdmia,akdmia,1,3,1148,1186
5898,akdmia,akdmia,1,2,854,1147
5899,akdmia,akdmia,1,1,1148,1148
5900,akdmia; helge17,akdmia,2,4,1147,3230
5901,akdmia,akdmia,1,1,854,854
5902,akdmia,akdmia,1,2,855,896
5903,akdmia,akdmia,1,1,855,855
5904,helge17,helge17,1,1,3230,3230
5906,akdmia,akdmia,1,1,1151,1151
5907,akdmia,akdmia,1,2,1119,1225
5909,akdmia,akdmia,1,2,1151,1194
5910,akdmia,akdmia,1,2,1151,1194
5911,Trung An; akdmia; guiv42; m5ls7h,guiv42,4,11,1151,3220
5912,Trung An; akdmia; guiv42; m5ls7h,guiv42,4,11,1151,3220
5913,Trung An; akdmia; guiv42; m5ls7h,guiv42,4,11,1608,3220
5914,Trung An; akdmia; guiv42; m5ls7h,guiv42,4,11,1608,3220
5915,Trung An; akdmia; guiv42; m5ls7h,guiv42,4,11,1608,3220
5920,akdmia; helge17,akdmia,2,2,1167,3230
5921,akdmia,akdmia,1,1,1167,1167
5922,akdmia,akdmia,1,1,1167,1167
5923,akdmia,akdmia,1,1,1167,1167
5924,akdmia,akdmia,1,1,1143,1143
5925,akdmia,akdmia,1,1,1167,1167
5926,akdmia,akdmia,1,3,869,1685
5927,akdmia,akdmia,1,1,1167,1167
5928,helge17,helge17,1,1,3230,3230
5929,akdmia,akdmia,1,1,869,869
5932,akdmia,akdmia,1,1,1822,1822
5933,akdmia,akdmia,1,2,950,1166
5934,akdmia; guiv42; helge17; m5ls7h,guiv42,4,13,878,3207
5935,akdmia,akdmia,1,1,1166,1166
5936,akdmia; guiv42; helge17; m5ls7h,guiv42,4,17,869,3211
5937,akdmia; ffio1; guiv42; helge17,akdmia,4,16,909,3231
5938,akdmia,akdmia,1,1,1167,1167
5939,akdmia; ffio1; guiv42; helge17,guiv42,4,11,869,3231
5940,akdmia; ffio1; guiv42,guiv42,3,13,869,3227
5943,akdmia; helge17,akdmia,2,2,869,3230
5944,akdmia; guiv42; helge17,akdmia,3,5,869,3230
5945,akdmia,akdmia,1,1,869,869
5946,akdmia,akdmia,1,1,869,869
5947,akdmia; ffio1; guiv42; helge17,guiv42,4,17,869,3230
5948,akdmia,akdmia,1,2,869,1682
5949,akdmia; guiv42,akdmia,2,4,869,2969
5950,akdmia; ffio1; guiv42; helge17,guiv42,4,20,869,3231
5951,akdmia; ffio1; guiv42; helge17,guiv42,4,13,869,3231
5952,akdmia; ffio1; guiv42; helge17,guiv42,4,16,869,3231
5953,akdmia; ffio1; guiv42; helge17,guiv42,4,14,869,3231
5956,akdmia; guiv42,akdmia,2,15,877,3241
5958,akdmia,akdmia,1,2,877,1417
5963,akdmia,akdmia,1,1,926,926
5965,akdmia,akdmia,1,1,897,897
5968,akdmia,akdmia,1,3,877,1112
5969,akdmia,akdmia,1,1,926,926
5970,akdmia,akdmia,1,5,930,1616
5971,akdmia,akdmia,1,1,1429,1429
5972,akdmia,akdmia,1,2,943,1112
5973,akdmia,akdmia,1,8,930,1616
5974,akdmia,akdmia,1,1,943,943
5975,akdmia,akdmia,1,3,1166,1616
5976,akdmia,akdmia,1,1,877,877
5977,akdmia,akdmia,1,3,885,1112
5978,akdmia,akdmia,1,3,885,1112
5979,akdmia,akdmia,1,1,1115,1115
5981,akdmia,akdmia,1,2,1112,1118
5982,akdmia,akdmia,1,2,1112,1118
5983,akdmia; helge17,akdmia,2,5,883,3230
5984,akdmia,akdmia,1,9,892,1667
5985,akdmia,akdmia,1,7,930,1786
5986,akdmia,akdmia,1,2,930,1112
5987,akdmia,akdmia,1,5,877,1338
5990,akdmia; guiv42,guiv42,2,5,1162,3241
5991,akdmia,akdmia,1,1,943,943
5992,akdmia,akdmia,1,1,883,883
5993,akdmia,akdmia,1,1,877,877
5998,akdmia,akdmia,1,3,877,1118
5999,akdmia,akdmia,1,2,877,1392
6000,akdmia,akdmia,1,1,1417,1417
6001,akdmia,akdmia,1,1,1392,1392
6002,akdmia,akdmia,1,1,1392,1392
6003,akdmia,akdmia,1,1,1392,1392
6007,akdmia,akdmia,1,4,877,1226
6009,akdmia,akdmia,1,2,1167,1392
6010,akdmia,akdmia,1,2,1167,1392
6011,akdmia,akdmia,1,2,1167,1585
6012,akdmia; guiv42; harborsiem,guiv42,3,4,1167,2328
6013,akdmia; guiv42; harborsiem,guiv42,3,4,1167,2328
6014,akdmia,akdmia,1,2,878,932
6015,akdmia,akdmia,1,1,878,878
6017,akdmia,akdmia,1,1,1117,1117
6018,akdmia,akdmia,1,1,1147,1147
6019,akdmia,akdmia,1,2,1184,1652
6020,akdmia,akdmia,1,2,1184,1652
6022,akdmia,akdmia,1,1,1184,1184
6023,akdmia,akdmia,1,1,1147,1147
6024,akdmia,akdmia,1,2,1184,1652
6026,akdmia,akdmia,1,1,1147,1147
6027,akdmia,akdmia,1,1,1189,1189
6029,akdmia,akdmia,1,1,878,878
6030,akdmia,akdmia,1,2,878,1585
6034,akdmia,akdmia,1,2,878,909
6037,akdmia,akdmia,1,2,932,1175
6038,akdmia,akdmia,1,1,878,878
6039,akdmia,akdmia,1,1,1165,1165
6041,akdmia,akdmia,1,4,1342,1610
6043,Grzegorz Pruchniakowski; akdmia; guiv42; helge17,guiv42,4,15,1123,3230
6045,akdmia,akdmia,1,7,1153,1785
6050,akdmia,akdmia,1,4,1153,1202
6057,akdmia,akdmia,1,4,1147,1226
6060,akdmia,akdmia,1,2,1184,1226
6062,akdmia,akdmia,1,3,1171,1226
6064,akdmia; guiv42,guiv42,2,4,1171,3220
6067,akdmia,akdmia,1,1,1156,1156
6070,akdmia,akdmia,1,4,1603,1802
6072,akdmia,akdmia,1,4,1117,1186
6084,akdmia,akdmia,1,4,1117,1165
6086,akdmia,akdmia,1,2,1147,1157
6095,akdmia,akdmia,1,3,1147,1226
6097,akdmia,akdmia,1,2,1153,1160
6105,akdmia,akdmia,1,1,1186,1186
6107,akdmia,akdmia,1,1,1186,1186
6110,akdmia,akdmia,1,1,1186,1186
6122,akdmia,akdmia,1,1,1164,1164
6124,akdmia,akdmia,1,1,932,932
6125,akdmia,akdmia,1,1,1392,1392
6126,akdmia,akdmia,1,1,1165,1165
6127,akdmia,akdmia,1,1,1167,1167
6129,akdmia,akdmia,1,1,932,932
6130,akdmia,akdmia,1,2,878,1175
6133,akdmia,akdmia,1,1,1175,1175
6135,akdmia,akdmia,1,2,1175,1417
6136,akdmia,akdmia,1,1,878,878
6138,akdmia,akdmia,1,1,878,878
6139,akdmia,akdmia,1,1,878,878
6140,akdmia,akdmia,1,4,878,1965
6142,akdmia,akdmia,1,1,878,878
6143,akdmia,akdmia,1,1,878,878
6144,akdmia,akdmia,1,1,878,878
6145,akdmia,akdmia,1,1,878,878
6146,akdmia,akdmia,1,4,878,1175
6147,akdmia,akdmia,1,3,932,1175
6148,akdmia,akdmia,1,3,932,1175
6150,akdmia,akdmia,1,1,878,878
6151,akdmia,akdmia,1,1,878,878
6152,akdmia,akdmia,1,1,878,878
6153,akdmia,akdmia,1,1,1637,1637
6154,akdmia,akdmia,1,2,1192,1637
6163,akdmia,akdmia,1,2,879,930
6166,akdmia,akdmia,1,1,1538,1538
6167,akdmia,akdmia,1,2,1429,1538
6173,akdmia,akdmia,1,2,1429,1538
6174,akdmia,akdmia,1,1,1429,1429
6177,akdmia,akdmia,1,2,1429,1538
6178,akdmia,akdmia,1,2,1429,1538
6186,akdmia,akdmia,1,1,1538,1538
6187,akdmia,akdmia,1,2,1429,1538
6188,akdmia,akdmia,1,1,1538,1538
6189,akdmia,akdmia,1,1,1538,1538
6194,akdmia,akdmia,1,2,1009,1105
6197,akdmia,akdmia,1,2,1429,1538
6198,akdmia,akdmia,1,1,1429,1429
6199,akdmia,akdmia,1,1,1167,1167
6201,akdmia,akdmia,1,2,1429,1538
6202,akdmia,akdmia,1,1,1538,1538
6206,helge17,helge17,1,1,3230,3230
6207,akdmia,akdmia,1,1,1119,1119
6208,akdmia,akdmia,1,1,1119,1119
6211,helge17,helge17,1,1,3230,3230
6217,Trung (Daniel) An; Trung An; ffio1; guiv42; helge17; helger; m5ls7h,guiv42,7,32,2104,3211
6222,akdmia,akdmia,1,1,1167,1167
6223,Trung (Daniel) An; akdmia; guiv42; helge17; helger; m5ls7h,guiv42,6,14,906,3207
6224,akdmia; helge17,akdmia,2,2,1167,3230
6225,akdmia; helger,akdmia,2,3,906,2104
6228,akdmia,akdmia,1,1,906,906
6235,akdmia,akdmia,1,2,937,1119
6236,akdmia,akdmia,1,2,937,1119
6248,akdmia,akdmia,1,1,1164,1164
6249,akdmia,akdmia,1,1,1164,1164
6258,helge17,helge17,1,1,3230,3230
6265,akdmia,akdmia,1,1,1167,1167
6266,akdmia,akdmia,1,1,1167,1167
6305,helge17,helge17,1,1,3230,3230
6322,helge17,helge17,1,1,3230,3230
6323,helge17,helge17,1,1,3230,3230
6324,akdmia,akdmia,1,1,1166,1166
6325,akdmia,akdmia,1,2,907,1166
6326,akdmia,akdmia,1,1,1166,1166
6327,akdmia,akdmia,1,1,1585,1585
6328,akdmia; guiv42; helge17,guiv42,3,7,894,2481
6329,akdmia,akdmia,1,1,887,887
6331,akdmia; guiv42,akdmia,2,2,1070,2216
6332,akdmia,akdmia,1,11,889,1546
6333,akdmia,akdmia,1,1,889,889
6336,akdmia; guiv42; helge17,akdmia,3,7,916,2117
6337,akdmia; guiv42; helge17,akdmia,3,8,891,2117
6338,akdmia,akdmia,1,3,892,930
6339,akdmia,akdmia,1,4,892,930
6341,akdmia,akdmia,1,1,893,893
6342,akdmia,akdmia,1,1,893,893
6343,akdmia,akdmia,1,1,893,893
6344,akdmia,akdmia,1,1,893,893
6345,akdmia; guiv42; helge17,akdmia,3,10,898,3230
6346,Makoha; Xavier; akdmia; guiv42,akdmia,4,14,898,3077
6347,helge17,helge17,1,1,3230,3230
6348,akdmia,akdmia,1,1,899,899
6350,akdmia,akdmia,1,1,926,926
6351,helge17,helge17,1,1,3230,3230
6352,akdmia; guiv42; harborsiem; helge17,akdmia,4,6,906,3230
6353,akdmia; ffio1; guiv42; helge17,guiv42,4,16,921,3231
6357,akdmia; helge17,akdmia,2,4,916,2212
6358,akdmia; guiv42; helge17,akdmia,3,4,1033,2117
6359,akdmia; guiv42,akdmia,2,2,1389,2116
6360,akdmia; guiv42,akdmia,2,4,1033,2116
6361,akdmia,akdmia,1,2,919,920
6364,akdmia,akdmia,1,1,943,943
6365,akdmia,akdmia,1,2,920,943
6366,akdmia,akdmia,1,2,920,943
6367,akdmia,akdmia,1,1,943,943
6368,akdmia,akdmia,1,1,943,943
6369,akdmia,akdmia,1,1,943,943
6370,akdmia; ffio1; guiv42; helge17,guiv42,4,16,933,3231
6371,akdmia; guiv42,guiv42,2,6,930,3077
6373,akdmia; guiv42; helge17,guiv42,3,7,923,3230
6374,akdmia; guiv42; helge17,guiv42,3,7,923,3230
6379,akdmia,akdmia,1,1,925,925
6380,akdmia,akdmia,1,1,925,925
6381,akdmia,akdmia,1,1,925,925
6382,akdmia,akdmia,1,1,925,925
6383,akdmia,akdmia,1,1,925,925
6384,akdmia,akdmia,1,1,925,925
6385,akdmia,akdmia,1,1,925,925
6386,akdmia,akdmia,1,1,925,925
6388,akdmia,akdmia,1,1,925,925
6390,akdmia,akdmia,1,1,926,926
6396,akdmia; helge17,akdmia,2,2,1167,3230
6397,akdmia,akdmia,1,1,1167,1167
6398,akdmia,akdmia,1,1,1167,1167
6399,akdmia,akdmia,1,3,1429,1635
6400,akdmia,akdmia,1,3,1112,1635
6404,akdmia,akdmia,1,4,941,1635
6405,akdmia; helge17,akdmia,2,4,930,3230
6406,akdmia,akdmia,1,2,1429,1619
6407,akdmia,akdmia,1,1,1635,1635
6410,akdmia; helge17,akdmia,2,2,1165,3230
6411,akdmia; helge17,akdmia,2,2,1166,3230
6412,akdmia,akdmia,1,1,1162,1162
6413,akdmia,akdmia,1,1,1613,1613
6419,akdmia; guiv42; helge17,guiv42,3,6,933,2970
6420,akdmia,akdmia,1,2,1112,1118
6421,akdmia,akdmia,1,2,1112,1118
6422,akdmia,akdmia,1,5,930,1667
6425,akdmia; guiv42; helge17,guiv42,3,6,1613,2481
6426,akdmia; guiv42; helge17,guiv42,3,6,1613,2481
6427,akdmia,akdmia,1,1,1118,1118
6428,akdmia; helge17,akdmia,2,3,1118,3230
6430,akdmia,akdmia,1,2,1165,1613
6433,akdmia; guiv42; helge17,guiv42,3,6,1726,3077
6434,akdmia,akdmia,1,1,930,930
6436,akdmia,akdmia,1,1,1726,1726
6437,akdmia,akdmia,1,1,1175,1175
6438,akdmia,akdmia,1,1,1175,1175
6439,akdmia,akdmia,1,1,932,932
6440,akdmia,akdmia,1,1,932,932
6441,akdmia,akdmia,1,1,932,932
6442,akdmia,akdmia,1,2,932,968
6443,akdmia,akdmia,1,2,932,968
6444,akdmia,akdmia,1,1,932,932
6445,akdmia,akdmia,1,2,932,1392
6446,akdmia,akdmia,1,2,932,1392
6447,akdmia,akdmia,1,2,1048,1175
6448,akdmia,akdmia,1,2,1048,1175
6449,akdmia,akdmia,1,1,1062,1062
6451,akdmia,akdmia,1,1,1062,1062
6452,akdmia,akdmia,1,2,1167,1411
6454,guiv42,guiv42,1,1,2289,2289
6455,akdmia,akdmia,1,1,1062,1062
6466,akdmia,akdmia,1,2,933,1479
6467,akdmia,akdmia,1,2,1058,1062
6468,akdmia,akdmia,1,1,1062,1062
6470,akdmia,akdmia,1,1,933,933
6471,akdmia,akdmia,1,1,1392,1392
6472,akdmia,akdmia,1,1,1392,1392
6473,akdmia,akdmia,1,1,1392,1392
6474,akdmia; helge17,akdmia,2,4,933,3230
6476,akdmia,akdmia,1,1,933,933
6478,akdmia,akdmia,1,1,933,933
6479,akdmia,akdmia,1,1,933,933
6480,akdmia,akdmia,1,1,933,933
6482,akdmia,akdmia,1,2,933,1048
6483,akdmia,akdmia,1,2,933,1048
6484,akdmia; helge17,akdmia,2,5,933,3230
6485,akdmia; helge17,akdmia,2,5,933,3230
6486,akdmia; helge17,akdmia,2,5,933,3230
6487,akdmia,akdmia,1,2,940,1119
6488,akdmia,akdmia,1,3,1105,1161
6494,akdmia,akdmia,1,5,1105,1227
6495,akdmia,akdmia,1,1,1131,1131
6496,akdmia; guiv42; helge17,guiv42,3,6,1613,2481
6498,akdmia,akdmia,1,2,1121,1161
6504,akdmia,akdmia,1,2,1112,1118
6507,akdmia,akdmia,1,1,943,943
6508,akdmia,akdmia,1,3,1111,1175
6509,akdmia,akdmia,1,3,1111,1175
6510,akdmia,akdmia,1,3,943,1112
6512,akdmia,akdmia,1,3,943,1112
6513,akdmia,akdmia,1,1,1070,1070
6514,akdmia,akdmia,1,1,1105,1105
6515,akdmia,akdmia,1,1,1105,1105
6517,akdmia,akdmia,1,2,1111,1112
6518,guiv42,guiv42,1,3,2622,2667
6519,guiv42,guiv42,1,1,2666,2666
6520,akdmia; guiv42; helge17,guiv42,3,17,953,2175
6521,akdmia,akdmia,1,2,1112,1166
6522,akdmia,akdmia,1,2,1112,1163
6523,akdmia,akdmia,1,2,953,1148
6524,akdmia,akdmia,1,1,1112,1112
6525,akdmia,akdmia,1,1,1112,1112
6526,akdmia,akdmia,1,2,953,1112
6527,akdmia,akdmia,1,2,953,1112
6533,akdmia,akdmia,1,4,1105,1171
6655,akdmia; helge17,akdmia,2,2,1652,3230
6656,akdmia; helge17,akdmia,2,2,1652,3230
6722,akdmia,akdmia,1,5,1147,1202
6767,akdmia,akdmia,1,2,1165,1613
6773,Makoha; Xavier; akdmia; guiv42; helge17,akdmia,5,12,1386,3230
6777,Xavier; akdmia; guiv42; helge17,akdmia,4,14,1045,3230
6780,akdmia,akdmia,1,2,1386,1610
6818,akdmia,akdmia,1,1,1726,1726
6826,akdmia; guiv42; helge17,akdmia,3,3,1726,3230
6830,akdmia,akdmia,1,1,1726,1726
6856,akdmia; guiv42; helge17,guiv42,3,20,1162,3241
6861,akdmia,akdmia,1,6,1161,1967
6863,Makoha; Xavier; akdmia; guiv42; helge17,guiv42,5,34,1165,3241
6894,akdmia; guiv42; helge17,guiv42,3,7,1162,3241
6956,akdmia,akdmia,1,1,968,968
6957,akdmia,akdmia,1,1,1062,1062
6960,akdmia; guiv42; helge17,guiv42,3,4,1062,2289
6968,akdmia,akdmia,1,2,968,1342
6971,akdmia,akdmia,1,1,968,968
6972,akdmia,akdmia,1,1,968,968
6978,akdmia,akdmia,1,1,1048,1048
6982,akdmia,akdmia,1,1,1635,1635
6990,akdmia,akdmia,1,1,1762,1762
6992,akdmia,akdmia,1,1,968,968
6993,helge17,helge17,1,1,3230,3230
6994,akdmia; helge17,akdmia,2,2,1400,3230
6995,akdmia; helge17,akdmia,2,2,968,3230
6999,akdmia,akdmia,1,1,968,968
7004,akdmia,akdmia,1,1,969,969
7005,akdmia,akdmia,1,1,1138,1138
7006,akdmia,akdmia,1,2,1138,1171
7009,akdmia,akdmia,1,1,1138,1138
7010,akdmia,akdmia,1,1,1138,1138
7011,akdmia,akdmia,1,1,1138,1138
7012,akdmia,akdmia,1,1,1138,1138
7013,akdmia,akdmia,1,1,1138,1138
7014,akdmia,akdmia,1,1,1328,1328
7015,akdmia,akdmia,1,1,1328,1328
7016,akdmia,akdmia,1,1,1328,1328
7017,akdmia,akdmia,1,1,1328,1328
7018,akdmia,akdmia,1,1,1328,1328
7019,akdmia,akdmia,1,1,1131,1131
7021,akdmia,akdmia,1,1,1131,1131
7022,akdmia,akdmia,1,1,1131,1131
7024,akdmia; guiv42,guiv42,2,4,1246,2675
7025,akdmia,akdmia,1,1,1165,1165
7026,akdmia; guiv42,akdmia,2,4,1111,2674
7027,akdmia,akdmia,1,3,1111,1245
7028,akdmia,akdmia,1,3,1131,1165
7029,akdmia; guiv42,akdmia,2,7,1131,2675
7030,akdmia,akdmia,1,3,1131,1246
7032,akdmia,akdmia,1,1,1429,1429
7033,akdmia,akdmia,1,1,1111,1111
7034,akdmia,akdmia,1,1,972,972
7035,akdmia,akdmia,1,1,1112,1112
7038,akdmia; helge17,akdmia,2,3,1111,3230
7040,akdmia,akdmia,1,1,1249,1249
7041,akdmia,akdmia,1,1,1249,1249
7042,akdmia,akdmia,1,1,1429,1429
7043,akdmia,akdmia,1,1,974,974
7044,akdmia,akdmia,1,1,1245,1245
7048,akdmia,akdmia,1,1,1111,1111
7049,akdmia,akdmia,1,1,1245,1245
7050,akdmia,akdmia,1,1,1245,1245
7051,akdmia,akdmia,1,3,1111,1245
7052,akdmia,akdmia,1,3,1111,1245
7054,akdmia,akdmia,1,2,1111,1167
7055,akdmia,akdmia,1,2,1117,1131
7056,akdmia,akdmia,1,2,1117,1131
7059,akdmia,akdmia,1,2,1117,1131
7060,akdmia,akdmia,1,2,1117,1131
7063,akdmia; guiv42; helge17,akdmia,3,5,1008,2946
7064,akdmia; guiv42,akdmia,2,3,1008,2945
7065,akdmia,akdmia,1,2,1008,1105
7066,Grzegorz Pruchniakowski; akdmia; guiv42; helge17,akdmia,4,6,1008,2946
7068,akdmia; guiv42; helge17,akdmia,3,5,1008,2946
7069,akdmia; guiv42; helge17,guiv42,3,4,1105,2946
7099,akdmia,akdmia,1,1,1124,1124
7100,akdmia,akdmia,1,1,1124,1124
7101,akdmia,akdmia,1,1,1124,1124
7102,akdmia,akdmia,1,1,1124,1124
7108,akdmia,akdmia,1,1,1167,1167
7109,akdmia,akdmia,1,1,1167,1167
7111,Makoha; Xavier; akdmia; guiv42; helge17,akdmia,5,14,1045,3230
7112,akdmia,akdmia,1,4,1124,1610
7116,akdmia,akdmia,1,4,1057,1619
7118,akdmia,akdmia,1,2,1112,1429
7119,akdmia,akdmia,1,2,1057,1619
7120,akdmia,akdmia,1,1,1167,1167
7121,akdmia,akdmia,1,3,1057,1619
7122,akdmia,akdmia,1,1,1167,1167
7124,akdmia,akdmia,1,3,1048,1386
7126,akdmia,akdmia,1,2,1057,1619
7129,akdmia,akdmia,1,2,1048,1726
7130,akdmia,akdmia,1,2,1057,1167
7131,akdmia,akdmia,1,3,1057,1619
7132,akdmia,akdmia,1,2,1057,1167
7133,akdmia,akdmia,1,3,1057,1619
7134,akdmia,akdmia,1,2,1048,1071
7135,akdmia,akdmia,1,2,1048,1071
7136,akdmia,akdmia,1,1,1048,1048
7137,akdmia,akdmia,1,1,1167,1167
7138,helge17,helge17,1,1,2671,2671
7152,akdmia; helge17,akdmia,2,4,1049,3230
7178,akdmia,akdmia,1,2,1057,1182
7179,akdmia,akdmia,1,2,1105,1175
7180,guiv42,guiv42,1,1,2281,2281
7182,guiv42; helge17,helge17,2,2,2280,2281
7184,akdmia,akdmia,1,2,1083,1134
7185,akdmia,akdmia,1,1,1429,1429
7186,akdmia,akdmia,1,1,1245,1245
7187,akdmia,akdmia,1,2,1134,1245
7188,akdmia,akdmia,1,1,1429,1429
7189,akdmia,akdmia,1,1,1429,1429
7190,akdmia,akdmia,1,1,1429,1429
7191,akdmia,akdmia,1,2,1112,1429
7192,akdmia; guiv42,akdmia,2,5,1111,2107
7193,helge17,helge17,1,1,3230,3230
7196,akdmia,akdmia,1,2,1083,1167
7197,akdmia,akdmia,1,1,1081,1081
7198,akdmia,akdmia,1,1,1083,1083
7201,akdmia,akdmia,1,1,1084,1084
7202,akdmia,akdmia,1,2,1081,1167
7203,akdmia,akdmia,1,2,1083,1167
7204,akdmia,akdmia,1,1,1118,1118
7207,akdmia; helge17,akdmia,2,3,1083,3230
7208,akdmia; helge17,akdmia,2,3,1083,3230
7209,akdmia,akdmia,1,1,1245,1245
7210,akdmia,akdmia,1,1,1119,1119
7211,akdmia,akdmia,1,2,1081,1167
7212,akdmia,akdmia,1,2,1081,1167
7213,akdmia,akdmia,1,2,1083,1245
7214,akdmia,akdmia,1,1,1134,1134
7215,akdmia,akdmia,1,3,1138,1816
7217,akdmia; guiv; guiv42; helge17,guiv42,4,27,1171,3230
7218,akdmia,akdmia,1,2,1137,1249
7219,akdmia,akdmia,1,2,1127,1816
7221,akdmia,akdmia,1,1,1166,1166
7222,akdmia,akdmia,1,1,1166,1166
7223,akdmia,akdmia,1,7,1105,1617
7226,akdmia,akdmia,1,2,1585,1786
7227,akdmia,akdmia,1,1,1786,1786
7228,akdmia,akdmia,1,3,1175,1786
7229,akdmia,akdmia,1,3,1212,1786
7230,akdmia,akdmia,1,1,1786,1786
7231,akdmia; guiv42,akdmia,2,5,1338,2454
7233,akdmia,akdmia,1,1,1105,1105
7240,akdmia,akdmia,1,1,1175,1175
7245,helge17,helge17,1,1,3230,3230
7249,akdmia,akdmia,1,1,1138,1138
7250,akdmia; helge17,akdmia,2,2,1245,3230
7251,akdmia,akdmia,1,2,1124,1245
7252,akdmia,akdmia,1,2,1124,1245
7254,akdmia; guiv42,guiv42,2,9,1117,3175
7255,akdmia; guiv42,guiv42,2,9,1117,3175
7256,akdmia; guiv42,akdmia,2,5,1117,3239
7257,akdmia,akdmia,1,3,1171,1224
7258,akdmia,akdmia,1,1,1726,1726
7260,akdmia; helge17,akdmia,2,2,1245,3230
7261,akdmia; helge17,akdmia,2,2,1245,3230
7262,akdmia,akdmia,1,1,1118,1118
7263,akdmia,akdmia,1,1,1118,1118
7264,akdmia,akdmia,1,3,1429,1762
7267,akdmia,akdmia,1,1,1127,1127
7268,akdmia,akdmia,1,2,1119,1127
7269,akdmia,akdmia,1,1,1122,1122
7270,akdmia,akdmia,1,1,1122,1122
7273,akdmia; helge17,akdmia,2,2,1123,3230
7274,akdmia,akdmia,1,1,1167,1167
7275,akdmia,akdmia,1,1,1245,1245
7276,akdmia,akdmia,1,1,1335,1335
7277,akdmia,akdmia,1,2,1126,1128
7278,akdmia,akdmia,1,3,1127,1137
7279,akdmia,akdmia,1,2,1127,1137
7280,akdmia,akdmia,1,1,1127,1127
7281,akdmia,akdmia,1,1,1127,1127
7282,akdmia,akdmia,1,1,1127,1127
7283,akdmia,akdmia,1,2,1128,1175
7285,akdmia,akdmia,1,1,1128,1128
7288,akdmia,akdmia,1,2,1131,1171
7289,akdmia,akdmia,1,3,1131,1585
7290,akdmia,akdmia,1,3,1138,1816
7291,akdmia,akdmia,1,2,1131,1171
7293,akdmia,akdmia,1,1,1585,1585
7294,akdmia,akdmia,1,2,1137,1166
7295,akdmia; guiv42; helge17,akdmia,3,10,1137,2775
7296,guiv42,guiv42,1,1,2216,2216
7297,Makoha,Makoha,1,2,2709,2712
7298,akdmia,akdmia,1,1,1138,1138
7299,akdmia,akdmia,1,1,1171,1171
7302,akdmia,akdmia,1,1,1145,1145
7306,Makoha; akdmia; guiv42,Makoha,3,9,1429,2779
7307,akdmia; guiv; guiv42; helge17,guiv42,4,25,1147,3212
7308,akdmia; guiv; guiv42; helge17,guiv42,4,24,1171,3212
7309,akdmia,akdmia,1,3,1147,1281
7311,akdmia,akdmia,1,4,1148,1200
7313,akdmia,akdmia,1,1,1156,1156
7314,akdmia; helge17,akdmia,2,2,1157,3230
7315,akdmia,akdmia,1,1,1158,1158
7316,Grzegorz Pruchniakowski; akdmia; guiv42; helge17,guiv42,4,12,1162,3204
7320,akdmia,akdmia,1,1,1579,1579
7322,helge17,helge17,1,1,3230,3230
7323,helge17,helge17,1,1,3230,3230
7324,helge17,helge17,1,1,3230,3230
7331,helge17,helge17,1,1,3230,3230
7332,helge17,helge17,1,1,3230,3230
7333,helge17,helge17,1,1,3230,3230
7337,helge17,helge17,1,1,3230,3230
7338,helge17,helge17,1,1,3230,3230
7339,helge17,helge17,1,1,3230,3230
7340,helge17,helge17,1,1,3230,3230
7341,helge17,helge17,1,1,3230,3230
7343,helge17,helge17,1,1,3230,3230
7344,helge17,helge17,1,1,3230,3230
7345,akdmia,akdmia,1,1,1429,1429
7346,akdmia,akdmia,1,1,1429,1429
7347,helge17,helge17,1,1,3230,3230
7349,helge17,helge17,1,1,3230,3230
7352,akdmia,akdmia,1,1,1234,1234
7353,helge17,helge17,1,1,3230,3230
7354,helge17,helge17,1,1,3230,3230
7355,akdmia,akdmia,1,1,1259,1259
7356,akdmia,akdmia,1,1,1429,1429
7357,akdmia,akdmia,1,1,1429,1429
7358,akdmia,akdmia,1,1,1429,1429
7365,akdmia; guiv42,guiv42,2,3,1638,2667
7366,akdmia; guiv42,guiv42,2,4,1638,2667
7367,akdmia,akdmia,1,1,1227,1227
7368,akdmia,akdmia,1,1,1227,1227
7369,akdmia,akdmia,1,1,1429,1429
7370,akdmia,akdmia,1,1,1429,1429
7371,akdmia; helge17,akdmia,2,2,1429,3230
7372,akdmia,akdmia,1,1,1429,1429
7373,akdmia,akdmia,1,1,1429,1429
7374,akdmia,akdmia,1,1,1429,1429
7375,akdmia,akdmia,1,1,1429,1429
7376,akdmia,akdmia,1,1,1429,1429
7377,akdmia,akdmia,1,1,1429,1429
7378,akdmia,akdmia,1,1,1429,1429
7379,akdmia,akdmia,1,1,1429,1429
7380,akdmia,akdmia,1,1,1429,1429
7381,akdmia,akdmia,1,1,1429,1429
7382,akdmia,akdmia,1,1,1429,1429
7383,akdmia,akdmia,1,1,1429,1429
7384,akdmia,akdmia,1,1,1429,1429
7385,akdmia,akdmia,1,1,1429,1429
7386,akdmia,akdmia,1,1,1429,1429
7387,akdmia,akdmia,1,1,1429,1429
7388,akdmia,akdmia,1,1,1429,1429
7389,akdmia,akdmia,1,1,1429,1429
7390,akdmia,akdmia,1,1,1429,1429
7391,akdmia,akdmia,1,1,1429,1429
7392,akdmia,akdmia,1,1,1429,1429
7393,akdmia,akdmia,1,1,1429,1429
7394,akdmia,akdmia,1,1,1429,1429
7395,akdmia,akdmia,1,1,1429,1429
7396,akdmia,akdmia,1,1,1429,1429
7402,akdmia,akdmia,1,4,1234,1657
7403,akdmia,akdmia,1,2,1227,1429
7404,akdmia,akdmia,1,2,1227,1429
7405,akdmia,akdmia,1,1,1227,1227
7408,akdmia,akdmia,1,1,1227,1227
7410,helge17,helge17,1,1,3230,3230
7411,helge17,helge17,1,1,3230,3230
7412,helge17,helge17,1,1,3230,3230
7419,helge17,helge17,1,1,3230,3230
7421,helge17,helge17,1,1,3230,3230
7422,helge17,helge17,1,1,3230,3230
7423,helge17,helge17,1,1,3230,3230
7424,helge17,helge17,1,1,3230,3230
7425,helge17,helge17,1,1,3230,3230
7426,helge17,helge17,1,1,3230,3230
7427,helge17,helge17,1,1,3230,3230
7428,helge17,helge17,1,1,3230,3230
7429,Trung (Daniel) An; ffio1; guiv42; helge17; m5ls7h,guiv42,5,16,3113,3230
7431,helge17,helge17,1,1,3230,3230
7432,helge17,helge17,1,1,3230,3230
7433,helge17,helge17,1,1,3230,3230
7434,helge17,helge17,1,1,3230,3230
7435,helge17,helge17,1,1,3230,3230
7436,helge17,helge17,1,1,3230,3230
7437,guiv42; helge17,guiv42,2,4,2297,3230
7438,guiv42; helge17,guiv42,2,4,2297,3230
7439,helge17,helge17,1,1,3230,3230
7440,helge17,helge17,1,1,3230,3230
7441,helge17,helge17,1,1,3230,3230
7442,helge17,helge17,1,1,3230,3230
7443,helge17,helge17,1,1,3230,3230
7444,helge17,helge17,1,1,3230,3230
7445,helge17,helge17,1,1,3230,3230
7446,Makoha; Xavier; guiv42; helge17,guiv42,4,8,2277,2713
7447,guiv42; helge17,guiv42,2,5,2277,2666
7448,guiv42,guiv42,1,2,2287,2666
7449,guiv42; helge17,guiv42,2,5,2277,2666
7450,guiv42; helge17,guiv42,2,5,2277,2666
7451,guiv42; helge17,guiv42,2,5,2277,2666
7452,guiv42; helge17,guiv42,2,7,2277,2667
7453,Makoha; Xavier; guiv42; helge17,guiv42,4,8,2277,2713
7454,guiv42; helge17,guiv42,2,5,2277,2666
7455,guiv42; helge17,guiv42,2,5,2277,2666
7456,guiv42; helge17,guiv42,2,7,2277,2667
7457,guiv42; helge17,guiv42,2,5,2277,2666
7458,Makoha; Xavier; guiv42; helge17,guiv42,4,8,2277,2713
7459,guiv42; helge17,guiv42,2,3,2283,3230
7460,helge17,helge17,1,2,2280,3230
7461,guiv42,guiv42,1,1,2284,2284
7462,guiv42; helge17,guiv42,2,2,2286,3230
7463,guiv42; helge17,guiv42,2,2,2285,3230
7464,guiv42; helge17,guiv42,2,2,2282,3230
7465,akdmia,akdmia,1,1,1260,1260
7467,helge17,helge17,1,1,3230,3230
7468,helge17,helge17,1,1,3230,3230
7469,guiv42,guiv42,1,1,2222,2222
7470,guiv42,guiv42,1,1,2222,2222
7473,helge17,helge17,1,1,3230,3230
7474,guiv42; helge17,guiv42,2,10,3037,3230
7483,helge17,helge17,1,1,3230,3230
7484,helge17,helge17,1,1,3230,3230
7485,helge17,helge17,1,1,3230,3230
7486,helge17,helge17,1,1,3230,3230
7489,akdmia,akdmia,1,1,1429,1429
7490,akdmia,akdmia,1,1,1429,1429
7491,akdmia,akdmia,1,1,1429,1429
7492,akdmia,akdmia,1,1,1429,1429
7493,akdmia,akdmia,1,1,1429,1429
7494,akdmia,akdmia,1,1,1429,1429
7495,akdmia; helge17,akdmia,2,2,1429,3230
7496,akdmia,akdmia,1,1,1429,1429
7497,akdmia,akdmia,1,1,1429,1429
7498,akdmia,akdmia,1,1,1429,1429
7499,akdmia,akdmia,1,1,1429,1429
7500,akdmia,akdmia,1,1,1429,1429
7501,akdmia,akdmia,1,1,1429,1429
7502,akdmia,akdmia,1,1,1429,1429
7503,akdmia,akdmia,1,1,1429,1429
7504,akdmia,akdmia,1,1,1429,1429
7505,akdmia,akdmia,1,1,1429,1429
7506,akdmia,akdmia,1,1,1429,1429
7507,akdmia,akdmia,1,1,1429,1429
7508,akdmia,akdmia,1,1,1429,1429
7509,akdmia,akdmia,1,1,1429,1429
7510,akdmia,akdmia,1,1,1429,1429
7511,akdmia,akdmia,1,1,1429,1429
7512,akdmia,akdmia,1,1,1429,1429
7513,akdmia,akdmia,1,1,1429,1429
7514,akdmia,akdmia,1,1,1429,1429
7515,akdmia,akdmia,1,1,1429,1429
7516,akdmia,akdmia,1,1,1429,1429
7517,akdmia,akdmia,1,1,1429,1429
7518,akdmia,akdmia,1,1,1429,1429
7519,akdmia,akdmia,1,1,1429,1429
7520,akdmia,akdmia,1,1,1429,1429
7521,akdmia,akdmia,1,1,1429,1429
7522,akdmia,akdmia,1,1,1429,1429
7523,akdmia,akdmia,1,1,1429,1429
7524,akdmia,akdmia,1,1,1429,1429
7525,akdmia,akdmia,1,1,1429,1429
7526,akdmia,akdmia,1,1,1429,1429
7527,akdmia,akdmia,1,1,1429,1429
7528,akdmia,akdmia,1,1,1429,1429
7529,akdmia,akdmia,1,1,1429,1429
7530,akdmia,akdmia,1,1,1429,1429
7531,akdmia,akdmia,1,1,1429,1429
7532,akdmia,akdmia,1,1,1429,1429
7533,akdmia,akdmia,1,1,1429,1429
7534,akdmia; helge17,akdmia,2,2,1429,3230
7535,akdmia; helge17,akdmia,2,2,1429,3230
7536,akdmia; helge17,akdmia,2,2,1429,3230
7537,helge17,helge17,1,1,3230,3230
7538,helge17,helge17,1,1,3230,3230
7539,helge17,helge17,1,1,3230,3230
7540,akdmia,akdmia,1,1,1429,1429
7541,akdmia,akdmia,1,1,1429,1429
7547,akdmia,akdmia,1,1,1242,1242
7548,akdmia,akdmia,1,1,1242,1242
7549,helge17,helge17,1,1,3230,3230
7550,helge17,helge17,1,1,3230,3230
7551,akdmia,akdmia,1,1,1242,1242
7552,helge17,helge17,1,1,3230,3230
7553,helge17,helge17,1,1,3230,3230
7554,akdmia; helge17,akdmia,2,2,1242,3230
7555,akdmia; helge17,akdmia,2,2,1242,3230
7556,helge17,helge17,1,1,3230,3230
7557,helge17,helge17,1,1,3230,3230
7562,akdmia,akdmia,1,3,1186,1232
7564,akdmia,akdmia,1,1,1182,1182
7569,akdmia,akdmia,1,1,1410,1410
7572,akdmia,akdmia,1,1,1788,1788
7573,akdmia,akdmia,1,2,1429,1788
7575,akdmia; guiv42; helge17,guiv42,3,12,1429,2969
7576,akdmia,akdmia,1,1,1429,1429
7578,akdmia,akdmia,1,1,1429,1429
7579,guiv42; helge17,guiv42,2,12,2930,2969
7580,akdmia,akdmia,1,1,1429,1429
7581,akdmia,akdmia,1,1,1429,1429
7582,akdmia,akdmia,1,3,1429,1587
7583,akdmia,akdmia,1,1,1429,1429
7584,akdmia; guiv42,akdmia,2,3,1429,2436
7585,akdmia,akdmia,1,3,1429,1470
7588,akdmia,akdmia,1,1,1429,1429
7589,akdmia,akdmia,1,2,1429,1470
7594,akdmia; guiv42,guiv42,2,6,1383,2775
7595,akdmia,akdmia,1,2,1429,1470
7596,akdmia,akdmia,1,1,1384,1384
7597,akdmia,akdmia,1,1,1383,1383
7607,akdmia,akdmia,1,1,1429,1429
7608,akdmia,akdmia,1,1,1429,1429
7609,akdmia,akdmia,1,1,1436,1436
7610,akdmia; guiv42; helge17,guiv42,3,12,1429,2969
7612,helge17,helge17,1,1,3230,3230
7613,akdmia,akdmia,1,1,1429,1429
7614,akdmia,akdmia,1,1,1429,1429
7616,akdmia; helge17,akdmia,2,2,1429,3230
7617,akdmia,akdmia,1,1,1505,1505
7618,akdmia,akdmia,1,2,1429,1469
7621,akdmia,akdmia,1,1,1429,1429
7622,akdmia; guiv42; helge17,guiv42,3,10,1429,2969
7623,helge17,helge17,1,1,3230,3230
7626,akdmia,akdmia,1,1,1429,1429
7629,akdmia,akdmia,1,1,1429,1429
7631,akdmia,akdmia,1,4,1232,1675
7632,akdmia; guiv42; helge17,guiv42,3,8,1429,3230
7633,helge17,helge17,1,1,3230,3230
7639,akdmia; guiv42; helge17,akdmia,3,6,1243,2683
7640,guiv42; helge17,guiv42,2,9,2937,2969
7645,akdmia,akdmia,1,2,1429,1829
7646,akdmia,akdmia,1,1,1429,1429
7648,akdmia; helge17,akdmia,2,2,1429,3230
7649,helge17,helge17,1,1,3230,3230
7660,akdmia,akdmia,1,1,1429,1429
7665,akdmia,akdmia,1,1,1429,1429
7685,helge17,helge17,1,1,3230,3230
7690,akdmia,akdmia,1,2,1242,1429
7699,akdmia,akdmia,1,2,1243,1429
7724,akdmia,akdmia,1,1,1429,1429
7729,akdmia,akdmia,1,1,1243,1243
7733,akdmia,akdmia,1,1,1383,1383
7739,akdmia,akdmia,1,1,1193,1193
7740,akdmia,akdmia,1,2,1182,1384
7741,akdmia,akdmia,1,5,1182,1538
7743,akdmia,akdmia,1,1,1182,1182
7744,akdmia,akdmia,1,1,1182,1182
7745,akdmia; guiv42,akdmia,2,4,1182,2382
7746,akdmia,akdmia,1,1,1182,1182
7747,akdmia; guiv42,akdmia,2,3,1182,2436
7748,akdmia,akdmia,1,1,1182,1182
7755,akdmia,akdmia,1,1,1803,1803
7763,akdmia; ffio1; guiv42; helge17,guiv42,4,12,1429,3175
7768,akdmia,akdmia,1,2,1429,1616
7770,helge17,helge17,1,1,3230,3230
7773,akdmia,akdmia,1,2,1243,1245
7774,akdmia,akdmia,1,2,1243,1245
7775,akdmia,akdmia,1,1,1245,1245
7776,akdmia; guiv42; helge17,akdmia,3,5,1245,2683
7781,helge17,helge17,1,1,3230,3230
7782,helge17,helge17,1,1,3230,3230
7783,helge17,helge17,1,1,3230,3230
7784,helge17,helge17,1,1,3230,3230
7785,helge17,helge17,1,1,3230,3230
7786,helge17,helge17,1,1,3230,3230
7787,helge17,helge17,1,1,3230,3230
7788,helge17,helge17,1,1,3230,3230
7789,helge17,helge17,1,1,3230,3230
7790,helge17,helge17,1,1,3230,3230
7791,helge17,helge17,1,1,3230,3230
7792,helge17,helge17,1,1,3230,3230
7793,guiv42; helge17,guiv42,2,14,2133,2382
7794,guiv42; helge17,guiv42,2,14,2133,2382
7795,guiv42; helge17,guiv42,2,14,2133,2382
7796,guiv42; helge17,guiv42,2,15,2133,3230
7799,guiv42,guiv42,1,3,2643,2667
7800,guiv42,guiv42,1,3,2643,2667
7803,akdmia,akdmia,1,1,1786,1786
7805,akdmia; guiv42; helge17,guiv42,3,7,1429,2969
7806,akdmia,akdmia,1,1,1182,1182
7808,akdmia,akdmia,1,1,1429,1429
7809,helge17,helge17,1,1,2280,2280
7810,Makoha; Xavier,Xavier,2,2,2703,2712
7814,akdmia,akdmia,1,1,1640,1640
7817,akdmia,akdmia,1,1,1640,1640
7819,akdmia,akdmia,1,1,1640,1640
7820,guiv42,guiv42,1,1,2328,2328
7821,akdmia,akdmia,1,1,1640,1640
7823,akdmia,akdmia,1,1,1640,1640
7824,akdmia,akdmia,1,1,1640,1640
7825,akdmia; helge17,akdmia,2,2,1429,3230
7826,akdmia; guiv42,akdmia,2,3,1429,2196
7827,akdmia; guiv42,akdmia,2,3,1429,2862
7828,akdmia; guiv42,akdmia,2,3,1429,2862
7829,akdmia,akdmia,1,1,1429,1429
7831,guiv42,guiv42,1,7,2125,2174
7832,akdmia,akdmia,1,1,1182,1182
7833,guiv42,guiv42,1,6,2123,2153
7835,akdmia,akdmia,1,1,1429,1429
7836,akdmia,akdmia,1,1,1429,1429
7837,akdmia,akdmia,1,1,1429,1429
7839,akdmia,akdmia,1,1,1429,1429
7840,akdmia,akdmia,1,1,1429,1429
7841,akdmia; guiv42; helge17,akdmia,3,6,1243,2683
7843,akdmia,akdmia,1,2,1384,1429
7844,akdmia,akdmia,1,2,1384,1429
7845,Makoha; Xavier; akdmia; guiv42; helge17,akdmia,5,9,1337,2712
7846,akdmia,akdmia,1,1,1221,1221
7847,akdmia,akdmia,1,2,1384,1429
7848,akdmia,akdmia,1,1,1429,1429
7849,akdmia; guiv42; helge17,akdmia,3,7,1227,2400
7850,akdmia; guiv42; helge17,akdmia,3,8,1227,2400
7851,akdmia; guiv42; helge17,akdmia,3,8,1227,2400
7852,akdmia,akdmia,1,3,1227,1429
7853,akdmia,akdmia,1,3,1227,1429
7856,akdmia,akdmia,1,1,1429,1429
7857,akdmia,akdmia,1,1,1429,1429
7858,akdmia; guiv42,guiv42,2,4,1429,2667
7859,guiv42; helge17,guiv42,2,9,2937,2969
7860,akdmia; guiv42; helge17,guiv42,3,11,1429,3230
7861,akdmia; helge17,akdmia,2,2,1429,3230
7862,akdmia; guiv42; helge17,guiv42,3,10,1429,2969
7863,akdmia,akdmia,1,1,1429,1429
7873,ffio1; guiv42,guiv42,2,4,3134,3174
7874,ffio1; guiv42,guiv42,2,4,3134,3174
7875,akdmia; helge17,akdmia,2,3,1429,3230
7876,akdmia; helge17,akdmia,2,3,1429,3230
7877,helge17,helge17,1,1,3230,3230
7878,helge17,helge17,1,1,3230,3230
7879,helge17,helge17,1,1,3230,3230
7880,helge17,helge17,1,1,3230,3230
7881,helge17,helge17,1,1,3230,3230
7882,akdmia,akdmia,1,1,1242,1242
7883,akdmia,akdmia,1,1,1242,1242
7884,akdmia,akdmia,1,2,1384,1786
7885,akdmia; guiv42,akdmia,2,4,1429,2436
7886,akdmia,akdmia,1,2,1383,1786
7887,akdmia,akdmia,1,1,1378,1378
7888,akdmia,akdmia,1,2,1383,1786
7889,akdmia,akdmia,1,5,1182,1786
7890,akdmia,akdmia,1,2,1384,1786
7891,akdmia,akdmia,1,1,1786,1786
7892,akdmia,akdmia,1,2,1429,1470
7893,akdmia; guiv42,akdmia,2,7,1383,2193
7895,akdmia; guiv42,akdmia,2,6,1383,2193
7896,akdmia; helge17,akdmia,2,3,1310,3230
7897,akdmia,akdmia,1,3,1310,1786
7902,akdmia,akdmia,1,1,1803,1803
7907,helge17,helge17,1,1,3230,3230
7908,helge17,helge17,1,1,3230,3230
7914,akdmia,akdmia,1,1,1429,1429
7916,akdmia; helge17,akdmia,2,2,1483,3230
7918,akdmia,akdmia,1,1,1245,1245
7919,akdmia,akdmia,1,1,1227,1227
7920,akdmia,akdmia,1,1,1227,1227
7921,akdmia,akdmia,1,1,1227,1227
7929,akdmia,akdmia,1,2,1383,1429
7930,akdmia,akdmia,1,1,1429,1429
7933,akdmia,akdmia,1,1,1436,1436
7934,akdmia,akdmia,1,1,1429,1429
7935,Makoha; Xavier; akdmia; guiv42; helge17,guiv42,5,9,1384,2713
7936,akdmia,akdmia,1,1,1429,1429
7942,guiv42,guiv42,1,1,2192,2192
7944,akdmia; guiv42; helge17,guiv42,3,10,1425,3076
7945,akdmia,akdmia,1,1,1538,1538
7946,akdmia,akdmia,1,2,1429,1617
7951,akdmia,akdmia,1,1,1429,1429
7952,akdmia,akdmia,1,2,1426,1429
7953,akdmia,akdmia,1,2,1426,1429
7957,akdmia,akdmia,1,1,1505,1505
7968,akdmia,akdmia,1,1,1429,1429
7970,akdmia,akdmia,1,3,1386,1817
7971,akdmia,akdmia,1,1,1386,1386
7972,akdmia,akdmia,1,1,1386,1386
7985,akdmia,akdmia,1,1,1429,1429
7986,akdmia,akdmia,1,1,1239,1239
8014,guiv42,guiv42,1,1,2862,2862
8015,akdmia,akdmia,1,2,1429,1788
8016,helge17,helge17,1,1,3230,3230
8017,akdmia,akdmia,1,2,1429,1469
8031,helge17,helge17,1,1,3230,3230
8032,helge17,helge17,1,1,3230,3230
8052,guiv42,guiv42,1,3,2155,2494
8059,akdmia,akdmia,1,1,1389,1389
8063,akdmia; helge17,akdmia,2,2,1410,3230
8064,akdmia,akdmia,1,1,1410,1410
8066,akdmia,akdmia,1,1,1462,1462
8079,helge17,helge17,1,1,3230,3230
8099,akdmia,akdmia,1,2,1383,1429
8100,akdmia,akdmia,1,1,1429,1429
8101,akdmia,akdmia,1,1,1436,1436
8102,akdmia,akdmia,1,1,1220,1220
8116,akdmia,akdmia,1,1,1429,1429
8117,akdmia,akdmia,1,1,1429,1429
8125,akdmia,akdmia,1,1,1429,1429
8126,akdmia,akdmia,1,1,1429,1429
8127,helge17,helge17,1,1,3230,3230
8130,akdmia,akdmia,1,1,1429,1429
8131,akdmia,akdmia,1,1,1429,1429
8162,akdmia,akdmia,1,1,1429,1429
8163,akdmia,akdmia,1,2,1242,1429
8166,akdmia,akdmia,1,1,1243,1243
8167,akdmia,akdmia,1,4,1239,1682
8176,akdmia; guiv42,akdmia,2,4,1332,2216
8189,Makoha; akdmia; guiv42; helge17,Makoha,4,7,1652,3230
8192,akdmia,akdmia,1,1,1829,1829
8194,akdmia,akdmia,1,1,1425,1425
8198,helge17,helge17,1,1,3230,3230
8201,helge17,helge17,1,1,3230,3230
8221,akdmia,akdmia,1,2,1587,1610
8250,Makoha; Xavier; akdmia; guiv42; helge17,akdmia,5,14,1338,2713
8255,akdmia; guiv42,akdmia,2,3,1429,2196
8259,akdmia,akdmia,1,1,1429,1429
8263,akdmia,akdmia,1,2,1429,1652
8264,akdmia,akdmia,1,2,1429,1652
8266,guiv42,guiv42,1,4,2163,2174
8268,akdmia,akdmia,1,1,1429,1429
8281,guiv42,guiv42,1,1,2181,2181
8299,akdmia,akdmia,1,2,1338,1384
8303,Makoha; Xavier; akdmia; guiv42; helge17,guiv42,5,11,1384,2713
8316,akdmia,akdmia,1,2,1429,1455
8317,akdmia,akdmia,1,1,1429,1429
8320,akdmia,akdmia,1,1,1429,1429
8321,akdmia,akdmia,1,2,1429,1455
8344,akdmia; helge17,akdmia,2,2,1788,3230
8345,akdmia; helge17,akdmia,2,2,1788,3230
8346,akdmia,akdmia,1,1,1241,1241
8347,akdmia,akdmia,1,1,1241,1241
8348,akdmia; helge17,akdmia,2,4,1429,3230
8349,akdmia; helge17,akdmia,2,4,1429,3230
8350,akdmia,akdmia,1,2,1429,1788
8351,akdmia,akdmia,1,2,1429,1788
8352,akdmia,akdmia,1,3,1429,1788
8353,akdmia,akdmia,1,3,1429,1788
8354,akdmia; helge17,akdmia,2,4,1429,3230
8355,akdmia,akdmia,1,2,1652,1788
8356,akdmia; helge17,akdmia,2,3,1429,3230
8357,akdmia; helge17,akdmia,2,2,1788,3230
8358,akdmia,akdmia,1,1,1788,1788
8360,akdmia,akdmia,1,2,1429,1788
8361,akdmia,akdmia,1,1,1788,1788
8362,akdmia,akdmia,1,1,1429,1429
8363,akdmia,akdmia,1,1,1788,1788
8364,akdmia,akdmia,1,2,1429,1788
8365,akdmia,akdmia,1,1,1469,1469
8366,akdmia,akdmia,1,2,1429,1788
8367,akdmia; guiv42; helge17,guiv42,3,10,1429,2969
8368,akdmia,akdmia,1,2,1429,1788
8369,akdmia,akdmia,1,1,1429,1429
8370,akdmia,akdmia,1,2,1429,1788
8371,akdmia,akdmia,1,2,1429,1788
8372,akdmia; helge17,akdmia,2,2,1429,3230
8373,akdmia,akdmia,1,2,1429,1788
8374,akdmia,akdmia,1,2,1429,1788
8375,akdmia,akdmia,1,1,1788,1788
8376,akdmia,akdmia,1,1,1788,1788
8377,akdmia,akdmia,1,2,1429,1788
8378,akdmia,akdmia,1,2,1429,1788
8403,akdmia,akdmia,1,2,1538,1571
8406,akdmia,akdmia,1,3,1462,1587
8411,akdmia,akdmia,1,1,1429,1429
8416,akdmia,akdmia,1,2,1429,1619
8424,akdmia; guiv42,guiv42,2,7,1383,2775
8429,akdmia,akdmia,1,2,1383,1429
8450,akdmia,akdmia,1,1,1429,1429
8451,akdmia; helge17,akdmia,2,2,1429,3230
8454,akdmia,akdmia,1,2,1384,1429
8455,akdmia,akdmia,1,1,1383,1383
8481,akdmia,akdmia,1,2,1616,1619
8497,akdmia; guiv42,guiv42,2,7,1383,2775
8498,akdmia; guiv42,akdmia,2,5,1383,2775
8499,akdmia,akdmia,1,2,1384,1429
8500,akdmia,akdmia,1,3,1383,1638
8502,akdmia,akdmia,1,3,1378,1429
8503,akdmia; helge17,akdmia,2,2,1384,3230
8504,akdmia,akdmia,1,2,1182,1786
8505,akdmia,akdmia,1,2,1182,1227
8506,akdmia; helge17,akdmia,2,4,1182,3230
8507,akdmia,akdmia,1,2,1182,1786
8508,akdmia; guiv42,guiv42,2,6,1182,2775
8509,akdmia,akdmia,1,2,1182,1786
8510,guiv42; helge17,guiv42,2,8,2945,2969
8539,helge17,helge17,1,1,3230,3230
8540,helge17,helge17,1,1,3230,3230
8566,akdmia,akdmia,1,1,1429,1429
8575,akdmia,akdmia,1,1,1429,1429
8577,akdmia,akdmia,1,1,1235,1235
8578,akdmia,akdmia,1,1,1235,1235
8582,akdmia; helge17,akdmia,2,3,1429,3230
8583,akdmia; helge17,akdmia,2,3,1429,3230
8624,akdmia; helge17,akdmia,2,3,1451,3230
8696,akdmia,akdmia,1,1,1429,1429
8721,helge17,helge17,1,1,3230,3230
8726,akdmia; guiv42; helge17,guiv42,3,6,1429,3230
8728,guiv42; helge17,guiv42,2,9,2937,2969
8729,akdmia,akdmia,1,1,1429,1429
8730,akdmia,akdmia,1,1,1429,1429
8731,Trung (Daniel) An; Trung An; guiv42; helge17; m5ls7h,guiv42,5,22,2937,3211
8732,Trung (Daniel) An; Trung An; akdmia; guiv42; helge17; m5ls7h,guiv42,6,14,1429,3211
8747,akdmia; guiv42,akdmia,2,8,1429,2967
8748,akdmia; guiv42,guiv42,2,9,1429,2967
8751,Trung (Daniel) An; Trung An; akdmia; guiv42; helge17; m5ls7h,guiv42,6,29,1429,3230
8752,Trung (Daniel) An; Trung An; akdmia; ffio1; guiv42; helge17; m5ls7h,guiv42,7,57,1429,3230
8761,akdmia; guiv42; helge17,guiv42,3,11,1429,3230
8762,akdmia; helge17,akdmia,2,2,1429,3230
8763,akdmia; helge17,akdmia,2,2,1429,3230
8764,akdmia; helge17,akdmia,2,2,1429,3230
8765,akdmia,akdmia,1,1,1429,1429
8772,akdmia; guiv42; helge17,guiv42,3,13,1429,2969
8778,akdmia; guiv42; helge17,guiv42,3,13,1429,2969
8779,akdmia,akdmia,1,1,1429,1429
8780,akdmia; guiv42,guiv42,2,5,1814,2967
8781,akdmia,akdmia,1,1,1814,1814
8785,akdmia; guiv42; helge17,guiv42,3,12,1429,2969
8786,akdmia,akdmia,1,1,1429,1429
8800,akdmia,akdmia,1,1,1429,1429
8801,akdmia; helge17,akdmia,2,2,1429,3230
8810,akdmia; helge17,akdmia,2,2,1429,3230
8819,akdmia; helge17,akdmia,2,4,1220,3230
8820,akdmia,akdmia,1,1,1546,1546
8821,akdmia,akdmia,1,2,1429,1546
8822,akdmia,akdmia,1,1,1546,1546
8823,akdmia,akdmia,1,2,1429,1546
8825,akdmia,akdmia,1,2,1429,1546
8830,akdmia,akdmia,1,1,1220,1220
8831,akdmia,akdmia,1,1,1429,1429
8842,guiv42; helge17,guiv42,2,3,2279,2281
8861,akdmia; guiv42,akdmia,2,4,1239,2392
8874,akdmia,akdmia,1,1,1383,1383
8879,akdmia,akdmia,1,1,1383,1383
8883,akdmia,akdmia,1,2,1383,1429
8896,akdmia,akdmia,1,1,1429,1429
8926,helge17,helge17,1,1,3230,3230
8927,akdmia; helge17,akdmia,2,2,1429,3230
8928,akdmia,akdmia,1,1,1429,1429
8929,akdmia,akdmia,1,1,1429,1429
8937,guiv42,guiv42,1,3,2297,2302
8946,guiv42; helge17,guiv42,2,2,2357,3230
8948,guiv42; helge17,guiv42,2,5,2261,3230
8949,akdmia; guiv42,guiv42,2,5,1429,2331
8950,guiv42; helge17,guiv42,2,2,2357,3230
8954,akdmia; helge17,akdmia,2,3,1429,3230
8955,akdmia; helge17,akdmia,2,2,1652,3230
8956,akdmia,akdmia,1,1,1429,1429
8957,akdmia,akdmia,1,1,1429,1429
8958,akdmia,akdmia,1,1,1429,1429
8972,akdmia,akdmia,1,2,1429,1455
8973,akdmia,akdmia,1,2,1429,1455
8994,akdmia,akdmia,1,1,1429,1429
9041,akdmia; guiv42,guiv42,2,5,1429,2667
9051,akdmia; guiv42; helge17,helge17,3,4,1243,2683
9052,guiv42; helge17,helge17,2,3,2681,2683
9064,akdmia,akdmia,1,3,1241,1638
9065,akdmia; guiv42; helge17,akdmia,3,5,1241,3230
9073,Trung (Daniel) An; Trung An; akdmia; ffio1; guiv42; helge17; m5ls7h,guiv42,7,48,1638,3211
9120,akdmia,akdmia,1,1,1429,1429
9126,akdmia; guiv42,akdmia,2,6,1383,2193
9127,akdmia; guiv42,akdmia,2,6,1383,2193
9132,akdmia; guiv42,akdmia,2,7,1383,2193
9162,akdmia; guiv42,guiv42,2,7,1429,3076
9163,akdmia; guiv42; helge17,guiv42,3,5,1429,3075
9171,akdmia,akdmia,1,2,1429,1788
9172,akdmia,akdmia,1,2,1429,1788
9175,akdmia,akdmia,1,1,1429,1429
9176,akdmia,akdmia,1,1,1429,1429
9185,akdmia,akdmia,1,1,1279,1279
9197,helge17,helge17,1,1,2400,2400
9199,akdmia,akdmia,1,1,1429,1429
9200,akdmia; helge17,akdmia,2,3,1279,2400
9201,helge17,helge17,1,9,2815,2852
9202,Grzegorz Pruchniakowski; Trung (Daniel) An; Trung An; ffio1; guiv42; helge17; m5ls7h,guiv42,7,79,2588,3211
9203,akdmia,akdmia,1,1,1429,1429
9204,akdmia; guiv42,guiv42,2,8,1429,2666
9205,guiv42; helge17,helge17,2,7,2298,2852
9206,akdmia,akdmia,1,1,1429,1429
9207,akdmia,akdmia,1,1,1429,1429
9228,akdmia,akdmia,1,2,1227,1429
9231,akdmia,akdmia,1,1,1429,1429
9232,akdmia,akdmia,1,1,1429,1429
9233,akdmia; guiv42; helge17,akdmia,3,5,1227,2400
9234,akdmia; guiv42; helge17,akdmia,3,5,1227,2400
9235,akdmia,akdmia,1,2,1227,1429
9239,akdmia; guiv42,akdmia,2,4,1227,2217
9296,akdmia,akdmia,1,3,1378,1429
9297,akdmia,akdmia,1,2,1378,1382
9298,akdmia,akdmia,1,2,1378,1429
9299,akdmia,akdmia,1,1,1429,1429
9300,akdmia,akdmia,1,2,1279,1429
9301,akdmia,akdmia,1,1,1429,1429
9303,akdmia,akdmia,1,1,1429,1429
9309,akdmia,akdmia,1,1,1429,1429
9310,akdmia,akdmia,1,2,1426,1429
9311,akdmia,akdmia,1,1,1378,1378
9316,akdmia,akdmia,1,2,1378,1426
9317,akdmia,akdmia,1,2,1378,1426
9318,akdmia,akdmia,1,2,1426,1429
9323,akdmia; helge17,akdmia,2,4,1235,3230
9325,akdmia,akdmia,1,1,1175,1175
9327,akdmia,akdmia,1,1,1429,1429
9328,akdmia,akdmia,1,2,1175,1410
9332,akdmia,akdmia,1,3,1458,1675
9336,akdmia,akdmia,1,2,1182,1429
9338,akdmia; helge17,akdmia,2,2,1175,3230
9339,akdmia,akdmia,1,1,1175,1175
9340,akdmia; helge17,akdmia,2,2,1429,3230
9341,akdmia,akdmia,1,1,1429,1429
9345,akdmia,akdmia,1,2,1429,1538
9346,akdmia; helge17,akdmia,2,3,1429,3230
9347,akdmia,akdmia,1,2,1429,1538
9348,akdmia,akdmia,1,2,1538,1585
9374,akdmia,akdmia,1,1,1175,1175
9375,akdmia,akdmia,1,1,1175,1175
9376,akdmia,akdmia,1,1,1175,1175
9377,akdmia,akdmia,1,1,1175,1175
9378,akdmia,akdmia,1,1,1175,1175
9379,akdmia,akdmia,1,1,1175,1175
9380,akdmia,akdmia,1,1,1598,1598
9381,akdmia,akdmia,1,1,1202,1202
9382,akdmia,akdmia,1,2,1384,1619
9384,akdmia,akdmia,1,1,1182,1182
9392,akdmia,akdmia,1,1,1598,1598
9393,akdmia,akdmia,1,1,1458,1458
9395,akdmia,akdmia,1,3,1458,1675
9400,akdmia,akdmia,1,1,1429,1429
9401,akdmia,akdmia,1,2,1429,1786
9404,akdmia; helge17,akdmia,2,2,1378,3230
9405,akdmia; guiv42,akdmia,2,2,1429,2217
9406,akdmia; helge17,akdmia,2,2,1429,3230
9408,akdmia,akdmia,1,2,1429,1439
9409,akdmia,akdmia,1,2,1429,1439
9410,akdmia,akdmia,1,1,1429,1429
9417,akdmia,akdmia,1,1,1429,1429
9419,akdmia,akdmia,1,1,1786,1786
9425,akdmia; guiv42; helge17,akdmia,3,8,1227,2400
9482,akdmia,akdmia,1,1,1429,1429
9483,akdmia,akdmia,1,3,1227,1429
9484,Trung (Daniel) An; akdmia; ffio1; guiv42; helge17; m5ls7h,guiv42,6,23,1786,3241
9490,akdmia; guiv42,akdmia,2,5,1227,2181
9491,akdmia; helge17,akdmia,2,5,1220,3230
9492,akdmia,akdmia,1,1,1222,1222
9494,akdmia,akdmia,1,1,1652,1652
9496,akdmia; guiv42,guiv42,2,8,1225,2174
9497,akdmia; guiv42; helge17,guiv42,3,18,1225,3075
9498,akdmia,akdmia,1,1,1226,1226
9502,akdmia,akdmia,1,1,1226,1226
9503,akdmia; helge17,akdmia,2,3,1230,3230
9504,akdmia; helge17,akdmia,2,2,1231,3230
9505,helge17,helge17,1,1,3230,3230
9506,akdmia,akdmia,1,1,1429,1429
9507,akdmia,akdmia,1,2,1230,1238
9511,akdmia,akdmia,1,1,1444,1444
9514,akdmia,akdmia,1,3,1230,1425
9515,helge17,helge17,1,1,3230,3230
9517,akdmia,akdmia,1,2,1425,1444
9518,akdmia,akdmia,1,2,1425,1444
9519,helge17,helge17,1,1,3230,3230
9520,akdmia; ffio1; guiv42; helge17,guiv42,4,13,1232,3175
9521,akdmia,akdmia,1,2,1232,1429
9522,akdmia; ffio1; guiv42; helge17,guiv42,4,14,1232,3175
9523,akdmia,akdmia,1,1,1232,1232
9526,akdmia,akdmia,1,2,1429,1789
9527,akdmia,akdmia,1,1,1789,1789
9530,akdmia,akdmia,1,1,1232,1232
9531,akdmia,akdmia,1,1,1429,1429
9532,akdmia,akdmia,1,1,1429,1429
9536,akdmia,akdmia,1,2,1429,1638
9537,akdmia,akdmia,1,1,1410,1410
9539,helge17,helge17,1,1,3230,3230
9540,akdmia,akdmia,1,1,1242,1242
9541,akdmia,akdmia,1,1,1242,1242
9542,akdmia,akdmia,1,1,1324,1324
9544,akdmia,akdmia,1,1,1429,1429
9547,akdmia,akdmia,1,1,1585,1585
9548,akdmia,akdmia,1,2,1585,1679
9549,akdmia,akdmia,1,2,1585,1587
9551,akdmia,akdmia,1,1,1429,1429
9552,akdmia,akdmia,1,1,1585,1585
9555,akdmia,akdmia,1,1,1585,1585
9556,akdmia,akdmia,1,1,1585,1585
9557,akdmia,akdmia,1,2,1585,1587
9558,akdmia,akdmia,1,2,1585,1587
9559,akdmia,akdmia,1,1,1679,1679
9560,akdmia,akdmia,1,1,1585,1585
9561,akdmia,akdmia,1,1,1429,1429
9562,akdmia,akdmia,1,2,1429,1585
9563,akdmia,akdmia,1,1,1243,1243
9565,akdmia; guiv42,akdmia,2,3,1243,2682
9566,akdmia,akdmia,1,1,1245,1245
9567,akdmia,akdmia,1,1,1245,1245
9568,akdmia,akdmia,1,1,1245,1245
9569,akdmia,akdmia,1,1,1245,1245
9570,akdmia,akdmia,1,1,1245,1245
9571,akdmia,akdmia,1,1,1245,1245
9573,akdmia,akdmia,1,1,1246,1246
9574,akdmia,akdmia,1,1,1246,1246
9575,akdmia,akdmia,1,1,1250,1250
9576,guiv42; helge17,helge17,2,2,3060,3075
9583,akdmia,akdmia,1,1,1250,1250
9584,akdmia,akdmia,1,1,1250,1250
9586,helge17,helge17,1,1,3230,3230
9590,guiv42; helge17,guiv42,2,7,2137,3230
9591,helge17,helge17,1,1,3230,3230
9593,akdmia; helge17,akdmia,2,3,1316,3230
9602,akdmia,akdmia,1,1,1257,1257
9603,akdmia,akdmia,1,1,1522,1522
9604,akdmia,akdmia,1,1,1309,1309
9606,akdmia,akdmia,1,1,1311,1311
9609,helge17,helge17,1,1,3230,3230
9610,akdmia,akdmia,1,3,1505,1585
9615,akdmia,akdmia,1,2,1273,1426
9619,akdmia,akdmia,1,1,1739,1739
9621,akdmia,akdmia,1,2,1429,1469
9623,akdmia,akdmia,1,1,1652,1652
9624,akdmia; helge17,akdmia,2,2,1652,3230
9625,akdmia,akdmia,1,1,1652,1652
9626,akdmia; helge17,akdmia,2,2,1652,3230
9627,akdmia,akdmia,1,1,1640,1640
9628,akdmia,akdmia,1,1,1652,1652
9629,akdmia,akdmia,1,1,1309,1309
9631,helge17,helge17,1,1,3230,3230
9632,akdmia; helge17,akdmia,2,4,1273,3230
9635,akdmia,akdmia,1,2,1410,1527
9636,akdmia,akdmia,1,2,1410,1527
9638,akdmia,akdmia,1,1,1737,1737
9640,akdmia,akdmia,1,3,1494,1757
9641,akdmia,akdmia,1,1,1410,1410
9642,akdmia,akdmia,1,1,1494,1494
9643,akdmia,akdmia,1,2,1494,1640
9644,akdmia,akdmia,1,2,1494,1640
9645,akdmia,akdmia,1,2,1273,1314
9647,akdmia,akdmia,1,1,1652,1652
9648,akdmia; helge17,akdmia,2,2,1527,3230
9649,akdmia; helge17,akdmia,2,2,1527,3230
9650,akdmia,akdmia,1,3,1422,1585
9651,akdmia,akdmia,1,1,1575,1575
9653,helge17,helge17,1,1,3230,3230
9654,akdmia,akdmia,1,1,1410,1410
9661,helge17,helge17,1,1,3230,3230
9662,akdmia,akdmia,1,3,1422,1585
9664,akdmia,akdmia,1,2,1257,1742
9665,akdmia; helge17,akdmia,2,2,1309,3230
9666,akdmia,akdmia,1,1,1640,1640
9667,akdmia,akdmia,1,1,1640,1640
9670,akdmia,akdmia,1,2,1579,1585
9672,akdmia,akdmia,1,3,1410,1585
9676,akdmia,akdmia,1,1,1422,1422
9682,akdmia,akdmia,1,1,1648,1648
9684,akdmia,akdmia,1,1,1422,1422
9685,akdmia,akdmia,1,2,1422,1648
9687,akdmia,akdmia,1,3,1309,1742
9688,akdmia,akdmia,1,1,1422,1422
9689,akdmia,akdmia,1,3,1410,1585
9691,akdmia,akdmia,1,1,1652,1652
9692,akdmia,akdmia,1,1,1652,1652
9696,akdmia,akdmia,1,1,1309,1309
9697,akdmia,akdmia,1,1,1648,1648
9698,akdmia,akdmia,1,4,1307,1757
9699,akdmia,akdmia,1,1,1309,1309
9701,akdmia,akdmia,1,1,1640,1640
9703,akdmia,akdmia,1,1,1640,1640
9706,akdmia,akdmia,1,1,1640,1640
9711,akdmia,akdmia,1,1,1640,1640
9712,akdmia,akdmia,1,1,1309,1309
9713,akdmia,akdmia,1,1,1640,1640
9714,akdmia; guiv42; helger,akdmia,3,11,1257,2505
9715,akdmia,akdmia,1,1,1640,1640
9716,akdmia,akdmia,1,1,1522,1522
9717,akdmia,akdmia,1,1,1309,1309
9718,akdmia,akdmia,1,1,1309,1309
9719,helge17,helge17,1,1,3230,3230
9721,akdmia,akdmia,1,1,1309,1309
9722,helge17,helge17,1,1,3230,3230
9723,akdmia,akdmia,1,1,1505,1505
9724,akdmia,akdmia,1,1,1505,1505
9732,guiv42,guiv42,1,6,2137,2174
9733,akdmia,akdmia,1,1,1309,1309
9734,akdmia; helge17,akdmia,2,2,1309,3230
9735,akdmia; helge17,akdmia,2,2,1309,3230
9736,helge17,helge17,1,1,3230,3230
9737,helge17,helge17,1,1,3230,3230
9739,akdmia,akdmia,1,1,1505,1505
9740,akdmia; helge17,akdmia,2,2,1309,3230
9741,akdmia; helge17,akdmia,2,2,1309,3230
9742,akdmia; helge17,akdmia,2,2,1309,3230
9744,akdmia; helge17,akdmia,2,2,1505,3230
9745,akdmia; helge17,akdmia,2,2,1505,3230
9746,helge17,helge17,1,1,3230,3230
9747,akdmia; helge17,akdmia,2,2,1309,3230
9749,helge17,helge17,1,1,3230,3230
9750,helge17,helge17,1,1,3230,3230
9752,akdmia,akdmia,1,1,1803,1803
9753,akdmia,akdmia,1,1,1803,1803
9754,akdmia,akdmia,1,1,1803,1803
9757,akdmia,akdmia,1,1,1505,1505
9758,akdmia,akdmia,1,1,1803,1803
9759,akdmia,akdmia,1,1,1803,1803
9760,akdmia,akdmia,1,1,1803,1803
9763,helge17,helge17,1,1,3230,3230
9764,akdmia,akdmia,1,1,1575,1575
9767,akdmia,akdmia,1,1,1527,1527
9768,akdmia,akdmia,1,3,1258,1483
9769,akdmia,akdmia,1,2,1487,1498
9770,akdmia,akdmia,1,3,1258,1498
9771,akdmia,akdmia,1,1,1386,1386
9772,akdmia,akdmia,1,2,1258,1386
9773,akdmia,akdmia,1,1,1487,1487
9774,akdmia,akdmia,1,1,1487,1487
9778,akdmia; helge17,akdmia,2,2,1385,3230
9781,helge17,helge17,1,1,3230,3230
9782,helge17,helge17,1,1,3230,3230
9785,akdmia,akdmia,1,1,1258,1258
9786,guiv42,guiv42,1,4,2301,2382
9789,akdmia,akdmia,1,2,1257,1398
9790,akdmia,akdmia,1,2,1257,1270
9791,akdmia,akdmia,1,1,1410,1410
9792,akdmia,akdmia,1,2,1257,1270
9793,akdmia,akdmia,1,2,1270,1516
9795,akdmia; guiv42; helge17,guiv42,3,17,1816,3230
9796,akdmia; helge17,akdmia,2,3,1309,2280
9804,akdmia,akdmia,1,1,1410,1410
9806,akdmia,akdmia,1,1,1351,1351
9810,akdmia,akdmia,1,1,1737,1737
9812,akdmia,akdmia,1,1,1737,1737
9813,akdmia,akdmia,1,1,1737,1737
9817,akdmia; helge17,akdmia,2,3,1309,3230
9818,akdmia,akdmia,1,1,1640,1640
9824,akdmia,akdmia,1,1,1640,1640
9827,akdmia,akdmia,1,1,1309,1309
9828,akdmia,akdmia,1,1,1273,1273
9830,akdmia,akdmia,1,1,1385,1385
9841,akdmia,akdmia,1,1,1657,1657
9846,akdmia,akdmia,1,1,1527,1527
9848,akdmia; helge17,akdmia,2,2,1309,3230
9849,akdmia,akdmia,1,1,1640,1640
9851,akdmia,akdmia,1,2,1385,1494
9852,akdmia,akdmia,1,1,1652,1652
9856,Makoha; Xavier; guiv42,guiv42,3,6,2303,2713
9857,akdmia,akdmia,1,1,1257,1257
9859,akdmia,akdmia,1,1,1608,1608
9860,helge17,helge17,1,1,3230,3230
9865,akdmia,akdmia,1,1,1309,1309
9866,akdmia; helge17,akdmia,2,4,1309,3230
9871,akdmia; helge17,akdmia,2,3,1309,3230
9878,helge17,helge17,1,1,3230,3230
9879,helge17,helge17,1,1,3230,3230
9880,akdmia,akdmia,1,1,1309,1309
9881,akdmia,akdmia,1,1,1309,1309
9883,akdmia,akdmia,1,1,1309,1309
9885,akdmia,akdmia,1,1,1273,1273
9886,akdmia,akdmia,1,2,1385,1818
9890,akdmia,akdmia,1,1,1422,1422
9891,akdmia,akdmia,1,1,1742,1742
9896,akdmia,akdmia,1,1,1652,1652
9897,akdmia,akdmia,1,1,1652,1652
9898,akdmia; helge17,akdmia,2,2,1652,3230
9899,akdmia,akdmia,1,1,1652,1652
9908,akdmia,akdmia,1,1,1652,1652
9909,akdmia,akdmia,1,1,1652,1652
9911,akdmia,akdmia,1,3,1510,1585
9914,akdmia,akdmia,1,1,1309,1309
9918,akdmia,akdmia,1,1,1652,1652
9919,akdmia,akdmia,1,1,1652,1652
9920,akdmia,akdmia,1,1,1648,1648
9921,akdmia,akdmia,1,1,1640,1640
9922,akdmia,akdmia,1,1,1640,1640
9924,akdmia,akdmia,1,1,1640,1640
9927,akdmia,akdmia,1,1,1640,1640
9932,akdmia,akdmia,1,2,1410,1527
9936,akdmia,akdmia,1,3,1410,1535
9937,akdmia,akdmia,1,2,1410,1527
9943,akdmia; helge17,akdmia,2,2,1575,3230
9945,akdmia; helge17,akdmia,2,2,1575,3230
9947,akdmia,akdmia,1,1,1259,1259
9949,akdmia,akdmia,1,1,1429,1429
9955,akdmia,akdmia,1,2,1257,1266
9956,akdmia,akdmia,1,2,1257,1266
9957,akdmia,akdmia,1,2,1257,1266
9959,akdmia; helge17,helge17,2,3,1608,3231
9960,akdmia,akdmia,1,1,1608,1608
9961,akdmia,akdmia,1,2,1652,1658
9962,akdmia; helge17,akdmia,2,4,1608,3230
9983,akdmia,akdmia,1,1,1505,1505
9984,akdmia,akdmia,1,1,1505,1505
9985,akdmia; helge17,akdmia,2,2,1385,3230
9986,akdmia; helge17,akdmia,2,3,1385,3230
9987,akdmia; helge17,akdmia,2,2,1385,3230
9988,akdmia; helge17,akdmia,2,2,1385,3230
9989,akdmia; helge17,akdmia,2,2,1385,3230
9990,akdmia,akdmia,1,3,1385,1505
9991,akdmia,akdmia,1,4,1385,1585
9992,akdmia,akdmia,1,2,1385,1640
9993,akdmia,akdmia,1,3,1385,1505
9995,akdmia; helge17,akdmia,2,2,1385,3230
9996,akdmia,akdmia,1,1,1505,1505
9997,akdmia,akdmia,1,1,1640,1640
9998,akdmia,akdmia,1,3,1640,1760
9999,helge17,helge17,1,1,3230,3230
10000,helge17,helge17,1,1,3230,3230
10001,akdmia,akdmia,1,1,1307,1307
10002,akdmia,akdmia,1,1,1307,1307
10003,akdmia,akdmia,1,1,1307,1307
10004,akdmia,akdmia,1,1,1307,1307
10005,akdmia,akdmia,1,3,1307,1739
10006,akdmia,akdmia,1,1,1307,1307
10007,akdmia,akdmia,1,3,1307,1739
10008,akdmia,akdmia,1,3,1307,1739
10009,akdmia,akdmia,1,1,1307,1307
10010,akdmia,akdmia,1,2,1307,1578
10011,akdmia,akdmia,1,1,1307,1307
10012,akdmia,akdmia,1,1,1307,1307
10013,akdmia,akdmia,1,1,1307,1307
10014,akdmia,akdmia,1,1,1307,1307
10015,akdmia,akdmia,1,1,1307,1307
10016,akdmia,akdmia,1,2,1307,1509
10017,akdmia,akdmia,1,2,1307,1640
10018,akdmia,akdmia,1,1,1640,1640
10019,akdmia,akdmia,1,2,1307,1640
10020,akdmia,akdmia,1,1,1640,1640
10021,akdmia; helge17,akdmia,2,4,1385,3230
10022,akdmia; helge17,akdmia,2,4,1385,3230
10023,akdmia,akdmia,1,2,1307,1640
10024,akdmia,akdmia,1,1,1640,1640
10025,akdmia; helge17,akdmia,2,2,1640,3230
10026,akdmia; helge17,akdmia,2,2,1640,3230
10027,akdmia; helge17,akdmia,2,2,1652,3230
10028,akdmia; helge17,akdmia,2,2,1652,3230
10029,helge17,helge17,1,1,3230,3230
10030,helge17,helge17,1,1,3230,3230
10031,helge17,helge17,1,1,3230,3230
10032,helge17,helge17,1,1,3230,3230
10033,akdmia; helge17,akdmia,2,2,1652,3230
10034,akdmia; helge17,akdmia,2,2,1652,3230
10035,akdmia; helge17,akdmia,2,2,1652,3230
10036,akdmia; helge17,akdmia,2,2,1652,3230
10037,akdmia,akdmia,1,1,1652,1652
10038,akdmia,akdmia,1,1,1652,1652
10042,akdmia,akdmia,1,1,1307,1307
10043,akdmia,akdmia,1,2,1640,1760
10044,akdmia,akdmia,1,1,1822,1822
10045,akdmia,akdmia,1,2,1385,1640
10046,akdmia,akdmia,1,2,1385,1640
10047,akdmia,akdmia,1,3,1307,1494
10048,akdmia,akdmia,1,1,1307,1307
10049,akdmia,akdmia,1,3,1307,1494
10050,akdmia,akdmia,1,2,1307,1494
10051,akdmia,akdmia,1,2,1307,1494
10052,akdmia,akdmia,1,2,1307,1385
10053,akdmia,akdmia,1,1,1385,1385
10054,akdmia,akdmia,1,1,1385,1385
10055,akdmia,akdmia,1,1,1385,1385
10056,akdmia,akdmia,1,1,1385,1385
10057,akdmia,akdmia,1,1,1385,1385
10058,akdmia,akdmia,1,1,1385,1385
10059,akdmia,akdmia,1,1,1385,1385
10060,akdmia; helge17,akdmia,2,3,1385,3230
10061,akdmia; helge17,akdmia,2,4,1385,3230
10062,akdmia; helge17,akdmia,2,4,1385,3230
10065,helge17,helge17,1,1,3230,3230
10067,akdmia,akdmia,1,1,1640,1640
10068,akdmia; helge17,akdmia,2,2,1640,3230
10069,akdmia,akdmia,1,1,1640,1640
10070,helge17,helge17,1,1,3230,3230
10071,akdmia,akdmia,1,1,1640,1640
10072,akdmia,akdmia,1,1,1640,1640
10073,akdmia; helge17,akdmia,2,2,1640,3230
10074,akdmia; helge17,akdmia,2,2,1640,3230
10075,akdmia; helge17,akdmia,2,2,1640,3230
10076,akdmia,akdmia,1,1,1640,1640
10080,akdmia; helge17,akdmia,2,4,1385,3230
10081,akdmia; helge17,akdmia,2,4,1385,3230
10082,akdmia; helge17,akdmia,2,2,1640,3230
10083,akdmia; helge17,akdmia,2,2,1640,3230
10084,akdmia; helge17,akdmia,2,2,1640,3230
10085,akdmia; helge17,akdmia,2,2,1640,3230
10086,akdmia; helge17,akdmia,2,2,1640,3230
10087,akdmia; helge17,akdmia,2,2,1640,3230
10088,akdmia,akdmia,1,1,1309,1309
10089,akdmia,akdmia,1,2,1273,1309
10107,akdmia,akdmia,1,1,1255,1255
10109,akdmia,akdmia,1,1,1258,1258
10110,akdmia; guiv42; helge17,akdmia,3,8,1391,2505
10111,akdmia; helge17,akdmia,2,3,1259,3230
10113,akdmia,akdmia,1,1,1526,1526
10115,helge17,helge17,1,1,3230,3230
10117,akdmia; helge17,akdmia,2,2,1257,3230
10118,akdmia,akdmia,1,1,1385,1385
10121,helge17,helge17,1,1,3230,3230
10122,guiv42; helge17,guiv42,2,8,2125,3230
10123,helge17,helge17,1,1,3230,3230
10124,helge17,helge17,1,1,3230,3230
10125,akdmia; helge17,akdmia,2,3,1258,3230
10126,helge17,helge17,1,1,3230,3230
10127,helge17,helge17,1,1,3230,3230
10129,akdmia,akdmia,1,1,1261,1261
10130,akdmia; helge17,akdmia,2,2,1811,3230
10131,akdmia,akdmia,1,1,1505,1505
10133,akdmia,akdmia,1,2,1258,1525
10134,akdmia,akdmia,1,1,1258,1258
10138,akdmia,akdmia,1,1,1261,1261
10139,akdmia,akdmia,1,1,1261,1261
10145,akdmia,akdmia,1,1,1316,1316
10153,akdmia,akdmia,1,2,1309,1652
10154,akdmia,akdmia,1,1,1652,1652
10178,akdmia,akdmia,1,1,1764,1764
10179,akdmia,akdmia,1,1,1760,1760
10184,akdmia,akdmia,1,4,1759,1765
10190,helge17,helge17,1,1,3230,3230
10204,akdmia,akdmia,1,1,1388,1388
10216,akdmia,akdmia,1,1,1388,1388
10220,helge17,helge17,1,1,3230,3230
10235,akdmia,akdmia,1,1,1764,1764
10265,helge17,helge17,1,1,3230,3230
10294,helge17,helge17,1,1,3230,3230
10296,helge17,helge17,1,1,3230,3230
10436,helge17,helge17,1,1,3230,3230
10485,akdmia; guiv42,guiv42,2,7,1726,3175
10486,akdmia,akdmia,1,1,1764,1764
10492,akdmia,akdmia,1,1,1764,1764
10493,akdmia,akdmia,1,1,1764,1764
10494,akdmia,akdmia,1,1,1764,1764
10495,akdmia,akdmia,1,1,1764,1764
10496,akdmia,akdmia,1,1,1764,1764
10497,akdmia,akdmia,1,1,1764,1764
10498,akdmia,akdmia,1,1,1764,1764
10499,akdmia,akdmia,1,1,1764,1764
10500,akdmia,akdmia,1,1,1764,1764
10501,akdmia,akdmia,1,1,1764,1764
10502,akdmia; helge17,akdmia,2,2,1764,3230
10503,akdmia,akdmia,1,1,1764,1764
10504,akdmia,akdmia,1,1,1764,1764
10505,akdmia,akdmia,1,1,1764,1764
10506,akdmia,akdmia,1,1,1764,1764
10508,akdmia,akdmia,1,1,1764,1764
10509,akdmia,akdmia,1,1,1764,1764
10510,akdmia; helge17,akdmia,2,2,1764,3230
10511,akdmia; helge17,akdmia,2,2,1764,3230
10512,akdmia,akdmia,1,1,1764,1764
10514,akdmia,akdmia,1,1,1764,1764
10515,akdmia,akdmia,1,1,1764,1764
10518,akdmia,akdmia,1,1,1764,1764
10520,akdmia,akdmia,1,1,1764,1764
10521,akdmia,akdmia,1,1,1764,1764
10523,akdmia,akdmia,1,1,1764,1764
10524,akdmia,akdmia,1,1,1764,1764
10525,akdmia,akdmia,1,1,1764,1764
10526,akdmia,akdmia,1,1,1764,1764
10527,akdmia,akdmia,1,1,1764,1764
10528,akdmia,akdmia,1,1,1764,1764
10529,akdmia,akdmia,1,1,1764,1764
10530,akdmia,akdmia,1,1,1764,1764
10540,helge17,helge17,1,1,3230,3230
10710,akdmia,akdmia,1,1,1760,1760
10713,akdmia,akdmia,1,1,1388,1388
10714,akdmia,akdmia,1,1,1388,1388
10715,akdmia,akdmia,1,1,1388,1388
10717,helge17,helge17,1,1,3230,3230
10718,akdmia; helge17,akdmia,2,2,1278,3230
10719,akdmia,akdmia,1,1,1385,1385
10724,akdmia,akdmia,1,1,1429,1429
10731,akdmia,akdmia,1,4,1314,1739
10740,akdmia,akdmia,1,2,1385,1739
10744,akdmia,akdmia,1,1,1311,1311
10746,akdmia,akdmia,1,1,1314,1314
10747,akdmia,akdmia,1,2,1313,1314
10751,akdmia; helge17,akdmia,2,2,1314,3230
10752,akdmia,akdmia,1,1,1314,1314
10754,akdmia,akdmia,1,1,1314,1314
10755,akdmia,akdmia,1,1,1610,1610
10757,helge17,helge17,1,1,3230,3230
10762,akdmia,akdmia,1,1,1316,1316
10765,akdmia,akdmia,1,1,1410,1410
10766,akdmia,akdmia,1,1,1532,1532
10767,akdmia,akdmia,1,1,1532,1532
10769,akdmia,akdmia,1,1,1411,1411
10770,akdmia; helge17,akdmia,2,2,1411,3230
10771,akdmia; helge17,akdmia,2,2,1410,3230
10772,akdmia; helge17,akdmia,2,2,1410,3230
10777,akdmia; guiv42,akdmia,2,10,1319,2505
10778,akdmia; guiv42; helger,akdmia,3,11,1487,2505
10779,akdmia,akdmia,1,1,1332,1332
10781,akdmia,akdmia,1,1,1389,1389
10782,akdmia; guiv42,akdmia,2,4,1332,2216
10783,akdmia,akdmia,1,2,1382,1657
10784,akdmia,akdmia,1,1,1336,1336
10786,akdmia; guiv42,akdmia,2,6,1338,2454
10787,akdmia,akdmia,1,1,1342,1342
10788,akdmia,akdmia,1,1,1342,1342
10789,helge17,helge17,1,1,3230,3230
10791,akdmia,akdmia,1,1,1802,1802
10796,helge17,helge17,1,1,3230,3230
10797,helge17,helge17,1,1,3230,3230
10799,akdmia,akdmia,1,1,1802,1802
10800,akdmia,akdmia,1,1,1802,1802
10801,helge17,helge17,1,1,3230,3230
10802,akdmia; helge17,akdmia,2,2,1663,3230
10803,helge17,helge17,1,1,3230,3230
10804,akdmia; helge17,akdmia,2,2,1663,3230
10805,helge17,helge17,1,1,3230,3230
10808,helge17,helge17,1,1,3230,3230
10810,akdmia; helge17,akdmia,2,2,1811,3230
10812,akdmia; helge17,akdmia,2,2,1816,3230
10832,helge17,helge17,1,1,3230,3230
10837,akdmia,akdmia,1,1,1487,1487
10839,akdmia; guiv42; helge17,akdmia,3,8,1386,3230
10840,akdmia,akdmia,1,1,1346,1346
10843,helge17,helge17,1,1,2280,2280
10844,akdmia,akdmia,1,1,1613,1613
10848,akdmia,akdmia,1,1,1351,1351
10849,helge17,helge17,1,1,3230,3230
10860,akdmia,akdmia,1,1,1386,1386
10861,helge17,helge17,1,1,3230,3230
10862,helge17,helge17,1,1,3230,3230
10863,akdmia,akdmia,1,2,1378,1429
10864,akdmia,akdmia,1,1,1378,1378
10865,akdmia,akdmia,1,3,1378,1429
10866,akdmia,akdmia,1,1,1383,1383
10867,Trung (Daniel) An; akdmia; ffio1; guiv42; helge17; m5ls7h,guiv42,6,25,1429,3207
10868,akdmia; guiv42; helge17,akdmia,3,4,1383,3230
10869,akdmia,akdmia,1,1,1384,1384
10870,Makoha; Xavier; akdmia; guiv42; helge17,guiv42,5,11,1384,2712
10871,Makoha; Xavier; akdmia; guiv42; helge17,guiv42,5,15,1384,3230
10872,akdmia; guiv42,akdmia,2,5,1429,2454
10880,akdmia,akdmia,1,1,1818,1818
10883,akdmia,akdmia,1,1,1386,1386
10884,akdmia,akdmia,1,3,1385,1505
10885,akdmia,akdmia,1,3,1386,1829
10886,helge17,helge17,1,1,3230,3230
10888,akdmia,akdmia,1,1,1739,1739
10889,helge17,helge17,1,1,3230,3230
10891,akdmia,akdmia,1,1,1385,1385
10892,akdmia,akdmia,1,1,1385,1385
10893,helge17,helge17,1,1,3230,3230
10894,helge17,helge17,1,1,3230,3230
10895,Makoha; Xavier; akdmia; guiv42; helge17,akdmia,5,11,1610,3230
10896,Makoha; Xavier; akdmia; guiv42; helge17,akdmia,5,11,1610,3230
10897,Makoha; Xavier; akdmia; guiv42; helge17,akdmia,5,11,1610,3230
10898,Makoha; Xavier; akdmia; guiv42; helge17,akdmia,5,11,1610,3230
10899,Makoha; Xavier; akdmia; guiv42; helge17,guiv42,5,15,1386,3230
10900,akdmia; guiv42; helge17,guiv42,3,7,1386,3230
10901,akdmia; guiv42; helge17,akdmia,3,6,1386,3230
10902,akdmia,akdmia,1,2,1386,1726
10904,akdmia,akdmia,1,2,1389,1780
10905,akdmia,akdmia,1,2,1389,1780
10906,akdmia,akdmia,1,8,1487,1817
10908,akdmia; guiv42; helge17,akdmia,3,9,1505,2505
10909,akdmia,akdmia,1,2,1505,1516
10910,akdmia,akdmia,1,1,1505,1505
10912,akdmia; helge17,akdmia,2,3,1406,3230
10913,akdmia,akdmia,1,1,1522,1522
10918,akdmia,akdmia,1,1,1410,1410
10919,helge17,helge17,1,1,3230,3230
10920,akdmia,akdmia,1,1,1411,1411
10922,akdmia,akdmia,1,1,1410,1410
10923,akdmia; helge17,akdmia,2,2,1410,3230
10924,akdmia,akdmia,1,1,1411,1411
10928,akdmia,akdmia,1,1,1410,1410
10929,akdmia; helge17,akdmia,2,2,1410,3230
10930,akdmia; helge17,akdmia,2,2,1410,3230
10931,akdmia,akdmia,1,1,1410,1410
10932,akdmia,akdmia,1,1,1410,1410
10933,akdmia; helge17,akdmia,2,3,1410,3230
10934,akdmia; helge17,akdmia,2,3,1410,3230
10938,akdmia,akdmia,1,1,1410,1410
10939,akdmia,akdmia,1,2,1410,1538
10940,akdmia,akdmia,1,2,1522,1538
10943,Trung (Daniel) An; Trung An; akdmia; ffio1; guiv42; helge17,guiv42,6,44,1413,3241
10944,akdmia,akdmia,1,1,1429,1429
10945,akdmia,akdmia,1,1,1413,1413
10946,akdmia,akdmia,1,1,1417,1417
10949,akdmia,akdmia,1,1,1585,1585
10950,akdmia,akdmia,1,1,1424,1424
10951,akdmia,akdmia,1,1,1424,1424
10952,helge17,helge17,1,1,3230,3230
10953,helge17,helge17,1,1,3230,3230
10955,akdmia; guiv42; helge17,guiv42,3,6,1429,3076
10958,akdmia; guiv42; helge17,guiv42,3,13,1425,2175
10959,akdmia,akdmia,1,1,1425,1425
10960,akdmia,akdmia,1,2,1429,1444
10961,akdmia; guiv42; helge17,guiv42,3,12,1425,3230
10962,helge17,helge17,1,1,3230,3230
10963,akdmia,akdmia,1,1,1425,1425
10964,akdmia,akdmia,1,1,1426,1426
10966,helge17,helge17,1,1,3230,3230
10968,akdmia; guiv42; helge17,guiv42,3,20,1429,3093
10969,akdmia,akdmia,1,3,1429,1444
10970,akdmia,akdmia,1,2,1426,1429
10971,akdmia,akdmia,1,2,1426,1429
10972,akdmia,akdmia,1,1,1426,1426
10973,akdmia,akdmia,1,1,1426,1426
10976,akdmia,akdmia,1,1,1426,1426
10982,akdmia,akdmia,1,1,1426,1426
10984,akdmia,akdmia,1,1,1426,1426
10986,akdmia,akdmia,1,1,1426,1426
10987,akdmia,akdmia,1,1,1426,1426
10988,akdmia,akdmia,1,1,1426,1426
10989,akdmia,akdmia,1,2,1426,1429
10990,akdmia,akdmia,1,2,1426,1429
10991,akdmia,akdmia,1,2,1426,1429
10992,akdmia,akdmia,1,2,1426,1429
10993,akdmia,akdmia,1,2,1426,1429
10994,akdmia,akdmia,1,1,1426,1426
10995,akdmia,akdmia,1,1,1426,1426
10996,akdmia,akdmia,1,2,1426,1429
10998,akdmia,akdmia,1,2,1426,1429
11001,akdmia,akdmia,1,1,1426,1426
11003,akdmia,akdmia,1,2,1426,1429
11004,akdmia,akdmia,1,1,1426,1426
11005,akdmia,akdmia,1,2,1426,1429
11006,akdmia,akdmia,1,2,1426,1429
11007,Makoha; Xavier; guiv42; helge17,guiv42,4,8,2200,2713
11010,helge17,helge17,1,1,3230,3230
11011,guiv42; helge17,guiv42,2,8,2125,3230
11012,akdmia,akdmia,1,1,1544,1544
11013,akdmia,akdmia,1,1,1467,1467
11014,akdmia,akdmia,1,1,1467,1467
11015,akdmia,akdmia,1,1,1467,1467
11016,akdmia,akdmia,1,1,1429,1429
11018,helge17,helge17,1,1,3230,3230
11019,akdmia,akdmia,1,1,1779,1779
11020,akdmia,akdmia,1,1,1429,1429
11021,akdmia,akdmia,1,1,1467,1467
11022,akdmia,akdmia,1,1,1467,1467
11023,akdmia,akdmia,1,1,1429,1429
11024,akdmia; guiv42; helge17,guiv42,3,13,1429,3230
11025,akdmia; helge17,akdmia,2,2,1429,3230
11027,akdmia,akdmia,1,1,1429,1429
11028,akdmia,akdmia,1,1,1585,1585
11029,akdmia,akdmia,1,1,1429,1429
11030,akdmia; guiv42; helge17,guiv42,3,13,1429,2969
11037,akdmia,akdmia,1,3,1466,1779
11038,akdmia,akdmia,1,3,1568,1779
11039,akdmia,akdmia,1,3,1568,1779
11042,akdmia,akdmia,1,1,1429,1429
11044,akdmia,akdmia,1,1,1569,1569
11046,akdmia; guiv42,akdmia,2,3,1429,2392
11048,akdmia; ffio1; guiv42; helge17,guiv42,4,13,1429,3175
11049,akdmia,akdmia,1,1,1429,1429
11050,akdmia,akdmia,1,2,1429,1680
11053,akdmia,akdmia,1,1,1429,1429
11054,akdmia,akdmia,1,1,1429,1429
11055,akdmia,akdmia,1,1,1429,1429
11056,akdmia,akdmia,1,1,1429,1429
11057,akdmia,akdmia,1,1,1429,1429
11058,akdmia,akdmia,1,1,1429,1429
11059,Makoha; Xavier; akdmia; guiv42; helge17,guiv42,5,13,1429,2713
11061,akdmia,akdmia,1,1,1429,1429
11062,akdmia; guiv42; helge17,akdmia,3,5,1429,3075
11063,helge17,helge17,1,1,3230,3230
11064,helge17,helge17,1,1,3230,3230
11065,helge17,helge17,1,1,3230,3230
11067,akdmia,akdmia,1,1,1429,1429
11070,akdmia; guiv42,akdmia,2,5,1429,2181
11071,akdmia; guiv42,akdmia,2,3,1429,2181
11076,akdmia; guiv42; helge17,guiv42,3,17,1429,2753
11077,akdmia,akdmia,1,1,1429,1429
11079,guiv42; helge17,guiv42,2,11,2930,2969
11080,akdmia,akdmia,1,1,1469,1469
11103,helge17,helge17,1,1,3230,3230
11127,akdmia,akdmia,1,2,1429,1788
11128,akdmia,akdmia,1,1,1429,1429
11129,akdmia,akdmia,1,2,1429,1788
11134,akdmia,akdmia,1,1,1429,1429
11136,akdmia,akdmia,1,2,1429,1782
11161,akdmia,akdmia,1,1,1469,1469
11162,akdmia,akdmia,1,1,1788,1788
11163,akdmia,akdmia,1,2,1429,1788
11164,akdmia,akdmia,1,1,1429,1429
11165,akdmia,akdmia,1,1,1453,1453
11166,Trung (Daniel) An; Trung An; akdmia; ffio1; guiv42; helge17; m5ls7h,guiv42,7,51,1429,3241
11167,helge17,helge17,1,1,3230,3230
11170,akdmia,akdmia,1,1,1429,1429
11177,akdmia,akdmia,1,3,1466,1779
11178,akdmia,akdmia,1,2,1568,1779
11179,akdmia,akdmia,1,2,1568,1779
11181,akdmia,akdmia,1,2,1568,1779
11182,akdmia,akdmia,1,2,1568,1779
11183,akdmia,akdmia,1,2,1568,1779
11186,akdmia,akdmia,1,1,1779,1779
11187,akdmia,akdmia,1,1,1779,1779
11188,akdmia,akdmia,1,2,1568,1779
11189,akdmia,akdmia,1,2,1568,1779
11191,akdmia,akdmia,1,2,1568,1779
11192,akdmia,akdmia,1,2,1568,1779
11194,akdmia,akdmia,1,1,1779,1779
11195,akdmia,akdmia,1,4,1466,1779
11196,akdmia,akdmia,1,2,1568,1779
11197,akdmia,akdmia,1,3,1466,1779
11198,akdmia,akdmia,1,3,1466,1779
11199,akdmia,akdmia,1,2,1568,1779
11200,akdmia,akdmia,1,3,1466,1779
11201,akdmia,akdmia,1,2,1568,1779
11202,akdmia,akdmia,1,3,1466,1779
11203,akdmia,akdmia,1,2,1568,1779
11204,akdmia,akdmia,1,3,1466,1779
11205,akdmia,akdmia,1,2,1568,1779
11206,akdmia,akdmia,1,3,1466,1779
11207,akdmia,akdmia,1,3,1466,1779
11208,akdmia,akdmia,1,2,1568,1779
11209,akdmia,akdmia,1,3,1466,1779
11210,akdmia,akdmia,1,1,1568,1568
11211,akdmia,akdmia,1,3,1466,1779
11212,akdmia,akdmia,1,2,1568,1779
11213,akdmia,akdmia,1,2,1568,1779
11214,akdmia,akdmia,1,3,1466,1779
11215,akdmia,akdmia,1,3,1466,1779
11216,akdmia,akdmia,1,3,1466,1779
11217,akdmia,akdmia,1,3,1466,1779
11218,akdmia,akdmia,1,3,1466,1779
11219,akdmia,akdmia,1,3,1466,1779
11220,akdmia,akdmia,1,1,1779,1779
11221,akdmia,akdmia,1,1,1779,1779
11223,akdmia,akdmia,1,3,1466,1779
11224,akdmia,akdmia,1,3,1466,1779
11226,akdmia,akdmia,1,3,1466,1779
11228,akdmia,akdmia,1,3,1466,1779
11229,akdmia,akdmia,1,3,1466,1779
11230,akdmia,akdmia,1,3,1466,1779
11232,akdmia,akdmia,1,3,1466,1779
11234,akdmia,akdmia,1,3,1466,1779
11235,akdmia,akdmia,1,3,1466,1779
11236,akdmia,akdmia,1,3,1466,1779
11237,akdmia,akdmia,1,2,1568,1779
11238,akdmia,akdmia,1,3,1466,1779
11239,akdmia,akdmia,1,3,1466,1779
11240,akdmia,akdmia,1,1,1438,1438
11246,akdmia; guiv42,guiv42,2,7,1429,2775
11247,guiv42; helge17,helge17,2,4,2405,2775
11248,akdmia; helge17,akdmia,2,2,1779,3230
11249,akdmia,akdmia,1,1,1434,1434
11250,akdmia,akdmia,1,1,1429,1429
11251,akdmia,akdmia,1,1,1429,1429
11253,akdmia,akdmia,1,3,1429,1444
11255,akdmia,akdmia,1,1,1429,1429
11256,akdmia,akdmia,1,1,1668,1668
11258,akdmia,akdmia,1,1,1668,1668
11259,akdmia,akdmia,1,1,1668,1668
11260,akdmia,akdmia,1,1,1429,1429
11261,akdmia,akdmia,1,1,1429,1429
11262,akdmia; guiv42; helge17,guiv42,3,12,1429,2969
11263,akdmia; helge17,akdmia,2,2,1429,3230
11264,akdmia; guiv42; helge17,akdmia,3,3,1429,3230
11265,akdmia; helge17,akdmia,2,2,1429,3230
11266,akdmia,akdmia,1,2,1429,1788
11267,akdmia,akdmia,1,2,1429,1788
11270,akdmia,akdmia,1,1,1429,1429
11275,akdmia; guiv42,akdmia,2,3,1429,2436
11276,akdmia; guiv42,akdmia,2,3,1429,2436
11277,akdmia; guiv42; helge17,akdmia,3,7,1429,3230
11278,akdmia; guiv42; helge17,akdmia,3,7,1429,3230
11279,akdmia,akdmia,1,1,1788,1788
11280,helge17,helge17,1,1,3230,3230
11281,akdmia; helge17,akdmia,2,2,1429,3230
11282,akdmia,akdmia,1,1,1429,1429
11283,akdmia,akdmia,1,1,1429,1429
11285,akdmia,akdmia,1,1,1429,1429
11286,helge17,helge17,1,1,3230,3230
11287,akdmia; helge17,akdmia,2,2,1429,3230
11288,akdmia; helge17,akdmia,2,4,1429,3230
11289,akdmia; helge17,akdmia,2,3,1429,3230
11290,akdmia,akdmia,1,1,1429,1429
11291,akdmia,akdmia,1,5,1429,1652
11293,akdmia; helge17,akdmia,2,3,1429,3230
11294,Grzegorz Pruchniakowski; akdmia; guiv42; helge17,guiv42,4,11,1429,3230
11295,Trung (Daniel) An; akdmia; ffio1; guiv42; helge17; m5ls7h,guiv42,6,18,1429,3207
11296,akdmia; helge17,akdmia,2,3,1429,3230
11297,akdmia; helge17,akdmia,2,3,1429,3230
11298,akdmia; helge17,akdmia,2,4,1429,3230
11299,akdmia; helge17,akdmia,2,4,1429,3230
11300,akdmia; helge17,akdmia,2,4,1429,3230
11301,akdmia; helge17,akdmia,2,2,1429,3230
11302,akdmia; guiv42,guiv42,2,9,1429,2967
11303,akdmia; guiv42; helge17,guiv42,3,5,1429,3230
11304,akdmia; guiv42; helge17,guiv42,3,6,1429,3230
11305,akdmia,akdmia,1,1,1429,1429
11306,akdmia,akdmia,1,1,1429,1429
11307,akdmia; guiv42,guiv42,2,4,1429,2302
11308,akdmia,akdmia,1,1,1429,1429
11309,akdmia; guiv42; helge17,guiv42,3,13,1429,3230
11310,akdmia; helge17,akdmia,2,2,1429,3230
11311,akdmia; helge17,akdmia,2,2,1429,3230
11312,akdmia; helge17,akdmia,2,2,1429,3230
11313,akdmia; helge17,akdmia,2,2,1429,3230
11314,akdmia; guiv42; helge17,guiv42,3,12,1429,2969
11315,akdmia,akdmia,1,2,1429,1538
11316,helge17,helge17,1,1,3230,3230
11317,akdmia; guiv42; helge17,guiv42,3,13,1429,3230
11318,akdmia; guiv42; helge17,guiv42,3,13,1429,3230
11319,akdmia; helge17,akdmia,2,2,1429,3230
11321,akdmia,akdmia,1,1,1429,1429
11322,akdmia,akdmia,1,1,1429,1429
11323,akdmia,akdmia,1,1,1429,1429
11324,helge17,helge17,1,1,3230,3230
11325,akdmia,akdmia,1,1,1429,1429
11326,akdmia; helge17,akdmia,2,2,1429,3230
11327,akdmia,akdmia,1,1,1429,1429
11328,akdmia; helge17,helge17,2,3,1429,3230
11329,akdmia; helge17,helge17,2,3,1429,3230
11330,Grzegorz Pruchniakowski; akdmia; guiv42; helge17,akdmia,4,5,1429,3230
11331,akdmia; guiv42,akdmia,2,4,1429,2328
11332,Grzegorz Pruchniakowski; akdmia; guiv42; helge17,akdmia,4,5,1429,3230
11333,akdmia,akdmia,1,1,1429,1429
11334,akdmia; helge17,akdmia,2,4,1429,3230
11335,akdmia; helge17,akdmia,2,2,1429,3230
11336,helge17,helge17,1,1,3230,3230
11337,helge17,helge17,1,1,3230,3230
11338,akdmia,akdmia,1,2,1429,1781
11339,akdmia; helge17,akdmia,2,3,1429,3230
11340,Trung (Daniel) An; Trung An; akdmia; ffio1; guiv42; helge17; m5ls7h,guiv42,7,41,1429,3211
11341,akdmia; helge17,akdmia,2,2,1429,2400
11342,akdmia,akdmia,1,1,1429,1429
11343,akdmia; helge17,akdmia,2,3,1429,2400
11344,akdmia; guiv42; helge17,akdmia,3,3,1429,2459
11345,akdmia; helge17,akdmia,2,2,1429,2400
11346,akdmia; helge17,akdmia,2,2,1429,2400
11347,akdmia; helge17,helge17,2,3,1429,3230
11348,akdmia; guiv42; helge17,akdmia,3,3,1429,2666
11349,akdmia; helge17,helge17,2,9,1429,2820
11350,akdmia; guiv42; helge17,guiv42,3,5,1429,2400
11351,akdmia; helge17,akdmia,2,2,1429,2400
11352,akdmia,akdmia,1,1,1429,1429
11353,akdmia,akdmia,1,1,1429,1429
11354,akdmia,akdmia,1,1,1429,1429
11355,akdmia,akdmia,1,1,1429,1429
11356,akdmia,akdmia,1,1,1429,1429
11357,akdmia,akdmia,1,2,1429,1585
11358,akdmia,akdmia,1,1,1429,1429
11359,akdmia; helge17,akdmia,2,2,1429,3230
11360,akdmia,akdmia,1,1,1429,1429
11361,helge17,helge17,1,1,3230,3230
11363,akdmia; helge17,akdmia,2,2,1429,3230
11367,akdmia,akdmia,1,3,1483,1652
11368,akdmia,akdmia,1,1,1483,1483
11369,akdmia,akdmia,1,2,1608,1652
11370,akdmia,akdmia,1,2,1568,1779
11376,akdmia,akdmia,1,1,1429,1429
11378,akdmia,akdmia,1,1,1429,1429
11379,akdmia,akdmia,1,1,1429,1429
11380,akdmia,akdmia,1,1,1429,1429
11381,helge17,helge17,1,1,3230,3230
11382,akdmia; helge17,akdmia,2,2,1429,3230
11383,akdmia; helge17,akdmia,2,3,1429,3230
11384,akdmia; helge17,akdmia,2,2,1429,3230
11385,akdmia,akdmia,1,1,1569,1569
11388,akdmia,akdmia,1,2,1429,1538
11389,akdmia,akdmia,1,1,1429,1429
11390,akdmia; helge17,akdmia,2,3,1429,3230
11394,akdmia,akdmia,1,1,1451,1451
11395,akdmia,akdmia,1,1,1451,1451
11396,akdmia,akdmia,1,1,1820,1820
11397,akdmia,akdmia,1,1,1820,1820
11398,helge17,helge17,1,1,3230,3230
11399,helge17,helge17,1,1,3230,3230
11400,helge17,helge17,1,1,3230,3230
11401,helge17,helge17,1,1,3230,3230
11402,helge17,helge17,1,1,3230,3230
11404,akdmia,akdmia,1,2,1466,1668
11405,akdmia,akdmia,1,2,1466,1668
11406,akdmia,akdmia,1,2,1466,1668
11407,akdmia,akdmia,1,3,1466,1668
11408,akdmia,akdmia,1,2,1466,1668
11409,akdmia,akdmia,1,2,1466,1668
11410,akdmia,akdmia,1,2,1466,1668
11411,akdmia,akdmia,1,3,1466,1668
11412,akdmia,akdmia,1,3,1466,1668
11413,akdmia,akdmia,1,2,1466,1668
11414,akdmia,akdmia,1,2,1466,1668
11415,akdmia,akdmia,1,2,1466,1668
11416,akdmia,akdmia,1,2,1466,1668
11417,akdmia,akdmia,1,2,1466,1668
11418,akdmia,akdmia,1,2,1466,1668
11419,akdmia,akdmia,1,2,1466,1668
11420,akdmia,akdmia,1,3,1466,1668
11421,akdmia,akdmia,1,2,1466,1668
11422,akdmia,akdmia,1,3,1466,1668
11423,akdmia,akdmia,1,3,1466,1668
11424,akdmia,akdmia,1,2,1466,1668
11425,akdmia,akdmia,1,1,1668,1668
11426,akdmia,akdmia,1,3,1466,1668
11427,akdmia,akdmia,1,2,1466,1668
11428,akdmia,akdmia,1,1,1466,1466
11435,akdmia,akdmia,1,1,1781,1781
11441,akdmia,akdmia,1,1,1668,1668
11443,guiv42,guiv42,1,1,2510,2510
11451,akdmia,akdmia,1,2,1569,1974
11452,akdmia,akdmia,1,1,1974,1974
11459,akdmia,akdmia,1,1,1820,1820
11460,akdmia,akdmia,1,1,1820,1820
11463,akdmia,akdmia,1,3,1466,1668
11473,akdmia,akdmia,1,2,1466,1668
11474,akdmia,akdmia,1,3,1466,1668
11475,helge17,helge17,1,1,3230,3230
11476,helge17,helge17,1,1,3230,3230
11477,helge17,helge17,1,1,3230,3230
11479,helge17,helge17,1,1,3230,3230
11482,akdmia; helge17,akdmia,2,2,1779,3230
11483,akdmia; helge17,akdmia,2,2,1779,3230
11484,helge17,helge17,1,1,3230,3230
11485,helge17,helge17,1,1,3230,3230
11491,akdmia,akdmia,1,1,1779,1779
11492,akdmia,akdmia,1,1,1779,1779
11493,akdmia,akdmia,1,1,1820,1820
11495,akdmia,akdmia,1,1,1432,1432
11496,akdmia,akdmia,1,1,1433,1433
11497,akdmia,akdmia,1,1,1433,1433
11498,akdmia,akdmia,1,1,1434,1434
11499,guiv42; helge17,guiv42,2,8,2382,3076
11500,akdmia,akdmia,1,1,1434,1434
11502,akdmia,akdmia,1,2,1559,1668
11503,akdmia,akdmia,1,2,1436,1470
11504,akdmia; guiv42,akdmia,2,6,1436,2454
11505,Xavier; guiv42; helge17,guiv42,3,23,2241,3241
11507,helge17,helge17,1,1,3230,3230
11508,helge17,helge17,1,1,3230,3230
11509,helge17,helge17,1,1,3230,3230
11511,akdmia,akdmia,1,1,1470,1470
11512,akdmia,akdmia,1,1,1671,1671
11518,akdmia; helge17,akdmia,2,2,1779,3230
11519,helge17,helge17,1,1,3230,3230
11520,helge17,helge17,1,1,3230,3230
11523,akdmia,akdmia,1,1,1779,1779
11524,akdmia,akdmia,1,1,1779,1779
11525,akdmia; helge17,akdmia,2,2,1969,3230
11526,akdmia,akdmia,1,3,1671,1960
11527,helge17,helge17,1,1,3230,3230
11529,akdmia,akdmia,1,2,1476,1973
11530,akdmia,akdmia,1,1,1438,1438
11531,helge17,helge17,1,1,3230,3230
11532,akdmia,akdmia,1,1,1439,1439
11534,helge17,helge17,1,1,3230,3230
11535,helge17,helge17,1,1,3230,3230
11536,helge17,helge17,1,1,3230,3230
11538,akdmia,akdmia,1,1,1671,1671
11540,akdmia,akdmia,1,1,1439,1439
11542,helge17,helge17,1,1,3230,3230
11544,akdmia,akdmia,1,2,1445,1446
11545,helge17,helge17,1,1,3230,3230
11546,akdmia,akdmia,1,1,1779,1779
11548,akdmia,akdmia,1,1,1779,1779
11549,akdmia,akdmia,1,1,1779,1779
11550,akdmia,akdmia,1,1,1779,1779
11551,akdmia,akdmia,1,1,1444,1444
11552,akdmia,akdmia,1,1,1779,1779
11554,akdmia,akdmia,1,1,1779,1779
11555,akdmia,akdmia,1,1,1779,1779
11556,akdmia,akdmia,1,1,1779,1779
11557,akdmia,akdmia,1,1,1779,1779
11560,akdmia,akdmia,1,1,1779,1779
11561,akdmia,akdmia,1,1,1779,1779
11562,akdmia,akdmia,1,1,1779,1779
11563,akdmia,akdmia,1,1,1779,1779
11564,akdmia,akdmia,1,1,1779,1779
11566,akdmia,akdmia,1,1,1779,1779
11568,akdmia,akdmia,1,1,1779,1779
11570,akdmia,akdmia,1,1,1779,1779
11572,akdmia,akdmia,1,1,1779,1779
11573,akdmia,akdmia,1,1,1779,1779
11574,akdmia,akdmia,1,1,1779,1779
11575,akdmia,akdmia,1,1,1779,1779
11576,akdmia,akdmia,1,1,1779,1779
11577,akdmia,akdmia,1,1,1779,1779
11578,akdmia,akdmia,1,1,1779,1779
11579,akdmia,akdmia,1,1,1779,1779
11580,akdmia,akdmia,1,1,1779,1779
11581,akdmia,akdmia,1,1,1779,1779
11582,akdmia,akdmia,1,1,1779,1779
11583,akdmia,akdmia,1,1,1779,1779
11584,akdmia,akdmia,1,1,1779,1779
11585,akdmia,akdmia,1,1,1779,1779
11586,akdmia,akdmia,1,1,1444,1444
11587,akdmia,akdmia,1,1,1779,1779
11588,akdmia,akdmia,1,1,1779,1779
11589,akdmia,akdmia,1,1,1779,1779
11590,akdmia,akdmia,1,1,1779,1779
11591,akdmia,akdmia,1,1,1779,1779
11592,akdmia,akdmia,1,1,1779,1779
11593,akdmia,akdmia,1,1,1779,1779
11595,akdmia,akdmia,1,1,1779,1779
11596,akdmia,akdmia,1,1,1779,1779
11597,akdmia,akdmia,1,1,1779,1779
11598,akdmia,akdmia,1,1,1779,1779
11599,akdmia,akdmia,1,1,1779,1779
11600,akdmia,akdmia,1,2,1476,1973
11601,akdmia,akdmia,1,2,1476,1973
11602,akdmia,akdmia,1,1,1438,1438
11606,akdmia,akdmia,1,2,1608,1652
11607,akdmia,akdmia,1,2,1608,1652
11608,akdmia,akdmia,1,2,1608,1652
11609,akdmia,akdmia,1,2,1608,1652
11611,akdmia,akdmia,1,2,1608,1652
11612,akdmia,akdmia,1,1,1652,1652
11613,akdmia,akdmia,1,1,1652,1652
11614,akdmia,akdmia,1,1,1652,1652
11619,akdmia,akdmia,1,1,1608,1608
11621,akdmia,akdmia,1,1,1652,1652
11622,akdmia,akdmia,1,2,1446,1652
11623,akdmia,akdmia,1,2,1608,1652
11624,akdmia,akdmia,1,2,1608,1652
11625,akdmia,akdmia,1,2,1608,1652
11626,akdmia,akdmia,1,1,1652,1652
11628,akdmia,akdmia,1,1,1652,1652
11629,akdmia,akdmia,1,1,1446,1446
11630,akdmia,akdmia,1,2,1608,1652
11631,akdmia,akdmia,1,2,1608,1652
11632,akdmia,akdmia,1,2,1608,1652
11636,akdmia,akdmia,1,2,1671,1785
11638,helge17,helge17,1,1,3230,3230
11639,akdmia,akdmia,1,5,1466,1969
11640,akdmia,akdmia,1,5,1466,1969
11645,akdmia,akdmia,1,1,1608,1608
11647,akdmia,akdmia,1,1,1779,1779
11648,akdmia,akdmia,1,1,1652,1652
11649,akdmia,akdmia,1,1,1652,1652
11650,akdmia,akdmia,1,1,1476,1476
11651,akdmia,akdmia,1,1,1973,1973
11657,akdmia,akdmia,1,3,1466,1669
11660,akdmia,akdmia,1,3,1466,1969
11661,akdmia,akdmia,1,3,1466,1669
11664,akdmia,akdmia,1,3,1466,1669
11666,akdmia,akdmia,1,3,1466,1969
11667,akdmia,akdmia,1,3,1466,1669
11669,akdmia,akdmia,1,3,1466,1669
11670,akdmia,akdmia,1,1,1671,1671
11672,akdmia,akdmia,1,3,1466,1669
11673,akdmia,akdmia,1,3,1466,1669
11674,akdmia,akdmia,1,3,1466,1960
11676,helge17,helge17,1,1,3230,3230
11677,akdmia,akdmia,1,3,1466,1669
11682,akdmia,akdmia,1,4,1466,1969
11688,helge17,helge17,1,1,3230,3230
11691,akdmia; helge17,akdmia,2,2,1779,3230
11692,akdmia,akdmia,1,4,1466,1969
11695,akdmia,akdmia,1,4,1466,1969
11696,akdmia,akdmia,1,2,1960,1969
11697,akdmia,akdmia,1,4,1466,1969
11698,akdmia,akdmia,1,3,1466,1969
11699,akdmia,akdmia,1,4,1466,1969
11700,akdmia,akdmia,1,5,1466,1969
11701,akdmia,akdmia,1,4,1466,1969
11705,akdmia,akdmia,1,4,1466,1969
11708,akdmia,akdmia,1,3,1466,1969
11711,akdmia,akdmia,1,1,1779,1779
11715,helge17,helge17,1,1,3230,3230
11716,helge17,helge17,1,1,3230,3230
11717,akdmia,akdmia,1,1,1778,1778
11721,helge17,helge17,1,1,3230,3230
11722,helge17,helge17,1,1,3230,3230
11736,akdmia,akdmia,1,1,1438,1438
11739,helge17,helge17,1,1,3230,3230
11740,helge17,helge17,1,1,3230,3230
11741,helge17,helge17,1,1,3230,3230
11742,helge17,helge17,1,1,3230,3230
11745,helge17,helge17,1,1,3230,3230
11746,helge17,helge17,1,1,3230,3230
11747,helge17,helge17,1,1,3230,3230
11750,akdmia; helge17,akdmia,2,2,1779,3230
11751,akdmia; helge17,akdmia,2,2,1779,3230
11753,helge17,helge17,1,1,3230,3230
11755,helge17,helge17,1,1,3230,3230
11756,helge17,helge17,1,1,3230,3230
11757,helge17,helge17,1,1,3230,3230
11758,helge17,helge17,1,1,3230,3230
11760,akdmia,akdmia,1,3,1671,1960
11765,helge17,helge17,1,1,3230,3230
11771,helge17,helge17,1,1,3230,3230
11772,helge17,helge17,1,1,3230,3230
11775,akdmia,akdmia,1,2,1476,1973
11776,akdmia,akdmia,1,2,1476,1973
11777,akdmia; helge17,akdmia,2,4,1671,3230
11778,akdmia,akdmia,1,1,1820,1820
11779,akdmia; helge17,akdmia,2,2,1779,3230
11782,akdmia,akdmia,1,1,1438,1438
11783,akdmia,akdmia,1,1,1439,1439
11784,akdmia; helge17,akdmia,2,5,1441,3230
11785,akdmia; helge17,akdmia,2,4,1441,3230
11786,akdmia; helge17,akdmia,2,2,1779,3230
11787,akdmia; helge17,akdmia,2,2,1779,3230
11788,akdmia,akdmia,1,1,1445,1445
11789,akdmia,akdmia,1,1,1781,1781
11792,akdmia,akdmia,1,2,1569,1974
11795,akdmia,akdmia,1,1,1447,1447
11796,akdmia,akdmia,1,2,1778,1781
11797,helge17,helge17,1,1,3230,3230
11799,helge17,helge17,1,1,3230,3230
11800,akdmia,akdmia,1,2,1457,1779
11802,helge17,helge17,1,1,3230,3230
11807,akdmia,akdmia,1,1,1779,1779
11809,akdmia; helge17,akdmia,2,2,1452,3230
11812,akdmia; helge17,akdmia,2,2,1608,3230
11815,akdmia; helge17,akdmia,2,5,1455,3230
11816,helge17,helge17,1,1,3230,3230
11817,akdmia,akdmia,1,1,1608,1608
11818,akdmia; helge17,akdmia,2,2,1608,3230
11819,akdmia,akdmia,1,1,1608,1608
11820,akdmia,akdmia,1,1,1608,1608
11821,akdmia,akdmia,1,1,1608,1608
11822,helge17,helge17,1,1,3230,3230
11824,helge17,helge17,1,1,3230,3230
11829,helge17,helge17,1,1,3230,3230
11830,akdmia,akdmia,1,1,1456,1456
11838,akdmia,akdmia,1,1,1779,1779
11841,akdmia,akdmia,1,1,1456,1456
11846,akdmia,akdmia,1,1,1779,1779
11852,akdmia,akdmia,1,1,1779,1779
11854,akdmia,akdmia,1,1,1779,1779
11855,akdmia,akdmia,1,1,1779,1779
11857,akdmia,akdmia,1,1,1779,1779
11859,akdmia,akdmia,1,1,1779,1779
11860,akdmia,akdmia,1,1,1779,1779
11861,akdmia,akdmia,1,1,1779,1779
11862,akdmia,akdmia,1,1,1779,1779
11865,akdmia,akdmia,1,1,1779,1779
11870,akdmia,akdmia,1,1,1779,1779
11871,akdmia,akdmia,1,1,1779,1779
11872,akdmia,akdmia,1,1,1779,1779
11875,akdmia,akdmia,1,1,1779,1779
11876,akdmia,akdmia,1,1,1779,1779
11880,akdmia,akdmia,1,1,1779,1779
11881,akdmia,akdmia,1,1,1779,1779
11882,akdmia,akdmia,1,1,1779,1779
11883,akdmia,akdmia,1,1,1779,1779
11888,akdmia; helge17,akdmia,2,2,1457,3230
11893,akdmia,akdmia,1,1,1457,1457
11895,helge17,helge17,1,1,3230,3230
11897,akdmia,akdmia,1,3,1461,1615
11898,akdmia,akdmia,1,4,1452,1615
11901,akdmia,akdmia,1,2,1483,1608
11902,akdmia,akdmia,1,2,1483,1608
11903,akdmia,akdmia,1,2,1483,1608
11904,akdmia,akdmia,1,1,1779,1779
11906,helge17,helge17,1,1,3230,3230
11910,akdmia,akdmia,1,1,1456,1456
11919,akdmia,akdmia,1,1,1779,1779
11920,akdmia,akdmia,1,1,1456,1456
11923,akdmia,akdmia,1,3,1452,1615
11924,akdmia,akdmia,1,3,1452,1615
11925,akdmia,akdmia,1,3,1452,1615
11926,akdmia,akdmia,1,3,1452,1615
11928,akdmia,akdmia,1,2,1450,1451
11929,akdmia,akdmia,1,1,1461,1461
11930,akdmia,akdmia,1,2,1461,1615
11932,akdmia,akdmia,1,2,1461,1615
11934,akdmia; guiv42; helge17,akdmia,3,5,1452,3120
11935,akdmia,akdmia,1,3,1452,1615
11936,akdmia,akdmia,1,3,1452,1615
11938,akdmia; guiv42; helge17,akdmia,3,7,1452,3121
11939,akdmia,akdmia,1,1,1450,1450
11940,akdmia,akdmia,1,3,1452,1615
11942,akdmia,akdmia,1,1,1450,1450
11943,akdmia,akdmia,1,4,1452,1615
11944,akdmia,akdmia,1,3,1452,1466
11946,akdmia,akdmia,1,2,1452,1461
11947,akdmia,akdmia,1,2,1452,1461
11948,akdmia,akdmia,1,2,1461,1466
11949,akdmia; guiv42,akdmia,2,5,1452,3113
11950,akdmia,akdmia,1,2,1461,1466
11951,akdmia,akdmia,1,2,1452,1466
11952,akdmia,akdmia,1,3,1452,1466
11953,akdmia,akdmia,1,1,1451,1451
11954,akdmia,akdmia,1,3,1452,1466
11955,akdmia,akdmia,1,2,1461,1466
11956,akdmia,akdmia,1,2,1461,1466
11961,akdmia,akdmia,1,1,1456,1456
11964,akdmia,akdmia,1,1,1779,1779
11969,akdmia; guiv42; helge17,akdmia,3,6,1452,3120
11970,akdmia,akdmia,1,3,1461,1615
11971,helge17,helge17,1,1,3230,3230
11972,helge17,helge17,1,1,3230,3230
11973,helge17,helge17,1,1,3230,3230
11976,akdmia; helge17,akdmia,2,2,1779,3230
11977,helge17,helge17,1,1,3230,3230
11978,akdmia; helge17,akdmia,2,2,1779,3230
11979,helge17,helge17,1,1,3230,3230
11980,helge17,helge17,1,1,3230,3230
11981,akdmia,akdmia,1,1,1450,1450
11982,helge17,helge17,1,1,3230,3230
11983,helge17,helge17,1,1,3230,3230
11992,akdmia,akdmia,1,1,1779,1779
11995,helge17,helge17,1,1,3230,3230
11996,helge17,helge17,1,1,3230,3230
11999,akdmia,akdmia,1,2,1450,1456
12000,akdmia; helge17,akdmia,2,3,1451,3230
12001,akdmia; helge17,akdmia,2,2,1452,3230
12002,akdmia,akdmia,1,1,1452,1452
12004,akdmia,akdmia,1,1,1789,1789
12005,akdmia,akdmia,1,3,1453,1675
12010,akdmia; helge17,akdmia,2,2,1576,3230
12013,akdmia,akdmia,1,1,1462,1462
12014,akdmia,akdmia,1,1,1462,1462
12016,akdmia,akdmia,1,1,1462,1462
12017,akdmia,akdmia,1,1,1462,1462
12018,akdmia,akdmia,1,2,1538,1587
12019,akdmia,akdmia,1,2,1571,1587
12020,akdmia,akdmia,1,2,1538,1587
12021,akdmia,akdmia,1,1,1462,1462
12022,akdmia,akdmia,1,1,1462,1462
12023,akdmia,akdmia,1,1,1462,1462
12024,akdmia,akdmia,1,1,1462,1462
12025,akdmia,akdmia,1,1,1462,1462
12027,akdmia,akdmia,1,1,1666,1666
12028,helge17,helge17,1,1,3230,3230
12029,akdmia; helge17,akdmia,2,2,1467,3230
12030,akdmia,akdmia,1,1,1467,1467
12031,akdmia,akdmia,1,1,1467,1467
12032,akdmia,akdmia,1,1,1467,1467
12033,akdmia; guiv42,akdmia,2,2,1467,2870
12034,akdmia,akdmia,1,1,1467,1467
12036,akdmia,akdmia,1,1,1467,1467
12038,akdmia; guiv42; helge17,guiv42,3,7,1467,2118
12039,akdmia; guiv42; helge17,guiv42,3,6,1782,2118
12040,akdmia; guiv42; helge17,guiv42,3,16,1467,2175
12041,guiv42; helge17,guiv42,2,15,2122,2175
12042,guiv42; helge17,guiv42,2,15,2122,2175
12043,akdmia; guiv42; helge17,guiv42,3,16,1467,2175
12044,guiv42; helge17,guiv42,2,15,2122,2175
12045,helge17,helge17,1,1,3230,3230
12047,akdmia,akdmia,1,1,1470,1470
12048,akdmia,akdmia,1,1,1470,1470
12049,akdmia,akdmia,1,1,1470,1470
12050,akdmia,akdmia,1,1,1470,1470
12051,akdmia; helge17,akdmia,2,2,1470,3230
12052,akdmia; helge17,akdmia,2,2,1470,3230
12053,akdmia; helge17,akdmia,2,2,1470,3230
12054,akdmia; helge17,akdmia,2,3,1470,3230
12055,akdmia; helge17,akdmia,2,3,1470,3230
12056,akdmia,akdmia,1,1,1470,1470
12057,akdmia,akdmia,1,1,1470,1470
12058,akdmia; guiv42; helge17,guiv42,3,15,1470,3230
12059,akdmia; guiv42; helge17,guiv42,3,15,1470,3230
12060,akdmia; guiv42; helge17,guiv42,3,15,1470,3230
12061,akdmia; guiv42; helge17,guiv42,3,15,1470,3230
12062,akdmia; guiv42; helge17,guiv42,3,15,1470,3230
12063,akdmia; guiv42; helge17,guiv42,3,15,1470,3230
12064,akdmia,akdmia,1,1,1527,1527
12065,akdmia,akdmia,1,1,1499,1499
12066,akdmia,akdmia,1,1,1499,1499
12067,helge17,helge17,1,1,3230,3230
12068,helge17,helge17,1,1,3230,3230
12069,helge17,helge17,1,1,3230,3230
12076,akdmia,akdmia,1,1,1487,1487
12077,akdmia; helge17,akdmia,2,2,1499,3230
12078,helge17,helge17,1,1,3230,3230
12079,akdmia; helge17,akdmia,2,2,1527,3230
12080,helge17,helge17,1,1,3230,3230
12081,helge17,helge17,1,1,3230,3230
12085,helge17,helge17,1,1,3230,3230
12087,akdmia; helge17,akdmia,2,2,1499,3230
12089,akdmia,akdmia,1,2,1499,1505
12091,akdmia,akdmia,1,1,1490,1490
12092,akdmia,akdmia,1,1,1498,1498
12093,akdmia,akdmia,1,1,1490,1490
12094,akdmia; helge17,akdmia,2,2,1493,3230
12095,akdmia; helge17,akdmia,2,3,1494,3230
12096,akdmia,akdmia,1,1,1494,1494
12097,akdmia,akdmia,1,1,1494,1494
12098,akdmia; helge17,akdmia,2,2,1494,3230
12099,akdmia; helge17,akdmia,2,2,1494,3230
12100,helge17,helge17,1,1,3230,3230
12101,helge17,helge17,1,1,3230,3230
12102,helge17,helge17,1,1,3230,3230
12103,helge17,helge17,1,1,3230,3230
12104,helge17,helge17,1,1,3230,3230
12105,helge17,helge17,1,1,3230,3230
12108,akdmia,akdmia,1,2,1508,1509
12109,akdmia,akdmia,1,1,1509,1509
12110,akdmia,akdmia,1,1,1509,1509
12111,akdmia; helge17,akdmia,2,3,1508,3230
12112,akdmia; helge17,akdmia,2,2,1505,3230
12114,akdmia,akdmia,1,1,1499,1499
12115,akdmia; helge17,akdmia,2,3,1499,3230
12116,akdmia; helge17,akdmia,2,2,1499,3230
12118,helge17,helge17,1,1,3230,3230
12120,akdmia; guiv42; helge17,akdmia,3,7,1505,2505
12121,akdmia,akdmia,1,1,1505,1505
12122,akdmia,akdmia,1,1,1505,1505
12123,akdmia,akdmia,1,1,1505,1505
12124,akdmia; helge17,akdmia,2,2,1505,3230
12125,akdmia,akdmia,1,2,1505,1811
12126,akdmia; helge17,akdmia,2,2,1505,3230
12127,akdmia,akdmia,1,1,1506,1506
12128,helge17,helge17,1,1,3230,3230
12129,helge17,helge17,1,1,3230,3230
12132,akdmia; helge17,akdmia,2,2,1652,3230
12134,akdmia,akdmia,1,1,1508,1508
12135,akdmia,akdmia,1,1,1509,1509
12136,akdmia,akdmia,1,1,1509,1509
12140,helge17,helge17,1,1,3230,3230
12141,akdmia,akdmia,1,1,1535,1535
12146,akdmia,akdmia,1,1,1538,1538
12147,akdmia,akdmia,1,1,1538,1538
12148,akdmia,akdmia,1,1,1509,1509
12150,akdmia,akdmia,1,1,1535,1535
12151,akdmia,akdmia,1,1,1538,1538
12152,akdmia,akdmia,1,1,1538,1538
12156,helge17,helge17,1,1,3230,3230
12157,helge17,helge17,1,1,3230,3230
12160,akdmia,akdmia,1,1,1524,1524
12163,akdmia,akdmia,1,1,1524,1524
12164,akdmia,akdmia,1,1,1524,1524
12165,guiv42; helge17,guiv42,2,12,2930,2969
12177,akdmia,akdmia,1,2,1579,1585
12197,helge17,helge17,1,1,3230,3230
12198,akdmia,akdmia,1,1,1527,1527
12199,akdmia,akdmia,1,1,1527,1527
12207,akdmia,akdmia,1,1,1535,1535
12209,akdmia,akdmia,1,1,1535,1535
12216,akdmia,akdmia,1,1,1527,1527
12218,helge17,helge17,1,1,3230,3230
12226,akdmia,akdmia,1,1,1527,1527
12228,akdmia,akdmia,1,1,1535,1535
12231,akdmia,akdmia,1,1,1538,1538
12232,akdmia,akdmia,1,2,1538,1585
12233,akdmia,akdmia,1,1,1538,1538
12234,akdmia,akdmia,1,1,1538,1538
12235,helge17,helge17,1,1,3230,3230
12238,helge17,helge17,1,1,3230,3230
12244,akdmia,akdmia,1,1,1612,1612
12247,guiv42,guiv42,1,3,2785,2872
12250,guiv42; helge17; m5ls7h,helge17,3,5,3191,3207
12253,helge17,helge17,1,1,3230,3230
12255,akdmia; helge17,akdmia,2,2,1612,3230
12256,guiv42,guiv42,1,2,2867,2872
12259,guiv42; helge17,guiv42,2,3,2678,3230
12261,akdmia,akdmia,1,1,1786,1786
12263,Trung (Daniel) An; ffio1; guiv42; helge17; m5ls7h,guiv42,5,18,3046,3207
12266,helge17,helge17,1,1,3230,3230
12271,akdmia,akdmia,1,1,1786,1786
12272,Trung (Daniel) An; Trung An; ffio1; guiv42; helge17; m5ls7h,guiv42,6,38,3045,3230
12275,guiv42,guiv42,1,1,2382,2382
12276,akdmia; guiv42,guiv42,2,3,1612,3241
12277,akdmia,akdmia,1,1,1612,1612
12278,akdmia; guiv42; helge17; m5ls7h,helge17,4,6,1612,3207
12281,Trung (Daniel) An; Trung An; ffio1; guiv42; helge17; m5ls7h,guiv42,6,38,3045,3230
12282,Trung (Daniel) An; Trung An; ffio1; guiv42; helge17; m5ls7h,guiv42,6,38,3045,3230
12286,Trung (Daniel) An; ffio1; guiv42; helge17; m5ls7h,guiv42,5,19,3046,3230
12287,Trung (Daniel) An; ffio1; guiv42; helge17; m5ls7h,guiv42,5,20,2762,3230
12289,Makoha; Xavier; guiv42; helge17,guiv42,4,15,2264,2713
12290,Makoha; Xavier; akdmia; guiv42; helge17,guiv42,5,23,1612,3230
12291,akdmia; guiv42; helge17,guiv42,3,4,1612,2348
12292,akdmia; helge17,akdmia,2,2,1612,3230
12293,akdmia; guiv42; helge17,guiv42,3,4,1612,3239
12294,akdmia; guiv42; helge17; m5ls7h,helge17,4,6,1612,3207
12295,guiv42,guiv42,1,2,2181,2392
12296,akdmia; guiv42,guiv42,2,3,1612,3241
12298,akdmia,akdmia,1,1,1612,1612
12300,akdmia,akdmia,1,1,1612,1612
12301,guiv42,guiv42,1,1,2382,2382
12302,guiv42,guiv42,1,1,2382,2382
12304,guiv42,guiv42,1,2,2382,2459
12320,akdmia,akdmia,1,1,1612,1612
12325,helge17,helge17,1,1,3230,3230
12337,akdmia,akdmia,1,1,1612,1612
12345,helge17,helge17,1,1,3230,3230
12346,helge17,helge17,1,1,3230,3230
12347,akdmia,akdmia,1,1,1548,1548
12348,Trung (Daniel) An; akdmia; ffio1; guiv42; helge17; m5ls7h,guiv42,6,20,1548,3230
12350,guiv42,guiv42,1,1,2454,2454
12351,helge17,helge17,1,1,2001,2001
12356,helge17,helge17,1,1,3230,3230
12359,guiv42,guiv42,1,1,2510,2510
12361,helge17,helge17,1,1,3230,3230
12366,akdmia; guiv42; helge17,akdmia,3,3,1561,3230
12369,akdmia,akdmia,1,3,1570,1668
12371,helge17,helge17,1,1,3230,3230
12372,helge17,helge17,1,1,3230,3230
12374,helge17,helge17,1,1,3230,3230
12375,akdmia; helge17,akdmia,2,2,1575,3230
12376,helge17,helge17,1,1,3230,3230
12377,akdmia; helge17,akdmia,2,2,1575,3230
12381,akdmia; helge17,akdmia,2,2,1576,3230
12382,guiv42,guiv42,1,1,3120,3120
12383,akdmia; helge17,akdmia,2,2,1576,3230
12384,guiv42; helge17,guiv42,2,3,3111,3121
12385,akdmia,akdmia,1,1,1585,1585
12388,akdmia,akdmia,1,1,1579,1579
12393,helge17,helge17,1,1,3230,3230
12394,helge17,helge17,1,1,3230,3230
12395,helge17,helge17,1,1,3230,3230
12396,akdmia; guiv42; helge17,guiv42,3,6,1685,2417
12399,Trung An (An Đức Trung); akdmia; guiv42; helge17,guiv42,4,11,1968,3175
12401,akdmia,akdmia,1,1,1652,1652
12407,helge17,helge17,1,1,3230,3230
12408,helge17,helge17,1,1,3230,3230
12410,helge17,helge17,1,1,3230,3230
12411,akdmia; guiv42; helge17,guiv42,3,13,1609,3230
12412,Trung An (An Đức Trung); akdmia; guiv42; helge17,guiv42,4,14,1685,3175
12413,helge17,helge17,1,1,3230,3230
12414,guiv42,guiv42,1,2,3160,3165
12419,akdmia; helge17,akdmia,2,3,1585,3230
12420,akdmia,akdmia,1,1,1585,1585
12423,akdmia,akdmia,1,1,1600,1600
12424,helge17,helge17,1,1,3230,3230
12425,helge17,helge17,1,1,3230,3230
12427,akdmia; helge17,akdmia,2,2,1609,3230
12428,helge17,helge17,1,1,3230,3230
12429,akdmia; helge17,akdmia,2,2,1609,3230
12430,helge17,helge17,1,1,3230,3230
12431,helge17,helge17,1,1,3230,3230
12432,helge17,helge17,1,1,3230,3230
12433,helge17,helge17,1,1,3230,3230
12434,akdmia; helge17,akdmia,2,2,1609,3230
12435,helge17,helge17,1,1,3230,3230
12436,helge17,helge17,1,1,3230,3230
12437,helge17,helge17,1,1,3230,3230
12438,helge17,helge17,1,1,3230,3230
12439,helge17,helge17,1,1,3230,3230
12440,helge17,helge17,1,1,3230,3230
12441,akdmia; guiv42; helge17,guiv42,3,6,1685,2417
12442,guiv42; helge17,guiv42,2,3,2280,2417
12447,akdmia,akdmia,1,1,1585,1585
12448,helge17,helge17,1,1,3230,3230
12449,helge17,helge17,1,1,3230,3230
12450,helge17,helge17,1,1,3230,3230
12451,helge17,helge17,1,1,3230,3230
12452,akdmia; helge17,akdmia,2,2,1609,3230
12453,helge17,helge17,1,1,3230,3230
12454,helge17,helge17,1,1,3230,3230
12456,helge17,helge17,1,1,3230,3230
12463,guiv42; helge17,guiv42,2,3,2280,2289
12464,guiv42; helge17,guiv42,2,5,2280,3230
12465,guiv42; helge17,guiv42,2,5,2280,3230
12466,Grzegorz Pruchniakowski; guiv42; helge17,Grzegorz Pruchniakowski,3,3,2914,2946
12467,Grzegorz Pruchniakowski; guiv42; helge17,Grzegorz Pruchniakowski,3,3,2914,2945
12468,guiv42; helge17,guiv42,2,3,2928,2946
12471,Grzegorz Pruchniakowski; guiv42; helge17,guiv42,3,5,2912,2946
12473,guiv42; helge17,guiv42,2,3,2280,2289
12474,helge17,helge17,1,1,3230,3230
12475,helge17,helge17,1,1,3230,3230
12476,helge17,helge17,1,1,3230,3230
12477,akdmia; helge17,akdmia,2,2,1609,3230
12478,helge17,helge17,1,1,3230,3230
12479,guiv42; helge17,guiv42,2,4,2280,2417
12480,guiv42; helge17,guiv42,2,3,2280,2289
12481,akdmia; guiv42; helge17,guiv42,3,4,1968,2417
12482,Trung An (An Đức Trung); akdmia; guiv42; helge17,guiv42,4,8,1685,2676
12485,akdmia; guiv42; helge17,guiv42,3,4,1585,2946
12487,helge17,helge17,1,1,3230,3230
12488,helge17,helge17,1,1,3230,3230
12491,akdmia; helge17,akdmia,2,2,1591,3230
12507,akdmia,akdmia,1,1,1652,1652
12508,akdmia,akdmia,1,1,1652,1652
12509,akdmia,akdmia,1,1,1652,1652
12510,akdmia,akdmia,1,1,1585,1585
12515,helge17,helge17,1,1,3230,3230
12516,helge17,helge17,1,1,3230,3230
12517,Grzegorz Pruchniakowski; guiv42; helge17,helge17,3,5,2912,3230
12518,Grzegorz Pruchniakowski; guiv42; helge17,helge17,3,5,2912,3230
12523,helge17,helge17,1,1,3230,3230
12524,helge17,helge17,1,1,3230,3230
12536,helge17,helge17,1,1,3230,3230
12558,Trung An (An Đức Trung); akdmia; guiv42; helge17,guiv42,4,14,1685,3175
12559,ffio1; guiv42; helge17,helge17,3,3,3131,3142
12560,ffio1; guiv42; helge17,guiv42,3,8,3131,3165
12561,Trung An (An Đức Trung); akdmia; guiv42; helge17,guiv42,4,14,1685,3175
12564,akdmia,akdmia,1,1,1652,1652
12565,Trung An (An Đức Trung); akdmia; guiv42; helge17,guiv42,4,19,1685,3175
12566,helge17,helge17,1,1,3230,3230
12567,akdmia; helge17,akdmia,2,2,1652,3230
12568,helge17,helge17,1,1,3230,3230
12570,helge17,helge17,1,1,3230,3230
12571,helge17,helge17,1,1,3230,3230
12572,helge17,helge17,1,1,3230,3230
12573,akdmia; helge17,akdmia,2,2,1585,2400
12574,akdmia; helge17,akdmia,2,2,1585,2400
12575,helge17,helge17,1,1,3230,3230
12576,helge17,helge17,1,1,3230,3230
12581,helge17,helge17,1,3,2815,3230
12582,guiv42; helge17,helge17,2,5,2815,3230
12584,ffio1; guiv42,guiv42,2,7,3139,3165
12585,helge17,helge17,1,1,3230,3230
12586,ffio1; guiv42; helge17,helge17,3,4,3131,3230
12588,ffio1; guiv42; helge17,guiv42,3,5,3131,3165
12589,helge17,helge17,1,1,3230,3230
12590,ffio1; guiv42; helge17,helge17,3,4,3131,3230
12591,helge17,helge17,1,1,3230,3230
12599,helge17,helge17,1,1,3230,3230
12600,helge17,helge17,1,1,3230,3230
12601,helge17,helge17,1,1,3230,3230
12602,helge17,helge17,1,1,3230,3230
12611,akdmia,akdmia,1,1,1585,1585
12612,helge17,helge17,1,1,3230,3230
12613,guiv42; helge17,guiv42,2,2,2505,3230
12614,guiv42; helge17,guiv42,2,2,2505,3230
12615,guiv42; helge17,guiv42,2,2,2505,3230
12616,guiv42; helge17,guiv42,2,2,2505,3230
12617,guiv42; helge17,guiv42,2,2,2505,3230
12618,guiv42; helge17,guiv42,2,2,2505,3230
12619,guiv42; helge17,guiv42,2,2,2505,3230
12620,guiv42; helge17,guiv42,2,2,2505,3230
12621,helge17,helge17,1,1,3230,3230
12622,akdmia; helge17,akdmia,2,2,1609,3230
12623,helge17,helge17,1,1,3230,3230
12624,helge17,helge17,1,1,3230,3230
12625,helge17,helge17,1,1,3230,3230
12626,helge17,helge17,1,1,3230,3230
12627,helge17,helge17,1,1,3230,3230
12630,guiv42,guiv42,1,1,2964,2964
12634,helge17,helge17,1,1,3230,3230
12635,helge17,helge17,1,1,3230,3230
12636,akdmia; helge17,akdmia,2,2,1609,3230
12637,helge17,helge17,1,1,3230,3230
12638,helge17,helge17,1,1,3230,3230
12639,helge17,helge17,1,1,3230,3230
12640,helge17,helge17,1,1,3230,3230
12644,helge17,helge17,1,1,3230,3230
12645,helge17,helge17,1,1,3230,3230
12646,helge17,helge17,1,1,3230,3230
12647,helge17,helge17,1,1,3230,3230
12648,helge17,helge17,1,1,3230,3230
12649,akdmia; helge17,akdmia,2,2,1609,3230
12650,helge17,helge17,1,1,3230,3230
12651,helge17,helge17,1,1,3230,3230
12652,helge17,helge17,1,1,3230,3230
12653,akdmia; helge17,akdmia,2,2,1609,3230
12654,helge17,helge17,1,1,3230,3230
12655,helge17,helge17,1,1,3230,3230
12656,helge17,helge17,1,1,3230,3230
12657,helge17,helge17,1,1,3230,3230
12663,akdmia,akdmia,1,1,1609,1609
12667,akdmia,akdmia,1,1,1609,1609
12668,helge17,helge17,1,1,3230,3230
12669,helge17,helge17,1,1,3230,3230
12670,helge17,helge17,1,1,3230,3230
12671,akdmia; helge17,akdmia,2,2,1609,3230
12672,helge17,helge17,1,1,3230,3230
12673,akdmia; helge17,akdmia,2,2,1609,3230
12674,helge17,helge17,1,1,3230,3230
12675,helge17,helge17,1,1,3230,3230
12676,helge17,helge17,1,1,3230,3230
12677,helge17,helge17,1,1,3230,3230
12678,akdmia; helge17,akdmia,2,2,1609,3230
12679,helge17,helge17,1,1,3230,3230
12680,helge17,helge17,1,1,3230,3230
12681,helge17,helge17,1,1,3230,3230
12682,helge17,helge17,1,1,3230,3230
12683,helge17,helge17,1,1,3230,3230
12684,helge17,helge17,1,1,3230,3230
12685,akdmia; helge17,akdmia,2,2,1609,3230
12686,helge17,helge17,1,1,3230,3230
12687,helge17,helge17,1,4,2815,3230
12688,helge17,helge17,1,1,3230,3230
12689,helge17,helge17,1,3,2815,3230
12690,guiv42; helge17,helge17,2,4,2815,3230
12691,guiv42; helge17,helge17,2,4,2815,3230
12692,akdmia; helge17,helge17,2,7,1609,3230
12693,helge17,helge17,1,1,3230,3230
12694,helge17,helge17,1,1,3230,3230
12695,helge17,helge17,1,1,3230,3230
12696,akdmia; helge17,akdmia,2,2,1609,3230
12697,helge17,helge17,1,1,3230,3230
12698,helge17,helge17,1,1,3230,3230
12699,helge17,helge17,1,1,3230,3230
12700,helge17,helge17,1,1,3230,3230
12704,helge17,helge17,1,1,3230,3230
12709,akdmia,akdmia,1,1,1609,1609
12711,akdmia,akdmia,1,1,1609,1609
12714,helge17,helge17,1,1,3230,3230
12718,helge17,helge17,1,1,3230,3230
12726,helge17,helge17,1,1,3230,3230
12727,helge17,helge17,1,1,3230,3230
12728,akdmia; helge17,akdmia,2,2,1609,3230
12729,helge17,helge17,1,1,3230,3230
12730,helge17,helge17,1,1,3230,3230
12731,helge17,helge17,1,1,3230,3230
12732,helge17,helge17,1,1,3230,3230
12735,akdmia,akdmia,1,1,1609,1609
12743,akdmia,akdmia,1,1,1609,1609
12744,akdmia,akdmia,1,1,1623,1623
12745,helge17,helge17,1,1,3230,3230
12746,helge17,helge17,1,1,3230,3230
12749,akdmia,akdmia,1,1,1623,1623
12750,akdmia,akdmia,1,1,1623,1623
12752,helge17,helge17,1,1,3230,3230
12753,helge17,helge17,1,1,3230,3230
12754,helge17,helge17,1,1,3230,3230
12755,helge17,helge17,1,1,3230,3230
12756,helge17,helge17,1,1,3230,3230
12757,helge17,helge17,1,1,3230,3230
12770,helge17,helge17,1,1,3230,3230
12774,helge17,helge17,1,1,3230,3230
12775,helge17,helge17,1,1,3230,3230
12776,helge17,helge17,1,1,3230,3230
12777,helge17,helge17,1,1,3230,3230
12778,helge17,helge17,1,1,3230,3230
12779,helge17,helge17,1,1,3230,3230
12780,helge17,helge17,1,1,3230,3230
12781,helge17,helge17,1,1,3230,3230
12782,helge17,helge17,1,1,3230,3230
12788,guiv42,guiv42,1,1,2964,2964
12791,akdmia; helge17,akdmia,2,2,1652,3230
12792,akdmia; helge17,akdmia,2,2,1652,3230
12793,akdmia; helge17,akdmia,2,2,1652,3230
12794,helge17,helge17,1,1,3230,3230
12795,guiv42; helge17,guiv42,2,9,3112,3230
12796,guiv42; helge17,guiv42,2,9,3112,3230
12797,guiv42; helge17,guiv42,2,9,3112,3230
12798,guiv42; helge17,guiv42,2,9,3112,3230
12799,helge17,helge17,1,1,3230,3230
12800,helge17,helge17,1,1,3230,3230
12801,helge17,helge17,1,1,3230,3230
12802,helge17,helge17,1,1,3230,3230
12804,guiv42; helge17,guiv42,2,11,2964,3203
12807,helge17,helge17,1,1,3230,3230
12808,helge17,helge17,1,1,3230,3230
12809,helge17,helge17,1,1,3230,3230
12810,helge17,helge17,1,1,3230,3230
12811,helge17,helge17,1,1,3230,3230
12812,helge17,helge17,1,1,3230,3230
12813,helge17,helge17,1,1,3230,3230
12814,helge17,helge17,1,1,3230,3230
12815,helge17,helge17,1,1,3230,3230
12816,helge17,helge17,1,1,3230,3230
12817,helge17,helge17,1,1,3230,3230
12818,helge17,helge17,1,1,3230,3230
12819,helge17,helge17,1,3,2815,3230
12820,helge17,helge17,1,3,2815,3230
12821,helge17,helge17,1,1,3230,3230
12822,helge17,helge17,1,1,3230,3230
12823,helge17,helge17,1,1,3230,3230
12824,helge17,helge17,1,3,2815,3230
12825,helge17,helge17,1,3,2815,3230
12826,helge17,helge17,1,1,3230,3230
12827,helge17,helge17,1,1,3230,3230
12828,helge17,helge17,1,1,3230,3230
12829,helge17,helge17,1,1,3230,3230
12830,helge17,helge17,1,1,3230,3230
12831,helge17,helge17,1,1,3230,3230
12832,helge17,helge17,1,1,3230,3230
12833,helge17,helge17,1,1,3230,3230
12834,helge17,helge17,1,1,3230,3230
12836,helge17,helge17,1,1,3230,3230
12839,helge17,helge17,1,1,3230,3230
12842,helge17,helge17,1,1,3230,3230
12843,helge17,helge17,1,1,3230,3230
12846,helge17,helge17,1,1,3230,3230
12848,akdmia,akdmia,1,1,1652,1652
12849,akdmia,akdmia,1,2,1652,1823
12851,akdmia,akdmia,1,1,1652,1652
12852,helge17,helge17,1,1,3230,3230
12853,helge17,helge17,1,1,3230,3230
12854,helge17,helge17,1,1,3230,3230
12855,akdmia,akdmia,1,1,1652,1652
12856,helge17,helge17,1,1,3230,3230
12859,helge17,helge17,1,1,3230,3230
12860,helge17,helge17,1,1,3230,3230
12861,helge17,helge17,1,1,3230,3230
12862,helge17,helge17,1,1,3230,3230
12863,helge17,helge17,1,1,3230,3230
12864,helge17,helge17,1,1,3230,3230
12865,helge17,helge17,1,1,3230,3230
12866,helge17,helge17,1,1,3230,3230
12867,helge17,helge17,1,1,3230,3230
12870,guiv42; helge17,guiv42,2,5,2280,3230
12871,helge17,helge17,1,1,3230,3230
12873,guiv42,guiv42,1,1,2417,2417
12874,akdmia; helge17,akdmia,2,2,1585,3230
12875,akdmia,akdmia,1,1,1598,1598
12877,guiv42; helge17,guiv42,2,3,2928,2946
12878,akdmia; guiv42; helge17,akdmia,3,3,1682,3230
12879,akdmia; guiv42; helge17,akdmia,3,3,1585,3230
12880,akdmia; guiv42,akdmia,2,4,1685,2417
12883,guiv42; helge17,guiv42,2,4,2280,2417
12885,akdmia,akdmia,1,1,1587,1587
12886,akdmia; helge17,akdmia,2,2,1682,3230
12887,helge17,helge17,1,1,3230,3230
12889,akdmia,akdmia,1,1,1652,1652
12893,ffio1; guiv42; helge17,guiv42,3,14,2604,3175
12894,ffio1; guiv42; helge17,guiv42,3,14,2604,3175
12895,helge17,helge17,1,1,3230,3230
12897,akdmia; ffio1; guiv42; helge17,guiv42,4,17,1638,3230
12899,akdmia,akdmia,1,2,1598,1652
12900,akdmia; guiv42,akdmia,2,3,1623,2666
12902,akdmia; guiv42,akdmia,2,2,1652,3217
12903,akdmia; guiv42,guiv42,2,4,1652,3220
12904,akdmia; guiv42,guiv42,2,4,1652,3220
12905,guiv42; helge17,guiv42,2,3,3216,3230
12906,Grzegorz Pruchniakowski; guiv42; helge17,guiv42,3,17,2588,3230
12907,guiv42; helge17,guiv42,2,4,3216,3230
12908,guiv42,guiv42,1,1,3217,3217
12909,helge17,helge17,1,1,3230,3230
12910,akdmia,akdmia,1,1,1652,1652
12911,akdmia; guiv; guiv42; helge17,guiv42,4,9,1607,3230
12913,akdmia,akdmia,1,1,1871,1871
12915,akdmia,akdmia,1,2,1660,1871
12916,akdmia,akdmia,1,1,1871,1871
12917,akdmia,akdmia,1,1,1871,1871
12918,akdmia,akdmia,1,2,1660,1871
12919,Makoha; Xavier; akdmia; guiv42,guiv42,4,12,1610,3077
12920,akdmia,akdmia,1,2,1610,1765
12921,akdmia,akdmia,1,1,1617,1617
12922,akdmia; helge17,akdmia,2,2,1617,3230
12925,akdmia,akdmia,1,3,1655,1937
12928,akdmia; helge17,akdmia,2,2,1726,3230
12929,akdmia,akdmia,1,2,1857,1874
12930,akdmia,akdmia,1,1,1724,1724
12931,akdmia,akdmia,1,3,1655,1937
12937,akdmia,akdmia,1,2,1861,1874
12940,akdmia,akdmia,1,2,1726,1861
12942,akdmia,akdmia,1,2,1861,1874
12945,akdmia; guiv42; helge17,guiv42,3,12,1726,3230
12947,akdmia,akdmia,1,1,1726,1726
12948,akdmia,akdmia,1,1,1726,1726
12951,akdmia; helge17,akdmia,2,4,1846,3230
12956,akdmia,akdmia,1,1,1623,1623
12957,akdmia,akdmia,1,2,1861,1874
12958,akdmia,akdmia,1,1,1857,1857
12959,akdmia,akdmia,1,1,1786,1786
12960,akdmia,akdmia,1,3,1857,1874
12961,akdmia,akdmia,1,2,1861,1874
12962,akdmia,akdmia,1,2,1861,1874
12963,akdmia,akdmia,1,2,1861,1874
12966,akdmia,akdmia,1,2,1726,1861
12967,akdmia,akdmia,1,2,1726,1861
12969,akdmia,akdmia,1,1,1874,1874
12970,akdmia,akdmia,1,2,1726,1937
12975,helge17,helge17,1,1,3230,3230
12976,helge17,helge17,1,1,3230,3230
12978,helge17,helge17,1,1,3230,3230
12979,akdmia,akdmia,1,2,1861,1874
12983,akdmia,akdmia,1,3,1786,1874
12984,akdmia,akdmia,1,2,1786,1861
12985,akdmia,akdmia,1,1,1861,1861
12986,akdmia; helge17,akdmia,2,3,1861,3230
12987,Grzegorz Pruchniakowski; akdmia; guiv42; helge17,guiv42,4,13,1890,3230
12988,Grzegorz Pruchniakowski; guiv42; helge17,guiv42,3,12,2914,3230
12989,akdmia,akdmia,1,1,1861,1861
12999,akdmia; helge17,akdmia,2,4,1846,3230
13000,akdmia; helge17,akdmia,2,5,1846,3230
13001,akdmia,akdmia,1,1,1874,1874
13002,akdmia,akdmia,1,2,1861,1874
13004,guiv42,guiv42,1,2,2125,2137
13005,akdmia,akdmia,1,1,1619,1619
13006,akdmia,akdmia,1,1,1619,1619
13007,guiv42,guiv42,1,1,2454,2454
13015,akdmia,akdmia,1,1,1690,1690
13018,akdmia,akdmia,1,1,1945,1945
13019,akdmia,akdmia,1,1,1655,1655
13024,akdmia,akdmia,1,1,1687,1687
13025,akdmia,akdmia,1,1,1688,1688
13026,akdmia,akdmia,1,1,1726,1726
13027,akdmia,akdmia,1,1,1726,1726
13037,akdmia,akdmia,1,1,1726,1726
13039,akdmia,akdmia,1,2,1655,1726
13041,akdmia,akdmia,1,1,1655,1655
13042,akdmia,akdmia,1,1,1932,1932
13044,akdmia,akdmia,1,1,1686,1686
13045,akdmia,akdmia,1,1,1686,1686
13046,akdmia; helge17,akdmia,2,2,1686,3230
13047,akdmia,akdmia,1,1,1655,1655
13053,helge17,helge17,1,1,3230,3230
13077,akdmia,akdmia,1,1,1666,1666
13104,akdmia,akdmia,1,1,1779,1779
13105,akdmia,akdmia,1,1,1779,1779
13132,guiv42; helge17,guiv42,2,5,3111,3121
13133,akdmia,akdmia,1,1,1779,1779
13137,guiv42,guiv42,1,2,3120,3121
13153,guiv42; helge17,guiv42,2,4,3111,3121
13154,guiv42; helge17,guiv42,2,3,3111,3113
13177,akdmia,akdmia,1,1,1683,1683
13178,akdmia,akdmia,1,1,1683,1683
13184,akdmia,akdmia,1,1,1683,1683
13185,akdmia,akdmia,1,1,1683,1683
13198,akdmia,akdmia,1,1,1782,1782
13199,akdmia,akdmia,1,1,1782,1782
13205,akdmia,akdmia,1,1,1683,1683
13206,akdmia,akdmia,1,1,1683,1683
13210,akdmia,akdmia,1,1,1779,1779
13221,akdmia,akdmia,1,1,1683,1683
13222,akdmia,akdmia,1,1,1683,1683
13227,akdmia,akdmia,1,1,1673,1673
13228,akdmia,akdmia,1,1,1673,1673
13239,akdmia,akdmia,1,1,1779,1779
13240,akdmia,akdmia,1,1,1779,1779
13275,akdmia,akdmia,1,2,1779,1781
13281,akdmia,akdmia,1,1,1779,1779
13282,akdmia,akdmia,1,1,1779,1779
13292,helge17,helge17,1,1,3230,3230
13293,helge17,helge17,1,1,3230,3230
13412,akdmia,akdmia,1,2,1635,1763
13413,akdmia; helge17,akdmia,2,2,1635,3230
13414,helger,helger,1,3,2105,2112
13415,Trung (Daniel) An; Trung An; akdmia; ffio1; guiv42; helge17; m5ls7h,guiv42,7,49,1638,3211
13416,guiv42; helger,helger,2,6,2105,2667
13417,Trung An; akdmia; ffio1; guiv42; helge17,guiv42,5,25,1638,3211
13418,guiv42; helge17; helger,guiv42,3,8,2105,2667
13419,akdmia; guiv42; helger,guiv42,3,5,1640,2667
13421,akdmia; guiv42; helge17; helger,guiv42,4,8,1816,2667
13422,Trung (Daniel) An; Trung An; akdmia; ffio1; guiv42; helge17; m5ls7h,guiv42,7,48,1638,3211
13424,akdmia; guiv42; helger,guiv42,3,6,1816,2667
13425,guiv42; helge17; helger,helger,3,6,2106,2666
13426,Trung (Daniel) An; Trung An; akdmia; ffio1; guiv42; helge17; m5ls7h,guiv42,7,49,1638,3230
13427,akdmia,akdmia,1,1,1638,1638
13428,akdmia; guiv42; helge17,helge17,3,4,1782,3230
13429,guiv42; helge17; helger,guiv42,3,11,2105,3230
13430,akdmia; guiv42,akdmia,2,2,1638,2441
13431,guiv42; helge17; helger,guiv42,3,8,2106,2667
13434,guiv42; helge17; helger,guiv42,3,8,2106,2667
13435,akdmia,akdmia,1,2,1638,1683
13436,akdmia,akdmia,1,1,1657,1657
13437,akdmia,akdmia,1,1,1648,1648
13438,akdmia,akdmia,1,1,1640,1640
13439,akdmia; helge17,akdmia,2,3,1640,3213
13440,akdmia,akdmia,1,1,1640,1640
13441,akdmia,akdmia,1,1,1640,1640
13442,akdmia,akdmia,1,1,1640,1640
13443,akdmia,akdmia,1,1,1640,1640
13444,akdmia,akdmia,1,1,1640,1640
13445,akdmia,akdmia,1,2,1640,1739
13446,akdmia,akdmia,1,1,1640,1640
13447,akdmia,akdmia,1,2,1640,1739
13448,akdmia,akdmia,1,2,1640,1739
13449,akdmia,akdmia,1,2,1640,1739
13450,akdmia,akdmia,1,2,1640,1739
13451,akdmia,akdmia,1,1,1640,1640
13452,akdmia,akdmia,1,2,1640,1739
13453,akdmia,akdmia,1,1,1640,1640
13454,akdmia,akdmia,1,2,1640,1739
13455,akdmia,akdmia,1,2,1640,1739
13456,akdmia,akdmia,1,1,1640,1640
13457,akdmia,akdmia,1,2,1640,1739
13458,akdmia,akdmia,1,1,1640,1640
13459,akdmia,akdmia,1,1,1640,1640
13460,akdmia,akdmia,1,2,1640,1739
13461,akdmia,akdmia,1,1,1640,1640
13462,akdmia,akdmia,1,1,1640,1640
13463,akdmia,akdmia,1,2,1640,1739
13464,akdmia,akdmia,1,2,1640,1739
13465,akdmia,akdmia,1,1,1640,1640
13467,akdmia,akdmia,1,2,1640,1739
13468,akdmia,akdmia,1,2,1640,1739
13469,akdmia; helge17,akdmia,2,2,1640,3230
13470,akdmia; helge17,akdmia,2,2,1652,3230
13471,akdmia,akdmia,1,1,1640,1640
13472,akdmia; helge17,akdmia,2,2,1640,3230
13473,akdmia,akdmia,1,1,1657,1657
13474,guiv42,guiv42,1,1,2666,2666
13475,akdmia,akdmia,1,1,1640,1640
13476,akdmia; helge17,akdmia,2,2,1852,3230
13477,akdmia,akdmia,1,1,1648,1648
13479,akdmia; helger,akdmia,2,2,1640,2106
13485,guiv42,guiv42,1,2,2614,2667
13486,guiv42,guiv42,1,2,2614,2667
13487,guiv42,guiv42,1,2,2614,2667
13488,guiv42,guiv42,1,2,2614,2667
13489,akdmia,akdmia,1,1,1640,1640
13490,akdmia,akdmia,1,1,1640,1640
13492,helge17,helge17,1,1,3230,3230
13494,helger,helger,1,2,2105,2106
13495,akdmia; helger,akdmia,2,2,1640,2105
13496,helger,helger,1,2,2105,2106
13497,akdmia; guiv42,akdmia,2,2,1640,2666
13498,akdmia; guiv42; helge17; helger,helger,4,9,1650,3230
13499,akdmia; guiv42,guiv42,2,3,1650,2667
13500,guiv42; helger,guiv42,2,4,2106,2667
13501,guiv42,guiv42,1,3,2614,2667
13502,guiv42,guiv42,1,2,2608,2667
13504,helger,helger,1,1,2105,2105
13505,guiv42; helge17; helger,guiv42,3,10,2105,2667
13507,guiv42; helge17; helger,guiv42,3,7,2109,2667
13509,akdmia,akdmia,1,1,1739,1739
13511,akdmia,akdmia,1,1,1648,1648
13514,akdmia,akdmia,1,2,1640,1739
13515,akdmia,akdmia,1,2,1640,1739
13516,akdmia,akdmia,1,2,1640,1739
13517,akdmia,akdmia,1,2,1640,1739
13518,akdmia,akdmia,1,2,1640,1739
13519,akdmia; helge17,akdmia,2,2,1640,3230
13520,akdmia; helge17,akdmia,2,2,1640,3230
13521,akdmia,akdmia,1,1,1640,1640
13522,akdmia,akdmia,1,1,1640,1640
13523,helge17,helge17,1,1,3230,3230
13524,akdmia,akdmia,1,1,1640,1640
13525,guiv42,guiv42,1,3,2614,2667
13526,akdmia; helge17,akdmia,2,2,1640,3230
13527,akdmia; helge17,akdmia,2,2,1640,3230
13528,akdmia,akdmia,1,1,1816,1816
13530,akdmia; helge17,akdmia,2,2,1640,3230
13531,akdmia; helge17,akdmia,2,2,1640,3230
13532,akdmia,akdmia,1,1,1648,1648
13533,guiv42,guiv42,1,7,2125,2174
13534,akdmia,akdmia,1,1,1739,1739
13535,akdmia,akdmia,1,1,1739,1739
13536,guiv42; helge17,guiv42,2,11,2153,2175
13537,guiv42,guiv42,1,1,2152,2152
13540,akdmia,akdmia,1,1,1647,1647
13541,helge17,helge17,1,1,3230,3230
13544,helge17,helge17,1,1,3230,3230
13545,helge17,helge17,1,1,3230,3230
13546,helge17,helge17,1,1,3230,3230
13547,helge17,helge17,1,1,3230,3230
13548,helge17,helge17,1,1,3230,3230
13550,akdmia,akdmia,1,1,1649,1649
13558,akdmia,akdmia,1,1,1739,1739
13559,akdmia,akdmia,1,1,1650,1650
13562,guiv42; helge17,helge17,2,4,2376,3230
13569,helge17,helge17,1,1,3230,3230
13575,akdmia,akdmia,1,1,1652,1652
13579,akdmia,akdmia,1,1,1652,1652
13585,akdmia,akdmia,1,1,1652,1652
13586,helge17,helge17,1,1,3230,3230
13587,helge17,helge17,1,1,3230,3230
13588,akdmia,akdmia,1,1,1823,1823
13589,akdmia,akdmia,1,1,1823,1823
13591,helge17,helge17,1,1,3230,3230
13592,helge17,helge17,1,1,3230,3230
13593,helge17,helge17,1,1,3230,3230
13594,helge17,helge17,1,1,3230,3230
13595,helge17,helge17,1,1,3230,3230
13596,helge17,helge17,1,1,3230,3230
13597,helge17,helge17,1,1,3230,3230
13598,helge17,helge17,1,1,3230,3230
13599,helge17,helge17,1,1,3230,3230
13600,akdmia,akdmia,1,1,1655,1655
13601,akdmia,akdmia,1,2,1655,1686
13603,akdmia,akdmia,1,1,1796,1796
13604,akdmia,akdmia,1,2,1712,1871
13605,akdmia,akdmia,1,3,1657,1713
13606,akdmia,akdmia,1,1,1657,1657
13608,akdmia; helge17,akdmia,2,3,1657,3230
13609,akdmia; helge17,akdmia,2,2,1657,3230
13610,akdmia,akdmia,1,1,1658,1658
13611,akdmia,akdmia,1,2,1666,1668
13621,guiv42,guiv42,1,7,2125,2174
13628,helge17,helge17,1,1,3230,3230
13629,helge17,helge17,1,1,3230,3230
13630,helge17,helge17,1,2,2001,3230
13632,akdmia,akdmia,1,1,1668,1668
13633,helge17,helge17,1,1,3230,3230
13634,helge17,helge17,1,1,3230,3230
13635,helge17,helge17,1,1,3230,3230
13639,helge17,helge17,1,1,3230,3230
13640,akdmia,akdmia,1,1,1671,1671
13642,akdmia,akdmia,1,1,1669,1669
13643,akdmia,akdmia,1,1,1669,1669
13644,helge17,helge17,1,1,3230,3230
13648,akdmia,akdmia,1,1,1778,1778
13649,akdmia,akdmia,1,1,1778,1778
13650,akdmia; helge17,akdmia,2,2,1671,3230
13652,akdmia; helge17,akdmia,2,2,1778,3230
13653,helge17,helge17,1,1,3230,3230
13657,akdmia,akdmia,1,1,1960,1960
13658,akdmia,akdmia,1,1,1672,1672
13659,akdmia,akdmia,1,1,1672,1672
13660,akdmia; helge17,akdmia,2,2,1674,3230
13661,akdmia,akdmia,1,1,1674,1674
13665,akdmia,akdmia,1,3,1675,1824
13666,helge17,helge17,1,1,3230,3230
13667,guiv42,guiv42,1,1,2355,2355
13668,guiv42; helge17,guiv42,2,4,2354,3230
13669,guiv42; helge17,guiv42,2,2,2355,3230
13670,helge17,helge17,1,1,3230,3230
13671,akdmia; helge17,akdmia,2,2,1789,3230
13673,guiv42,guiv42,1,1,2436,2436
13676,akdmia; guiv42,akdmia,2,2,1682,2372
13677,helge17,helge17,1,1,3230,3230
13678,helge17,helge17,1,1,3230,3230
13679,helge17,helge17,1,1,3230,3230
13681,akdmia; helge17,akdmia,2,2,1683,3230
13682,akdmia,akdmia,1,1,1683,1683
13686,helge17,helge17,1,1,3230,3230
13687,helge17,helge17,1,1,3230,3230
13694,akdmia; guiv42; helge17,guiv42,3,5,1685,2970
13696,akdmia,akdmia,1,2,1696,1945
13700,helge17,helge17,1,1,3230,3230
13701,helge17,helge17,1,1,3230,3230
13709,akdmia,akdmia,1,4,1696,1945
13711,akdmia; helge17,akdmia,2,2,1839,3230
13712,helge17,helge17,1,1,3230,3230
13713,helge17,helge17,1,1,3230,3230
13714,helge17,helge17,1,1,3230,3230
13715,helge17,helge17,1,1,3230,3230
13716,helge17,helge17,1,1,3230,3230
13718,helge17,helge17,1,1,3230,3230
13723,akdmia,akdmia,1,2,1723,1849
13724,akdmia,akdmia,1,1,1726,1726
13725,akdmia,akdmia,1,1,1726,1726
13731,akdmia,akdmia,1,1,1945,1945
13732,helge17,helge17,1,1,3230,3230
13735,akdmia,akdmia,1,1,1696,1696
13741,helge17,helge17,1,1,3230,3230
13742,akdmia,akdmia,1,2,1701,1839
13743,akdmia,akdmia,1,3,1701,1842
13744,akdmia,akdmia,1,2,1701,1839
13745,akdmia,akdmia,1,1,1701,1701
13746,akdmia,akdmia,1,2,1701,1842
13747,akdmia,akdmia,1,2,1701,1842
13748,akdmia,akdmia,1,2,1701,1842
13749,akdmia,akdmia,1,2,1701,1842
13750,akdmia,akdmia,1,2,1701,1842
13751,akdmia,akdmia,1,3,1701,1842
13752,akdmia,akdmia,1,1,1701,1701
13753,akdmia,akdmia,1,3,1701,1842
13754,akdmia,akdmia,1,2,1701,1842
13755,helge17,helge17,1,1,3230,3230
13756,akdmia,akdmia,1,3,1701,1842
13757,akdmia,akdmia,1,1,1711,1711
13758,akdmia,akdmia,1,1,1723,1723
13760,akdmia,akdmia,1,1,1945,1945
13762,helge17,helge17,1,1,3230,3230
13764,akdmia,akdmia,1,1,1723,1723
13765,akdmia; helge17,akdmia,2,2,1724,3230
13766,akdmia; helge17,akdmia,2,2,1726,3230
13767,helge17,helge17,1,1,3230,3230
13768,akdmia,akdmia,1,1,1726,1726
13769,akdmia,akdmia,1,1,1726,1726
13770,akdmia,akdmia,1,1,1937,1937
13771,akdmia,akdmia,1,1,1726,1726
13772,akdmia,akdmia,1,1,1726,1726
13773,Makoha; Xavier; akdmia; guiv42,guiv42,4,11,1726,3077
13774,helge17,helge17,1,1,3230,3230
13778,akdmia,akdmia,1,1,1767,1767
13785,helge17,helge17,1,1,3230,3230
13788,helge17,helge17,1,1,3230,3230
13789,helge17,helge17,1,1,3230,3230
13790,helge17,helge17,1,1,3230,3230
13791,helge17,helge17,1,1,3230,3230
13802,akdmia,akdmia,1,1,1942,1942
13816,akdmia,akdmia,1,1,1858,1858
13822,akdmia; helge17,akdmia,2,4,1879,3230
13837,akdmia,akdmia,1,3,1851,1942
13859,akdmia,akdmia,1,1,1743,1743
13860,akdmia,akdmia,1,1,1786,1786
13861,akdmia,akdmia,1,1,1760,1760
13862,akdmia,akdmia,1,1,1760,1760
13863,akdmia,akdmia,1,1,1760,1760
13864,akdmia,akdmia,1,1,1760,1760
13866,helge17,helge17,1,1,3230,3230
13868,akdmia,akdmia,1,1,1762,1762
13871,akdmia,akdmia,1,1,1762,1762
13873,akdmia,akdmia,1,1,1765,1765
13874,akdmia,akdmia,1,1,1765,1765
13875,akdmia,akdmia,1,1,1765,1765
13877,akdmia,akdmia,1,1,1765,1765
13879,akdmia,akdmia,1,1,1779,1779
13880,helge17,helge17,1,1,3230,3230
13882,akdmia; helge17,akdmia,2,2,1779,3230
13883,akdmia; helge17,akdmia,2,2,1779,3230
13884,akdmia; helge17,akdmia,2,2,1779,3230
13885,akdmia,akdmia,1,1,1779,1779
13886,akdmia; helge17,akdmia,2,2,1779,3230
13887,akdmia; helge17,akdmia,2,2,1779,3230
13888,akdmia; helge17,akdmia,2,2,1779,3230
13889,akdmia,akdmia,1,1,1779,1779
13890,akdmia; helge17,akdmia,2,2,1779,3230
13891,helge17,helge17,1,1,3230,3230
13892,akdmia; helge17,akdmia,2,2,1779,3230
13893,akdmia; helge17,akdmia,2,2,1779,3230
13894,akdmia,akdmia,1,1,1779,1779
13895,akdmia,akdmia,1,1,1779,1779
13896,akdmia,akdmia,1,1,1781,1781
13897,akdmia,akdmia,1,1,1781,1781
13898,helge17,helge17,1,1,3230,3230
13905,akdmia,akdmia,1,2,1785,1960
13908,helge17,helge17,1,1,3230,3230
13909,helge17,helge17,1,1,3230,3230
13911,helge17,helge17,1,1,3230,3230
13920,akdmia,akdmia,1,1,1824,1824
13921,helge17,helge17,1,1,3230,3230
13946,akdmia,akdmia,1,1,1824,1824
13950,akdmia; guiv,guiv,2,5,1800,2050
13951,akdmia,akdmia,1,1,1800,1800
13952,guiv42,guiv42,1,1,2569,2569
13954,akdmia; guiv,guiv,2,4,1800,2050
13955,akdmia; guiv; helge17,guiv,3,5,1800,3230
13956,akdmia; guiv,guiv,2,5,1800,2050
13957,akdmia,akdmia,1,1,1800,1800
13958,akdmia,akdmia,1,2,1805,1809
13959,akdmia,akdmia,1,2,1808,1809
13960,akdmia,akdmia,1,1,1814,1814
13962,akdmia,akdmia,1,1,1816,1816
13965,akdmia; helge17,akdmia,2,2,1820,3230
13966,akdmia; helge17,akdmia,2,2,1820,3230
13967,akdmia,akdmia,1,1,1829,1829
13968,akdmia,akdmia,1,1,1829,1829
13969,akdmia,akdmia,1,1,1829,1829
13971,akdmia; helge17,akdmia,2,2,1829,3230
13972,helge17,helge17,1,1,3230,3230
13973,akdmia; helge17,akdmia,2,2,1829,3230
13974,helge17,helge17,1,1,3230,3230
13975,helge17,helge17,1,1,3230,3230
13976,akdmia,akdmia,1,1,1839,1839
13977,akdmia,akdmia,1,1,1945,1945
13979,akdmia,akdmia,1,1,1915,1915
13980,helge17,helge17,1,1,3230,3230
13981,helge17,helge17,1,1,3230,3230
13987,akdmia; helge17,akdmia,2,2,1915,3230
13990,helge17,helge17,1,1,3230,3230
13992,helge17,helge17,1,1,3230,3230
14000,akdmia,akdmia,1,2,1851,1855
14003,helge17,helge17,1,1,3230,3230
14005,akdmia,akdmia,1,2,1894,1958
14006,akdmia,akdmia,1,1,1958,1958
14007,akdmia,akdmia,1,2,1894,1958
14008,helge17,helge17,1,1,3230,3230
14011,akdmia,akdmia,1,1,1851,1851
14012,akdmia,akdmia,1,1,1849,1849
14013,akdmia; helge17,akdmia,2,2,1858,3230
14014,helge17,helge17,1,1,3230,3230
14034,akdmia,akdmia,1,2,1904,1915
14035,akdmia,akdmia,1,1,1904,1904
14036,akdmia,akdmia,1,2,1904,1915
14037,akdmia,akdmia,1,2,1855,1904
14039,akdmia,akdmia,1,1,1942,1942
14040,akdmia,akdmia,1,1,1915,1915
14041,akdmia,akdmia,1,2,1904,1915
14043,akdmia,akdmia,1,1,1920,1920
14050,akdmia,akdmia,1,1,1849,1849
14052,akdmia,akdmia,1,1,1849,1849
14054,helge17,helge17,1,1,3230,3230
14057,akdmia,akdmia,1,1,1858,1858
14059,akdmia; helge17,akdmia,2,3,1861,3230
14060,akdmia,akdmia,1,2,1861,1874
14063,guiv42; helge17,guiv42,2,4,3072,3093
14068,helge17,helge17,1,1,3230,3230
14069,helge17,helge17,1,1,3230,3230
14071,helge17,helge17,1,1,3230,3230
14072,helge17,helge17,1,1,3230,3230
14088,helge17,helge17,1,1,3230,3230
14107,helge17,helge17,1,1,3230,3230
14108,helge17,helge17,1,1,3230,3230
14128,helge17,helge17,1,1,3230,3230
14349,helge17,helge17,1,1,3230,3230
14482,helge17,helge17,1,1,3230,3230
14494,helge17,helge17,1,1,3230,3230
14498,helge17,helge17,1,1,3230,3230
14499,helge17,helge17,1,1,3230,3230
14531,helge17,helge17,1,1,3230,3230
14532,helge17,helge17,1,1,3230,3230
14536,helge17,helge17,1,1,3230,3230
14541,guiv42; helge17,guiv42,2,9,3071,3093
14542,guiv42; helge17,guiv42,2,9,3071,3093
14556,helge17,helge17,1,1,3230,3230
14557,helge17,helge17,1,1,3230,3230
14565,helge17,helge17,1,1,3230,3230
14616,guiv42; helge17,guiv42,2,9,3072,3093
14617,guiv42; helge17,guiv42,2,9,3072,3093
14629,helge17,helge17,1,1,3230,3230
14630,helge17,helge17,1,1,3230,3230
14631,helge17,helge17,1,1,3230,3230
14644,helge17,helge17,1,1,3230,3230
14645,helge17,helge17,1,1,3230,3230
14646,helge17,helge17,1,1,3230,3230
14648,helge17,helge17,1,1,3230,3230
14697,helge17,helge17,1,1,3230,3230
14721,guiv42; helge17,guiv42,2,9,3071,3093
14722,guiv42; helge17,guiv42,2,9,3071,3093
14739,helge17,helge17,1,1,3230,3230
14740,helge17,helge17,1,1,3230,3230
14741,helge17,helge17,1,1,3230,3230
14744,helge17,helge17,1,1,3230,3230
14763,helge17,helge17,1,1,3230,3230
14764,helge17,helge17,1,1,3230,3230
14766,helge17,helge17,1,1,3230,3230
14797,helge17,helge17,1,1,3230,3230
14799,helge17,helge17,1,1,3230,3230
14837,helge17,helge17,1,1,3230,3230
14859,akdmia,akdmia,1,1,1958,1958
14860,helge17,helge17,1,1,3230,3230
14865,helge17,helge17,1,1,3230,3230
14866,helge17,helge17,1,1,3230,3230
14867,helge17,helge17,1,1,3230,3230
14883,akdmia; helge17,akdmia,2,2,1955,3230
14885,akdmia; helge17,akdmia,2,2,1955,3230
14899,akdmia,akdmia,1,1,1945,1945
14918,akdmia,akdmia,1,1,1945,1945
14955,helge17,helge17,1,1,3230,3230
14956,helge17,helge17,1,1,3230,3230
14957,akdmia,akdmia,1,1,1938,1938
14959,akdmia,akdmia,1,1,1945,1945
14960,akdmia,akdmia,1,1,1945,1945
14963,helge17,helge17,1,1,3230,3230
14965,helge17,helge17,1,1,3230,3230
14967,guiv42; helge17,guiv42,2,4,2126,2970
14973,akdmia,akdmia,1,1,1973,1973
14975,helge17,helge17,1,1,3230,3230
14976,helge17,helge17,1,1,3230,3230
14977,helge17,helge17,1,1,3230,3230
14978,helge17,helge17,1,1,3230,3230
14981,guiv,guiv,1,2,2050,2053
14983,guiv42,guiv42,1,1,2403,2403
14986,guiv42; helge17; helger,guiv42,3,6,2105,2667
14987,helger,helger,1,2,2105,2112
14991,guiv42; helge17,guiv42,2,2,2403,3230
14993,guiv42; helge17; helger,guiv42,3,9,2106,2667
14994,helger,helger,1,3,2106,2112
15008,guiv42,guiv42,1,2,2336,2666
15009,guiv42,guiv42,1,3,2336,2667
15010,guiv42,guiv42,1,3,2622,2667
15017,guiv42; helge17,guiv42,2,9,2142,2231
15023,guiv42,guiv42,1,1,2316,2316
15024,guiv42,guiv42,1,1,2159,2159
15027,Trung (Daniel) An; Trung An; ffio1; guiv42; helge17; m5ls7h,guiv42,6,38,3045,3230
15029,guiv42,guiv42,1,1,2198,2198
15038,guiv42,guiv42,1,1,2198,2198
15045,guiv42,guiv42,1,1,2218,2218
15048,guiv42,guiv42,1,2,2228,2231
15050,guiv42,guiv42,1,3,2255,2257
15054,Makoha; Xavier; guiv42; helge17,guiv42,4,26,2241,3241
15058,guiv42,guiv42,1,2,2256,2258
15059,guiv42,guiv42,1,1,2265,2265
15062,guiv42,guiv42,1,4,2266,2666
15064,guiv42,guiv42,1,1,2267,2267
15065,guiv42,guiv42,1,1,2267,2267
15066,guiv42,guiv42,1,1,2268,2268
15067,guiv42,guiv42,1,1,2268,2268
15068,guiv42,guiv42,1,1,2269,2269
15069,guiv42,guiv42,1,1,2269,2269
15070,guiv42,guiv42,1,1,2270,2270
15071,guiv42,guiv42,1,4,2270,2666
15072,guiv42,guiv42,1,1,2271,2271
15073,guiv42,guiv42,1,1,2271,2271
15074,guiv42,guiv42,1,1,2272,2272
15075,guiv42,guiv42,1,4,2272,2666
15076,guiv42,guiv42,1,1,2273,2273
15077,guiv42,guiv42,1,6,2273,2667
15078,guiv42,guiv42,1,1,2274,2274
15079,guiv42,guiv42,1,1,2274,2274
15080,guiv42,guiv42,1,1,2275,2275
15081,guiv42,guiv42,1,1,2275,2275
15082,guiv42,guiv42,1,1,2276,2276
15083,guiv42,guiv42,1,1,2276,2276
15086,ffio1; guiv42,guiv42,2,4,3126,3229
15087,guiv42,guiv42,1,1,2286,2286
15088,guiv42; helge17,guiv42,2,4,2598,3230
15089,Trung An (An Đức Trung); guiv42; helge17,guiv42,3,13,2417,3175
15091,guiv42; helge17,guiv42,2,2,2382,3230
15093,helge17,helge17,1,1,3230,3230
15095,Makoha; guiv42,Makoha,2,5,2708,2713
15096,guiv42; harborsiem,guiv42,2,3,2325,2329
15098,guiv42,guiv42,1,2,2327,2331
15101,helge17,helge17,1,1,3230,3230
15102,guiv42; helge17,guiv42,2,2,2334,3230
15103,helge17,helge17,1,2,2376,3230
15106,helge17,helge17,1,1,3230,3230
15108,helge17,helge17,1,1,3230,3230
15109,helge17,helge17,1,1,3230,3230
15111,helge17,helge17,1,1,3230,3230
15114,guiv42,guiv42,1,1,2382,2382
15118,helge17,helge17,1,1,3230,3230
15122,Makoha; Xavier; guiv42,guiv42,3,3,2693,2713
15123,Makoha; Xavier; guiv42,Xavier,3,5,2693,2713
15124,Makoha; Xavier; guiv42,Xavier,3,5,2693,2713
15125,Makoha; Xavier; guiv42,Xavier,3,5,2693,2713
15130,Trung (Daniel) An; ffio1; guiv42; helge17; m5ls7h,guiv42,5,20,2391,3207
15131,Trung (Daniel) An; Trung An; ffio1; guiv42; helge17; m5ls7h,guiv42,6,38,3045,3230
15132,Trung (Daniel) An; Trung An; ffio1; guiv42; helge17; m5ls7h,guiv42,6,37,3045,3211
15133,guiv42,guiv42,1,1,2666,2666
15135,Trung An; ffio1; guiv42; helge17,guiv42,4,24,2666,3202
15137,helge17,helge17,1,1,2400,2400
15142,helge17,helge17,1,1,2405,2405
15144,guiv42,guiv42,1,1,2409,2409
15146,guiv42,guiv42,1,3,2422,2430
15149,guiv42,guiv42,1,1,2666,2666
15150,helge17,helge17,1,1,3230,3230
15159,guiv42,guiv42,1,1,2557,2557
15160,Makoha; Xavier; guiv42,guiv42,3,4,2598,2712
15161,Makoha; Xavier; guiv42,guiv42,3,3,2569,2712
15163,guiv42,guiv42,1,1,2563,2563
15164,Makoha; Xavier; guiv42,guiv42,3,10,2690,3218
15166,guiv42,guiv42,1,3,2610,2667
15167,guiv42,guiv42,1,2,2610,2667
15168,guiv42,guiv42,1,2,2610,2667
15170,helge17,helge17,1,1,3230,3230
15172,guiv42; helge17,guiv42,2,3,2608,3230
15173,guiv42,guiv42,1,2,2608,2667
15174,Menno Vossen; Trung (Daniel) An; Trung An; ffio1; guiv42; helge17; m5ls7h,guiv42,7,44,2625,3230
15175,guiv42,guiv42,1,2,2622,2667
15176,guiv42,guiv42,1,3,3172,3175
15177,guiv42,guiv42,1,3,3172,3175
15178,guiv42,guiv42,1,2,3172,3175
15180,guiv42; helge17,guiv42,2,3,2622,3230
15181,guiv42,guiv42,1,1,2637,2637
15182,guiv42,guiv42,1,1,2637,2637
15184,guiv42,guiv42,1,2,2643,2667
15185,guiv42,guiv42,1,2,2643,2667
15186,guiv42,guiv42,1,2,2643,2667
15187,guiv42,guiv42,1,2,2643,2667
15188,Makoha; Xavier; guiv42,guiv42,3,4,2643,2712
15189,Makoha; Xavier; guiv42,guiv42,3,4,2643,2712
15190,guiv42,guiv42,1,2,2643,2667
15191,guiv42,guiv42,1,2,2643,2667
15192,guiv42,guiv42,1,2,2643,2667
15198,helge17,helge17,1,1,3230,3230
15201,helge17,helge17,1,2,2670,3230
15202,helge17,helge17,1,2,3230,3231
15204,guiv42,guiv42,1,2,2673,2675
15205,Trung An (An Đức Trung); helge17,Trung An (An Đức Trung),2,2,2676,3230
15208,guiv42; helge17,guiv42,2,7,3115,3204
15212,Makoha; Xavier; guiv42,guiv42,3,3,2686,2713
15213,Makoha; Xavier; guiv42; helge17,guiv42,4,7,2693,3230
15215,helge17,helge17,1,1,3230,3230
15216,guiv42,guiv42,1,1,2753,2753
15218,guiv42; helge17,guiv42,2,3,2753,3202
15219,guiv42,guiv42,1,1,2771,2771
15220,guiv42,guiv42,1,1,2779,2779
15224,Trung (Daniel) An; Trung An; ffio1; guiv42; helge17; m5ls7h,guiv42,6,37,2796,3229
15225,Trung An; ffio1; guiv42; helge17,guiv42,4,23,2888,3231
15226,Trung (Daniel) An; Trung An; ffio1; guiv42; helge17; m5ls7h,guiv42,6,40,2796,3231
15229,guiv42; helge17,guiv42,2,6,2862,3076
15230,guiv42; helge17,guiv42,2,10,2862,3092
15232,Grzegorz Pruchniakowski; guiv42; helge17,guiv42,3,19,2903,2988
15233,Grzegorz Pruchniakowski; guiv42; helge17,guiv42,3,3,2903,2918
15237,helge17,helge17,1,1,3230,3230
15240,helge17,helge17,1,1,3230,3230
15306,helge17,helge17,1,1,3230,3230
15307,helge17,helge17,1,1,3230,3230
15308,helge17,helge17,1,1,3230,3230
15309,helge17,helge17,1,1,3230,3230
15310,helge17,helge17,1,1,3230,3230
15311,helge17,helge17,1,1,3230,3230
15312,guiv42; helge17,guiv42,2,6,3111,3230
15314,helge17,helge17,1,1,3230,3230
15315,helge17,helge17,1,1,3230,3230
15316,helge17,helge17,1,1,3230,3230
15317,helge17,helge17,1,1,3230,3230
15326,helge17,helge17,1,1,3230,3230
15327,guiv42; helge17,guiv42,2,6,3111,3230
15328,helge17,helge17,1,1,3230,3230
15329,helge17,helge17,1,1,3230,3230
15332,helge17,helge17,1,1,3230,3230
15333,guiv42; helge17,guiv42,2,6,3111,3230
15339,guiv42; helge17,guiv42,2,4,3111,3120
15356,guiv42; helge17,helge17,2,2,3111,3112
15362,guiv42,guiv42,1,1,3112,3112
15365,guiv42,guiv42,1,4,3112,3121
15383,helge17,helge17,1,1,3230,3230
15385,guiv42,guiv42,1,2,3112,3120
15386,helge17,helge17,1,1,3230,3230
15387,helge17,helge17,1,1,3230,3230
15388,helge17,helge17,1,1,3230,3230
15389,helge17,helge17,1,1,3230,3230
15394,helge17,helge17,1,1,3230,3230
15395,helge17,helge17,1,1,3230,3230
15396,helge17,helge17,1,1,3230,3230
15397,helge17,helge17,1,1,3230,3230
15398,helge17,helge17,1,1,3230,3230
15399,helge17,helge17,1,1,3230,3230
15400,guiv42; helge17,guiv42,2,6,3111,3230
15404,helge17,helge17,1,1,3230,3230
15405,helge17,helge17,1,1,3230,3230
15406,helge17,helge17,1,1,3230,3230
15407,helge17,helge17,1,1,3230,3230
15408,helge17,helge17,1,1,3230,3230
15409,helge17,helge17,1,1,3230,3230
15410,helge17,helge17,1,1,3230,3230
15411,helge17,helge17,1,1,3230,3230
15413,guiv42; helge17,guiv42,2,5,3111,3121
15414,helge17,helge17,1,1,3230,3230
15415,helge17,helge17,1,1,3230,3230
15416,helge17,helge17,1,1,3230,3230
15417,helge17,helge17,1,1,3230,3230
15418,helge17,helge17,1,1,3230,3230
15419,helge17,helge17,1,1,3230,3230
15420,helge17,helge17,1,1,3230,3230
15421,helge17,helge17,1,1,3230,3230
15422,helge17,helge17,1,1,3230,3230
15423,helge17,helge17,1,1,3230,3230
15424,helge17,helge17,1,1,3230,3230
15425,helge17,helge17,1,1,3230,3230
15426,helge17,helge17,1,1,3230,3230
15427,helge17,helge17,1,1,3230,3230
15428,helge17,helge17,1,1,3230,3230
15429,helge17,helge17,1,1,3230,3230
15430,helge17,helge17,1,1,3230,3230
15431,helge17,helge17,1,1,3230,3230
15434,helge17,helge17,1,1,3230,3230
15435,helge17,helge17,1,1,3230,3230
15436,helge17,helge17,1,1,3230,3230
15437,helge17,helge17,1,1,3230,3230
15440,helge17,helge17,1,1,3230,3230
15441,helge17,helge17,1,1,3230,3230
15442,helge17,helge17,1,1,3230,3230
15445,helge17,helge17,1,1,3230,3230
15446,helge17,helge17,1,1,3230,3230
15447,helge17,helge17,1,1,3230,3230
15448,helge17,helge17,1,1,3230,3230
15449,helge17,helge17,1,1,3230,3230
15450,helge17,helge17,1,1,3230,3230
15453,helge17,helge17,1,1,3230,3230
15454,helge17,helge17,1,1,3230,3230
15455,helge17,helge17,1,1,3230,3230
15456,helge17,helge17,1,1,3230,3230
15457,helge17,helge17,1,1,3230,3230
15458,helge17,helge17,1,1,3230,3230
15459,helge17,helge17,1,1,3230,3230
15460,helge17,helge17,1,1,3230,3230
15461,helge17,helge17,1,1,3230,3230
15462,helge17,helge17,1,1,3230,3230
15463,helge17,helge17,1,1,3230,3230
15464,helge17,helge17,1,1,3230,3230
15465,helge17,helge17,1,1,3230,3230
15466,helge17,helge17,1,1,3230,3230
15467,helge17,helge17,1,1,3230,3230
15468,helge17,helge17,1,1,3230,3230
15469,helge17,helge17,1,1,3230,3230
15470,helge17,helge17,1,1,3230,3230
15471,helge17,helge17,1,1,3230,3230
15474,helge17,helge17,1,1,3230,3230
15475,helge17,helge17,1,1,3230,3230
15476,helge17,helge17,1,1,3230,3230
15477,helge17,helge17,1,1,3230,3230
15482,helge17,helge17,1,1,3230,3230
15483,helge17,helge17,1,1,3230,3230
15488,helge17,helge17,1,1,3230,3230
15489,helge17,helge17,1,1,3230,3230
15492,helge17,helge17,1,1,3230,3230
15494,helge17,helge17,1,1,3230,3230
15495,helge17,helge17,1,1,3230,3230
15502,guiv42,guiv42,1,2,3112,3120
15503,helge17,helge17,1,1,3230,3230
15504,helge17,helge17,1,1,3230,3230
15531,guiv42; helge17,guiv42,2,4,2964,3135
15584,guiv42,guiv42,1,1,2978,2978
15585,guiv42,guiv42,1,1,2978,2978
15586,guiv42; helge17,guiv42,2,6,2964,3147
15587,guiv42,guiv42,1,1,2964,2964
15588,guiv42,guiv42,1,1,2964,2964
15589,guiv42; helge17,guiv42,2,9,2964,3175
15590,guiv42,guiv42,1,1,2964,2964
15591,guiv42,guiv42,1,1,2964,2964
15592,helge17,helge17,1,1,3230,3230
15593,helge17,helge17,1,1,3230,3230
15594,guiv42,guiv42,1,1,2964,2964
15595,guiv42,guiv42,1,1,2964,2964
15596,guiv42; helge17,guiv42,2,9,2964,3175
15597,guiv42; helge17,guiv42,2,12,2964,3202
15598,guiv42; helge17,guiv42,2,16,2964,3203
15599,guiv42; helge17,guiv42,2,11,2964,3203
15600,guiv42; helge17,guiv42,2,9,2964,3203
15601,guiv42; helge17,guiv42,2,5,3112,3147
15602,guiv42; helge17,guiv42,2,11,2964,3203
15603,guiv42; helge17,guiv42,2,11,2964,3203
15605,helge17,helge17,1,1,3230,3230
15606,guiv42; helge17,guiv42,2,6,3190,3203
15607,guiv42; helge17,guiv42,2,3,2965,3230
15608,guiv42; helge17,guiv42,2,3,2965,3230
15609,guiv42; helge17,guiv42,2,2,2979,3230
15610,guiv42; helge17,guiv42,2,2,2979,3230
15611,guiv42; helge17,guiv42,2,2,2979,3230
15619,guiv42,guiv42,1,3,3063,3076
15620,guiv42; helge17,guiv42,2,5,3230,3241
15625,Trung An; ffio1; guiv42; helge17,guiv42,4,25,3015,3230
15626,Trung An; ffio1; guiv42; helge17,guiv42,4,19,3045,3211
15631,guiv42; helge17,guiv42,2,8,3112,3175
15632,guiv42; helge17,guiv42,2,8,3112,3175
15633,guiv42,guiv42,1,4,3046,3076
15642,guiv42,guiv42,1,1,3050,3050
15643,guiv42,guiv42,1,1,3050,3050
15644,guiv42; helge17,guiv42,2,18,3115,3241
15645,guiv42,guiv42,1,2,3063,3076
15648,guiv42,guiv42,1,1,3076,3076
15649,guiv42,guiv42,1,1,3076,3076
15650,guiv42,guiv42,1,1,3076,3076
15652,guiv42; helge17,guiv42,2,16,3075,3203
15653,guiv42; helge17,guiv42,2,13,3118,3241
15655,guiv42,guiv42,1,2,3063,3076
15656,guiv42; helge17,guiv42,2,7,3117,3204
15658,guiv42; helge17,guiv42,2,7,3117,3204
15659,guiv42; helge17,guiv42,2,11,3063,3204
15660,guiv42; helge17,guiv42,2,12,3063,3204
15662,guiv42; helge17,guiv42,2,5,3112,3175
15666,helge17,helge17,1,1,3230,3230
15670,guiv42; helge17,guiv42,2,13,3116,3241
15671,guiv42; helge17,guiv42,2,20,3116,3241
15673,ffio1; guiv42; helge17,guiv42,3,6,3126,3175
15674,ffio1; guiv42; helge17,guiv42,3,6,3126,3175
15675,ffio1,ffio1,1,2,3127,3129
15676,ffio1; guiv42; helge17,ffio1,3,4,3127,3231
15677,ffio1; guiv42; helge17,ffio1,3,3,3127,3231
15678,ffio1; guiv42; helge17,guiv42,3,6,3132,3230
15679,ffio1; guiv42; helge17,guiv42,3,6,3132,3230
15680,guiv42,guiv42,1,3,3147,3176
15681,ffio1; guiv42,guiv42,2,5,3139,3165
15682,guiv42,guiv42,1,2,3160,3165
15683,guiv42,guiv42,1,2,3160,3165
15684,ffio1; guiv42,guiv42,2,5,3139,3165
15685,ffio1; guiv42,guiv42,2,5,3139,3165
15686,Trung An; guiv42; helge17,guiv42,3,13,3142,3230
15722,helge17,helge17,1,1,3230,3230
15726,guiv42,guiv42,1,1,3165,3165
15734,helge17,helge17,1,1,3230,3230
15735,helge17,helge17,1,1,3230,3230
15738,helge17,helge17,1,1,3230,3230
15739,helge17,helge17,1,1,3230,3230
15742,helge17,helge17,1,1,3230,3230
15743,helge17,helge17,1,1,3230,3230
15744,helge17,helge17,1,1,3230,3230
15745,helge17,helge17,1,1,3230,3230
15746,helge17,helge17,1,1,3230,3230
15747,helge17,helge17,1,1,3230,3230
15748,helge17,helge17,1,1,3230,3230
15749,helge17,helge17,1,1,3230,3230
15751,helge17,helge17,1,1,3230,3230
15752,helge17,helge17,1,1,3230,3230
15753,helge17,helge17,1,1,3230,3230
15754,helge17,helge17,1,1,3230,3230
15755,helge17,helge17,1,1,3230,3230
15756,helge17,helge17,1,1,3230,3230
15757,helge17,helge17,1,1,3230,3230
15758,helge17,helge17,1,1,3230,3230
15759,helge17,helge17,1,1,3230,3230
15768,helge17,helge17,1,1,3230,3230
15771,guiv42,guiv42,1,1,3165,3165
15773,guiv42,guiv42,1,1,3165,3165
15775,Trung (Daniel) An; guiv42; helge17; m5ls7h,guiv42,4,7,3177,3220
15776,Trung (Daniel) An; guiv42; helge17; m5ls7h,guiv42,4,7,3177,3220
15777,helge17,helge17,1,1,3230,3230
15778,helge17,helge17,1,1,3230,3230
15779,helge17,helge17,1,1,3230,3230
15780,helge17,helge17,1,1,3230,3230
15781,helge17,helge17,1,1,3230,3230
15782,helge17,helge17,1,1,3230,3230
15783,helge17,helge17,1,1,3230,3230
15784,helge17,helge17,1,1,3230,3230
15785,helge17,helge17,1,1,3230,3230
15786,helge17,helge17,1,1,3230,3230
15797,guiv42; helge17,guiv42,2,4,3227,3231
15798,guiv42; helge17,guiv42,2,7,3188,3229
15799,guiv42; helge17,guiv42,2,5,3188,3204
15801,guiv42; helge17,guiv42,2,7,3188,3230
15802,guiv42; helge17,guiv42,2,6,3188,3211
15806,helge17,helge17,1,1,3230,3230
15807,guiv42,guiv42,1,1,3202,3202
15808,helge17,helge17,1,1,3230,3230
15809,helge17,helge17,1,1,3230,3230
15810,guiv42,guiv42,1,6,3203,3239
15811,m5ls7h,m5ls7h,1,1,3208,3208
15812,m5ls7h,m5ls7h,1,1,3208,3208
15816,guiv42,guiv42,1,2,3216,3220
15817,guiv42,guiv42,1,2,3216,3220
15818,guiv42,guiv42,1,2,3216,3220
15819,guiv42,guiv42,1,2,3216,3220
15820,guiv42,guiv42,1,2,3216,3220
15821,helge17,helge17,1,1,3230,3230
15823,guiv42,guiv42,1,5,3218,3241
15825,guiv42,guiv42,1,3,3218,3241
15826,guiv42,guiv42,1,3,3218,3241
15834,guiv42,guiv42,1,2,3232,3239
