revision,gcid1,gcid2,classId,similarity,classSize,sim_bucket,class_bucket,sameFile,depth,dep_label
13,141,151,30,75,4,71-80,3-5,0,1,0
13,65,123,45,100,21,96-100,21+,0,1,0
13,66,123,45,100,21,96-100,21+,0,1,0
13,67,123,45,100,21,96-100,21+,0,1,0
13,68,123,45,100,21,96-100,21+,1,1,0
13,69,123,45,100,21,96-100,21+,0,1,0
13,71,123,45,100,21,96-100,21+,0,1,0
13,72,123,45,100,21,96-100,21+,0,1,0
13,73,123,45,100,21,96-100,21+,0,1,0
13,106,123,45,70,21,<=70,21+,0,1,0
13,107,123,45,70,21,<=70,21+,0,1,0
13,120,123,45,72,21,71-80,21+,1,0,0
13,123,124,45,74,21,71-80,21+,1,1,0
13,70,132,48,100,12,96-100,11-20,0,1,0
13,70,147,48,100,12,96-100,11-20,0,1,0
13,132,133,48,80,12,71-80,11-20,1,1,0
13,132,147,48,80,12,71-80,11-20,1,0,1
13,132,148,48,80,12,71-80,11-20,1,1,0
13,132,160,48,80,12,71-80,11-20,1,0,0
13,133,147,48,80,12,71-80,11-20,1,1,0
13,147,148,48,75,12,71-80,11-20,1,1,0
13,147,160,48,75,12,71-80,11-20,1,0,0
13,134,136,49,100,10,96-100,6-10,1,0,0
13,135,136,49,100,10,96-100,6-10,1,1,0
13,136,137,49,75,10,71-80,6-10,0,1,0
13,136,140,49,75,10,71-80,6-10,0,1,0
13,136,150,49,75,10,71-80,6-10,1,1,0
13,136,152,49,75,10,71-80,6-10,1,1,0
13,136,188,49,75,10,71-80,6-10,0,1,0
13,136,196,49,75,10,71-80,6-10,0,1,0
13,136,198,49,75,10,71-80,6-10,0,1,0
13,139,145,50,75,4,71-80,3-5,1,0,1
13,139,146,50,75,4,71-80,3-5,1,0,0
13,145,146,50,80,4,71-80,3-5,1,0,0
13,138,142,51,83,15,81-90,11-20,0,1,0
13,138,158,51,83,15,81-90,11-20,1,0,1
13,138,159,51,83,15,81-90,11-20,1,1,0
13,138,180,51,83,15,81-90,11-20,0,1,0
13,142,158,51,83,15,81-90,11-20,0,1,0
13,158,159,51,85,15,81-90,11-20,1,1,0
13,158,180,51,85,15,81-90,11-20,0,1,0
13,162,163,53,100,7,96-100,6-10,1,1,0
20,168,169,56,75,9,71-80,6-10,1,0,1
20,168,170,56,75,9,71-80,6-10,0,1,0
20,168,236,56,75,9,71-80,6-10,0,1,0
28,166,167,62,100,17,96-100,11-20,0,1,0
30,168,169,56,75,9,71-80,6-10,1,0,1
30,168,170,56,75,9,71-80,6-10,0,1,0
30,168,236,56,75,9,71-80,6-10,0,1,0
30,169,170,56,75,9,71-80,6-10,0,1,0
30,169,236,56,75,9,71-80,6-10,0,1,0
32,53,112,40,100,9,96-100,6-10,0,1,0
32,54,112,40,100,9,96-100,6-10,0,1,0
32,55,112,40,100,9,96-100,6-10,0,1,0
32,112,113,40,95,9,91-95,6-10,1,1,0
32,103,104,44,71,12,71-80,11-20,0,1,1
32,103,105,44,71,12,71-80,11-20,0,1,1
32,103,118,44,71,12,71-80,11-20,0,1,0
32,103,119,44,71,12,71-80,11-20,0,1,0
32,104,105,44,71,12,71-80,11-20,0,1,1
32,104,118,44,71,12,71-80,11-20,0,1,0
32,104,119,44,71,12,71-80,11-20,0,1,0
32,105,118,44,71,12,71-80,11-20,0,1,0
32,105,119,44,71,12,71-80,11-20,0,1,0
32,65,106,45,100,21,96-100,21+,0,1,0
32,65,107,45,100,21,96-100,21+,0,1,0
32,66,106,45,100,21,96-100,21+,0,1,0
32,66,107,45,100,21,96-100,21+,0,1,0
32,67,106,45,100,21,96-100,21+,0,1,0
32,67,107,45,100,21,96-100,21+,0,1,0
32,68,106,45,100,21,96-100,21+,0,1,0
32,68,107,45,100,21,96-100,21+,0,1,0
32,69,106,45,100,21,96-100,21+,0,1,0
32,69,107,45,100,21,96-100,21+,0,1,0
32,71,106,45,100,21,96-100,21+,0,1,0
32,71,107,45,100,21,96-100,21+,0,1,0
32,72,106,45,100,21,96-100,21+,0,1,0
32,72,107,45,100,21,96-100,21+,0,1,0
32,73,106,45,100,21,96-100,21+,0,1,0
32,73,107,45,100,21,96-100,21+,0,1,0
32,106,107,45,70,21,<=70,21+,0,1,1
32,106,120,45,70,21,<=70,21+,0,1,0
32,106,123,45,70,21,<=70,21+,0,1,0
32,106,124,45,70,21,<=70,21+,0,1,0
32,106,437,45,70,21,<=70,21+,0,1,0
32,107,120,45,70,21,<=70,21+,0,1,0
32,107,123,45,70,21,<=70,21+,0,1,0
32,107,124,45,70,21,<=70,21+,0,1,0
32,107,437,45,70,21,<=70,21+,0,1,0
32,109,125,46,71,8,71-80,6-10,0,1,0
32,109,126,46,71,8,71-80,6-10,0,1,0
32,109,127,46,71,8,71-80,6-10,0,1,0
32,134,196,49,100,10,96-100,6-10,0,1,0
32,134,198,49,100,10,96-100,6-10,0,1,0
32,135,196,49,100,10,96-100,6-10,0,1,0
32,135,198,49,100,10,96-100,6-10,0,1,0
32,136,196,49,75,10,71-80,6-10,0,1,0
32,136,198,49,75,10,71-80,6-10,0,1,0
32,137,196,49,75,10,71-80,6-10,0,1,0
32,137,198,49,75,10,71-80,6-10,0,1,0
32,140,196,49,75,10,71-80,6-10,0,1,0
32,140,198,49,75,10,71-80,6-10,0,1,0
32,150,196,49,75,10,71-80,6-10,0,1,0
32,150,198,49,75,10,71-80,6-10,0,1,0
32,152,196,49,75,10,71-80,6-10,0,1,0
32,152,198,49,75,10,71-80,6-10,0,1,0
32,188,196,49,100,10,96-100,6-10,1,0,0
32,188,198,49,100,10,96-100,6-10,1,0,0
32,196,198,49,82,10,81-90,6-10,1,0,1
32,166,167,62,100,17,96-100,11-20,0,1,0
32,194,195,85,93,10,91-95,6-10,0,1,0
32,176,177,88,71,13,71-80,11-20,1,0,1
32,176,314,88,71,13,71-80,11-20,0,1,0
32,176,315,88,71,13,71-80,11-20,0,1,0
32,176,316,88,71,13,71-80,11-20,0,1,0
32,177,314,88,71,13,71-80,11-20,0,1,0
32,177,315,88,71,13,71-80,11-20,0,1,0
32,177,316,88,71,13,71-80,11-20,0,1,0
32,178,179,89,83,10,81-90,6-10,1,0,1
32,178,317,89,83,10,81-90,6-10,0,1,0
32,178,318,89,83,10,81-90,6-10,0,1,0
32,179,317,89,83,10,81-90,6-10,0,1,0
32,179,318,89,83,10,81-90,6-10,0,1,0
32,262,281,119,87,6,81-90,6-10,0,1,0
32,263,281,119,78,6,71-80,6-10,0,1,0
32,280,281,119,77,6,71-80,6-10,1,0,0
32,356,361,150,83,11,81-90,11-20,1,1,0
32,361,365,150,83,11,81-90,11-20,1,1,0
32,361,371,150,83,11,81-90,11-20,1,0,0
32,361,373,150,83,11,81-90,11-20,1,0,0
32,390,429,152,85,16,81-90,11-20,1,1,0
32,391,429,152,85,16,81-90,11-20,1,1,0
32,392,429,152,85,16,81-90,11-20,1,1,0
32,394,429,152,85,16,81-90,11-20,1,1,0
32,110,111,157,72,18,71-80,11-20,0,1,1
32,110,434,157,72,18,71-80,11-20,0,1,0
32,110,435,157,72,18,71-80,11-20,0,1,0
32,111,434,157,72,18,71-80,11-20,0,1,0
32,111,435,157,72,18,71-80,11-20,0,1,0
32,380,381,167,91,4,91-95,3-5,1,1,0
32,357,383,168,80,7,71-80,6-10,1,1,0
32,370,383,168,80,7,71-80,6-10,1,0,0
32,382,383,168,96,7,96-100,6-10,1,1,0
32,388,389,170,95,8,91-95,6-10,1,1,0
32,386,398,173,75,5,71-80,3-5,1,1,0
32,397,398,173,74,5,71-80,3-5,1,1,0
32,399,400,174,73,5,71-80,3-5,1,1,0
32,427,428,180,85,6,81-90,6-10,1,0,0
32,427,431,180,85,6,81-90,6-10,1,0,0
32,428,430,180,85,6,81-90,6-10,1,0,0
32,428,431,180,85,6,81-90,6-10,1,0,1
32,430,431,180,85,6,81-90,6-10,1,0,0
36,168,452,56,75,9,71-80,6-10,0,2,0
36,169,452,56,75,9,71-80,6-10,0,2,0
36,170,452,56,75,9,71-80,6-10,0,2,0
36,236,452,56,75,9,71-80,6-10,0,2,0
36,452,601,56,97,9,96-100,6-10,1,2,0
36,172,591,57,100,9,96-100,6-10,0,2,0
36,172,592,57,100,9,96-100,6-10,0,2,0
36,172,602,57,100,9,96-100,6-10,0,2,0
36,173,591,57,100,9,96-100,6-10,0,2,0
36,173,592,57,100,9,96-100,6-10,0,2,0
36,173,602,57,100,9,96-100,6-10,0,2,0
36,457,591,57,80,9,71-80,6-10,0,2,0
36,457,592,57,80,9,71-80,6-10,0,2,0
36,457,602,57,80,9,71-80,6-10,1,2,0
36,591,592,57,75,9,71-80,6-10,1,0,1
36,591,602,57,75,9,71-80,6-10,0,1,1
36,592,602,57,75,9,71-80,6-10,0,1,1
36,174,458,58,100,10,96-100,6-10,0,2,0
36,175,458,58,100,10,96-100,6-10,0,2,0
36,458,593,58,100,10,96-100,6-10,0,1,0
36,458,594,58,100,10,96-100,6-10,0,1,0
36,458,595,58,100,10,96-100,6-10,0,1,0
36,460,596,59,100,7,96-100,6-10,0,1,1
36,460,597,59,100,7,96-100,6-10,0,1,0
36,460,598,59,100,7,96-100,6-10,0,1,1
36,596,597,59,80,7,71-80,6-10,1,0,0
36,596,598,59,80,7,71-80,6-10,1,0,1
36,597,598,59,80,7,71-80,6-10,1,0,0
36,229,619,73,76,8,71-80,6-10,0,2,0
36,230,619,73,76,8,71-80,6-10,0,2,0
36,618,619,73,100,8,96-100,6-10,1,2,0
36,181,482,81,75,15,71-80,11-20,0,2,0
36,182,482,81,75,15,71-80,11-20,0,2,0
36,183,482,81,75,15,71-80,11-20,0,2,0
36,184,482,81,75,15,71-80,11-20,0,2,0
36,185,482,81,75,15,71-80,11-20,0,2,0
36,459,482,81,91,15,91-95,11-20,0,2,0
36,482,524,81,93,15,91-95,11-20,0,2,0
36,186,483,82,94,12,91-95,11-20,1,2,0
36,186,484,82,94,12,91-95,11-20,1,2,0
36,187,483,82,94,12,91-95,11-20,0,3,0
36,187,484,82,94,12,91-95,11-20,0,3,0
36,483,484,82,81,12,81-90,11-20,1,0,1
36,206,494,90,71,5,71-80,3-5,0,3,0
36,319,494,90,85,5,81-90,3-5,0,2,0
36,320,494,90,85,5,81-90,3-5,0,2,0
36,207,495,93,80,20,71-80,11-20,1,2,0
36,211,495,93,100,20,96-100,11-20,1,2,0
36,212,495,93,87,20,81-90,11-20,0,3,0
36,221,500,97,100,19,96-100,11-20,1,2,0
36,222,500,97,100,19,96-100,11-20,0,3,0
36,500,502,97,71,19,71-80,11-20,1,0,0
36,262,263,119,87,6,81-90,6-10,0,1,0
36,263,280,119,78,6,71-80,6-10,0,1,0
36,263,281,119,78,6,71-80,6-10,0,1,0
36,358,571,149,80,10,71-80,6-10,0,2,0
36,363,571,149,80,10,71-80,6-10,0,3,0
36,558,559,191,100,4,96-100,3-5,1,0,0
36,558,561,191,100,4,96-100,3-5,1,0,0
36,559,561,191,100,4,96-100,3-5,1,0,1
36,574,577,196,100,10,96-100,6-10,1,0,1
36,574,580,196,100,10,96-100,6-10,1,0,1
36,574,581,196,100,10,96-100,6-10,1,0,1
36,574,582,196,100,10,96-100,6-10,1,0,0
36,574,584,196,100,10,96-100,6-10,1,0,1
36,574,624,196,100,10,96-100,6-10,1,0,0
36,574,625,196,100,10,96-100,6-10,1,0,0
36,574,626,196,100,10,96-100,6-10,1,0,1
36,577,580,196,100,10,96-100,6-10,1,0,1
36,577,581,196,100,10,96-100,6-10,1,0,1
36,577,582,196,100,10,96-100,6-10,1,0,0
36,577,584,196,100,10,96-100,6-10,1,0,1
36,577,624,196,100,10,96-100,6-10,1,0,0
36,577,625,196,100,10,96-100,6-10,1,0,0
36,577,626,196,100,10,96-100,6-10,1,0,1
36,580,581,196,100,10,96-100,6-10,1,0,1
36,580,582,196,100,10,96-100,6-10,1,0,0
36,580,584,196,100,10,96-100,6-10,1,0,1
36,580,624,196,100,10,96-100,6-10,1,0,0
36,580,625,196,100,10,96-100,6-10,1,0,0
36,580,626,196,100,10,96-100,6-10,1,0,1
36,581,582,196,100,10,96-100,6-10,1,0,0
36,581,584,196,100,10,96-100,6-10,1,0,1
36,581,624,196,100,10,96-100,6-10,1,0,0
36,581,625,196,100,10,96-100,6-10,1,0,0
36,581,626,196,100,10,96-100,6-10,1,0,1
36,582,584,196,100,10,96-100,6-10,1,0,0
36,582,626,196,100,10,96-100,6-10,1,0,0
36,584,624,196,100,10,96-100,6-10,1,0,0
36,584,625,196,100,10,96-100,6-10,1,0,0
36,584,626,196,100,10,96-100,6-10,1,0,1
36,624,626,196,100,10,96-100,6-10,1,0,0
36,625,626,196,100,10,96-100,6-10,1,0,0
37,172,602,57,100,9,96-100,6-10,0,2,0
37,173,602,57,100,9,96-100,6-10,0,2,0
37,457,602,57,80,9,71-80,6-10,1,2,0
37,591,602,57,75,9,71-80,6-10,0,1,0
37,592,602,57,75,9,71-80,6-10,0,1,0
37,174,593,58,100,10,96-100,6-10,0,2,0
37,174,594,58,100,10,96-100,6-10,0,2,0
37,174,595,58,100,10,96-100,6-10,0,2,0
37,175,593,58,100,10,96-100,6-10,0,2,0
37,175,594,58,100,10,96-100,6-10,0,2,0
37,175,595,58,100,10,96-100,6-10,0,2,0
37,458,593,58,100,10,96-100,6-10,0,1,0
37,458,594,58,100,10,96-100,6-10,0,1,0
37,458,595,58,100,10,96-100,6-10,0,1,0
37,593,594,58,84,10,81-90,6-10,1,0,1
37,593,595,58,84,10,81-90,6-10,1,0,1
37,594,595,58,84,10,81-90,6-10,1,0,1
37,460,596,59,100,7,96-100,6-10,0,1,0
37,460,597,59,100,7,96-100,6-10,0,1,0
37,460,598,59,100,7,96-100,6-10,0,1,0
37,596,597,59,80,7,71-80,6-10,1,0,1
37,596,598,59,80,7,71-80,6-10,1,0,1
37,597,598,59,80,7,71-80,6-10,1,0,1
37,229,619,73,76,8,71-80,6-10,0,2,0
37,230,619,73,76,8,71-80,6-10,0,2,0
37,618,619,73,100,8,96-100,6-10,1,2,0
37,327,477,74,75,33,71-80,21+,0,2,0
37,328,477,74,75,33,71-80,21+,0,2,0
37,329,477,74,75,33,71-80,21+,0,2,0
37,330,477,74,75,33,71-80,21+,0,2,0
37,332,477,74,75,33,71-80,21+,0,2,0
37,335,477,74,75,33,71-80,21+,0,2,0
37,176,493,88,71,13,71-80,11-20,0,2,0
37,177,493,88,71,13,71-80,11-20,0,2,0
37,314,493,88,83,13,81-90,11-20,0,2,0
37,315,493,88,83,13,81-90,11-20,0,2,0
37,316,493,88,83,13,81-90,11-20,0,2,0
37,492,493,88,82,13,81-90,11-20,1,2,0
37,206,494,90,71,5,71-80,3-5,0,3,0
37,319,494,90,85,5,81-90,3-5,0,2,0
37,320,494,90,85,5,81-90,3-5,0,2,0
37,209,498,92,100,17,96-100,11-20,1,2,0
37,210,498,92,80,17,71-80,11-20,0,3,0
37,213,498,92,87,17,81-90,11-20,1,2,0
37,253,498,92,88,17,81-90,11-20,0,2,0
37,340,498,92,75,17,71-80,11-20,0,2,0
37,341,498,92,75,17,71-80,11-20,0,2,0
37,342,498,92,75,17,71-80,11-20,0,2,0
37,438,498,92,75,17,71-80,11-20,0,2,0
37,440,498,92,75,17,71-80,11-20,0,2,0
37,496,498,92,100,17,96-100,11-20,1,0,0
37,207,495,93,80,20,71-80,11-20,1,2,0
37,211,495,93,100,20,96-100,11-20,1,2,0
37,212,495,93,87,20,81-90,11-20,0,3,0
37,221,500,97,100,19,96-100,11-20,1,2,0
37,222,500,97,100,19,96-100,11-20,0,3,0
37,500,502,97,71,19,71-80,11-20,1,0,0
37,202,497,99,100,9,96-100,6-10,1,2,0
37,171,510,107,100,10,96-100,6-10,0,2,0
37,233,510,107,75,10,71-80,6-10,1,2,0
37,234,510,107,75,10,71-80,6-10,1,2,0
37,272,510,107,100,10,96-100,6-10,0,2,0
37,273,510,107,100,10,96-100,6-10,0,2,0
37,510,518,107,100,10,96-100,6-10,1,2,0
37,274,622,108,75,12,71-80,11-20,0,2,0
37,277,622,108,75,12,71-80,11-20,0,2,0
37,512,622,108,92,12,91-95,11-20,0,2,0
37,358,571,149,80,10,71-80,6-10,0,2,0
37,363,571,149,80,10,71-80,6-10,0,3,0
37,554,555,189,71,4,71-80,3-5,1,0,1
37,554,588,189,71,4,71-80,3-5,0,1,0
37,554,589,189,71,4,71-80,3-5,0,1,0
37,555,588,189,71,4,71-80,3-5,0,1,0
37,555,589,189,71,4,71-80,3-5,0,1,0
37,556,557,190,83,2,81-90,2 (pair),1,0,1
37,559,561,191,100,4,96-100,3-5,1,0,1
37,519,600,193,100,8,96-100,6-10,0,1,0
37,569,570,205,75,2,71-80,2 (pair),1,0,1
38,168,452,56,75,9,71-80,6-10,0,2,0
38,169,452,56,75,9,71-80,6-10,0,2,0
38,170,452,56,75,9,71-80,6-10,0,2,0
38,236,452,56,75,9,71-80,6-10,0,2,0
38,452,601,56,97,9,96-100,6-10,1,2,0
38,172,602,57,100,9,96-100,6-10,0,2,0
38,173,602,57,100,9,96-100,6-10,0,2,0
38,457,602,57,80,9,71-80,6-10,1,2,0
38,591,602,57,75,9,71-80,6-10,0,1,0
38,592,602,57,75,9,71-80,6-10,0,1,0
38,602,628,57,77,9,71-80,6-10,0,1,1
38,460,596,59,100,7,96-100,6-10,0,1,0
38,460,597,59,100,7,96-100,6-10,0,1,0
38,460,598,59,100,7,96-100,6-10,0,1,0
38,229,619,73,76,8,71-80,6-10,0,2,0
38,230,619,73,76,8,71-80,6-10,0,2,0
38,618,619,73,100,8,96-100,6-10,1,2,0
38,327,477,74,75,33,71-80,21+,0,2,0
38,328,477,74,75,33,71-80,21+,0,2,0
38,329,477,74,75,33,71-80,21+,0,2,0
38,330,477,74,75,33,71-80,21+,0,2,0
38,332,477,74,75,33,71-80,21+,0,2,0
38,335,477,74,75,33,71-80,21+,0,2,0
38,206,494,90,71,5,71-80,3-5,0,3,0
38,319,494,90,85,5,81-90,3-5,0,2,0
38,320,494,90,85,5,81-90,3-5,0,2,0
38,209,496,92,100,17,96-100,11-20,1,2,0
38,209,498,92,100,17,96-100,11-20,1,2,0
38,210,496,92,80,17,71-80,11-20,0,3,0
38,210,498,92,80,17,71-80,11-20,0,3,0
38,213,496,92,87,17,81-90,11-20,1,2,0
38,213,498,92,87,17,81-90,11-20,1,2,0
38,253,496,92,88,17,81-90,11-20,0,2,0
38,253,498,92,88,17,81-90,11-20,0,2,0
38,340,496,92,75,17,71-80,11-20,0,2,0
38,340,498,92,75,17,71-80,11-20,0,2,0
38,341,496,92,75,17,71-80,11-20,0,2,0
38,341,498,92,75,17,71-80,11-20,0,2,0
38,342,496,92,75,17,71-80,11-20,0,2,0
38,342,498,92,75,17,71-80,11-20,0,2,0
38,438,496,92,75,17,71-80,11-20,0,2,0
38,438,498,92,75,17,71-80,11-20,0,2,0
38,440,496,92,75,17,71-80,11-20,0,2,0
38,440,498,92,75,17,71-80,11-20,0,2,0
38,496,498,92,100,17,96-100,11-20,1,0,1
38,207,495,93,80,20,71-80,11-20,1,2,0
38,211,495,93,100,20,96-100,11-20,1,2,0
38,212,495,93,87,20,81-90,11-20,0,3,0
38,204,501,98,88,7,81-90,6-10,1,2,0
38,485,501,98,88,7,81-90,6-10,1,0,0
38,501,506,98,76,7,71-80,6-10,0,1,0
38,202,497,99,100,9,96-100,6-10,1,2,0
38,554,555,189,71,4,71-80,3-5,1,0,1
38,554,588,189,71,4,71-80,3-5,0,1,0
38,554,589,189,71,4,71-80,3-5,0,1,0
38,555,588,189,71,4,71-80,3-5,0,1,0
38,555,589,189,71,4,71-80,3-5,0,1,0
38,556,557,190,83,2,81-90,2 (pair),1,0,1
40,181,630,81,75,15,71-80,11-20,0,2,0
40,182,630,81,75,15,71-80,11-20,0,2,0
40,183,630,81,75,15,71-80,11-20,0,2,0
40,184,630,81,75,15,71-80,11-20,0,2,0
40,185,630,81,75,15,71-80,11-20,0,2,0
40,459,630,81,91,15,91-95,11-20,0,2,0
40,524,630,81,75,15,71-80,11-20,0,2,0
40,629,630,81,71,15,71-80,11-20,1,2,0
40,630,631,81,71,15,71-80,11-20,1,2,0
40,630,632,81,71,15,71-80,11-20,0,3,0
40,193,491,84,94,15,91-95,11-20,0,3,0
40,275,491,84,80,15,71-80,11-20,0,2,0
40,491,620,84,72,15,71-80,11-20,1,2,0
40,200,636,87,100,16,96-100,11-20,1,2,0
40,201,636,87,100,16,96-100,11-20,0,3,0
40,305,636,87,75,16,71-80,11-20,0,2,0
40,306,636,87,75,16,71-80,11-20,0,2,0
40,476,636,87,71,16,71-80,11-20,0,2,0
40,206,494,90,71,5,71-80,3-5,0,3,0
40,319,494,90,85,5,81-90,3-5,0,2,0
40,320,494,90,85,5,81-90,3-5,0,2,0
40,208,621,91,100,12,96-100,11-20,0,3,0
40,337,621,91,90,12,81-90,11-20,0,2,0
40,338,621,91,90,12,81-90,11-20,0,2,0
40,339,621,91,90,12,81-90,11-20,0,2,0
40,209,496,92,100,17,96-100,11-20,1,2,0
40,210,496,92,80,17,71-80,11-20,0,3,0
40,213,496,92,87,17,81-90,11-20,1,2,0
40,253,496,92,88,17,81-90,11-20,0,2,0
40,340,496,92,75,17,71-80,11-20,0,2,0
40,341,496,92,75,17,71-80,11-20,0,2,0
40,342,496,92,75,17,71-80,11-20,0,2,0
40,438,496,92,75,17,71-80,11-20,0,2,0
40,440,496,92,75,17,71-80,11-20,0,2,0
40,496,498,92,100,17,96-100,11-20,1,0,0
40,207,495,93,80,20,71-80,11-20,1,2,0
40,211,495,93,100,20,96-100,11-20,1,2,0
40,212,495,93,87,20,81-90,11-20,0,3,0
40,214,634,94,72,10,71-80,6-10,0,3,0
40,633,634,94,70,10,<=70,6-10,1,2,0
40,634,635,94,70,10,<=70,6-10,0,3,0
40,221,500,97,100,19,96-100,11-20,1,2,0
40,222,500,97,100,19,96-100,11-20,0,3,0
40,204,501,98,88,7,81-90,6-10,1,2,0
40,501,506,98,76,7,71-80,6-10,0,1,0
40,202,497,99,100,9,96-100,6-10,1,2,0
41,109,599,46,71,8,71-80,6-10,0,2,0
41,125,599,46,100,8,96-100,6-10,0,2,0
41,126,599,46,100,8,96-100,6-10,0,2,0
41,127,599,46,100,8,96-100,6-10,0,3,0
41,174,593,58,100,10,96-100,6-10,0,2,0
41,174,595,58,100,10,96-100,6-10,0,2,0
41,175,593,58,100,10,96-100,6-10,0,2,0
41,175,595,58,100,10,96-100,6-10,0,2,0
41,593,594,58,84,10,81-90,6-10,1,0,0
41,593,595,58,84,10,81-90,6-10,1,0,1
41,594,595,58,84,10,81-90,6-10,1,0,0
41,460,596,59,100,7,96-100,6-10,0,1,0
41,460,597,59,100,7,96-100,6-10,0,1,0
41,460,598,59,100,7,96-100,6-10,0,1,0
41,596,597,59,80,7,71-80,6-10,1,0,1
41,596,598,59,80,7,71-80,6-10,1,0,1
41,597,598,59,80,7,71-80,6-10,1,0,1
41,425,525,124,70,5,<=70,3-5,0,2,0
41,426,525,124,70,5,<=70,3-5,0,2,0
41,519,600,193,100,8,96-100,6-10,0,1,0
48,168,639,56,75,9,71-80,6-10,0,2,0
48,169,639,56,75,9,71-80,6-10,0,2,0
48,170,639,56,75,9,71-80,6-10,0,2,0
48,236,639,56,75,9,71-80,6-10,0,2,0
48,601,639,56,73,9,71-80,6-10,0,2,0
51,200,642,87,100,16,96-100,11-20,0,2,0
51,201,642,87,100,16,96-100,11-20,0,3,0
51,305,642,87,75,16,71-80,11-20,0,2,0
51,306,642,87,75,16,71-80,11-20,0,2,0
51,476,642,87,71,16,71-80,11-20,0,2,0
51,636,642,87,80,16,71-80,11-20,0,1,0
51,642,643,87,71,16,71-80,11-20,1,0,0
51,642,644,87,71,16,71-80,11-20,1,0,0
54,172,628,57,100,9,96-100,6-10,0,2,0
54,173,628,57,100,9,96-100,6-10,0,2,0
54,457,628,57,80,9,71-80,6-10,0,2,0
54,591,628,57,75,9,71-80,6-10,0,1,0
54,592,628,57,75,9,71-80,6-10,0,1,0
55,564,565,201,75,5,71-80,3-5,1,0,1
55,564,566,201,75,5,71-80,3-5,1,0,1
55,564,567,201,75,5,71-80,3-5,1,0,1
55,564,568,201,75,5,71-80,3-5,1,0,1
55,565,566,201,75,5,71-80,3-5,1,0,1
55,565,567,201,75,5,71-80,3-5,1,0,1
55,565,568,201,75,5,71-80,3-5,1,0,1
55,566,567,201,75,5,71-80,3-5,1,0,1
55,566,568,201,75,5,71-80,3-5,1,0,1
55,567,568,201,75,5,71-80,3-5,1,0,1
57,193,491,84,94,15,91-95,11-20,0,3,0
57,275,491,84,80,15,71-80,11-20,0,2,0
57,491,620,84,72,15,71-80,11-20,1,2,0
57,200,636,87,100,16,96-100,11-20,1,2,0
57,201,636,87,100,16,96-100,11-20,0,3,0
57,305,636,87,75,16,71-80,11-20,0,2,0
57,306,636,87,75,16,71-80,11-20,0,2,0
57,476,636,87,71,16,71-80,11-20,0,2,0
57,636,642,87,80,16,71-80,11-20,0,1,0
57,636,643,87,80,16,71-80,11-20,0,1,0
57,636,644,87,80,16,71-80,11-20,0,1,0
57,206,494,90,71,5,71-80,3-5,0,3,0
57,319,494,90,85,5,81-90,3-5,0,2,0
57,320,494,90,85,5,81-90,3-5,0,2,0
57,208,621,91,100,12,96-100,11-20,0,3,0
57,337,621,91,90,12,81-90,11-20,0,2,0
57,338,621,91,90,12,81-90,11-20,0,2,0
57,339,621,91,90,12,81-90,11-20,0,2,0
57,209,496,92,100,17,96-100,11-20,1,2,0
57,210,496,92,80,17,71-80,11-20,0,3,0
57,213,496,92,87,17,81-90,11-20,1,2,0
57,253,496,92,88,17,81-90,11-20,0,2,0
57,340,496,92,75,17,71-80,11-20,0,2,0
57,341,496,92,75,17,71-80,11-20,0,2,0
57,342,496,92,75,17,71-80,11-20,0,2,0
57,438,496,92,75,17,71-80,11-20,0,2,0
57,440,496,92,75,17,71-80,11-20,0,2,0
57,496,498,92,100,17,96-100,11-20,1,0,0
57,207,495,93,80,20,71-80,11-20,1,2,0
57,211,495,93,100,20,96-100,11-20,1,2,0
57,212,495,93,87,20,81-90,11-20,0,3,0
57,221,500,97,100,19,96-100,11-20,1,2,0
57,222,500,97,100,19,96-100,11-20,0,3,0
57,204,501,98,88,7,81-90,6-10,1,2,0
57,501,506,98,76,7,71-80,6-10,0,1,0
57,202,497,99,100,9,96-100,6-10,1,2,0
58,109,599,46,71,8,71-80,6-10,0,2,0
58,125,599,46,100,8,96-100,6-10,0,2,0
58,126,599,46,100,8,96-100,6-10,0,2,0
58,127,599,46,100,8,96-100,6-10,0,3,0
58,519,600,193,100,8,96-100,6-10,0,1,0
58,504,587,209,75,3,71-80,3-5,0,1,0
59,509,515,105,100,8,96-100,6-10,1,2,0
59,514,515,105,96,8,96-100,6-10,1,2,0
59,513,516,110,92,8,91-95,6-10,1,2,0
59,237,517,112,100,8,96-100,6-10,1,2,0
59,238,517,112,100,8,96-100,6-10,1,2,0
59,358,571,149,80,10,71-80,6-10,0,2,0
59,363,571,149,80,10,71-80,6-10,0,3,0
59,569,570,205,75,2,71-80,2 (pair),1,0,1
66,53,54,40,100,9,96-100,6-10,0,1,1
66,53,55,40,100,9,96-100,6-10,0,1,0
66,53,112,40,100,9,96-100,6-10,0,1,0
66,53,113,40,100,9,96-100,6-10,0,1,0
66,54,55,40,100,9,96-100,6-10,0,1,0
66,54,112,40,100,9,96-100,6-10,0,1,0
66,54,113,40,100,9,96-100,6-10,0,1,0
71,134,196,49,100,10,96-100,6-10,0,1,0
71,135,196,49,100,10,96-100,6-10,0,1,0
71,136,196,49,75,10,71-80,6-10,0,1,0
71,137,196,49,75,10,71-80,6-10,0,1,0
71,140,196,49,75,10,71-80,6-10,0,1,0
71,150,196,49,75,10,71-80,6-10,0,1,0
71,152,196,49,75,10,71-80,6-10,0,1,0
71,188,196,49,100,10,96-100,6-10,1,0,0
71,196,198,49,82,10,81-90,6-10,1,0,0
71,168,601,56,75,9,71-80,6-10,0,1,0
71,169,601,56,75,9,71-80,6-10,0,1,0
71,170,601,56,75,9,71-80,6-10,0,1,0
71,236,601,56,75,9,71-80,6-10,0,1,0
71,601,639,56,73,9,71-80,6-10,0,2,0
71,194,195,85,93,10,91-95,6-10,0,1,0
77,53,54,40,100,9,96-100,6-10,0,1,1
77,53,55,40,100,9,96-100,6-10,0,1,1
77,53,112,40,100,9,96-100,6-10,0,1,0
77,53,113,40,100,9,96-100,6-10,0,1,0
77,54,55,40,100,9,96-100,6-10,0,1,1
77,54,112,40,100,9,96-100,6-10,0,1,0
77,54,113,40,100,9,96-100,6-10,0,1,0
77,55,112,40,100,9,96-100,6-10,0,1,0
77,55,113,40,100,9,96-100,6-10,0,1,0
81,109,599,46,71,8,71-80,6-10,0,2,0
81,125,599,46,100,8,96-100,6-10,0,2,0
81,126,599,46,100,8,96-100,6-10,0,2,0
81,127,599,46,100,8,96-100,6-10,0,3,0
81,172,591,57,100,9,96-100,6-10,0,2,0
81,172,592,57,100,9,96-100,6-10,0,2,0
81,173,591,57,100,9,96-100,6-10,0,2,0
81,173,592,57,100,9,96-100,6-10,0,2,0
81,457,591,57,80,9,71-80,6-10,0,2,0
81,457,592,57,80,9,71-80,6-10,0,2,0
81,591,592,57,75,9,71-80,6-10,1,0,1
81,591,628,57,75,9,71-80,6-10,0,1,0
81,592,628,57,75,9,71-80,6-10,0,1,0
81,174,593,58,100,10,96-100,6-10,0,2,0
81,174,594,58,100,10,96-100,6-10,0,2,0
81,174,595,58,100,10,96-100,6-10,0,2,0
81,175,593,58,100,10,96-100,6-10,0,2,0
81,175,594,58,100,10,96-100,6-10,0,2,0
81,175,595,58,100,10,96-100,6-10,0,2,0
81,593,594,58,84,10,81-90,6-10,1,0,1
81,593,595,58,84,10,81-90,6-10,1,0,1
81,594,595,58,84,10,81-90,6-10,1,0,1
81,596,597,59,80,7,71-80,6-10,1,0,1
81,596,598,59,80,7,71-80,6-10,1,0,1
81,597,598,59,80,7,71-80,6-10,1,0,1
81,207,655,93,80,20,71-80,11-20,0,2,0
81,211,655,93,100,20,96-100,11-20,0,2,0
81,212,655,93,87,20,81-90,11-20,0,3,0
81,495,655,93,100,20,96-100,11-20,0,1,0
81,654,655,93,76,20,71-80,11-20,1,2,0
81,503,505,102,75,5,71-80,3-5,0,2,0
81,84,87,132,70,12,<=70,11-20,0,1,0
81,85,87,132,70,12,<=70,11-20,0,1,0
81,86,87,132,70,12,<=70,11-20,0,1,0
81,87,88,132,70,12,<=70,11-20,0,1,0
81,87,89,132,70,12,<=70,11-20,0,1,0
81,87,268,132,70,12,<=70,11-20,0,1,0
81,87,533,132,70,12,<=70,11-20,0,2,0
82,103,104,44,71,12,71-80,11-20,0,1,1
82,103,105,44,71,12,71-80,11-20,0,1,1
82,103,118,44,71,12,71-80,11-20,0,1,0
82,103,119,44,71,12,71-80,11-20,0,1,0
82,104,105,44,71,12,71-80,11-20,0,1,1
82,104,118,44,71,12,71-80,11-20,0,1,0
82,104,119,44,71,12,71-80,11-20,0,1,0
82,105,118,44,71,12,71-80,11-20,0,1,0
82,105,119,44,71,12,71-80,11-20,0,1,0
82,65,106,45,100,21,96-100,21+,0,1,0
82,65,107,45,100,21,96-100,21+,0,1,0
82,66,106,45,100,21,96-100,21+,0,1,0
82,66,107,45,100,21,96-100,21+,0,1,0
82,67,106,45,100,21,96-100,21+,0,1,0
82,67,107,45,100,21,96-100,21+,0,1,0
82,68,106,45,100,21,96-100,21+,0,1,0
82,68,107,45,100,21,96-100,21+,0,1,0
82,69,106,45,100,21,96-100,21+,0,1,0
82,69,107,45,100,21,96-100,21+,0,1,0
82,71,106,45,100,21,96-100,21+,0,1,0
82,71,107,45,100,21,96-100,21+,0,1,0
82,72,106,45,100,21,96-100,21+,0,1,0
82,72,107,45,100,21,96-100,21+,0,1,0
82,73,106,45,100,21,96-100,21+,0,1,0
82,73,107,45,100,21,96-100,21+,0,1,0
82,106,107,45,70,21,<=70,21+,0,1,1
82,106,120,45,70,21,<=70,21+,0,1,0
82,106,123,45,70,21,<=70,21+,0,1,0
82,106,124,45,70,21,<=70,21+,0,1,0
82,106,437,45,70,21,<=70,21+,0,1,0
82,107,120,45,70,21,<=70,21+,0,1,0
82,107,123,45,70,21,<=70,21+,0,1,0
82,107,124,45,70,21,<=70,21+,0,1,0
82,107,437,45,70,21,<=70,21+,0,1,0
82,134,188,49,100,10,96-100,6-10,0,1,0
82,134,196,49,100,10,96-100,6-10,0,1,0
82,134,198,49,100,10,96-100,6-10,0,1,0
82,135,188,49,100,10,96-100,6-10,0,1,0
82,135,196,49,100,10,96-100,6-10,0,1,0
82,135,198,49,100,10,96-100,6-10,0,1,0
82,136,188,49,75,10,71-80,6-10,0,1,0
82,136,196,49,75,10,71-80,6-10,0,1,0
82,136,198,49,75,10,71-80,6-10,0,1,0
82,137,188,49,75,10,71-80,6-10,0,1,0
82,137,196,49,75,10,71-80,6-10,0,1,0
82,137,198,49,75,10,71-80,6-10,0,1,0
82,140,188,49,75,10,71-80,6-10,0,1,0
82,140,196,49,75,10,71-80,6-10,0,1,0
82,140,198,49,75,10,71-80,6-10,0,1,0
82,150,188,49,75,10,71-80,6-10,0,1,0
82,150,196,49,75,10,71-80,6-10,0,1,0
82,150,198,49,75,10,71-80,6-10,0,1,0
82,152,188,49,75,10,71-80,6-10,0,1,0
82,152,196,49,75,10,71-80,6-10,0,1,0
82,152,198,49,75,10,71-80,6-10,0,1,0
82,188,196,49,100,10,96-100,6-10,1,0,1
82,188,198,49,100,10,96-100,6-10,1,0,1
82,196,198,49,82,10,81-90,6-10,1,0,1
82,168,601,56,75,9,71-80,6-10,0,1,0
82,169,601,56,75,9,71-80,6-10,0,1,0
82,170,601,56,75,9,71-80,6-10,0,1,0
82,236,601,56,75,9,71-80,6-10,0,1,0
82,601,639,56,73,9,71-80,6-10,0,2,0
82,18,205,78,75,24,71-80,21+,1,0,1
82,186,187,82,94,12,91-95,11-20,0,1,0
82,193,620,84,94,15,91-95,11-20,0,1,0
82,275,620,84,80,15,71-80,11-20,0,1,0
82,491,620,84,72,15,71-80,11-20,1,2,0
82,200,201,87,100,16,96-100,11-20,0,1,0
82,200,305,87,100,16,96-100,11-20,0,1,0
82,200,306,87,100,16,96-100,11-20,0,1,0
82,200,476,87,100,16,96-100,11-20,0,1,1
82,200,636,87,100,16,96-100,11-20,1,2,0
82,200,642,87,100,16,96-100,11-20,0,2,0
82,200,643,87,100,16,96-100,11-20,0,2,0
82,200,644,87,100,16,96-100,11-20,0,2,0
82,201,476,87,100,16,96-100,11-20,0,1,0
82,305,476,87,75,16,71-80,11-20,0,1,0
82,306,476,87,75,16,71-80,11-20,0,1,0
82,476,636,87,71,16,71-80,11-20,0,2,0
82,476,642,87,71,16,71-80,11-20,0,2,0
82,476,643,87,71,16,71-80,11-20,0,2,0
82,476,644,87,71,16,71-80,11-20,0,2,0
82,178,179,89,83,10,81-90,6-10,1,0,0
82,178,317,89,83,10,81-90,6-10,0,1,0
82,178,318,89,83,10,81-90,6-10,0,1,0
82,178,490,89,83,10,81-90,6-10,0,1,1
82,179,490,89,83,10,81-90,6-10,0,1,0
82,317,490,89,85,10,81-90,6-10,0,1,0
82,318,490,89,85,10,81-90,6-10,0,1,0
82,209,210,92,100,17,96-100,11-20,0,1,0
82,209,213,92,100,17,96-100,11-20,1,0,1
82,209,253,92,100,17,96-100,11-20,0,1,0
82,209,340,92,100,17,96-100,11-20,0,1,0
82,209,341,92,100,17,96-100,11-20,0,1,0
82,209,342,92,100,17,96-100,11-20,0,1,0
82,209,438,92,100,17,96-100,11-20,0,1,1
82,209,440,92,100,17,96-100,11-20,0,1,1
82,209,496,92,100,17,96-100,11-20,1,2,0
82,209,498,92,100,17,96-100,11-20,1,2,1
82,210,213,92,80,17,71-80,11-20,0,1,0
82,210,438,92,80,17,71-80,11-20,0,1,0
82,210,440,92,80,17,71-80,11-20,0,1,0
82,210,498,92,80,17,71-80,11-20,0,3,0
82,213,253,92,87,17,81-90,11-20,0,1,0
82,213,340,92,87,17,81-90,11-20,0,1,0
82,213,341,92,87,17,81-90,11-20,0,1,0
82,213,342,92,87,17,81-90,11-20,0,1,0
82,213,438,92,87,17,81-90,11-20,0,1,1
82,213,440,92,87,17,81-90,11-20,0,1,1
82,213,496,92,87,17,81-90,11-20,1,2,0
82,213,498,92,87,17,81-90,11-20,1,2,1
82,253,438,92,88,17,81-90,11-20,0,1,0
82,253,440,92,88,17,81-90,11-20,0,1,0
82,253,498,92,88,17,81-90,11-20,0,2,0
82,340,438,92,75,17,71-80,11-20,0,1,0
82,340,440,92,75,17,71-80,11-20,0,1,0
82,340,498,92,75,17,71-80,11-20,0,2,0
82,341,438,92,75,17,71-80,11-20,0,1,0
82,341,440,92,75,17,71-80,11-20,0,1,0
82,341,498,92,75,17,71-80,11-20,0,2,0
82,342,438,92,75,17,71-80,11-20,0,1,0
82,342,440,92,75,17,71-80,11-20,0,1,0
82,342,498,92,75,17,71-80,11-20,0,2,0
82,438,440,92,75,17,71-80,11-20,1,0,1
82,438,496,92,75,17,71-80,11-20,0,2,0
82,438,498,92,75,17,71-80,11-20,0,2,1
82,440,496,92,75,17,71-80,11-20,0,2,0
82,440,498,92,75,17,71-80,11-20,0,2,1
82,496,498,92,100,17,96-100,11-20,1,0,0
82,207,211,93,80,20,71-80,11-20,1,0,1
82,207,212,93,80,20,71-80,11-20,0,1,0
82,207,495,93,80,20,71-80,11-20,1,2,0
82,207,654,93,80,20,71-80,11-20,0,1,0
82,207,655,93,80,20,71-80,11-20,0,2,0
82,211,212,93,100,20,96-100,11-20,0,1,0
82,211,495,93,100,20,96-100,11-20,1,2,0
82,211,654,93,100,20,96-100,11-20,0,1,0
82,211,655,93,100,20,96-100,11-20,0,2,0
82,217,218,95,100,11,96-100,11-20,0,1,0
82,217,364,95,100,11,96-100,11-20,0,1,0
82,219,220,96,100,8,96-100,6-10,0,1,0
82,221,222,97,100,19,96-100,11-20,0,1,0
82,221,500,97,100,19,96-100,11-20,1,2,0
82,204,501,98,88,7,81-90,6-10,1,2,0
82,202,497,99,100,9,96-100,6-10,1,2,0
82,192,283,113,100,8,96-100,6-10,0,1,0
82,190,250,114,75,6,71-80,6-10,0,1,0
82,190,309,114,75,6,71-80,6-10,0,1,0
82,190,310,114,75,6,71-80,6-10,0,1,0
82,262,281,119,87,6,81-90,6-10,0,1,0
82,263,281,119,78,6,71-80,6-10,0,1,0
82,280,281,119,77,6,71-80,6-10,1,0,0
82,239,415,135,71,8,71-80,6-10,0,1,0
82,403,415,135,80,8,71-80,6-10,1,1,0
82,405,415,135,75,8,71-80,6-10,1,1,0
82,345,346,148,75,10,71-80,6-10,1,1,0
82,356,361,150,83,11,81-90,11-20,1,1,0
82,361,365,150,83,11,81-90,11-20,1,1,0
82,361,371,150,83,11,81-90,11-20,1,0,0
82,361,373,150,83,11,81-90,11-20,1,0,0
82,390,429,152,85,16,81-90,11-20,1,1,0
82,391,429,152,85,16,81-90,11-20,1,1,0
82,392,429,152,85,16,81-90,11-20,1,1,0
82,394,429,152,85,16,81-90,11-20,1,1,0
82,429,538,152,85,16,81-90,11-20,0,1,0
82,429,539,152,85,16,81-90,11-20,0,2,0
82,307,416,153,85,12,81-90,11-20,0,1,0
82,307,417,153,85,12,81-90,11-20,0,1,0
82,308,416,153,85,12,81-90,11-20,0,1,0
82,308,417,153,85,12,81-90,11-20,0,1,0
82,416,417,153,80,12,71-80,11-20,1,0,1
82,416,540,153,80,12,71-80,11-20,0,2,0
82,416,541,153,80,12,71-80,11-20,0,2,0
82,417,540,153,80,12,71-80,11-20,0,2,0
82,417,541,153,80,12,71-80,11-20,0,2,0
82,378,379,166,92,7,91-95,6-10,1,1,0
82,380,381,167,91,4,91-95,3-5,1,1,0
82,382,383,168,96,7,96-100,6-10,1,1,0
82,388,389,170,95,8,91-95,6-10,1,1,0
82,395,396,172,100,6,96-100,6-10,1,1,0
82,386,398,173,75,5,71-80,3-5,1,1,0
82,397,398,173,74,5,71-80,3-5,1,1,0
82,399,400,174,73,5,71-80,3-5,1,1,0
82,401,402,175,70,4,<=70,3-5,1,1,0
82,406,418,176,75,8,71-80,6-10,1,1,0
82,409,418,176,75,8,71-80,6-10,1,0,0
82,410,418,176,75,8,71-80,6-10,1,0,0
82,413,418,176,75,8,71-80,6-10,1,1,0
82,418,420,176,75,8,71-80,6-10,1,1,0
82,427,428,180,85,6,81-90,6-10,1,0,0
82,427,431,180,85,6,81-90,6-10,1,0,0
82,428,430,180,85,6,81-90,6-10,1,0,0
82,428,431,180,85,6,81-90,6-10,1,0,1
82,430,431,180,85,6,81-90,6-10,1,0,0
83,168,236,56,75,9,71-80,6-10,0,1,0
83,169,236,56,75,9,71-80,6-10,0,1,0
83,170,236,56,75,9,71-80,6-10,0,1,0
83,236,601,56,75,9,71-80,6-10,0,1,0
83,236,639,56,75,9,71-80,6-10,0,2,0
83,269,270,80,80,12,71-80,11-20,1,0,0
83,269,451,80,80,12,71-80,11-20,0,1,0
83,269,638,80,80,12,71-80,11-20,0,2,0
83,269,651,80,80,12,71-80,11-20,0,2,0
83,181,524,81,75,15,71-80,11-20,0,1,0
83,182,524,81,75,15,71-80,11-20,0,1,0
83,183,524,81,75,15,71-80,11-20,0,1,0
83,184,524,81,75,15,71-80,11-20,0,1,0
83,185,524,81,75,15,71-80,11-20,0,1,0
83,459,524,81,91,15,91-95,11-20,0,1,0
83,524,640,81,75,15,71-80,11-20,0,2,0
83,189,276,83,100,10,96-100,6-10,0,1,0
83,191,276,83,100,10,96-100,6-10,0,1,0
83,193,275,84,94,15,91-95,11-20,0,1,0
83,275,491,84,80,15,71-80,11-20,0,2,0
83,275,620,84,80,15,71-80,11-20,0,1,0
83,171,272,107,100,10,96-100,6-10,0,1,0
83,171,273,107,100,10,96-100,6-10,0,1,0
83,233,272,107,75,10,71-80,6-10,0,1,0
83,233,273,107,75,10,71-80,6-10,0,1,0
83,234,272,107,75,10,71-80,6-10,0,1,0
83,234,273,107,75,10,71-80,6-10,0,1,0
83,272,273,107,100,10,96-100,6-10,1,0,1
83,272,510,107,100,10,96-100,6-10,0,2,0
83,272,518,107,100,10,96-100,6-10,0,1,0
83,273,510,107,100,10,96-100,6-10,0,2,0
83,273,518,107,100,10,96-100,6-10,0,1,0
83,274,277,108,75,12,71-80,11-20,1,0,1
83,274,512,108,75,12,71-80,11-20,0,1,0
83,277,512,108,75,12,71-80,11-20,0,1,0
83,278,279,109,100,8,96-100,6-10,1,0,1
83,84,268,132,70,12,<=70,11-20,0,1,0
83,85,268,132,70,12,<=70,11-20,0,1,0
83,86,268,132,70,12,<=70,11-20,0,1,0
83,87,268,132,70,12,<=70,11-20,0,1,0
83,88,268,132,70,12,<=70,11-20,0,1,0
83,89,268,132,70,12,<=70,11-20,0,1,0
83,268,533,132,80,12,71-80,11-20,0,2,0
83,307,658,153,85,12,81-90,11-20,0,1,0
83,308,658,153,85,12,81-90,11-20,0,1,0
83,416,658,153,80,12,71-80,11-20,0,1,0
83,417,658,153,80,12,71-80,11-20,0,1,0
83,540,658,153,100,12,96-100,11-20,0,2,0
83,541,658,153,100,12,96-100,11-20,0,2,0
83,658,659,153,71,12,71-80,11-20,1,0,1
85,65,123,45,100,21,96-100,21+,0,1,0
85,66,123,45,100,21,96-100,21+,0,1,0
85,67,123,45,100,21,96-100,21+,0,1,0
85,68,123,45,100,21,96-100,21+,1,1,0
85,69,123,45,100,21,96-100,21+,0,1,0
85,71,123,45,100,21,96-100,21+,0,1,0
85,72,123,45,100,21,96-100,21+,0,1,0
85,73,123,45,100,21,96-100,21+,0,1,0
85,106,123,45,70,21,<=70,21+,0,1,0
85,107,123,45,70,21,<=70,21+,0,1,0
85,120,123,45,72,21,71-80,21+,1,0,0
85,123,124,45,74,21,71-80,21+,1,1,0
85,123,437,45,74,21,71-80,21+,0,1,0
86,189,276,83,100,10,96-100,6-10,0,1,0
86,191,276,83,100,10,96-100,6-10,0,1,0
86,193,275,84,94,15,91-95,11-20,0,1,0
86,275,491,84,80,15,71-80,11-20,0,2,0
86,275,620,84,80,15,71-80,11-20,0,1,0
86,248,249,100,100,13,96-100,11-20,0,1,0
86,249,251,100,100,13,96-100,11-20,0,1,0
86,249,511,100,100,13,96-100,11-20,0,2,0
86,110,434,157,72,18,71-80,11-20,0,1,0
86,111,434,157,72,18,71-80,11-20,0,1,0
86,434,435,157,89,18,81-90,11-20,0,1,0
86,434,547,157,89,18,81-90,11-20,0,1,0
86,434,548,157,89,18,81-90,11-20,0,2,0
92,503,505,102,75,5,71-80,3-5,0,2,0
95,138,610,51,83,15,81-90,11-20,0,1,0
95,142,610,51,83,15,81-90,11-20,0,1,0
95,158,610,51,85,15,81-90,11-20,0,1,0
95,159,610,51,85,15,81-90,11-20,0,1,0
95,180,610,51,75,15,71-80,11-20,0,1,0
95,610,611,51,100,15,96-100,11-20,1,2,0
95,162,612,53,100,7,96-100,6-10,0,1,0
95,163,612,53,100,7,96-100,6-10,0,1,0
95,612,613,53,100,7,96-100,6-10,1,2,0
95,23,614,54,75,17,71-80,11-20,0,1,0
95,23,616,54,75,17,71-80,11-20,0,1,0
95,614,615,54,81,17,81-90,11-20,1,2,0
95,614,616,54,81,17,81-90,11-20,1,0,1
95,614,617,54,81,17,81-90,11-20,1,2,0
95,615,616,54,81,17,81-90,11-20,1,2,0
95,616,617,54,100,17,96-100,11-20,1,2,0
95,436,446,55,71,10,71-80,6-10,0,1,0
95,436,447,55,71,10,71-80,6-10,0,2,0
95,193,620,84,94,15,91-95,11-20,0,1,0
95,275,620,84,80,15,71-80,11-20,0,1,0
95,491,620,84,72,15,71-80,11-20,1,2,0
96,168,236,56,75,9,71-80,6-10,0,1,0
96,169,236,56,75,9,71-80,6-10,0,1,0
96,170,236,56,75,9,71-80,6-10,0,1,0
96,236,601,56,75,9,71-80,6-10,0,1,0
96,236,639,56,75,9,71-80,6-10,0,2,0
96,18,205,78,75,24,71-80,21+,1,0,0
96,189,276,83,100,10,96-100,6-10,0,1,0
96,191,276,83,100,10,96-100,6-10,0,1,0
96,193,275,84,94,15,91-95,11-20,0,1,0
96,193,620,84,94,15,91-95,11-20,0,1,0
96,275,491,84,80,15,71-80,11-20,0,2,0
96,275,620,84,80,15,71-80,11-20,0,1,1
96,491,620,84,72,15,71-80,11-20,1,2,0
96,178,490,89,83,10,81-90,6-10,0,1,0
96,179,490,89,83,10,81-90,6-10,0,1,0
96,317,490,89,85,10,81-90,6-10,0,1,0
96,318,490,89,85,10,81-90,6-10,0,1,0
96,209,210,92,100,17,96-100,11-20,0,1,0
96,209,213,92,100,17,96-100,11-20,1,0,1
96,209,253,92,100,17,96-100,11-20,0,1,0
96,209,340,92,100,17,96-100,11-20,0,1,0
96,209,341,92,100,17,96-100,11-20,0,1,0
96,209,342,92,100,17,96-100,11-20,0,1,0
96,209,438,92,100,17,96-100,11-20,0,1,0
96,209,440,92,100,17,96-100,11-20,0,1,0
96,209,496,92,100,17,96-100,11-20,1,2,0
96,209,498,92,100,17,96-100,11-20,1,2,0
96,210,213,92,80,17,71-80,11-20,0,1,0
96,213,253,92,87,17,81-90,11-20,0,1,0
96,213,340,92,87,17,81-90,11-20,0,1,0
96,213,341,92,87,17,81-90,11-20,0,1,0
96,213,342,92,87,17,81-90,11-20,0,1,0
96,213,438,92,87,17,81-90,11-20,0,1,0
96,213,440,92,87,17,81-90,11-20,0,1,0
96,213,496,92,87,17,81-90,11-20,1,2,0
96,213,498,92,87,17,81-90,11-20,1,2,0
96,207,211,93,80,20,71-80,11-20,1,0,1
96,207,212,93,80,20,71-80,11-20,0,1,0
96,207,495,93,80,20,71-80,11-20,1,2,0
96,207,654,93,80,20,71-80,11-20,0,1,1
96,207,655,93,80,20,71-80,11-20,0,2,0
96,211,212,93,100,20,96-100,11-20,0,1,0
96,211,495,93,100,20,96-100,11-20,1,2,0
96,211,654,93,100,20,96-100,11-20,0,1,1
96,211,655,93,100,20,96-100,11-20,0,2,0
96,212,654,93,87,20,81-90,11-20,0,1,0
96,495,654,93,100,20,96-100,11-20,0,2,0
96,654,655,93,76,20,71-80,11-20,1,2,0
96,217,218,95,100,11,96-100,11-20,0,1,0
96,217,364,95,100,11,96-100,11-20,0,1,0
96,219,220,96,100,8,96-100,6-10,0,1,0
96,204,501,98,88,7,81-90,6-10,1,2,0
96,202,497,99,100,9,96-100,6-10,1,2,0
96,248,249,100,100,13,96-100,11-20,0,1,0
96,249,251,100,100,13,96-100,11-20,0,1,0
96,249,511,100,100,13,96-100,11-20,0,2,0
96,171,272,107,100,10,96-100,6-10,0,1,0
96,171,273,107,100,10,96-100,6-10,0,1,0
96,233,272,107,75,10,71-80,6-10,0,1,0
96,233,273,107,75,10,71-80,6-10,0,1,0
96,234,272,107,75,10,71-80,6-10,0,1,0
96,234,273,107,75,10,71-80,6-10,0,1,0
96,272,273,107,100,10,96-100,6-10,1,0,1
96,272,510,107,100,10,96-100,6-10,0,2,0
96,272,518,107,100,10,96-100,6-10,0,1,0
96,273,510,107,100,10,96-100,6-10,0,2,0
96,273,518,107,100,10,96-100,6-10,0,1,0
96,274,277,108,75,12,71-80,11-20,1,0,1
96,274,512,108,75,12,71-80,11-20,0,1,0
96,277,512,108,75,12,71-80,11-20,0,1,0
96,278,279,109,100,8,96-100,6-10,1,0,1
96,190,250,114,75,6,71-80,6-10,0,1,0
96,250,309,114,100,6,96-100,6-10,0,1,0
96,250,310,114,100,6,96-100,6-10,0,1,0
96,262,280,119,87,6,81-90,6-10,0,1,0
96,262,281,119,87,6,81-90,6-10,0,1,0
96,76,78,130,70,10,<=70,6-10,0,1,0
96,76,81,130,70,10,<=70,6-10,0,1,0
96,77,78,130,70,10,<=70,6-10,0,1,0
96,77,81,130,70,10,<=70,6-10,0,1,0
96,78,79,130,70,10,<=70,6-10,0,1,0
96,78,80,130,70,10,<=70,6-10,0,1,0
96,78,81,130,70,10,<=70,6-10,0,1,1
96,78,90,130,70,10,<=70,6-10,0,1,0
96,78,527,130,70,10,<=70,6-10,0,1,0
96,78,529,130,70,10,<=70,6-10,0,2,0
96,79,81,130,70,10,<=70,6-10,0,1,0
96,80,81,130,70,10,<=70,6-10,0,1,0
96,81,90,130,70,10,<=70,6-10,0,1,0
96,81,527,130,70,10,<=70,6-10,0,1,0
96,81,529,130,70,10,<=70,6-10,0,2,0
96,110,435,157,72,18,71-80,11-20,0,1,0
96,111,435,157,72,18,71-80,11-20,0,1,0
96,434,435,157,89,18,81-90,11-20,0,1,0
96,435,547,157,89,18,81-90,11-20,0,1,0
96,435,548,157,89,18,81-90,11-20,0,2,0
102,70,532,48,100,12,96-100,11-20,0,1,0
102,132,532,48,80,12,71-80,11-20,0,1,0
102,133,532,48,80,12,71-80,11-20,0,1,0
102,160,532,48,80,12,71-80,11-20,0,1,0
102,82,668,131,71,14,71-80,11-20,0,1,0
102,83,668,131,71,14,71-80,11-20,0,1,0
102,98,668,131,71,14,71-80,11-20,0,1,0
102,99,668,131,71,14,71-80,11-20,0,1,0
102,244,668,131,71,14,71-80,11-20,0,1,0
102,245,668,131,71,14,71-80,11-20,0,1,0
102,246,668,131,71,14,71-80,11-20,0,1,0
102,247,668,131,71,14,71-80,11-20,0,1,0
102,355,668,131,80,14,71-80,11-20,0,1,0
102,252,667,139,84,4,81-90,3-5,0,1,0
106,70,532,48,100,12,96-100,11-20,0,1,0
106,132,532,48,80,12,71-80,11-20,0,1,0
106,133,532,48,80,12,71-80,11-20,0,1,0
106,160,532,48,80,12,71-80,11-20,0,1,0
106,96,534,134,100,8,96-100,6-10,0,1,0
106,97,534,134,100,8,96-100,6-10,0,1,0
106,534,535,134,100,8,96-100,6-10,1,2,0
106,534,669,134,100,8,96-100,6-10,0,1,0
106,534,670,134,100,8,96-100,6-10,0,2,0
106,256,536,141,100,6,96-100,6-10,0,1,0
106,257,536,141,100,6,96-100,6-10,0,1,0
106,432,536,141,75,6,71-80,6-10,0,1,0
106,433,536,141,75,6,71-80,6-10,0,1,0
106,536,537,141,100,6,96-100,6-10,1,2,0
107,65,661,45,100,21,96-100,21+,0,1,0
107,66,661,45,100,21,96-100,21+,0,1,0
107,67,661,45,100,21,96-100,21+,0,1,0
107,68,661,45,100,21,96-100,21+,0,1,0
107,69,661,45,100,21,96-100,21+,0,1,0
107,71,661,45,100,21,96-100,21+,0,1,0
107,72,661,45,100,21,96-100,21+,0,1,0
107,73,661,45,100,21,96-100,21+,0,1,0
107,106,661,45,70,21,<=70,21+,0,1,0
107,107,661,45,70,21,<=70,21+,0,1,0
107,120,661,45,72,21,71-80,21+,0,1,0
107,123,661,45,74,21,71-80,21+,0,1,0
107,124,661,45,74,21,71-80,21+,0,1,0
107,437,661,45,75,21,71-80,21+,0,1,0
107,503,663,102,75,5,71-80,3-5,0,1,0
107,505,663,102,75,5,71-80,3-5,0,2,0
107,663,664,102,75,5,71-80,3-5,0,1,0
107,665,666,103,100,2,96-100,2 (pair),0,1,0
107,231,662,104,86,4,81-90,3-5,0,1,0
107,232,662,104,86,4,81-90,3-5,0,1,0
108,18,205,78,75,24,71-80,21+,1,0,0
110,513,675,110,92,8,91-95,6-10,0,1,0
110,516,675,110,100,8,96-100,6-10,0,2,0
110,674,675,110,100,8,96-100,6-10,1,2,0
110,82,673,131,71,14,71-80,11-20,0,2,0
110,83,673,131,71,14,71-80,11-20,0,2,0
110,98,673,131,71,14,71-80,11-20,0,2,0
110,99,673,131,71,14,71-80,11-20,0,2,0
110,244,673,131,71,14,71-80,11-20,0,2,0
110,245,673,131,71,14,71-80,11-20,0,2,0
110,246,673,131,71,14,71-80,11-20,0,2,0
110,247,673,131,71,14,71-80,11-20,0,2,0
110,355,673,131,80,14,71-80,11-20,0,3,0
110,252,672,139,84,4,81-90,3-5,0,2,0
110,667,672,139,89,4,81-90,3-5,1,2,0
110,345,346,148,75,10,71-80,6-10,1,1,0
110,395,396,172,100,6,96-100,6-10,1,1,0
113,23,679,54,75,17,71-80,11-20,0,2,0
113,614,679,54,81,17,81-90,11-20,0,2,0
113,615,679,54,81,17,81-90,11-20,0,1,0
113,616,679,54,100,17,96-100,11-20,0,2,0
113,617,679,54,100,17,96-100,11-20,0,1,0
113,513,516,110,92,8,91-95,6-10,1,2,0
113,513,674,110,92,8,91-95,6-10,0,2,0
113,513,675,110,92,8,91-95,6-10,0,1,0
113,237,517,112,100,8,96-100,6-10,1,2,0
113,238,517,112,100,8,96-100,6-10,1,2,0
113,358,571,149,80,10,71-80,6-10,0,2,0
113,363,571,149,80,10,71-80,6-10,0,3,0
113,519,680,193,100,8,96-100,6-10,1,0,1
113,569,570,205,75,2,71-80,2 (pair),1,0,1
113,585,586,206,84,2,81-90,2 (pair),1,0,1
115,65,661,45,100,21,96-100,21+,0,1,0
115,66,661,45,100,21,96-100,21+,0,1,0
115,67,661,45,100,21,96-100,21+,0,1,0
115,68,661,45,100,21,96-100,21+,0,1,0
115,69,661,45,100,21,96-100,21+,0,1,0
115,71,661,45,100,21,96-100,21+,0,1,0
115,72,661,45,100,21,96-100,21+,0,1,0
115,73,661,45,100,21,96-100,21+,0,1,0
115,106,661,45,70,21,<=70,21+,0,1,0
115,107,661,45,70,21,<=70,21+,0,1,0
115,120,661,45,72,21,71-80,21+,0,1,0
115,123,661,45,74,21,71-80,21+,0,1,0
115,124,661,45,74,21,71-80,21+,0,1,0
115,437,661,45,75,21,71-80,21+,0,1,0
115,503,663,102,75,5,71-80,3-5,0,1,0
115,505,663,102,75,5,71-80,3-5,0,2,0
115,663,664,102,75,5,71-80,3-5,0,1,0
115,665,666,103,100,2,96-100,2 (pair),0,1,0
115,231,662,104,86,4,81-90,3-5,0,1,0
115,232,662,104,86,4,81-90,3-5,0,1,0
115,685,686,186,70,4,<=70,3-5,1,0,0
126,235,607,111,75,7,71-80,6-10,0,2,0
126,240,607,111,75,7,71-80,6-10,0,2,0
127,65,71,45,100,21,96-100,21+,0,1,0
127,66,71,45,100,21,96-100,21+,0,1,0
127,67,71,45,100,21,96-100,21+,0,1,0
127,68,71,45,100,21,96-100,21+,0,1,0
127,69,71,45,100,21,96-100,21+,0,1,0
127,71,72,45,100,21,96-100,21+,0,1,0
127,71,73,45,100,21,96-100,21+,0,1,0
127,71,106,45,100,21,96-100,21+,0,1,0
127,71,107,45,100,21,96-100,21+,0,1,0
127,71,120,45,100,21,96-100,21+,0,1,0
127,71,123,45,100,21,96-100,21+,0,1,0
127,71,124,45,100,21,96-100,21+,0,1,0
127,71,437,45,100,21,96-100,21+,0,1,0
127,71,661,45,100,21,96-100,21+,0,1,0
127,109,126,46,71,8,71-80,6-10,0,1,0
127,125,126,46,100,8,96-100,6-10,0,1,0
127,126,127,46,100,8,96-100,6-10,0,1,0
127,128,130,47,75,33,71-80,21+,0,1,0
127,129,130,47,75,33,71-80,21+,0,1,0
127,130,131,47,75,33,71-80,21+,0,1,0
127,130,149,47,75,33,71-80,21+,0,1,0
127,130,154,47,75,33,71-80,21+,0,1,0
127,134,137,49,100,10,96-100,6-10,0,1,0
127,134,140,49,100,10,96-100,6-10,0,1,0
127,135,137,49,100,10,96-100,6-10,0,1,0
127,135,140,49,100,10,96-100,6-10,0,1,0
127,136,137,49,75,10,71-80,6-10,0,1,0
127,136,140,49,75,10,71-80,6-10,0,1,0
127,137,140,49,75,10,71-80,6-10,1,0,1
127,137,150,49,75,10,71-80,6-10,0,1,0
127,137,152,49,75,10,71-80,6-10,0,1,0
127,137,188,49,75,10,71-80,6-10,0,1,0
127,137,196,49,75,10,71-80,6-10,0,1,0
127,137,198,49,75,10,71-80,6-10,0,1,0
127,140,150,49,75,10,71-80,6-10,0,1,0
127,140,152,49,75,10,71-80,6-10,0,1,0
127,140,188,49,75,10,71-80,6-10,0,1,0
127,140,196,49,75,10,71-80,6-10,0,1,0
127,140,198,49,75,10,71-80,6-10,0,1,0
127,138,142,51,83,15,81-90,11-20,0,1,0
127,142,158,51,83,15,81-90,11-20,0,1,0
127,142,159,51,83,15,81-90,11-20,0,1,0
127,142,180,51,83,15,81-90,11-20,0,1,0
127,142,610,51,83,15,81-90,11-20,0,1,0
127,142,611,51,83,15,81-90,11-20,0,2,0
127,503,664,102,75,5,71-80,3-5,0,1,0
127,505,664,102,75,5,71-80,3-5,0,2,0
127,663,664,102,75,5,71-80,3-5,0,1,0
127,665,666,103,100,2,96-100,2 (pair),0,1,0
127,513,687,110,92,8,91-95,6-10,0,2,0
127,516,687,110,100,8,96-100,6-10,0,1,0
127,674,687,110,100,8,96-100,6-10,0,1,0
127,675,687,110,100,8,96-100,6-10,0,2,0
127,121,122,158,72,8,71-80,6-10,0,1,0
127,121,549,158,72,8,71-80,6-10,0,1,0
127,121,550,158,72,8,71-80,6-10,0,2,0
130,168,236,56,75,9,71-80,6-10,0,1,0
130,169,236,56,75,9,71-80,6-10,0,1,0
130,170,236,56,75,9,71-80,6-10,0,1,0
130,236,601,56,75,9,71-80,6-10,0,1,0
130,236,639,56,75,9,71-80,6-10,0,2,0
130,688,689,61,100,8,96-100,6-10,0,1,0
130,18,205,78,75,24,71-80,21+,1,0,1
130,269,270,80,80,12,71-80,11-20,1,0,0
130,270,451,80,80,12,71-80,11-20,0,1,0
130,270,638,80,80,12,71-80,11-20,0,2,0
130,270,651,80,80,12,71-80,11-20,0,2,0
130,181,524,81,75,15,71-80,11-20,0,1,0
130,182,524,81,75,15,71-80,11-20,0,1,0
130,183,524,81,75,15,71-80,11-20,0,1,0
130,184,524,81,75,15,71-80,11-20,0,1,0
130,185,524,81,75,15,71-80,11-20,0,1,0
130,459,524,81,91,15,91-95,11-20,0,1,0
130,524,640,81,75,15,71-80,11-20,0,2,0
130,189,276,83,100,10,96-100,6-10,0,1,0
130,191,276,83,100,10,96-100,6-10,0,1,0
130,193,275,84,94,15,91-95,11-20,0,1,0
130,193,620,84,94,15,91-95,11-20,0,1,0
130,275,491,84,80,15,71-80,11-20,0,2,0
130,275,620,84,80,15,71-80,11-20,0,1,1
130,491,620,84,72,15,71-80,11-20,1,2,0
130,209,253,92,100,17,96-100,11-20,0,1,0
130,209,438,92,100,17,96-100,11-20,0,1,0
130,209,440,92,100,17,96-100,11-20,0,1,0
130,210,253,92,80,17,71-80,11-20,0,1,0
130,210,438,92,80,17,71-80,11-20,0,1,0
130,210,440,92,80,17,71-80,11-20,0,1,0
130,213,253,92,87,17,81-90,11-20,0,1,0
130,213,438,92,87,17,81-90,11-20,0,1,0
130,213,440,92,87,17,81-90,11-20,0,1,0
130,253,340,92,88,17,81-90,11-20,0,1,0
130,253,341,92,88,17,81-90,11-20,0,1,0
130,253,342,92,88,17,81-90,11-20,0,1,0
130,253,438,92,88,17,81-90,11-20,0,1,1
130,253,440,92,88,17,81-90,11-20,0,1,1
130,253,496,92,88,17,81-90,11-20,0,2,0
130,253,498,92,88,17,81-90,11-20,0,2,0
130,340,438,92,75,17,71-80,11-20,0,1,0
130,340,440,92,75,17,71-80,11-20,0,1,0
130,341,438,92,75,17,71-80,11-20,0,1,0
130,341,440,92,75,17,71-80,11-20,0,1,0
130,342,438,92,75,17,71-80,11-20,0,1,0
130,342,440,92,75,17,71-80,11-20,0,1,0
130,438,440,92,75,17,71-80,11-20,1,0,1
130,438,496,92,75,17,71-80,11-20,0,2,0
130,438,498,92,75,17,71-80,11-20,0,2,0
130,440,496,92,75,17,71-80,11-20,0,2,0
130,440,498,92,75,17,71-80,11-20,0,2,0
130,207,211,93,80,20,71-80,11-20,1,0,0
130,207,212,93,80,20,71-80,11-20,0,1,0
130,207,495,93,80,20,71-80,11-20,1,2,0
130,202,497,99,100,9,96-100,6-10,1,2,0
130,248,249,100,100,13,96-100,11-20,0,1,0
130,248,251,100,100,13,96-100,11-20,0,1,1
130,249,251,100,100,13,96-100,11-20,0,1,0
130,503,663,102,75,5,71-80,3-5,0,1,0
130,505,663,102,75,5,71-80,3-5,0,2,0
130,663,664,102,75,5,71-80,3-5,0,1,0
130,665,666,103,100,2,96-100,2 (pair),0,1,0
130,171,272,107,100,10,96-100,6-10,0,1,0
130,171,273,107,100,10,96-100,6-10,0,1,0
130,233,272,107,75,10,71-80,6-10,0,1,0
130,233,273,107,75,10,71-80,6-10,0,1,0
130,234,272,107,75,10,71-80,6-10,0,1,0
130,234,273,107,75,10,71-80,6-10,0,1,0
130,272,273,107,100,10,96-100,6-10,1,0,1
130,272,510,107,100,10,96-100,6-10,0,2,0
130,272,518,107,100,10,96-100,6-10,0,1,0
130,273,510,107,100,10,96-100,6-10,0,2,0
130,273,518,107,100,10,96-100,6-10,0,1,0
130,274,277,108,75,12,71-80,11-20,1,0,1
130,274,512,108,75,12,71-80,11-20,0,1,0
130,274,677,108,75,12,71-80,11-20,0,2,0
130,277,512,108,75,12,71-80,11-20,0,1,0
130,277,677,108,75,12,71-80,11-20,0,2,0
130,278,279,109,100,8,96-100,6-10,1,0,1
130,262,281,119,87,6,81-90,6-10,0,1,0
130,280,281,119,77,6,71-80,6-10,1,0,0
130,76,78,130,70,10,<=70,6-10,0,1,0
130,76,81,130,70,10,<=70,6-10,0,1,0
130,77,78,130,70,10,<=70,6-10,0,1,0
130,77,81,130,70,10,<=70,6-10,0,1,0
130,78,79,130,70,10,<=70,6-10,0,1,0
130,78,80,130,70,10,<=70,6-10,0,1,0
130,78,81,130,70,10,<=70,6-10,0,1,1
130,78,90,130,70,10,<=70,6-10,0,1,0
130,78,527,130,70,10,<=70,6-10,0,1,0
130,78,529,130,70,10,<=70,6-10,0,2,0
130,79,81,130,70,10,<=70,6-10,0,1,0
130,80,81,130,70,10,<=70,6-10,0,1,0
130,81,90,130,70,10,<=70,6-10,0,1,0
130,81,527,130,70,10,<=70,6-10,0,1,0
130,81,529,130,70,10,<=70,6-10,0,2,0
130,260,261,142,100,2,96-100,2 (pair),1,0,1
130,110,435,157,72,18,71-80,11-20,0,1,0
130,111,435,157,72,18,71-80,11-20,0,1,0
130,434,435,157,89,18,81-90,11-20,0,1,0
130,435,547,157,89,18,81-90,11-20,0,1,0
130,435,548,157,89,18,81-90,11-20,0,2,0
134,399,400,174,73,5,71-80,3-5,1,1,0
136,35,690,15,93,7,91-95,6-10,0,2,0
136,36,690,15,93,7,91-95,6-10,0,2,0
136,258,690,15,71,7,71-80,6-10,0,1,0
136,259,690,15,71,7,71-80,6-10,0,1,0
136,76,77,130,70,10,<=70,6-10,0,1,0
136,77,78,130,70,10,<=70,6-10,0,1,0
136,77,79,130,70,10,<=70,6-10,0,1,0
136,77,80,130,70,10,<=70,6-10,0,1,0
136,77,81,130,70,10,<=70,6-10,0,1,0
136,77,90,130,70,10,<=70,6-10,0,1,0
136,77,527,130,70,10,<=70,6-10,0,1,0
136,77,529,130,70,10,<=70,6-10,0,2,0
136,84,89,132,70,12,<=70,11-20,0,1,0
136,85,89,132,70,12,<=70,11-20,0,1,0
136,86,89,132,70,12,<=70,11-20,0,1,0
136,87,89,132,70,12,<=70,11-20,0,1,0
136,88,89,132,70,12,<=70,11-20,0,1,0
136,89,268,132,70,12,<=70,11-20,0,1,0
136,239,403,135,71,8,71-80,6-10,0,1,0
136,239,405,135,71,8,71-80,6-10,0,1,0
136,239,415,135,71,8,71-80,6-10,0,1,0
136,241,242,138,83,4,81-90,3-5,1,0,0
136,241,243,138,83,4,81-90,3-5,1,0,1
136,242,243,138,83,4,81-90,3-5,1,0,0
139,65,106,45,100,21,96-100,21+,0,1,0
139,65,107,45,100,21,96-100,21+,0,1,0
139,66,106,45,100,21,96-100,21+,0,1,0
139,66,107,45,100,21,96-100,21+,0,1,0
139,67,106,45,100,21,96-100,21+,0,1,0
139,67,107,45,100,21,96-100,21+,0,1,0
139,68,106,45,100,21,96-100,21+,0,1,0
139,68,107,45,100,21,96-100,21+,0,1,0
139,69,106,45,100,21,96-100,21+,0,1,0
139,69,107,45,100,21,96-100,21+,0,1,0
139,71,106,45,100,21,96-100,21+,0,1,0
139,71,107,45,100,21,96-100,21+,0,1,0
139,72,106,45,100,21,96-100,21+,0,1,0
139,72,107,45,100,21,96-100,21+,0,1,0
139,73,106,45,100,21,96-100,21+,0,1,0
139,73,107,45,100,21,96-100,21+,0,1,0
139,106,107,45,70,21,<=70,21+,0,1,1
139,106,120,45,70,21,<=70,21+,0,1,0
139,106,123,45,70,21,<=70,21+,0,1,0
139,106,124,45,70,21,<=70,21+,0,1,0
139,106,437,45,70,21,<=70,21+,0,1,0
139,106,661,45,70,21,<=70,21+,0,1,0
139,107,120,45,70,21,<=70,21+,0,1,0
139,107,123,45,70,21,<=70,21+,0,1,0
139,107,124,45,70,21,<=70,21+,0,1,0
139,107,437,45,70,21,<=70,21+,0,1,0
139,107,661,45,70,21,<=70,21+,0,1,0
139,109,125,46,71,8,71-80,6-10,0,1,0
139,109,126,46,71,8,71-80,6-10,0,1,0
139,109,127,46,71,8,71-80,6-10,0,1,0
139,168,601,56,75,9,71-80,6-10,0,1,0
139,169,601,56,75,9,71-80,6-10,0,1,0
139,170,601,56,75,9,71-80,6-10,0,1,0
139,236,601,56,75,9,71-80,6-10,0,1,0
139,601,639,56,73,9,71-80,6-10,0,2,0
139,166,167,62,100,17,96-100,11-20,0,1,0
139,166,641,62,100,17,96-100,11-20,0,2,0
139,269,451,80,80,12,71-80,11-20,0,1,0
139,270,451,80,80,12,71-80,11-20,0,1,0
139,451,638,80,97,12,96-100,11-20,0,2,0
139,451,651,80,97,12,96-100,11-20,0,2,0
139,181,459,81,75,15,71-80,11-20,0,1,0
139,182,459,81,75,15,71-80,11-20,0,1,0
139,183,459,81,75,15,71-80,11-20,0,1,0
139,184,459,81,75,15,71-80,11-20,0,1,0
139,185,459,81,75,15,71-80,11-20,0,1,0
139,459,524,81,91,15,91-95,11-20,0,1,0
139,459,640,81,91,15,91-95,11-20,0,2,0
139,200,476,87,100,16,96-100,11-20,0,1,0
139,201,476,87,100,16,96-100,11-20,0,1,0
139,305,476,87,75,16,71-80,11-20,0,1,0
139,306,476,87,75,16,71-80,11-20,0,1,0
139,476,636,87,71,16,71-80,11-20,0,2,0
139,476,642,87,71,16,71-80,11-20,0,2,0
139,476,643,87,71,16,71-80,11-20,0,2,0
139,476,644,87,71,16,71-80,11-20,0,2,0
139,176,177,88,71,13,71-80,11-20,1,0,1
139,176,314,88,71,13,71-80,11-20,0,1,0
139,176,315,88,71,13,71-80,11-20,0,1,0
139,176,316,88,71,13,71-80,11-20,0,1,0
139,177,314,88,71,13,71-80,11-20,0,1,0
139,177,315,88,71,13,71-80,11-20,0,1,0
139,177,316,88,71,13,71-80,11-20,0,1,0
139,178,179,89,83,10,81-90,6-10,1,0,1
139,178,317,89,83,10,81-90,6-10,0,1,0
139,178,318,89,83,10,81-90,6-10,0,1,0
139,178,490,89,83,10,81-90,6-10,0,1,0
139,179,317,89,83,10,81-90,6-10,0,1,0
139,179,318,89,83,10,81-90,6-10,0,1,0
139,179,490,89,83,10,81-90,6-10,0,1,0
139,231,232,104,86,4,81-90,3-5,1,0,1
139,231,662,104,86,4,81-90,3-5,0,1,0
139,232,662,104,86,4,81-90,3-5,0,1,0
139,509,514,105,100,8,96-100,6-10,1,0,0
139,514,515,105,96,8,96-100,6-10,1,2,0
139,235,607,111,75,7,71-80,6-10,0,2,0
139,239,415,135,71,8,71-80,6-10,0,1,0
139,403,415,135,80,8,71-80,6-10,1,1,0
139,405,415,135,75,8,71-80,6-10,1,1,0
139,356,373,150,83,11,81-90,11-20,1,1,0
139,361,373,150,83,11,81-90,11-20,1,0,0
139,365,373,150,83,11,81-90,11-20,1,1,0
139,371,373,150,83,11,81-90,11-20,1,0,0
139,380,381,167,91,4,91-95,3-5,1,1,0
139,382,383,168,96,7,96-100,6-10,1,1,0
139,386,398,173,75,5,71-80,3-5,1,1,0
139,397,398,173,74,5,71-80,3-5,1,1,0
139,399,400,174,73,5,71-80,3-5,1,1,0
139,401,402,175,70,4,<=70,3-5,1,1,0
141,65,71,45,100,21,96-100,21+,0,1,0
141,66,71,45,100,21,96-100,21+,0,1,0
141,67,71,45,100,21,96-100,21+,0,1,0
141,68,71,45,100,21,96-100,21+,0,1,0
141,69,71,45,100,21,96-100,21+,0,1,0
141,71,72,45,100,21,96-100,21+,0,1,0
141,71,73,45,100,21,96-100,21+,0,1,0
141,71,106,45,100,21,96-100,21+,0,1,0
141,71,107,45,100,21,96-100,21+,0,1,0
141,71,120,45,100,21,96-100,21+,0,1,0
141,71,123,45,100,21,96-100,21+,0,1,0
141,71,124,45,100,21,96-100,21+,0,1,0
141,71,437,45,100,21,96-100,21+,0,1,0
141,71,661,45,100,21,96-100,21+,0,1,0
141,109,126,46,71,8,71-80,6-10,0,1,0
141,125,126,46,100,8,96-100,6-10,0,1,0
141,126,127,46,100,8,96-100,6-10,0,1,0
141,128,130,47,75,33,71-80,21+,0,1,0
141,129,130,47,75,33,71-80,21+,0,1,0
141,130,131,47,75,33,71-80,21+,0,1,0
141,130,154,47,75,33,71-80,21+,0,1,0
141,70,132,48,100,12,96-100,11-20,0,1,0
141,70,133,48,100,12,96-100,11-20,0,1,0
141,70,160,48,100,12,96-100,11-20,0,1,0
141,70,532,48,100,12,96-100,11-20,0,1,0
141,134,137,49,100,10,96-100,6-10,0,1,0
141,134,140,49,100,10,96-100,6-10,0,1,0
141,135,137,49,100,10,96-100,6-10,0,1,0
141,135,140,49,100,10,96-100,6-10,0,1,0
141,136,137,49,75,10,71-80,6-10,0,1,0
141,136,140,49,75,10,71-80,6-10,0,1,0
141,137,140,49,75,10,71-80,6-10,1,0,1
141,137,150,49,75,10,71-80,6-10,0,1,0
141,137,152,49,75,10,71-80,6-10,0,1,0
141,137,188,49,75,10,71-80,6-10,0,1,0
141,137,196,49,75,10,71-80,6-10,0,1,0
141,137,198,49,75,10,71-80,6-10,0,1,0
141,140,150,49,75,10,71-80,6-10,0,1,0
141,140,152,49,75,10,71-80,6-10,0,1,0
141,140,188,49,75,10,71-80,6-10,0,1,0
141,140,196,49,75,10,71-80,6-10,0,1,0
141,140,198,49,75,10,71-80,6-10,0,1,0
141,503,664,102,75,5,71-80,3-5,0,1,0
141,505,664,102,75,5,71-80,3-5,0,2,0
141,663,664,102,75,5,71-80,3-5,0,1,0
141,665,666,103,100,2,96-100,2 (pair),0,1,0
141,171,233,107,100,10,96-100,6-10,0,1,0
141,171,234,107,100,10,96-100,6-10,0,1,0
141,171,272,107,100,10,96-100,6-10,0,1,0
141,171,273,107,100,10,96-100,6-10,0,1,0
141,171,510,107,100,10,96-100,6-10,0,2,0
141,171,518,107,100,10,96-100,6-10,0,1,0
141,239,415,135,71,8,71-80,6-10,0,1,0
141,403,415,135,80,8,71-80,6-10,1,1,0
141,405,415,135,75,8,71-80,6-10,1,1,1
141,345,346,148,75,10,71-80,6-10,1,1,0
141,358,363,149,80,10,71-80,6-10,1,1,0
141,358,693,149,80,10,71-80,6-10,1,0,0
141,363,571,149,80,10,71-80,6-10,0,3,0
141,363,693,149,80,10,71-80,6-10,1,1,1
141,571,693,149,75,10,71-80,6-10,0,2,0
141,307,416,153,85,12,81-90,11-20,0,1,0
141,307,417,153,85,12,81-90,11-20,0,1,0
141,308,416,153,85,12,81-90,11-20,0,1,0
141,308,417,153,85,12,81-90,11-20,0,1,0
141,416,417,153,80,12,71-80,11-20,1,0,1
141,416,540,153,80,12,71-80,11-20,0,2,0
141,416,541,153,80,12,71-80,11-20,0,2,0
141,416,658,153,80,12,71-80,11-20,0,1,0
141,416,659,153,80,12,71-80,11-20,0,1,0
141,417,540,153,80,12,71-80,11-20,0,2,0
141,417,541,153,80,12,71-80,11-20,0,2,0
141,417,658,153,80,12,71-80,11-20,0,1,0
141,417,659,153,80,12,71-80,11-20,0,1,0
141,121,122,158,72,8,71-80,6-10,0,1,0
141,121,549,158,72,8,71-80,6-10,0,1,0
141,121,550,158,72,8,71-80,6-10,0,2,0
141,349,350,162,97,17,96-100,11-20,1,1,0
141,350,656,162,97,17,96-100,11-20,0,1,0
141,350,657,162,97,17,96-100,11-20,0,2,0
141,395,396,172,100,6,96-100,6-10,1,1,0
141,397,398,173,74,5,71-80,3-5,1,1,0
141,399,400,174,73,5,71-80,3-5,1,1,0
141,401,402,175,70,4,<=70,3-5,1,1,0
141,406,418,176,75,8,71-80,6-10,1,1,0
141,409,418,176,75,8,71-80,6-10,1,0,0
141,410,418,176,75,8,71-80,6-10,1,0,0
141,413,418,176,75,8,71-80,6-10,1,1,0
141,418,420,176,75,8,71-80,6-10,1,1,1
144,84,695,132,70,12,<=70,11-20,0,1,0
144,85,695,132,70,12,<=70,11-20,0,1,0
144,86,695,132,70,12,<=70,11-20,0,1,0
144,87,695,132,70,12,<=70,11-20,0,1,0
144,88,695,132,70,12,<=70,11-20,0,1,0
144,89,695,132,70,12,<=70,11-20,0,1,0
144,268,695,132,80,12,71-80,11-20,0,1,0
158,96,535,134,100,8,96-100,6-10,0,2,0
158,97,535,134,100,8,96-100,6-10,0,2,0
158,534,535,134,100,8,96-100,6-10,1,2,0
158,535,669,134,100,8,96-100,6-10,0,2,0
158,535,670,134,100,8,96-100,6-10,0,1,0
163,35,259,15,93,7,91-95,6-10,0,2,0
163,36,259,15,93,7,91-95,6-10,0,2,0
163,258,259,15,71,7,71-80,6-10,1,0,0
163,259,690,15,71,7,71-80,6-10,0,1,0
163,40,697,17,100,12,96-100,11-20,0,2,0
163,41,697,17,100,12,96-100,11-20,0,2,0
163,696,697,17,75,12,71-80,11-20,0,2,0
163,697,698,17,75,12,71-80,11-20,0,2,0
163,114,699,29,75,5,71-80,3-5,0,2,0
163,114,700,29,75,5,71-80,3-5,0,2,0
163,699,700,29,75,5,71-80,3-5,0,1,1
163,23,679,54,75,17,71-80,11-20,0,2,0
163,614,679,54,81,17,81-90,11-20,0,2,0
163,615,679,54,81,17,81-90,11-20,0,1,0
163,616,679,54,100,17,96-100,11-20,0,2,0
163,617,679,54,100,17,96-100,11-20,0,1,0
163,436,710,55,71,10,71-80,6-10,0,2,0
163,446,710,55,77,10,71-80,6-10,0,2,0
163,447,710,55,77,10,71-80,6-10,0,1,0
163,172,591,57,100,9,96-100,6-10,0,2,0
163,172,592,57,100,9,96-100,6-10,0,2,0
163,173,591,57,100,9,96-100,6-10,0,2,0
163,173,592,57,100,9,96-100,6-10,0,2,0
163,591,592,57,75,9,71-80,6-10,1,0,1
163,174,593,58,100,10,96-100,6-10,0,2,0
163,174,594,58,100,10,96-100,6-10,0,2,0
163,174,595,58,100,10,96-100,6-10,0,2,0
163,175,593,58,100,10,96-100,6-10,0,2,0
163,175,594,58,100,10,96-100,6-10,0,2,0
163,175,595,58,100,10,96-100,6-10,0,2,0
163,593,594,58,84,10,81-90,6-10,1,0,1
163,593,595,58,84,10,81-90,6-10,1,0,1
163,594,595,58,84,10,81-90,6-10,1,0,1
163,596,597,59,80,7,71-80,6-10,1,0,1
163,596,598,59,80,7,71-80,6-10,1,0,1
163,597,598,59,80,7,71-80,6-10,1,0,1
163,166,641,62,100,17,96-100,11-20,0,2,0
163,167,641,62,100,17,96-100,11-20,0,3,0
163,269,651,80,80,12,71-80,11-20,0,2,0
163,270,651,80,80,12,71-80,11-20,0,2,0
163,451,651,80,97,12,96-100,11-20,0,2,0
163,638,651,80,97,12,96-100,11-20,0,1,0
163,200,636,87,100,16,96-100,11-20,1,2,0
163,201,636,87,100,16,96-100,11-20,0,3,0
163,305,636,87,75,16,71-80,11-20,0,2,0
163,306,636,87,75,16,71-80,11-20,0,2,0
163,476,636,87,71,16,71-80,11-20,0,2,0
163,636,642,87,80,16,71-80,11-20,0,1,0
163,636,643,87,80,16,71-80,11-20,0,1,0
163,636,644,87,80,16,71-80,11-20,0,1,0
163,206,494,90,71,5,71-80,3-5,0,3,0
163,319,494,90,85,5,81-90,3-5,0,2,0
163,320,494,90,85,5,81-90,3-5,0,2,0
163,208,621,91,100,12,96-100,11-20,0,3,0
163,337,621,91,90,12,81-90,11-20,0,2,0
163,338,621,91,90,12,81-90,11-20,0,2,0
163,339,621,91,90,12,81-90,11-20,0,2,0
163,209,496,92,100,17,96-100,11-20,1,2,0
163,209,498,92,100,17,96-100,11-20,1,2,0
163,210,496,92,80,17,71-80,11-20,0,3,0
163,210,498,92,80,17,71-80,11-20,0,3,0
163,213,496,92,87,17,81-90,11-20,1,2,0
163,213,498,92,87,17,81-90,11-20,1,2,0
163,253,496,92,88,17,81-90,11-20,0,2,0
163,253,498,92,88,17,81-90,11-20,0,2,0
163,340,496,92,75,17,71-80,11-20,0,2,0
163,340,498,92,75,17,71-80,11-20,0,2,0
163,341,496,92,75,17,71-80,11-20,0,2,0
163,341,498,92,75,17,71-80,11-20,0,2,0
163,342,496,92,75,17,71-80,11-20,0,2,0
163,342,498,92,75,17,71-80,11-20,0,2,0
163,438,496,92,75,17,71-80,11-20,0,2,0
163,438,498,92,75,17,71-80,11-20,0,2,0
163,440,496,92,75,17,71-80,11-20,0,2,0
163,440,498,92,75,17,71-80,11-20,0,2,0
163,496,498,92,100,17,96-100,11-20,1,0,1
163,207,495,93,80,20,71-80,11-20,1,2,0
163,211,495,93,100,20,96-100,11-20,1,2,0
163,212,495,93,87,20,81-90,11-20,0,3,0
163,204,501,98,88,7,81-90,6-10,1,2,0
163,202,497,99,100,9,96-100,6-10,1,2,0
163,503,505,102,75,5,71-80,3-5,0,2,0
163,505,663,102,75,5,71-80,3-5,0,2,0
163,505,664,102,75,5,71-80,3-5,0,2,0
163,171,510,107,100,10,96-100,6-10,0,2,0
163,233,510,107,75,10,71-80,6-10,1,2,0
163,234,510,107,75,10,71-80,6-10,1,2,0
163,272,510,107,100,10,96-100,6-10,0,2,0
163,273,510,107,100,10,96-100,6-10,0,2,0
163,274,707,108,75,12,71-80,11-20,0,2,0
163,277,707,108,75,12,71-80,11-20,0,2,0
163,512,707,108,92,12,91-95,11-20,1,2,0
163,677,707,108,83,12,81-90,11-20,0,1,0
163,513,516,110,92,8,91-95,6-10,1,2,0
163,513,674,110,92,8,91-95,6-10,0,2,0
163,513,675,110,92,8,91-95,6-10,0,1,0
163,513,687,110,92,8,91-95,6-10,0,2,0
163,235,709,111,75,7,71-80,6-10,1,2,0
163,607,709,111,80,7,71-80,6-10,0,1,0
163,91,648,133,73,11,71-80,11-20,0,2,0
163,92,648,133,73,11,71-80,11-20,0,2,0
163,93,648,133,73,11,71-80,11-20,0,2,0
163,94,648,133,73,11,71-80,11-20,0,2,0
163,95,648,133,73,11,71-80,11-20,0,2,0
163,528,648,133,75,11,71-80,11-20,0,1,0
163,390,682,152,85,16,81-90,11-20,0,3,0
163,391,682,152,85,16,81-90,11-20,0,3,0
163,392,682,152,85,16,81-90,11-20,0,3,0
163,394,682,152,85,16,81-90,11-20,0,3,0
163,429,682,152,85,16,81-90,11-20,0,2,0
163,538,682,152,100,16,96-100,11-20,0,2,0
163,539,682,152,100,16,96-100,11-20,0,1,0
163,711,714,178,75,4,71-80,3-5,0,3,0
163,569,570,205,75,2,71-80,2 (pair),1,0,1
163,585,586,206,84,2,81-90,2 (pair),1,0,1
163,683,684,210,70,2,<=70,2 (pair),1,0,1
166,168,236,56,75,9,71-80,6-10,0,1,0
166,169,236,56,75,9,71-80,6-10,0,1,0
166,170,236,56,75,9,71-80,6-10,0,1,0
166,189,276,83,100,10,96-100,6-10,0,1,0
166,191,276,83,100,10,96-100,6-10,0,1,0
166,193,275,84,94,15,91-95,11-20,0,1,0
166,275,620,84,80,15,71-80,11-20,0,1,0
166,274,277,108,75,12,71-80,11-20,1,0,1
166,274,512,108,75,12,71-80,11-20,0,1,0
166,274,677,108,75,12,71-80,11-20,0,2,0
166,274,707,108,75,12,71-80,11-20,0,2,0
166,277,512,108,75,12,71-80,11-20,0,1,0
166,277,677,108,75,12,71-80,11-20,0,2,0
166,277,707,108,75,12,71-80,11-20,0,2,0
168,23,679,54,75,17,71-80,11-20,0,2,0
168,614,679,54,81,17,81-90,11-20,0,2,0
168,615,679,54,81,17,81-90,11-20,0,1,0
168,616,679,54,100,17,96-100,11-20,0,2,0
168,617,679,54,100,17,96-100,11-20,0,1,0
168,503,505,102,75,5,71-80,3-5,0,2,0
168,505,663,102,75,5,71-80,3-5,0,2,0
168,505,664,102,75,5,71-80,3-5,0,2,0
168,390,682,152,85,16,81-90,11-20,0,3,0
168,391,682,152,85,16,81-90,11-20,0,3,0
168,392,682,152,85,16,81-90,11-20,0,3,0
168,394,682,152,85,16,81-90,11-20,0,3,0
168,429,682,152,85,16,81-90,11-20,0,2,0
168,538,682,152,100,16,96-100,11-20,0,2,0
168,539,682,152,100,16,96-100,11-20,0,1,0
168,585,586,206,84,2,81-90,2 (pair),1,0,1
168,683,684,210,70,2,<=70,2 (pair),1,0,1
172,56,604,41,100,12,96-100,11-20,0,2,0
172,57,604,41,100,12,96-100,11-20,0,2,0
172,58,604,41,100,12,96-100,11-20,0,2,0
172,115,604,41,71,12,71-80,11-20,0,3,0
172,603,604,41,100,12,96-100,11-20,1,2,0
172,23,679,54,75,17,71-80,11-20,0,2,0
172,614,679,54,81,17,81-90,11-20,0,2,0
172,615,679,54,81,17,81-90,11-20,0,1,0
172,616,679,54,100,17,96-100,11-20,0,2,0
172,617,679,54,100,17,96-100,11-20,0,1,0
172,436,710,55,71,10,71-80,6-10,0,2,0
172,446,710,55,77,10,71-80,6-10,0,2,0
172,447,710,55,77,10,71-80,6-10,0,1,0
172,172,591,57,100,9,96-100,6-10,0,2,0
172,172,592,57,100,9,96-100,6-10,0,2,0
172,173,591,57,100,9,96-100,6-10,0,2,0
172,173,592,57,100,9,96-100,6-10,0,2,0
172,591,592,57,75,9,71-80,6-10,1,0,1
172,174,593,58,100,10,96-100,6-10,0,2,0
172,175,593,58,100,10,96-100,6-10,0,2,0
172,593,594,58,84,10,81-90,6-10,1,0,0
172,593,595,58,84,10,81-90,6-10,1,0,0
172,596,597,59,80,7,71-80,6-10,1,0,1
172,596,598,59,80,7,71-80,6-10,1,0,1
172,597,598,59,80,7,71-80,6-10,1,0,1
172,503,505,102,75,5,71-80,3-5,0,2,0
172,505,663,102,75,5,71-80,3-5,0,2,0
172,505,664,102,75,5,71-80,3-5,0,2,0
172,390,682,152,85,16,81-90,11-20,0,3,0
172,391,682,152,85,16,81-90,11-20,0,3,0
172,392,682,152,85,16,81-90,11-20,0,3,0
172,394,682,152,85,16,81-90,11-20,0,3,0
172,429,682,152,85,16,81-90,11-20,0,2,0
172,538,682,152,100,16,96-100,11-20,0,2,0
172,539,682,152,100,16,96-100,11-20,0,1,0
172,585,586,206,84,2,81-90,2 (pair),1,0,1
172,683,684,210,70,2,<=70,2 (pair),1,0,0
173,59,606,42,100,11,96-100,11-20,0,2,0
173,60,606,42,100,11,96-100,11-20,0,2,0
173,61,606,42,100,11,96-100,11-20,0,2,0
173,605,606,42,100,11,96-100,11-20,1,2,0
175,168,236,56,75,9,71-80,6-10,0,1,0
175,169,236,56,75,9,71-80,6-10,0,1,0
175,170,236,56,75,9,71-80,6-10,0,1,0
175,189,276,83,100,10,96-100,6-10,0,1,0
175,191,276,83,100,10,96-100,6-10,0,1,0
175,193,275,84,94,15,91-95,11-20,0,1,0
175,275,620,84,80,15,71-80,11-20,0,1,0
175,274,277,108,75,12,71-80,11-20,1,0,1
175,274,512,108,75,12,71-80,11-20,0,1,0
175,274,677,108,75,12,71-80,11-20,0,2,0
175,274,707,108,75,12,71-80,11-20,0,2,0
175,277,512,108,75,12,71-80,11-20,0,1,0
175,277,677,108,75,12,71-80,11-20,0,2,0
175,277,707,108,75,12,71-80,11-20,0,2,0
176,168,236,56,75,9,71-80,6-10,0,1,0
176,169,236,56,75,9,71-80,6-10,0,1,0
176,170,236,56,75,9,71-80,6-10,0,1,0
176,189,276,83,100,10,96-100,6-10,0,1,0
176,191,276,83,100,10,96-100,6-10,0,1,0
176,193,275,84,94,15,91-95,11-20,0,1,0
176,275,620,84,80,15,71-80,11-20,0,1,0
176,274,277,108,75,12,71-80,11-20,1,0,1
176,274,512,108,75,12,71-80,11-20,0,1,0
176,274,677,108,75,12,71-80,11-20,0,2,0
176,274,707,108,75,12,71-80,11-20,0,2,0
176,277,512,108,75,12,71-80,11-20,0,1,0
176,277,677,108,75,12,71-80,11-20,0,2,0
176,277,707,108,75,12,71-80,11-20,0,2,0
176,84,268,132,70,12,<=70,11-20,0,1,0
176,85,268,132,70,12,<=70,11-20,0,1,0
176,86,268,132,70,12,<=70,11-20,0,1,0
176,87,268,132,70,12,<=70,11-20,0,1,0
176,88,268,132,70,12,<=70,11-20,0,1,0
176,89,268,132,70,12,<=70,11-20,0,1,0
176,268,695,132,80,12,71-80,11-20,0,1,0
177,128,129,47,75,33,71-80,21+,0,1,0
177,129,130,47,75,33,71-80,21+,0,1,0
177,129,131,47,75,33,71-80,21+,0,1,0
177,129,716,47,75,33,71-80,21+,0,1,0
177,168,236,56,75,9,71-80,6-10,0,1,0
177,169,236,56,75,9,71-80,6-10,0,1,0
177,170,236,56,75,9,71-80,6-10,0,1,0
177,189,276,83,100,10,96-100,6-10,0,1,0
177,191,276,83,100,10,96-100,6-10,0,1,0
177,193,275,84,94,15,91-95,11-20,0,1,0
177,275,620,84,80,15,71-80,11-20,0,1,0
177,171,233,107,100,10,96-100,6-10,0,1,0
177,171,234,107,100,10,96-100,6-10,0,1,0
177,233,234,107,75,10,71-80,6-10,1,0,1
177,233,272,107,75,10,71-80,6-10,0,1,0
177,233,273,107,75,10,71-80,6-10,0,1,0
177,233,510,107,75,10,71-80,6-10,1,2,0
177,234,272,107,75,10,71-80,6-10,0,1,0
177,234,273,107,75,10,71-80,6-10,0,1,0
177,234,510,107,75,10,71-80,6-10,1,2,0
177,274,277,108,75,12,71-80,11-20,1,0,1
177,274,512,108,75,12,71-80,11-20,0,1,0
177,274,677,108,75,12,71-80,11-20,0,2,0
177,274,707,108,75,12,71-80,11-20,0,2,0
177,277,512,108,75,12,71-80,11-20,0,1,0
177,277,677,108,75,12,71-80,11-20,0,2,0
177,277,707,108,75,12,71-80,11-20,0,2,0
177,235,607,111,75,7,71-80,6-10,0,2,0
177,235,709,111,75,7,71-80,6-10,1,2,0
177,237,238,112,100,8,96-100,6-10,1,0,1
177,237,517,112,100,8,96-100,6-10,1,2,0
177,238,517,112,100,8,96-100,6-10,1,2,0
177,110,721,157,72,18,71-80,11-20,0,1,0
177,110,722,157,72,18,71-80,11-20,0,1,0
177,111,721,157,72,18,71-80,11-20,0,1,0
177,111,722,157,72,18,71-80,11-20,0,1,0
177,434,721,157,89,18,81-90,11-20,0,1,0
177,434,722,157,89,18,81-90,11-20,0,1,0
177,435,721,157,89,18,81-90,11-20,0,1,0
177,435,722,157,89,18,81-90,11-20,0,1,0
177,547,721,157,100,18,96-100,11-20,0,1,0
177,547,722,157,100,18,96-100,11-20,0,1,0
177,548,721,157,100,18,96-100,11-20,0,2,0
177,548,722,157,100,18,96-100,11-20,0,2,0
177,721,722,157,100,18,96-100,11-20,1,0,1
179,6,282,3,73,10,71-80,6-10,0,2,0
179,7,282,3,73,10,71-80,6-10,0,2,0
179,282,284,3,75,10,71-80,6-10,0,1,0
179,282,285,3,75,10,71-80,6-10,0,1,0
179,282,286,3,75,10,71-80,6-10,0,1,0
179,192,283,113,100,8,96-100,6-10,0,1,0
183,168,236,56,75,9,71-80,6-10,0,1,0
183,169,236,56,75,9,71-80,6-10,0,1,0
183,170,236,56,75,9,71-80,6-10,0,1,0
183,269,270,80,80,12,71-80,11-20,1,0,1
183,269,451,80,80,12,71-80,11-20,0,1,0
183,269,638,80,80,12,71-80,11-20,0,2,0
183,269,651,80,80,12,71-80,11-20,0,2,0
183,270,451,80,80,12,71-80,11-20,0,1,0
183,270,638,80,80,12,71-80,11-20,0,2,0
183,270,651,80,80,12,71-80,11-20,0,2,0
183,189,276,83,100,10,96-100,6-10,0,1,0
183,191,276,83,100,10,96-100,6-10,0,1,0
183,193,275,84,94,15,91-95,11-20,0,1,0
183,275,620,84,80,15,71-80,11-20,0,1,0
183,171,272,107,100,10,96-100,6-10,0,1,0
183,233,272,107,75,10,71-80,6-10,0,1,0
183,234,272,107,75,10,71-80,6-10,0,1,0
183,272,273,107,100,10,96-100,6-10,1,0,0
183,272,510,107,100,10,96-100,6-10,0,2,0
183,274,277,108,75,12,71-80,11-20,1,0,1
183,274,512,108,75,12,71-80,11-20,0,1,0
183,274,677,108,75,12,71-80,11-20,0,2,0
183,274,707,108,75,12,71-80,11-20,0,2,0
183,277,512,108,75,12,71-80,11-20,0,1,0
183,277,677,108,75,12,71-80,11-20,0,2,0
183,277,707,108,75,12,71-80,11-20,0,2,0
183,278,279,109,100,8,96-100,6-10,1,0,0
183,279,708,109,100,8,96-100,6-10,0,1,0
183,280,281,119,77,6,71-80,6-10,1,0,1
183,84,268,132,70,12,<=70,11-20,0,1,0
183,85,268,132,70,12,<=70,11-20,0,1,0
183,86,268,132,70,12,<=70,11-20,0,1,0
183,87,268,132,70,12,<=70,11-20,0,1,0
183,88,268,132,70,12,<=70,11-20,0,1,0
183,89,268,132,70,12,<=70,11-20,0,1,0
183,268,695,132,80,12,71-80,11-20,0,1,0
187,168,236,56,75,9,71-80,6-10,0,1,0
187,169,236,56,75,9,71-80,6-10,0,1,0
187,170,236,56,75,9,71-80,6-10,0,1,0
187,189,276,83,100,10,96-100,6-10,0,1,0
187,191,276,83,100,10,96-100,6-10,0,1,0
187,193,275,84,94,15,91-95,11-20,0,1,0
187,275,620,84,80,15,71-80,11-20,0,1,0
187,274,277,108,75,12,71-80,11-20,1,0,1
187,274,512,108,75,12,71-80,11-20,0,1,0
187,274,677,108,75,12,71-80,11-20,0,2,0
187,274,707,108,75,12,71-80,11-20,0,2,0
187,277,512,108,75,12,71-80,11-20,0,1,0
187,277,677,108,75,12,71-80,11-20,0,2,0
187,277,707,108,75,12,71-80,11-20,0,2,0
187,84,268,132,70,12,<=70,11-20,0,1,0
187,85,268,132,70,12,<=70,11-20,0,1,0
187,86,268,132,70,12,<=70,11-20,0,1,0
187,87,268,132,70,12,<=70,11-20,0,1,0
187,88,268,132,70,12,<=70,11-20,0,1,0
187,89,268,132,70,12,<=70,11-20,0,1,0
187,268,695,132,80,12,71-80,11-20,0,1,0
189,168,236,56,75,9,71-80,6-10,0,1,0
189,169,236,56,75,9,71-80,6-10,0,1,0
189,170,236,56,75,9,71-80,6-10,0,1,0
189,269,270,80,80,12,71-80,11-20,1,0,0
189,269,451,80,80,12,71-80,11-20,0,1,0
189,269,638,80,80,12,71-80,11-20,0,2,0
189,269,651,80,80,12,71-80,11-20,0,2,0
189,189,276,83,100,10,96-100,6-10,0,1,0
189,191,276,83,100,10,96-100,6-10,0,1,0
189,193,275,84,94,15,91-95,11-20,0,1,0
189,275,620,84,80,15,71-80,11-20,0,1,0
189,274,277,108,75,12,71-80,11-20,1,0,1
189,274,512,108,75,12,71-80,11-20,0,1,0
189,274,677,108,75,12,71-80,11-20,0,2,0
189,274,707,108,75,12,71-80,11-20,0,2,0
189,277,512,108,75,12,71-80,11-20,0,1,0
189,277,677,108,75,12,71-80,11-20,0,2,0
189,277,707,108,75,12,71-80,11-20,0,2,0
189,84,268,132,70,12,<=70,11-20,0,1,0
189,85,268,132,70,12,<=70,11-20,0,1,0
189,86,268,132,70,12,<=70,11-20,0,1,0
189,87,268,132,70,12,<=70,11-20,0,1,0
189,88,268,132,70,12,<=70,11-20,0,1,0
189,89,268,132,70,12,<=70,11-20,0,1,0
189,268,695,132,80,12,71-80,11-20,0,1,0
196,343,731,160,100,10,96-100,6-10,0,1,0
196,343,732,160,100,10,96-100,6-10,0,1,0
196,344,731,160,100,10,96-100,6-10,0,1,0
196,344,732,160,100,10,96-100,6-10,0,1,0
196,731,732,160,100,10,96-100,6-10,1,0,1
197,18,205,78,75,24,71-80,21+,1,0,0
197,205,691,78,75,24,71-80,21+,0,1,0
197,205,692,78,75,24,71-80,21+,0,1,0
197,205,703,78,75,24,71-80,21+,0,1,0
197,205,704,78,75,24,71-80,21+,0,2,0
197,209,210,92,100,17,96-100,11-20,0,1,0
197,209,213,92,100,17,96-100,11-20,1,0,1
197,209,253,92,100,17,96-100,11-20,0,1,0
197,209,340,92,100,17,96-100,11-20,0,1,0
197,209,341,92,100,17,96-100,11-20,0,1,0
197,209,342,92,100,17,96-100,11-20,0,1,0
197,209,438,92,100,17,96-100,11-20,0,1,0
197,209,440,92,100,17,96-100,11-20,0,1,0
197,209,496,92,100,17,96-100,11-20,1,2,0
197,209,498,92,100,17,96-100,11-20,1,2,0
197,210,213,92,80,17,71-80,11-20,0,1,0
197,213,253,92,87,17,81-90,11-20,0,1,0
197,213,340,92,87,17,81-90,11-20,0,1,0
197,213,341,92,87,17,81-90,11-20,0,1,0
197,213,342,92,87,17,81-90,11-20,0,1,0
197,213,438,92,87,17,81-90,11-20,0,1,0
197,213,440,92,87,17,81-90,11-20,0,1,0
197,213,496,92,87,17,81-90,11-20,1,2,0
197,213,498,92,87,17,81-90,11-20,1,2,0
197,207,211,93,80,20,71-80,11-20,1,0,1
197,207,212,93,80,20,71-80,11-20,0,1,0
197,207,495,93,80,20,71-80,11-20,1,2,0
197,211,212,93,100,20,96-100,11-20,0,1,0
197,211,495,93,100,20,96-100,11-20,1,2,0
197,217,218,95,100,11,96-100,11-20,0,1,0
197,217,364,95,100,11,96-100,11-20,0,1,0
197,217,724,95,100,11,96-100,11-20,0,1,0
197,219,220,96,100,8,96-100,6-10,0,1,0
197,343,731,160,100,10,96-100,6-10,0,1,0
197,343,732,160,100,10,96-100,6-10,0,1,0
197,344,731,160,100,10,96-100,6-10,0,1,0
197,344,732,160,100,10,96-100,6-10,0,1,0
197,731,732,160,100,10,96-100,6-10,1,0,1
197,349,733,162,97,17,96-100,11-20,0,1,0
197,349,734,162,97,17,96-100,11-20,0,1,0
197,349,736,162,97,17,96-100,11-20,0,1,0
197,349,737,162,97,17,96-100,11-20,0,1,0
197,350,733,162,97,17,96-100,11-20,0,1,0
197,350,734,162,97,17,96-100,11-20,0,1,0
197,350,736,162,97,17,96-100,11-20,0,1,0
197,350,737,162,97,17,96-100,11-20,0,1,0
197,656,733,162,100,17,96-100,11-20,0,1,0
197,656,734,162,100,17,96-100,11-20,0,1,0
197,656,736,162,100,17,96-100,11-20,0,1,0
197,656,737,162,100,17,96-100,11-20,0,1,0
197,657,733,162,100,17,96-100,11-20,0,2,0
197,657,734,162,100,17,96-100,11-20,0,2,0
197,657,736,162,100,17,96-100,11-20,0,2,0
197,657,737,162,100,17,96-100,11-20,0,2,0
197,733,734,162,83,17,81-90,11-20,1,0,1
197,733,736,162,83,17,81-90,11-20,1,0,1
197,733,737,162,83,17,81-90,11-20,1,0,1
197,734,736,162,83,17,81-90,11-20,1,0,1
197,734,737,162,83,17,81-90,11-20,1,0,1
197,736,737,162,85,17,81-90,11-20,1,0,1
198,65,738,45,100,21,96-100,21+,0,1,0
198,66,738,45,100,21,96-100,21+,0,1,0
198,67,738,45,100,21,96-100,21+,0,1,0
198,68,738,45,100,21,96-100,21+,0,1,0
198,69,738,45,100,21,96-100,21+,0,1,0
198,71,738,45,100,21,96-100,21+,0,1,0
198,72,738,45,100,21,96-100,21+,0,1,0
198,73,738,45,100,21,96-100,21+,0,1,0
198,106,738,45,70,21,<=70,21+,0,1,0
198,107,738,45,70,21,<=70,21+,0,1,0
198,120,738,45,72,21,71-80,21+,0,1,0
198,123,738,45,74,21,71-80,21+,0,1,0
198,124,738,45,74,21,71-80,21+,0,1,0
198,437,738,45,75,21,71-80,21+,0,1,0
198,661,738,45,100,21,96-100,21+,0,1,0
198,723,738,45,100,21,96-100,21+,0,1,0
198,176,177,88,71,13,71-80,11-20,1,0,0
198,176,314,88,71,13,71-80,11-20,0,1,0
198,176,315,88,71,13,71-80,11-20,0,1,0
198,176,316,88,71,13,71-80,11-20,0,1,0
198,178,179,89,83,10,81-90,6-10,1,0,1
198,178,317,89,83,10,81-90,6-10,0,1,0
198,178,318,89,83,10,81-90,6-10,0,1,0
198,179,317,89,83,10,81-90,6-10,0,1,0
198,179,318,89,83,10,81-90,6-10,0,1,0
198,343,731,160,100,10,96-100,6-10,0,1,0
198,343,732,160,100,10,96-100,6-10,0,1,0
198,344,731,160,100,10,96-100,6-10,0,1,0
198,344,732,160,100,10,96-100,6-10,0,1,0
198,731,732,160,100,10,96-100,6-10,1,0,1
198,349,734,162,97,17,96-100,11-20,0,1,0
198,349,736,162,97,17,96-100,11-20,0,1,0
198,349,737,162,97,17,96-100,11-20,0,1,0
198,350,734,162,97,17,96-100,11-20,0,1,0
198,350,736,162,97,17,96-100,11-20,0,1,0
198,350,737,162,97,17,96-100,11-20,0,1,0
198,656,734,162,100,17,96-100,11-20,0,1,0
198,656,736,162,100,17,96-100,11-20,0,1,0
198,656,737,162,100,17,96-100,11-20,0,1,0
198,657,734,162,100,17,96-100,11-20,0,2,0
198,657,736,162,100,17,96-100,11-20,0,2,0
198,657,737,162,100,17,96-100,11-20,0,2,0
198,733,734,162,83,17,81-90,11-20,1,0,0
198,733,736,162,83,17,81-90,11-20,1,0,0
198,733,737,162,83,17,81-90,11-20,1,0,0
198,734,736,162,83,17,81-90,11-20,1,0,1
198,734,737,162,83,17,81-90,11-20,1,0,1
198,736,737,162,85,17,81-90,11-20,1,0,1
199,347,729,161,75,16,71-80,11-20,0,1,0
199,348,729,161,75,16,71-80,11-20,0,1,0
203,166,167,62,100,17,96-100,11-20,0,1,0
203,166,641,62,100,17,96-100,11-20,0,2,0
203,645,701,77,75,9,71-80,6-10,0,2,0
203,701,702,77,100,9,96-100,6-10,0,2,0
204,168,236,56,75,9,71-80,6-10,0,1,0
204,169,236,56,75,9,71-80,6-10,0,1,0
204,170,236,56,75,9,71-80,6-10,0,1,0
204,181,182,81,75,15,71-80,11-20,1,0,1
204,181,183,81,75,15,71-80,11-20,1,0,1
204,181,184,81,75,15,71-80,11-20,1,0,1
204,181,185,81,75,15,71-80,11-20,1,0,1
204,181,459,81,75,15,71-80,11-20,0,1,0
204,181,640,81,75,15,71-80,11-20,0,2,0
204,182,183,81,75,15,71-80,11-20,1,0,1
204,182,184,81,75,15,71-80,11-20,1,0,1
204,182,185,81,75,15,71-80,11-20,1,0,1
204,182,459,81,75,15,71-80,11-20,0,1,0
204,182,640,81,75,15,71-80,11-20,0,2,0
204,183,184,81,75,15,71-80,11-20,1,0,1
204,183,185,81,75,15,71-80,11-20,1,0,1
204,183,459,81,75,15,71-80,11-20,0,1,0
204,183,640,81,75,15,71-80,11-20,0,2,0
204,184,185,81,75,15,71-80,11-20,1,0,1
204,184,459,81,75,15,71-80,11-20,0,1,0
204,184,640,81,75,15,71-80,11-20,0,2,0
204,185,459,81,75,15,71-80,11-20,0,1,0
204,185,640,81,75,15,71-80,11-20,0,2,0
204,189,276,83,100,10,96-100,6-10,0,1,0
204,191,276,83,100,10,96-100,6-10,0,1,0
204,193,275,84,94,15,91-95,11-20,0,1,0
204,275,620,84,80,15,71-80,11-20,0,1,0
204,171,272,107,100,10,96-100,6-10,0,1,0
204,171,273,107,100,10,96-100,6-10,0,1,0
204,233,272,107,75,10,71-80,6-10,0,1,0
204,233,273,107,75,10,71-80,6-10,0,1,0
204,234,272,107,75,10,71-80,6-10,0,1,0
204,234,273,107,75,10,71-80,6-10,0,1,0
204,272,273,107,100,10,96-100,6-10,1,0,1
204,272,510,107,100,10,96-100,6-10,0,2,0
204,273,510,107,100,10,96-100,6-10,0,2,0
204,274,277,108,75,12,71-80,11-20,1,0,1
204,274,512,108,75,12,71-80,11-20,0,1,0
204,274,677,108,75,12,71-80,11-20,0,2,0
204,274,707,108,75,12,71-80,11-20,0,2,0
204,277,512,108,75,12,71-80,11-20,0,1,0
204,277,677,108,75,12,71-80,11-20,0,2,0
204,277,707,108,75,12,71-80,11-20,0,2,0
204,278,279,109,100,8,96-100,6-10,1,0,1
204,278,708,109,100,8,96-100,6-10,0,1,0
204,279,708,109,100,8,96-100,6-10,0,1,0
204,513,516,110,92,8,91-95,6-10,1,2,0
204,516,674,110,100,8,96-100,6-10,0,1,0
204,516,675,110,100,8,96-100,6-10,0,2,0
204,516,687,110,100,8,96-100,6-10,0,1,0
204,235,607,111,75,7,71-80,6-10,0,2,0
204,235,709,111,75,7,71-80,6-10,1,2,0
204,343,739,160,100,10,96-100,6-10,0,1,0
204,344,739,160,100,10,96-100,6-10,0,1,0
204,731,739,160,100,10,96-100,6-10,1,0,0
204,732,739,160,100,10,96-100,6-10,1,0,0
204,349,736,162,97,17,96-100,11-20,0,1,0
204,349,737,162,97,17,96-100,11-20,0,1,0
204,350,736,162,97,17,96-100,11-20,0,1,0
204,350,737,162,97,17,96-100,11-20,0,1,0
204,656,736,162,100,17,96-100,11-20,0,1,0
204,656,737,162,100,17,96-100,11-20,0,1,0
204,657,736,162,100,17,96-100,11-20,0,2,0
204,657,737,162,100,17,96-100,11-20,0,2,0
204,733,736,162,83,17,81-90,11-20,1,0,0
204,733,737,162,83,17,81-90,11-20,1,0,0
204,734,736,162,83,17,81-90,11-20,1,0,0
204,734,737,162,83,17,81-90,11-20,1,0,0
204,736,737,162,85,17,81-90,11-20,1,0,1
205,18,205,78,75,24,71-80,21+,1,0,0
205,205,691,78,75,24,71-80,21+,0,1,0
205,205,692,78,75,24,71-80,21+,0,1,0
205,205,703,78,75,24,71-80,21+,0,1,0
205,205,704,78,75,24,71-80,21+,0,2,0
205,176,177,88,71,13,71-80,11-20,1,0,1
205,176,314,88,71,13,71-80,11-20,0,1,0
205,176,315,88,71,13,71-80,11-20,0,1,0
205,176,316,88,71,13,71-80,11-20,0,1,0
205,177,314,88,71,13,71-80,11-20,0,1,0
205,177,315,88,71,13,71-80,11-20,0,1,0
205,177,316,88,71,13,71-80,11-20,0,1,0
205,178,179,89,83,10,81-90,6-10,1,0,1
205,178,317,89,83,10,81-90,6-10,0,1,0
205,178,318,89,83,10,81-90,6-10,0,1,0
205,207,211,93,80,20,71-80,11-20,1,0,1
205,207,212,93,80,20,71-80,11-20,0,1,0
205,207,495,93,80,20,71-80,11-20,1,2,0
205,211,212,93,100,20,96-100,11-20,0,1,0
205,211,495,93,100,20,96-100,11-20,1,2,0
205,217,218,95,100,11,96-100,11-20,0,1,0
205,217,364,95,100,11,96-100,11-20,0,1,0
205,217,724,95,100,11,96-100,11-20,0,1,0
205,202,497,99,100,9,96-100,6-10,1,2,0
206,74,75,25,100,4,96-100,3-5,0,1,0
206,103,118,44,71,12,71-80,11-20,0,1,0
206,104,118,44,71,12,71-80,11-20,0,1,0
206,105,118,44,71,12,71-80,11-20,0,1,0
206,118,119,44,81,12,81-90,11-20,1,1,0
206,65,123,45,100,21,96-100,21+,0,1,0
206,66,123,45,100,21,96-100,21+,0,1,0
206,67,123,45,100,21,96-100,21+,0,1,0
206,68,123,45,100,21,96-100,21+,1,1,0
206,69,123,45,100,21,96-100,21+,0,1,0
206,71,123,45,100,21,96-100,21+,0,1,0
206,72,123,45,100,21,96-100,21+,0,1,0
206,73,123,45,100,21,96-100,21+,0,1,0
206,106,123,45,70,21,<=70,21+,0,1,0
206,107,123,45,70,21,<=70,21+,0,1,0
206,123,124,45,74,21,71-80,21+,1,1,0
206,123,437,45,74,21,71-80,21+,0,1,0
206,123,661,45,74,21,71-80,21+,0,1,0
206,123,723,45,74,21,71-80,21+,0,1,0
206,123,738,45,74,21,71-80,21+,0,1,0
206,128,129,47,75,33,71-80,21+,0,1,0
206,128,130,47,75,33,71-80,21+,0,1,0
206,128,131,47,75,33,71-80,21+,1,1,0
206,128,716,47,75,33,71-80,21+,0,1,0
206,70,132,48,100,12,96-100,11-20,0,1,0
206,132,133,48,80,12,71-80,11-20,1,1,0
206,132,160,48,80,12,71-80,11-20,1,0,0
206,132,532,48,80,12,71-80,11-20,0,1,0
206,134,136,49,100,10,96-100,6-10,1,0,0
206,134,150,49,100,10,96-100,6-10,1,1,0
206,135,136,49,100,10,96-100,6-10,1,1,0
206,135,150,49,100,10,96-100,6-10,1,0,0
206,136,137,49,75,10,71-80,6-10,0,1,0
206,136,140,49,75,10,71-80,6-10,0,1,0
206,136,150,49,75,10,71-80,6-10,1,1,1
206,136,152,49,75,10,71-80,6-10,1,1,0
206,136,188,49,75,10,71-80,6-10,0,1,0
206,136,196,49,75,10,71-80,6-10,0,1,0
206,136,198,49,75,10,71-80,6-10,0,1,0
206,137,150,49,75,10,71-80,6-10,0,1,0
206,140,150,49,75,10,71-80,6-10,0,1,0
206,150,152,49,75,10,71-80,6-10,1,0,0
206,150,188,49,75,10,71-80,6-10,0,1,0
206,150,196,49,75,10,71-80,6-10,0,1,0
206,150,198,49,75,10,71-80,6-10,0,1,0
206,139,145,50,75,4,71-80,3-5,1,0,0
206,139,146,50,75,4,71-80,3-5,1,0,0
206,145,146,50,80,4,71-80,3-5,1,0,1
206,145,608,50,80,4,71-80,3-5,0,1,0
206,146,608,50,75,4,71-80,3-5,0,1,0
206,138,158,51,83,15,81-90,11-20,1,0,0
206,142,158,51,83,15,81-90,11-20,0,1,0
206,158,159,51,85,15,81-90,11-20,1,1,0
206,158,180,51,85,15,81-90,11-20,0,1,0
206,158,610,51,85,15,81-90,11-20,0,1,0
206,158,611,51,85,15,81-90,11-20,0,2,0
206,162,163,53,100,7,96-100,6-10,1,1,0
206,162,612,53,100,7,96-100,6-10,0,1,0
206,162,613,53,100,7,96-100,6-10,0,2,0
207,103,118,44,71,12,71-80,11-20,0,1,0
207,104,118,44,71,12,71-80,11-20,0,1,0
207,105,118,44,71,12,71-80,11-20,0,1,0
207,118,119,44,81,12,81-90,11-20,1,1,0
207,128,129,47,75,33,71-80,21+,0,1,0
207,128,130,47,75,33,71-80,21+,0,1,0
207,128,131,47,75,33,71-80,21+,1,1,0
207,128,716,47,75,33,71-80,21+,0,1,0
207,70,132,48,100,12,96-100,11-20,0,1,0
207,132,133,48,80,12,71-80,11-20,1,1,0
207,132,160,48,80,12,71-80,11-20,1,0,0
207,132,532,48,80,12,71-80,11-20,0,1,0
207,134,136,49,100,10,96-100,6-10,1,0,0
207,135,136,49,100,10,96-100,6-10,1,1,0
207,136,137,49,75,10,71-80,6-10,0,1,0
207,136,140,49,75,10,71-80,6-10,0,1,0
207,136,150,49,75,10,71-80,6-10,1,1,0
207,136,152,49,75,10,71-80,6-10,1,1,0
207,136,188,49,75,10,71-80,6-10,0,1,0
207,136,196,49,75,10,71-80,6-10,0,1,0
207,136,198,49,75,10,71-80,6-10,0,1,0
207,139,145,50,75,4,71-80,3-5,1,0,0
207,139,146,50,75,4,71-80,3-5,1,0,0
207,145,146,50,80,4,71-80,3-5,1,0,1
207,145,608,50,80,4,71-80,3-5,0,1,0
207,146,608,50,75,4,71-80,3-5,0,1,0
207,138,142,51,83,15,81-90,11-20,0,1,0
207,138,158,51,83,15,81-90,11-20,1,0,0
207,138,159,51,83,15,81-90,11-20,1,1,0
207,138,180,51,83,15,81-90,11-20,0,1,0
207,138,610,51,83,15,81-90,11-20,0,1,0
207,138,611,51,83,15,81-90,11-20,0,2,0
207,162,163,53,100,7,96-100,6-10,1,1,0
207,162,612,53,100,7,96-100,6-10,0,1,0
207,162,613,53,100,7,96-100,6-10,0,2,0
207,110,721,157,72,18,71-80,11-20,0,1,0
207,111,721,157,72,18,71-80,11-20,0,1,0
207,434,721,157,89,18,81-90,11-20,0,1,0
207,435,721,157,89,18,81-90,11-20,0,1,0
207,547,721,157,100,18,96-100,11-20,0,1,0
207,548,721,157,100,18,96-100,11-20,0,2,0
207,721,722,157,100,18,96-100,11-20,1,0,0
208,327,725,74,75,33,71-80,21+,0,1,0
208,328,725,74,75,33,71-80,21+,0,1,0
208,329,725,74,75,33,71-80,21+,0,1,0
208,330,725,74,75,33,71-80,21+,0,1,0
208,332,725,74,75,33,71-80,21+,0,1,0
208,335,725,74,75,33,71-80,21+,0,1,0
208,718,725,74,75,33,71-80,21+,0,1,0
209,138,180,51,83,15,81-90,11-20,0,1,0
209,142,180,51,83,15,81-90,11-20,0,1,0
209,158,180,51,85,15,81-90,11-20,0,1,0
209,159,180,51,85,15,81-90,11-20,0,1,0
209,180,610,51,75,15,71-80,11-20,0,1,0
209,180,611,51,75,15,71-80,11-20,0,2,0
209,161,203,52,100,6,96-100,6-10,0,1,0
209,18,205,78,75,24,71-80,21+,1,0,0
209,205,691,78,75,24,71-80,21+,0,1,0
209,205,692,78,75,24,71-80,21+,0,1,0
209,205,703,78,75,24,71-80,21+,0,1,0
209,205,704,78,75,24,71-80,21+,0,2,0
209,181,182,81,75,15,71-80,11-20,1,0,1
209,181,183,81,75,15,71-80,11-20,1,0,1
209,181,184,81,75,15,71-80,11-20,1,0,1
209,181,185,81,75,15,71-80,11-20,1,0,1
209,181,459,81,75,15,71-80,11-20,0,1,0
209,181,640,81,75,15,71-80,11-20,0,2,0
209,182,183,81,75,15,71-80,11-20,1,0,1
209,182,184,81,75,15,71-80,11-20,1,0,1
209,182,185,81,75,15,71-80,11-20,1,0,1
209,182,459,81,75,15,71-80,11-20,0,1,0
209,182,640,81,75,15,71-80,11-20,0,2,0
209,183,184,81,75,15,71-80,11-20,1,0,1
209,183,185,81,75,15,71-80,11-20,1,0,1
209,183,459,81,75,15,71-80,11-20,0,1,0
209,183,640,81,75,15,71-80,11-20,0,2,0
209,184,185,81,75,15,71-80,11-20,1,0,1
209,184,459,81,75,15,71-80,11-20,0,1,0
209,184,640,81,75,15,71-80,11-20,0,2,0
209,185,459,81,75,15,71-80,11-20,0,1,0
209,185,640,81,75,15,71-80,11-20,0,2,0
209,209,210,92,100,17,96-100,11-20,0,1,0
209,209,213,92,100,17,96-100,11-20,1,0,1
209,209,253,92,100,17,96-100,11-20,0,1,0
209,209,340,92,100,17,96-100,11-20,0,1,0
209,209,341,92,100,17,96-100,11-20,0,1,0
209,209,342,92,100,17,96-100,11-20,0,1,0
209,209,438,92,100,17,96-100,11-20,0,1,0
209,209,440,92,100,17,96-100,11-20,0,1,0
209,209,496,92,100,17,96-100,11-20,1,2,0
209,209,498,92,100,17,96-100,11-20,1,2,1
209,210,213,92,80,17,71-80,11-20,0,1,0
209,210,498,92,80,17,71-80,11-20,0,3,0
209,213,253,92,87,17,81-90,11-20,0,1,0
209,213,340,92,87,17,81-90,11-20,0,1,0
209,213,341,92,87,17,81-90,11-20,0,1,0
209,213,342,92,87,17,81-90,11-20,0,1,0
209,213,438,92,87,17,81-90,11-20,0,1,0
209,213,440,92,87,17,81-90,11-20,0,1,0
209,213,496,92,87,17,81-90,11-20,1,2,0
209,213,498,92,87,17,81-90,11-20,1,2,1
209,253,498,92,88,17,81-90,11-20,0,2,0
209,340,498,92,75,17,71-80,11-20,0,2,0
209,341,498,92,75,17,71-80,11-20,0,2,0
209,342,498,92,75,17,71-80,11-20,0,2,0
209,438,498,92,75,17,71-80,11-20,0,2,0
209,440,498,92,75,17,71-80,11-20,0,2,0
209,496,498,92,100,17,96-100,11-20,1,0,0
209,207,211,93,80,20,71-80,11-20,1,0,1
209,207,212,93,80,20,71-80,11-20,0,1,0
209,207,495,93,80,20,71-80,11-20,1,2,0
209,211,212,93,100,20,96-100,11-20,0,1,0
209,211,495,93,100,20,96-100,11-20,1,2,0
209,217,218,95,100,11,96-100,11-20,0,1,0
209,217,364,95,100,11,96-100,11-20,0,1,0
209,217,724,95,100,11,96-100,11-20,0,1,0
209,219,220,96,100,8,96-100,6-10,0,1,0
209,221,741,97,100,19,96-100,11-20,0,1,0
209,221,742,97,100,19,96-100,11-20,0,1,0
209,222,741,97,100,19,96-100,11-20,0,1,0
209,222,742,97,100,19,96-100,11-20,0,1,0
209,500,741,97,71,19,71-80,11-20,0,2,0
209,500,742,97,71,19,71-80,11-20,0,2,0
209,741,742,97,85,19,81-90,11-20,1,0,1
209,204,501,98,88,7,81-90,6-10,1,2,0
209,202,497,99,100,9,96-100,6-10,1,2,0
209,237,238,112,100,8,96-100,6-10,1,0,1
209,237,517,112,100,8,96-100,6-10,1,2,0
209,238,517,112,100,8,96-100,6-10,1,2,0
209,404,408,154,80,10,71-80,6-10,1,1,0
209,404,414,154,80,10,71-80,6-10,1,0,0
209,404,542,154,80,10,71-80,6-10,0,1,0
209,404,543,154,80,10,71-80,6-10,0,2,0
209,378,379,166,92,7,91-95,6-10,1,1,0
210,138,180,51,83,15,81-90,11-20,0,1,0
210,142,180,51,83,15,81-90,11-20,0,1,0
210,158,180,51,85,15,81-90,11-20,0,1,0
210,159,180,51,85,15,81-90,11-20,0,1,0
210,180,610,51,75,15,71-80,11-20,0,1,0
210,180,611,51,75,15,71-80,11-20,0,2,0
210,161,203,52,100,6,96-100,6-10,0,1,0
210,166,743,62,100,17,96-100,11-20,0,1,0
210,167,743,62,100,17,96-100,11-20,0,1,0
210,641,743,62,100,17,96-100,11-20,0,2,0
210,18,205,78,75,24,71-80,21+,1,0,1
210,18,691,78,75,24,71-80,21+,0,1,0
210,18,692,78,75,24,71-80,21+,0,1,0
210,18,703,78,75,24,71-80,21+,0,1,0
210,18,704,78,75,24,71-80,21+,0,2,0
210,205,691,78,75,24,71-80,21+,0,1,0
210,205,692,78,75,24,71-80,21+,0,1,0
210,205,703,78,75,24,71-80,21+,0,1,0
210,205,704,78,75,24,71-80,21+,0,2,0
210,181,182,81,75,15,71-80,11-20,1,0,1
210,181,183,81,75,15,71-80,11-20,1,0,1
210,181,184,81,75,15,71-80,11-20,1,0,1
210,181,185,81,75,15,71-80,11-20,1,0,1
210,181,459,81,75,15,71-80,11-20,0,1,0
210,181,640,81,75,15,71-80,11-20,0,2,0
210,182,183,81,75,15,71-80,11-20,1,0,1
210,182,184,81,75,15,71-80,11-20,1,0,1
210,182,185,81,75,15,71-80,11-20,1,0,1
210,182,459,81,75,15,71-80,11-20,0,1,0
210,182,640,81,75,15,71-80,11-20,0,2,0
210,183,184,81,75,15,71-80,11-20,1,0,1
210,183,185,81,75,15,71-80,11-20,1,0,1
210,183,459,81,75,15,71-80,11-20,0,1,0
210,183,640,81,75,15,71-80,11-20,0,2,0
210,184,185,81,75,15,71-80,11-20,1,0,1
210,184,459,81,75,15,71-80,11-20,0,1,0
210,184,640,81,75,15,71-80,11-20,0,2,0
210,185,459,81,75,15,71-80,11-20,0,1,0
210,185,640,81,75,15,71-80,11-20,0,2,0
210,209,213,92,100,17,96-100,11-20,1,0,0
210,210,213,92,80,17,71-80,11-20,0,1,0
210,213,253,92,87,17,81-90,11-20,0,1,0
210,213,340,92,87,17,81-90,11-20,0,1,0
210,213,341,92,87,17,81-90,11-20,0,1,0
210,213,342,92,87,17,81-90,11-20,0,1,0
210,213,438,92,87,17,81-90,11-20,0,1,0
210,213,440,92,87,17,81-90,11-20,0,1,0
210,213,496,92,87,17,81-90,11-20,1,2,0
210,213,498,92,87,17,81-90,11-20,1,2,0
210,207,211,93,80,20,71-80,11-20,1,0,1
210,207,212,93,80,20,71-80,11-20,0,1,0
210,207,495,93,80,20,71-80,11-20,1,2,0
210,211,212,93,100,20,96-100,11-20,0,1,0
210,211,495,93,100,20,96-100,11-20,1,2,0
210,217,218,95,100,11,96-100,11-20,0,1,0
210,217,364,95,100,11,96-100,11-20,0,1,0
210,217,724,95,100,11,96-100,11-20,0,1,0
210,219,220,96,100,8,96-100,6-10,0,1,0
210,221,742,97,100,19,96-100,11-20,0,1,0
210,222,742,97,100,19,96-100,11-20,0,1,0
210,500,742,97,71,19,71-80,11-20,0,2,0
210,741,742,97,85,19,81-90,11-20,1,0,0
210,204,501,98,88,7,81-90,6-10,1,2,0
210,202,497,99,100,9,96-100,6-10,1,2,0
210,237,238,112,100,8,96-100,6-10,1,0,1
210,237,517,112,100,8,96-100,6-10,1,2,0
210,238,517,112,100,8,96-100,6-10,1,2,0
210,239,415,135,71,8,71-80,6-10,0,1,0
210,403,415,135,80,8,71-80,6-10,1,1,0
210,405,415,135,75,8,71-80,6-10,1,1,0
210,407,671,136,80,9,71-80,6-10,0,1,0
210,345,346,148,75,10,71-80,6-10,1,1,0
210,307,416,153,85,12,81-90,11-20,0,1,0
210,307,417,153,85,12,81-90,11-20,0,1,0
210,308,416,153,85,12,81-90,11-20,0,1,0
210,308,417,153,85,12,81-90,11-20,0,1,0
210,416,417,153,80,12,71-80,11-20,1,0,1
210,416,540,153,80,12,71-80,11-20,0,2,0
210,416,541,153,80,12,71-80,11-20,0,2,0
210,416,658,153,80,12,71-80,11-20,0,1,0
210,416,659,153,80,12,71-80,11-20,0,1,0
210,416,719,153,80,12,71-80,11-20,0,2,0
210,417,540,153,80,12,71-80,11-20,0,2,0
210,417,541,153,80,12,71-80,11-20,0,2,0
210,417,658,153,80,12,71-80,11-20,0,1,0
210,417,659,153,80,12,71-80,11-20,0,1,0
210,417,719,153,80,12,71-80,11-20,0,2,0
210,404,408,154,80,10,71-80,6-10,1,1,0
210,404,414,154,80,10,71-80,6-10,1,0,0
210,404,542,154,80,10,71-80,6-10,0,1,0
210,404,543,154,80,10,71-80,6-10,0,2,0
210,359,366,165,80,9,71-80,6-10,1,0,0
210,359,372,165,80,9,71-80,6-10,1,1,0
210,359,375,165,80,9,71-80,6-10,1,1,0
210,399,744,174,73,5,71-80,3-5,1,1,0
210,400,744,174,73,5,71-80,3-5,1,0,0
210,406,410,176,75,8,71-80,6-10,1,1,0
210,406,413,176,75,8,71-80,6-10,1,0,0
210,406,418,176,75,8,71-80,6-10,1,1,0
210,409,410,176,75,8,71-80,6-10,1,0,0
210,409,413,176,75,8,71-80,6-10,1,1,0
210,409,418,176,75,8,71-80,6-10,1,0,0
210,410,413,176,75,8,71-80,6-10,1,1,1
210,410,418,176,75,8,71-80,6-10,1,0,1
210,410,420,176,75,8,71-80,6-10,1,1,0
210,413,418,176,75,8,71-80,6-10,1,1,1
210,413,420,176,75,8,71-80,6-10,1,0,0
210,418,420,176,75,8,71-80,6-10,1,1,0
212,70,532,48,100,12,96-100,11-20,0,1,0
212,132,532,48,80,12,71-80,11-20,0,1,0
212,133,532,48,80,12,71-80,11-20,0,1,0
212,160,532,48,80,12,71-80,11-20,0,1,0
212,161,203,52,100,6,96-100,6-10,0,1,0
212,18,205,78,75,24,71-80,21+,1,0,1
212,18,691,78,75,24,71-80,21+,0,1,0
212,18,692,78,75,24,71-80,21+,0,1,0
212,18,703,78,75,24,71-80,21+,0,1,0
212,18,704,78,75,24,71-80,21+,0,2,0
212,205,691,78,75,24,71-80,21+,0,1,0
212,205,692,78,75,24,71-80,21+,0,1,0
212,205,703,78,75,24,71-80,21+,0,1,0
212,205,704,78,75,24,71-80,21+,0,2,0
212,193,620,84,94,15,91-95,11-20,0,1,0
212,275,620,84,80,15,71-80,11-20,0,1,0
212,178,490,89,83,10,81-90,6-10,0,1,0
212,179,490,89,83,10,81-90,6-10,0,1,0
212,317,490,89,85,10,81-90,6-10,0,1,0
212,318,490,89,85,10,81-90,6-10,0,1,0
212,209,210,92,100,17,96-100,11-20,0,1,0
212,209,213,92,100,17,96-100,11-20,1,0,1
212,209,253,92,100,17,96-100,11-20,0,1,0
212,209,340,92,100,17,96-100,11-20,0,1,0
212,209,341,92,100,17,96-100,11-20,0,1,0
212,209,342,92,100,17,96-100,11-20,0,1,0
212,209,438,92,100,17,96-100,11-20,0,1,0
212,209,440,92,100,17,96-100,11-20,0,1,0
212,209,496,92,100,17,96-100,11-20,1,2,0
212,209,498,92,100,17,96-100,11-20,1,2,0
212,210,213,92,80,17,71-80,11-20,0,1,0
212,213,253,92,87,17,81-90,11-20,0,1,0
212,213,340,92,87,17,81-90,11-20,0,1,0
212,213,341,92,87,17,81-90,11-20,0,1,0
212,213,342,92,87,17,81-90,11-20,0,1,0
212,213,438,92,87,17,81-90,11-20,0,1,0
212,213,440,92,87,17,81-90,11-20,0,1,0
212,213,496,92,87,17,81-90,11-20,1,2,0
212,213,498,92,87,17,81-90,11-20,1,2,0
212,207,211,93,80,20,71-80,11-20,1,0,1
212,207,212,93,80,20,71-80,11-20,0,1,0
212,207,495,93,80,20,71-80,11-20,1,2,0
212,211,212,93,100,20,96-100,11-20,0,1,0
212,211,495,93,100,20,96-100,11-20,1,2,0
212,217,218,95,100,11,96-100,11-20,0,1,0
212,217,364,95,100,11,96-100,11-20,0,1,0
212,217,724,95,100,11,96-100,11-20,0,1,0
212,217,745,95,100,11,96-100,11-20,0,1,1
212,204,501,98,88,7,81-90,6-10,1,2,0
212,202,497,99,100,9,96-100,6-10,1,2,0
212,513,674,110,92,8,91-95,6-10,0,2,0
212,516,674,110,100,8,96-100,6-10,0,1,0
212,674,675,110,100,8,96-100,6-10,1,2,0
212,674,687,110,100,8,96-100,6-10,0,1,0
212,256,536,141,100,6,96-100,6-10,0,1,0
212,257,536,141,100,6,96-100,6-10,0,1,0
212,432,536,141,75,6,71-80,6-10,0,1,0
212,433,536,141,75,6,71-80,6-10,0,1,0
212,536,537,141,100,6,96-100,6-10,1,2,0
215,345,346,148,75,10,71-80,6-10,1,1,0
215,395,396,172,100,6,96-100,6-10,1,1,0
216,16,747,9,75,19,71-80,11-20,0,2,0
216,17,747,9,75,19,71-80,11-20,0,2,0
216,20,747,9,75,19,71-80,11-20,0,2,0
216,21,747,9,75,19,71-80,11-20,0,3,0
216,24,747,9,75,19,71-80,11-20,0,2,0
216,301,747,9,100,19,96-100,11-20,0,2,0
216,302,747,9,100,19,96-100,11-20,0,2,0
216,303,747,9,100,19,96-100,11-20,0,2,0
216,304,747,9,100,19,96-100,11-20,0,2,0
216,23,679,54,75,17,71-80,11-20,0,2,0
216,614,679,54,81,17,81-90,11-20,0,2,0
216,615,679,54,81,17,81-90,11-20,0,1,0
216,616,679,54,100,17,96-100,11-20,0,2,0
216,617,679,54,100,17,96-100,11-20,0,1,0
216,679,746,54,75,17,71-80,11-20,0,2,0
216,209,438,92,100,17,96-100,11-20,0,1,0
216,209,440,92,100,17,96-100,11-20,0,1,0
216,210,438,92,80,17,71-80,11-20,0,1,0
216,210,440,92,80,17,71-80,11-20,0,1,0
216,213,438,92,87,17,81-90,11-20,0,1,0
216,213,440,92,87,17,81-90,11-20,0,1,0
216,253,438,92,88,17,81-90,11-20,0,1,0
216,253,440,92,88,17,81-90,11-20,0,1,0
216,340,438,92,75,17,71-80,11-20,0,1,0
216,340,440,92,75,17,71-80,11-20,0,1,0
216,341,438,92,75,17,71-80,11-20,0,1,0
216,341,440,92,75,17,71-80,11-20,0,1,0
216,342,438,92,75,17,71-80,11-20,0,1,0
216,342,440,92,75,17,71-80,11-20,0,1,0
216,438,440,92,75,17,71-80,11-20,1,0,1
216,438,496,92,75,17,71-80,11-20,0,2,0
216,438,498,92,75,17,71-80,11-20,0,2,0
216,440,496,92,75,17,71-80,11-20,0,2,0
216,440,498,92,75,17,71-80,11-20,0,2,0
216,221,741,97,100,19,96-100,11-20,0,1,0
216,221,742,97,100,19,96-100,11-20,0,1,0
216,222,741,97,100,19,96-100,11-20,0,1,0
216,222,742,97,100,19,96-100,11-20,0,1,0
216,500,741,97,71,19,71-80,11-20,0,2,0
216,500,742,97,71,19,71-80,11-20,0,2,0
216,741,742,97,85,19,81-90,11-20,1,0,1
216,683,684,210,70,2,<=70,2 (pair),1,0,1
230,35,259,15,93,7,91-95,6-10,0,2,0
230,36,259,15,93,7,91-95,6-10,0,2,0
230,258,259,15,71,7,71-80,6-10,1,0,0
230,259,690,15,71,7,71-80,6-10,0,1,0
230,40,697,17,100,12,96-100,11-20,0,2,0
230,41,697,17,100,12,96-100,11-20,0,2,0
230,696,697,17,75,12,71-80,11-20,0,2,0
230,697,698,17,75,12,71-80,11-20,0,2,0
230,697,748,17,75,12,71-80,11-20,0,2,0
230,697,749,17,75,12,71-80,11-20,0,2,0
230,697,750,17,75,12,71-80,11-20,0,2,0
230,114,699,29,75,5,71-80,3-5,0,2,0
230,114,700,29,75,5,71-80,3-5,0,2,0
230,699,700,29,75,5,71-80,3-5,0,1,1
230,164,165,33,93,4,91-95,3-5,1,0,0
230,164,445,33,93,4,91-95,3-5,1,2,0
230,165,444,33,93,4,91-95,3-5,1,0,0
230,165,445,33,93,4,91-95,3-5,1,2,1
230,444,445,33,100,4,96-100,3-5,1,2,0
230,56,604,41,100,12,96-100,11-20,0,2,0
230,57,604,41,100,12,96-100,11-20,0,2,0
230,58,604,41,100,12,96-100,11-20,0,2,0
230,115,604,41,71,12,71-80,11-20,0,3,0
230,603,604,41,100,12,96-100,11-20,1,2,0
230,59,606,42,100,11,96-100,11-20,0,2,0
230,60,606,42,100,11,96-100,11-20,0,2,0
230,61,606,42,100,11,96-100,11-20,0,2,0
230,605,606,42,100,11,96-100,11-20,1,2,0
230,65,437,45,100,21,96-100,21+,0,1,0
230,66,437,45,100,21,96-100,21+,0,1,0
230,67,437,45,100,21,96-100,21+,0,1,0
230,68,437,45,100,21,96-100,21+,0,1,0
230,69,437,45,100,21,96-100,21+,0,1,0
230,71,437,45,100,21,96-100,21+,0,1,0
230,72,437,45,100,21,96-100,21+,0,1,0
230,73,437,45,100,21,96-100,21+,0,1,0
230,106,437,45,70,21,<=70,21+,0,1,0
230,107,437,45,70,21,<=70,21+,0,1,0
230,123,437,45,74,21,71-80,21+,0,1,0
230,124,437,45,74,21,71-80,21+,0,1,0
230,437,661,45,75,21,71-80,21+,0,1,0
230,437,723,45,75,21,71-80,21+,0,1,0
230,437,738,45,75,21,71-80,21+,0,1,0
230,162,613,53,100,7,96-100,6-10,0,2,0
230,163,613,53,100,7,96-100,6-10,0,3,0
230,612,613,53,100,7,96-100,6-10,1,2,0
230,23,615,54,75,17,71-80,11-20,0,2,0
230,614,615,54,81,17,81-90,11-20,1,2,0
230,615,616,54,81,17,81-90,11-20,1,2,0
230,615,617,54,81,17,81-90,11-20,1,0,0
230,615,679,54,81,17,81-90,11-20,0,1,0
230,615,746,54,81,17,81-90,11-20,0,2,0
230,436,447,55,71,10,71-80,6-10,0,2,0
230,446,447,55,77,10,71-80,6-10,1,2,0
230,447,710,55,77,10,71-80,6-10,0,1,0
230,172,591,57,100,9,96-100,6-10,0,2,0
230,172,592,57,100,9,96-100,6-10,0,2,0
230,173,591,57,100,9,96-100,6-10,0,2,0
230,173,592,57,100,9,96-100,6-10,0,2,0
230,591,592,57,75,9,71-80,6-10,1,0,1
230,174,593,58,100,10,96-100,6-10,0,2,0
230,174,594,58,100,10,96-100,6-10,0,2,0
230,174,595,58,100,10,96-100,6-10,0,2,0
230,175,593,58,100,10,96-100,6-10,0,2,0
230,175,594,58,100,10,96-100,6-10,0,2,0
230,175,595,58,100,10,96-100,6-10,0,2,0
230,593,594,58,84,10,81-90,6-10,1,0,1
230,593,595,58,84,10,81-90,6-10,1,0,1
230,594,595,58,84,10,81-90,6-10,1,0,1
230,596,597,59,80,7,71-80,6-10,1,0,1
230,596,598,59,80,7,71-80,6-10,1,0,1
230,597,598,59,80,7,71-80,6-10,1,0,1
230,645,701,77,75,9,71-80,6-10,0,2,0
230,645,702,77,75,9,71-80,6-10,0,1,1
230,701,702,77,100,9,96-100,6-10,0,2,0
230,18,704,78,75,24,71-80,21+,0,2,0
230,205,704,78,75,24,71-80,21+,0,2,0
230,691,704,78,75,24,71-80,21+,0,2,0
230,692,704,78,75,24,71-80,21+,0,2,0
230,703,704,78,75,24,71-80,21+,0,2,0
230,705,706,79,76,9,71-80,6-10,0,2,0
230,269,638,80,80,12,71-80,11-20,0,2,0
230,270,638,80,80,12,71-80,11-20,0,2,0
230,451,638,80,97,12,96-100,11-20,0,2,0
230,638,651,80,97,12,96-100,11-20,0,1,0
230,181,640,81,75,15,71-80,11-20,0,2,0
230,182,640,81,75,15,71-80,11-20,0,2,0
230,183,640,81,75,15,71-80,11-20,0,2,0
230,184,640,81,75,15,71-80,11-20,0,2,0
230,185,640,81,75,15,71-80,11-20,0,2,0
230,459,640,81,91,15,91-95,11-20,0,2,0
230,200,636,87,100,16,96-100,11-20,1,2,0
230,200,642,87,100,16,96-100,11-20,0,2,0
230,200,643,87,100,16,96-100,11-20,0,2,0
230,200,644,87,100,16,96-100,11-20,0,2,0
230,201,636,87,100,16,96-100,11-20,0,3,0
230,201,642,87,100,16,96-100,11-20,0,3,0
230,201,643,87,100,16,96-100,11-20,0,3,0
230,201,644,87,100,16,96-100,11-20,0,3,0
230,305,636,87,75,16,71-80,11-20,0,2,0
230,305,642,87,75,16,71-80,11-20,0,2,0
230,305,643,87,75,16,71-80,11-20,0,2,0
230,305,644,87,75,16,71-80,11-20,0,2,0
230,306,636,87,75,16,71-80,11-20,0,2,0
230,306,642,87,75,16,71-80,11-20,0,2,0
230,306,643,87,75,16,71-80,11-20,0,2,0
230,306,644,87,75,16,71-80,11-20,0,2,0
230,476,636,87,71,16,71-80,11-20,0,2,0
230,476,642,87,71,16,71-80,11-20,0,2,0
230,476,643,87,71,16,71-80,11-20,0,2,0
230,476,644,87,71,16,71-80,11-20,0,2,0
230,636,642,87,80,16,71-80,11-20,0,1,1
230,636,643,87,80,16,71-80,11-20,0,1,1
230,636,644,87,80,16,71-80,11-20,0,1,1
230,636,726,87,80,16,71-80,11-20,0,2,0
230,642,643,87,71,16,71-80,11-20,1,0,1
230,642,644,87,71,16,71-80,11-20,1,0,1
230,642,726,87,71,16,71-80,11-20,0,2,0
230,643,644,87,71,16,71-80,11-20,1,0,1
230,643,726,87,71,16,71-80,11-20,0,2,0
230,644,726,87,71,16,71-80,11-20,0,2,0
230,206,494,90,71,5,71-80,3-5,0,3,0
230,319,494,90,85,5,81-90,3-5,0,2,0
230,320,494,90,85,5,81-90,3-5,0,2,0
230,208,621,91,100,12,96-100,11-20,0,3,0
230,337,621,91,90,12,81-90,11-20,0,2,0
230,338,621,91,90,12,81-90,11-20,0,2,0
230,339,621,91,90,12,81-90,11-20,0,2,0
230,209,496,92,100,17,96-100,11-20,1,2,0
230,210,496,92,80,17,71-80,11-20,0,3,0
230,213,496,92,87,17,81-90,11-20,1,2,0
230,253,496,92,88,17,81-90,11-20,0,2,0
230,340,496,92,75,17,71-80,11-20,0,2,0
230,341,496,92,75,17,71-80,11-20,0,2,0
230,342,496,92,75,17,71-80,11-20,0,2,0
230,438,496,92,75,17,71-80,11-20,0,2,0
230,440,496,92,75,17,71-80,11-20,0,2,0
230,496,498,92,100,17,96-100,11-20,1,0,0
230,204,501,98,88,7,81-90,6-10,1,2,0
230,171,510,107,100,10,96-100,6-10,0,2,0
230,233,510,107,75,10,71-80,6-10,1,2,0
230,234,510,107,75,10,71-80,6-10,1,2,0
230,272,510,107,100,10,96-100,6-10,0,2,0
230,273,510,107,100,10,96-100,6-10,0,2,0
230,274,677,108,75,12,71-80,11-20,0,2,0
230,274,707,108,75,12,71-80,11-20,0,2,0
230,277,677,108,75,12,71-80,11-20,0,2,0
230,277,707,108,75,12,71-80,11-20,0,2,0
230,512,677,108,92,12,91-95,11-20,0,2,0
230,512,707,108,92,12,91-95,11-20,1,2,0
230,677,707,108,83,12,81-90,11-20,0,1,1
230,513,516,110,92,8,91-95,6-10,1,2,0
230,513,674,110,92,8,91-95,6-10,0,2,0
230,513,675,110,92,8,91-95,6-10,0,1,1
230,513,687,110,92,8,91-95,6-10,0,2,0
230,516,675,110,100,8,96-100,6-10,0,2,0
230,674,675,110,100,8,96-100,6-10,1,2,0
230,675,687,110,100,8,96-100,6-10,0,2,0
230,235,709,111,75,7,71-80,6-10,1,2,0
230,607,709,111,80,7,71-80,6-10,0,1,0
230,237,517,112,100,8,96-100,6-10,1,2,0
230,238,517,112,100,8,96-100,6-10,1,2,0
230,752,753,125,75,15,71-80,11-20,0,2,0
230,752,754,125,75,15,71-80,11-20,0,2,0
230,753,754,125,75,15,71-80,11-20,1,0,1
230,76,529,130,70,10,<=70,6-10,0,2,0
230,77,529,130,70,10,<=70,6-10,0,2,0
230,78,529,130,70,10,<=70,6-10,0,2,0
230,79,529,130,70,10,<=70,6-10,0,2,0
230,80,529,130,70,10,<=70,6-10,0,2,0
230,81,529,130,70,10,<=70,6-10,0,2,0
230,90,529,130,71,10,71-80,6-10,0,2,0
230,527,529,130,100,10,96-100,6-10,1,2,0
230,91,528,133,73,11,71-80,11-20,0,2,0
230,91,648,133,73,11,71-80,11-20,0,2,0
230,92,528,133,73,11,71-80,11-20,0,2,0
230,92,648,133,73,11,71-80,11-20,0,2,0
230,93,528,133,73,11,71-80,11-20,0,2,0
230,93,648,133,73,11,71-80,11-20,0,2,0
230,94,528,133,73,11,71-80,11-20,0,2,0
230,94,648,133,73,11,71-80,11-20,0,2,0
230,95,528,133,73,11,71-80,11-20,0,2,0
230,95,648,133,73,11,71-80,11-20,0,2,0
230,528,648,133,75,11,71-80,11-20,0,1,1
230,96,535,134,100,8,96-100,6-10,0,2,0
230,97,535,134,100,8,96-100,6-10,0,2,0
230,534,535,134,100,8,96-100,6-10,1,2,0
230,252,672,139,84,4,81-90,3-5,0,2,0
230,667,672,139,89,4,81-90,3-5,1,2,0
230,712,713,146,100,6,96-100,6-10,1,2,0
230,713,756,146,100,6,96-100,6-10,0,2,0
230,307,719,153,85,12,81-90,11-20,0,2,0
230,308,719,153,85,12,81-90,11-20,0,2,0
230,416,719,153,80,12,71-80,11-20,0,2,0
230,417,719,153,80,12,71-80,11-20,0,2,0
230,658,719,153,71,12,71-80,11-20,0,2,0
230,659,719,153,71,12,71-80,11-20,0,2,0
230,349,657,162,97,17,96-100,11-20,0,3,0
230,350,657,162,97,17,96-100,11-20,0,2,0
230,656,657,162,100,17,96-100,11-20,1,2,0
230,657,733,162,100,17,96-100,11-20,0,2,0
230,657,734,162,100,17,96-100,11-20,0,2,0
230,657,736,162,100,17,96-100,11-20,0,2,0
230,657,737,162,100,17,96-100,11-20,0,2,0
230,711,714,178,75,4,71-80,3-5,0,3,0
230,560,715,197,100,2,96-100,2 (pair),1,0,1
230,563,758,200,100,4,96-100,3-5,1,0,1
230,563,759,200,100,4,96-100,3-5,1,0,1
230,563,760,200,100,4,96-100,3-5,1,0,1
230,758,759,200,100,4,96-100,3-5,1,0,1
230,758,760,200,100,4,96-100,3-5,1,0,1
230,759,760,200,100,4,96-100,3-5,1,0,1
230,564,565,201,75,5,71-80,3-5,1,0,1
230,564,566,201,75,5,71-80,3-5,1,0,1
230,564,567,201,75,5,71-80,3-5,1,0,1
230,564,568,201,75,5,71-80,3-5,1,0,1
230,565,566,201,75,5,71-80,3-5,1,0,1
230,565,567,201,75,5,71-80,3-5,1,0,1
230,565,568,201,75,5,71-80,3-5,1,0,1
230,566,567,201,75,5,71-80,3-5,1,0,1
230,566,568,201,75,5,71-80,3-5,1,0,1
230,567,568,201,75,5,71-80,3-5,1,0,1
230,569,570,205,75,2,71-80,2 (pair),1,0,1
230,504,587,209,75,3,71-80,3-5,0,1,0
230,587,761,209,75,3,71-80,3-5,1,0,0
232,16,747,9,75,19,71-80,11-20,0,2,0
232,16,767,9,75,19,71-80,11-20,0,2,0
232,17,747,9,75,19,71-80,11-20,0,2,0
232,17,767,9,75,19,71-80,11-20,0,2,0
232,20,747,9,75,19,71-80,11-20,0,2,0
232,20,767,9,75,19,71-80,11-20,0,2,0
232,21,747,9,75,19,71-80,11-20,0,3,0
232,21,767,9,75,19,71-80,11-20,0,3,0
232,24,747,9,75,19,71-80,11-20,0,2,0
232,24,767,9,75,19,71-80,11-20,0,2,0
232,301,747,9,100,19,96-100,11-20,0,2,0
232,301,767,9,100,19,96-100,11-20,0,2,0
232,302,747,9,100,19,96-100,11-20,0,2,0
232,302,767,9,100,19,96-100,11-20,0,2,0
232,303,747,9,100,19,96-100,11-20,0,2,0
232,303,767,9,100,19,96-100,11-20,0,2,0
232,304,747,9,100,19,96-100,11-20,0,2,0
232,304,767,9,100,19,96-100,11-20,0,2,0
232,747,767,9,75,19,71-80,11-20,0,1,1
232,164,165,33,93,4,91-95,3-5,1,0,0
232,165,444,33,93,4,91-95,3-5,1,0,0
232,165,445,33,93,4,91-95,3-5,1,2,0
232,321,450,35,75,14,71-80,11-20,0,2,0
232,322,450,35,75,14,71-80,11-20,0,2,0
232,323,450,35,75,14,71-80,11-20,0,2,0
232,324,450,35,75,14,71-80,11-20,0,2,0
232,325,450,35,75,14,71-80,11-20,0,2,0
232,326,450,35,75,14,71-80,11-20,0,2,0
232,449,450,35,85,14,81-90,11-20,1,2,0
232,450,727,35,85,14,81-90,11-20,0,2,0
232,162,613,53,100,7,96-100,6-10,0,2,0
232,162,762,53,100,7,96-100,6-10,0,2,0
232,163,613,53,100,7,96-100,6-10,0,3,0
232,163,762,53,100,7,96-100,6-10,0,3,0
232,612,613,53,100,7,96-100,6-10,1,2,0
232,612,762,53,100,7,96-100,6-10,0,2,0
232,613,762,53,100,7,96-100,6-10,0,1,1
232,23,615,54,75,17,71-80,11-20,0,2,0
232,614,615,54,81,17,81-90,11-20,1,2,0
232,615,616,54,81,17,81-90,11-20,1,2,0
232,615,617,54,81,17,81-90,11-20,1,0,0
232,615,679,54,81,17,81-90,11-20,0,1,0
232,615,746,54,81,17,81-90,11-20,0,2,0
232,436,766,55,71,10,71-80,6-10,0,2,0
232,710,766,55,75,10,71-80,6-10,0,1,0
232,172,591,57,100,9,96-100,6-10,0,2,0
232,172,592,57,100,9,96-100,6-10,0,2,0
232,173,591,57,100,9,96-100,6-10,0,2,0
232,173,592,57,100,9,96-100,6-10,0,2,0
232,591,592,57,75,9,71-80,6-10,1,0,1
232,174,593,58,100,10,96-100,6-10,0,2,0
232,174,594,58,100,10,96-100,6-10,0,2,0
232,174,595,58,100,10,96-100,6-10,0,2,0
232,175,593,58,100,10,96-100,6-10,0,2,0
232,175,594,58,100,10,96-100,6-10,0,2,0
232,175,595,58,100,10,96-100,6-10,0,2,0
232,593,594,58,84,10,81-90,6-10,1,0,1
232,593,595,58,84,10,81-90,6-10,1,0,1
232,594,595,58,84,10,81-90,6-10,1,0,1
232,596,597,59,80,7,71-80,6-10,1,0,0
232,596,598,59,80,7,71-80,6-10,1,0,1
232,597,598,59,80,7,71-80,6-10,1,0,0
232,166,641,62,100,17,96-100,11-20,0,2,0
232,167,641,62,100,17,96-100,11-20,0,3,0
232,641,743,62,100,17,96-100,11-20,0,2,0
232,269,638,80,80,12,71-80,11-20,0,2,0
232,270,638,80,80,12,71-80,11-20,0,2,0
232,451,638,80,97,12,96-100,11-20,0,2,0
232,638,651,80,97,12,96-100,11-20,0,1,0
232,181,640,81,75,15,71-80,11-20,0,2,0
232,182,640,81,75,15,71-80,11-20,0,2,0
232,183,640,81,75,15,71-80,11-20,0,2,0
232,184,640,81,75,15,71-80,11-20,0,2,0
232,185,640,81,75,15,71-80,11-20,0,2,0
232,459,640,81,91,15,91-95,11-20,0,2,0
232,200,642,87,100,16,96-100,11-20,0,2,0
232,201,642,87,100,16,96-100,11-20,0,3,0
232,305,642,87,75,16,71-80,11-20,0,2,0
232,306,642,87,75,16,71-80,11-20,0,2,0
232,476,642,87,71,16,71-80,11-20,0,2,0
232,636,642,87,80,16,71-80,11-20,0,1,0
232,642,643,87,71,16,71-80,11-20,1,0,0
232,642,644,87,71,16,71-80,11-20,1,0,0
232,642,726,87,71,16,71-80,11-20,0,2,0
232,274,677,108,75,12,71-80,11-20,0,2,0
232,277,677,108,75,12,71-80,11-20,0,2,0
232,512,677,108,92,12,91-95,11-20,0,2,0
232,91,648,133,73,11,71-80,11-20,0,2,0
232,92,648,133,73,11,71-80,11-20,0,2,0
232,93,648,133,73,11,71-80,11-20,0,2,0
232,94,648,133,73,11,71-80,11-20,0,2,0
232,95,648,133,73,11,71-80,11-20,0,2,0
232,528,648,133,75,11,71-80,11-20,0,1,0
232,96,535,134,100,8,96-100,6-10,0,2,0
232,97,535,134,100,8,96-100,6-10,0,2,0
232,534,535,134,100,8,96-100,6-10,1,2,0
232,390,682,152,85,16,81-90,11-20,0,3,0
232,390,770,152,85,16,81-90,11-20,0,3,0
232,391,682,152,85,16,81-90,11-20,0,3,0
232,391,770,152,85,16,81-90,11-20,0,3,0
232,392,682,152,85,16,81-90,11-20,0,3,0
232,392,770,152,85,16,81-90,11-20,0,3,0
232,394,682,152,85,16,81-90,11-20,0,3,0
232,394,770,152,85,16,81-90,11-20,0,3,0
232,429,682,152,85,16,81-90,11-20,0,2,0
232,429,770,152,85,16,81-90,11-20,0,2,0
232,682,770,152,75,16,71-80,11-20,1,0,1
232,307,768,153,85,12,81-90,11-20,0,2,0
232,307,769,153,85,12,81-90,11-20,0,2,0
232,308,768,153,85,12,81-90,11-20,0,2,0
232,308,769,153,85,12,81-90,11-20,0,2,0
232,416,768,153,80,12,71-80,11-20,0,2,0
232,416,769,153,80,12,71-80,11-20,0,2,0
232,417,768,153,80,12,71-80,11-20,0,2,0
232,417,769,153,80,12,71-80,11-20,0,2,0
232,658,768,153,71,12,71-80,11-20,0,2,0
232,658,769,153,71,12,71-80,11-20,0,2,0
232,659,768,153,71,12,71-80,11-20,0,2,0
232,659,769,153,71,12,71-80,11-20,0,2,0
232,719,768,153,75,12,71-80,11-20,0,1,0
232,719,769,153,75,12,71-80,11-20,0,1,0
232,768,769,153,71,12,71-80,11-20,1,0,1
232,560,715,197,100,2,96-100,2 (pair),1,0,1
232,564,565,201,75,5,71-80,3-5,1,0,1
232,564,566,201,75,5,71-80,3-5,1,0,0
232,564,567,201,75,5,71-80,3-5,1,0,1
232,564,568,201,75,5,71-80,3-5,1,0,0
232,565,566,201,75,5,71-80,3-5,1,0,0
232,565,567,201,75,5,71-80,3-5,1,0,1
232,565,568,201,75,5,71-80,3-5,1,0,0
232,566,567,201,75,5,71-80,3-5,1,0,0
232,567,568,201,75,5,71-80,3-5,1,0,0
237,200,636,87,100,16,96-100,11-20,1,2,0
237,201,636,87,100,16,96-100,11-20,0,3,0
237,305,636,87,75,16,71-80,11-20,0,2,0
237,306,636,87,75,16,71-80,11-20,0,2,0
237,476,636,87,71,16,71-80,11-20,0,2,0
237,636,642,87,80,16,71-80,11-20,0,1,0
237,636,643,87,80,16,71-80,11-20,0,1,0
237,636,644,87,80,16,71-80,11-20,0,1,0
237,636,726,87,80,16,71-80,11-20,0,2,0
237,206,494,90,71,5,71-80,3-5,0,3,0
237,319,494,90,85,5,81-90,3-5,0,2,0
237,320,494,90,85,5,81-90,3-5,0,2,0
237,209,496,92,100,17,96-100,11-20,1,2,0
237,209,498,92,100,17,96-100,11-20,1,2,0
237,210,496,92,80,17,71-80,11-20,0,3,0
237,210,498,92,80,17,71-80,11-20,0,3,0
237,213,496,92,87,17,81-90,11-20,1,2,0
237,213,498,92,87,17,81-90,11-20,1,2,0
237,253,496,92,88,17,81-90,11-20,0,2,0
237,253,498,92,88,17,81-90,11-20,0,2,0
237,340,496,92,75,17,71-80,11-20,0,2,0
237,340,498,92,75,17,71-80,11-20,0,2,0
237,341,496,92,75,17,71-80,11-20,0,2,0
237,341,498,92,75,17,71-80,11-20,0,2,0
237,342,496,92,75,17,71-80,11-20,0,2,0
237,342,498,92,75,17,71-80,11-20,0,2,0
237,438,496,92,75,17,71-80,11-20,0,2,0
237,438,498,92,75,17,71-80,11-20,0,2,0
237,440,496,92,75,17,71-80,11-20,0,2,0
237,440,498,92,75,17,71-80,11-20,0,2,0
237,496,498,92,100,17,96-100,11-20,1,0,1
237,202,497,99,100,9,96-100,6-10,1,2,0
240,645,701,77,75,9,71-80,6-10,0,2,0
240,645,702,77,75,9,71-80,6-10,0,1,0
240,200,642,87,100,16,96-100,11-20,0,2,0
240,201,642,87,100,16,96-100,11-20,0,3,0
240,305,642,87,75,16,71-80,11-20,0,2,0
240,306,642,87,75,16,71-80,11-20,0,2,0
240,476,642,87,71,16,71-80,11-20,0,2,0
240,636,642,87,80,16,71-80,11-20,0,1,0
240,642,643,87,71,16,71-80,11-20,1,0,0
240,642,644,87,71,16,71-80,11-20,1,0,0
240,642,726,87,71,16,71-80,11-20,0,2,0
241,356,361,150,83,11,81-90,11-20,1,1,0
241,356,365,150,83,11,81-90,11-20,1,0,0
241,356,371,150,83,11,81-90,11-20,1,1,0
241,356,373,150,83,11,81-90,11-20,1,1,0
241,390,391,152,85,16,81-90,11-20,1,0,0
241,390,392,152,85,16,81-90,11-20,1,0,0
241,390,394,152,85,16,81-90,11-20,1,0,0
241,390,429,152,85,16,81-90,11-20,1,1,0
241,390,682,152,85,16,81-90,11-20,0,3,0
241,390,770,152,85,16,81-90,11-20,0,3,0
241,404,414,154,80,10,71-80,6-10,1,0,0
241,408,414,154,80,10,71-80,6-10,1,1,0
242,91,771,133,73,11,71-80,11-20,0,2,0
242,91,772,133,73,11,71-80,11-20,0,2,0
242,92,771,133,73,11,71-80,11-20,0,2,0
242,92,772,133,73,11,71-80,11-20,0,2,0
242,93,771,133,73,11,71-80,11-20,0,2,0
242,93,772,133,73,11,71-80,11-20,0,2,0
242,94,771,133,73,11,71-80,11-20,0,2,0
242,94,772,133,73,11,71-80,11-20,0,2,0
242,95,771,133,73,11,71-80,11-20,0,2,0
242,95,772,133,73,11,71-80,11-20,0,2,0
242,648,771,133,75,11,71-80,11-20,0,1,0
242,648,772,133,75,11,71-80,11-20,0,1,0
242,771,772,133,75,11,71-80,11-20,1,0,1
242,729,773,161,75,16,71-80,11-20,0,2,0
242,773,774,161,100,16,96-100,11-20,1,0,0
242,790,791,168,83,7,81-90,6-10,1,0,1
245,790,791,168,83,7,81-90,6-10,1,0,1
265,656,657,162,100,17,96-100,11-20,1,2,1
265,656,733,162,100,17,96-100,11-20,0,1,0
265,656,734,162,100,17,96-100,11-20,0,1,0
265,656,736,162,100,17,96-100,11-20,0,1,0
265,656,737,162,100,17,96-100,11-20,0,1,0
265,657,733,162,100,17,96-100,11-20,0,2,0
265,657,734,162,100,17,96-100,11-20,0,2,0
265,657,736,162,100,17,96-100,11-20,0,2,0
265,657,737,162,100,17,96-100,11-20,0,2,0
266,390,682,152,85,16,81-90,11-20,0,3,0
266,391,682,152,85,16,81-90,11-20,0,3,0
266,392,682,152,85,16,81-90,11-20,0,3,0
266,394,682,152,85,16,81-90,11-20,0,3,0
266,429,682,152,85,16,81-90,11-20,0,2,0
266,682,770,152,75,16,71-80,11-20,1,0,0
278,688,689,61,100,8,96-100,6-10,0,1,0
278,688,765,61,100,8,96-100,6-10,0,2,0
278,688,786,61,100,8,96-100,6-10,0,1,0
278,223,224,64,71,10,71-80,6-10,0,1,0
278,724,745,95,71,11,71-80,11-20,0,1,0
279,70,532,48,100,12,96-100,11-20,0,1,0
279,532,807,48,75,12,71-80,11-20,0,1,0
279,532,808,48,75,12,71-80,11-20,0,1,0
279,674,675,110,100,8,96-100,6-10,1,2,0
279,674,687,110,100,8,96-100,6-10,0,1,0
279,76,527,130,70,10,<=70,6-10,0,1,0
279,77,527,130,70,10,<=70,6-10,0,1,0
279,78,527,130,70,10,<=70,6-10,0,1,0
279,79,527,130,70,10,<=70,6-10,0,1,0
279,80,527,130,70,10,<=70,6-10,0,1,0
279,81,527,130,70,10,<=70,6-10,0,1,0
279,90,527,130,71,10,71-80,6-10,0,1,0
279,527,529,130,100,10,96-100,6-10,1,2,0
279,527,798,130,100,10,96-100,6-10,0,1,0
279,96,534,134,100,8,96-100,6-10,0,1,0
279,97,534,134,100,8,96-100,6-10,0,1,0
279,534,535,134,100,8,96-100,6-10,1,2,0
279,252,667,139,84,4,81-90,3-5,0,1,0
279,667,672,139,89,4,81-90,3-5,1,2,0
281,307,308,153,85,12,81-90,11-20,1,0,0
281,308,416,153,85,12,81-90,11-20,0,1,0
281,308,417,153,85,12,81-90,11-20,0,1,0
281,308,658,153,85,12,81-90,11-20,0,1,0
281,308,659,153,85,12,81-90,11-20,0,1,0
281,308,768,153,85,12,81-90,11-20,0,2,0
281,308,769,153,85,12,81-90,11-20,0,2,0
284,70,532,48,100,12,96-100,11-20,0,1,0
284,70,807,48,100,12,96-100,11-20,0,1,0
284,70,808,48,100,12,96-100,11-20,0,1,0
284,384,411,129,76,6,71-80,6-10,1,0,1
284,384,412,129,76,6,71-80,6-10,1,0,1
284,384,815,129,76,6,71-80,6-10,0,1,0
284,82,355,131,71,14,71-80,11-20,0,1,0
284,83,355,131,71,14,71-80,11-20,0,1,0
284,98,355,131,71,14,71-80,11-20,0,1,0
284,99,355,131,71,14,71-80,11-20,0,1,0
284,244,355,131,71,14,71-80,11-20,0,1,0
284,245,355,131,71,14,71-80,11-20,0,1,0
284,246,355,131,71,14,71-80,11-20,0,1,0
284,247,355,131,71,14,71-80,11-20,0,1,0
284,355,799,131,80,14,71-80,11-20,0,1,0
284,355,800,131,80,14,71-80,11-20,0,1,0
284,355,801,131,80,14,71-80,11-20,0,1,0
284,345,346,148,75,10,71-80,6-10,1,1,1
284,358,363,149,80,10,71-80,6-10,1,1,1
284,358,693,149,80,10,71-80,6-10,1,0,1
284,363,693,149,80,10,71-80,6-10,1,1,1
284,356,361,150,83,11,81-90,11-20,1,1,1
284,356,365,150,83,11,81-90,11-20,1,0,1
284,356,371,150,83,11,81-90,11-20,1,1,1
284,356,373,150,83,11,81-90,11-20,1,1,1
284,361,365,150,83,11,81-90,11-20,1,1,1
284,361,371,150,83,11,81-90,11-20,1,0,1
284,361,373,150,83,11,81-90,11-20,1,0,1
284,365,371,150,83,11,81-90,11-20,1,1,1
284,365,373,150,83,11,81-90,11-20,1,1,1
284,371,373,150,83,11,81-90,11-20,1,0,1
284,390,391,152,85,16,81-90,11-20,1,0,1
284,390,392,152,85,16,81-90,11-20,1,0,1
284,390,394,152,85,16,81-90,11-20,1,0,1
284,390,429,152,85,16,81-90,11-20,1,1,1
284,390,682,152,85,16,81-90,11-20,0,3,0
284,390,770,152,85,16,81-90,11-20,0,3,0
284,391,392,152,85,16,81-90,11-20,1,0,1
284,391,394,152,85,16,81-90,11-20,1,0,1
284,391,429,152,85,16,81-90,11-20,1,1,1
284,391,682,152,85,16,81-90,11-20,0,3,0
284,391,770,152,85,16,81-90,11-20,0,3,0
284,392,394,152,85,16,81-90,11-20,1,0,1
284,392,429,152,85,16,81-90,11-20,1,1,1
284,392,682,152,85,16,81-90,11-20,0,3,0
284,392,770,152,85,16,81-90,11-20,0,3,0
284,394,429,152,85,16,81-90,11-20,1,1,1
284,394,682,152,85,16,81-90,11-20,0,3,0
284,394,770,152,85,16,81-90,11-20,0,3,0
284,429,682,152,85,16,81-90,11-20,0,2,0
284,429,770,152,85,16,81-90,11-20,0,2,0
287,136,188,49,75,10,71-80,6-10,0,1,0
287,136,196,49,75,10,71-80,6-10,0,1,0
287,137,188,49,75,10,71-80,6-10,0,1,0
287,137,196,49,75,10,71-80,6-10,0,1,0
287,140,188,49,75,10,71-80,6-10,0,1,0
287,140,196,49,75,10,71-80,6-10,0,1,0
287,150,188,49,75,10,71-80,6-10,0,1,0
287,150,196,49,75,10,71-80,6-10,0,1,0
287,152,188,49,75,10,71-80,6-10,0,1,0
287,152,196,49,75,10,71-80,6-10,0,1,0
287,188,196,49,100,10,96-100,6-10,1,0,1
287,188,198,49,100,10,96-100,6-10,1,0,1
287,196,198,49,82,10,81-90,6-10,1,0,1
287,138,180,51,83,15,81-90,11-20,0,1,0
287,142,180,51,83,15,81-90,11-20,0,1,0
287,180,610,51,75,15,71-80,11-20,0,1,0
287,180,611,51,75,15,71-80,11-20,0,2,0
287,180,776,51,75,15,71-80,11-20,0,1,0
287,180,777,51,75,15,71-80,11-20,0,1,0
287,180,778,51,75,15,71-80,11-20,0,1,0
287,180,779,51,75,15,71-80,11-20,0,1,0
287,180,780,51,75,15,71-80,11-20,0,1,0
287,743,775,62,100,17,96-100,11-20,0,1,0
287,18,205,78,75,24,71-80,21+,1,0,1
287,18,691,78,75,24,71-80,21+,0,1,0
287,18,692,78,75,24,71-80,21+,0,1,0
287,18,703,78,75,24,71-80,21+,0,1,0
287,18,704,78,75,24,71-80,21+,0,2,0
287,205,691,78,75,24,71-80,21+,0,1,0
287,205,692,78,75,24,71-80,21+,0,1,0
287,205,703,78,75,24,71-80,21+,0,1,0
287,205,704,78,75,24,71-80,21+,0,2,0
287,178,490,89,83,10,81-90,6-10,0,1,0
287,179,490,89,83,10,81-90,6-10,0,1,0
287,317,490,89,85,10,81-90,6-10,0,1,0
287,318,490,89,85,10,81-90,6-10,0,1,0
287,337,825,91,90,12,81-90,11-20,0,1,0
287,338,825,91,90,12,81-90,11-20,0,1,0
287,339,825,91,90,12,81-90,11-20,0,1,0
287,621,825,91,100,12,96-100,11-20,1,2,0
287,209,213,92,100,17,96-100,11-20,1,0,1
287,209,253,92,100,17,96-100,11-20,0,1,0
287,209,340,92,100,17,96-100,11-20,0,1,0
287,209,341,92,100,17,96-100,11-20,0,1,0
287,209,342,92,100,17,96-100,11-20,0,1,0
287,209,438,92,100,17,96-100,11-20,0,1,0
287,209,440,92,100,17,96-100,11-20,0,1,0
287,209,496,92,100,17,96-100,11-20,1,2,0
287,209,498,92,100,17,96-100,11-20,1,2,0
287,213,253,92,87,17,81-90,11-20,0,1,0
287,213,340,92,87,17,81-90,11-20,0,1,0
287,213,341,92,87,17,81-90,11-20,0,1,0
287,213,342,92,87,17,81-90,11-20,0,1,0
287,213,438,92,87,17,81-90,11-20,0,1,0
287,213,440,92,87,17,81-90,11-20,0,1,0
287,213,496,92,87,17,81-90,11-20,1,2,0
287,213,498,92,87,17,81-90,11-20,1,2,0
287,211,826,93,100,20,96-100,11-20,1,0,1
287,818,828,96,70,8,<=70,6-10,0,1,0
287,828,829,96,76,8,71-80,6-10,1,2,0
287,204,794,98,88,7,81-90,6-10,0,2,0
287,202,497,99,100,9,96-100,6-10,1,2,0
287,190,309,114,75,6,71-80,6-10,0,1,0
287,190,310,114,75,6,71-80,6-10,0,1,0
289,114,699,29,75,5,71-80,3-5,0,2,0
289,114,700,29,75,5,71-80,3-5,0,2,0
289,141,151,30,75,4,71-80,3-5,0,1,0
289,321,322,35,75,14,71-80,11-20,1,0,1
289,321,323,35,75,14,71-80,11-20,1,0,1
289,321,324,35,75,14,71-80,11-20,1,0,0
289,321,325,35,75,14,71-80,11-20,1,0,1
289,321,326,35,75,14,71-80,11-20,1,0,0
289,321,449,35,75,14,71-80,11-20,0,1,0
289,321,450,35,75,14,71-80,11-20,0,2,0
289,321,727,35,75,14,71-80,11-20,0,1,0
289,322,323,35,75,14,71-80,11-20,1,0,1
289,322,324,35,75,14,71-80,11-20,1,0,0
289,322,325,35,75,14,71-80,11-20,1,0,1
289,322,326,35,75,14,71-80,11-20,1,0,0
289,322,449,35,75,14,71-80,11-20,0,1,0
289,322,450,35,75,14,71-80,11-20,0,2,0
289,322,727,35,75,14,71-80,11-20,0,1,0
289,323,324,35,75,14,71-80,11-20,1,0,0
289,323,325,35,75,14,71-80,11-20,1,0,1
289,323,326,35,75,14,71-80,11-20,1,0,0
289,323,449,35,75,14,71-80,11-20,0,1,0
289,323,450,35,75,14,71-80,11-20,0,2,0
289,323,727,35,75,14,71-80,11-20,0,1,0
289,324,325,35,75,14,71-80,11-20,1,0,0
289,325,326,35,75,14,71-80,11-20,1,0,0
289,325,449,35,75,14,71-80,11-20,0,1,0
289,325,450,35,75,14,71-80,11-20,0,2,0
289,325,727,35,75,14,71-80,11-20,0,1,0
289,103,105,44,71,12,71-80,11-20,0,1,0
289,104,105,44,71,12,71-80,11-20,0,1,0
289,65,66,45,100,21,96-100,21+,0,1,0
289,65,68,45,100,21,96-100,21+,0,1,0
289,66,67,45,100,21,96-100,21+,0,1,0
289,66,68,45,100,21,96-100,21+,0,1,1
289,66,69,45,100,21,96-100,21+,0,1,0
289,66,71,45,100,21,96-100,21+,0,1,0
289,66,72,45,100,21,96-100,21+,0,1,0
289,66,73,45,100,21,96-100,21+,0,1,0
289,66,106,45,100,21,96-100,21+,0,1,0
289,66,107,45,100,21,96-100,21+,0,1,0
289,66,437,45,100,21,96-100,21+,0,1,0
289,66,661,45,100,21,96-100,21+,0,1,0
289,66,723,45,100,21,96-100,21+,0,1,0
289,66,738,45,100,21,96-100,21+,0,1,0
289,67,68,45,100,21,96-100,21+,0,1,0
289,68,69,45,100,21,96-100,21+,0,1,0
289,68,71,45,100,21,96-100,21+,0,1,0
289,68,72,45,100,21,96-100,21+,0,1,0
289,68,73,45,100,21,96-100,21+,0,1,0
289,68,106,45,100,21,96-100,21+,0,1,0
289,68,107,45,100,21,96-100,21+,0,1,0
289,68,437,45,100,21,96-100,21+,0,1,0
289,68,661,45,100,21,96-100,21+,0,1,0
289,68,723,45,100,21,96-100,21+,0,1,0
289,68,738,45,100,21,96-100,21+,0,1,0
289,109,125,46,71,8,71-80,6-10,0,1,1
289,109,126,46,71,8,71-80,6-10,0,1,0
289,125,126,46,100,8,96-100,6-10,0,1,0
289,128,130,47,75,33,71-80,21+,0,1,0
289,128,716,47,75,33,71-80,21+,0,1,0
289,136,137,49,75,10,71-80,6-10,0,1,0
289,136,140,49,75,10,71-80,6-10,0,1,0
289,136,150,49,75,10,71-80,6-10,1,1,1
289,136,152,49,75,10,71-80,6-10,1,1,1
289,136,188,49,75,10,71-80,6-10,0,1,0
289,136,196,49,75,10,71-80,6-10,0,1,0
289,136,198,49,75,10,71-80,6-10,0,1,0
289,137,150,49,75,10,71-80,6-10,0,1,0
289,137,152,49,75,10,71-80,6-10,0,1,0
289,140,150,49,75,10,71-80,6-10,0,1,0
289,140,152,49,75,10,71-80,6-10,0,1,0
289,150,152,49,75,10,71-80,6-10,1,0,1
289,150,188,49,75,10,71-80,6-10,0,1,0
289,150,196,49,75,10,71-80,6-10,0,1,0
289,150,198,49,75,10,71-80,6-10,0,1,0
289,152,188,49,75,10,71-80,6-10,0,1,0
289,152,196,49,75,10,71-80,6-10,0,1,0
289,152,198,49,75,10,71-80,6-10,0,1,0
289,145,608,50,80,4,71-80,3-5,0,1,0
289,138,142,51,83,15,81-90,11-20,0,1,0
289,138,180,51,83,15,81-90,11-20,0,1,0
289,138,610,51,83,15,81-90,11-20,0,1,0
289,138,611,51,83,15,81-90,11-20,0,2,0
289,138,776,51,83,15,81-90,11-20,0,1,1
289,138,777,51,83,15,81-90,11-20,0,1,1
289,138,778,51,83,15,81-90,11-20,0,1,1
289,138,779,51,83,15,81-90,11-20,0,1,0
289,138,780,51,83,15,81-90,11-20,0,1,1
289,142,776,51,83,15,81-90,11-20,0,1,0
289,142,777,51,83,15,81-90,11-20,0,1,0
289,142,778,51,83,15,81-90,11-20,0,1,0
289,142,780,51,83,15,81-90,11-20,0,1,0
289,180,776,51,75,15,71-80,11-20,0,1,0
289,180,777,51,75,15,71-80,11-20,0,1,0
289,180,778,51,75,15,71-80,11-20,0,1,0
289,180,780,51,75,15,71-80,11-20,0,1,0
289,610,776,51,100,15,96-100,11-20,0,1,0
289,610,777,51,100,15,96-100,11-20,0,1,0
289,610,778,51,100,15,96-100,11-20,0,1,0
289,610,780,51,100,15,96-100,11-20,0,1,0
289,611,776,51,100,15,96-100,11-20,0,2,0
289,611,777,51,100,15,96-100,11-20,0,2,0
289,611,778,51,100,15,96-100,11-20,0,2,0
289,611,780,51,100,15,96-100,11-20,0,2,0
289,776,777,51,75,15,71-80,11-20,1,0,1
289,776,778,51,75,15,71-80,11-20,1,0,1
289,776,779,51,75,15,71-80,11-20,1,0,0
289,776,780,51,75,15,71-80,11-20,1,0,1
289,777,778,51,75,15,71-80,11-20,1,0,1
289,777,779,51,75,15,71-80,11-20,1,0,0
289,777,780,51,75,15,71-80,11-20,1,0,1
289,778,779,51,75,15,71-80,11-20,1,0,0
289,778,780,51,75,15,71-80,11-20,1,0,1
289,779,780,51,75,15,71-80,11-20,1,0,0
289,168,236,56,75,9,71-80,6-10,0,1,0
289,169,236,56,75,9,71-80,6-10,0,1,0
289,170,236,56,75,9,71-80,6-10,0,1,0
289,730,783,60,71,8,71-80,6-10,0,2,0
289,730,784,60,71,8,71-80,6-10,0,2,0
289,783,784,60,70,8,<=70,6-10,1,0,1
289,743,775,62,100,17,96-100,11-20,0,1,0
289,223,224,64,71,10,71-80,6-10,0,1,0
289,327,725,74,75,33,71-80,21+,0,1,0
289,327,787,74,75,33,71-80,21+,0,1,0
289,327,789,74,75,33,71-80,21+,0,1,0
289,328,725,74,75,33,71-80,21+,0,1,0
289,328,787,74,75,33,71-80,21+,0,1,0
289,328,789,74,75,33,71-80,21+,0,1,0
289,329,725,74,75,33,71-80,21+,0,1,0
289,329,787,74,75,33,71-80,21+,0,1,0
289,329,789,74,75,33,71-80,21+,0,1,0
289,330,725,74,75,33,71-80,21+,0,1,0
289,330,787,74,75,33,71-80,21+,0,1,0
289,330,789,74,75,33,71-80,21+,0,1,0
289,332,725,74,75,33,71-80,21+,0,1,0
289,332,787,74,75,33,71-80,21+,0,1,0
289,332,789,74,75,33,71-80,21+,0,1,0
289,335,725,74,75,33,71-80,21+,0,1,0
289,335,787,74,75,33,71-80,21+,0,1,0
289,335,789,74,75,33,71-80,21+,0,1,0
289,718,725,74,75,33,71-80,21+,0,1,0
289,718,787,74,75,33,71-80,21+,0,1,0
289,718,789,74,75,33,71-80,21+,0,1,0
289,725,787,74,71,33,71-80,21+,0,1,1
289,725,789,74,71,33,71-80,21+,0,1,1
289,787,789,74,75,33,71-80,21+,1,0,1
289,331,788,75,75,7,71-80,6-10,0,1,0
289,333,788,75,75,7,71-80,6-10,0,1,0
289,269,270,80,80,12,71-80,11-20,1,0,1
289,269,451,80,80,12,71-80,11-20,0,1,0
289,269,638,80,80,12,71-80,11-20,0,2,0
289,269,651,80,80,12,71-80,11-20,0,2,0
289,270,451,80,80,12,71-80,11-20,0,1,0
289,270,638,80,80,12,71-80,11-20,0,2,0
289,270,651,80,80,12,71-80,11-20,0,2,0
289,275,763,84,80,15,71-80,11-20,0,2,0
289,176,314,88,71,13,71-80,11-20,0,1,0
289,176,315,88,71,13,71-80,11-20,0,1,0
289,176,316,88,71,13,71-80,11-20,0,1,0
289,177,314,88,71,13,71-80,11-20,0,1,0
289,177,315,88,71,13,71-80,11-20,0,1,0
289,177,316,88,71,13,71-80,11-20,0,1,0
289,314,315,88,83,13,81-90,11-20,1,0,1
289,314,316,88,83,13,81-90,11-20,1,0,1
289,315,316,88,83,13,81-90,11-20,1,0,1
289,178,317,89,83,10,81-90,6-10,0,1,0
289,179,317,89,83,10,81-90,6-10,0,1,0
289,317,318,89,85,10,81-90,6-10,0,1,0
289,317,490,89,85,10,81-90,6-10,0,1,0
289,319,320,90,85,5,81-90,3-5,0,1,0
289,319,494,90,85,5,81-90,3-5,0,2,0
289,171,272,107,100,10,96-100,6-10,0,1,0
289,171,273,107,100,10,96-100,6-10,0,1,0
289,272,273,107,100,10,96-100,6-10,1,0,1
289,272,816,107,100,10,96-100,6-10,0,1,0
289,273,816,107,100,10,96-100,6-10,0,1,0
289,274,277,108,75,12,71-80,11-20,1,0,1
289,274,677,108,75,12,71-80,11-20,0,2,0
289,277,677,108,75,12,71-80,11-20,0,2,0
289,278,279,109,100,8,96-100,6-10,1,0,1
289,781,782,117,86,4,81-90,3-5,1,0,1
289,84,268,132,70,12,<=70,11-20,0,1,0
289,85,268,132,70,12,<=70,11-20,0,1,0
289,86,268,132,70,12,<=70,11-20,0,1,0
289,87,268,132,70,12,<=70,11-20,0,1,0
289,88,268,132,70,12,<=70,11-20,0,1,0
289,89,268,132,70,12,<=70,11-20,0,1,0
289,268,695,132,80,12,71-80,11-20,0,1,0
289,268,803,132,80,12,71-80,11-20,0,1,0
289,100,101,147,83,10,81-90,6-10,0,1,0
289,100,102,147,83,10,81-90,6-10,0,1,0
289,101,102,147,83,10,81-90,6-10,0,1,1
289,110,111,157,72,18,71-80,11-20,0,1,0
290,204,794,98,88,7,81-90,6-10,0,2,0
290,792,793,100,72,13,71-80,11-20,1,0,1
290,795,796,101,75,11,71-80,11-20,1,0,1
290,795,797,101,75,11,71-80,11-20,1,0,0
290,796,797,101,75,11,71-80,11-20,1,0,0
294,164,445,33,93,4,91-95,3-5,1,2,0
294,165,445,33,93,4,91-95,3-5,1,2,0
294,444,445,33,100,4,96-100,3-5,1,2,0
294,321,450,35,75,14,71-80,11-20,0,2,0
294,322,450,35,75,14,71-80,11-20,0,2,0
294,323,450,35,75,14,71-80,11-20,0,2,0
294,324,450,35,75,14,71-80,11-20,0,2,0
294,325,450,35,75,14,71-80,11-20,0,2,0
294,326,450,35,75,14,71-80,11-20,0,2,0
294,449,450,35,85,14,81-90,11-20,1,2,0
294,450,727,35,85,14,81-90,11-20,0,2,0
294,305,636,87,75,16,71-80,11-20,0,2,0
294,306,636,87,75,16,71-80,11-20,0,2,0
294,476,636,87,71,16,71-80,11-20,0,2,0
294,636,642,87,80,16,71-80,11-20,0,1,0
294,636,643,87,80,16,71-80,11-20,0,1,0
294,636,644,87,80,16,71-80,11-20,0,1,0
294,636,726,87,80,16,71-80,11-20,0,2,0
294,319,494,90,85,5,81-90,3-5,0,2,0
294,320,494,90,85,5,81-90,3-5,0,2,0
294,337,621,91,90,12,81-90,11-20,0,2,0
294,338,621,91,90,12,81-90,11-20,0,2,0
294,339,621,91,90,12,81-90,11-20,0,2,0
294,621,825,91,100,12,96-100,11-20,1,2,0
294,209,496,92,100,17,96-100,11-20,1,2,0
294,209,498,92,100,17,96-100,11-20,1,2,0
294,213,496,92,87,17,81-90,11-20,1,2,0
294,213,498,92,87,17,81-90,11-20,1,2,0
294,253,496,92,88,17,81-90,11-20,0,2,0
294,253,498,92,88,17,81-90,11-20,0,2,0
294,340,496,92,75,17,71-80,11-20,0,2,0
294,340,498,92,75,17,71-80,11-20,0,2,0
294,341,496,92,75,17,71-80,11-20,0,2,0
294,341,498,92,75,17,71-80,11-20,0,2,0
294,342,496,92,75,17,71-80,11-20,0,2,0
294,342,498,92,75,17,71-80,11-20,0,2,0
294,438,496,92,75,17,71-80,11-20,0,2,0
294,438,498,92,75,17,71-80,11-20,0,2,0
294,440,496,92,75,17,71-80,11-20,0,2,0
294,440,498,92,75,17,71-80,11-20,0,2,0
294,496,498,92,100,17,96-100,11-20,1,0,1
294,724,827,95,71,11,71-80,11-20,0,2,0
294,745,827,95,71,11,71-80,11-20,0,2,0
294,818,829,96,70,8,<=70,6-10,0,2,0
294,828,829,96,76,8,71-80,6-10,1,2,0
294,202,497,99,100,9,96-100,6-10,1,2,0
295,16,767,9,75,19,71-80,11-20,0,2,0
295,17,767,9,75,19,71-80,11-20,0,2,0
295,20,767,9,75,19,71-80,11-20,0,2,0
295,24,767,9,75,19,71-80,11-20,0,2,0
295,301,767,9,100,19,96-100,11-20,0,2,0
295,302,767,9,100,19,96-100,11-20,0,2,0
295,303,767,9,100,19,96-100,11-20,0,2,0
295,304,767,9,100,19,96-100,11-20,0,2,0
295,747,767,9,75,19,71-80,11-20,0,1,0
295,114,700,29,75,5,71-80,3-5,0,2,0
295,699,700,29,75,5,71-80,3-5,0,1,0
295,612,762,53,100,7,96-100,6-10,0,2,0
295,613,762,53,100,7,96-100,6-10,0,1,0
295,436,766,55,71,10,71-80,6-10,0,2,0
295,710,766,55,75,10,71-80,6-10,0,1,0
295,172,591,57,100,9,96-100,6-10,0,2,0
295,172,592,57,100,9,96-100,6-10,0,2,0
295,173,591,57,100,9,96-100,6-10,0,2,0
295,173,592,57,100,9,96-100,6-10,0,2,0
295,591,592,57,75,9,71-80,6-10,1,0,1
295,174,593,58,100,10,96-100,6-10,0,2,0
295,174,594,58,100,10,96-100,6-10,0,2,0
295,174,595,58,100,10,96-100,6-10,0,2,0
295,175,593,58,100,10,96-100,6-10,0,2,0
295,175,594,58,100,10,96-100,6-10,0,2,0
295,175,595,58,100,10,96-100,6-10,0,2,0
295,593,594,58,84,10,81-90,6-10,1,0,1
295,593,595,58,84,10,81-90,6-10,1,0,1
295,594,595,58,84,10,81-90,6-10,1,0,1
295,596,597,59,80,7,71-80,6-10,1,0,1
295,596,598,59,80,7,71-80,6-10,1,0,1
295,597,598,59,80,7,71-80,6-10,1,0,1
295,730,783,60,71,8,71-80,6-10,0,2,0
295,730,784,60,71,8,71-80,6-10,0,2,0
295,229,764,73,76,8,71-80,6-10,0,2,0
295,230,764,73,76,8,71-80,6-10,0,2,0
295,764,785,73,92,8,91-95,6-10,1,2,0
295,275,763,84,80,15,71-80,11-20,0,2,0
295,274,677,108,75,12,71-80,11-20,0,2,0
295,277,677,108,75,12,71-80,11-20,0,2,0
295,674,675,110,100,8,96-100,6-10,1,2,0
295,675,687,110,100,8,96-100,6-10,0,2,0
295,76,529,130,70,10,<=70,6-10,0,2,0
295,77,529,130,70,10,<=70,6-10,0,2,0
295,78,529,130,70,10,<=70,6-10,0,2,0
295,79,529,130,70,10,<=70,6-10,0,2,0
295,80,529,130,70,10,<=70,6-10,0,2,0
295,81,529,130,70,10,<=70,6-10,0,2,0
295,90,529,130,71,10,71-80,6-10,0,2,0
295,527,529,130,100,10,96-100,6-10,1,2,0
295,529,798,130,100,10,96-100,6-10,0,2,0
295,712,713,146,100,6,96-100,6-10,1,2,0
295,713,756,146,100,6,96-100,6-10,0,2,0
295,307,768,153,85,12,81-90,11-20,0,2,0
295,307,769,153,85,12,81-90,11-20,0,2,0
295,308,768,153,85,12,81-90,11-20,0,2,0
295,308,769,153,85,12,81-90,11-20,0,2,0
295,416,768,153,80,12,71-80,11-20,0,2,0
295,416,769,153,80,12,71-80,11-20,0,2,0
295,417,768,153,80,12,71-80,11-20,0,2,0
295,417,769,153,80,12,71-80,11-20,0,2,0
295,658,768,153,71,12,71-80,11-20,0,2,0
295,658,769,153,71,12,71-80,11-20,0,2,0
295,659,768,153,71,12,71-80,11-20,0,2,0
295,659,769,153,71,12,71-80,11-20,0,2,0
295,768,769,153,71,12,71-80,11-20,1,0,1
296,436,766,55,71,10,71-80,6-10,0,2,0
296,710,766,55,75,10,71-80,6-10,0,1,0
296,307,769,153,85,12,81-90,11-20,0,2,0
296,308,769,153,85,12,81-90,11-20,0,2,0
296,416,769,153,80,12,71-80,11-20,0,2,0
296,417,769,153,80,12,71-80,11-20,0,2,0
296,658,769,153,71,12,71-80,11-20,0,2,0
296,659,769,153,71,12,71-80,11-20,0,2,0
296,768,769,153,71,12,71-80,11-20,1,0,0
298,282,284,3,75,10,71-80,6-10,0,1,0
298,282,285,3,75,10,71-80,6-10,0,1,0
298,282,286,3,75,10,71-80,6-10,0,1,0
298,321,449,35,75,14,71-80,11-20,0,1,0
298,321,727,35,75,14,71-80,11-20,0,1,0
298,322,449,35,75,14,71-80,11-20,0,1,0
298,322,727,35,75,14,71-80,11-20,0,1,0
298,323,449,35,75,14,71-80,11-20,0,1,0
298,323,727,35,75,14,71-80,11-20,0,1,0
298,324,449,35,75,14,71-80,11-20,0,1,0
298,324,727,35,75,14,71-80,11-20,0,1,0
298,325,449,35,75,14,71-80,11-20,0,1,0
298,325,727,35,75,14,71-80,11-20,0,1,0
298,326,449,35,75,14,71-80,11-20,0,1,0
298,326,727,35,75,14,71-80,11-20,0,1,0
298,449,450,35,85,14,81-90,11-20,1,2,0
298,449,727,35,85,14,81-90,11-20,0,1,1
298,450,727,35,85,14,81-90,11-20,0,2,0
298,56,57,41,100,12,96-100,11-20,0,1,1
298,56,58,41,100,12,96-100,11-20,0,1,1
298,56,603,41,100,12,96-100,11-20,0,1,0
298,56,604,41,100,12,96-100,11-20,0,2,0
298,57,58,41,100,12,96-100,11-20,0,1,1
298,57,603,41,100,12,96-100,11-20,0,1,0
298,57,604,41,100,12,96-100,11-20,0,2,0
298,58,603,41,100,12,96-100,11-20,0,1,0
298,58,604,41,100,12,96-100,11-20,0,2,0
298,103,104,44,71,12,71-80,11-20,0,1,0
298,103,105,44,71,12,71-80,11-20,0,1,0
298,65,66,45,100,21,96-100,21+,0,1,0
298,65,67,45,100,21,96-100,21+,0,1,1
298,65,68,45,100,21,96-100,21+,0,1,0
298,65,69,45,100,21,96-100,21+,0,1,1
298,65,71,45,100,21,96-100,21+,0,1,0
298,65,72,45,100,21,96-100,21+,0,1,1
298,65,73,45,100,21,96-100,21+,0,1,1
298,65,106,45,100,21,96-100,21+,0,1,1
298,65,107,45,100,21,96-100,21+,0,1,0
298,65,437,45,100,21,96-100,21+,0,1,0
298,65,661,45,100,21,96-100,21+,0,1,1
298,65,723,45,100,21,96-100,21+,0,1,1
298,65,738,45,100,21,96-100,21+,0,1,1
298,66,67,45,100,21,96-100,21+,0,1,0
298,66,69,45,100,21,96-100,21+,0,1,0
298,66,72,45,100,21,96-100,21+,0,1,0
298,66,73,45,100,21,96-100,21+,0,1,0
298,66,106,45,100,21,96-100,21+,0,1,0
298,66,661,45,100,21,96-100,21+,0,1,0
298,66,723,45,100,21,96-100,21+,0,1,0
298,66,738,45,100,21,96-100,21+,0,1,0
298,67,68,45,100,21,96-100,21+,0,1,0
298,67,69,45,100,21,96-100,21+,0,1,1
298,67,71,45,100,21,96-100,21+,0,1,0
298,67,72,45,100,21,96-100,21+,0,1,1
298,67,73,45,100,21,96-100,21+,0,1,1
298,67,106,45,100,21,96-100,21+,0,1,1
298,67,107,45,100,21,96-100,21+,0,1,0
298,67,437,45,100,21,96-100,21+,0,1,0
298,67,661,45,100,21,96-100,21+,0,1,1
298,67,723,45,100,21,96-100,21+,0,1,1
298,67,738,45,100,21,96-100,21+,0,1,1
298,68,69,45,100,21,96-100,21+,0,1,0
298,68,72,45,100,21,96-100,21+,0,1,0
298,68,73,45,100,21,96-100,21+,0,1,0
298,68,106,45,100,21,96-100,21+,0,1,0
298,68,661,45,100,21,96-100,21+,0,1,0
298,68,723,45,100,21,96-100,21+,0,1,0
298,68,738,45,100,21,96-100,21+,0,1,0
298,69,71,45,100,21,96-100,21+,0,1,0
298,69,72,45,100,21,96-100,21+,0,1,1
298,69,73,45,100,21,96-100,21+,0,1,1
298,69,106,45,100,21,96-100,21+,0,1,1
298,69,107,45,100,21,96-100,21+,0,1,0
298,69,437,45,100,21,96-100,21+,0,1,0
298,69,661,45,100,21,96-100,21+,0,1,1
298,69,723,45,100,21,96-100,21+,0,1,1
298,69,738,45,100,21,96-100,21+,0,1,1
298,71,72,45,100,21,96-100,21+,0,1,0
298,71,73,45,100,21,96-100,21+,0,1,0
298,71,106,45,100,21,96-100,21+,0,1,0
298,71,661,45,100,21,96-100,21+,0,1,0
298,71,723,45,100,21,96-100,21+,0,1,0
298,71,738,45,100,21,96-100,21+,0,1,0
298,72,73,45,100,21,96-100,21+,0,1,1
298,72,106,45,100,21,96-100,21+,0,1,1
298,72,107,45,100,21,96-100,21+,0,1,0
298,72,437,45,100,21,96-100,21+,0,1,0
298,72,661,45,100,21,96-100,21+,0,1,1
298,72,723,45,100,21,96-100,21+,0,1,1
298,72,738,45,100,21,96-100,21+,0,1,1
298,73,106,45,100,21,96-100,21+,0,1,1
298,73,107,45,100,21,96-100,21+,0,1,0
298,73,437,45,100,21,96-100,21+,0,1,0
298,73,661,45,100,21,96-100,21+,0,1,1
298,73,723,45,100,21,96-100,21+,0,1,1
298,73,738,45,100,21,96-100,21+,0,1,1
298,106,107,45,70,21,<=70,21+,0,1,0
298,106,437,45,70,21,<=70,21+,0,1,0
298,106,661,45,70,21,<=70,21+,0,1,1
298,106,723,45,70,21,<=70,21+,0,1,1
298,106,738,45,70,21,<=70,21+,0,1,1
298,107,661,45,70,21,<=70,21+,0,1,0
298,107,723,45,70,21,<=70,21+,0,1,0
298,107,738,45,70,21,<=70,21+,0,1,0
298,437,661,45,75,21,71-80,21+,0,1,0
298,437,723,45,75,21,71-80,21+,0,1,0
298,437,738,45,75,21,71-80,21+,0,1,0
298,661,723,45,100,21,96-100,21+,0,1,1
298,661,738,45,100,21,96-100,21+,0,1,1
298,723,738,45,100,21,96-100,21+,0,1,1
298,136,188,49,75,10,71-80,6-10,0,1,0
298,137,188,49,75,10,71-80,6-10,0,1,0
298,140,188,49,75,10,71-80,6-10,0,1,0
298,150,188,49,75,10,71-80,6-10,0,1,0
298,152,188,49,75,10,71-80,6-10,0,1,0
298,188,196,49,100,10,96-100,6-10,1,0,0
298,188,198,49,100,10,96-100,6-10,1,0,0
298,23,614,54,75,17,71-80,11-20,0,1,0
298,23,615,54,75,17,71-80,11-20,0,2,0
298,23,616,54,75,17,71-80,11-20,0,1,0
298,23,617,54,75,17,71-80,11-20,0,2,0
298,23,679,54,75,17,71-80,11-20,0,2,0
298,23,746,54,75,17,71-80,11-20,0,1,1
298,614,746,54,81,17,81-90,11-20,0,1,0
298,615,746,54,81,17,81-90,11-20,0,2,0
298,616,746,54,100,17,96-100,11-20,0,1,0
298,617,746,54,100,17,96-100,11-20,0,2,0
298,679,746,54,75,17,71-80,11-20,0,2,0
298,168,169,56,75,9,71-80,6-10,1,0,1
298,168,170,56,75,9,71-80,6-10,0,1,1
298,168,236,56,75,9,71-80,6-10,0,1,0
298,169,170,56,75,9,71-80,6-10,0,1,1
298,169,236,56,75,9,71-80,6-10,0,1,0
298,170,236,56,75,9,71-80,6-10,0,1,0
298,172,173,57,100,9,96-100,6-10,1,0,1
298,172,591,57,100,9,96-100,6-10,0,2,0
298,172,592,57,100,9,96-100,6-10,0,2,0
298,173,591,57,100,9,96-100,6-10,0,2,0
298,173,592,57,100,9,96-100,6-10,0,2,0
298,174,175,58,100,10,96-100,6-10,1,0,1
298,174,593,58,100,10,96-100,6-10,0,2,0
298,174,594,58,100,10,96-100,6-10,0,2,0
298,174,595,58,100,10,96-100,6-10,0,2,0
298,175,593,58,100,10,96-100,6-10,0,2,0
298,175,594,58,100,10,96-100,6-10,0,2,0
298,175,595,58,100,10,96-100,6-10,0,2,0
298,730,783,60,71,8,71-80,6-10,0,2,0
298,730,784,60,71,8,71-80,6-10,0,2,0
298,783,784,60,70,8,<=70,6-10,1,0,1
298,688,689,61,100,8,96-100,6-10,0,1,0
298,689,765,61,100,8,96-100,6-10,0,2,0
298,689,786,61,100,8,96-100,6-10,0,1,0
298,743,775,62,100,17,96-100,11-20,0,1,1
298,831,832,63,72,10,71-80,6-10,1,2,0
298,809,810,65,80,10,71-80,6-10,0,1,0
298,225,226,71,83,3,81-90,3-5,0,1,0
298,227,228,72,71,7,71-80,6-10,0,1,0
298,229,230,73,76,8,71-80,6-10,0,1,1
298,229,764,73,76,8,71-80,6-10,0,2,0
298,229,785,73,76,8,71-80,6-10,0,1,0
298,327,328,74,75,33,71-80,21+,1,0,1
298,327,329,74,75,33,71-80,21+,1,0,1
298,327,330,74,75,33,71-80,21+,1,0,1
298,327,332,74,75,33,71-80,21+,1,0,1
298,327,335,74,75,33,71-80,21+,1,0,1
298,327,718,74,75,33,71-80,21+,0,1,0
298,327,725,74,75,33,71-80,21+,0,1,1
298,327,787,74,75,33,71-80,21+,0,1,1
298,327,789,74,75,33,71-80,21+,0,1,0
298,328,329,74,75,33,71-80,21+,1,0,1
298,328,330,74,75,33,71-80,21+,1,0,1
298,328,332,74,75,33,71-80,21+,1,0,1
298,328,335,74,75,33,71-80,21+,1,0,1
298,328,718,74,75,33,71-80,21+,0,1,0
298,328,725,74,75,33,71-80,21+,0,1,1
298,328,787,74,75,33,71-80,21+,0,1,1
298,328,789,74,75,33,71-80,21+,0,1,0
298,329,330,74,75,33,71-80,21+,1,0,1
298,329,332,74,75,33,71-80,21+,1,0,1
298,329,335,74,75,33,71-80,21+,1,0,1
298,329,718,74,75,33,71-80,21+,0,1,0
298,329,725,74,75,33,71-80,21+,0,1,1
298,329,787,74,75,33,71-80,21+,0,1,1
298,329,789,74,75,33,71-80,21+,0,1,0
298,330,332,74,75,33,71-80,21+,1,0,1
298,330,335,74,75,33,71-80,21+,1,0,1
298,330,718,74,75,33,71-80,21+,0,1,0
298,330,725,74,75,33,71-80,21+,0,1,1
298,330,787,74,75,33,71-80,21+,0,1,1
298,330,789,74,75,33,71-80,21+,0,1,0
298,332,335,74,75,33,71-80,21+,1,0,1
298,332,718,74,75,33,71-80,21+,0,1,0
298,332,725,74,75,33,71-80,21+,0,1,1
298,332,787,74,75,33,71-80,21+,0,1,1
298,332,789,74,75,33,71-80,21+,0,1,0
298,335,718,74,75,33,71-80,21+,0,1,0
298,335,725,74,75,33,71-80,21+,0,1,1
298,335,787,74,75,33,71-80,21+,0,1,1
298,335,789,74,75,33,71-80,21+,0,1,0
298,718,725,74,75,33,71-80,21+,0,1,0
298,718,787,74,75,33,71-80,21+,0,1,0
298,725,787,74,71,33,71-80,21+,0,1,1
298,725,789,74,71,33,71-80,21+,0,1,0
298,787,789,74,75,33,71-80,21+,1,0,0
298,331,333,75,75,7,71-80,6-10,1,0,1
298,331,788,75,75,7,71-80,6-10,0,1,0
298,333,788,75,75,7,71-80,6-10,0,1,0
298,645,701,77,75,9,71-80,6-10,0,2,0
298,701,702,77,100,9,96-100,6-10,0,2,0
298,18,205,78,75,24,71-80,21+,1,0,1
298,18,691,78,75,24,71-80,21+,0,1,1
298,18,692,78,75,24,71-80,21+,0,1,0
298,18,703,78,75,24,71-80,21+,0,1,1
298,18,704,78,75,24,71-80,21+,0,2,0
298,205,691,78,75,24,71-80,21+,0,1,1
298,205,692,78,75,24,71-80,21+,0,1,0
298,205,703,78,75,24,71-80,21+,0,1,1
298,205,704,78,75,24,71-80,21+,0,2,0
298,691,692,78,75,24,71-80,21+,1,0,0
298,691,703,78,75,24,71-80,21+,0,1,1
298,691,704,78,75,24,71-80,21+,0,2,0
298,692,703,78,75,24,71-80,21+,0,1,0
298,703,704,78,75,24,71-80,21+,0,2,0
298,705,706,79,76,9,71-80,6-10,0,2,0
298,459,640,81,91,15,91-95,11-20,0,2,0
298,305,306,87,75,16,71-80,11-20,0,1,1
298,305,476,87,75,16,71-80,11-20,0,1,0
298,305,636,87,75,16,71-80,11-20,0,2,0
298,305,642,87,75,16,71-80,11-20,0,2,0
298,305,643,87,75,16,71-80,11-20,0,2,0
298,305,644,87,75,16,71-80,11-20,0,2,0
298,305,726,87,75,16,71-80,11-20,0,1,1
298,306,476,87,75,16,71-80,11-20,0,1,0
298,306,636,87,75,16,71-80,11-20,0,2,0
298,306,642,87,75,16,71-80,11-20,0,2,0
298,306,643,87,75,16,71-80,11-20,0,2,0
298,306,644,87,75,16,71-80,11-20,0,2,0
298,306,726,87,75,16,71-80,11-20,0,1,1
298,476,726,87,71,16,71-80,11-20,0,1,0
298,636,726,87,80,16,71-80,11-20,0,2,0
298,642,726,87,71,16,71-80,11-20,0,2,0
298,643,726,87,71,16,71-80,11-20,0,2,0
298,644,726,87,71,16,71-80,11-20,0,2,0
298,176,177,88,71,13,71-80,11-20,1,0,1
298,176,314,88,71,13,71-80,11-20,0,1,0
298,176,315,88,71,13,71-80,11-20,0,1,0
298,176,316,88,71,13,71-80,11-20,0,1,0
298,177,314,88,71,13,71-80,11-20,0,1,0
298,177,315,88,71,13,71-80,11-20,0,1,0
298,177,316,88,71,13,71-80,11-20,0,1,0
298,178,179,89,83,10,81-90,6-10,1,0,1
298,178,317,89,83,10,81-90,6-10,0,1,0
298,178,318,89,83,10,81-90,6-10,0,1,1
298,178,490,89,83,10,81-90,6-10,0,1,1
298,179,317,89,83,10,81-90,6-10,0,1,0
298,179,318,89,83,10,81-90,6-10,0,1,1
298,179,490,89,83,10,81-90,6-10,0,1,1
298,317,318,89,85,10,81-90,6-10,0,1,0
298,317,490,89,85,10,81-90,6-10,0,1,0
298,318,490,89,85,10,81-90,6-10,0,1,1
298,319,320,90,85,5,81-90,3-5,0,1,0
298,320,494,90,85,5,81-90,3-5,0,2,0
298,337,338,91,90,12,81-90,11-20,1,0,1
298,337,339,91,90,12,81-90,11-20,1,0,1
298,337,621,91,90,12,81-90,11-20,0,2,0
298,337,825,91,90,12,81-90,11-20,0,1,1
298,337,830,91,90,12,81-90,11-20,0,1,1
298,338,339,91,90,12,81-90,11-20,1,0,1
298,338,621,91,90,12,81-90,11-20,0,2,0
298,338,825,91,90,12,81-90,11-20,0,1,1
298,338,830,91,90,12,81-90,11-20,0,1,1
298,339,621,91,90,12,81-90,11-20,0,2,0
298,339,825,91,90,12,81-90,11-20,0,1,1
298,339,830,91,90,12,81-90,11-20,0,1,1
298,621,825,91,100,12,96-100,11-20,1,2,0
298,621,830,91,100,12,96-100,11-20,1,2,0
298,825,830,91,100,12,96-100,11-20,1,0,1
298,209,213,92,100,17,96-100,11-20,1,0,1
298,209,253,92,100,17,96-100,11-20,0,1,0
298,209,340,92,100,17,96-100,11-20,0,1,1
298,209,341,92,100,17,96-100,11-20,0,1,1
298,209,342,92,100,17,96-100,11-20,0,1,1
298,209,438,92,100,17,96-100,11-20,0,1,0
298,209,440,92,100,17,96-100,11-20,0,1,0
298,209,496,92,100,17,96-100,11-20,1,2,0
298,209,498,92,100,17,96-100,11-20,1,2,1
298,213,253,92,87,17,81-90,11-20,0,1,0
298,213,340,92,87,17,81-90,11-20,0,1,1
298,213,341,92,87,17,81-90,11-20,0,1,1
298,213,342,92,87,17,81-90,11-20,0,1,1
298,213,438,92,87,17,81-90,11-20,0,1,0
298,213,440,92,87,17,81-90,11-20,0,1,0
298,213,496,92,87,17,81-90,11-20,1,2,0
298,213,498,92,87,17,81-90,11-20,1,2,1
298,253,340,92,88,17,81-90,11-20,0,1,0
298,253,341,92,88,17,81-90,11-20,0,1,0
298,253,342,92,88,17,81-90,11-20,0,1,0
298,253,498,92,88,17,81-90,11-20,0,2,0
298,340,341,92,75,17,71-80,11-20,1,0,1
298,340,342,92,75,17,71-80,11-20,1,0,1
298,340,438,92,75,17,71-80,11-20,0,1,0
298,340,440,92,75,17,71-80,11-20,0,1,0
298,340,496,92,75,17,71-80,11-20,0,2,0
298,340,498,92,75,17,71-80,11-20,0,2,1
298,341,342,92,75,17,71-80,11-20,1,0,1
298,341,438,92,75,17,71-80,11-20,0,1,0
298,341,440,92,75,17,71-80,11-20,0,1,0
298,341,496,92,75,17,71-80,11-20,0,2,0
298,341,498,92,75,17,71-80,11-20,0,2,1
298,342,438,92,75,17,71-80,11-20,0,1,0
298,342,440,92,75,17,71-80,11-20,0,1,0
298,342,496,92,75,17,71-80,11-20,0,2,0
298,342,498,92,75,17,71-80,11-20,0,2,1
298,438,498,92,75,17,71-80,11-20,0,2,0
298,440,498,92,75,17,71-80,11-20,0,2,0
298,496,498,92,100,17,96-100,11-20,1,0,0
298,207,211,93,80,20,71-80,11-20,1,0,1
298,207,826,93,80,20,71-80,11-20,1,0,1
298,211,826,93,100,20,96-100,11-20,1,0,1
298,818,828,96,70,8,<=70,6-10,0,1,0
298,828,829,96,76,8,71-80,6-10,1,2,0
298,204,794,98,88,7,81-90,6-10,0,2,0
298,202,497,99,100,9,96-100,6-10,1,2,0
298,665,666,103,100,2,96-100,2 (pair),0,1,0
298,781,782,117,86,4,81-90,3-5,1,0,0
298,712,713,146,100,6,96-100,6-10,1,2,0
298,712,756,146,100,6,96-100,6-10,0,1,0
298,100,101,147,83,10,81-90,6-10,0,1,0
298,100,102,147,83,10,81-90,6-10,0,1,0
298,110,111,157,72,18,71-80,11-20,0,1,0
301,65,67,45,100,21,96-100,21+,0,1,0
301,66,67,45,100,21,96-100,21+,0,1,0
301,67,68,45,100,21,96-100,21+,0,1,0
301,67,69,45,100,21,96-100,21+,0,1,0
301,67,71,45,100,21,96-100,21+,0,1,0
301,67,72,45,100,21,96-100,21+,0,1,0
301,67,73,45,100,21,96-100,21+,0,1,0
301,67,106,45,100,21,96-100,21+,0,1,0
301,67,107,45,100,21,96-100,21+,0,1,0
301,67,437,45,100,21,96-100,21+,0,1,0
301,67,661,45,100,21,96-100,21+,0,1,0
301,67,723,45,100,21,96-100,21+,0,1,0
301,67,738,45,100,21,96-100,21+,0,1,0
301,168,170,56,75,9,71-80,6-10,0,1,0
301,169,170,56,75,9,71-80,6-10,0,1,0
301,170,236,56,75,9,71-80,6-10,0,1,0
301,172,173,57,100,9,96-100,6-10,1,0,1
301,172,591,57,100,9,96-100,6-10,0,2,0
301,172,592,57,100,9,96-100,6-10,0,2,0
301,173,591,57,100,9,96-100,6-10,0,2,0
301,173,592,57,100,9,96-100,6-10,0,2,0
301,174,175,58,100,10,96-100,6-10,1,0,1
301,174,593,58,100,10,96-100,6-10,0,2,0
301,174,594,58,100,10,96-100,6-10,0,2,0
301,174,595,58,100,10,96-100,6-10,0,2,0
301,175,593,58,100,10,96-100,6-10,0,2,0
301,175,594,58,100,10,96-100,6-10,0,2,0
301,175,595,58,100,10,96-100,6-10,0,2,0
302,282,284,3,75,10,71-80,6-10,0,1,0
302,282,285,3,75,10,71-80,6-10,0,1,0
302,282,286,3,75,10,71-80,6-10,0,1,0
302,282,836,3,75,10,71-80,6-10,0,1,1
302,282,837,3,75,10,71-80,6-10,0,5,0
302,284,836,3,75,10,71-80,6-10,0,1,0
302,285,836,3,75,10,71-80,6-10,0,1,0
302,286,836,3,75,10,71-80,6-10,0,1,0
302,836,837,3,75,10,71-80,6-10,0,5,0
302,258,259,15,71,7,71-80,6-10,1,0,0
302,696,697,17,75,12,71-80,11-20,0,2,0
302,696,698,17,75,12,71-80,11-20,0,1,1
302,696,748,17,75,12,71-80,11-20,0,1,1
302,696,749,17,75,12,71-80,11-20,0,1,1
302,696,750,17,75,12,71-80,11-20,0,1,1
302,696,804,17,75,12,71-80,11-20,0,1,1
302,697,698,17,75,12,71-80,11-20,0,2,0
302,697,748,17,75,12,71-80,11-20,0,2,0
302,697,749,17,75,12,71-80,11-20,0,2,0
302,697,750,17,75,12,71-80,11-20,0,2,0
302,697,804,17,75,12,71-80,11-20,0,2,0
302,698,748,17,75,12,71-80,11-20,0,1,1
302,698,749,17,75,12,71-80,11-20,0,1,1
302,698,750,17,75,12,71-80,11-20,0,1,1
302,698,804,17,75,12,71-80,11-20,0,1,1
302,748,749,17,75,12,71-80,11-20,0,1,1
302,748,750,17,75,12,71-80,11-20,0,1,1
302,748,804,17,75,12,71-80,11-20,0,1,1
302,749,750,17,75,12,71-80,11-20,0,1,1
302,749,804,17,75,12,71-80,11-20,0,1,1
302,750,804,17,75,12,71-80,11-20,0,1,1
302,114,699,29,75,5,71-80,3-5,0,2,0
302,114,700,29,75,5,71-80,3-5,0,2,0
302,164,165,33,93,4,91-95,3-5,1,0,0
302,164,444,33,93,4,91-95,3-5,1,0,1
302,164,445,33,93,4,91-95,3-5,1,2,0
302,165,444,33,93,4,91-95,3-5,1,0,0
302,444,445,33,100,4,96-100,3-5,1,2,0
302,321,322,35,75,14,71-80,11-20,1,0,1
302,321,323,35,75,14,71-80,11-20,1,0,1
302,321,324,35,75,14,71-80,11-20,1,0,1
302,321,325,35,75,14,71-80,11-20,1,0,1
302,321,326,35,75,14,71-80,11-20,1,0,1
302,321,449,35,75,14,71-80,11-20,0,1,1
302,321,450,35,75,14,71-80,11-20,0,2,0
302,321,727,35,75,14,71-80,11-20,0,1,1
302,322,323,35,75,14,71-80,11-20,1,0,1
302,322,324,35,75,14,71-80,11-20,1,0,1
302,322,325,35,75,14,71-80,11-20,1,0,1
302,322,326,35,75,14,71-80,11-20,1,0,1
302,322,449,35,75,14,71-80,11-20,0,1,1
302,322,450,35,75,14,71-80,11-20,0,2,0
302,322,727,35,75,14,71-80,11-20,0,1,1
302,323,324,35,75,14,71-80,11-20,1,0,1
302,323,325,35,75,14,71-80,11-20,1,0,1
302,323,326,35,75,14,71-80,11-20,1,0,1
302,323,449,35,75,14,71-80,11-20,0,1,1
302,323,450,35,75,14,71-80,11-20,0,2,0
302,323,727,35,75,14,71-80,11-20,0,1,1
302,324,325,35,75,14,71-80,11-20,1,0,1
302,324,326,35,75,14,71-80,11-20,1,0,1
302,324,449,35,75,14,71-80,11-20,0,1,1
302,324,450,35,75,14,71-80,11-20,0,2,0
302,324,727,35,75,14,71-80,11-20,0,1,1
302,325,326,35,75,14,71-80,11-20,1,0,1
302,325,449,35,75,14,71-80,11-20,0,1,1
302,325,450,35,75,14,71-80,11-20,0,2,0
302,325,727,35,75,14,71-80,11-20,0,1,1
302,326,727,35,75,14,71-80,11-20,0,1,1
302,449,727,35,85,14,81-90,11-20,0,1,1
302,450,727,35,85,14,81-90,11-20,0,2,0
302,53,54,40,100,9,96-100,6-10,0,1,1
302,53,55,40,100,9,96-100,6-10,0,1,1
302,54,55,40,100,9,96-100,6-10,0,1,1
302,56,57,41,100,12,96-100,11-20,0,1,1
302,56,58,41,100,12,96-100,11-20,0,1,1
302,56,603,41,100,12,96-100,11-20,0,1,0
302,56,604,41,100,12,96-100,11-20,0,2,0
302,57,58,41,100,12,96-100,11-20,0,1,1
302,57,603,41,100,12,96-100,11-20,0,1,0
302,57,604,41,100,12,96-100,11-20,0,2,0
302,58,603,41,100,12,96-100,11-20,0,1,0
302,58,604,41,100,12,96-100,11-20,0,2,0
302,59,60,42,100,11,96-100,11-20,0,1,1
302,59,61,42,100,11,96-100,11-20,0,1,1
302,59,605,42,100,11,96-100,11-20,0,1,1
302,59,606,42,100,11,96-100,11-20,0,2,0
302,60,61,42,100,11,96-100,11-20,0,1,1
302,60,605,42,100,11,96-100,11-20,0,1,1
302,60,606,42,100,11,96-100,11-20,0,2,0
302,61,605,42,100,11,96-100,11-20,0,1,1
302,61,606,42,100,11,96-100,11-20,0,2,0
302,605,606,42,100,11,96-100,11-20,1,2,0
302,62,63,43,100,5,96-100,3-5,0,1,1
302,62,64,43,100,5,96-100,3-5,0,1,1
302,63,64,43,100,5,96-100,3-5,0,1,1
302,103,104,44,71,12,71-80,11-20,0,1,1
302,103,105,44,71,12,71-80,11-20,0,1,1
302,104,105,44,71,12,71-80,11-20,0,1,1
302,65,66,45,100,21,96-100,21+,0,1,1
302,65,67,45,100,21,96-100,21+,0,1,1
302,65,68,45,100,21,96-100,21+,0,1,1
302,65,69,45,100,21,96-100,21+,0,1,1
302,65,71,45,100,21,96-100,21+,0,1,1
302,65,72,45,100,21,96-100,21+,0,1,1
302,65,73,45,100,21,96-100,21+,0,1,1
302,65,106,45,100,21,96-100,21+,0,1,1
302,65,107,45,100,21,96-100,21+,0,1,1
302,65,437,45,100,21,96-100,21+,0,1,0
302,65,661,45,100,21,96-100,21+,0,1,1
302,65,723,45,100,21,96-100,21+,0,1,1
302,65,738,45,100,21,96-100,21+,0,1,1
302,66,67,45,100,21,96-100,21+,0,1,1
302,66,68,45,100,21,96-100,21+,0,1,1
302,66,69,45,100,21,96-100,21+,0,1,1
302,66,71,45,100,21,96-100,21+,0,1,1
302,66,72,45,100,21,96-100,21+,0,1,1
302,66,73,45,100,21,96-100,21+,0,1,1
302,66,106,45,100,21,96-100,21+,0,1,1
302,66,107,45,100,21,96-100,21+,0,1,1
302,66,437,45,100,21,96-100,21+,0,1,0
302,66,661,45,100,21,96-100,21+,0,1,1
302,66,723,45,100,21,96-100,21+,0,1,1
302,66,738,45,100,21,96-100,21+,0,1,1
302,67,68,45,100,21,96-100,21+,0,1,1
302,67,69,45,100,21,96-100,21+,0,1,1
302,67,71,45,100,21,96-100,21+,0,1,1
302,67,72,45,100,21,96-100,21+,0,1,1
302,67,73,45,100,21,96-100,21+,0,1,1
302,67,106,45,100,21,96-100,21+,0,1,1
302,67,107,45,100,21,96-100,21+,0,1,1
302,67,437,45,100,21,96-100,21+,0,1,0
302,67,661,45,100,21,96-100,21+,0,1,1
302,67,723,45,100,21,96-100,21+,0,1,1
302,67,738,45,100,21,96-100,21+,0,1,1
302,68,69,45,100,21,96-100,21+,0,1,1
302,68,71,45,100,21,96-100,21+,0,1,1
302,68,72,45,100,21,96-100,21+,0,1,1
302,68,73,45,100,21,96-100,21+,0,1,1
302,68,106,45,100,21,96-100,21+,0,1,1
302,68,107,45,100,21,96-100,21+,0,1,1
302,68,437,45,100,21,96-100,21+,0,1,0
302,68,661,45,100,21,96-100,21+,0,1,1
302,68,723,45,100,21,96-100,21+,0,1,1
302,68,738,45,100,21,96-100,21+,0,1,1
302,69,71,45,100,21,96-100,21+,0,1,1
302,69,72,45,100,21,96-100,21+,0,1,1
302,69,73,45,100,21,96-100,21+,0,1,1
302,69,106,45,100,21,96-100,21+,0,1,1
302,69,107,45,100,21,96-100,21+,0,1,1
302,69,437,45,100,21,96-100,21+,0,1,0
302,69,661,45,100,21,96-100,21+,0,1,1
302,69,723,45,100,21,96-100,21+,0,1,1
302,69,738,45,100,21,96-100,21+,0,1,1
302,71,72,45,100,21,96-100,21+,0,1,1
302,71,73,45,100,21,96-100,21+,0,1,1
302,71,106,45,100,21,96-100,21+,0,1,1
302,71,107,45,100,21,96-100,21+,0,1,1
302,71,437,45,100,21,96-100,21+,0,1,0
302,71,661,45,100,21,96-100,21+,0,1,1
302,71,723,45,100,21,96-100,21+,0,1,1
302,71,738,45,100,21,96-100,21+,0,1,1
302,72,73,45,100,21,96-100,21+,0,1,1
302,72,106,45,100,21,96-100,21+,0,1,1
302,72,107,45,100,21,96-100,21+,0,1,1
302,72,437,45,100,21,96-100,21+,0,1,0
302,72,661,45,100,21,96-100,21+,0,1,1
302,72,723,45,100,21,96-100,21+,0,1,1
302,72,738,45,100,21,96-100,21+,0,1,1
302,73,106,45,100,21,96-100,21+,0,1,1
302,73,107,45,100,21,96-100,21+,0,1,1
302,73,437,45,100,21,96-100,21+,0,1,0
302,73,661,45,100,21,96-100,21+,0,1,1
302,73,723,45,100,21,96-100,21+,0,1,1
302,73,738,45,100,21,96-100,21+,0,1,1
302,106,107,45,70,21,<=70,21+,0,1,1
302,106,437,45,70,21,<=70,21+,0,1,0
302,106,661,45,70,21,<=70,21+,0,1,1
302,106,723,45,70,21,<=70,21+,0,1,1
302,106,738,45,70,21,<=70,21+,0,1,1
302,107,437,45,70,21,<=70,21+,0,1,0
302,107,661,45,70,21,<=70,21+,0,1,1
302,107,723,45,70,21,<=70,21+,0,1,1
302,107,738,45,70,21,<=70,21+,0,1,1
302,437,661,45,75,21,71-80,21+,0,1,0
302,437,723,45,75,21,71-80,21+,0,1,0
302,437,738,45,75,21,71-80,21+,0,1,0
302,661,723,45,100,21,96-100,21+,0,1,1
302,661,738,45,100,21,96-100,21+,0,1,1
302,723,738,45,100,21,96-100,21+,0,1,1
302,109,125,46,71,8,71-80,6-10,0,1,1
302,109,126,46,71,8,71-80,6-10,0,1,1
302,109,839,46,71,8,71-80,6-10,0,1,1
302,125,126,46,100,8,96-100,6-10,0,1,1
302,125,839,46,100,8,96-100,6-10,0,1,1
302,126,839,46,100,8,96-100,6-10,0,1,1
302,128,130,47,75,33,71-80,21+,0,1,1
302,128,716,47,75,33,71-80,21+,0,1,1
302,130,716,47,75,33,71-80,21+,0,1,1
302,70,532,48,100,12,96-100,11-20,0,1,0
302,70,807,48,100,12,96-100,11-20,0,1,0
302,70,808,48,100,12,96-100,11-20,0,1,0
302,532,807,48,75,12,71-80,11-20,0,1,1
302,532,808,48,75,12,71-80,11-20,0,1,1
302,807,808,48,100,12,96-100,11-20,0,1,1
302,136,137,49,75,10,71-80,6-10,0,1,1
302,136,140,49,75,10,71-80,6-10,0,1,1
302,136,150,49,75,10,71-80,6-10,1,1,1
302,136,152,49,75,10,71-80,6-10,1,1,1
302,136,188,49,75,10,71-80,6-10,0,1,0
302,136,196,49,75,10,71-80,6-10,0,1,0
302,136,198,49,75,10,71-80,6-10,0,1,1
302,137,140,49,75,10,71-80,6-10,1,0,1
302,137,150,49,75,10,71-80,6-10,0,1,1
302,137,152,49,75,10,71-80,6-10,0,1,1
302,137,188,49,75,10,71-80,6-10,0,1,0
302,137,196,49,75,10,71-80,6-10,0,1,0
302,137,198,49,75,10,71-80,6-10,0,1,1
302,140,150,49,75,10,71-80,6-10,0,1,1
302,140,152,49,75,10,71-80,6-10,0,1,1
302,140,188,49,75,10,71-80,6-10,0,1,0
302,140,196,49,75,10,71-80,6-10,0,1,0
302,140,198,49,75,10,71-80,6-10,0,1,1
302,150,152,49,75,10,71-80,6-10,1,0,1
302,150,188,49,75,10,71-80,6-10,0,1,0
302,150,196,49,75,10,71-80,6-10,0,1,0
302,150,198,49,75,10,71-80,6-10,0,1,1
302,152,188,49,75,10,71-80,6-10,0,1,0
302,152,196,49,75,10,71-80,6-10,0,1,0
302,152,198,49,75,10,71-80,6-10,0,1,1
302,188,198,49,100,10,96-100,6-10,1,0,0
302,196,198,49,82,10,81-90,6-10,1,0,0
302,145,608,50,80,4,71-80,3-5,0,1,0
302,138,142,51,83,15,81-90,11-20,0,1,1
302,138,610,51,83,15,81-90,11-20,0,1,1
302,138,611,51,83,15,81-90,11-20,0,2,0
302,142,610,51,83,15,81-90,11-20,0,1,1
302,142,611,51,83,15,81-90,11-20,0,2,0
302,610,611,51,100,15,96-100,11-20,1,2,0
302,612,613,53,100,7,96-100,6-10,1,2,0
302,612,762,53,100,7,96-100,6-10,0,2,0
302,614,615,54,81,17,81-90,11-20,1,2,0
302,614,616,54,81,17,81-90,11-20,1,0,1
302,614,617,54,81,17,81-90,11-20,1,2,0
302,614,679,54,81,17,81-90,11-20,0,2,0
302,614,746,54,81,17,81-90,11-20,0,1,1
302,615,616,54,81,17,81-90,11-20,1,2,0
302,615,746,54,81,17,81-90,11-20,0,2,0
302,616,617,54,100,17,96-100,11-20,1,2,0
302,616,679,54,100,17,96-100,11-20,0,2,0
302,616,746,54,100,17,96-100,11-20,0,1,1
302,617,746,54,100,17,96-100,11-20,0,2,0
302,679,746,54,75,17,71-80,11-20,0,2,0
302,168,169,56,75,9,71-80,6-10,1,0,1
302,168,170,56,75,9,71-80,6-10,0,1,1
302,168,236,56,75,9,71-80,6-10,0,1,1
302,169,170,56,75,9,71-80,6-10,0,1,1
302,169,236,56,75,9,71-80,6-10,0,1,1
302,170,236,56,75,9,71-80,6-10,0,1,1
302,172,173,57,100,9,96-100,6-10,1,0,1
302,172,591,57,100,9,96-100,6-10,0,2,0
302,172,592,57,100,9,96-100,6-10,0,2,0
302,173,591,57,100,9,96-100,6-10,0,2,0
302,173,592,57,100,9,96-100,6-10,0,2,0
302,174,175,58,100,10,96-100,6-10,1,0,1
302,174,593,58,100,10,96-100,6-10,0,2,0
302,174,594,58,100,10,96-100,6-10,0,2,0
302,174,595,58,100,10,96-100,6-10,0,2,0
302,175,593,58,100,10,96-100,6-10,0,2,0
302,175,594,58,100,10,96-100,6-10,0,2,0
302,175,595,58,100,10,96-100,6-10,0,2,0
302,730,783,60,71,8,71-80,6-10,0,2,0
302,730,784,60,71,8,71-80,6-10,0,2,0
302,783,784,60,70,8,<=70,6-10,1,0,1
302,688,689,61,100,8,96-100,6-10,0,1,1
302,688,765,61,100,8,96-100,6-10,0,2,0
302,688,786,61,100,8,96-100,6-10,0,1,1
302,689,765,61,100,8,96-100,6-10,0,2,0
302,689,786,61,100,8,96-100,6-10,0,1,1
302,765,786,61,90,8,81-90,6-10,1,2,0
302,743,775,62,100,17,96-100,11-20,0,1,0
302,831,832,63,72,10,71-80,6-10,1,2,1
302,831,843,63,72,10,71-80,6-10,0,1,1
302,831,844,63,72,10,71-80,6-10,0,1,1
302,832,843,63,72,10,71-80,6-10,0,2,1
302,832,844,63,72,10,71-80,6-10,0,2,1
302,843,844,63,100,10,96-100,6-10,0,1,1
302,223,224,64,71,10,71-80,6-10,0,1,1
302,809,810,65,80,10,71-80,6-10,0,1,1
302,717,806,68,80,7,71-80,6-10,0,1,1
302,225,226,71,83,3,81-90,3-5,0,1,1
302,227,228,72,71,7,71-80,6-10,0,1,1
302,229,230,73,76,8,71-80,6-10,0,1,1
302,229,764,73,76,8,71-80,6-10,0,2,0
302,229,785,73,76,8,71-80,6-10,0,1,1
302,230,764,73,76,8,71-80,6-10,0,2,0
302,230,785,73,76,8,71-80,6-10,0,1,1
302,764,785,73,92,8,91-95,6-10,1,2,0
302,327,328,74,75,33,71-80,21+,1,0,1
302,327,329,74,75,33,71-80,21+,1,0,1
302,327,330,74,75,33,71-80,21+,1,0,1
302,327,332,74,75,33,71-80,21+,1,0,1
302,327,335,74,75,33,71-80,21+,1,0,1
302,327,718,74,75,33,71-80,21+,0,1,1
302,327,725,74,75,33,71-80,21+,0,1,1
302,327,787,74,75,33,71-80,21+,0,1,1
302,327,789,74,75,33,71-80,21+,0,1,1
302,328,329,74,75,33,71-80,21+,1,0,1
302,328,330,74,75,33,71-80,21+,1,0,1
302,328,332,74,75,33,71-80,21+,1,0,1
302,328,335,74,75,33,71-80,21+,1,0,1
302,328,718,74,75,33,71-80,21+,0,1,1
302,328,725,74,75,33,71-80,21+,0,1,1
302,328,787,74,75,33,71-80,21+,0,1,1
302,328,789,74,75,33,71-80,21+,0,1,1
302,329,330,74,75,33,71-80,21+,1,0,1
302,329,332,74,75,33,71-80,21+,1,0,1
302,329,335,74,75,33,71-80,21+,1,0,1
302,329,718,74,75,33,71-80,21+,0,1,1
302,329,725,74,75,33,71-80,21+,0,1,1
302,329,787,74,75,33,71-80,21+,0,1,1
302,329,789,74,75,33,71-80,21+,0,1,1
302,330,332,74,75,33,71-80,21+,1,0,1
302,330,335,74,75,33,71-80,21+,1,0,1
302,330,718,74,75,33,71-80,21+,0,1,1
302,330,725,74,75,33,71-80,21+,0,1,1
302,330,787,74,75,33,71-80,21+,0,1,1
302,330,789,74,75,33,71-80,21+,0,1,1
302,332,335,74,75,33,71-80,21+,1,0,1
302,332,718,74,75,33,71-80,21+,0,1,1
302,332,725,74,75,33,71-80,21+,0,1,1
302,332,787,74,75,33,71-80,21+,0,1,1
302,332,789,74,75,33,71-80,21+,0,1,1
302,335,718,74,75,33,71-80,21+,0,1,1
302,335,725,74,75,33,71-80,21+,0,1,1
302,335,787,74,75,33,71-80,21+,0,1,1
302,335,789,74,75,33,71-80,21+,0,1,1
302,718,725,74,75,33,71-80,21+,0,1,1
302,718,787,74,75,33,71-80,21+,0,1,1
302,718,789,74,75,33,71-80,21+,0,1,1
302,725,787,74,71,33,71-80,21+,0,1,1
302,725,789,74,71,33,71-80,21+,0,1,1
302,787,789,74,75,33,71-80,21+,1,0,1
302,331,333,75,75,7,71-80,6-10,1,0,1
302,331,788,75,75,7,71-80,6-10,0,1,1
302,333,788,75,75,7,71-80,6-10,0,1,1
302,645,701,77,75,9,71-80,6-10,0,2,0
302,701,702,77,100,9,96-100,6-10,0,2,0
302,18,691,78,75,24,71-80,21+,0,1,0
302,18,692,78,75,24,71-80,21+,0,1,0
302,18,703,78,75,24,71-80,21+,0,1,0
302,18,842,78,75,24,71-80,21+,0,1,0
302,205,691,78,75,24,71-80,21+,0,1,0
302,205,692,78,75,24,71-80,21+,0,1,0
302,205,703,78,75,24,71-80,21+,0,1,0
302,205,842,78,75,24,71-80,21+,0,1,0
302,691,692,78,75,24,71-80,21+,1,0,1
302,691,703,78,75,24,71-80,21+,0,1,1
302,691,704,78,75,24,71-80,21+,0,2,0
302,691,842,78,75,24,71-80,21+,0,1,1
302,692,703,78,75,24,71-80,21+,0,1,1
302,692,704,78,75,24,71-80,21+,0,2,0
302,692,842,78,75,24,71-80,21+,0,1,1
302,703,704,78,75,24,71-80,21+,0,2,0
302,703,842,78,75,24,71-80,21+,0,1,1
302,704,842,78,75,24,71-80,21+,0,2,0
302,705,706,79,76,9,71-80,6-10,0,2,0
302,269,270,80,80,12,71-80,11-20,1,0,1
302,269,451,80,80,12,71-80,11-20,0,1,1
302,269,638,80,80,12,71-80,11-20,0,2,0
302,269,651,80,80,12,71-80,11-20,0,2,0
302,270,451,80,80,12,71-80,11-20,0,1,1
302,270,638,80,80,12,71-80,11-20,0,2,0
302,270,651,80,80,12,71-80,11-20,0,2,0
302,451,638,80,97,12,96-100,11-20,0,2,0
302,451,651,80,97,12,96-100,11-20,0,2,0
302,459,640,81,91,15,91-95,11-20,0,2,0
302,305,306,87,75,16,71-80,11-20,0,1,1
302,305,476,87,75,16,71-80,11-20,0,1,1
302,305,636,87,75,16,71-80,11-20,0,2,0
302,305,642,87,75,16,71-80,11-20,0,2,0
302,305,643,87,75,16,71-80,11-20,0,2,0
302,305,644,87,75,16,71-80,11-20,0,2,0
302,305,726,87,75,16,71-80,11-20,0,1,1
302,306,476,87,75,16,71-80,11-20,0,1,1
302,306,636,87,75,16,71-80,11-20,0,2,0
302,306,642,87,75,16,71-80,11-20,0,2,0
302,306,643,87,75,16,71-80,11-20,0,2,0
302,306,644,87,75,16,71-80,11-20,0,2,0
302,306,726,87,75,16,71-80,11-20,0,1,1
302,476,636,87,71,16,71-80,11-20,0,2,0
302,476,642,87,71,16,71-80,11-20,0,2,0
302,476,643,87,71,16,71-80,11-20,0,2,0
302,476,644,87,71,16,71-80,11-20,0,2,0
302,476,726,87,71,16,71-80,11-20,0,1,1
302,176,177,88,71,13,71-80,11-20,1,0,1
302,176,314,88,71,13,71-80,11-20,0,1,1
302,176,315,88,71,13,71-80,11-20,0,1,1
302,176,316,88,71,13,71-80,11-20,0,1,1
302,176,834,88,71,13,71-80,11-20,0,1,0
302,177,314,88,71,13,71-80,11-20,0,1,1
302,177,315,88,71,13,71-80,11-20,0,1,1
302,177,316,88,71,13,71-80,11-20,0,1,1
302,177,834,88,71,13,71-80,11-20,0,1,0
302,314,315,88,83,13,81-90,11-20,1,0,1
302,314,316,88,83,13,81-90,11-20,1,0,1
302,314,834,88,83,13,81-90,11-20,0,1,0
302,315,316,88,83,13,81-90,11-20,1,0,1
302,315,834,88,83,13,81-90,11-20,0,1,0
302,316,834,88,83,13,81-90,11-20,0,1,0
302,178,179,89,83,10,81-90,6-10,1,0,1
302,178,317,89,83,10,81-90,6-10,0,1,1
302,178,318,89,83,10,81-90,6-10,0,1,1
302,178,490,89,83,10,81-90,6-10,0,1,0
302,179,317,89,83,10,81-90,6-10,0,1,1
302,179,318,89,83,10,81-90,6-10,0,1,1
302,317,318,89,85,10,81-90,6-10,0,1,1
302,317,490,89,85,10,81-90,6-10,0,1,0
302,318,490,89,85,10,81-90,6-10,0,1,0
302,319,320,90,85,5,81-90,3-5,0,1,1
302,319,494,90,85,5,81-90,3-5,0,2,0
302,320,494,90,85,5,81-90,3-5,0,2,0
302,337,338,91,90,12,81-90,11-20,1,0,1
302,337,339,91,90,12,81-90,11-20,1,0,1
302,337,621,91,90,12,81-90,11-20,0,2,0
302,337,825,91,90,12,81-90,11-20,0,1,0
302,337,830,91,90,12,81-90,11-20,0,1,0
302,338,339,91,90,12,81-90,11-20,1,0,1
302,338,621,91,90,12,81-90,11-20,0,2,0
302,338,825,91,90,12,81-90,11-20,0,1,0
302,338,830,91,90,12,81-90,11-20,0,1,0
302,339,621,91,90,12,81-90,11-20,0,2,0
302,339,825,91,90,12,81-90,11-20,0,1,0
302,339,830,91,90,12,81-90,11-20,0,1,0
302,209,340,92,100,17,96-100,11-20,0,1,0
302,209,341,92,100,17,96-100,11-20,0,1,0
302,209,342,92,100,17,96-100,11-20,0,1,0
302,213,340,92,87,17,81-90,11-20,0,1,0
302,213,341,92,87,17,81-90,11-20,0,1,0
302,213,342,92,87,17,81-90,11-20,0,1,0
302,340,341,92,75,17,71-80,11-20,1,0,1
302,340,342,92,75,17,71-80,11-20,1,0,1
302,340,438,92,75,17,71-80,11-20,0,1,0
302,340,440,92,75,17,71-80,11-20,0,1,0
302,340,496,92,75,17,71-80,11-20,0,2,0
302,340,498,92,75,17,71-80,11-20,0,2,0
302,341,342,92,75,17,71-80,11-20,1,0,1
302,341,438,92,75,17,71-80,11-20,0,1,0
302,341,440,92,75,17,71-80,11-20,0,1,0
302,341,496,92,75,17,71-80,11-20,0,2,0
302,341,498,92,75,17,71-80,11-20,0,2,0
302,342,438,92,75,17,71-80,11-20,0,1,0
302,342,440,92,75,17,71-80,11-20,0,1,0
302,342,496,92,75,17,71-80,11-20,0,2,0
302,342,498,92,75,17,71-80,11-20,0,2,0
302,207,211,93,80,20,71-80,11-20,1,0,0
302,207,826,93,80,20,71-80,11-20,1,0,0
302,724,745,95,71,11,71-80,11-20,0,1,1
302,724,827,95,71,11,71-80,11-20,0,2,0
302,818,828,96,70,8,<=70,6-10,0,1,0
302,818,829,96,70,8,<=70,6-10,0,2,0
302,741,813,97,85,19,81-90,11-20,0,1,0
302,742,813,97,85,19,81-90,11-20,0,1,0
302,795,796,101,75,11,71-80,11-20,1,0,0
302,796,797,101,75,11,71-80,11-20,1,0,0
302,663,664,102,75,5,71-80,3-5,0,1,1
302,663,852,102,75,5,71-80,3-5,1,0,1
302,664,852,102,75,5,71-80,3-5,0,1,1
302,665,666,103,100,2,96-100,2 (pair),0,1,1
302,171,272,107,100,10,96-100,6-10,0,1,1
302,171,273,107,100,10,96-100,6-10,0,1,1
302,171,816,107,100,10,96-100,6-10,0,1,1
302,272,273,107,100,10,96-100,6-10,1,0,1
302,272,816,107,100,10,96-100,6-10,0,1,1
302,273,816,107,100,10,96-100,6-10,0,1,1
302,274,277,108,75,12,71-80,11-20,1,0,1
302,274,677,108,75,12,71-80,11-20,0,2,0
302,277,677,108,75,12,71-80,11-20,0,2,0
302,278,279,109,100,8,96-100,6-10,1,0,1
302,674,675,110,100,8,96-100,6-10,1,2,0
302,674,687,110,100,8,96-100,6-10,0,1,1
302,675,687,110,100,8,96-100,6-10,0,2,0
302,781,782,117,86,4,81-90,3-5,1,0,1
302,280,281,119,77,6,71-80,6-10,1,0,1
302,822,823,125,83,15,81-90,11-20,1,0,1
302,822,824,125,83,15,81-90,11-20,1,0,1
302,822,849,125,83,15,81-90,11-20,0,1,1
302,823,824,125,83,15,81-90,11-20,1,0,1
302,823,849,125,83,15,81-90,11-20,0,1,1
302,824,849,125,83,15,81-90,11-20,0,1,1
302,384,815,129,76,6,71-80,6-10,0,1,0
302,411,815,129,75,6,71-80,6-10,0,1,0
302,412,815,129,75,6,71-80,6-10,0,1,0
302,76,77,130,70,10,<=70,6-10,0,1,1
302,76,78,130,70,10,<=70,6-10,0,1,1
302,76,79,130,70,10,<=70,6-10,0,1,1
302,76,80,130,70,10,<=70,6-10,0,1,1
302,76,81,130,70,10,<=70,6-10,0,1,1
302,76,90,130,70,10,<=70,6-10,0,1,1
302,76,527,130,70,10,<=70,6-10,0,1,1
302,76,529,130,70,10,<=70,6-10,0,2,0
302,76,798,130,70,10,<=70,6-10,0,1,1
302,77,78,130,70,10,<=70,6-10,0,1,1
302,77,79,130,70,10,<=70,6-10,0,1,1
302,77,80,130,70,10,<=70,6-10,0,1,1
302,77,81,130,70,10,<=70,6-10,0,1,1
302,77,90,130,70,10,<=70,6-10,0,1,1
302,77,527,130,70,10,<=70,6-10,0,1,1
302,77,529,130,70,10,<=70,6-10,0,2,0
302,77,798,130,70,10,<=70,6-10,0,1,1
302,78,79,130,70,10,<=70,6-10,0,1,1
302,78,80,130,70,10,<=70,6-10,0,1,1
302,78,81,130,70,10,<=70,6-10,0,1,1
302,78,90,130,70,10,<=70,6-10,0,1,1
302,78,527,130,70,10,<=70,6-10,0,1,1
302,78,529,130,70,10,<=70,6-10,0,2,0
302,78,798,130,70,10,<=70,6-10,0,1,1
302,79,80,130,70,10,<=70,6-10,0,1,1
302,79,81,130,70,10,<=70,6-10,0,1,1
302,79,90,130,70,10,<=70,6-10,1,0,1
302,79,527,130,70,10,<=70,6-10,0,1,1
302,79,529,130,70,10,<=70,6-10,0,2,0
302,79,798,130,70,10,<=70,6-10,0,1,1
302,80,81,130,70,10,<=70,6-10,0,1,1
302,80,90,130,70,10,<=70,6-10,0,1,1
302,80,527,130,70,10,<=70,6-10,0,1,1
302,80,529,130,70,10,<=70,6-10,0,2,0
302,80,798,130,70,10,<=70,6-10,0,1,1
302,81,90,130,70,10,<=70,6-10,0,1,1
302,81,527,130,70,10,<=70,6-10,0,1,1
302,81,529,130,70,10,<=70,6-10,0,2,0
302,81,798,130,70,10,<=70,6-10,0,1,1
302,90,527,130,71,10,71-80,6-10,0,1,1
302,90,529,130,71,10,71-80,6-10,0,2,0
302,90,798,130,71,10,71-80,6-10,0,1,1
302,527,529,130,100,10,96-100,6-10,1,2,0
302,527,798,130,100,10,96-100,6-10,0,1,1
302,529,798,130,100,10,96-100,6-10,0,2,0
302,82,83,131,71,14,71-80,11-20,1,0,1
302,82,98,131,71,14,71-80,11-20,0,1,1
302,82,99,131,71,14,71-80,11-20,0,1,1
302,82,244,131,71,14,71-80,11-20,0,1,0
302,82,245,131,71,14,71-80,11-20,0,1,1
302,82,246,131,71,14,71-80,11-20,0,1,0
302,82,247,131,71,14,71-80,11-20,0,1,1
302,82,355,131,71,14,71-80,11-20,0,1,0
302,82,799,131,71,14,71-80,11-20,0,1,0
302,82,800,131,71,14,71-80,11-20,0,1,0
302,82,801,131,71,14,71-80,11-20,0,1,1
302,83,98,131,71,14,71-80,11-20,0,1,1
302,83,99,131,71,14,71-80,11-20,0,1,1
302,83,244,131,71,14,71-80,11-20,0,1,0
302,83,245,131,71,14,71-80,11-20,0,1,1
302,83,246,131,71,14,71-80,11-20,0,1,0
302,83,247,131,71,14,71-80,11-20,0,1,1
302,83,355,131,71,14,71-80,11-20,0,1,0
302,83,799,131,71,14,71-80,11-20,0,1,0
302,83,800,131,71,14,71-80,11-20,0,1,0
302,83,801,131,71,14,71-80,11-20,0,1,1
302,98,99,131,71,14,71-80,11-20,1,0,1
302,98,244,131,71,14,71-80,11-20,0,1,0
302,98,245,131,71,14,71-80,11-20,0,1,1
302,98,246,131,71,14,71-80,11-20,0,1,0
302,98,247,131,71,14,71-80,11-20,0,1,1
302,98,355,131,71,14,71-80,11-20,0,1,0
302,98,799,131,71,14,71-80,11-20,0,1,0
302,98,800,131,71,14,71-80,11-20,0,1,0
302,98,801,131,71,14,71-80,11-20,0,1,1
302,99,244,131,71,14,71-80,11-20,0,1,0
302,99,245,131,71,14,71-80,11-20,0,1,1
302,99,246,131,71,14,71-80,11-20,0,1,0
302,99,247,131,71,14,71-80,11-20,0,1,1
302,99,355,131,71,14,71-80,11-20,0,1,0
302,99,799,131,71,14,71-80,11-20,0,1,0
302,99,800,131,71,14,71-80,11-20,0,1,0
302,99,801,131,71,14,71-80,11-20,0,1,1
302,244,245,131,71,14,71-80,11-20,1,0,0
302,244,247,131,71,14,71-80,11-20,0,1,0
302,244,801,131,71,14,71-80,11-20,0,1,0
302,245,246,131,71,14,71-80,11-20,0,1,0
302,245,247,131,71,14,71-80,11-20,0,1,1
302,245,355,131,71,14,71-80,11-20,0,1,0
302,245,799,131,71,14,71-80,11-20,0,1,0
302,245,800,131,71,14,71-80,11-20,0,1,0
302,245,801,131,71,14,71-80,11-20,0,1,1
302,246,247,131,71,14,71-80,11-20,1,0,0
302,246,801,131,71,14,71-80,11-20,0,1,0
302,247,355,131,71,14,71-80,11-20,0,1,0
302,247,799,131,71,14,71-80,11-20,0,1,0
302,247,800,131,71,14,71-80,11-20,0,1,0
302,247,801,131,71,14,71-80,11-20,0,1,1
302,355,801,131,80,14,71-80,11-20,0,1,0
302,799,801,131,71,14,71-80,11-20,0,1,0
302,800,801,131,71,14,71-80,11-20,0,1,0
302,84,85,132,70,12,<=70,11-20,0,1,1
302,84,86,132,70,12,<=70,11-20,0,1,1
302,84,87,132,70,12,<=70,11-20,0,1,1
302,84,88,132,70,12,<=70,11-20,0,1,1
302,84,89,132,70,12,<=70,11-20,0,1,1
302,84,268,132,70,12,<=70,11-20,0,1,1
302,84,695,132,70,12,<=70,11-20,0,1,1
302,84,803,132,70,12,<=70,11-20,0,1,1
302,85,86,132,70,12,<=70,11-20,0,1,1
302,85,87,132,70,12,<=70,11-20,0,1,1
302,85,88,132,70,12,<=70,11-20,0,1,1
302,85,89,132,70,12,<=70,11-20,0,1,1
302,85,268,132,70,12,<=70,11-20,0,1,1
302,85,695,132,70,12,<=70,11-20,0,1,1
302,85,803,132,70,12,<=70,11-20,0,1,1
302,86,87,132,70,12,<=70,11-20,0,1,1
302,86,88,132,70,12,<=70,11-20,0,1,1
302,86,89,132,70,12,<=70,11-20,0,1,1
302,86,268,132,70,12,<=70,11-20,0,1,1
302,86,695,132,70,12,<=70,11-20,0,1,1
302,86,803,132,70,12,<=70,11-20,0,1,1
302,87,88,132,70,12,<=70,11-20,0,1,1
302,87,89,132,70,12,<=70,11-20,0,1,1
302,87,268,132,70,12,<=70,11-20,0,1,1
302,87,695,132,70,12,<=70,11-20,0,1,1
302,87,803,132,70,12,<=70,11-20,0,1,1
302,88,89,132,70,12,<=70,11-20,0,1,1
302,88,268,132,70,12,<=70,11-20,0,1,1
302,88,695,132,70,12,<=70,11-20,0,1,1
302,88,803,132,70,12,<=70,11-20,0,1,1
302,89,268,132,70,12,<=70,11-20,0,1,1
302,89,695,132,70,12,<=70,11-20,0,1,1
302,89,803,132,70,12,<=70,11-20,0,1,1
302,268,695,132,80,12,71-80,11-20,0,1,1
302,268,803,132,80,12,71-80,11-20,0,1,1
302,695,803,132,70,12,<=70,11-20,0,1,1
302,91,92,133,73,11,71-80,11-20,0,1,1
302,91,93,133,73,11,71-80,11-20,0,1,1
302,91,94,133,73,11,71-80,11-20,0,1,1
302,91,95,133,73,11,71-80,11-20,0,1,1
302,91,648,133,73,11,71-80,11-20,0,2,0
302,91,805,133,73,11,71-80,11-20,0,1,1
302,92,93,133,73,11,71-80,11-20,0,1,1
302,92,94,133,73,11,71-80,11-20,0,1,1
302,92,95,133,73,11,71-80,11-20,0,1,1
302,92,648,133,73,11,71-80,11-20,0,2,0
302,92,805,133,73,11,71-80,11-20,0,1,1
302,93,94,133,73,11,71-80,11-20,0,1,1
302,93,95,133,73,11,71-80,11-20,0,1,1
302,93,648,133,73,11,71-80,11-20,0,2,0
302,93,805,133,73,11,71-80,11-20,0,1,1
302,94,95,133,73,11,71-80,11-20,0,1,1
302,94,648,133,73,11,71-80,11-20,0,2,0
302,94,805,133,73,11,71-80,11-20,0,1,1
302,95,648,133,73,11,71-80,11-20,0,2,0
302,95,805,133,73,11,71-80,11-20,0,1,1
302,648,805,133,75,11,71-80,11-20,0,2,0
302,96,97,134,100,8,96-100,6-10,0,1,1
302,96,534,134,100,8,96-100,6-10,0,1,1
302,96,535,134,100,8,96-100,6-10,0,2,0
302,97,534,134,100,8,96-100,6-10,0,1,1
302,97,535,134,100,8,96-100,6-10,0,2,0
302,534,535,134,100,8,96-100,6-10,1,2,0
302,239,403,135,71,8,71-80,6-10,0,1,0
302,239,405,135,71,8,71-80,6-10,0,1,0
302,239,415,135,71,8,71-80,6-10,0,1,0
302,239,802,135,71,8,71-80,6-10,0,1,0
302,239,850,135,71,8,71-80,6-10,0,1,1
302,239,851,135,71,8,71-80,6-10,0,2,0
302,403,850,135,80,8,71-80,6-10,0,1,0
302,405,850,135,75,8,71-80,6-10,0,1,0
302,415,850,135,80,8,71-80,6-10,0,1,0
302,802,850,135,71,8,71-80,6-10,0,1,0
302,850,851,135,100,8,96-100,6-10,1,2,0
302,407,817,136,80,9,71-80,6-10,0,1,0
302,407,845,136,80,9,71-80,6-10,0,1,0
302,407,846,136,80,9,71-80,6-10,0,1,0
302,407,847,136,80,9,71-80,6-10,0,1,0
302,407,848,136,80,9,71-80,6-10,0,1,0
302,817,845,136,70,9,<=70,6-10,0,1,1
302,817,846,136,70,9,<=70,6-10,0,1,1
302,817,847,136,70,9,<=70,6-10,0,1,1
302,817,848,136,70,9,<=70,6-10,0,1,1
302,845,846,136,70,9,<=70,6-10,0,1,1
302,845,847,136,70,9,<=70,6-10,0,1,1
302,845,848,136,70,9,<=70,6-10,0,1,1
302,846,847,136,70,9,<=70,6-10,0,1,1
302,846,848,136,70,9,<=70,6-10,0,1,1
302,847,848,136,70,9,<=70,6-10,0,1,1
302,811,812,137,71,7,71-80,6-10,0,1,1
302,811,814,137,71,7,71-80,6-10,1,0,1
302,812,814,137,71,7,71-80,6-10,0,1,1
302,241,242,138,83,4,81-90,3-5,1,0,1
302,241,243,138,83,4,81-90,3-5,1,0,1
302,252,667,139,84,4,81-90,3-5,0,1,1
302,252,672,139,84,4,81-90,3-5,0,2,0
302,667,672,139,89,4,81-90,3-5,1,2,0
302,254,255,140,100,5,96-100,3-5,1,0,1
302,260,261,142,100,2,96-100,2 (pair),1,0,1
302,819,820,145,83,3,81-90,3-5,1,0,1
302,819,821,145,83,3,81-90,3-5,1,0,0
302,820,821,145,83,3,81-90,3-5,1,0,0
302,712,713,146,100,6,96-100,6-10,1,2,0
302,712,756,146,100,6,96-100,6-10,0,1,1
302,713,756,146,100,6,96-100,6-10,0,2,0
302,100,101,147,83,10,81-90,6-10,0,1,1
302,100,102,147,83,10,81-90,6-10,0,1,1
302,101,102,147,83,10,81-90,6-10,0,1,1
302,694,840,151,76,6,71-80,6-10,0,1,0
302,694,841,151,76,6,71-80,6-10,0,1,0
302,840,841,151,100,6,96-100,6-10,0,1,1
302,307,308,153,85,12,81-90,11-20,1,0,1
302,307,416,153,85,12,81-90,11-20,0,1,0
302,307,417,153,85,12,81-90,11-20,0,1,0
302,307,658,153,85,12,81-90,11-20,0,1,1
302,307,659,153,85,12,81-90,11-20,0,1,1
302,307,768,153,85,12,81-90,11-20,0,2,0
302,307,769,153,85,12,81-90,11-20,0,2,0
302,308,416,153,85,12,81-90,11-20,0,1,0
302,308,417,153,85,12,81-90,11-20,0,1,0
302,308,658,153,85,12,81-90,11-20,0,1,1
302,308,659,153,85,12,81-90,11-20,0,1,1
302,308,768,153,85,12,81-90,11-20,0,2,0
302,308,769,153,85,12,81-90,11-20,0,2,0
302,416,658,153,80,12,71-80,11-20,0,1,0
302,416,659,153,80,12,71-80,11-20,0,1,0
302,417,658,153,80,12,71-80,11-20,0,1,0
302,417,659,153,80,12,71-80,11-20,0,1,0
302,658,659,153,71,12,71-80,11-20,1,0,1
302,658,768,153,71,12,71-80,11-20,0,2,0
302,658,769,153,71,12,71-80,11-20,0,2,0
302,659,768,153,71,12,71-80,11-20,0,2,0
302,659,769,153,71,12,71-80,11-20,0,2,0
302,110,111,157,72,18,71-80,11-20,0,1,1
302,731,732,160,100,10,96-100,6-10,1,0,1
302,731,739,160,100,10,96-100,6-10,1,0,1
302,732,739,160,100,10,96-100,6-10,1,0,1
302,656,733,162,100,17,96-100,11-20,0,1,0
302,656,734,162,100,17,96-100,11-20,0,1,0
302,656,736,162,100,17,96-100,11-20,0,1,0
302,656,737,162,100,17,96-100,11-20,0,1,0
302,657,733,162,100,17,96-100,11-20,0,2,0
302,657,734,162,100,17,96-100,11-20,0,2,0
302,657,736,162,100,17,96-100,11-20,0,2,0
302,657,737,162,100,17,96-100,11-20,0,2,0
302,733,734,162,83,17,81-90,11-20,1,0,1
302,733,736,162,83,17,81-90,11-20,1,0,1
302,733,737,162,83,17,81-90,11-20,1,0,1
302,734,736,162,83,17,81-90,11-20,1,0,1
302,734,737,162,83,17,81-90,11-20,1,0,1
302,736,737,162,85,17,81-90,11-20,1,0,1
302,790,791,168,83,7,81-90,6-10,1,0,1
304,65,71,45,100,21,96-100,21+,0,1,0
304,66,71,45,100,21,96-100,21+,0,1,0
304,67,71,45,100,21,96-100,21+,0,1,0
304,68,71,45,100,21,96-100,21+,0,1,0
304,69,71,45,100,21,96-100,21+,0,1,0
304,71,72,45,100,21,96-100,21+,0,1,0
304,71,73,45,100,21,96-100,21+,0,1,0
304,71,106,45,100,21,96-100,21+,0,1,0
304,71,107,45,100,21,96-100,21+,0,1,0
304,71,437,45,100,21,96-100,21+,0,1,0
304,71,661,45,100,21,96-100,21+,0,1,0
304,71,723,45,100,21,96-100,21+,0,1,0
304,71,738,45,100,21,96-100,21+,0,1,0
304,109,126,46,71,8,71-80,6-10,0,1,0
304,125,126,46,100,8,96-100,6-10,0,1,0
304,126,839,46,100,8,96-100,6-10,0,1,0
304,128,130,47,75,33,71-80,21+,0,1,0
304,130,716,47,75,33,71-80,21+,0,1,0
304,136,140,49,75,10,71-80,6-10,0,1,0
304,137,140,49,75,10,71-80,6-10,1,0,0
304,140,150,49,75,10,71-80,6-10,0,1,0
304,140,152,49,75,10,71-80,6-10,0,1,0
304,140,188,49,75,10,71-80,6-10,0,1,0
304,140,196,49,75,10,71-80,6-10,0,1,0
304,140,198,49,75,10,71-80,6-10,0,1,0
304,663,664,102,75,5,71-80,3-5,0,1,0
304,664,852,102,75,5,71-80,3-5,0,1,0
304,665,666,103,100,2,96-100,2 (pair),0,1,0
304,171,272,107,100,10,96-100,6-10,0,1,0
304,171,273,107,100,10,96-100,6-10,0,1,0
304,171,816,107,100,10,96-100,6-10,0,1,0
304,171,853,107,100,10,96-100,6-10,1,0,1
304,272,853,107,100,10,96-100,6-10,0,1,0
304,273,853,107,100,10,96-100,6-10,0,1,0
304,816,853,107,73,10,71-80,6-10,0,1,0
308,743,775,62,100,17,96-100,11-20,0,1,0
308,18,205,78,75,24,71-80,21+,1,0,0
308,205,691,78,75,24,71-80,21+,0,1,0
308,205,692,78,75,24,71-80,21+,0,1,0
308,205,703,78,75,24,71-80,21+,0,1,0
308,205,704,78,75,24,71-80,21+,0,2,0
308,205,842,78,75,24,71-80,21+,0,1,0
308,178,490,89,83,10,81-90,6-10,0,1,0
308,179,490,89,83,10,81-90,6-10,0,1,0
308,317,490,89,85,10,81-90,6-10,0,1,0
308,318,490,89,85,10,81-90,6-10,0,1,0
308,337,825,91,90,12,81-90,11-20,0,1,0
308,338,825,91,90,12,81-90,11-20,0,1,0
308,339,825,91,90,12,81-90,11-20,0,1,0
308,621,825,91,100,12,96-100,11-20,1,2,0
308,825,830,91,100,12,96-100,11-20,1,0,0
308,209,213,92,100,17,96-100,11-20,1,0,1
308,209,340,92,100,17,96-100,11-20,0,1,0
308,209,341,92,100,17,96-100,11-20,0,1,0
308,209,342,92,100,17,96-100,11-20,0,1,0
308,209,438,92,100,17,96-100,11-20,0,1,0
308,209,440,92,100,17,96-100,11-20,0,1,0
308,209,496,92,100,17,96-100,11-20,1,2,0
308,209,498,92,100,17,96-100,11-20,1,2,1
308,213,340,92,87,17,81-90,11-20,0,1,0
308,213,341,92,87,17,81-90,11-20,0,1,0
308,213,342,92,87,17,81-90,11-20,0,1,0
308,213,438,92,87,17,81-90,11-20,0,1,0
308,213,440,92,87,17,81-90,11-20,0,1,0
308,213,496,92,87,17,81-90,11-20,1,2,0
308,213,498,92,87,17,81-90,11-20,1,2,1
308,340,498,92,75,17,71-80,11-20,0,2,0
308,341,498,92,75,17,71-80,11-20,0,2,0
308,342,498,92,75,17,71-80,11-20,0,2,0
308,438,498,92,75,17,71-80,11-20,0,2,0
308,440,498,92,75,17,71-80,11-20,0,2,0
308,496,498,92,100,17,96-100,11-20,1,0,0
308,207,211,93,80,20,71-80,11-20,1,0,1
308,207,826,93,80,20,71-80,11-20,1,0,1
308,211,826,93,100,20,96-100,11-20,1,0,1
308,818,828,96,70,8,<=70,6-10,0,1,0
308,828,829,96,76,8,71-80,6-10,1,2,0
308,204,794,98,88,7,81-90,6-10,0,2,0
308,202,497,99,100,9,96-100,6-10,1,2,0
309,321,727,35,75,14,71-80,11-20,0,1,0
309,322,727,35,75,14,71-80,11-20,0,1,0
309,323,727,35,75,14,71-80,11-20,0,1,0
309,324,727,35,75,14,71-80,11-20,0,1,0
309,325,727,35,75,14,71-80,11-20,0,1,0
309,326,727,35,75,14,71-80,11-20,0,1,0
309,449,727,35,85,14,81-90,11-20,0,1,0
309,450,727,35,85,14,81-90,11-20,0,2,0
309,730,784,60,71,8,71-80,6-10,0,2,0
309,783,784,60,70,8,<=70,6-10,1,0,0
309,688,786,61,100,8,96-100,6-10,0,1,0
309,689,786,61,100,8,96-100,6-10,0,1,0
309,765,786,61,90,8,81-90,6-10,1,2,0
309,743,775,62,100,17,96-100,11-20,0,1,0
309,831,832,63,72,10,71-80,6-10,1,2,0
309,831,843,63,72,10,71-80,6-10,0,1,0
309,831,844,63,72,10,71-80,6-10,0,1,1
309,229,785,73,76,8,71-80,6-10,0,1,0
309,230,785,73,76,8,71-80,6-10,0,1,0
309,764,785,73,92,8,91-95,6-10,1,2,0
309,327,787,74,75,33,71-80,21+,0,1,0
309,327,789,74,75,33,71-80,21+,0,1,0
309,328,787,74,75,33,71-80,21+,0,1,0
309,328,789,74,75,33,71-80,21+,0,1,0
309,329,787,74,75,33,71-80,21+,0,1,0
309,329,789,74,75,33,71-80,21+,0,1,0
309,330,787,74,75,33,71-80,21+,0,1,0
309,330,789,74,75,33,71-80,21+,0,1,0
309,332,787,74,75,33,71-80,21+,0,1,0
309,332,789,74,75,33,71-80,21+,0,1,0
309,335,787,74,75,33,71-80,21+,0,1,0
309,335,789,74,75,33,71-80,21+,0,1,0
309,718,787,74,75,33,71-80,21+,0,1,0
309,718,789,74,75,33,71-80,21+,0,1,0
309,787,789,74,75,33,71-80,21+,1,0,1
309,331,788,75,75,7,71-80,6-10,0,1,0
309,333,788,75,75,7,71-80,6-10,0,1,0
309,854,855,94,100,10,96-100,6-10,1,0,1
310,109,599,46,71,8,71-80,6-10,0,2,0
310,125,599,46,100,8,96-100,6-10,0,2,0
310,126,599,46,100,8,96-100,6-10,0,2,0
310,599,839,46,75,8,71-80,6-10,0,2,0
310,730,783,60,71,8,71-80,6-10,0,2,0
310,730,784,60,71,8,71-80,6-10,0,2,0
315,282,284,3,75,10,71-80,6-10,0,1,0
315,282,285,3,75,10,71-80,6-10,0,1,0
315,282,286,3,75,10,71-80,6-10,0,1,0
315,282,836,3,75,10,71-80,6-10,0,1,1
315,282,837,3,75,10,71-80,6-10,0,5,0
315,284,836,3,75,10,71-80,6-10,0,1,0
315,285,836,3,75,10,71-80,6-10,0,1,0
315,286,836,3,75,10,71-80,6-10,0,1,0
315,836,837,3,75,10,71-80,6-10,0,5,0
315,301,747,9,100,19,96-100,11-20,0,2,0
315,301,767,9,100,19,96-100,11-20,0,2,0
315,302,747,9,100,19,96-100,11-20,0,2,0
315,302,767,9,100,19,96-100,11-20,0,2,0
315,303,747,9,100,19,96-100,11-20,0,2,0
315,303,767,9,100,19,96-100,11-20,0,2,0
315,304,747,9,100,19,96-100,11-20,0,2,0
315,304,767,9,100,19,96-100,11-20,0,2,0
315,747,767,9,75,19,71-80,11-20,0,1,1
315,258,259,15,71,7,71-80,6-10,1,0,1
315,696,697,17,75,12,71-80,11-20,0,2,1
315,696,698,17,75,12,71-80,11-20,0,1,1
315,696,748,17,75,12,71-80,11-20,0,1,1
315,696,749,17,75,12,71-80,11-20,0,1,1
315,696,750,17,75,12,71-80,11-20,0,1,1
315,696,804,17,75,12,71-80,11-20,0,1,1
315,697,698,17,75,12,71-80,11-20,0,2,1
315,697,748,17,75,12,71-80,11-20,0,2,1
315,697,749,17,75,12,71-80,11-20,0,2,1
315,697,750,17,75,12,71-80,11-20,0,2,1
315,697,804,17,75,12,71-80,11-20,0,2,1
315,698,748,17,75,12,71-80,11-20,0,1,1
315,698,749,17,75,12,71-80,11-20,0,1,1
315,698,750,17,75,12,71-80,11-20,0,1,1
315,698,804,17,75,12,71-80,11-20,0,1,1
315,748,749,17,75,12,71-80,11-20,0,1,1
315,748,750,17,75,12,71-80,11-20,0,1,1
315,748,804,17,75,12,71-80,11-20,0,1,1
315,749,750,17,75,12,71-80,11-20,0,1,1
315,749,804,17,75,12,71-80,11-20,0,1,1
315,750,804,17,75,12,71-80,11-20,0,1,1
315,114,699,29,75,5,71-80,3-5,0,2,1
315,114,700,29,75,5,71-80,3-5,0,2,1
315,699,700,29,75,5,71-80,3-5,0,1,1
315,164,165,33,93,4,91-95,3-5,1,0,1
315,164,444,33,93,4,91-95,3-5,1,0,1
315,164,445,33,93,4,91-95,3-5,1,2,1
315,165,444,33,93,4,91-95,3-5,1,0,1
315,165,445,33,93,4,91-95,3-5,1,2,1
315,444,445,33,100,4,96-100,3-5,1,2,1
315,321,322,35,75,14,71-80,11-20,1,0,1
315,321,323,35,75,14,71-80,11-20,1,0,1
315,321,324,35,75,14,71-80,11-20,1,0,1
315,321,325,35,75,14,71-80,11-20,1,0,1
315,321,326,35,75,14,71-80,11-20,1,0,1
315,321,449,35,75,14,71-80,11-20,0,1,1
315,321,450,35,75,14,71-80,11-20,0,2,1
315,321,727,35,75,14,71-80,11-20,0,1,0
315,322,323,35,75,14,71-80,11-20,1,0,1
315,322,324,35,75,14,71-80,11-20,1,0,1
315,322,325,35,75,14,71-80,11-20,1,0,1
315,322,326,35,75,14,71-80,11-20,1,0,1
315,322,449,35,75,14,71-80,11-20,0,1,1
315,322,450,35,75,14,71-80,11-20,0,2,1
315,322,727,35,75,14,71-80,11-20,0,1,0
315,323,324,35,75,14,71-80,11-20,1,0,1
315,323,325,35,75,14,71-80,11-20,1,0,1
315,323,326,35,75,14,71-80,11-20,1,0,1
315,323,449,35,75,14,71-80,11-20,0,1,1
315,323,450,35,75,14,71-80,11-20,0,2,1
315,323,727,35,75,14,71-80,11-20,0,1,0
315,324,325,35,75,14,71-80,11-20,1,0,1
315,324,326,35,75,14,71-80,11-20,1,0,1
315,324,449,35,75,14,71-80,11-20,0,1,1
315,324,450,35,75,14,71-80,11-20,0,2,1
315,324,727,35,75,14,71-80,11-20,0,1,0
315,325,326,35,75,14,71-80,11-20,1,0,1
315,325,449,35,75,14,71-80,11-20,0,1,1
315,325,450,35,75,14,71-80,11-20,0,2,1
315,325,727,35,75,14,71-80,11-20,0,1,0
315,326,449,35,75,14,71-80,11-20,0,1,1
315,326,450,35,75,14,71-80,11-20,0,2,1
315,326,727,35,75,14,71-80,11-20,0,1,0
315,449,450,35,85,14,81-90,11-20,1,2,1
315,449,727,35,85,14,81-90,11-20,0,1,0
315,450,727,35,85,14,81-90,11-20,0,2,0
315,53,54,40,100,9,96-100,6-10,0,1,1
315,53,55,40,100,9,96-100,6-10,0,1,1
315,54,55,40,100,9,96-100,6-10,0,1,1
315,56,57,41,100,12,96-100,11-20,0,1,1
315,56,58,41,100,12,96-100,11-20,0,1,1
315,56,603,41,100,12,96-100,11-20,0,1,1
315,56,604,41,100,12,96-100,11-20,0,2,1
315,57,58,41,100,12,96-100,11-20,0,1,1
315,57,603,41,100,12,96-100,11-20,0,1,1
315,57,604,41,100,12,96-100,11-20,0,2,1
315,58,603,41,100,12,96-100,11-20,0,1,1
315,58,604,41,100,12,96-100,11-20,0,2,1
315,603,604,41,100,12,96-100,11-20,1,2,1
315,59,60,42,100,11,96-100,11-20,0,1,1
315,59,61,42,100,11,96-100,11-20,0,1,1
315,59,605,42,100,11,96-100,11-20,0,1,1
315,59,606,42,100,11,96-100,11-20,0,2,1
315,60,61,42,100,11,96-100,11-20,0,1,1
315,60,605,42,100,11,96-100,11-20,0,1,1
315,60,606,42,100,11,96-100,11-20,0,2,1
315,61,605,42,100,11,96-100,11-20,0,1,1
315,61,606,42,100,11,96-100,11-20,0,2,1
315,605,606,42,100,11,96-100,11-20,1,2,1
315,62,63,43,100,5,96-100,3-5,0,1,1
315,62,64,43,100,5,96-100,3-5,0,1,1
315,63,64,43,100,5,96-100,3-5,0,1,1
315,103,104,44,71,12,71-80,11-20,0,1,1
315,103,105,44,71,12,71-80,11-20,0,1,1
315,103,856,44,71,12,71-80,11-20,0,1,1
315,103,857,44,71,12,71-80,11-20,0,1,1
315,103,858,44,71,12,71-80,11-20,0,1,1
315,104,105,44,71,12,71-80,11-20,0,1,1
315,104,856,44,71,12,71-80,11-20,0,1,1
315,104,857,44,71,12,71-80,11-20,0,1,1
315,104,858,44,71,12,71-80,11-20,0,1,1
315,105,856,44,71,12,71-80,11-20,0,1,1
315,105,857,44,71,12,71-80,11-20,0,1,1
315,105,858,44,71,12,71-80,11-20,0,1,1
315,856,857,44,75,12,71-80,11-20,0,1,1
315,856,858,44,75,12,71-80,11-20,0,1,1
315,857,858,44,75,12,71-80,11-20,0,1,1
315,65,66,45,100,21,96-100,21+,0,1,1
315,65,67,45,100,21,96-100,21+,0,1,1
315,65,68,45,100,21,96-100,21+,0,1,1
315,65,69,45,100,21,96-100,21+,0,1,1
315,65,71,45,100,21,96-100,21+,0,1,1
315,65,72,45,100,21,96-100,21+,0,1,1
315,65,73,45,100,21,96-100,21+,0,1,1
315,65,106,45,100,21,96-100,21+,0,1,1
315,65,107,45,100,21,96-100,21+,0,1,1
315,65,437,45,100,21,96-100,21+,0,1,1
315,65,661,45,100,21,96-100,21+,0,1,1
315,65,723,45,100,21,96-100,21+,0,1,0
315,65,738,45,100,21,96-100,21+,0,1,1
315,66,67,45,100,21,96-100,21+,0,1,1
315,66,68,45,100,21,96-100,21+,0,1,1
315,66,69,45,100,21,96-100,21+,0,1,1
315,66,71,45,100,21,96-100,21+,0,1,1
315,66,72,45,100,21,96-100,21+,0,1,1
315,66,73,45,100,21,96-100,21+,0,1,1
315,66,106,45,100,21,96-100,21+,0,1,1
315,66,107,45,100,21,96-100,21+,0,1,1
315,66,437,45,100,21,96-100,21+,0,1,1
315,66,661,45,100,21,96-100,21+,0,1,1
315,66,723,45,100,21,96-100,21+,0,1,0
315,66,738,45,100,21,96-100,21+,0,1,1
315,67,68,45,100,21,96-100,21+,0,1,1
315,67,69,45,100,21,96-100,21+,0,1,1
315,67,71,45,100,21,96-100,21+,0,1,1
315,67,72,45,100,21,96-100,21+,0,1,1
315,67,73,45,100,21,96-100,21+,0,1,1
315,67,106,45,100,21,96-100,21+,0,1,1
315,67,107,45,100,21,96-100,21+,0,1,1
315,67,437,45,100,21,96-100,21+,0,1,1
315,67,661,45,100,21,96-100,21+,0,1,1
315,67,723,45,100,21,96-100,21+,0,1,0
315,67,738,45,100,21,96-100,21+,0,1,1
315,68,69,45,100,21,96-100,21+,0,1,1
315,68,71,45,100,21,96-100,21+,0,1,1
315,68,72,45,100,21,96-100,21+,0,1,1
315,68,73,45,100,21,96-100,21+,0,1,1
315,68,106,45,100,21,96-100,21+,0,1,1
315,68,107,45,100,21,96-100,21+,0,1,1
315,68,437,45,100,21,96-100,21+,0,1,1
315,68,661,45,100,21,96-100,21+,0,1,1
315,68,723,45,100,21,96-100,21+,0,1,0
315,68,738,45,100,21,96-100,21+,0,1,1
315,69,71,45,100,21,96-100,21+,0,1,1
315,69,72,45,100,21,96-100,21+,0,1,1
315,69,73,45,100,21,96-100,21+,0,1,1
315,69,106,45,100,21,96-100,21+,0,1,1
315,69,107,45,100,21,96-100,21+,0,1,1
315,69,437,45,100,21,96-100,21+,0,1,1
315,69,661,45,100,21,96-100,21+,0,1,1
315,69,723,45,100,21,96-100,21+,0,1,0
315,69,738,45,100,21,96-100,21+,0,1,1
315,71,72,45,100,21,96-100,21+,0,1,1
315,71,73,45,100,21,96-100,21+,0,1,1
315,71,106,45,100,21,96-100,21+,0,1,1
315,71,107,45,100,21,96-100,21+,0,1,1
315,71,437,45,100,21,96-100,21+,0,1,1
315,71,661,45,100,21,96-100,21+,0,1,1
315,71,723,45,100,21,96-100,21+,0,1,0
315,71,738,45,100,21,96-100,21+,0,1,1
315,72,73,45,100,21,96-100,21+,0,1,1
315,72,106,45,100,21,96-100,21+,0,1,1
315,72,107,45,100,21,96-100,21+,0,1,1
315,72,437,45,100,21,96-100,21+,0,1,1
315,72,661,45,100,21,96-100,21+,0,1,1
315,72,723,45,100,21,96-100,21+,0,1,0
315,72,738,45,100,21,96-100,21+,0,1,1
315,73,106,45,100,21,96-100,21+,0,1,1
315,73,107,45,100,21,96-100,21+,0,1,1
315,73,437,45,100,21,96-100,21+,0,1,1
315,73,661,45,100,21,96-100,21+,0,1,1
315,73,723,45,100,21,96-100,21+,0,1,0
315,73,738,45,100,21,96-100,21+,0,1,1
315,106,107,45,70,21,<=70,21+,0,1,1
315,106,437,45,70,21,<=70,21+,0,1,1
315,106,661,45,70,21,<=70,21+,0,1,1
315,106,723,45,70,21,<=70,21+,0,1,0
315,106,738,45,70,21,<=70,21+,0,1,1
315,107,437,45,70,21,<=70,21+,0,1,1
315,107,661,45,70,21,<=70,21+,0,1,1
315,107,723,45,70,21,<=70,21+,0,1,0
315,107,738,45,70,21,<=70,21+,0,1,1
315,437,661,45,75,21,71-80,21+,0,1,1
315,437,723,45,75,21,71-80,21+,0,1,0
315,437,738,45,75,21,71-80,21+,0,1,1
315,661,723,45,100,21,96-100,21+,0,1,0
315,661,738,45,100,21,96-100,21+,0,1,1
315,723,738,45,100,21,96-100,21+,0,1,0
315,109,125,46,71,8,71-80,6-10,0,1,1
315,109,126,46,71,8,71-80,6-10,0,1,1
315,109,599,46,71,8,71-80,6-10,0,2,0
315,109,839,46,71,8,71-80,6-10,0,1,1
315,125,126,46,100,8,96-100,6-10,0,1,1
315,125,599,46,100,8,96-100,6-10,0,2,0
315,125,839,46,100,8,96-100,6-10,0,1,1
315,126,599,46,100,8,96-100,6-10,0,2,0
315,126,839,46,100,8,96-100,6-10,0,1,1
315,599,839,46,75,8,71-80,6-10,0,2,0
315,128,130,47,75,33,71-80,21+,0,1,1
315,128,716,47,75,33,71-80,21+,0,1,1
315,130,716,47,75,33,71-80,21+,0,1,1
315,70,532,48,100,12,96-100,11-20,0,1,1
315,70,807,48,100,12,96-100,11-20,0,1,1
315,70,808,48,100,12,96-100,11-20,0,1,1
315,532,807,48,75,12,71-80,11-20,0,1,1
315,532,808,48,75,12,71-80,11-20,0,1,1
315,807,808,48,100,12,96-100,11-20,0,1,1
315,136,137,49,75,10,71-80,6-10,0,1,1
315,136,140,49,75,10,71-80,6-10,0,1,1
315,136,150,49,75,10,71-80,6-10,1,1,1
315,136,152,49,75,10,71-80,6-10,1,1,1
315,136,188,49,75,10,71-80,6-10,0,1,1
315,136,196,49,75,10,71-80,6-10,0,1,1
315,136,198,49,75,10,71-80,6-10,0,1,1
315,137,140,49,75,10,71-80,6-10,1,0,1
315,137,150,49,75,10,71-80,6-10,0,1,1
315,137,152,49,75,10,71-80,6-10,0,1,1
315,137,188,49,75,10,71-80,6-10,0,1,1
315,137,196,49,75,10,71-80,6-10,0,1,1
315,137,198,49,75,10,71-80,6-10,0,1,1
315,140,150,49,75,10,71-80,6-10,0,1,1
315,140,152,49,75,10,71-80,6-10,0,1,1
315,140,188,49,75,10,71-80,6-10,0,1,1
315,140,196,49,75,10,71-80,6-10,0,1,1
315,140,198,49,75,10,71-80,6-10,0,1,1
315,150,152,49,75,10,71-80,6-10,1,0,1
315,150,188,49,75,10,71-80,6-10,0,1,1
315,150,196,49,75,10,71-80,6-10,0,1,1
315,150,198,49,75,10,71-80,6-10,0,1,1
315,152,188,49,75,10,71-80,6-10,0,1,1
315,152,196,49,75,10,71-80,6-10,0,1,1
315,152,198,49,75,10,71-80,6-10,0,1,1
315,188,196,49,100,10,96-100,6-10,1,0,1
315,188,198,49,100,10,96-100,6-10,1,0,1
315,196,198,49,82,10,81-90,6-10,1,0,1
315,145,608,50,80,4,71-80,3-5,0,1,1
315,138,142,51,83,15,81-90,11-20,0,1,1
315,138,610,51,83,15,81-90,11-20,0,1,1
315,138,611,51,83,15,81-90,11-20,0,2,1
315,142,610,51,83,15,81-90,11-20,0,1,1
315,142,611,51,83,15,81-90,11-20,0,2,1
315,610,611,51,100,15,96-100,11-20,1,2,1
315,612,613,53,100,7,96-100,6-10,1,2,1
315,612,762,53,100,7,96-100,6-10,0,2,1
315,613,762,53,100,7,96-100,6-10,0,1,1
315,614,615,54,81,17,81-90,11-20,1,2,1
315,614,616,54,81,17,81-90,11-20,1,0,1
315,614,617,54,81,17,81-90,11-20,1,2,1
315,614,679,54,81,17,81-90,11-20,0,2,1
315,614,746,54,81,17,81-90,11-20,0,1,1
315,615,616,54,81,17,81-90,11-20,1,2,1
315,615,617,54,81,17,81-90,11-20,1,0,1
315,615,679,54,81,17,81-90,11-20,0,1,1
315,615,746,54,81,17,81-90,11-20,0,2,1
315,616,617,54,100,17,96-100,11-20,1,2,1
315,616,679,54,100,17,96-100,11-20,0,2,1
315,616,746,54,100,17,96-100,11-20,0,1,1
315,617,679,54,100,17,96-100,11-20,0,1,1
315,617,746,54,100,17,96-100,11-20,0,2,1
315,679,746,54,75,17,71-80,11-20,0,2,1
315,436,710,55,71,10,71-80,6-10,0,2,1
315,436,766,55,71,10,71-80,6-10,0,2,1
315,710,766,55,75,10,71-80,6-10,0,1,1
315,168,169,56,75,9,71-80,6-10,1,0,1
315,168,170,56,75,9,71-80,6-10,0,1,1
315,168,236,56,75,9,71-80,6-10,0,1,1
315,169,170,56,75,9,71-80,6-10,0,1,1
315,169,236,56,75,9,71-80,6-10,0,1,1
315,170,236,56,75,9,71-80,6-10,0,1,1
315,172,173,57,100,9,96-100,6-10,1,0,1
315,172,591,57,100,9,96-100,6-10,0,2,1
315,172,592,57,100,9,96-100,6-10,0,2,1
315,173,591,57,100,9,96-100,6-10,0,2,1
315,173,592,57,100,9,96-100,6-10,0,2,1
315,591,592,57,75,9,71-80,6-10,1,0,1
315,174,175,58,100,10,96-100,6-10,1,0,1
315,174,593,58,100,10,96-100,6-10,0,2,1
315,174,594,58,100,10,96-100,6-10,0,2,1
315,174,595,58,100,10,96-100,6-10,0,2,1
315,175,593,58,100,10,96-100,6-10,0,2,1
315,175,594,58,100,10,96-100,6-10,0,2,1
315,175,595,58,100,10,96-100,6-10,0,2,1
315,593,594,58,84,10,81-90,6-10,1,0,1
315,593,595,58,84,10,81-90,6-10,1,0,1
315,594,595,58,84,10,81-90,6-10,1,0,1
315,596,597,59,80,7,71-80,6-10,1,0,1
315,596,598,59,80,7,71-80,6-10,1,0,1
315,597,598,59,80,7,71-80,6-10,1,0,1
315,730,783,60,71,8,71-80,6-10,0,2,1
315,730,784,60,71,8,71-80,6-10,0,2,1
315,783,784,60,70,8,<=70,6-10,1,0,1
315,688,689,61,100,8,96-100,6-10,0,1,1
315,688,765,61,100,8,96-100,6-10,0,2,1
315,688,786,61,100,8,96-100,6-10,0,1,1
315,689,765,61,100,8,96-100,6-10,0,2,1
315,689,786,61,100,8,96-100,6-10,0,1,1
315,765,786,61,90,8,81-90,6-10,1,2,1
315,743,775,62,100,17,96-100,11-20,0,1,1
315,831,832,63,72,10,71-80,6-10,1,2,1
315,831,843,63,72,10,71-80,6-10,0,1,1
315,831,844,63,72,10,71-80,6-10,0,1,0
315,832,843,63,72,10,71-80,6-10,0,2,1
315,832,844,63,72,10,71-80,6-10,0,2,0
315,843,844,63,100,10,96-100,6-10,0,1,0
315,223,224,64,71,10,71-80,6-10,0,1,1
315,809,810,65,80,10,71-80,6-10,0,1,1
315,717,806,68,80,7,71-80,6-10,0,1,1
315,225,226,71,83,3,81-90,3-5,0,1,1
315,227,228,72,71,7,71-80,6-10,0,1,1
315,229,230,73,76,8,71-80,6-10,0,1,1
315,229,764,73,76,8,71-80,6-10,0,2,1
315,229,785,73,76,8,71-80,6-10,0,1,1
315,230,764,73,76,8,71-80,6-10,0,2,1
315,230,785,73,76,8,71-80,6-10,0,1,1
315,764,785,73,92,8,91-95,6-10,1,2,1
315,327,328,74,75,33,71-80,21+,1,0,1
315,327,329,74,75,33,71-80,21+,1,0,1
315,327,330,74,75,33,71-80,21+,1,0,1
315,327,332,74,75,33,71-80,21+,1,0,1
315,327,335,74,75,33,71-80,21+,1,0,1
315,327,718,74,75,33,71-80,21+,0,1,1
315,327,787,74,75,33,71-80,21+,0,1,1
315,327,789,74,75,33,71-80,21+,0,1,1
315,328,329,74,75,33,71-80,21+,1,0,1
315,328,330,74,75,33,71-80,21+,1,0,1
315,328,332,74,75,33,71-80,21+,1,0,1
315,328,335,74,75,33,71-80,21+,1,0,1
315,328,718,74,75,33,71-80,21+,0,1,1
315,328,787,74,75,33,71-80,21+,0,1,1
315,328,789,74,75,33,71-80,21+,0,1,1
315,329,330,74,75,33,71-80,21+,1,0,1
315,329,332,74,75,33,71-80,21+,1,0,1
315,329,335,74,75,33,71-80,21+,1,0,1
315,329,718,74,75,33,71-80,21+,0,1,1
315,329,787,74,75,33,71-80,21+,0,1,1
315,329,789,74,75,33,71-80,21+,0,1,1
315,330,332,74,75,33,71-80,21+,1,0,1
315,330,335,74,75,33,71-80,21+,1,0,1
315,330,718,74,75,33,71-80,21+,0,1,1
315,330,787,74,75,33,71-80,21+,0,1,1
315,330,789,74,75,33,71-80,21+,0,1,1
315,332,335,74,75,33,71-80,21+,1,0,1
315,332,718,74,75,33,71-80,21+,0,1,1
315,332,787,74,75,33,71-80,21+,0,1,1
315,332,789,74,75,33,71-80,21+,0,1,1
315,335,718,74,75,33,71-80,21+,0,1,1
315,335,787,74,75,33,71-80,21+,0,1,1
315,335,789,74,75,33,71-80,21+,0,1,1
315,718,787,74,75,33,71-80,21+,0,1,1
315,718,789,74,75,33,71-80,21+,0,1,1
315,787,789,74,75,33,71-80,21+,1,0,1
315,331,333,75,75,7,71-80,6-10,1,0,1
315,331,788,75,75,7,71-80,6-10,0,1,1
315,333,788,75,75,7,71-80,6-10,0,1,1
315,645,701,77,75,9,71-80,6-10,0,2,1
315,645,702,77,75,9,71-80,6-10,0,1,1
315,701,702,77,100,9,96-100,6-10,0,2,1
315,18,205,78,75,24,71-80,21+,1,0,1
315,18,691,78,75,24,71-80,21+,0,1,1
315,18,692,78,75,24,71-80,21+,0,1,1
315,18,703,78,75,24,71-80,21+,0,1,1
315,18,704,78,75,24,71-80,21+,0,2,1
315,18,842,78,75,24,71-80,21+,0,1,1
315,205,691,78,75,24,71-80,21+,0,1,1
315,205,692,78,75,24,71-80,21+,0,1,1
315,205,703,78,75,24,71-80,21+,0,1,1
315,205,704,78,75,24,71-80,21+,0,2,1
315,205,842,78,75,24,71-80,21+,0,1,1
315,691,692,78,75,24,71-80,21+,1,0,1
315,691,703,78,75,24,71-80,21+,0,1,1
315,691,704,78,75,24,71-80,21+,0,2,1
315,691,842,78,75,24,71-80,21+,0,1,1
315,692,703,78,75,24,71-80,21+,0,1,1
315,692,704,78,75,24,71-80,21+,0,2,1
315,692,842,78,75,24,71-80,21+,0,1,1
315,703,704,78,75,24,71-80,21+,0,2,1
315,703,842,78,75,24,71-80,21+,0,1,1
315,704,842,78,75,24,71-80,21+,0,2,1
315,705,706,79,76,9,71-80,6-10,0,2,1
315,269,270,80,80,12,71-80,11-20,1,0,1
315,269,451,80,80,12,71-80,11-20,0,1,1
315,269,638,80,80,12,71-80,11-20,0,2,1
315,269,651,80,80,12,71-80,11-20,0,2,1
315,270,451,80,80,12,71-80,11-20,0,1,1
315,270,638,80,80,12,71-80,11-20,0,2,1
315,270,651,80,80,12,71-80,11-20,0,2,1
315,451,638,80,97,12,96-100,11-20,0,2,1
315,451,651,80,97,12,96-100,11-20,0,2,1
315,638,651,80,97,12,96-100,11-20,0,1,1
315,459,640,81,91,15,91-95,11-20,0,2,1
315,305,306,87,75,16,71-80,11-20,0,1,1
315,305,476,87,75,16,71-80,11-20,0,1,1
315,305,636,87,75,16,71-80,11-20,0,2,1
315,305,642,87,75,16,71-80,11-20,0,2,1
315,305,643,87,75,16,71-80,11-20,0,2,1
315,305,644,87,75,16,71-80,11-20,0,2,1
315,305,726,87,75,16,71-80,11-20,0,1,0
315,306,476,87,75,16,71-80,11-20,0,1,1
315,306,636,87,75,16,71-80,11-20,0,2,1
315,306,642,87,75,16,71-80,11-20,0,2,1
315,306,643,87,75,16,71-80,11-20,0,2,1
315,306,644,87,75,16,71-80,11-20,0,2,1
315,306,726,87,75,16,71-80,11-20,0,1,0
315,476,636,87,71,16,71-80,11-20,0,2,1
315,476,642,87,71,16,71-80,11-20,0,2,1
315,476,643,87,71,16,71-80,11-20,0,2,1
315,476,644,87,71,16,71-80,11-20,0,2,1
315,476,726,87,71,16,71-80,11-20,0,1,0
315,636,642,87,80,16,71-80,11-20,0,1,1
315,636,643,87,80,16,71-80,11-20,0,1,1
315,636,644,87,80,16,71-80,11-20,0,1,1
315,636,726,87,80,16,71-80,11-20,0,2,0
315,642,643,87,71,16,71-80,11-20,1,0,1
315,642,644,87,71,16,71-80,11-20,1,0,1
315,642,726,87,71,16,71-80,11-20,0,2,0
315,643,644,87,71,16,71-80,11-20,1,0,1
315,643,726,87,71,16,71-80,11-20,0,2,0
315,644,726,87,71,16,71-80,11-20,0,2,0
315,176,177,88,71,13,71-80,11-20,1,0,1
315,176,314,88,71,13,71-80,11-20,0,1,1
315,176,315,88,71,13,71-80,11-20,0,1,1
315,176,316,88,71,13,71-80,11-20,0,1,1
315,176,834,88,71,13,71-80,11-20,0,1,1
315,177,314,88,71,13,71-80,11-20,0,1,1
315,177,315,88,71,13,71-80,11-20,0,1,1
315,177,316,88,71,13,71-80,11-20,0,1,1
315,177,834,88,71,13,71-80,11-20,0,1,1
315,314,315,88,83,13,81-90,11-20,1,0,1
315,314,316,88,83,13,81-90,11-20,1,0,1
315,314,834,88,83,13,81-90,11-20,0,1,1
315,315,316,88,83,13,81-90,11-20,1,0,1
315,315,834,88,83,13,81-90,11-20,0,1,1
315,316,834,88,83,13,81-90,11-20,0,1,1
315,178,179,89,83,10,81-90,6-10,1,0,1
315,178,317,89,83,10,81-90,6-10,0,1,1
315,178,318,89,83,10,81-90,6-10,0,1,1
315,178,490,89,83,10,81-90,6-10,0,1,1
315,179,317,89,83,10,81-90,6-10,0,1,1
315,179,318,89,83,10,81-90,6-10,0,1,1
315,179,490,89,83,10,81-90,6-10,0,1,1
315,317,318,89,85,10,81-90,6-10,0,1,1
315,317,490,89,85,10,81-90,6-10,0,1,1
315,318,490,89,85,10,81-90,6-10,0,1,1
315,319,320,90,85,5,81-90,3-5,0,1,1
315,319,494,90,85,5,81-90,3-5,0,2,1
315,320,494,90,85,5,81-90,3-5,0,2,1
315,337,338,91,90,12,81-90,11-20,1,0,1
315,337,339,91,90,12,81-90,11-20,1,0,1
315,337,621,91,90,12,81-90,11-20,0,2,1
315,337,825,91,90,12,81-90,11-20,0,1,1
315,337,830,91,90,12,81-90,11-20,0,1,1
315,338,339,91,90,12,81-90,11-20,1,0,1
315,338,621,91,90,12,81-90,11-20,0,2,1
315,338,825,91,90,12,81-90,11-20,0,1,1
315,338,830,91,90,12,81-90,11-20,0,1,1
315,339,621,91,90,12,81-90,11-20,0,2,1
315,339,825,91,90,12,81-90,11-20,0,1,1
315,339,830,91,90,12,81-90,11-20,0,1,1
315,621,825,91,100,12,96-100,11-20,1,2,1
315,621,830,91,100,12,96-100,11-20,1,2,1
315,825,830,91,100,12,96-100,11-20,1,0,1
315,209,213,92,100,17,96-100,11-20,1,0,1
315,209,340,92,100,17,96-100,11-20,0,1,1
315,209,341,92,100,17,96-100,11-20,0,1,1
315,209,342,92,100,17,96-100,11-20,0,1,1
315,209,438,92,100,17,96-100,11-20,0,1,1
315,209,440,92,100,17,96-100,11-20,0,1,1
315,209,496,92,100,17,96-100,11-20,1,2,1
315,209,498,92,100,17,96-100,11-20,1,2,1
315,213,340,92,87,17,81-90,11-20,0,1,1
315,213,341,92,87,17,81-90,11-20,0,1,1
315,213,342,92,87,17,81-90,11-20,0,1,1
315,213,438,92,87,17,81-90,11-20,0,1,1
315,213,440,92,87,17,81-90,11-20,0,1,1
315,213,496,92,87,17,81-90,11-20,1,2,1
315,213,498,92,87,17,81-90,11-20,1,2,1
315,340,341,92,75,17,71-80,11-20,1,0,1
315,340,342,92,75,17,71-80,11-20,1,0,1
315,340,438,92,75,17,71-80,11-20,0,1,1
315,340,440,92,75,17,71-80,11-20,0,1,1
315,340,496,92,75,17,71-80,11-20,0,2,1
315,340,498,92,75,17,71-80,11-20,0,2,1
315,341,342,92,75,17,71-80,11-20,1,0,1
315,341,438,92,75,17,71-80,11-20,0,1,1
315,341,440,92,75,17,71-80,11-20,0,1,1
315,341,496,92,75,17,71-80,11-20,0,2,1
315,341,498,92,75,17,71-80,11-20,0,2,1
315,342,438,92,75,17,71-80,11-20,0,1,1
315,342,440,92,75,17,71-80,11-20,0,1,1
315,342,496,92,75,17,71-80,11-20,0,2,1
315,342,498,92,75,17,71-80,11-20,0,2,1
315,438,440,92,75,17,71-80,11-20,1,0,1
315,438,496,92,75,17,71-80,11-20,0,2,1
315,438,498,92,75,17,71-80,11-20,0,2,1
315,440,496,92,75,17,71-80,11-20,0,2,1
315,440,498,92,75,17,71-80,11-20,0,2,1
315,496,498,92,100,17,96-100,11-20,1,0,1
315,207,211,93,80,20,71-80,11-20,1,0,1
315,207,826,93,80,20,71-80,11-20,1,0,1
315,211,826,93,100,20,96-100,11-20,1,0,1
315,724,745,95,71,11,71-80,11-20,0,1,1
315,724,827,95,71,11,71-80,11-20,0,2,1
315,745,827,95,71,11,71-80,11-20,0,2,1
315,818,828,96,70,8,<=70,6-10,0,1,1
315,818,829,96,70,8,<=70,6-10,0,2,1
315,828,829,96,76,8,71-80,6-10,1,2,1
315,741,742,97,85,19,81-90,11-20,1,0,1
315,741,813,97,85,19,81-90,11-20,0,1,1
315,742,813,97,85,19,81-90,11-20,0,1,1
315,204,794,98,88,7,81-90,6-10,0,2,1
315,202,497,99,100,9,96-100,6-10,1,2,1
315,792,793,100,72,13,71-80,11-20,1,0,1
315,795,796,101,75,11,71-80,11-20,1,0,1
315,795,797,101,75,11,71-80,11-20,1,0,1
315,796,797,101,75,11,71-80,11-20,1,0,1
315,663,664,102,75,5,71-80,3-5,0,1,1
315,663,852,102,75,5,71-80,3-5,1,0,1
315,664,852,102,75,5,71-80,3-5,0,1,1
315,665,666,103,100,2,96-100,2 (pair),0,1,1
315,171,272,107,100,10,96-100,6-10,0,1,1
315,171,273,107,100,10,96-100,6-10,0,1,1
315,171,816,107,100,10,96-100,6-10,0,1,1
315,171,853,107,100,10,96-100,6-10,1,0,1
315,272,273,107,100,10,96-100,6-10,1,0,1
315,272,816,107,100,10,96-100,6-10,0,1,1
315,272,853,107,100,10,96-100,6-10,0,1,1
315,273,816,107,100,10,96-100,6-10,0,1,1
315,273,853,107,100,10,96-100,6-10,0,1,1
315,816,853,107,73,10,71-80,6-10,0,1,1
315,274,277,108,75,12,71-80,11-20,1,0,1
315,274,677,108,75,12,71-80,11-20,0,2,1
315,277,677,108,75,12,71-80,11-20,0,2,1
315,278,279,109,100,8,96-100,6-10,1,0,1
315,674,675,110,100,8,96-100,6-10,1,2,1
315,637,838,116,100,2,96-100,2 (pair),0,1,1
315,781,782,117,86,4,81-90,3-5,1,0,1
315,280,281,119,77,6,71-80,6-10,1,0,1
315,822,823,125,83,15,81-90,11-20,1,0,1
315,822,824,125,83,15,81-90,11-20,1,0,1
315,822,849,125,83,15,81-90,11-20,0,1,1
315,823,824,125,83,15,81-90,11-20,1,0,1
315,823,849,125,83,15,81-90,11-20,0,1,1
315,824,849,125,83,15,81-90,11-20,0,1,1
315,384,411,129,76,6,71-80,6-10,1,0,1
315,384,412,129,76,6,71-80,6-10,1,0,1
315,384,815,129,76,6,71-80,6-10,0,1,1
315,411,412,129,75,6,71-80,6-10,1,0,1
315,411,815,129,75,6,71-80,6-10,0,1,1
315,412,815,129,75,6,71-80,6-10,0,1,1
315,76,77,130,70,10,<=70,6-10,0,1,1
315,76,78,130,70,10,<=70,6-10,0,1,1
315,76,79,130,70,10,<=70,6-10,0,1,1
315,76,80,130,70,10,<=70,6-10,0,1,1
315,76,81,130,70,10,<=70,6-10,0,1,1
315,76,90,130,70,10,<=70,6-10,0,1,1
315,76,527,130,70,10,<=70,6-10,0,1,1
315,76,529,130,70,10,<=70,6-10,0,2,1
315,76,798,130,70,10,<=70,6-10,0,1,1
315,77,78,130,70,10,<=70,6-10,0,1,1
315,77,79,130,70,10,<=70,6-10,0,1,1
315,77,80,130,70,10,<=70,6-10,0,1,1
315,77,81,130,70,10,<=70,6-10,0,1,1
315,77,90,130,70,10,<=70,6-10,0,1,1
315,77,527,130,70,10,<=70,6-10,0,1,1
315,77,529,130,70,10,<=70,6-10,0,2,1
315,77,798,130,70,10,<=70,6-10,0,1,1
315,78,79,130,70,10,<=70,6-10,0,1,1
315,78,80,130,70,10,<=70,6-10,0,1,1
315,78,81,130,70,10,<=70,6-10,0,1,1
315,78,90,130,70,10,<=70,6-10,0,1,1
315,78,527,130,70,10,<=70,6-10,0,1,1
315,78,529,130,70,10,<=70,6-10,0,2,1
315,78,798,130,70,10,<=70,6-10,0,1,1
315,79,80,130,70,10,<=70,6-10,0,1,1
315,79,81,130,70,10,<=70,6-10,0,1,1
315,79,90,130,70,10,<=70,6-10,1,0,1
315,79,527,130,70,10,<=70,6-10,0,1,1
315,79,529,130,70,10,<=70,6-10,0,2,1
315,79,798,130,70,10,<=70,6-10,0,1,1
315,80,81,130,70,10,<=70,6-10,0,1,1
315,80,90,130,70,10,<=70,6-10,0,1,1
315,80,527,130,70,10,<=70,6-10,0,1,1
315,80,529,130,70,10,<=70,6-10,0,2,1
315,80,798,130,70,10,<=70,6-10,0,1,1
315,81,90,130,70,10,<=70,6-10,0,1,1
315,81,527,130,70,10,<=70,6-10,0,1,1
315,81,529,130,70,10,<=70,6-10,0,2,1
315,81,798,130,70,10,<=70,6-10,0,1,1
315,90,527,130,71,10,71-80,6-10,0,1,1
315,90,529,130,71,10,71-80,6-10,0,2,1
315,90,798,130,71,10,71-80,6-10,0,1,1
315,527,529,130,100,10,96-100,6-10,1,2,1
315,527,798,130,100,10,96-100,6-10,0,1,1
315,529,798,130,100,10,96-100,6-10,0,2,1
315,82,83,131,71,14,71-80,11-20,1,0,1
315,82,98,131,71,14,71-80,11-20,0,1,1
315,82,99,131,71,14,71-80,11-20,0,1,1
315,82,244,131,71,14,71-80,11-20,0,1,1
315,82,245,131,71,14,71-80,11-20,0,1,1
315,82,246,131,71,14,71-80,11-20,0,1,1
315,82,247,131,71,14,71-80,11-20,0,1,1
315,82,355,131,71,14,71-80,11-20,0,1,1
315,82,799,131,71,14,71-80,11-20,0,1,1
315,82,800,131,71,14,71-80,11-20,0,1,1
315,82,801,131,71,14,71-80,11-20,0,1,1
315,83,98,131,71,14,71-80,11-20,0,1,1
315,83,99,131,71,14,71-80,11-20,0,1,1
315,83,244,131,71,14,71-80,11-20,0,1,1
315,83,245,131,71,14,71-80,11-20,0,1,1
315,83,246,131,71,14,71-80,11-20,0,1,1
315,83,247,131,71,14,71-80,11-20,0,1,1
315,83,355,131,71,14,71-80,11-20,0,1,1
315,83,799,131,71,14,71-80,11-20,0,1,1
315,83,800,131,71,14,71-80,11-20,0,1,1
315,83,801,131,71,14,71-80,11-20,0,1,1
315,98,99,131,71,14,71-80,11-20,1,0,1
315,98,244,131,71,14,71-80,11-20,0,1,1
315,98,245,131,71,14,71-80,11-20,0,1,1
315,98,246,131,71,14,71-80,11-20,0,1,1
315,98,247,131,71,14,71-80,11-20,0,1,1
315,98,355,131,71,14,71-80,11-20,0,1,1
315,98,799,131,71,14,71-80,11-20,0,1,1
315,98,800,131,71,14,71-80,11-20,0,1,1
315,98,801,131,71,14,71-80,11-20,0,1,1
315,99,244,131,71,14,71-80,11-20,0,1,1
315,99,245,131,71,14,71-80,11-20,0,1,1
315,99,246,131,71,14,71-80,11-20,0,1,1
315,99,247,131,71,14,71-80,11-20,0,1,1
315,99,355,131,71,14,71-80,11-20,0,1,1
315,99,799,131,71,14,71-80,11-20,0,1,1
315,99,800,131,71,14,71-80,11-20,0,1,1
315,99,801,131,71,14,71-80,11-20,0,1,1
315,244,245,131,71,14,71-80,11-20,1,0,1
315,244,246,131,71,14,71-80,11-20,0,1,1
315,244,247,131,71,14,71-80,11-20,0,1,1
315,244,355,131,71,14,71-80,11-20,0,1,1
315,244,799,131,71,14,71-80,11-20,0,1,1
315,244,800,131,71,14,71-80,11-20,0,1,1
315,244,801,131,71,14,71-80,11-20,0,1,1
315,245,246,131,71,14,71-80,11-20,0,1,1
315,245,247,131,71,14,71-80,11-20,0,1,1
315,245,355,131,71,14,71-80,11-20,0,1,1
315,245,799,131,71,14,71-80,11-20,0,1,1
315,245,800,131,71,14,71-80,11-20,0,1,1
315,245,801,131,71,14,71-80,11-20,0,1,1
315,246,247,131,71,14,71-80,11-20,1,0,1
315,246,355,131,71,14,71-80,11-20,0,1,1
315,246,799,131,71,14,71-80,11-20,0,1,1
315,246,800,131,71,14,71-80,11-20,0,1,1
315,246,801,131,71,14,71-80,11-20,0,1,1
315,247,355,131,71,14,71-80,11-20,0,1,1
315,247,799,131,71,14,71-80,11-20,0,1,1
315,247,800,131,71,14,71-80,11-20,0,1,1
315,247,801,131,71,14,71-80,11-20,0,1,1
315,355,799,131,80,14,71-80,11-20,0,1,1
315,355,800,131,80,14,71-80,11-20,0,1,1
315,355,801,131,80,14,71-80,11-20,0,1,1
315,799,800,131,71,14,71-80,11-20,0,1,1
315,799,801,131,71,14,71-80,11-20,0,1,1
315,800,801,131,71,14,71-80,11-20,0,1,1
315,84,85,132,70,12,<=70,11-20,0,1,1
315,84,86,132,70,12,<=70,11-20,0,1,1
315,84,87,132,70,12,<=70,11-20,0,1,1
315,84,88,132,70,12,<=70,11-20,0,1,1
315,84,89,132,70,12,<=70,11-20,0,1,1
315,84,268,132,70,12,<=70,11-20,0,1,1
315,84,695,132,70,12,<=70,11-20,0,1,1
315,84,803,132,70,12,<=70,11-20,0,1,1
315,85,86,132,70,12,<=70,11-20,0,1,1
315,85,87,132,70,12,<=70,11-20,0,1,1
315,85,88,132,70,12,<=70,11-20,0,1,1
315,85,89,132,70,12,<=70,11-20,0,1,1
315,85,268,132,70,12,<=70,11-20,0,1,1
315,85,695,132,70,12,<=70,11-20,0,1,1
315,85,803,132,70,12,<=70,11-20,0,1,1
315,86,87,132,70,12,<=70,11-20,0,1,1
315,86,88,132,70,12,<=70,11-20,0,1,1
315,86,89,132,70,12,<=70,11-20,0,1,1
315,86,268,132,70,12,<=70,11-20,0,1,1
315,86,695,132,70,12,<=70,11-20,0,1,1
315,86,803,132,70,12,<=70,11-20,0,1,1
315,87,88,132,70,12,<=70,11-20,0,1,1
315,87,89,132,70,12,<=70,11-20,0,1,1
315,87,268,132,70,12,<=70,11-20,0,1,1
315,87,695,132,70,12,<=70,11-20,0,1,1
315,87,803,132,70,12,<=70,11-20,0,1,1
315,88,89,132,70,12,<=70,11-20,0,1,1
315,88,268,132,70,12,<=70,11-20,0,1,1
315,88,695,132,70,12,<=70,11-20,0,1,1
315,88,803,132,70,12,<=70,11-20,0,1,1
315,89,268,132,70,12,<=70,11-20,0,1,1
315,89,695,132,70,12,<=70,11-20,0,1,1
315,89,803,132,70,12,<=70,11-20,0,1,1
315,268,695,132,80,12,71-80,11-20,0,1,1
315,268,803,132,80,12,71-80,11-20,0,1,1
315,695,803,132,70,12,<=70,11-20,0,1,1
315,91,92,133,73,11,71-80,11-20,0,1,1
315,91,93,133,73,11,71-80,11-20,0,1,1
315,91,94,133,73,11,71-80,11-20,0,1,1
315,91,95,133,73,11,71-80,11-20,0,1,1
315,91,648,133,73,11,71-80,11-20,0,2,1
315,91,805,133,73,11,71-80,11-20,0,1,1
315,92,93,133,73,11,71-80,11-20,0,1,1
315,92,94,133,73,11,71-80,11-20,0,1,1
315,92,95,133,73,11,71-80,11-20,0,1,1
315,92,648,133,73,11,71-80,11-20,0,2,1
315,92,805,133,73,11,71-80,11-20,0,1,1
315,93,94,133,73,11,71-80,11-20,0,1,1
315,93,95,133,73,11,71-80,11-20,0,1,1
315,93,648,133,73,11,71-80,11-20,0,2,1
315,93,805,133,73,11,71-80,11-20,0,1,1
315,94,95,133,73,11,71-80,11-20,0,1,1
315,94,648,133,73,11,71-80,11-20,0,2,1
315,94,805,133,73,11,71-80,11-20,0,1,1
315,95,648,133,73,11,71-80,11-20,0,2,1
315,95,805,133,73,11,71-80,11-20,0,1,1
315,648,805,133,75,11,71-80,11-20,0,2,1
315,96,97,134,100,8,96-100,6-10,0,1,1
315,96,534,134,100,8,96-100,6-10,0,1,1
315,96,535,134,100,8,96-100,6-10,0,2,1
315,97,534,134,100,8,96-100,6-10,0,1,1
315,97,535,134,100,8,96-100,6-10,0,2,1
315,534,535,134,100,8,96-100,6-10,1,2,1
315,239,403,135,71,8,71-80,6-10,0,1,1
315,239,405,135,71,8,71-80,6-10,0,1,1
315,239,415,135,71,8,71-80,6-10,0,1,1
315,239,802,135,71,8,71-80,6-10,0,1,1
315,239,850,135,71,8,71-80,6-10,0,1,1
315,239,851,135,71,8,71-80,6-10,0,2,1
315,403,405,135,80,8,71-80,6-10,1,0,1
315,403,415,135,80,8,71-80,6-10,1,1,1
315,403,802,135,80,8,71-80,6-10,0,1,1
315,403,850,135,80,8,71-80,6-10,0,1,1
315,403,851,135,80,8,71-80,6-10,0,3,1
315,405,415,135,75,8,71-80,6-10,1,1,1
315,405,802,135,75,8,71-80,6-10,0,1,1
315,405,850,135,75,8,71-80,6-10,0,1,1
315,405,851,135,75,8,71-80,6-10,0,3,1
315,415,802,135,80,8,71-80,6-10,0,1,1
315,415,850,135,80,8,71-80,6-10,0,1,1
315,415,851,135,80,8,71-80,6-10,0,2,1
315,802,850,135,71,8,71-80,6-10,0,1,1
315,802,851,135,71,8,71-80,6-10,0,2,1
315,850,851,135,100,8,96-100,6-10,1,2,1
315,407,817,136,80,9,71-80,6-10,0,1,1
315,407,845,136,80,9,71-80,6-10,0,1,1
315,407,846,136,80,9,71-80,6-10,0,1,1
315,407,847,136,80,9,71-80,6-10,0,1,1
315,407,848,136,80,9,71-80,6-10,0,1,1
315,817,845,136,70,9,<=70,6-10,0,1,1
315,817,846,136,70,9,<=70,6-10,0,1,1
315,817,847,136,70,9,<=70,6-10,0,1,1
315,817,848,136,70,9,<=70,6-10,0,1,1
315,845,846,136,70,9,<=70,6-10,0,1,1
315,845,847,136,70,9,<=70,6-10,0,1,1
315,845,848,136,70,9,<=70,6-10,0,1,1
315,846,847,136,70,9,<=70,6-10,0,1,1
315,846,848,136,70,9,<=70,6-10,0,1,1
315,847,848,136,70,9,<=70,6-10,0,1,1
315,811,812,137,71,7,71-80,6-10,0,1,1
315,811,814,137,71,7,71-80,6-10,1,0,1
315,812,814,137,71,7,71-80,6-10,0,1,1
315,241,242,138,83,4,81-90,3-5,1,0,1
315,241,243,138,83,4,81-90,3-5,1,0,1
315,242,243,138,83,4,81-90,3-5,1,0,1
315,252,667,139,84,4,81-90,3-5,0,1,1
315,252,672,139,84,4,81-90,3-5,0,2,1
315,667,672,139,89,4,81-90,3-5,1,2,1
315,254,255,140,100,5,96-100,3-5,1,0,1
315,256,257,141,100,6,96-100,6-10,0,1,1
315,260,261,142,100,2,96-100,2 (pair),1,0,1
315,819,820,145,83,3,81-90,3-5,1,0,1
315,819,821,145,83,3,81-90,3-5,1,0,1
315,820,821,145,83,3,81-90,3-5,1,0,1
315,712,713,146,100,6,96-100,6-10,1,2,1
315,712,756,146,100,6,96-100,6-10,0,1,1
315,713,756,146,100,6,96-100,6-10,0,2,1
315,100,101,147,83,10,81-90,6-10,0,1,1
315,100,102,147,83,10,81-90,6-10,0,1,1
315,101,102,147,83,10,81-90,6-10,0,1,1
315,345,346,148,75,10,71-80,6-10,1,1,1
315,358,363,149,80,10,71-80,6-10,1,1,1
315,358,693,149,80,10,71-80,6-10,1,0,1
315,363,693,149,80,10,71-80,6-10,1,1,1
315,356,361,150,83,11,81-90,11-20,1,1,1
315,356,365,150,83,11,81-90,11-20,1,0,1
315,356,371,150,83,11,81-90,11-20,1,1,1
315,356,373,150,83,11,81-90,11-20,1,1,1
315,361,365,150,83,11,81-90,11-20,1,1,1
315,361,371,150,83,11,81-90,11-20,1,0,1
315,361,373,150,83,11,81-90,11-20,1,0,1
315,365,371,150,83,11,81-90,11-20,1,1,1
315,365,373,150,83,11,81-90,11-20,1,1,1
315,371,373,150,83,11,81-90,11-20,1,0,1
315,694,840,151,76,6,71-80,6-10,0,1,1
315,694,841,151,76,6,71-80,6-10,0,1,1
315,840,841,151,100,6,96-100,6-10,0,1,1
315,390,391,152,85,16,81-90,11-20,1,0,1
315,390,392,152,85,16,81-90,11-20,1,0,1
315,390,394,152,85,16,81-90,11-20,1,0,1
315,390,429,152,85,16,81-90,11-20,1,1,1
315,390,682,152,85,16,81-90,11-20,0,3,1
315,390,770,152,85,16,81-90,11-20,0,3,1
315,391,392,152,85,16,81-90,11-20,1,0,1
315,391,394,152,85,16,81-90,11-20,1,0,1
315,391,429,152,85,16,81-90,11-20,1,1,1
315,391,682,152,85,16,81-90,11-20,0,3,1
315,391,770,152,85,16,81-90,11-20,0,3,1
315,392,394,152,85,16,81-90,11-20,1,0,1
315,392,429,152,85,16,81-90,11-20,1,1,1
315,392,682,152,85,16,81-90,11-20,0,3,1
315,392,770,152,85,16,81-90,11-20,0,3,1
315,394,429,152,85,16,81-90,11-20,1,1,1
315,394,682,152,85,16,81-90,11-20,0,3,1
315,394,770,152,85,16,81-90,11-20,0,3,1
315,429,682,152,85,16,81-90,11-20,0,2,1
315,429,770,152,85,16,81-90,11-20,0,2,1
315,682,770,152,75,16,71-80,11-20,1,0,1
315,307,308,153,85,12,81-90,11-20,1,0,1
315,307,416,153,85,12,81-90,11-20,0,1,1
315,307,417,153,85,12,81-90,11-20,0,1,1
315,307,658,153,85,12,81-90,11-20,0,1,1
315,307,659,153,85,12,81-90,11-20,0,1,1
315,308,416,153,85,12,81-90,11-20,0,1,1
315,308,417,153,85,12,81-90,11-20,0,1,1
315,308,658,153,85,12,81-90,11-20,0,1,1
315,308,659,153,85,12,81-90,11-20,0,1,1
315,416,417,153,80,12,71-80,11-20,1,0,1
315,416,658,153,80,12,71-80,11-20,0,1,1
315,416,659,153,80,12,71-80,11-20,0,1,1
315,417,658,153,80,12,71-80,11-20,0,1,1
315,417,659,153,80,12,71-80,11-20,0,1,1
315,658,659,153,71,12,71-80,11-20,1,0,1
315,404,408,154,80,10,71-80,6-10,1,1,1
315,404,414,154,80,10,71-80,6-10,1,0,1
315,408,414,154,80,10,71-80,6-10,1,1,1
315,110,111,157,72,18,71-80,11-20,0,1,1
315,731,732,160,100,10,96-100,6-10,1,0,1
315,731,739,160,100,10,96-100,6-10,1,0,1
315,732,739,160,100,10,96-100,6-10,1,0,1
315,656,657,162,100,17,96-100,11-20,1,2,1
315,656,733,162,100,17,96-100,11-20,0,1,1
315,656,734,162,100,17,96-100,11-20,0,1,1
315,656,736,162,100,17,96-100,11-20,0,1,1
315,656,737,162,100,17,96-100,11-20,0,1,1
315,657,733,162,100,17,96-100,11-20,0,2,1
315,657,734,162,100,17,96-100,11-20,0,2,1
315,657,736,162,100,17,96-100,11-20,0,2,1
315,657,737,162,100,17,96-100,11-20,0,2,1
315,733,734,162,83,17,81-90,11-20,1,0,1
315,733,736,162,83,17,81-90,11-20,1,0,1
315,733,737,162,83,17,81-90,11-20,1,0,1
315,734,736,162,83,17,81-90,11-20,1,0,1
315,734,737,162,83,17,81-90,11-20,1,0,1
315,736,737,162,85,17,81-90,11-20,1,0,1
315,790,791,168,83,7,81-90,6-10,1,0,1
319,168,236,56,75,9,71-80,6-10,0,1,0
319,169,236,56,75,9,71-80,6-10,0,1,0
319,170,236,56,75,9,71-80,6-10,0,1,0
319,171,272,107,100,10,96-100,6-10,0,1,0
319,171,273,107,100,10,96-100,6-10,0,1,0
319,272,273,107,100,10,96-100,6-10,1,0,1
319,272,816,107,100,10,96-100,6-10,0,1,0
319,272,853,107,100,10,96-100,6-10,0,1,0
319,273,816,107,100,10,96-100,6-10,0,1,0
319,273,853,107,100,10,96-100,6-10,0,1,0
319,274,277,108,75,12,71-80,11-20,1,0,1
319,274,677,108,75,12,71-80,11-20,0,2,0
319,277,677,108,75,12,71-80,11-20,0,2,0
319,278,279,109,100,8,96-100,6-10,1,0,1
319,280,281,119,77,6,71-80,6-10,1,0,1
321,70,532,48,100,12,96-100,11-20,0,1,0
321,70,807,48,100,12,96-100,11-20,0,1,0
321,70,808,48,100,12,96-100,11-20,0,1,0
321,280,281,119,77,6,71-80,6-10,1,0,1
321,384,411,129,76,6,71-80,6-10,1,0,0
321,384,412,129,76,6,71-80,6-10,1,0,0
321,411,412,129,75,6,71-80,6-10,1,0,1
321,411,815,129,75,6,71-80,6-10,0,1,0
321,412,815,129,75,6,71-80,6-10,0,1,0
321,239,403,135,71,8,71-80,6-10,0,1,0
321,239,405,135,71,8,71-80,6-10,0,1,0
321,239,415,135,71,8,71-80,6-10,0,1,0
321,403,405,135,80,8,71-80,6-10,1,0,1
321,403,415,135,80,8,71-80,6-10,1,1,1
321,403,802,135,80,8,71-80,6-10,0,1,0
321,403,850,135,80,8,71-80,6-10,0,1,0
321,403,851,135,80,8,71-80,6-10,0,3,0
321,405,415,135,75,8,71-80,6-10,1,1,1
321,405,802,135,75,8,71-80,6-10,0,1,0
321,405,850,135,75,8,71-80,6-10,0,1,0
321,405,851,135,75,8,71-80,6-10,0,3,0
321,415,802,135,80,8,71-80,6-10,0,1,0
321,415,850,135,80,8,71-80,6-10,0,1,0
321,415,851,135,80,8,71-80,6-10,0,2,0
321,407,817,136,80,9,71-80,6-10,0,1,0
321,407,845,136,80,9,71-80,6-10,0,1,0
321,407,846,136,80,9,71-80,6-10,0,1,0
321,407,847,136,80,9,71-80,6-10,0,1,0
321,407,848,136,80,9,71-80,6-10,0,1,0
321,345,346,148,75,10,71-80,6-10,1,1,0
321,358,363,149,80,10,71-80,6-10,1,1,1
321,358,693,149,80,10,71-80,6-10,1,0,1
321,363,693,149,80,10,71-80,6-10,1,1,1
321,356,361,150,83,11,81-90,11-20,1,1,1
321,356,365,150,83,11,81-90,11-20,1,0,1
321,356,371,150,83,11,81-90,11-20,1,1,1
321,356,373,150,83,11,81-90,11-20,1,1,1
321,361,365,150,83,11,81-90,11-20,1,1,1
321,361,371,150,83,11,81-90,11-20,1,0,1
321,361,373,150,83,11,81-90,11-20,1,0,1
321,365,371,150,83,11,81-90,11-20,1,1,1
321,365,373,150,83,11,81-90,11-20,1,1,1
321,371,373,150,83,11,81-90,11-20,1,0,1
321,390,391,152,85,16,81-90,11-20,1,0,1
321,390,392,152,85,16,81-90,11-20,1,0,1
321,390,394,152,85,16,81-90,11-20,1,0,1
321,390,429,152,85,16,81-90,11-20,1,1,1
321,390,682,152,85,16,81-90,11-20,0,3,0
321,390,770,152,85,16,81-90,11-20,0,3,0
321,391,392,152,85,16,81-90,11-20,1,0,1
321,391,394,152,85,16,81-90,11-20,1,0,1
321,391,429,152,85,16,81-90,11-20,1,1,1
321,391,682,152,85,16,81-90,11-20,0,3,0
321,391,770,152,85,16,81-90,11-20,0,3,0
321,392,394,152,85,16,81-90,11-20,1,0,1
321,392,429,152,85,16,81-90,11-20,1,1,1
321,392,682,152,85,16,81-90,11-20,0,3,0
321,392,770,152,85,16,81-90,11-20,0,3,0
321,394,429,152,85,16,81-90,11-20,1,1,1
321,394,682,152,85,16,81-90,11-20,0,3,0
321,394,770,152,85,16,81-90,11-20,0,3,0
321,429,682,152,85,16,81-90,11-20,0,2,0
321,429,770,152,85,16,81-90,11-20,0,2,0
321,307,416,153,85,12,81-90,11-20,0,1,0
321,307,417,153,85,12,81-90,11-20,0,1,0
321,308,416,153,85,12,81-90,11-20,0,1,0
321,308,417,153,85,12,81-90,11-20,0,1,0
321,416,417,153,80,12,71-80,11-20,1,0,1
321,416,658,153,80,12,71-80,11-20,0,1,0
321,416,659,153,80,12,71-80,11-20,0,1,0
321,417,658,153,80,12,71-80,11-20,0,1,0
321,417,659,153,80,12,71-80,11-20,0,1,0
321,404,408,154,80,10,71-80,6-10,1,1,1
321,404,414,154,80,10,71-80,6-10,1,0,1
321,408,414,154,80,10,71-80,6-10,1,1,1
323,301,747,9,100,19,96-100,11-20,0,2,0
323,301,860,9,100,19,96-100,11-20,0,2,0
323,301,861,9,100,19,96-100,11-20,0,2,0
323,302,747,9,100,19,96-100,11-20,0,2,0
323,302,860,9,100,19,96-100,11-20,0,2,0
323,302,861,9,100,19,96-100,11-20,0,2,0
323,303,747,9,100,19,96-100,11-20,0,2,0
323,303,860,9,100,19,96-100,11-20,0,2,0
323,303,861,9,100,19,96-100,11-20,0,2,0
323,304,747,9,100,19,96-100,11-20,0,2,0
323,304,860,9,100,19,96-100,11-20,0,2,0
323,304,861,9,100,19,96-100,11-20,0,2,0
323,747,767,9,75,19,71-80,11-20,0,1,0
323,747,860,9,75,19,71-80,11-20,1,0,1
323,747,861,9,75,19,71-80,11-20,1,0,1
323,767,860,9,75,19,71-80,11-20,0,1,0
323,767,861,9,75,19,71-80,11-20,0,1,0
323,860,861,9,75,19,71-80,11-20,1,0,1
323,637,838,116,100,2,96-100,2 (pair),0,1,0
323,91,648,133,73,11,71-80,11-20,0,2,0
323,92,648,133,73,11,71-80,11-20,0,2,0
323,93,648,133,73,11,71-80,11-20,0,2,0
323,94,648,133,73,11,71-80,11-20,0,2,0
323,95,648,133,73,11,71-80,11-20,0,2,0
323,648,805,133,75,11,71-80,11-20,0,2,0
323,648,862,133,75,11,71-80,11-20,1,2,0
324,70,532,48,100,12,96-100,11-20,0,1,0
324,532,807,48,75,12,71-80,11-20,0,1,0
324,532,808,48,75,12,71-80,11-20,0,1,0
324,724,745,95,71,11,71-80,11-20,0,1,0
324,745,827,95,71,11,71-80,11-20,0,2,0
324,818,828,96,70,8,<=70,6-10,0,1,0
324,818,829,96,70,8,<=70,6-10,0,2,0
324,741,813,97,85,19,81-90,11-20,0,1,0
324,742,813,97,85,19,81-90,11-20,0,1,0
324,822,849,125,83,15,81-90,11-20,0,1,0
324,823,849,125,83,15,81-90,11-20,0,1,0
324,824,849,125,83,15,81-90,11-20,0,1,0
324,76,90,130,70,10,<=70,6-10,0,1,0
324,76,527,130,70,10,<=70,6-10,0,1,0
324,77,90,130,70,10,<=70,6-10,0,1,0
324,77,527,130,70,10,<=70,6-10,0,1,0
324,78,90,130,70,10,<=70,6-10,0,1,0
324,78,527,130,70,10,<=70,6-10,0,1,0
324,79,90,130,70,10,<=70,6-10,1,0,0
324,79,527,130,70,10,<=70,6-10,0,1,0
324,80,90,130,70,10,<=70,6-10,0,1,0
324,80,527,130,70,10,<=70,6-10,0,1,0
324,81,90,130,70,10,<=70,6-10,0,1,0
324,81,527,130,70,10,<=70,6-10,0,1,0
324,90,527,130,71,10,71-80,6-10,0,1,1
324,90,529,130,71,10,71-80,6-10,0,2,0
324,90,798,130,71,10,71-80,6-10,0,1,0
324,527,529,130,100,10,96-100,6-10,1,2,0
324,527,798,130,100,10,96-100,6-10,0,1,0
324,84,85,132,70,12,<=70,11-20,0,1,1
324,84,86,132,70,12,<=70,11-20,0,1,1
324,84,87,132,70,12,<=70,11-20,0,1,0
324,84,88,132,70,12,<=70,11-20,0,1,1
324,84,89,132,70,12,<=70,11-20,0,1,1
324,84,268,132,70,12,<=70,11-20,0,1,0
324,84,695,132,70,12,<=70,11-20,0,1,1
324,84,803,132,70,12,<=70,11-20,0,1,1
324,85,86,132,70,12,<=70,11-20,0,1,1
324,85,87,132,70,12,<=70,11-20,0,1,0
324,85,88,132,70,12,<=70,11-20,0,1,1
324,85,89,132,70,12,<=70,11-20,0,1,1
324,85,268,132,70,12,<=70,11-20,0,1,0
324,85,695,132,70,12,<=70,11-20,0,1,1
324,85,803,132,70,12,<=70,11-20,0,1,1
324,86,87,132,70,12,<=70,11-20,0,1,0
324,86,88,132,70,12,<=70,11-20,0,1,1
324,86,89,132,70,12,<=70,11-20,0,1,1
324,86,268,132,70,12,<=70,11-20,0,1,0
324,86,695,132,70,12,<=70,11-20,0,1,1
324,86,803,132,70,12,<=70,11-20,0,1,1
324,87,88,132,70,12,<=70,11-20,0,1,0
324,87,89,132,70,12,<=70,11-20,0,1,0
324,87,695,132,70,12,<=70,11-20,0,1,0
324,87,803,132,70,12,<=70,11-20,0,1,0
324,88,89,132,70,12,<=70,11-20,0,1,1
324,88,268,132,70,12,<=70,11-20,0,1,0
324,88,695,132,70,12,<=70,11-20,0,1,1
324,88,803,132,70,12,<=70,11-20,0,1,1
324,89,268,132,70,12,<=70,11-20,0,1,0
324,89,695,132,70,12,<=70,11-20,0,1,1
324,89,803,132,70,12,<=70,11-20,0,1,1
324,268,695,132,80,12,71-80,11-20,0,1,0
324,268,803,132,80,12,71-80,11-20,0,1,0
324,695,803,132,70,12,<=70,11-20,0,1,1
324,91,92,133,73,11,71-80,11-20,0,1,1
324,91,93,133,73,11,71-80,11-20,0,1,1
324,91,94,133,73,11,71-80,11-20,0,1,1
324,91,95,133,73,11,71-80,11-20,0,1,1
324,91,648,133,73,11,71-80,11-20,0,2,0
324,91,805,133,73,11,71-80,11-20,0,1,1
324,91,862,133,73,11,71-80,11-20,0,1,1
324,92,93,133,73,11,71-80,11-20,0,1,1
324,92,94,133,73,11,71-80,11-20,0,1,1
324,92,95,133,73,11,71-80,11-20,0,1,1
324,92,648,133,73,11,71-80,11-20,0,2,0
324,92,805,133,73,11,71-80,11-20,0,1,1
324,92,862,133,73,11,71-80,11-20,0,1,1
324,93,94,133,73,11,71-80,11-20,0,1,1
324,93,95,133,73,11,71-80,11-20,0,1,1
324,93,648,133,73,11,71-80,11-20,0,2,0
324,93,805,133,73,11,71-80,11-20,0,1,1
324,93,862,133,73,11,71-80,11-20,0,1,1
324,94,95,133,73,11,71-80,11-20,0,1,1
324,94,648,133,73,11,71-80,11-20,0,2,0
324,94,805,133,73,11,71-80,11-20,0,1,1
324,94,862,133,73,11,71-80,11-20,0,1,1
324,95,648,133,73,11,71-80,11-20,0,2,0
324,95,805,133,73,11,71-80,11-20,0,1,1
324,95,862,133,73,11,71-80,11-20,0,1,1
324,648,805,133,75,11,71-80,11-20,0,2,0
324,648,862,133,75,11,71-80,11-20,1,2,0
324,805,862,133,73,11,71-80,11-20,0,1,1
324,96,534,134,100,8,96-100,6-10,0,1,0
324,97,534,134,100,8,96-100,6-10,0,1,0
324,534,535,134,100,8,96-100,6-10,1,2,0
324,239,850,135,71,8,71-80,6-10,0,1,0
324,403,850,135,80,8,71-80,6-10,0,1,0
324,405,850,135,75,8,71-80,6-10,0,1,0
324,415,850,135,80,8,71-80,6-10,0,1,0
324,802,850,135,71,8,71-80,6-10,0,1,0
324,850,851,135,100,8,96-100,6-10,1,2,0
324,407,817,136,80,9,71-80,6-10,0,1,0
324,407,845,136,80,9,71-80,6-10,0,1,0
324,407,846,136,80,9,71-80,6-10,0,1,0
324,407,847,136,80,9,71-80,6-10,0,1,0
324,407,848,136,80,9,71-80,6-10,0,1,0
324,407,859,136,80,9,71-80,6-10,0,1,0
324,817,845,136,70,9,<=70,6-10,0,1,1
324,817,846,136,70,9,<=70,6-10,0,1,1
324,817,847,136,70,9,<=70,6-10,0,1,1
324,817,848,136,70,9,<=70,6-10,0,1,1
324,817,859,136,70,9,<=70,6-10,0,1,1
324,845,846,136,70,9,<=70,6-10,0,1,1
324,845,847,136,70,9,<=70,6-10,0,1,1
324,845,848,136,70,9,<=70,6-10,0,1,1
324,845,859,136,70,9,<=70,6-10,0,1,1
324,846,847,136,70,9,<=70,6-10,0,1,1
324,846,848,136,70,9,<=70,6-10,0,1,1
324,846,859,136,70,9,<=70,6-10,0,1,1
324,847,848,136,70,9,<=70,6-10,0,1,1
324,847,859,136,70,9,<=70,6-10,0,1,1
324,848,859,136,70,9,<=70,6-10,0,1,1
324,811,812,137,71,7,71-80,6-10,0,1,1
324,811,814,137,71,7,71-80,6-10,1,0,1
324,812,814,137,71,7,71-80,6-10,0,1,1
324,252,667,139,84,4,81-90,3-5,0,1,0
324,252,672,139,84,4,81-90,3-5,0,2,0
324,712,713,146,100,6,96-100,6-10,1,2,0
325,612,613,53,100,7,96-100,6-10,1,2,0
325,612,762,53,100,7,96-100,6-10,0,2,0
325,616,617,54,100,17,96-100,11-20,1,2,0
325,616,679,54,100,17,96-100,11-20,0,2,0
325,616,746,54,100,17,96-100,11-20,0,1,0
328,164,165,33,93,4,91-95,3-5,1,0,1
330,109,125,46,71,8,71-80,6-10,0,1,0
330,109,126,46,71,8,71-80,6-10,0,1,0
330,109,599,46,71,8,71-80,6-10,0,2,0
330,109,839,46,71,8,71-80,6-10,0,1,1
330,125,839,46,100,8,96-100,6-10,0,1,0
330,126,839,46,100,8,96-100,6-10,0,1,0
330,599,839,46,75,8,71-80,6-10,0,2,0
330,136,196,49,75,10,71-80,6-10,0,1,0
330,136,198,49,75,10,71-80,6-10,0,1,0
330,137,196,49,75,10,71-80,6-10,0,1,0
330,137,198,49,75,10,71-80,6-10,0,1,0
330,140,196,49,75,10,71-80,6-10,0,1,0
330,140,198,49,75,10,71-80,6-10,0,1,0
330,150,196,49,75,10,71-80,6-10,0,1,0
330,150,198,49,75,10,71-80,6-10,0,1,0
330,152,196,49,75,10,71-80,6-10,0,1,0
330,152,198,49,75,10,71-80,6-10,0,1,0
330,196,198,49,82,10,81-90,6-10,1,0,1
330,743,775,62,100,17,96-100,11-20,0,1,0
330,18,205,78,75,24,71-80,21+,1,0,1
330,18,691,78,75,24,71-80,21+,0,1,0
330,18,692,78,75,24,71-80,21+,0,1,0
330,18,703,78,75,24,71-80,21+,0,1,0
330,18,704,78,75,24,71-80,21+,0,2,0
330,18,842,78,75,24,71-80,21+,0,1,0
330,205,691,78,75,24,71-80,21+,0,1,0
330,205,692,78,75,24,71-80,21+,0,1,0
330,205,703,78,75,24,71-80,21+,0,1,0
330,205,704,78,75,24,71-80,21+,0,2,0
330,205,842,78,75,24,71-80,21+,0,1,0
330,305,476,87,75,16,71-80,11-20,0,1,0
330,306,476,87,75,16,71-80,11-20,0,1,0
330,476,636,87,71,16,71-80,11-20,0,2,0
330,476,642,87,71,16,71-80,11-20,0,2,0
330,476,643,87,71,16,71-80,11-20,0,2,0
330,476,644,87,71,16,71-80,11-20,0,2,0
330,476,726,87,71,16,71-80,11-20,0,1,0
330,176,177,88,71,13,71-80,11-20,1,0,1
330,176,314,88,71,13,71-80,11-20,0,1,0
330,176,315,88,71,13,71-80,11-20,0,1,0
330,176,316,88,71,13,71-80,11-20,0,1,0
330,176,834,88,71,13,71-80,11-20,0,1,0
330,177,314,88,71,13,71-80,11-20,0,1,0
330,177,315,88,71,13,71-80,11-20,0,1,0
330,177,316,88,71,13,71-80,11-20,0,1,0
330,177,834,88,71,13,71-80,11-20,0,1,0
330,178,179,89,83,10,81-90,6-10,1,0,1
330,178,317,89,83,10,81-90,6-10,0,1,0
330,178,318,89,83,10,81-90,6-10,0,1,0
330,178,490,89,83,10,81-90,6-10,0,1,1
330,179,317,89,83,10,81-90,6-10,0,1,0
330,179,318,89,83,10,81-90,6-10,0,1,0
330,179,490,89,83,10,81-90,6-10,0,1,1
330,317,490,89,85,10,81-90,6-10,0,1,0
330,318,490,89,85,10,81-90,6-10,0,1,0
330,337,825,91,90,12,81-90,11-20,0,1,0
330,338,825,91,90,12,81-90,11-20,0,1,0
330,339,825,91,90,12,81-90,11-20,0,1,0
330,621,825,91,100,12,96-100,11-20,1,2,0
330,825,830,91,100,12,96-100,11-20,1,0,0
330,209,213,92,100,17,96-100,11-20,1,0,1
330,209,340,92,100,17,96-100,11-20,0,1,0
330,209,341,92,100,17,96-100,11-20,0,1,0
330,209,342,92,100,17,96-100,11-20,0,1,0
330,209,438,92,100,17,96-100,11-20,0,1,0
330,209,440,92,100,17,96-100,11-20,0,1,0
330,209,496,92,100,17,96-100,11-20,1,2,0
330,209,498,92,100,17,96-100,11-20,1,2,1
330,213,340,92,87,17,81-90,11-20,0,1,0
330,213,341,92,87,17,81-90,11-20,0,1,0
330,213,342,92,87,17,81-90,11-20,0,1,0
330,213,438,92,87,17,81-90,11-20,0,1,0
330,213,440,92,87,17,81-90,11-20,0,1,0
330,213,496,92,87,17,81-90,11-20,1,2,0
330,213,498,92,87,17,81-90,11-20,1,2,1
330,340,498,92,75,17,71-80,11-20,0,2,0
330,341,498,92,75,17,71-80,11-20,0,2,0
330,342,498,92,75,17,71-80,11-20,0,2,0
330,438,498,92,75,17,71-80,11-20,0,2,0
330,440,498,92,75,17,71-80,11-20,0,2,0
330,496,498,92,100,17,96-100,11-20,1,0,0
330,207,211,93,80,20,71-80,11-20,1,0,1
330,207,826,93,80,20,71-80,11-20,1,0,1
330,211,826,93,100,20,96-100,11-20,1,0,1
330,818,828,96,70,8,<=70,6-10,0,1,0
330,828,829,96,76,8,71-80,6-10,1,2,0
330,204,794,98,88,7,81-90,6-10,0,2,0
330,202,497,99,100,9,96-100,6-10,1,2,0
332,136,196,49,75,10,71-80,6-10,0,1,0
332,136,198,49,75,10,71-80,6-10,0,1,0
332,137,196,49,75,10,71-80,6-10,0,1,0
332,137,198,49,75,10,71-80,6-10,0,1,0
332,140,196,49,75,10,71-80,6-10,0,1,0
332,140,198,49,75,10,71-80,6-10,0,1,0
332,150,196,49,75,10,71-80,6-10,0,1,0
332,150,198,49,75,10,71-80,6-10,0,1,0
332,152,196,49,75,10,71-80,6-10,0,1,0
332,152,198,49,75,10,71-80,6-10,0,1,0
332,196,198,49,82,10,81-90,6-10,1,0,1
332,18,205,78,75,24,71-80,21+,1,0,0
332,205,691,78,75,24,71-80,21+,0,1,0
332,205,692,78,75,24,71-80,21+,0,1,0
332,205,703,78,75,24,71-80,21+,0,1,0
332,205,704,78,75,24,71-80,21+,0,2,0
332,205,842,78,75,24,71-80,21+,0,1,0
332,337,825,91,90,12,81-90,11-20,0,1,0
332,338,825,91,90,12,81-90,11-20,0,1,0
332,339,825,91,90,12,81-90,11-20,0,1,0
332,621,825,91,100,12,96-100,11-20,1,2,0
332,825,830,91,100,12,96-100,11-20,1,0,0
332,209,213,92,100,17,96-100,11-20,1,0,0
332,209,498,92,100,17,96-100,11-20,1,2,0
332,213,340,92,87,17,81-90,11-20,0,1,0
332,213,341,92,87,17,81-90,11-20,0,1,0
332,213,342,92,87,17,81-90,11-20,0,1,0
332,213,438,92,87,17,81-90,11-20,0,1,0
332,213,440,92,87,17,81-90,11-20,0,1,0
332,213,496,92,87,17,81-90,11-20,1,2,0
332,213,498,92,87,17,81-90,11-20,1,2,1
332,340,498,92,75,17,71-80,11-20,0,2,0
332,341,498,92,75,17,71-80,11-20,0,2,0
332,342,498,92,75,17,71-80,11-20,0,2,0
332,438,498,92,75,17,71-80,11-20,0,2,0
332,440,498,92,75,17,71-80,11-20,0,2,0
332,496,498,92,100,17,96-100,11-20,1,0,0
332,207,211,93,80,20,71-80,11-20,1,0,0
332,207,826,93,80,20,71-80,11-20,1,0,0
332,818,828,96,70,8,<=70,6-10,0,1,0
332,828,829,96,76,8,71-80,6-10,1,2,0
332,741,867,97,85,19,81-90,11-20,0,1,0
332,742,867,97,85,19,81-90,11-20,0,1,0
332,813,867,97,71,19,71-80,11-20,0,1,0
332,867,868,97,100,19,96-100,11-20,1,2,0
333,710,877,55,75,10,71-80,6-10,0,2,0
333,766,877,55,75,10,71-80,6-10,0,2,0
333,876,877,55,71,10,71-80,6-10,1,0,0
333,743,775,62,100,17,96-100,11-20,0,1,0
333,229,785,73,76,8,71-80,6-10,0,1,0
333,230,785,73,76,8,71-80,6-10,0,1,0
333,764,785,73,92,8,91-95,6-10,1,2,0
333,327,885,74,75,33,71-80,21+,0,1,0
333,328,885,74,75,33,71-80,21+,0,1,0
333,329,885,74,75,33,71-80,21+,0,1,0
333,330,885,74,75,33,71-80,21+,0,1,0
333,332,885,74,75,33,71-80,21+,0,1,0
333,335,885,74,75,33,71-80,21+,0,1,0
333,718,885,74,75,33,71-80,21+,0,1,0
333,787,885,74,75,33,71-80,21+,0,1,0
333,789,885,74,75,33,71-80,21+,0,1,0
333,885,886,74,70,33,<=70,21+,1,2,0
333,18,205,78,75,24,71-80,21+,1,0,1
333,18,691,78,75,24,71-80,21+,0,1,0
333,18,692,78,75,24,71-80,21+,0,1,0
333,18,703,78,75,24,71-80,21+,0,1,0
333,18,704,78,75,24,71-80,21+,0,2,0
333,18,842,78,75,24,71-80,21+,0,1,0
333,205,691,78,75,24,71-80,21+,0,1,0
333,205,692,78,75,24,71-80,21+,0,1,0
333,205,703,78,75,24,71-80,21+,0,1,0
333,205,704,78,75,24,71-80,21+,0,2,0
333,205,842,78,75,24,71-80,21+,0,1,0
333,176,881,88,71,13,71-80,11-20,0,1,0
333,176,882,88,71,13,71-80,11-20,0,1,0
333,177,881,88,71,13,71-80,11-20,0,1,0
333,177,882,88,71,13,71-80,11-20,0,1,0
333,314,881,88,83,13,81-90,11-20,0,1,0
333,314,882,88,83,13,81-90,11-20,0,1,0
333,315,881,88,83,13,81-90,11-20,0,1,0
333,315,882,88,83,13,81-90,11-20,0,1,0
333,316,881,88,83,13,81-90,11-20,0,1,0
333,316,882,88,83,13,81-90,11-20,0,1,0
333,834,881,88,75,13,71-80,11-20,0,1,0
333,834,882,88,75,13,71-80,11-20,0,1,0
333,881,882,88,85,13,81-90,11-20,1,0,1
333,178,490,89,83,10,81-90,6-10,0,1,0
333,178,883,89,83,10,81-90,6-10,0,1,0
333,178,884,89,83,10,81-90,6-10,0,1,0
333,179,490,89,83,10,81-90,6-10,0,1,0
333,179,883,89,83,10,81-90,6-10,0,1,0
333,179,884,89,83,10,81-90,6-10,0,1,0
333,317,490,89,85,10,81-90,6-10,0,1,0
333,317,883,89,85,10,81-90,6-10,0,1,0
333,317,884,89,85,10,81-90,6-10,0,1,0
333,318,490,89,85,10,81-90,6-10,0,1,0
333,318,883,89,85,10,81-90,6-10,0,1,0
333,318,884,89,85,10,81-90,6-10,0,1,0
333,490,883,89,72,10,71-80,6-10,1,0,1
333,490,884,89,72,10,71-80,6-10,1,0,1
333,883,884,89,72,10,71-80,6-10,1,0,1
333,337,825,91,90,12,81-90,11-20,0,1,0
333,337,830,91,90,12,81-90,11-20,0,1,0
333,338,825,91,90,12,81-90,11-20,0,1,0
333,338,830,91,90,12,81-90,11-20,0,1,0
333,339,825,91,90,12,81-90,11-20,0,1,0
333,339,830,91,90,12,81-90,11-20,0,1,0
333,621,825,91,100,12,96-100,11-20,1,2,0
333,621,830,91,100,12,96-100,11-20,1,2,0
333,825,830,91,100,12,96-100,11-20,1,0,1
333,209,213,92,100,17,96-100,11-20,1,0,1
333,209,340,92,100,17,96-100,11-20,0,1,0
333,209,341,92,100,17,96-100,11-20,0,1,0
333,209,342,92,100,17,96-100,11-20,0,1,0
333,209,438,92,100,17,96-100,11-20,0,1,0
333,209,440,92,100,17,96-100,11-20,0,1,0
333,209,496,92,100,17,96-100,11-20,1,2,0
333,209,498,92,100,17,96-100,11-20,1,2,1
333,213,340,92,87,17,81-90,11-20,0,1,0
333,213,341,92,87,17,81-90,11-20,0,1,0
333,213,342,92,87,17,81-90,11-20,0,1,0
333,213,438,92,87,17,81-90,11-20,0,1,0
333,213,440,92,87,17,81-90,11-20,0,1,0
333,213,496,92,87,17,81-90,11-20,1,2,0
333,213,498,92,87,17,81-90,11-20,1,2,1
333,340,498,92,75,17,71-80,11-20,0,2,0
333,341,498,92,75,17,71-80,11-20,0,2,0
333,342,498,92,75,17,71-80,11-20,0,2,0
333,438,498,92,75,17,71-80,11-20,0,2,0
333,440,498,92,75,17,71-80,11-20,0,2,0
333,496,498,92,100,17,96-100,11-20,1,0,0
333,207,211,93,80,20,71-80,11-20,1,0,1
333,207,826,93,80,20,71-80,11-20,1,0,1
333,211,826,93,100,20,96-100,11-20,1,0,1
333,818,828,96,70,8,<=70,6-10,0,1,0
333,828,829,96,76,8,71-80,6-10,1,2,0
333,741,867,97,85,19,81-90,11-20,0,1,0
333,742,867,97,85,19,81-90,11-20,0,1,0
333,813,867,97,71,19,71-80,11-20,0,1,0
333,867,868,97,100,19,96-100,11-20,1,2,0
333,204,485,98,88,7,81-90,6-10,1,2,0
333,204,794,98,88,7,81-90,6-10,0,2,0
333,202,497,99,100,9,96-100,6-10,1,2,0
333,254,255,140,100,5,96-100,3-5,1,0,1
333,260,261,142,100,2,96-100,2 (pair),1,0,1
334,258,259,15,71,7,71-80,6-10,1,0,0
334,70,887,48,100,12,96-100,11-20,0,1,0
334,532,887,48,75,12,71-80,11-20,0,1,0
334,807,887,48,100,12,96-100,11-20,0,1,0
334,808,887,48,100,12,96-100,11-20,0,1,0
334,327,885,74,75,33,71-80,21+,0,1,0
334,328,885,74,75,33,71-80,21+,0,1,0
334,329,885,74,75,33,71-80,21+,0,1,0
334,330,885,74,75,33,71-80,21+,0,1,0
334,332,885,74,75,33,71-80,21+,0,1,0
334,335,885,74,75,33,71-80,21+,0,1,0
334,718,885,74,75,33,71-80,21+,0,1,0
334,787,885,74,75,33,71-80,21+,0,1,0
334,789,885,74,75,33,71-80,21+,0,1,0
334,885,886,74,70,33,<=70,21+,1,2,0
334,888,889,83,100,10,96-100,6-10,1,2,0
334,890,891,84,100,15,96-100,11-20,1,2,0
334,171,816,107,100,10,96-100,6-10,0,1,0
334,816,853,107,73,10,71-80,6-10,0,1,0
334,384,815,129,76,6,71-80,6-10,0,1,0
334,411,815,129,75,6,71-80,6-10,0,1,0
334,412,815,129,75,6,71-80,6-10,0,1,0
334,76,77,130,70,10,<=70,6-10,0,1,1
334,76,78,130,70,10,<=70,6-10,0,1,1
334,76,79,130,70,10,<=70,6-10,0,1,1
334,76,80,130,70,10,<=70,6-10,0,1,1
334,76,81,130,70,10,<=70,6-10,0,1,1
334,76,90,130,70,10,<=70,6-10,0,1,0
334,76,527,130,70,10,<=70,6-10,0,1,0
334,76,529,130,70,10,<=70,6-10,0,2,0
334,76,798,130,70,10,<=70,6-10,0,1,1
334,77,78,130,70,10,<=70,6-10,0,1,1
334,77,79,130,70,10,<=70,6-10,0,1,1
334,77,80,130,70,10,<=70,6-10,0,1,1
334,77,81,130,70,10,<=70,6-10,0,1,1
334,77,90,130,70,10,<=70,6-10,0,1,0
334,77,527,130,70,10,<=70,6-10,0,1,0
334,77,529,130,70,10,<=70,6-10,0,2,0
334,77,798,130,70,10,<=70,6-10,0,1,1
334,78,79,130,70,10,<=70,6-10,0,1,1
334,78,80,130,70,10,<=70,6-10,0,1,1
334,78,81,130,70,10,<=70,6-10,0,1,1
334,78,90,130,70,10,<=70,6-10,0,1,0
334,78,527,130,70,10,<=70,6-10,0,1,0
334,78,529,130,70,10,<=70,6-10,0,2,0
334,78,798,130,70,10,<=70,6-10,0,1,1
334,79,80,130,70,10,<=70,6-10,0,1,1
334,79,81,130,70,10,<=70,6-10,0,1,1
334,79,90,130,70,10,<=70,6-10,1,0,0
334,79,527,130,70,10,<=70,6-10,0,1,0
334,79,529,130,70,10,<=70,6-10,0,2,0
334,79,798,130,70,10,<=70,6-10,0,1,1
334,80,81,130,70,10,<=70,6-10,0,1,1
334,80,90,130,70,10,<=70,6-10,0,1,0
334,80,527,130,70,10,<=70,6-10,0,1,0
334,80,529,130,70,10,<=70,6-10,0,2,0
334,80,798,130,70,10,<=70,6-10,0,1,1
334,81,90,130,70,10,<=70,6-10,0,1,0
334,81,527,130,70,10,<=70,6-10,0,1,0
334,81,529,130,70,10,<=70,6-10,0,2,0
334,81,798,130,70,10,<=70,6-10,0,1,1
334,90,798,130,71,10,71-80,6-10,0,1,0
334,527,798,130,100,10,96-100,6-10,0,1,0
334,529,798,130,100,10,96-100,6-10,0,2,0
334,82,83,131,71,14,71-80,11-20,1,0,0
334,82,99,131,71,14,71-80,11-20,0,1,0
334,82,245,131,71,14,71-80,11-20,0,1,0
334,82,247,131,71,14,71-80,11-20,0,1,0
334,82,799,131,71,14,71-80,11-20,0,1,0
334,82,800,131,71,14,71-80,11-20,0,1,0
334,82,801,131,71,14,71-80,11-20,0,1,0
334,83,98,131,71,14,71-80,11-20,0,1,0
334,83,99,131,71,14,71-80,11-20,0,1,1
334,83,244,131,71,14,71-80,11-20,0,1,0
334,83,245,131,71,14,71-80,11-20,0,1,1
334,83,246,131,71,14,71-80,11-20,0,1,0
334,83,247,131,71,14,71-80,11-20,0,1,1
334,83,355,131,71,14,71-80,11-20,0,1,0
334,83,799,131,71,14,71-80,11-20,0,1,1
334,83,800,131,71,14,71-80,11-20,0,1,1
334,83,801,131,71,14,71-80,11-20,0,1,1
334,98,99,131,71,14,71-80,11-20,1,0,0
334,98,245,131,71,14,71-80,11-20,0,1,0
334,98,247,131,71,14,71-80,11-20,0,1,0
334,98,799,131,71,14,71-80,11-20,0,1,0
334,98,800,131,71,14,71-80,11-20,0,1,0
334,98,801,131,71,14,71-80,11-20,0,1,0
334,99,244,131,71,14,71-80,11-20,0,1,0
334,99,245,131,71,14,71-80,11-20,0,1,1
334,99,246,131,71,14,71-80,11-20,0,1,0
334,99,247,131,71,14,71-80,11-20,0,1,1
334,99,355,131,71,14,71-80,11-20,0,1,0
334,99,799,131,71,14,71-80,11-20,0,1,1
334,99,800,131,71,14,71-80,11-20,0,1,1
334,99,801,131,71,14,71-80,11-20,0,1,1
334,244,245,131,71,14,71-80,11-20,1,0,0
334,244,247,131,71,14,71-80,11-20,0,1,0
334,244,799,131,71,14,71-80,11-20,0,1,0
334,244,800,131,71,14,71-80,11-20,0,1,0
334,244,801,131,71,14,71-80,11-20,0,1,0
334,245,246,131,71,14,71-80,11-20,0,1,0
334,245,247,131,71,14,71-80,11-20,0,1,1
334,245,355,131,71,14,71-80,11-20,0,1,0
334,245,799,131,71,14,71-80,11-20,0,1,1
334,245,800,131,71,14,71-80,11-20,0,1,1
334,245,801,131,71,14,71-80,11-20,0,1,1
334,246,247,131,71,14,71-80,11-20,1,0,0
334,246,799,131,71,14,71-80,11-20,0,1,0
334,246,800,131,71,14,71-80,11-20,0,1,0
334,246,801,131,71,14,71-80,11-20,0,1,0
334,247,355,131,71,14,71-80,11-20,0,1,0
334,247,799,131,71,14,71-80,11-20,0,1,1
334,247,800,131,71,14,71-80,11-20,0,1,1
334,247,801,131,71,14,71-80,11-20,0,1,1
334,355,799,131,80,14,71-80,11-20,0,1,0
334,355,800,131,80,14,71-80,11-20,0,1,0
334,355,801,131,80,14,71-80,11-20,0,1,0
334,799,800,131,71,14,71-80,11-20,0,1,1
334,799,801,131,71,14,71-80,11-20,0,1,1
334,800,801,131,71,14,71-80,11-20,0,1,1
335,59,894,42,100,11,96-100,11-20,0,2,0
335,60,894,42,100,11,96-100,11-20,0,2,0
335,61,894,42,100,11,96-100,11-20,0,2,0
335,18,205,78,75,24,71-80,21+,1,0,0
335,18,691,78,75,24,71-80,21+,0,1,0
335,18,692,78,75,24,71-80,21+,0,1,0
335,18,703,78,75,24,71-80,21+,0,1,0
335,18,704,78,75,24,71-80,21+,0,2,0
335,18,842,78,75,24,71-80,21+,0,1,0
335,888,889,83,100,10,96-100,6-10,1,2,0
335,890,891,84,100,15,96-100,11-20,1,2,0
335,792,897,100,72,13,71-80,11-20,0,2,0
335,793,897,100,72,13,71-80,11-20,0,2,0
335,897,898,100,96,13,96-100,11-20,1,2,0
335,637,838,116,100,2,96-100,2 (pair),0,1,0
335,76,81,130,70,10,<=70,6-10,0,1,0
335,76,529,130,70,10,<=70,6-10,0,2,0
335,77,81,130,70,10,<=70,6-10,0,1,0
335,77,529,130,70,10,<=70,6-10,0,2,0
335,78,81,130,70,10,<=70,6-10,0,1,0
335,78,529,130,70,10,<=70,6-10,0,2,0
335,79,81,130,70,10,<=70,6-10,0,1,0
335,79,529,130,70,10,<=70,6-10,0,2,0
335,80,81,130,70,10,<=70,6-10,0,1,0
335,80,529,130,70,10,<=70,6-10,0,2,0
335,81,90,130,70,10,<=70,6-10,0,1,0
335,81,527,130,70,10,<=70,6-10,0,1,0
335,81,529,130,70,10,<=70,6-10,0,2,1
335,81,798,130,70,10,<=70,6-10,0,1,0
335,90,529,130,71,10,71-80,6-10,0,2,0
335,527,529,130,100,10,96-100,6-10,1,2,0
335,529,798,130,100,10,96-100,6-10,0,2,0
335,96,535,134,100,8,96-100,6-10,0,2,0
335,97,535,134,100,8,96-100,6-10,0,2,0
335,534,535,134,100,8,96-100,6-10,1,2,0
335,239,895,135,71,8,71-80,6-10,0,1,0
335,403,895,135,80,8,71-80,6-10,0,1,0
335,405,895,135,75,8,71-80,6-10,0,1,0
335,415,895,135,80,8,71-80,6-10,0,1,0
335,802,895,135,71,8,71-80,6-10,0,1,0
335,850,895,135,100,8,96-100,6-10,0,1,0
335,851,895,135,100,8,96-100,6-10,0,2,0
335,256,257,141,100,6,96-100,6-10,0,1,0
335,260,261,142,100,2,96-100,2 (pair),1,0,1
335,712,713,146,100,6,96-100,6-10,1,2,1
335,656,657,162,100,17,96-100,11-20,1,2,0
335,656,733,162,100,17,96-100,11-20,0,1,0
335,656,734,162,100,17,96-100,11-20,0,1,0
335,656,736,162,100,17,96-100,11-20,0,1,0
335,656,737,162,100,17,96-100,11-20,0,1,0
338,70,532,48,100,12,96-100,11-20,0,1,0
338,70,807,48,100,12,96-100,11-20,0,1,0
338,70,808,48,100,12,96-100,11-20,0,1,0
338,327,789,74,75,33,71-80,21+,0,1,0
338,328,789,74,75,33,71-80,21+,0,1,0
338,329,789,74,75,33,71-80,21+,0,1,0
338,330,789,74,75,33,71-80,21+,0,1,0
338,332,789,74,75,33,71-80,21+,0,1,0
338,335,789,74,75,33,71-80,21+,0,1,0
338,718,789,74,75,33,71-80,21+,0,1,0
338,787,789,74,75,33,71-80,21+,1,0,0
338,331,788,75,75,7,71-80,6-10,0,1,0
338,333,788,75,75,7,71-80,6-10,0,1,0
338,18,205,78,75,24,71-80,21+,1,0,1
338,18,691,78,75,24,71-80,21+,0,1,0
338,18,692,78,75,24,71-80,21+,0,1,0
338,18,703,78,75,24,71-80,21+,0,1,0
338,18,704,78,75,24,71-80,21+,0,2,0
338,18,842,78,75,24,71-80,21+,0,1,0
338,205,691,78,75,24,71-80,21+,0,1,0
338,205,692,78,75,24,71-80,21+,0,1,0
338,205,703,78,75,24,71-80,21+,0,1,0
338,205,704,78,75,24,71-80,21+,0,2,0
338,205,842,78,75,24,71-80,21+,0,1,0
338,176,881,88,71,13,71-80,11-20,0,1,0
338,176,882,88,71,13,71-80,11-20,0,1,0
338,177,881,88,71,13,71-80,11-20,0,1,0
338,177,882,88,71,13,71-80,11-20,0,1,0
338,314,881,88,83,13,81-90,11-20,0,1,0
338,314,882,88,83,13,81-90,11-20,0,1,0
338,315,881,88,83,13,81-90,11-20,0,1,0
338,315,882,88,83,13,81-90,11-20,0,1,0
338,316,881,88,83,13,81-90,11-20,0,1,0
338,316,882,88,83,13,81-90,11-20,0,1,0
338,834,881,88,75,13,71-80,11-20,0,1,0
338,834,882,88,75,13,71-80,11-20,0,1,0
338,881,882,88,85,13,81-90,11-20,1,0,1
338,178,490,89,83,10,81-90,6-10,0,1,0
338,178,883,89,83,10,81-90,6-10,0,1,0
338,178,884,89,83,10,81-90,6-10,0,1,0
338,179,490,89,83,10,81-90,6-10,0,1,0
338,179,883,89,83,10,81-90,6-10,0,1,0
338,179,884,89,83,10,81-90,6-10,0,1,0
338,317,490,89,85,10,81-90,6-10,0,1,0
338,317,883,89,85,10,81-90,6-10,0,1,0
338,317,884,89,85,10,81-90,6-10,0,1,0
338,318,490,89,85,10,81-90,6-10,0,1,0
338,318,883,89,85,10,81-90,6-10,0,1,0
338,318,884,89,85,10,81-90,6-10,0,1,0
338,490,883,89,72,10,71-80,6-10,1,0,1
338,490,884,89,72,10,71-80,6-10,1,0,1
338,883,884,89,72,10,71-80,6-10,1,0,1
338,337,825,91,90,12,81-90,11-20,0,1,0
338,337,830,91,90,12,81-90,11-20,0,1,0
338,338,825,91,90,12,81-90,11-20,0,1,0
338,338,830,91,90,12,81-90,11-20,0,1,0
338,339,825,91,90,12,81-90,11-20,0,1,0
338,339,830,91,90,12,81-90,11-20,0,1,0
338,621,825,91,100,12,96-100,11-20,1,2,0
338,621,830,91,100,12,96-100,11-20,1,2,0
338,825,830,91,100,12,96-100,11-20,1,0,1
338,209,213,92,100,17,96-100,11-20,1,0,1
338,209,340,92,100,17,96-100,11-20,0,1,0
338,209,341,92,100,17,96-100,11-20,0,1,0
338,209,342,92,100,17,96-100,11-20,0,1,0
338,209,438,92,100,17,96-100,11-20,0,1,0
338,209,440,92,100,17,96-100,11-20,0,1,0
338,209,496,92,100,17,96-100,11-20,1,2,0
338,209,498,92,100,17,96-100,11-20,1,2,1
338,213,340,92,87,17,81-90,11-20,0,1,0
338,213,341,92,87,17,81-90,11-20,0,1,0
338,213,342,92,87,17,81-90,11-20,0,1,0
338,213,438,92,87,17,81-90,11-20,0,1,0
338,213,440,92,87,17,81-90,11-20,0,1,0
338,213,496,92,87,17,81-90,11-20,1,2,0
338,213,498,92,87,17,81-90,11-20,1,2,1
338,340,498,92,75,17,71-80,11-20,0,2,0
338,341,498,92,75,17,71-80,11-20,0,2,0
338,342,498,92,75,17,71-80,11-20,0,2,0
338,438,498,92,75,17,71-80,11-20,0,2,0
338,440,498,92,75,17,71-80,11-20,0,2,0
338,496,498,92,100,17,96-100,11-20,1,0,0
338,211,826,93,100,20,96-100,11-20,1,0,1
338,818,828,96,70,8,<=70,6-10,0,1,0
338,828,829,96,76,8,71-80,6-10,1,2,0
338,741,742,97,85,19,81-90,11-20,1,0,1
338,741,813,97,85,19,81-90,11-20,0,1,0
338,741,867,97,85,19,81-90,11-20,0,1,1
338,741,868,97,85,19,81-90,11-20,0,2,0
338,742,813,97,85,19,81-90,11-20,0,1,0
338,742,867,97,85,19,81-90,11-20,0,1,1
338,742,868,97,85,19,81-90,11-20,0,2,0
338,813,867,97,71,19,71-80,11-20,0,1,0
338,867,868,97,100,19,96-100,11-20,1,2,0
338,204,485,98,88,7,81-90,6-10,1,2,0
338,202,497,99,100,9,96-100,6-10,1,2,0
338,781,782,117,86,4,81-90,3-5,1,0,0
338,239,403,135,71,8,71-80,6-10,0,1,0
338,239,405,135,71,8,71-80,6-10,0,1,0
338,239,415,135,71,8,71-80,6-10,0,1,0
338,403,405,135,80,8,71-80,6-10,1,0,1
338,403,415,135,80,8,71-80,6-10,1,1,1
338,403,802,135,80,8,71-80,6-10,0,1,0
338,403,850,135,80,8,71-80,6-10,0,1,0
338,403,851,135,80,8,71-80,6-10,0,3,0
338,403,895,135,80,8,71-80,6-10,0,1,0
338,405,415,135,75,8,71-80,6-10,1,1,1
338,405,802,135,75,8,71-80,6-10,0,1,0
338,405,850,135,75,8,71-80,6-10,0,1,0
338,405,851,135,75,8,71-80,6-10,0,3,0
338,405,895,135,75,8,71-80,6-10,0,1,0
338,415,802,135,80,8,71-80,6-10,0,1,0
338,415,850,135,80,8,71-80,6-10,0,1,0
338,415,851,135,80,8,71-80,6-10,0,2,0
338,415,895,135,80,8,71-80,6-10,0,1,0
338,407,817,136,80,9,71-80,6-10,0,1,0
338,407,845,136,80,9,71-80,6-10,0,1,0
338,407,846,136,80,9,71-80,6-10,0,1,0
338,407,847,136,80,9,71-80,6-10,0,1,0
338,407,848,136,80,9,71-80,6-10,0,1,0
338,407,859,136,80,9,71-80,6-10,0,1,0
338,345,346,148,75,10,71-80,6-10,1,1,0
338,358,363,149,80,10,71-80,6-10,1,1,1
338,358,693,149,80,10,71-80,6-10,1,0,1
338,363,693,149,80,10,71-80,6-10,1,1,1
338,356,361,150,83,11,81-90,11-20,1,1,1
338,356,365,150,83,11,81-90,11-20,1,0,1
338,356,371,150,83,11,81-90,11-20,1,1,1
338,356,373,150,83,11,81-90,11-20,1,1,1
338,361,365,150,83,11,81-90,11-20,1,1,1
338,361,371,150,83,11,81-90,11-20,1,0,1
338,361,373,150,83,11,81-90,11-20,1,0,1
338,365,371,150,83,11,81-90,11-20,1,1,1
338,365,373,150,83,11,81-90,11-20,1,1,1
338,371,373,150,83,11,81-90,11-20,1,0,1
338,390,391,152,85,16,81-90,11-20,1,0,1
338,390,392,152,85,16,81-90,11-20,1,0,1
338,390,394,152,85,16,81-90,11-20,1,0,1
338,390,429,152,85,16,81-90,11-20,1,1,1
338,391,392,152,85,16,81-90,11-20,1,0,1
338,391,394,152,85,16,81-90,11-20,1,0,1
338,391,429,152,85,16,81-90,11-20,1,1,1
338,392,394,152,85,16,81-90,11-20,1,0,1
338,392,429,152,85,16,81-90,11-20,1,1,1
338,394,429,152,85,16,81-90,11-20,1,1,1
338,307,416,153,85,12,81-90,11-20,0,1,0
338,307,417,153,85,12,81-90,11-20,0,1,0
338,308,416,153,85,12,81-90,11-20,0,1,0
338,308,417,153,85,12,81-90,11-20,0,1,0
338,416,417,153,80,12,71-80,11-20,1,0,1
338,416,658,153,80,12,71-80,11-20,0,1,0
338,416,659,153,80,12,71-80,11-20,0,1,0
338,417,658,153,80,12,71-80,11-20,0,1,0
338,417,659,153,80,12,71-80,11-20,0,1,0
338,404,408,154,80,10,71-80,6-10,1,1,1
338,404,414,154,80,10,71-80,6-10,1,0,1
338,408,414,154,80,10,71-80,6-10,1,1,1
341,712,713,146,100,6,96-100,6-10,1,2,0
342,712,713,146,100,6,96-100,6-10,1,2,0
359,280,281,119,77,6,71-80,6-10,1,0,0
360,297,870,8,100,9,96-100,6-10,0,1,0
360,298,870,8,100,9,96-100,6-10,0,1,0
360,299,870,8,100,9,96-100,6-10,0,1,0
360,300,870,8,100,9,96-100,6-10,0,1,0
360,128,716,47,75,33,71-80,21+,0,1,0
360,130,716,47,75,33,71-80,21+,0,1,0
360,716,863,47,80,33,71-80,21+,0,2,0
360,716,864,47,80,33,71-80,21+,0,2,0
360,716,865,47,80,33,71-80,21+,0,2,0
360,716,866,47,80,33,71-80,21+,0,2,0
360,716,969,47,80,33,71-80,21+,0,1,1
360,716,970,47,80,33,71-80,21+,0,1,1
360,716,971,47,80,33,71-80,21+,0,1,1
360,716,972,47,80,33,71-80,21+,1,0,1
360,716,973,47,80,33,71-80,21+,0,1,1
360,716,974,47,80,33,71-80,21+,0,1,1
360,716,975,47,80,33,71-80,21+,0,1,1
360,716,976,47,80,33,71-80,21+,0,1,1
360,716,977,47,80,33,71-80,21+,0,1,1
360,716,978,47,80,33,71-80,21+,0,1,1
360,710,766,55,75,10,71-80,6-10,0,1,0
360,710,876,55,75,10,71-80,6-10,0,2,0
360,710,877,55,75,10,71-80,6-10,0,2,0
360,18,691,78,75,24,71-80,21+,0,1,0
360,18,692,78,75,24,71-80,21+,0,1,0
360,18,703,78,75,24,71-80,21+,0,1,0
360,18,704,78,75,24,71-80,21+,0,2,0
360,18,842,78,75,24,71-80,21+,0,1,0
360,337,830,91,90,12,81-90,11-20,0,1,0
360,338,830,91,90,12,81-90,11-20,0,1,0
360,339,830,91,90,12,81-90,11-20,0,1,0
360,213,340,92,87,17,81-90,11-20,0,1,0
360,213,341,92,87,17,81-90,11-20,0,1,0
360,213,342,92,87,17,81-90,11-20,0,1,0
360,213,438,92,87,17,81-90,11-20,0,1,0
360,213,440,92,87,17,81-90,11-20,0,1,0
360,213,498,92,87,17,81-90,11-20,1,2,1
360,340,498,92,75,17,71-80,11-20,0,2,0
360,341,498,92,75,17,71-80,11-20,0,2,0
360,342,498,92,75,17,71-80,11-20,0,2,0
360,438,498,92,75,17,71-80,11-20,0,2,0
360,440,498,92,75,17,71-80,11-20,0,2,0
360,741,813,97,85,19,81-90,11-20,0,1,0
360,742,813,97,85,19,81-90,11-20,0,1,0
360,822,823,125,83,15,81-90,11-20,1,0,1
360,822,824,125,83,15,81-90,11-20,1,0,1
360,822,849,125,83,15,81-90,11-20,0,1,0
360,823,824,125,83,15,81-90,11-20,1,0,1
360,823,849,125,83,15,81-90,11-20,0,1,0
360,824,849,125,83,15,81-90,11-20,0,1,0
360,82,83,131,71,14,71-80,11-20,1,0,1
360,82,98,131,71,14,71-80,11-20,0,1,1
360,82,99,131,71,14,71-80,11-20,0,1,1
360,82,244,131,71,14,71-80,11-20,0,1,1
360,82,245,131,71,14,71-80,11-20,0,1,1
360,82,246,131,71,14,71-80,11-20,0,1,1
360,82,247,131,71,14,71-80,11-20,0,1,1
360,82,355,131,71,14,71-80,11-20,0,1,0
360,82,799,131,71,14,71-80,11-20,0,1,1
360,82,800,131,71,14,71-80,11-20,0,1,1
360,82,801,131,71,14,71-80,11-20,0,1,1
360,83,98,131,71,14,71-80,11-20,0,1,1
360,83,99,131,71,14,71-80,11-20,0,1,1
360,83,244,131,71,14,71-80,11-20,0,1,1
360,83,245,131,71,14,71-80,11-20,0,1,1
360,83,246,131,71,14,71-80,11-20,0,1,1
360,83,247,131,71,14,71-80,11-20,0,1,1
360,83,355,131,71,14,71-80,11-20,0,1,0
360,83,799,131,71,14,71-80,11-20,0,1,1
360,83,800,131,71,14,71-80,11-20,0,1,1
360,83,801,131,71,14,71-80,11-20,0,1,1
360,98,99,131,71,14,71-80,11-20,1,0,1
360,98,244,131,71,14,71-80,11-20,0,1,1
360,98,245,131,71,14,71-80,11-20,0,1,1
360,98,246,131,71,14,71-80,11-20,0,1,1
360,98,247,131,71,14,71-80,11-20,0,1,1
360,98,355,131,71,14,71-80,11-20,0,1,0
360,98,799,131,71,14,71-80,11-20,0,1,1
360,98,800,131,71,14,71-80,11-20,0,1,1
360,98,801,131,71,14,71-80,11-20,0,1,1
360,99,244,131,71,14,71-80,11-20,0,1,1
360,99,245,131,71,14,71-80,11-20,0,1,1
360,99,246,131,71,14,71-80,11-20,0,1,1
360,99,247,131,71,14,71-80,11-20,0,1,1
360,99,355,131,71,14,71-80,11-20,0,1,0
360,99,799,131,71,14,71-80,11-20,0,1,1
360,99,800,131,71,14,71-80,11-20,0,1,1
360,99,801,131,71,14,71-80,11-20,0,1,1
360,244,245,131,71,14,71-80,11-20,1,0,1
360,244,246,131,71,14,71-80,11-20,0,1,1
360,244,247,131,71,14,71-80,11-20,0,1,1
360,244,355,131,71,14,71-80,11-20,0,1,0
360,244,799,131,71,14,71-80,11-20,0,1,1
360,244,800,131,71,14,71-80,11-20,0,1,1
360,244,801,131,71,14,71-80,11-20,0,1,1
360,245,246,131,71,14,71-80,11-20,0,1,1
360,245,247,131,71,14,71-80,11-20,0,1,1
360,245,355,131,71,14,71-80,11-20,0,1,0
360,245,799,131,71,14,71-80,11-20,0,1,1
360,245,800,131,71,14,71-80,11-20,0,1,1
360,245,801,131,71,14,71-80,11-20,0,1,1
360,246,247,131,71,14,71-80,11-20,1,0,1
360,246,355,131,71,14,71-80,11-20,0,1,0
360,246,799,131,71,14,71-80,11-20,0,1,1
360,246,800,131,71,14,71-80,11-20,0,1,1
360,246,801,131,71,14,71-80,11-20,0,1,1
360,247,355,131,71,14,71-80,11-20,0,1,0
360,247,799,131,71,14,71-80,11-20,0,1,1
360,247,800,131,71,14,71-80,11-20,0,1,1
360,247,801,131,71,14,71-80,11-20,0,1,1
360,355,799,131,80,14,71-80,11-20,0,1,0
360,355,800,131,80,14,71-80,11-20,0,1,0
360,355,801,131,80,14,71-80,11-20,0,1,0
360,799,800,131,71,14,71-80,11-20,0,1,1
360,799,801,131,71,14,71-80,11-20,0,1,1
360,800,801,131,71,14,71-80,11-20,0,1,1
360,239,403,135,71,8,71-80,6-10,0,1,0
360,239,405,135,71,8,71-80,6-10,0,1,0
360,239,415,135,71,8,71-80,6-10,0,1,0
360,239,802,135,71,8,71-80,6-10,0,1,1
360,239,895,135,71,8,71-80,6-10,0,1,0
360,403,802,135,80,8,71-80,6-10,0,1,0
360,405,802,135,75,8,71-80,6-10,0,1,0
360,415,802,135,80,8,71-80,6-10,0,1,0
360,802,895,135,71,8,71-80,6-10,0,1,0
360,407,817,136,80,9,71-80,6-10,0,1,0
360,817,845,136,70,9,<=70,6-10,0,1,0
360,817,846,136,70,9,<=70,6-10,0,1,0
360,817,847,136,70,9,<=70,6-10,0,1,0
360,817,848,136,70,9,<=70,6-10,0,1,0
360,817,859,136,70,9,<=70,6-10,0,1,0
360,811,812,137,71,7,71-80,6-10,0,1,0
360,812,814,137,71,7,71-80,6-10,0,1,0
360,241,242,138,83,4,81-90,3-5,1,0,1
360,241,243,138,83,4,81-90,3-5,1,0,1
360,242,243,138,83,4,81-90,3-5,1,0,1
360,254,255,140,100,5,96-100,3-5,1,0,1
360,256,257,141,100,6,96-100,6-10,0,1,0
360,819,820,145,83,3,81-90,3-5,1,0,1
360,819,821,145,83,3,81-90,3-5,1,0,1
360,820,821,145,83,3,81-90,3-5,1,0,1
361,176,984,88,71,13,71-80,11-20,0,1,0
361,177,984,88,71,13,71-80,11-20,0,1,0
361,314,984,88,83,13,81-90,11-20,0,1,0
361,315,984,88,83,13,81-90,11-20,0,1,0
361,316,984,88,83,13,81-90,11-20,0,1,0
361,834,984,88,75,13,71-80,11-20,0,1,0
361,178,979,89,83,10,81-90,6-10,0,1,0
361,178,980,89,83,10,81-90,6-10,0,1,0
361,179,979,89,83,10,81-90,6-10,0,1,0
361,179,980,89,83,10,81-90,6-10,0,1,0
361,317,979,89,85,10,81-90,6-10,0,1,0
361,317,980,89,85,10,81-90,6-10,0,1,0
361,318,979,89,85,10,81-90,6-10,0,1,0
361,318,980,89,85,10,81-90,6-10,0,1,0
361,979,980,89,85,10,81-90,6-10,1,0,1
361,283,892,113,100,8,96-100,6-10,0,1,0
361,283,893,113,100,8,96-100,6-10,0,1,0
361,892,893,113,81,8,81-90,6-10,1,0,1
367,811,812,137,71,7,71-80,6-10,0,1,0
367,811,814,137,71,7,71-80,6-10,1,0,1
367,812,814,137,71,7,71-80,6-10,0,1,0
370,301,747,9,100,19,96-100,11-20,0,2,0
370,301,860,9,100,19,96-100,11-20,0,2,0
370,301,861,9,100,19,96-100,11-20,0,2,0
370,302,747,9,100,19,96-100,11-20,0,2,0
370,302,860,9,100,19,96-100,11-20,0,2,0
370,302,861,9,100,19,96-100,11-20,0,2,0
370,303,747,9,100,19,96-100,11-20,0,2,0
370,303,860,9,100,19,96-100,11-20,0,2,0
370,303,861,9,100,19,96-100,11-20,0,2,0
370,304,747,9,100,19,96-100,11-20,0,2,0
370,304,860,9,100,19,96-100,11-20,0,2,0
370,304,861,9,100,19,96-100,11-20,0,2,0
370,747,767,9,75,19,71-80,11-20,0,1,0
370,747,860,9,75,19,71-80,11-20,1,0,1
370,747,861,9,75,19,71-80,11-20,1,0,1
370,767,860,9,75,19,71-80,11-20,0,1,0
370,767,861,9,75,19,71-80,11-20,0,1,0
370,860,861,9,75,19,71-80,11-20,1,0,1
370,896,968,37,75,15,71-80,11-20,0,2,0
370,963,968,37,76,15,71-80,11-20,0,4,0
370,964,968,37,76,15,71-80,11-20,0,4,0
370,965,968,37,76,15,71-80,11-20,0,4,0
370,679,746,54,75,17,71-80,11-20,0,2,0
374,390,989,152,85,16,81-90,11-20,0,1,0
374,391,989,152,85,16,81-90,11-20,0,1,0
374,392,989,152,85,16,81-90,11-20,0,1,0
374,394,989,152,85,16,81-90,11-20,0,1,0
374,429,989,152,85,16,81-90,11-20,0,1,0
374,989,990,152,80,16,71-80,11-20,0,1,0
377,269,638,80,80,12,71-80,11-20,0,2,0
377,451,638,80,97,12,96-100,11-20,0,2,0
381,128,863,47,75,33,71-80,21+,0,2,0
381,130,863,47,75,33,71-80,21+,0,2,0
381,716,863,47,80,33,71-80,21+,0,2,0
381,863,864,47,100,33,96-100,21+,0,1,0
381,863,865,47,100,33,96-100,21+,0,1,0
381,863,866,47,100,33,96-100,21+,0,1,0
381,863,969,47,100,33,96-100,21+,0,2,0
381,863,970,47,100,33,96-100,21+,0,2,0
381,863,971,47,100,33,96-100,21+,0,2,0
381,863,972,47,100,33,96-100,21+,0,2,0
381,863,973,47,100,33,96-100,21+,0,2,0
381,863,974,47,100,33,96-100,21+,0,2,0
381,863,975,47,100,33,96-100,21+,0,2,0
381,863,976,47,100,33,96-100,21+,0,2,0
381,863,977,47,100,33,96-100,21+,0,2,0
381,863,978,47,100,33,96-100,21+,0,2,0
381,863,988,47,100,33,96-100,21+,0,2,0
387,724,992,95,71,11,71-80,11-20,0,1,0
387,724,993,95,71,11,71-80,11-20,0,1,0
387,745,992,95,71,11,71-80,11-20,0,1,0
387,745,993,95,71,11,71-80,11-20,0,1,0
387,992,993,95,77,11,71-80,11-20,1,0,1
412,53,54,40,100,9,96-100,6-10,0,1,0
412,53,55,40,100,9,96-100,6-10,0,1,0
414,53,54,40,100,9,96-100,6-10,0,1,0
414,53,55,40,100,9,96-100,6-10,0,1,0
414,54,55,40,100,9,96-100,6-10,0,1,1
420,18,998,78,75,24,71-80,21+,0,1,0
420,691,998,78,75,24,71-80,21+,0,1,0
420,692,998,78,75,24,71-80,21+,0,1,0
420,703,998,78,75,24,71-80,21+,0,1,0
420,704,998,78,75,24,71-80,21+,0,2,0
420,842,998,78,75,24,71-80,21+,0,1,0
420,305,994,87,75,16,71-80,11-20,0,1,0
420,306,994,87,75,16,71-80,11-20,0,1,0
420,476,994,87,71,16,71-80,11-20,0,1,0
420,642,994,87,71,16,71-80,11-20,0,2,0
420,643,994,87,71,16,71-80,11-20,0,2,0
420,644,994,87,71,16,71-80,11-20,0,2,0
420,726,994,87,75,16,71-80,11-20,0,1,0
430,459,524,81,91,15,91-95,11-20,0,1,0
430,524,640,81,75,15,71-80,11-20,0,2,0
430,84,268,132,70,12,<=70,11-20,0,1,0
430,85,268,132,70,12,<=70,11-20,0,1,0
430,86,268,132,70,12,<=70,11-20,0,1,0
430,87,268,132,70,12,<=70,11-20,0,1,0
430,88,268,132,70,12,<=70,11-20,0,1,0
430,89,268,132,70,12,<=70,11-20,0,1,0
430,268,695,132,80,12,71-80,11-20,0,1,0
430,268,803,132,80,12,71-80,11-20,0,1,0
438,710,766,55,75,10,71-80,6-10,0,1,0
438,710,876,55,75,10,71-80,6-10,0,2,0
438,710,877,55,75,10,71-80,6-10,0,2,0
438,999,1000,67,100,6,96-100,6-10,1,0,0
438,190,1001,114,75,6,71-80,6-10,0,1,0
448,317,979,89,85,10,81-90,6-10,0,1,0
448,317,980,89,85,10,81-90,6-10,0,1,0
448,318,979,89,85,10,81-90,6-10,0,1,0
448,318,980,89,85,10,81-90,6-10,0,1,0
448,979,980,89,85,10,81-90,6-10,1,0,1
450,70,532,48,100,12,96-100,11-20,0,1,0
450,70,807,48,100,12,96-100,11-20,0,1,0
450,70,808,48,100,12,96-100,11-20,0,1,0
450,239,403,135,71,8,71-80,6-10,0,1,0
450,239,415,135,71,8,71-80,6-10,0,1,0
450,403,405,135,80,8,71-80,6-10,1,0,1
450,403,415,135,80,8,71-80,6-10,1,1,1
450,403,802,135,80,8,71-80,6-10,0,1,0
450,403,895,135,80,8,71-80,6-10,0,1,0
450,405,415,135,75,8,71-80,6-10,1,1,1
450,415,802,135,80,8,71-80,6-10,0,1,0
450,415,895,135,80,8,71-80,6-10,0,1,0
450,345,346,148,75,10,71-80,6-10,1,1,0
450,346,1003,148,75,10,71-80,6-10,0,1,0
450,346,1004,148,75,10,71-80,6-10,0,1,0
450,346,1005,148,75,10,71-80,6-10,0,1,0
450,358,363,149,80,10,71-80,6-10,1,1,1
450,358,693,149,80,10,71-80,6-10,1,0,1
450,358,1006,149,80,10,71-80,6-10,0,1,0
450,358,1007,149,80,10,71-80,6-10,0,1,0
450,358,1008,149,80,10,71-80,6-10,0,1,0
450,363,693,149,80,10,71-80,6-10,1,1,1
450,363,1006,149,80,10,71-80,6-10,0,1,0
450,363,1007,149,80,10,71-80,6-10,0,1,0
450,363,1008,149,80,10,71-80,6-10,0,1,0
450,693,1006,149,80,10,71-80,6-10,0,1,0
450,693,1007,149,80,10,71-80,6-10,0,1,0
450,693,1008,149,80,10,71-80,6-10,0,1,0
450,356,371,150,83,11,81-90,11-20,1,1,0
450,361,371,150,83,11,81-90,11-20,1,0,0
450,365,371,150,83,11,81-90,11-20,1,1,0
450,371,373,150,83,11,81-90,11-20,1,0,0
450,694,1012,151,76,6,71-80,6-10,1,0,0
450,840,1012,151,100,6,96-100,6-10,0,1,0
450,841,1012,151,100,6,96-100,6-10,0,1,0
450,390,391,152,85,16,81-90,11-20,1,0,1
450,390,392,152,85,16,81-90,11-20,1,0,1
450,390,394,152,85,16,81-90,11-20,1,0,1
450,390,429,152,85,16,81-90,11-20,1,1,1
450,390,989,152,85,16,81-90,11-20,0,1,0
450,390,990,152,85,16,81-90,11-20,0,1,0
450,391,392,152,85,16,81-90,11-20,1,0,1
450,391,394,152,85,16,81-90,11-20,1,0,1
450,391,429,152,85,16,81-90,11-20,1,1,1
450,391,989,152,85,16,81-90,11-20,0,1,0
450,391,990,152,85,16,81-90,11-20,0,1,0
450,392,394,152,85,16,81-90,11-20,1,0,1
450,392,429,152,85,16,81-90,11-20,1,1,1
450,392,989,152,85,16,81-90,11-20,0,1,0
450,392,990,152,85,16,81-90,11-20,0,1,0
450,394,429,152,85,16,81-90,11-20,1,1,1
450,394,989,152,85,16,81-90,11-20,0,1,0
450,394,990,152,85,16,81-90,11-20,0,1,0
450,429,989,152,85,16,81-90,11-20,0,1,0
450,429,990,152,85,16,81-90,11-20,0,1,0
450,307,417,153,85,12,81-90,11-20,0,1,0
450,308,417,153,85,12,81-90,11-20,0,1,0
450,416,417,153,80,12,71-80,11-20,1,0,1
450,417,658,153,80,12,71-80,11-20,0,1,0
450,417,659,153,80,12,71-80,11-20,0,1,0
452,731,732,160,100,10,96-100,6-10,1,0,1
452,731,739,160,100,10,96-100,6-10,1,0,1
452,732,739,160,100,10,96-100,6-10,1,0,1
452,733,736,162,83,17,81-90,11-20,1,0,0
452,733,737,162,83,17,81-90,11-20,1,0,0
452,734,736,162,83,17,81-90,11-20,1,0,0
452,734,737,162,83,17,81-90,11-20,1,0,0
452,736,737,162,85,17,81-90,11-20,1,0,1
454,282,284,3,75,10,71-80,6-10,0,1,0
454,282,285,3,75,10,71-80,6-10,0,1,0
454,282,286,3,75,10,71-80,6-10,0,1,0
454,282,836,3,75,10,71-80,6-10,0,1,0
454,282,837,3,75,10,71-80,6-10,0,5,0
454,321,322,35,75,14,71-80,11-20,1,0,1
454,321,323,35,75,14,71-80,11-20,1,0,0
454,321,324,35,75,14,71-80,11-20,1,0,1
454,321,325,35,75,14,71-80,11-20,1,0,1
454,321,326,35,75,14,71-80,11-20,1,0,1
454,321,727,35,75,14,71-80,11-20,0,1,0
454,322,323,35,75,14,71-80,11-20,1,0,0
454,322,324,35,75,14,71-80,11-20,1,0,1
454,322,325,35,75,14,71-80,11-20,1,0,1
454,322,326,35,75,14,71-80,11-20,1,0,1
454,322,727,35,75,14,71-80,11-20,0,1,0
454,323,324,35,75,14,71-80,11-20,1,0,0
454,323,325,35,75,14,71-80,11-20,1,0,0
454,323,326,35,75,14,71-80,11-20,1,0,0
454,324,325,35,75,14,71-80,11-20,1,0,1
454,324,326,35,75,14,71-80,11-20,1,0,1
454,324,727,35,75,14,71-80,11-20,0,1,0
454,325,326,35,75,14,71-80,11-20,1,0,1
454,325,727,35,75,14,71-80,11-20,0,1,0
454,326,727,35,75,14,71-80,11-20,0,1,0
454,53,54,40,100,9,96-100,6-10,0,1,1
454,53,55,40,100,9,96-100,6-10,0,1,1
454,54,55,40,100,9,96-100,6-10,0,1,1
454,56,57,41,100,12,96-100,11-20,0,1,1
454,56,58,41,100,12,96-100,11-20,0,1,1
454,57,58,41,100,12,96-100,11-20,0,1,1
454,59,60,42,100,11,96-100,11-20,0,1,1
454,59,61,42,100,11,96-100,11-20,0,1,1
454,60,61,42,100,11,96-100,11-20,0,1,1
454,128,130,47,75,33,71-80,21+,0,1,0
454,128,716,47,75,33,71-80,21+,0,1,0
454,128,863,47,75,33,71-80,21+,0,2,0
454,128,864,47,75,33,71-80,21+,0,2,0
454,128,865,47,75,33,71-80,21+,0,2,0
454,128,866,47,75,33,71-80,21+,0,2,0
454,128,969,47,75,33,71-80,21+,0,1,0
454,128,970,47,75,33,71-80,21+,0,1,0
454,128,971,47,75,33,71-80,21+,0,1,0
454,128,972,47,75,33,71-80,21+,0,1,0
454,128,973,47,75,33,71-80,21+,0,1,0
454,128,974,47,75,33,71-80,21+,0,1,0
454,128,975,47,75,33,71-80,21+,0,1,0
454,128,976,47,75,33,71-80,21+,0,1,0
454,128,977,47,75,33,71-80,21+,0,1,0
454,128,978,47,75,33,71-80,21+,0,1,0
454,128,988,47,75,33,71-80,21+,0,1,0
454,128,1013,47,75,33,71-80,21+,0,1,0
454,136,152,49,75,10,71-80,6-10,1,1,0
454,137,152,49,75,10,71-80,6-10,0,1,0
454,140,152,49,75,10,71-80,6-10,0,1,0
454,150,152,49,75,10,71-80,6-10,1,0,0
454,305,306,87,75,16,71-80,11-20,0,1,0
454,306,726,87,75,16,71-80,11-20,0,1,0
454,306,994,87,75,16,71-80,11-20,0,1,0
454,213,340,92,87,17,81-90,11-20,0,1,0
454,213,341,92,87,17,81-90,11-20,0,1,0
454,213,342,92,87,17,81-90,11-20,0,1,0
454,340,341,92,75,17,71-80,11-20,1,0,1
454,340,342,92,75,17,71-80,11-20,1,0,1
454,340,438,92,75,17,71-80,11-20,0,1,0
454,340,440,92,75,17,71-80,11-20,0,1,0
454,340,498,92,75,17,71-80,11-20,0,2,0
454,341,342,92,75,17,71-80,11-20,1,0,1
454,341,438,92,75,17,71-80,11-20,0,1,0
454,341,440,92,75,17,71-80,11-20,0,1,0
454,341,498,92,75,17,71-80,11-20,0,2,0
454,342,438,92,75,17,71-80,11-20,0,1,0
454,342,440,92,75,17,71-80,11-20,0,1,0
454,342,498,92,75,17,71-80,11-20,0,2,0
454,239,403,135,71,8,71-80,6-10,0,1,0
454,239,405,135,71,8,71-80,6-10,0,1,0
454,239,415,135,71,8,71-80,6-10,0,1,0
454,403,405,135,80,8,71-80,6-10,1,0,1
454,403,415,135,80,8,71-80,6-10,1,1,1
454,403,802,135,80,8,71-80,6-10,0,1,0
454,403,895,135,80,8,71-80,6-10,0,1,0
454,405,415,135,75,8,71-80,6-10,1,1,1
454,405,802,135,75,8,71-80,6-10,0,1,0
454,405,895,135,75,8,71-80,6-10,0,1,0
454,415,802,135,80,8,71-80,6-10,0,1,0
454,415,895,135,80,8,71-80,6-10,0,1,0
454,407,817,136,80,9,71-80,6-10,0,1,0
454,407,845,136,80,9,71-80,6-10,0,1,0
454,407,846,136,80,9,71-80,6-10,0,1,0
454,407,847,136,80,9,71-80,6-10,0,1,0
454,407,848,136,80,9,71-80,6-10,0,1,0
454,407,859,136,80,9,71-80,6-10,0,1,0
454,694,840,151,76,6,71-80,6-10,0,1,0
454,694,841,151,76,6,71-80,6-10,0,1,0
454,694,1012,151,76,6,71-80,6-10,1,0,1
454,840,1012,151,100,6,96-100,6-10,0,1,0
454,841,1012,151,100,6,96-100,6-10,0,1,0
454,390,391,152,85,16,81-90,11-20,1,0,1
454,390,392,152,85,16,81-90,11-20,1,0,1
454,390,394,152,85,16,81-90,11-20,1,0,1
454,390,429,152,85,16,81-90,11-20,1,1,1
454,390,989,152,85,16,81-90,11-20,0,1,0
454,390,990,152,85,16,81-90,11-20,0,1,0
454,391,392,152,85,16,81-90,11-20,1,0,1
454,391,394,152,85,16,81-90,11-20,1,0,1
454,391,429,152,85,16,81-90,11-20,1,1,1
454,391,989,152,85,16,81-90,11-20,0,1,0
454,391,990,152,85,16,81-90,11-20,0,1,0
454,392,394,152,85,16,81-90,11-20,1,0,1
454,392,429,152,85,16,81-90,11-20,1,1,1
454,392,989,152,85,16,81-90,11-20,0,1,0
454,392,990,152,85,16,81-90,11-20,0,1,0
454,394,429,152,85,16,81-90,11-20,1,1,1
454,394,989,152,85,16,81-90,11-20,0,1,0
454,394,990,152,85,16,81-90,11-20,0,1,0
454,429,989,152,85,16,81-90,11-20,0,1,0
454,429,990,152,85,16,81-90,11-20,0,1,0
454,307,416,153,85,12,81-90,11-20,0,1,0
454,307,417,153,85,12,81-90,11-20,0,1,0
454,308,416,153,85,12,81-90,11-20,0,1,0
454,308,417,153,85,12,81-90,11-20,0,1,0
454,416,417,153,80,12,71-80,11-20,1,0,1
454,416,658,153,80,12,71-80,11-20,0,1,0
454,416,659,153,80,12,71-80,11-20,0,1,0
454,417,658,153,80,12,71-80,11-20,0,1,0
454,417,659,153,80,12,71-80,11-20,0,1,0
454,404,408,154,80,10,71-80,6-10,1,1,1
454,404,414,154,80,10,71-80,6-10,1,0,1
454,408,414,154,80,10,71-80,6-10,1,1,1
475,70,532,48,100,12,96-100,11-20,0,1,0
475,70,807,48,100,12,96-100,11-20,0,1,0
475,70,808,48,100,12,96-100,11-20,0,1,0
475,84,268,132,70,12,<=70,11-20,0,1,0
475,85,268,132,70,12,<=70,11-20,0,1,0
475,86,268,132,70,12,<=70,11-20,0,1,0
475,87,268,132,70,12,<=70,11-20,0,1,0
475,88,268,132,70,12,<=70,11-20,0,1,0
475,89,268,132,70,12,<=70,11-20,0,1,0
475,268,695,132,80,12,71-80,11-20,0,1,0
475,268,803,132,80,12,71-80,11-20,0,1,0
475,239,403,135,71,8,71-80,6-10,0,1,0
475,239,415,135,71,8,71-80,6-10,0,1,0
475,403,415,135,80,8,71-80,6-10,1,1,1
475,403,802,135,80,8,71-80,6-10,0,1,0
475,403,895,135,80,8,71-80,6-10,0,1,0
475,415,802,135,80,8,71-80,6-10,0,1,0
475,415,895,135,80,8,71-80,6-10,0,1,0
475,407,817,136,80,9,71-80,6-10,0,1,0
475,407,845,136,80,9,71-80,6-10,0,1,0
475,407,846,136,80,9,71-80,6-10,0,1,0
475,407,847,136,80,9,71-80,6-10,0,1,0
475,407,848,136,80,9,71-80,6-10,0,1,0
475,407,859,136,80,9,71-80,6-10,0,1,0
475,407,1018,136,80,9,71-80,6-10,0,1,0
475,345,346,148,75,10,71-80,6-10,1,1,0
475,346,1003,148,75,10,71-80,6-10,0,1,0
475,346,1004,148,75,10,71-80,6-10,0,1,0
475,346,1005,148,75,10,71-80,6-10,0,1,0
475,346,1029,148,75,10,71-80,6-10,0,1,0
475,346,1030,148,75,10,71-80,6-10,0,1,0
475,358,363,149,80,10,71-80,6-10,1,1,1
475,358,693,149,80,10,71-80,6-10,1,0,1
475,358,1006,149,80,10,71-80,6-10,0,1,0
475,358,1007,149,80,10,71-80,6-10,0,1,0
475,358,1008,149,80,10,71-80,6-10,0,1,0
475,358,1031,149,80,10,71-80,6-10,0,1,0
475,358,1032,149,80,10,71-80,6-10,0,1,0
475,358,1033,149,80,10,71-80,6-10,0,1,0
475,363,693,149,80,10,71-80,6-10,1,1,1
475,363,1006,149,80,10,71-80,6-10,0,1,0
475,363,1007,149,80,10,71-80,6-10,0,1,0
475,363,1008,149,80,10,71-80,6-10,0,1,0
475,363,1031,149,80,10,71-80,6-10,0,1,0
475,363,1032,149,80,10,71-80,6-10,0,1,0
475,363,1033,149,80,10,71-80,6-10,0,1,0
475,693,1006,149,80,10,71-80,6-10,0,1,0
475,693,1007,149,80,10,71-80,6-10,0,1,0
475,693,1008,149,80,10,71-80,6-10,0,1,0
475,693,1031,149,80,10,71-80,6-10,0,1,0
475,693,1032,149,80,10,71-80,6-10,0,1,0
475,693,1033,149,80,10,71-80,6-10,0,1,0
475,356,361,150,83,11,81-90,11-20,1,1,1
475,356,365,150,83,11,81-90,11-20,1,0,1
475,356,371,150,83,11,81-90,11-20,1,1,1
475,356,373,150,83,11,81-90,11-20,1,1,1
475,361,365,150,83,11,81-90,11-20,1,1,1
475,361,371,150,83,11,81-90,11-20,1,0,1
475,361,373,150,83,11,81-90,11-20,1,0,1
475,365,371,150,83,11,81-90,11-20,1,1,1
475,365,373,150,83,11,81-90,11-20,1,1,1
475,371,373,150,83,11,81-90,11-20,1,0,1
475,390,391,152,85,16,81-90,11-20,1,0,1
475,390,392,152,85,16,81-90,11-20,1,0,1
475,390,394,152,85,16,81-90,11-20,1,0,1
475,390,429,152,85,16,81-90,11-20,1,1,1
475,390,989,152,85,16,81-90,11-20,0,1,0
475,390,990,152,85,16,81-90,11-20,0,1,0
475,391,392,152,85,16,81-90,11-20,1,0,1
475,391,394,152,85,16,81-90,11-20,1,0,1
475,391,429,152,85,16,81-90,11-20,1,1,1
475,391,989,152,85,16,81-90,11-20,0,1,0
475,391,990,152,85,16,81-90,11-20,0,1,0
475,392,394,152,85,16,81-90,11-20,1,0,1
475,392,429,152,85,16,81-90,11-20,1,1,1
475,392,989,152,85,16,81-90,11-20,0,1,0
475,392,990,152,85,16,81-90,11-20,0,1,0
475,394,429,152,85,16,81-90,11-20,1,1,1
475,394,989,152,85,16,81-90,11-20,0,1,0
475,394,990,152,85,16,81-90,11-20,0,1,0
475,429,989,152,85,16,81-90,11-20,0,1,0
475,429,990,152,85,16,81-90,11-20,0,1,0
475,307,416,153,85,12,81-90,11-20,0,1,0
475,307,417,153,85,12,81-90,11-20,0,1,0
475,308,416,153,85,12,81-90,11-20,0,1,0
475,308,417,153,85,12,81-90,11-20,0,1,0
475,416,417,153,80,12,71-80,11-20,1,0,1
475,416,658,153,80,12,71-80,11-20,0,1,0
475,416,659,153,80,12,71-80,11-20,0,1,0
475,417,658,153,80,12,71-80,11-20,0,1,0
475,417,659,153,80,12,71-80,11-20,0,1,0
475,404,408,154,80,10,71-80,6-10,1,1,1
475,404,414,154,80,10,71-80,6-10,1,0,1
475,408,414,154,80,10,71-80,6-10,1,1,1
476,168,236,56,75,9,71-80,6-10,0,1,0
476,169,236,56,75,9,71-80,6-10,0,1,0
476,170,236,56,75,9,71-80,6-10,0,1,0
476,524,1034,81,75,15,71-80,11-20,1,0,1
476,84,268,132,70,12,<=70,11-20,0,1,0
476,85,268,132,70,12,<=70,11-20,0,1,0
476,86,268,132,70,12,<=70,11-20,0,1,0
476,87,268,132,70,12,<=70,11-20,0,1,0
476,88,268,132,70,12,<=70,11-20,0,1,0
476,89,268,132,70,12,<=70,11-20,0,1,0
476,268,695,132,80,12,71-80,11-20,0,1,0
476,268,803,132,80,12,71-80,11-20,0,1,0
482,321,322,35,75,14,71-80,11-20,1,0,1
482,321,323,35,75,14,71-80,11-20,1,0,1
482,321,324,35,75,14,71-80,11-20,1,0,1
482,321,325,35,75,14,71-80,11-20,1,0,1
482,321,326,35,75,14,71-80,11-20,1,0,1
482,321,727,35,75,14,71-80,11-20,0,1,0
482,322,323,35,75,14,71-80,11-20,1,0,1
482,322,324,35,75,14,71-80,11-20,1,0,1
482,322,325,35,75,14,71-80,11-20,1,0,1
482,322,326,35,75,14,71-80,11-20,1,0,1
482,322,727,35,75,14,71-80,11-20,0,1,0
482,323,324,35,75,14,71-80,11-20,1,0,1
482,323,325,35,75,14,71-80,11-20,1,0,1
482,323,326,35,75,14,71-80,11-20,1,0,1
482,323,727,35,75,14,71-80,11-20,0,1,0
482,324,325,35,75,14,71-80,11-20,1,0,1
482,324,326,35,75,14,71-80,11-20,1,0,1
482,324,727,35,75,14,71-80,11-20,0,1,0
482,325,326,35,75,14,71-80,11-20,1,0,1
482,325,727,35,75,14,71-80,11-20,0,1,0
482,326,727,35,75,14,71-80,11-20,0,1,0
482,896,963,37,75,15,71-80,11-20,0,4,0
482,896,964,37,75,15,71-80,11-20,0,4,0
482,896,965,37,75,15,71-80,11-20,0,4,0
482,896,968,37,75,15,71-80,11-20,0,2,0
482,56,57,41,100,12,96-100,11-20,0,1,1
482,56,58,41,100,12,96-100,11-20,0,1,1
482,57,58,41,100,12,96-100,11-20,0,1,1
482,59,60,42,100,11,96-100,11-20,0,1,1
482,59,61,42,100,11,96-100,11-20,0,1,1
482,60,61,42,100,11,96-100,11-20,0,1,1
482,103,856,44,71,12,71-80,11-20,0,1,0
482,103,857,44,71,12,71-80,11-20,0,1,0
482,103,858,44,71,12,71-80,11-20,0,1,0
482,104,856,44,71,12,71-80,11-20,0,1,0
482,104,857,44,71,12,71-80,11-20,0,1,0
482,104,858,44,71,12,71-80,11-20,0,1,0
482,105,856,44,71,12,71-80,11-20,0,1,0
482,105,857,44,71,12,71-80,11-20,0,1,0
482,105,858,44,71,12,71-80,11-20,0,1,0
482,856,857,44,75,12,71-80,11-20,0,1,1
482,856,858,44,75,12,71-80,11-20,0,1,1
482,857,858,44,75,12,71-80,11-20,0,1,1
482,65,66,45,100,21,96-100,21+,0,1,1
482,65,67,45,100,21,96-100,21+,0,1,1
482,65,68,45,100,21,96-100,21+,0,1,1
482,65,71,45,100,21,96-100,21+,0,1,1
482,65,73,45,100,21,96-100,21+,0,1,1
482,65,106,45,100,21,96-100,21+,0,1,1
482,65,107,45,100,21,96-100,21+,0,1,1
482,65,661,45,100,21,96-100,21+,0,1,1
482,66,67,45,100,21,96-100,21+,0,1,1
482,66,68,45,100,21,96-100,21+,0,1,1
482,66,69,45,100,21,96-100,21+,0,1,1
482,66,71,45,100,21,96-100,21+,0,1,1
482,66,72,45,100,21,96-100,21+,0,1,1
482,66,73,45,100,21,96-100,21+,0,1,1
482,66,106,45,100,21,96-100,21+,0,1,1
482,66,107,45,100,21,96-100,21+,0,1,1
482,66,661,45,100,21,96-100,21+,0,1,1
482,66,723,45,100,21,96-100,21+,0,1,0
482,67,68,45,100,21,96-100,21+,0,1,1
482,67,69,45,100,21,96-100,21+,0,1,1
482,67,71,45,100,21,96-100,21+,0,1,1
482,67,72,45,100,21,96-100,21+,0,1,1
482,67,73,45,100,21,96-100,21+,0,1,1
482,67,106,45,100,21,96-100,21+,0,1,1
482,67,107,45,100,21,96-100,21+,0,1,1
482,67,661,45,100,21,96-100,21+,0,1,1
482,67,723,45,100,21,96-100,21+,0,1,0
482,68,69,45,100,21,96-100,21+,0,1,1
482,68,71,45,100,21,96-100,21+,0,1,1
482,68,72,45,100,21,96-100,21+,0,1,1
482,68,73,45,100,21,96-100,21+,0,1,1
482,68,106,45,100,21,96-100,21+,0,1,1
482,68,107,45,100,21,96-100,21+,0,1,1
482,68,661,45,100,21,96-100,21+,0,1,1
482,68,723,45,100,21,96-100,21+,0,1,0
482,69,71,45,100,21,96-100,21+,0,1,1
482,69,73,45,100,21,96-100,21+,0,1,1
482,69,106,45,100,21,96-100,21+,0,1,1
482,69,107,45,100,21,96-100,21+,0,1,1
482,69,661,45,100,21,96-100,21+,0,1,1
482,71,72,45,100,21,96-100,21+,0,1,1
482,71,73,45,100,21,96-100,21+,0,1,1
482,71,106,45,100,21,96-100,21+,0,1,1
482,71,107,45,100,21,96-100,21+,0,1,1
482,71,661,45,100,21,96-100,21+,0,1,1
482,71,723,45,100,21,96-100,21+,0,1,0
482,72,73,45,100,21,96-100,21+,0,1,1
482,72,106,45,100,21,96-100,21+,0,1,1
482,72,107,45,100,21,96-100,21+,0,1,1
482,72,661,45,100,21,96-100,21+,0,1,1
482,73,106,45,100,21,96-100,21+,0,1,1
482,73,107,45,100,21,96-100,21+,0,1,1
482,73,661,45,100,21,96-100,21+,0,1,1
482,73,723,45,100,21,96-100,21+,0,1,0
482,106,107,45,70,21,<=70,21+,0,1,1
482,106,661,45,70,21,<=70,21+,0,1,1
482,106,723,45,70,21,<=70,21+,0,1,0
482,107,661,45,70,21,<=70,21+,0,1,1
482,107,723,45,70,21,<=70,21+,0,1,0
482,661,723,45,100,21,96-100,21+,0,1,0
482,109,125,46,71,8,71-80,6-10,0,1,0
482,109,126,46,71,8,71-80,6-10,0,1,0
482,125,126,46,100,8,96-100,6-10,0,1,1
482,125,599,46,100,8,96-100,6-10,0,2,0
482,125,839,46,100,8,96-100,6-10,0,1,0
482,126,599,46,100,8,96-100,6-10,0,2,0
482,126,839,46,100,8,96-100,6-10,0,1,0
482,128,130,47,75,33,71-80,21+,0,1,1
482,128,716,47,75,33,71-80,21+,0,1,1
482,130,716,47,75,33,71-80,21+,0,1,1
482,70,532,48,100,12,96-100,11-20,0,1,0
482,70,807,48,100,12,96-100,11-20,0,1,0
482,70,808,48,100,12,96-100,11-20,0,1,0
482,136,137,49,75,10,71-80,6-10,0,1,1
482,136,140,49,75,10,71-80,6-10,0,1,1
482,136,150,49,75,10,71-80,6-10,1,1,1
482,136,152,49,75,10,71-80,6-10,1,1,1
482,137,140,49,75,10,71-80,6-10,1,0,1
482,137,150,49,75,10,71-80,6-10,0,1,1
482,137,152,49,75,10,71-80,6-10,0,1,1
482,140,150,49,75,10,71-80,6-10,0,1,1
482,140,152,49,75,10,71-80,6-10,0,1,1
482,150,152,49,75,10,71-80,6-10,1,0,1
482,138,142,51,83,15,81-90,11-20,0,1,1
482,710,766,55,75,10,71-80,6-10,0,1,0
482,766,876,55,75,10,71-80,6-10,0,2,0
482,766,877,55,75,10,71-80,6-10,0,2,0
482,168,169,56,75,9,71-80,6-10,1,0,1
482,168,170,56,75,9,71-80,6-10,0,1,1
482,168,236,56,75,9,71-80,6-10,0,1,1
482,169,170,56,75,9,71-80,6-10,0,1,1
482,169,236,56,75,9,71-80,6-10,0,1,1
482,170,236,56,75,9,71-80,6-10,0,1,1
482,172,173,57,100,9,96-100,6-10,1,0,1
482,172,591,57,100,9,96-100,6-10,0,2,0
482,172,592,57,100,9,96-100,6-10,0,2,0
482,173,591,57,100,9,96-100,6-10,0,2,0
482,173,592,57,100,9,96-100,6-10,0,2,0
482,174,175,58,100,10,96-100,6-10,1,0,1
482,174,593,58,100,10,96-100,6-10,0,2,0
482,174,594,58,100,10,96-100,6-10,0,2,0
482,174,595,58,100,10,96-100,6-10,0,2,0
482,175,593,58,100,10,96-100,6-10,0,2,0
482,175,594,58,100,10,96-100,6-10,0,2,0
482,175,595,58,100,10,96-100,6-10,0,2,0
482,730,783,60,71,8,71-80,6-10,0,2,0
482,730,784,60,71,8,71-80,6-10,0,2,0
482,730,1035,60,71,8,71-80,6-10,0,2,0
482,783,784,60,70,8,<=70,6-10,1,0,1
482,783,1035,60,70,8,<=70,6-10,0,1,1
482,784,1035,60,70,8,<=70,6-10,0,1,1
482,327,328,74,75,33,71-80,21+,1,0,1
482,327,329,74,75,33,71-80,21+,1,0,1
482,327,330,74,75,33,71-80,21+,1,0,1
482,327,332,74,75,33,71-80,21+,1,0,1
482,327,335,74,75,33,71-80,21+,1,0,1
482,327,718,74,75,33,71-80,21+,0,1,0
482,327,787,74,75,33,71-80,21+,0,1,1
482,327,789,74,75,33,71-80,21+,0,1,0
482,327,991,74,75,33,71-80,21+,0,1,0
482,328,329,74,75,33,71-80,21+,1,0,1
482,328,330,74,75,33,71-80,21+,1,0,1
482,328,332,74,75,33,71-80,21+,1,0,1
482,328,335,74,75,33,71-80,21+,1,0,1
482,328,718,74,75,33,71-80,21+,0,1,0
482,328,787,74,75,33,71-80,21+,0,1,1
482,328,789,74,75,33,71-80,21+,0,1,0
482,328,991,74,75,33,71-80,21+,0,1,0
482,329,330,74,75,33,71-80,21+,1,0,1
482,329,332,74,75,33,71-80,21+,1,0,1
482,329,335,74,75,33,71-80,21+,1,0,1
482,329,718,74,75,33,71-80,21+,0,1,0
482,329,787,74,75,33,71-80,21+,0,1,1
482,329,789,74,75,33,71-80,21+,0,1,0
482,329,991,74,75,33,71-80,21+,0,1,0
482,330,332,74,75,33,71-80,21+,1,0,1
482,330,335,74,75,33,71-80,21+,1,0,1
482,330,718,74,75,33,71-80,21+,0,1,0
482,330,787,74,75,33,71-80,21+,0,1,1
482,330,789,74,75,33,71-80,21+,0,1,0
482,330,991,74,75,33,71-80,21+,0,1,0
482,332,335,74,75,33,71-80,21+,1,0,1
482,332,718,74,75,33,71-80,21+,0,1,0
482,332,787,74,75,33,71-80,21+,0,1,1
482,332,789,74,75,33,71-80,21+,0,1,0
482,332,991,74,75,33,71-80,21+,0,1,0
482,335,718,74,75,33,71-80,21+,0,1,0
482,335,787,74,75,33,71-80,21+,0,1,1
482,335,789,74,75,33,71-80,21+,0,1,0
482,335,991,74,75,33,71-80,21+,0,1,0
482,718,787,74,75,33,71-80,21+,0,1,0
482,787,789,74,75,33,71-80,21+,1,0,0
482,787,991,74,75,33,71-80,21+,1,0,0
482,331,333,75,75,7,71-80,6-10,1,0,1
482,331,788,75,75,7,71-80,6-10,0,1,1
482,333,788,75,75,7,71-80,6-10,0,1,1
482,18,691,78,75,24,71-80,21+,0,1,0
482,18,692,78,75,24,71-80,21+,0,1,0
482,691,692,78,75,24,71-80,21+,1,0,1
482,691,842,78,75,24,71-80,21+,0,1,0
482,691,998,78,75,24,71-80,21+,0,1,0
482,691,1010,78,75,24,71-80,21+,0,1,0
482,692,842,78,75,24,71-80,21+,0,1,0
482,692,998,78,75,24,71-80,21+,0,1,0
482,692,1010,78,75,24,71-80,21+,0,1,0
482,524,1034,81,75,15,71-80,11-20,1,0,1
482,305,306,87,75,16,71-80,11-20,0,1,0
482,306,726,87,75,16,71-80,11-20,0,1,0
482,306,994,87,75,16,71-80,11-20,0,1,0
482,314,316,88,83,13,81-90,11-20,1,0,0
482,315,316,88,83,13,81-90,11-20,1,0,0
482,316,834,88,83,13,81-90,11-20,0,1,0
482,316,984,88,83,13,81-90,11-20,0,1,0
482,317,318,89,85,10,81-90,6-10,0,1,1
482,317,979,89,85,10,81-90,6-10,0,1,0
482,317,980,89,85,10,81-90,6-10,0,1,0
482,318,979,89,85,10,81-90,6-10,0,1,0
482,318,980,89,85,10,81-90,6-10,0,1,0
482,319,320,90,85,5,81-90,3-5,0,1,1
482,337,338,91,90,12,81-90,11-20,1,0,1
482,337,339,91,90,12,81-90,11-20,1,0,1
482,337,830,91,90,12,81-90,11-20,0,1,0
482,338,339,91,90,12,81-90,11-20,1,0,1
482,338,830,91,90,12,81-90,11-20,0,1,0
482,339,830,91,90,12,81-90,11-20,0,1,0
482,213,340,92,87,17,81-90,11-20,0,1,0
482,213,341,92,87,17,81-90,11-20,0,1,0
482,213,342,92,87,17,81-90,11-20,0,1,0
482,340,341,92,75,17,71-80,11-20,1,0,1
482,340,342,92,75,17,71-80,11-20,1,0,1
482,340,438,92,75,17,71-80,11-20,0,1,0
482,340,440,92,75,17,71-80,11-20,0,1,0
482,340,498,92,75,17,71-80,11-20,0,2,0
482,341,342,92,75,17,71-80,11-20,1,0,1
482,341,438,92,75,17,71-80,11-20,0,1,0
482,341,440,92,75,17,71-80,11-20,0,1,0
482,341,498,92,75,17,71-80,11-20,0,2,0
482,342,438,92,75,17,71-80,11-20,0,1,0
482,342,440,92,75,17,71-80,11-20,0,1,0
482,342,498,92,75,17,71-80,11-20,0,2,0
482,741,742,97,85,19,81-90,11-20,1,0,1
482,792,793,100,72,13,71-80,11-20,1,0,1
482,663,664,102,75,5,71-80,3-5,0,1,1
482,663,852,102,75,5,71-80,3-5,1,0,1
482,664,852,102,75,5,71-80,3-5,0,1,1
482,665,666,103,100,2,96-100,2 (pair),0,1,1
482,171,853,107,100,10,96-100,6-10,1,0,1
482,781,782,117,86,4,81-90,3-5,1,0,1
482,76,77,130,70,10,<=70,6-10,0,1,0
482,77,78,130,70,10,<=70,6-10,0,1,0
482,77,79,130,70,10,<=70,6-10,0,1,0
482,77,80,130,70,10,<=70,6-10,0,1,0
482,77,81,130,70,10,<=70,6-10,0,1,0
482,77,90,130,70,10,<=70,6-10,0,1,0
482,77,798,130,70,10,<=70,6-10,0,1,0
482,82,83,131,71,14,71-80,11-20,1,0,1
482,82,98,131,71,14,71-80,11-20,0,1,1
482,82,99,131,71,14,71-80,11-20,0,1,1
482,82,244,131,71,14,71-80,11-20,0,1,1
482,82,245,131,71,14,71-80,11-20,0,1,1
482,82,246,131,71,14,71-80,11-20,0,1,1
482,82,247,131,71,14,71-80,11-20,0,1,1
482,82,799,131,71,14,71-80,11-20,0,1,1
482,82,800,131,71,14,71-80,11-20,0,1,1
482,82,801,131,71,14,71-80,11-20,0,1,1
482,83,98,131,71,14,71-80,11-20,0,1,1
482,83,99,131,71,14,71-80,11-20,0,1,1
482,83,244,131,71,14,71-80,11-20,0,1,1
482,83,245,131,71,14,71-80,11-20,0,1,1
482,83,246,131,71,14,71-80,11-20,0,1,1
482,83,247,131,71,14,71-80,11-20,0,1,1
482,83,799,131,71,14,71-80,11-20,0,1,1
482,83,800,131,71,14,71-80,11-20,0,1,1
482,83,801,131,71,14,71-80,11-20,0,1,1
482,98,99,131,71,14,71-80,11-20,1,0,1
482,98,244,131,71,14,71-80,11-20,0,1,1
482,98,245,131,71,14,71-80,11-20,0,1,1
482,98,246,131,71,14,71-80,11-20,0,1,1
482,98,247,131,71,14,71-80,11-20,0,1,1
482,98,799,131,71,14,71-80,11-20,0,1,1
482,98,800,131,71,14,71-80,11-20,0,1,1
482,98,801,131,71,14,71-80,11-20,0,1,1
482,99,244,131,71,14,71-80,11-20,0,1,1
482,99,245,131,71,14,71-80,11-20,0,1,1
482,99,246,131,71,14,71-80,11-20,0,1,1
482,99,247,131,71,14,71-80,11-20,0,1,1
482,99,799,131,71,14,71-80,11-20,0,1,1
482,99,800,131,71,14,71-80,11-20,0,1,1
482,99,801,131,71,14,71-80,11-20,0,1,1
482,244,245,131,71,14,71-80,11-20,1,0,1
482,244,246,131,71,14,71-80,11-20,0,1,1
482,244,247,131,71,14,71-80,11-20,0,1,1
482,244,799,131,71,14,71-80,11-20,0,1,1
482,244,800,131,71,14,71-80,11-20,0,1,1
482,244,801,131,71,14,71-80,11-20,0,1,1
482,245,246,131,71,14,71-80,11-20,0,1,1
482,245,247,131,71,14,71-80,11-20,0,1,1
482,245,799,131,71,14,71-80,11-20,0,1,1
482,245,800,131,71,14,71-80,11-20,0,1,1
482,245,801,131,71,14,71-80,11-20,0,1,1
482,246,247,131,71,14,71-80,11-20,1,0,1
482,246,799,131,71,14,71-80,11-20,0,1,1
482,246,800,131,71,14,71-80,11-20,0,1,1
482,246,801,131,71,14,71-80,11-20,0,1,1
482,247,799,131,71,14,71-80,11-20,0,1,1
482,247,800,131,71,14,71-80,11-20,0,1,1
482,247,801,131,71,14,71-80,11-20,0,1,1
482,799,800,131,71,14,71-80,11-20,0,1,1
482,799,801,131,71,14,71-80,11-20,0,1,1
482,800,801,131,71,14,71-80,11-20,0,1,1
482,84,268,132,70,12,<=70,11-20,0,1,0
482,85,268,132,70,12,<=70,11-20,0,1,0
482,86,268,132,70,12,<=70,11-20,0,1,0
482,87,268,132,70,12,<=70,11-20,0,1,0
482,88,268,132,70,12,<=70,11-20,0,1,0
482,89,268,132,70,12,<=70,11-20,0,1,0
482,268,695,132,80,12,71-80,11-20,0,1,0
482,268,803,132,80,12,71-80,11-20,0,1,0
482,239,403,135,71,8,71-80,6-10,0,1,0
482,239,415,135,71,8,71-80,6-10,0,1,0
482,239,802,135,71,8,71-80,6-10,0,1,0
482,239,895,135,71,8,71-80,6-10,0,1,0
482,403,415,135,80,8,71-80,6-10,1,1,1
482,403,802,135,80,8,71-80,6-10,0,1,1
482,403,895,135,80,8,71-80,6-10,0,1,1
482,415,802,135,80,8,71-80,6-10,0,1,1
482,415,895,135,80,8,71-80,6-10,0,1,1
482,802,895,135,71,8,71-80,6-10,0,1,1
482,241,242,138,83,4,81-90,3-5,1,0,0
482,241,243,138,83,4,81-90,3-5,1,0,0
482,254,255,140,100,5,96-100,3-5,1,0,1
482,256,257,141,100,6,96-100,6-10,0,1,0
482,260,261,142,100,2,96-100,2 (pair),1,0,1
482,1014,1015,143,100,4,96-100,3-5,0,1,1
482,1024,1025,144,80,4,71-80,3-5,0,1,1
482,819,820,145,83,3,81-90,3-5,1,0,1
482,819,821,145,83,3,81-90,3-5,1,0,1
482,820,821,145,83,3,81-90,3-5,1,0,1
482,100,1026,147,83,10,81-90,6-10,0,1,0
482,100,1027,147,83,10,81-90,6-10,0,1,0
482,100,1028,147,83,10,81-90,6-10,0,1,0
482,101,1026,147,83,10,81-90,6-10,0,1,0
482,101,1027,147,83,10,81-90,6-10,0,1,0
482,101,1028,147,83,10,81-90,6-10,0,1,0
482,102,1026,147,83,10,81-90,6-10,0,1,0
482,102,1027,147,83,10,81-90,6-10,0,1,0
482,102,1028,147,83,10,81-90,6-10,0,1,0
482,1026,1027,147,83,10,81-90,6-10,1,0,1
482,1026,1028,147,83,10,81-90,6-10,1,0,1
482,1027,1028,147,83,10,81-90,6-10,1,0,1
482,345,346,148,75,10,71-80,6-10,1,1,1
482,345,1003,148,75,10,71-80,6-10,0,1,0
482,345,1004,148,75,10,71-80,6-10,0,1,0
482,345,1005,148,75,10,71-80,6-10,0,1,0
482,345,1029,148,75,10,71-80,6-10,0,1,1
482,345,1030,148,75,10,71-80,6-10,0,1,1
482,346,1003,148,75,10,71-80,6-10,0,1,0
482,346,1004,148,75,10,71-80,6-10,0,1,0
482,346,1005,148,75,10,71-80,6-10,0,1,0
482,346,1029,148,75,10,71-80,6-10,0,1,1
482,346,1030,148,75,10,71-80,6-10,0,1,1
482,1003,1029,148,77,10,71-80,6-10,0,1,0
482,1003,1030,148,77,10,71-80,6-10,0,1,0
482,1004,1029,148,77,10,71-80,6-10,0,1,0
482,1004,1030,148,77,10,71-80,6-10,0,1,0
482,1005,1029,148,77,10,71-80,6-10,0,1,0
482,1005,1030,148,77,10,71-80,6-10,0,1,0
482,1029,1030,148,100,10,96-100,6-10,0,1,1
482,358,363,149,80,10,71-80,6-10,1,1,1
482,358,693,149,80,10,71-80,6-10,1,0,0
482,358,1006,149,80,10,71-80,6-10,0,1,0
482,358,1007,149,80,10,71-80,6-10,0,1,0
482,358,1008,149,80,10,71-80,6-10,0,1,0
482,358,1031,149,80,10,71-80,6-10,0,1,1
482,358,1032,149,80,10,71-80,6-10,0,1,1
482,358,1033,149,80,10,71-80,6-10,0,1,1
482,363,693,149,80,10,71-80,6-10,1,1,0
482,363,1006,149,80,10,71-80,6-10,0,1,0
482,363,1007,149,80,10,71-80,6-10,0,1,0
482,363,1008,149,80,10,71-80,6-10,0,1,0
482,363,1031,149,80,10,71-80,6-10,0,1,1
482,363,1032,149,80,10,71-80,6-10,0,1,1
482,363,1033,149,80,10,71-80,6-10,0,1,1
482,693,1031,149,80,10,71-80,6-10,0,1,0
482,693,1032,149,80,10,71-80,6-10,0,1,0
482,693,1033,149,80,10,71-80,6-10,0,1,0
482,1006,1031,149,100,10,96-100,6-10,0,1,0
482,1006,1032,149,100,10,96-100,6-10,0,1,0
482,1006,1033,149,100,10,96-100,6-10,0,1,0
482,1007,1031,149,100,10,96-100,6-10,0,1,0
482,1007,1032,149,100,10,96-100,6-10,0,1,0
482,1007,1033,149,100,10,96-100,6-10,0,1,0
482,1008,1031,149,100,10,96-100,6-10,0,1,0
482,1008,1032,149,100,10,96-100,6-10,0,1,0
482,1008,1033,149,100,10,96-100,6-10,0,1,0
482,1031,1032,149,83,10,81-90,6-10,1,0,1
482,1031,1033,149,83,10,81-90,6-10,1,0,1
482,1032,1033,149,83,10,81-90,6-10,1,0,1
482,356,361,150,83,11,81-90,11-20,1,1,1
482,356,365,150,83,11,81-90,11-20,1,0,1
482,356,371,150,83,11,81-90,11-20,1,1,1
482,356,373,150,83,11,81-90,11-20,1,1,1
482,361,365,150,83,11,81-90,11-20,1,1,1
482,361,371,150,83,11,81-90,11-20,1,0,1
482,361,373,150,83,11,81-90,11-20,1,0,1
482,365,371,150,83,11,81-90,11-20,1,1,1
482,365,373,150,83,11,81-90,11-20,1,1,1
482,371,373,150,83,11,81-90,11-20,1,0,1
482,390,391,152,85,16,81-90,11-20,1,0,1
482,390,392,152,85,16,81-90,11-20,1,0,1
482,390,394,152,85,16,81-90,11-20,1,0,1
482,390,429,152,85,16,81-90,11-20,1,1,1
482,390,989,152,85,16,81-90,11-20,0,1,0
482,390,990,152,85,16,81-90,11-20,0,1,0
482,391,392,152,85,16,81-90,11-20,1,0,1
482,391,394,152,85,16,81-90,11-20,1,0,1
482,391,429,152,85,16,81-90,11-20,1,1,1
482,391,989,152,85,16,81-90,11-20,0,1,0
482,391,990,152,85,16,81-90,11-20,0,1,0
482,392,394,152,85,16,81-90,11-20,1,0,1
482,392,429,152,85,16,81-90,11-20,1,1,1
482,392,989,152,85,16,81-90,11-20,0,1,0
482,392,990,152,85,16,81-90,11-20,0,1,0
482,394,429,152,85,16,81-90,11-20,1,1,1
482,394,989,152,85,16,81-90,11-20,0,1,0
482,394,990,152,85,16,81-90,11-20,0,1,0
482,429,989,152,85,16,81-90,11-20,0,1,0
482,429,990,152,85,16,81-90,11-20,0,1,0
482,307,416,153,85,12,81-90,11-20,0,1,0
482,307,417,153,85,12,81-90,11-20,0,1,0
482,307,658,153,85,12,81-90,11-20,0,1,0
482,308,416,153,85,12,81-90,11-20,0,1,0
482,308,417,153,85,12,81-90,11-20,0,1,0
482,308,658,153,85,12,81-90,11-20,0,1,0
482,416,417,153,80,12,71-80,11-20,1,0,1
482,416,658,153,80,12,71-80,11-20,0,1,1
482,416,659,153,80,12,71-80,11-20,0,1,0
482,417,658,153,80,12,71-80,11-20,0,1,1
482,417,659,153,80,12,71-80,11-20,0,1,0
482,658,659,153,71,12,71-80,11-20,1,0,0
482,731,732,160,100,10,96-100,6-10,1,0,1
482,731,739,160,100,10,96-100,6-10,1,0,1
482,732,739,160,100,10,96-100,6-10,1,0,1
482,986,987,163,75,14,71-80,11-20,1,0,0
484,1022,1023,146,92,6,91-95,6-10,0,1,0
486,730,783,60,71,8,71-80,6-10,0,2,0
486,783,784,60,70,8,<=70,6-10,1,0,0
486,783,1035,60,70,8,<=70,6-10,0,1,0
486,213,340,92,87,17,81-90,11-20,0,1,0
486,213,341,92,87,17,81-90,11-20,0,1,0
486,213,342,92,87,17,81-90,11-20,0,1,0
486,213,438,92,87,17,81-90,11-20,0,1,0
486,213,440,92,87,17,81-90,11-20,0,1,0
486,213,498,92,87,17,81-90,11-20,1,2,1
486,340,498,92,75,17,71-80,11-20,0,2,0
486,341,498,92,75,17,71-80,11-20,0,2,0
486,342,498,92,75,17,71-80,11-20,0,2,0
486,438,498,92,75,17,71-80,11-20,0,2,0
486,440,498,92,75,17,71-80,11-20,0,2,0
492,168,236,56,75,9,71-80,6-10,0,1,0
492,169,236,56,75,9,71-80,6-10,0,1,0
492,170,236,56,75,9,71-80,6-10,0,1,0
492,524,1034,81,75,15,71-80,11-20,1,0,1
492,84,268,132,70,12,<=70,11-20,0,1,0
492,85,268,132,70,12,<=70,11-20,0,1,0
492,86,268,132,70,12,<=70,11-20,0,1,0
492,87,268,132,70,12,<=70,11-20,0,1,0
492,88,268,132,70,12,<=70,11-20,0,1,0
492,89,268,132,70,12,<=70,11-20,0,1,0
492,268,695,132,80,12,71-80,11-20,0,1,0
492,268,803,132,80,12,71-80,11-20,0,1,0
493,781,782,117,86,4,81-90,3-5,1,0,0
494,225,1040,71,83,3,81-90,3-5,0,1,0
494,226,1040,71,83,3,81-90,3-5,0,1,0
494,18,205,78,75,24,71-80,21+,1,0,0
494,205,691,78,75,24,71-80,21+,0,1,0
494,205,692,78,75,24,71-80,21+,0,1,0
494,205,842,78,75,24,71-80,21+,0,1,0
494,205,998,78,75,24,71-80,21+,0,1,0
494,205,1010,78,75,24,71-80,21+,0,1,0
494,275,620,84,80,15,71-80,11-20,0,1,0
494,275,1039,84,80,15,71-80,11-20,0,1,0
494,620,1037,84,75,15,71-80,11-20,0,1,0
494,620,1039,84,75,15,71-80,11-20,1,0,1
494,1037,1039,84,75,15,71-80,11-20,0,1,0
494,213,340,92,87,17,81-90,11-20,0,1,0
494,213,341,92,87,17,81-90,11-20,0,1,0
494,213,342,92,87,17,81-90,11-20,0,1,0
494,213,438,92,87,17,81-90,11-20,0,1,0
494,213,440,92,87,17,81-90,11-20,0,1,0
494,213,498,92,87,17,81-90,11-20,1,2,1
494,340,498,92,75,17,71-80,11-20,0,2,0
494,341,498,92,75,17,71-80,11-20,0,2,0
494,342,498,92,75,17,71-80,11-20,0,2,0
494,438,498,92,75,17,71-80,11-20,0,2,0
494,440,498,92,75,17,71-80,11-20,0,2,0
495,225,1040,71,83,3,81-90,3-5,0,1,0
495,226,1040,71,83,3,81-90,3-5,0,1,0
495,740,1038,76,80,5,71-80,3-5,0,1,0
495,18,205,78,75,24,71-80,21+,1,0,0
495,205,691,78,75,24,71-80,21+,0,1,0
495,205,692,78,75,24,71-80,21+,0,1,0
495,205,842,78,75,24,71-80,21+,0,1,0
495,205,998,78,75,24,71-80,21+,0,1,0
495,205,1010,78,75,24,71-80,21+,0,1,0
495,275,620,84,80,15,71-80,11-20,0,1,0
495,275,1039,84,80,15,71-80,11-20,0,1,0
495,620,1037,84,75,15,71-80,11-20,0,1,0
495,620,1039,84,75,15,71-80,11-20,1,0,1
495,1037,1039,84,75,15,71-80,11-20,0,1,0
495,986,987,163,75,14,71-80,11-20,1,0,1
496,76,90,130,70,10,<=70,6-10,0,1,0
496,77,90,130,70,10,<=70,6-10,0,1,0
496,78,90,130,70,10,<=70,6-10,0,1,0
496,79,90,130,70,10,<=70,6-10,1,0,0
496,80,90,130,70,10,<=70,6-10,0,1,0
496,81,90,130,70,10,<=70,6-10,0,1,0
496,90,798,130,71,10,71-80,6-10,0,1,0
496,84,88,132,70,12,<=70,11-20,0,1,0
496,85,88,132,70,12,<=70,11-20,0,1,0
496,86,88,132,70,12,<=70,11-20,0,1,0
496,87,88,132,70,12,<=70,11-20,0,1,0
496,88,89,132,70,12,<=70,11-20,0,1,0
496,88,268,132,70,12,<=70,11-20,0,1,0
496,88,695,132,70,12,<=70,11-20,0,1,0
496,88,803,132,70,12,<=70,11-20,0,1,0
496,91,92,133,73,11,71-80,11-20,0,1,0
496,92,93,133,73,11,71-80,11-20,0,1,0
496,92,94,133,73,11,71-80,11-20,0,1,0
496,92,95,133,73,11,71-80,11-20,0,1,0
496,92,805,133,73,11,71-80,11-20,0,1,0
497,168,236,56,75,9,71-80,6-10,0,1,0
497,169,236,56,75,9,71-80,6-10,0,1,0
497,170,236,56,75,9,71-80,6-10,0,1,0
497,524,1034,81,75,15,71-80,11-20,1,0,1
497,275,620,84,80,15,71-80,11-20,0,1,0
497,275,1037,84,80,15,71-80,11-20,0,1,0
497,275,1039,84,80,15,71-80,11-20,0,1,0
497,84,268,132,70,12,<=70,11-20,0,1,0
497,85,268,132,70,12,<=70,11-20,0,1,0
497,86,268,132,70,12,<=70,11-20,0,1,0
497,87,268,132,70,12,<=70,11-20,0,1,0
497,88,268,132,70,12,<=70,11-20,0,1,0
497,89,268,132,70,12,<=70,11-20,0,1,0
497,268,695,132,80,12,71-80,11-20,0,1,0
497,268,803,132,80,12,71-80,11-20,0,1,0
498,282,284,3,75,10,71-80,6-10,0,1,0
498,282,285,3,75,10,71-80,6-10,0,1,0
498,282,286,3,75,10,71-80,6-10,0,1,0
498,282,836,3,75,10,71-80,6-10,0,1,0
498,282,837,3,75,10,71-80,6-10,0,5,0
498,301,860,9,100,19,96-100,11-20,0,2,0
498,301,861,9,100,19,96-100,11-20,0,2,0
498,302,860,9,100,19,96-100,11-20,0,2,0
498,302,861,9,100,19,96-100,11-20,0,2,0
498,303,860,9,100,19,96-100,11-20,0,2,0
498,303,861,9,100,19,96-100,11-20,0,2,0
498,304,860,9,100,19,96-100,11-20,0,2,0
498,304,861,9,100,19,96-100,11-20,0,2,0
498,747,860,9,75,19,71-80,11-20,1,0,0
498,747,861,9,75,19,71-80,11-20,1,0,0
498,767,860,9,75,19,71-80,11-20,0,1,0
498,767,861,9,75,19,71-80,11-20,0,1,0
498,860,861,9,75,19,71-80,11-20,1,0,1
498,321,322,35,75,14,71-80,11-20,1,0,1
498,321,323,35,75,14,71-80,11-20,1,0,1
498,321,324,35,75,14,71-80,11-20,1,0,1
498,321,325,35,75,14,71-80,11-20,1,0,1
498,321,326,35,75,14,71-80,11-20,1,0,1
498,321,727,35,75,14,71-80,11-20,0,1,1
498,322,323,35,75,14,71-80,11-20,1,0,1
498,322,324,35,75,14,71-80,11-20,1,0,1
498,322,325,35,75,14,71-80,11-20,1,0,1
498,322,326,35,75,14,71-80,11-20,1,0,1
498,322,727,35,75,14,71-80,11-20,0,1,1
498,323,324,35,75,14,71-80,11-20,1,0,1
498,323,325,35,75,14,71-80,11-20,1,0,1
498,323,326,35,75,14,71-80,11-20,1,0,1
498,323,727,35,75,14,71-80,11-20,0,1,1
498,324,325,35,75,14,71-80,11-20,1,0,1
498,324,326,35,75,14,71-80,11-20,1,0,1
498,324,727,35,75,14,71-80,11-20,0,1,1
498,325,326,35,75,14,71-80,11-20,1,0,1
498,325,727,35,75,14,71-80,11-20,0,1,1
498,326,727,35,75,14,71-80,11-20,0,1,1
498,53,54,40,100,9,96-100,6-10,0,1,1
498,53,55,40,100,9,96-100,6-10,0,1,1
498,54,55,40,100,9,96-100,6-10,0,1,1
498,56,57,41,100,12,96-100,11-20,0,1,1
498,56,58,41,100,12,96-100,11-20,0,1,1
498,57,58,41,100,12,96-100,11-20,0,1,1
498,59,60,42,100,11,96-100,11-20,0,1,1
498,59,61,42,100,11,96-100,11-20,0,1,0
498,60,61,42,100,11,96-100,11-20,0,1,0
498,103,104,44,71,12,71-80,11-20,0,1,1
498,103,105,44,71,12,71-80,11-20,0,1,1
498,103,856,44,71,12,71-80,11-20,0,1,0
498,103,857,44,71,12,71-80,11-20,0,1,0
498,103,858,44,71,12,71-80,11-20,0,1,0
498,104,105,44,71,12,71-80,11-20,0,1,1
498,104,856,44,71,12,71-80,11-20,0,1,0
498,104,857,44,71,12,71-80,11-20,0,1,0
498,104,858,44,71,12,71-80,11-20,0,1,0
498,105,856,44,71,12,71-80,11-20,0,1,0
498,105,857,44,71,12,71-80,11-20,0,1,0
498,105,858,44,71,12,71-80,11-20,0,1,0
498,65,66,45,100,21,96-100,21+,0,1,0
498,65,67,45,100,21,96-100,21+,0,1,0
498,65,68,45,100,21,96-100,21+,0,1,0
498,65,71,45,100,21,96-100,21+,0,1,0
498,65,106,45,100,21,96-100,21+,0,1,0
498,65,107,45,100,21,96-100,21+,0,1,0
498,65,723,45,100,21,96-100,21+,0,1,0
498,66,67,45,100,21,96-100,21+,0,1,1
498,66,68,45,100,21,96-100,21+,0,1,1
498,66,69,45,100,21,96-100,21+,0,1,0
498,66,71,45,100,21,96-100,21+,0,1,1
498,66,72,45,100,21,96-100,21+,0,1,0
498,66,73,45,100,21,96-100,21+,0,1,0
498,66,106,45,100,21,96-100,21+,0,1,1
498,66,107,45,100,21,96-100,21+,0,1,1
498,66,661,45,100,21,96-100,21+,0,1,0
498,66,723,45,100,21,96-100,21+,0,1,1
498,67,68,45,100,21,96-100,21+,0,1,1
498,67,69,45,100,21,96-100,21+,0,1,0
498,67,71,45,100,21,96-100,21+,0,1,1
498,67,72,45,100,21,96-100,21+,0,1,0
498,67,73,45,100,21,96-100,21+,0,1,0
498,67,106,45,100,21,96-100,21+,0,1,1
498,67,107,45,100,21,96-100,21+,0,1,1
498,67,661,45,100,21,96-100,21+,0,1,0
498,67,723,45,100,21,96-100,21+,0,1,1
498,68,69,45,100,21,96-100,21+,0,1,0
498,68,71,45,100,21,96-100,21+,0,1,1
498,68,72,45,100,21,96-100,21+,0,1,0
498,68,73,45,100,21,96-100,21+,0,1,0
498,68,106,45,100,21,96-100,21+,0,1,1
498,68,107,45,100,21,96-100,21+,0,1,1
498,68,661,45,100,21,96-100,21+,0,1,0
498,68,723,45,100,21,96-100,21+,0,1,1
498,69,71,45,100,21,96-100,21+,0,1,0
498,69,106,45,100,21,96-100,21+,0,1,0
498,69,107,45,100,21,96-100,21+,0,1,0
498,69,723,45,100,21,96-100,21+,0,1,0
498,71,72,45,100,21,96-100,21+,0,1,0
498,71,73,45,100,21,96-100,21+,0,1,0
498,71,106,45,100,21,96-100,21+,0,1,1
498,71,107,45,100,21,96-100,21+,0,1,1
498,71,661,45,100,21,96-100,21+,0,1,0
498,71,723,45,100,21,96-100,21+,0,1,1
498,72,106,45,100,21,96-100,21+,0,1,0
498,72,107,45,100,21,96-100,21+,0,1,0
498,72,723,45,100,21,96-100,21+,0,1,0
498,73,106,45,100,21,96-100,21+,0,1,0
498,73,107,45,100,21,96-100,21+,0,1,0
498,73,723,45,100,21,96-100,21+,0,1,0
498,106,107,45,70,21,<=70,21+,0,1,1
498,106,661,45,70,21,<=70,21+,0,1,0
498,106,723,45,70,21,<=70,21+,0,1,1
498,107,661,45,70,21,<=70,21+,0,1,0
498,107,723,45,70,21,<=70,21+,0,1,1
498,661,723,45,100,21,96-100,21+,0,1,0
498,109,125,46,71,8,71-80,6-10,0,1,0
498,109,126,46,71,8,71-80,6-10,0,1,1
498,109,599,46,71,8,71-80,6-10,0,2,0
498,109,839,46,71,8,71-80,6-10,0,1,1
498,125,126,46,100,8,96-100,6-10,0,1,0
498,125,839,46,100,8,96-100,6-10,0,1,0
498,126,599,46,100,8,96-100,6-10,0,2,0
498,126,839,46,100,8,96-100,6-10,0,1,1
498,599,839,46,75,8,71-80,6-10,0,2,0
498,128,130,47,75,33,71-80,21+,0,1,1
498,70,532,48,100,12,96-100,11-20,0,1,0
498,136,137,49,75,10,71-80,6-10,0,1,0
498,136,140,49,75,10,71-80,6-10,0,1,0
498,136,150,49,75,10,71-80,6-10,1,1,0
498,137,140,49,75,10,71-80,6-10,1,0,1
498,137,150,49,75,10,71-80,6-10,0,1,1
498,137,152,49,75,10,71-80,6-10,0,1,0
498,140,150,49,75,10,71-80,6-10,0,1,1
498,140,152,49,75,10,71-80,6-10,0,1,0
498,150,152,49,75,10,71-80,6-10,1,0,0
498,138,142,51,83,15,81-90,11-20,0,1,1
498,168,236,56,75,9,71-80,6-10,0,1,0
498,169,236,56,75,9,71-80,6-10,0,1,0
498,170,236,56,75,9,71-80,6-10,0,1,0
498,172,173,57,100,9,96-100,6-10,1,0,1
498,172,591,57,100,9,96-100,6-10,0,2,1
498,172,592,57,100,9,96-100,6-10,0,2,1
498,173,591,57,100,9,96-100,6-10,0,2,1
498,173,592,57,100,9,96-100,6-10,0,2,1
498,591,592,57,75,9,71-80,6-10,1,0,1
498,174,175,58,100,10,96-100,6-10,1,0,1
498,174,593,58,100,10,96-100,6-10,0,2,1
498,174,594,58,100,10,96-100,6-10,0,2,1
498,174,595,58,100,10,96-100,6-10,0,2,1
498,175,593,58,100,10,96-100,6-10,0,2,1
498,175,594,58,100,10,96-100,6-10,0,2,1
498,175,595,58,100,10,96-100,6-10,0,2,1
498,593,594,58,84,10,81-90,6-10,1,0,1
498,593,595,58,84,10,81-90,6-10,1,0,1
498,594,595,58,84,10,81-90,6-10,1,0,1
498,730,1035,60,71,8,71-80,6-10,0,2,0
498,783,1035,60,70,8,<=70,6-10,0,1,0
498,784,1035,60,70,8,<=70,6-10,0,1,0
498,831,832,63,72,10,71-80,6-10,1,2,1
498,229,230,73,76,8,71-80,6-10,0,1,1
498,229,764,73,76,8,71-80,6-10,0,2,0
498,229,785,73,76,8,71-80,6-10,0,1,0
498,230,764,73,76,8,71-80,6-10,0,2,0
498,230,785,73,76,8,71-80,6-10,0,1,0
498,327,328,74,75,33,71-80,21+,1,0,1
498,327,329,74,75,33,71-80,21+,1,0,1
498,327,330,74,75,33,71-80,21+,1,0,1
498,327,332,74,75,33,71-80,21+,1,0,1
498,327,335,74,75,33,71-80,21+,1,0,1
498,327,718,74,75,33,71-80,21+,0,1,0
498,327,787,74,75,33,71-80,21+,0,1,0
498,327,789,74,75,33,71-80,21+,0,1,0
498,327,991,74,75,33,71-80,21+,0,1,0
498,328,329,74,75,33,71-80,21+,1,0,1
498,328,330,74,75,33,71-80,21+,1,0,1
498,328,332,74,75,33,71-80,21+,1,0,1
498,328,335,74,75,33,71-80,21+,1,0,1
498,328,718,74,75,33,71-80,21+,0,1,0
498,328,787,74,75,33,71-80,21+,0,1,0
498,328,789,74,75,33,71-80,21+,0,1,0
498,328,991,74,75,33,71-80,21+,0,1,0
498,329,330,74,75,33,71-80,21+,1,0,1
498,329,332,74,75,33,71-80,21+,1,0,1
498,329,335,74,75,33,71-80,21+,1,0,1
498,329,718,74,75,33,71-80,21+,0,1,0
498,329,787,74,75,33,71-80,21+,0,1,0
498,329,789,74,75,33,71-80,21+,0,1,0
498,329,991,74,75,33,71-80,21+,0,1,0
498,330,332,74,75,33,71-80,21+,1,0,1
498,330,335,74,75,33,71-80,21+,1,0,1
498,330,718,74,75,33,71-80,21+,0,1,0
498,330,787,74,75,33,71-80,21+,0,1,0
498,330,789,74,75,33,71-80,21+,0,1,0
498,330,991,74,75,33,71-80,21+,0,1,0
498,332,335,74,75,33,71-80,21+,1,0,1
498,332,718,74,75,33,71-80,21+,0,1,0
498,332,787,74,75,33,71-80,21+,0,1,0
498,332,789,74,75,33,71-80,21+,0,1,0
498,332,991,74,75,33,71-80,21+,0,1,0
498,335,718,74,75,33,71-80,21+,0,1,0
498,335,787,74,75,33,71-80,21+,0,1,0
498,335,789,74,75,33,71-80,21+,0,1,0
498,335,991,74,75,33,71-80,21+,0,1,0
498,331,333,75,75,7,71-80,6-10,1,0,0
498,333,788,75,75,7,71-80,6-10,0,1,0
498,740,1038,76,80,5,71-80,3-5,0,1,0
498,18,842,78,75,24,71-80,21+,0,1,0
498,205,842,78,75,24,71-80,21+,0,1,0
498,691,842,78,75,24,71-80,21+,0,1,0
498,692,842,78,75,24,71-80,21+,0,1,0
498,842,998,78,75,24,71-80,21+,0,1,0
498,842,1010,78,75,24,71-80,21+,0,1,0
498,524,1034,81,75,15,71-80,11-20,1,0,1
498,275,620,84,80,15,71-80,11-20,0,1,0
498,275,1037,84,80,15,71-80,11-20,0,1,0
498,275,1039,84,80,15,71-80,11-20,0,1,0
498,305,306,87,75,16,71-80,11-20,0,1,0
498,306,726,87,75,16,71-80,11-20,0,1,1
498,306,994,87,75,16,71-80,11-20,0,1,0
498,314,315,88,83,13,81-90,11-20,1,0,1
498,314,316,88,83,13,81-90,11-20,1,0,1
498,314,834,88,83,13,81-90,11-20,0,1,0
498,314,984,88,83,13,81-90,11-20,0,1,1
498,315,316,88,83,13,81-90,11-20,1,0,1
498,315,834,88,83,13,81-90,11-20,0,1,0
498,315,984,88,83,13,81-90,11-20,0,1,1
498,316,834,88,83,13,81-90,11-20,0,1,0
498,316,984,88,83,13,81-90,11-20,0,1,1
498,834,984,88,75,13,71-80,11-20,0,1,0
498,317,318,89,85,10,81-90,6-10,0,1,1
498,317,979,89,85,10,81-90,6-10,0,1,1
498,317,980,89,85,10,81-90,6-10,0,1,1
498,318,979,89,85,10,81-90,6-10,0,1,1
498,318,980,89,85,10,81-90,6-10,0,1,1
498,979,980,89,85,10,81-90,6-10,1,0,1
498,319,320,90,85,5,81-90,3-5,0,1,1
498,213,340,92,87,17,81-90,11-20,0,1,0
498,213,341,92,87,17,81-90,11-20,0,1,0
498,213,342,92,87,17,81-90,11-20,0,1,0
498,340,341,92,75,17,71-80,11-20,1,0,1
498,340,342,92,75,17,71-80,11-20,1,0,1
498,340,438,92,75,17,71-80,11-20,0,1,0
498,340,440,92,75,17,71-80,11-20,0,1,0
498,340,498,92,75,17,71-80,11-20,0,2,0
498,341,342,92,75,17,71-80,11-20,1,0,1
498,341,438,92,75,17,71-80,11-20,0,1,0
498,341,440,92,75,17,71-80,11-20,0,1,0
498,341,498,92,75,17,71-80,11-20,0,2,0
498,342,438,92,75,17,71-80,11-20,0,1,0
498,342,440,92,75,17,71-80,11-20,0,1,0
498,342,498,92,75,17,71-80,11-20,0,2,0
498,854,855,94,100,10,96-100,6-10,1,0,0
498,741,742,97,85,19,81-90,11-20,1,0,0
498,795,796,101,75,11,71-80,11-20,1,0,0
498,796,797,101,75,11,71-80,11-20,1,0,0
498,663,664,102,75,5,71-80,3-5,0,1,0
498,664,852,102,75,5,71-80,3-5,0,1,0
498,665,666,103,100,2,96-100,2 (pair),0,1,0
498,171,853,107,100,10,96-100,6-10,1,0,1
498,892,893,113,81,8,81-90,6-10,1,0,1
498,84,85,132,70,12,<=70,11-20,0,1,0
498,84,86,132,70,12,<=70,11-20,0,1,1
498,84,87,132,70,12,<=70,11-20,0,1,1
498,84,88,132,70,12,<=70,11-20,0,1,1
498,84,89,132,70,12,<=70,11-20,0,1,1
498,84,268,132,70,12,<=70,11-20,0,1,1
498,84,695,132,70,12,<=70,11-20,0,1,1
498,84,803,132,70,12,<=70,11-20,0,1,1
498,85,86,132,70,12,<=70,11-20,0,1,0
498,85,87,132,70,12,<=70,11-20,0,1,0
498,85,88,132,70,12,<=70,11-20,0,1,0
498,85,89,132,70,12,<=70,11-20,0,1,0
498,85,268,132,70,12,<=70,11-20,0,1,0
498,85,695,132,70,12,<=70,11-20,0,1,0
498,85,803,132,70,12,<=70,11-20,0,1,0
498,86,87,132,70,12,<=70,11-20,0,1,1
498,86,88,132,70,12,<=70,11-20,0,1,1
498,86,89,132,70,12,<=70,11-20,0,1,1
498,86,268,132,70,12,<=70,11-20,0,1,1
498,86,695,132,70,12,<=70,11-20,0,1,1
498,86,803,132,70,12,<=70,11-20,0,1,1
498,87,88,132,70,12,<=70,11-20,0,1,1
498,87,89,132,70,12,<=70,11-20,0,1,1
498,87,268,132,70,12,<=70,11-20,0,1,1
498,87,695,132,70,12,<=70,11-20,0,1,1
498,87,803,132,70,12,<=70,11-20,0,1,1
498,88,89,132,70,12,<=70,11-20,0,1,1
498,88,268,132,70,12,<=70,11-20,0,1,1
498,88,695,132,70,12,<=70,11-20,0,1,1
498,88,803,132,70,12,<=70,11-20,0,1,1
498,89,268,132,70,12,<=70,11-20,0,1,1
498,89,695,132,70,12,<=70,11-20,0,1,1
498,89,803,132,70,12,<=70,11-20,0,1,1
498,268,695,132,80,12,71-80,11-20,0,1,1
498,268,803,132,80,12,71-80,11-20,0,1,1
498,695,803,132,70,12,<=70,11-20,0,1,1
498,91,92,133,73,11,71-80,11-20,0,1,1
498,91,93,133,73,11,71-80,11-20,0,1,1
498,91,94,133,73,11,71-80,11-20,0,1,1
498,91,95,133,73,11,71-80,11-20,0,1,1
498,91,805,133,73,11,71-80,11-20,0,1,1
498,92,93,133,73,11,71-80,11-20,0,1,1
498,92,94,133,73,11,71-80,11-20,0,1,1
498,92,95,133,73,11,71-80,11-20,0,1,1
498,92,805,133,73,11,71-80,11-20,0,1,1
498,93,94,133,73,11,71-80,11-20,0,1,1
498,93,95,133,73,11,71-80,11-20,0,1,1
498,93,805,133,73,11,71-80,11-20,0,1,1
498,94,95,133,73,11,71-80,11-20,0,1,1
498,94,805,133,73,11,71-80,11-20,0,1,1
498,95,805,133,73,11,71-80,11-20,0,1,1
498,811,812,137,71,7,71-80,6-10,0,1,0
498,811,814,137,71,7,71-80,6-10,1,0,1
498,811,1020,137,71,7,71-80,6-10,0,1,0
498,811,1021,137,71,7,71-80,6-10,0,1,0
498,812,814,137,71,7,71-80,6-10,0,1,0
498,814,1020,137,71,7,71-80,6-10,0,1,0
498,814,1021,137,71,7,71-80,6-10,0,1,0
498,252,667,139,84,4,81-90,3-5,0,1,0
498,252,672,139,84,4,81-90,3-5,0,2,0
498,667,672,139,89,4,81-90,3-5,1,2,1
498,1022,1023,146,92,6,91-95,6-10,0,1,1
498,345,346,148,75,10,71-80,6-10,1,1,0
498,345,1003,148,75,10,71-80,6-10,0,1,0
498,345,1004,148,75,10,71-80,6-10,0,1,0
498,345,1005,148,75,10,71-80,6-10,0,1,0
498,345,1029,148,75,10,71-80,6-10,0,1,0
498,345,1030,148,75,10,71-80,6-10,0,1,0
498,346,1003,148,75,10,71-80,6-10,0,1,1
498,346,1004,148,75,10,71-80,6-10,0,1,1
498,346,1005,148,75,10,71-80,6-10,0,1,1
498,346,1029,148,75,10,71-80,6-10,0,1,1
498,346,1030,148,75,10,71-80,6-10,0,1,1
498,1003,1004,148,77,10,71-80,6-10,0,1,1
498,1003,1005,148,77,10,71-80,6-10,0,1,1
498,1003,1029,148,77,10,71-80,6-10,0,1,1
498,1003,1030,148,77,10,71-80,6-10,0,1,1
498,1004,1005,148,77,10,71-80,6-10,0,1,1
498,1004,1029,148,77,10,71-80,6-10,0,1,1
498,1004,1030,148,77,10,71-80,6-10,0,1,1
498,1005,1029,148,77,10,71-80,6-10,0,1,1
498,1005,1030,148,77,10,71-80,6-10,0,1,1
498,1029,1030,148,100,10,96-100,6-10,0,1,1
498,358,363,149,80,10,71-80,6-10,1,1,1
498,358,693,149,80,10,71-80,6-10,1,0,1
498,358,1006,149,80,10,71-80,6-10,0,1,1
498,358,1007,149,80,10,71-80,6-10,0,1,1
498,358,1008,149,80,10,71-80,6-10,0,1,1
498,358,1031,149,80,10,71-80,6-10,0,1,0
498,358,1032,149,80,10,71-80,6-10,0,1,0
498,358,1033,149,80,10,71-80,6-10,0,1,0
498,363,693,149,80,10,71-80,6-10,1,1,1
498,363,1006,149,80,10,71-80,6-10,0,1,1
498,363,1007,149,80,10,71-80,6-10,0,1,1
498,363,1008,149,80,10,71-80,6-10,0,1,1
498,363,1031,149,80,10,71-80,6-10,0,1,0
498,363,1032,149,80,10,71-80,6-10,0,1,0
498,363,1033,149,80,10,71-80,6-10,0,1,0
498,693,1006,149,80,10,71-80,6-10,0,1,1
498,693,1007,149,80,10,71-80,6-10,0,1,1
498,693,1008,149,80,10,71-80,6-10,0,1,1
498,693,1031,149,80,10,71-80,6-10,0,1,0
498,693,1032,149,80,10,71-80,6-10,0,1,0
498,693,1033,149,80,10,71-80,6-10,0,1,0
498,1006,1007,149,100,10,96-100,6-10,0,1,1
498,1006,1008,149,100,10,96-100,6-10,0,1,1
498,1006,1031,149,100,10,96-100,6-10,0,1,0
498,1006,1032,149,100,10,96-100,6-10,0,1,0
498,1006,1033,149,100,10,96-100,6-10,0,1,0
498,1007,1008,149,100,10,96-100,6-10,0,1,1
498,1007,1031,149,100,10,96-100,6-10,0,1,0
498,1007,1032,149,100,10,96-100,6-10,0,1,0
498,1007,1033,149,100,10,96-100,6-10,0,1,0
498,1008,1031,149,100,10,96-100,6-10,0,1,0
498,1008,1032,149,100,10,96-100,6-10,0,1,0
498,1008,1033,149,100,10,96-100,6-10,0,1,0
498,356,361,150,83,11,81-90,11-20,1,1,1
498,356,365,150,83,11,81-90,11-20,1,0,1
498,356,371,150,83,11,81-90,11-20,1,1,1
498,356,373,150,83,11,81-90,11-20,1,1,1
498,361,365,150,83,11,81-90,11-20,1,1,1
498,361,371,150,83,11,81-90,11-20,1,0,1
498,361,373,150,83,11,81-90,11-20,1,0,1
498,365,371,150,83,11,81-90,11-20,1,1,1
498,365,373,150,83,11,81-90,11-20,1,1,1
498,371,373,150,83,11,81-90,11-20,1,0,1
498,694,840,151,76,6,71-80,6-10,0,1,0
498,694,841,151,76,6,71-80,6-10,0,1,0
498,694,1012,151,76,6,71-80,6-10,1,0,1
498,840,1012,151,100,6,96-100,6-10,0,1,0
498,841,1012,151,100,6,96-100,6-10,0,1,0
498,390,391,152,85,16,81-90,11-20,1,0,1
498,390,392,152,85,16,81-90,11-20,1,0,1
498,390,394,152,85,16,81-90,11-20,1,0,1
498,390,429,152,85,16,81-90,11-20,1,1,1
498,390,989,152,85,16,81-90,11-20,0,1,1
498,390,990,152,85,16,81-90,11-20,0,1,1
498,391,392,152,85,16,81-90,11-20,1,0,1
498,391,394,152,85,16,81-90,11-20,1,0,1
498,391,429,152,85,16,81-90,11-20,1,1,1
498,391,989,152,85,16,81-90,11-20,0,1,1
498,391,990,152,85,16,81-90,11-20,0,1,1
498,392,394,152,85,16,81-90,11-20,1,0,1
498,392,429,152,85,16,81-90,11-20,1,1,1
498,392,989,152,85,16,81-90,11-20,0,1,1
498,392,990,152,85,16,81-90,11-20,0,1,1
498,394,429,152,85,16,81-90,11-20,1,1,1
498,394,989,152,85,16,81-90,11-20,0,1,1
498,394,990,152,85,16,81-90,11-20,0,1,1
498,429,989,152,85,16,81-90,11-20,0,1,1
498,429,990,152,85,16,81-90,11-20,0,1,1
498,989,990,152,80,16,71-80,11-20,0,1,1
498,307,658,153,85,12,81-90,11-20,0,1,0
498,308,658,153,85,12,81-90,11-20,0,1,0
498,416,658,153,80,12,71-80,11-20,0,1,1
498,417,658,153,80,12,71-80,11-20,0,1,1
498,658,659,153,71,12,71-80,11-20,1,0,0
498,733,736,162,83,17,81-90,11-20,1,0,0
498,733,737,162,83,17,81-90,11-20,1,0,0
498,734,736,162,83,17,81-90,11-20,1,0,0
498,734,737,162,83,17,81-90,11-20,1,0,0
498,736,737,162,85,17,81-90,11-20,1,0,1
498,986,987,163,75,14,71-80,11-20,1,0,1
501,70,532,48,100,12,96-100,11-20,0,1,0
501,213,438,92,87,17,81-90,11-20,0,1,0
501,213,440,92,87,17,81-90,11-20,0,1,0
501,213,1043,92,87,17,81-90,11-20,0,1,0
501,340,438,92,75,17,71-80,11-20,0,1,0
501,340,440,92,75,17,71-80,11-20,0,1,0
501,340,1043,92,75,17,71-80,11-20,0,1,0
501,341,438,92,75,17,71-80,11-20,0,1,0
501,341,440,92,75,17,71-80,11-20,0,1,0
501,341,1043,92,75,17,71-80,11-20,0,1,0
501,342,438,92,75,17,71-80,11-20,0,1,0
501,342,440,92,75,17,71-80,11-20,0,1,0
501,342,1043,92,75,17,71-80,11-20,0,1,0
501,438,440,92,75,17,71-80,11-20,1,0,1
501,438,498,92,75,17,71-80,11-20,0,2,0
501,438,1043,92,75,17,71-80,11-20,1,0,1
501,440,498,92,75,17,71-80,11-20,0,2,0
501,440,1043,92,75,17,71-80,11-20,1,0,1
501,498,1043,92,87,17,81-90,11-20,0,2,0
501,741,742,97,85,19,81-90,11-20,1,0,1
501,345,346,148,75,10,71-80,6-10,1,1,0
501,345,1003,148,75,10,71-80,6-10,0,1,0
501,345,1004,148,75,10,71-80,6-10,0,1,0
501,345,1005,148,75,10,71-80,6-10,0,1,0
501,346,1003,148,75,10,71-80,6-10,0,1,1
501,346,1004,148,75,10,71-80,6-10,0,1,1
501,346,1005,148,75,10,71-80,6-10,0,1,1
501,346,1029,148,75,10,71-80,6-10,0,1,0
501,346,1030,148,75,10,71-80,6-10,0,1,0
501,1003,1004,148,77,10,71-80,6-10,0,1,1
501,1003,1005,148,77,10,71-80,6-10,0,1,1
501,1003,1029,148,77,10,71-80,6-10,0,1,0
501,1003,1030,148,77,10,71-80,6-10,0,1,0
501,1004,1005,148,77,10,71-80,6-10,0,1,1
501,1004,1029,148,77,10,71-80,6-10,0,1,0
501,1004,1030,148,77,10,71-80,6-10,0,1,0
501,1005,1029,148,77,10,71-80,6-10,0,1,0
501,1005,1030,148,77,10,71-80,6-10,0,1,0
501,358,363,149,80,10,71-80,6-10,1,1,1
501,358,693,149,80,10,71-80,6-10,1,0,1
501,358,1006,149,80,10,71-80,6-10,0,1,0
501,358,1007,149,80,10,71-80,6-10,0,1,0
501,358,1008,149,80,10,71-80,6-10,0,1,0
501,358,1031,149,80,10,71-80,6-10,0,1,0
501,358,1032,149,80,10,71-80,6-10,0,1,0
501,358,1033,149,80,10,71-80,6-10,0,1,0
501,363,693,149,80,10,71-80,6-10,1,1,1
501,363,1006,149,80,10,71-80,6-10,0,1,0
501,363,1007,149,80,10,71-80,6-10,0,1,0
501,363,1008,149,80,10,71-80,6-10,0,1,0
501,363,1031,149,80,10,71-80,6-10,0,1,0
501,363,1032,149,80,10,71-80,6-10,0,1,0
501,363,1033,149,80,10,71-80,6-10,0,1,0
501,693,1006,149,80,10,71-80,6-10,0,1,0
501,693,1007,149,80,10,71-80,6-10,0,1,0
501,693,1008,149,80,10,71-80,6-10,0,1,0
501,693,1031,149,80,10,71-80,6-10,0,1,0
501,693,1032,149,80,10,71-80,6-10,0,1,0
501,693,1033,149,80,10,71-80,6-10,0,1,0
501,356,361,150,83,11,81-90,11-20,1,1,1
501,356,365,150,83,11,81-90,11-20,1,0,1
501,356,371,150,83,11,81-90,11-20,1,1,1
501,356,373,150,83,11,81-90,11-20,1,1,1
501,361,365,150,83,11,81-90,11-20,1,1,1
501,361,371,150,83,11,81-90,11-20,1,0,1
501,361,373,150,83,11,81-90,11-20,1,0,1
501,365,371,150,83,11,81-90,11-20,1,1,1
501,365,373,150,83,11,81-90,11-20,1,1,1
501,371,373,150,83,11,81-90,11-20,1,0,1
501,390,391,152,85,16,81-90,11-20,1,0,1
501,390,392,152,85,16,81-90,11-20,1,0,1
501,390,394,152,85,16,81-90,11-20,1,0,1
501,390,429,152,85,16,81-90,11-20,1,1,1
501,390,989,152,85,16,81-90,11-20,0,1,0
501,390,990,152,85,16,81-90,11-20,0,1,0
501,391,392,152,85,16,81-90,11-20,1,0,1
501,391,394,152,85,16,81-90,11-20,1,0,1
501,391,429,152,85,16,81-90,11-20,1,1,1
501,391,989,152,85,16,81-90,11-20,0,1,0
501,391,990,152,85,16,81-90,11-20,0,1,0
501,392,394,152,85,16,81-90,11-20,1,0,1
501,392,429,152,85,16,81-90,11-20,1,1,1
501,392,989,152,85,16,81-90,11-20,0,1,0
501,392,990,152,85,16,81-90,11-20,0,1,0
501,394,429,152,85,16,81-90,11-20,1,1,1
501,394,989,152,85,16,81-90,11-20,0,1,0
501,394,990,152,85,16,81-90,11-20,0,1,0
501,429,989,152,85,16,81-90,11-20,0,1,0
501,429,990,152,85,16,81-90,11-20,0,1,0
501,307,416,153,85,12,81-90,11-20,0,1,0
501,307,417,153,85,12,81-90,11-20,0,1,0
501,308,416,153,85,12,81-90,11-20,0,1,0
501,308,417,153,85,12,81-90,11-20,0,1,0
501,416,417,153,80,12,71-80,11-20,1,0,1
501,416,658,153,80,12,71-80,11-20,0,1,0
501,416,659,153,80,12,71-80,11-20,0,1,0
501,417,658,153,80,12,71-80,11-20,0,1,0
501,417,659,153,80,12,71-80,11-20,0,1,0
501,404,408,154,80,10,71-80,6-10,1,1,1
501,404,414,154,80,10,71-80,6-10,1,0,1
501,408,414,154,80,10,71-80,6-10,1,1,1
506,896,1045,37,75,15,71-80,11-20,0,1,0
506,963,1045,37,76,15,71-80,11-20,0,4,0
506,964,1045,37,76,15,71-80,11-20,0,4,0
506,965,1045,37,76,15,71-80,11-20,0,4,0
506,968,1045,37,75,15,71-80,11-20,0,2,0
506,966,1046,38,100,8,96-100,6-10,0,4,0
506,966,1047,38,100,8,96-100,6-10,0,4,0
506,967,1046,38,100,8,96-100,6-10,0,4,0
506,967,1047,38,100,8,96-100,6-10,0,4,0
506,1046,1047,38,80,8,71-80,6-10,1,0,1
506,56,1048,41,100,12,96-100,11-20,0,1,0
506,56,1051,41,100,12,96-100,11-20,0,1,0
506,56,1053,41,100,12,96-100,11-20,0,1,0
506,56,1054,41,100,12,96-100,11-20,0,1,0
506,57,1048,41,100,12,96-100,11-20,0,1,0
506,57,1051,41,100,12,96-100,11-20,0,1,0
506,57,1053,41,100,12,96-100,11-20,0,1,0
506,57,1054,41,100,12,96-100,11-20,0,1,0
506,58,1048,41,100,12,96-100,11-20,0,1,0
506,58,1051,41,100,12,96-100,11-20,0,1,0
506,58,1053,41,100,12,96-100,11-20,0,1,0
506,58,1054,41,100,12,96-100,11-20,0,1,0
506,1048,1051,41,75,12,71-80,11-20,1,0,1
506,1048,1052,41,75,12,71-80,11-20,0,1,0
506,1048,1053,41,75,12,71-80,11-20,1,0,1
506,1048,1054,41,75,12,71-80,11-20,1,0,1
506,1051,1052,41,100,12,96-100,11-20,0,1,0
506,1051,1053,41,100,12,96-100,11-20,1,0,1
506,1051,1054,41,100,12,96-100,11-20,1,0,1
506,1052,1053,41,100,12,96-100,11-20,0,1,0
506,1052,1054,41,100,12,96-100,11-20,0,1,0
506,1053,1054,41,75,12,71-80,11-20,1,0,1
506,59,1049,42,100,11,96-100,11-20,0,1,0
506,59,1050,42,100,11,96-100,11-20,0,1,0
506,60,1049,42,100,11,96-100,11-20,0,1,0
506,60,1050,42,100,11,96-100,11-20,0,1,0
506,61,1049,42,100,11,96-100,11-20,0,1,0
506,61,1050,42,100,11,96-100,11-20,0,1,0
506,1049,1050,42,80,11,71-80,11-20,1,0,1
507,168,236,56,75,9,71-80,6-10,0,1,0
507,169,236,56,75,9,71-80,6-10,0,1,0
507,170,236,56,75,9,71-80,6-10,0,1,0
507,524,1034,81,75,15,71-80,11-20,1,0,0
507,275,620,84,80,15,71-80,11-20,0,1,0
507,275,1037,84,80,15,71-80,11-20,0,1,0
507,275,1039,84,80,15,71-80,11-20,0,1,0
507,84,268,132,70,12,<=70,11-20,0,1,0
507,85,268,132,70,12,<=70,11-20,0,1,0
507,86,268,132,70,12,<=70,11-20,0,1,0
507,87,268,132,70,12,<=70,11-20,0,1,0
507,88,268,132,70,12,<=70,11-20,0,1,0
507,89,268,132,70,12,<=70,11-20,0,1,0
507,268,695,132,80,12,71-80,11-20,0,1,0
507,268,803,132,80,12,71-80,11-20,0,1,0
512,327,991,74,75,33,71-80,21+,0,1,0
512,328,991,74,75,33,71-80,21+,0,1,0
512,329,991,74,75,33,71-80,21+,0,1,0
512,330,991,74,75,33,71-80,21+,0,1,0
512,332,991,74,75,33,71-80,21+,0,1,0
512,335,991,74,75,33,71-80,21+,0,1,0
512,718,991,74,75,33,71-80,21+,0,1,0
512,787,991,74,75,33,71-80,21+,1,0,0
512,789,991,74,75,33,71-80,21+,1,0,0
516,356,1068,150,83,11,81-90,11-20,0,1,0
516,361,1068,150,83,11,81-90,11-20,0,1,0
516,365,1068,150,83,11,81-90,11-20,0,1,0
516,371,1068,150,83,11,81-90,11-20,0,1,0
516,373,1068,150,83,11,81-90,11-20,0,1,0
516,1068,1069,150,75,11,71-80,11-20,0,1,0
518,356,1068,150,83,11,81-90,11-20,0,1,0
518,361,1068,150,83,11,81-90,11-20,0,1,0
518,365,1068,150,83,11,81-90,11-20,0,1,0
518,371,1068,150,83,11,81-90,11-20,0,1,0
518,373,1068,150,83,11,81-90,11-20,0,1,0
518,1068,1069,150,75,11,71-80,11-20,0,1,0
519,436,710,55,71,10,71-80,6-10,0,2,0
519,710,766,55,75,10,71-80,6-10,0,1,0
519,710,876,55,75,10,71-80,6-10,0,2,0
519,710,877,55,75,10,71-80,6-10,0,2,0
519,999,1000,67,100,6,96-100,6-10,1,0,1
519,275,1037,84,80,15,71-80,11-20,0,1,0
519,620,1037,84,75,15,71-80,11-20,0,1,0
519,1037,1039,84,75,15,71-80,11-20,0,1,0
520,213,438,92,87,17,81-90,11-20,0,1,0
520,213,440,92,87,17,81-90,11-20,0,1,0
520,340,438,92,75,17,71-80,11-20,0,1,0
520,340,440,92,75,17,71-80,11-20,0,1,0
520,341,438,92,75,17,71-80,11-20,0,1,0
520,341,440,92,75,17,71-80,11-20,0,1,0
520,342,438,92,75,17,71-80,11-20,0,1,0
520,342,440,92,75,17,71-80,11-20,0,1,0
520,438,440,92,75,17,71-80,11-20,1,0,1
520,438,498,92,75,17,71-80,11-20,0,2,0
520,438,1043,92,75,17,71-80,11-20,1,0,0
520,440,498,92,75,17,71-80,11-20,0,2,0
520,440,1043,92,75,17,71-80,11-20,1,0,0
520,741,742,97,85,19,81-90,11-20,1,0,1
525,65,106,45,100,21,96-100,21+,0,1,0
525,65,107,45,100,21,96-100,21+,0,1,0
525,66,106,45,100,21,96-100,21+,0,1,0
525,66,107,45,100,21,96-100,21+,0,1,0
525,67,106,45,100,21,96-100,21+,0,1,0
525,67,107,45,100,21,96-100,21+,0,1,0
525,68,106,45,100,21,96-100,21+,0,1,0
525,68,107,45,100,21,96-100,21+,0,1,0
525,69,106,45,100,21,96-100,21+,0,1,0
525,69,107,45,100,21,96-100,21+,0,1,0
525,71,106,45,100,21,96-100,21+,0,1,0
525,71,107,45,100,21,96-100,21+,0,1,0
525,72,106,45,100,21,96-100,21+,0,1,0
525,72,107,45,100,21,96-100,21+,0,1,0
525,73,106,45,100,21,96-100,21+,0,1,0
525,73,107,45,100,21,96-100,21+,0,1,0
525,106,107,45,70,21,<=70,21+,0,1,1
525,106,661,45,70,21,<=70,21+,0,1,0
525,106,723,45,70,21,<=70,21+,0,1,0
525,107,661,45,70,21,<=70,21+,0,1,0
525,107,723,45,70,21,<=70,21+,0,1,0
529,740,1038,76,80,5,71-80,3-5,0,1,0
529,18,205,78,75,24,71-80,21+,1,0,1
529,18,691,78,75,24,71-80,21+,0,1,0
529,18,692,78,75,24,71-80,21+,0,1,0
529,18,842,78,75,24,71-80,21+,0,1,0
529,18,998,78,75,24,71-80,21+,0,1,0
529,18,1010,78,75,24,71-80,21+,0,1,0
529,18,1061,78,75,24,71-80,21+,0,1,0
529,205,691,78,75,24,71-80,21+,0,1,0
529,205,692,78,75,24,71-80,21+,0,1,0
529,205,842,78,75,24,71-80,21+,0,1,0
529,205,998,78,75,24,71-80,21+,0,1,0
529,205,1010,78,75,24,71-80,21+,0,1,0
529,205,1061,78,75,24,71-80,21+,0,1,0
529,276,1059,83,75,10,71-80,6-10,0,1,0
529,275,620,84,80,15,71-80,11-20,0,1,0
529,275,1039,84,80,15,71-80,11-20,0,1,0
529,620,1037,84,75,15,71-80,11-20,0,1,0
529,620,1039,84,75,15,71-80,11-20,1,0,1
529,1037,1039,84,75,15,71-80,11-20,0,1,0
529,213,340,92,87,17,81-90,11-20,0,1,0
529,213,341,92,87,17,81-90,11-20,0,1,0
529,213,342,92,87,17,81-90,11-20,0,1,0
529,213,438,92,87,17,81-90,11-20,0,1,0
529,213,440,92,87,17,81-90,11-20,0,1,0
529,213,498,92,87,17,81-90,11-20,1,2,1
529,213,1043,92,87,17,81-90,11-20,0,1,0
529,340,498,92,75,17,71-80,11-20,0,2,0
529,341,498,92,75,17,71-80,11-20,0,2,0
529,342,498,92,75,17,71-80,11-20,0,2,0
529,438,498,92,75,17,71-80,11-20,0,2,0
529,440,498,92,75,17,71-80,11-20,0,2,0
529,498,1043,92,87,17,81-90,11-20,0,2,0
529,190,1001,114,75,6,71-80,6-10,0,1,0
534,168,236,56,75,9,71-80,6-10,0,1,0
534,169,236,56,75,9,71-80,6-10,0,1,0
534,170,236,56,75,9,71-80,6-10,0,1,0
534,524,1034,81,75,15,71-80,11-20,1,0,0
534,276,1059,83,75,10,71-80,6-10,0,1,0
534,275,620,84,80,15,71-80,11-20,0,1,0
534,275,1037,84,80,15,71-80,11-20,0,1,0
534,275,1039,84,80,15,71-80,11-20,0,1,0
534,84,268,132,70,12,<=70,11-20,0,1,0
534,85,268,132,70,12,<=70,11-20,0,1,0
534,86,268,132,70,12,<=70,11-20,0,1,0
534,87,268,132,70,12,<=70,11-20,0,1,0
534,88,268,132,70,12,<=70,11-20,0,1,0
534,89,268,132,70,12,<=70,11-20,0,1,0
534,268,695,132,80,12,71-80,11-20,0,1,0
534,268,803,132,80,12,71-80,11-20,0,1,0
535,168,236,56,75,9,71-80,6-10,0,1,0
535,169,236,56,75,9,71-80,6-10,0,1,0
535,170,236,56,75,9,71-80,6-10,0,1,0
535,524,1034,81,75,15,71-80,11-20,1,0,1
535,276,1059,83,75,10,71-80,6-10,0,1,0
535,275,620,84,80,15,71-80,11-20,0,1,0
535,275,1037,84,80,15,71-80,11-20,0,1,0
535,275,1039,84,80,15,71-80,11-20,0,1,0
535,733,734,162,83,17,81-90,11-20,1,0,0
535,733,736,162,83,17,81-90,11-20,1,0,0
535,733,737,162,83,17,81-90,11-20,1,0,0
537,168,236,56,75,9,71-80,6-10,0,1,0
537,169,236,56,75,9,71-80,6-10,0,1,0
537,170,236,56,75,9,71-80,6-10,0,1,0
537,269,270,80,80,12,71-80,11-20,1,0,1
537,524,1034,81,75,15,71-80,11-20,1,0,1
537,276,1059,83,75,10,71-80,6-10,0,1,0
537,275,620,84,80,15,71-80,11-20,0,1,0
537,275,1037,84,80,15,71-80,11-20,0,1,0
537,275,1039,84,80,15,71-80,11-20,0,1,0
537,84,268,132,70,12,<=70,11-20,0,1,0
537,85,268,132,70,12,<=70,11-20,0,1,0
537,86,268,132,70,12,<=70,11-20,0,1,0
537,87,268,132,70,12,<=70,11-20,0,1,0
537,88,268,132,70,12,<=70,11-20,0,1,0
537,89,268,132,70,12,<=70,11-20,0,1,0
537,268,695,132,80,12,71-80,11-20,0,1,0
537,268,803,132,80,12,71-80,11-20,0,1,0
540,327,789,74,75,33,71-80,21+,0,1,0
540,328,789,74,75,33,71-80,21+,0,1,0
540,329,789,74,75,33,71-80,21+,0,1,0
540,330,789,74,75,33,71-80,21+,0,1,0
540,332,789,74,75,33,71-80,21+,0,1,0
540,335,789,74,75,33,71-80,21+,0,1,0
540,718,789,74,75,33,71-80,21+,0,1,0
540,787,789,74,75,33,71-80,21+,1,0,0
540,789,991,74,75,33,71-80,21+,1,0,0
540,740,1038,76,80,5,71-80,3-5,0,1,0
540,18,205,78,75,24,71-80,21+,1,0,1
540,18,691,78,75,24,71-80,21+,0,1,0
540,18,692,78,75,24,71-80,21+,0,1,0
540,18,842,78,75,24,71-80,21+,0,1,0
540,18,998,78,75,24,71-80,21+,0,1,0
540,18,1010,78,75,24,71-80,21+,0,1,0
540,18,1061,78,75,24,71-80,21+,0,1,0
540,205,691,78,75,24,71-80,21+,0,1,0
540,205,692,78,75,24,71-80,21+,0,1,0
540,205,842,78,75,24,71-80,21+,0,1,0
540,205,998,78,75,24,71-80,21+,0,1,0
540,205,1010,78,75,24,71-80,21+,0,1,0
540,205,1061,78,75,24,71-80,21+,0,1,0
540,275,620,84,80,15,71-80,11-20,0,1,0
540,275,1039,84,80,15,71-80,11-20,0,1,0
540,620,1037,84,75,15,71-80,11-20,0,1,0
540,620,1039,84,75,15,71-80,11-20,1,0,1
540,1037,1039,84,75,15,71-80,11-20,0,1,0
540,337,830,91,90,12,81-90,11-20,0,1,0
540,338,830,91,90,12,81-90,11-20,0,1,0
540,339,830,91,90,12,81-90,11-20,0,1,0
540,830,1062,91,75,12,71-80,11-20,0,1,0
540,830,1063,91,75,12,71-80,11-20,0,1,0
540,213,340,92,87,17,81-90,11-20,0,1,0
540,213,341,92,87,17,81-90,11-20,0,1,0
540,213,342,92,87,17,81-90,11-20,0,1,0
540,213,438,92,87,17,81-90,11-20,0,1,0
540,213,440,92,87,17,81-90,11-20,0,1,0
540,213,498,92,87,17,81-90,11-20,1,2,0
540,213,1043,92,87,17,81-90,11-20,0,1,0
540,207,826,93,80,20,71-80,11-20,1,0,1
540,207,1036,93,80,20,71-80,11-20,0,1,0
540,207,1077,93,80,20,71-80,11-20,1,0,1
540,826,1036,93,80,20,71-80,11-20,0,1,0
540,826,1077,93,80,20,71-80,11-20,1,0,1
541,301,767,9,100,19,96-100,11-20,0,2,0
541,302,767,9,100,19,96-100,11-20,0,2,0
541,303,767,9,100,19,96-100,11-20,0,2,0
541,304,767,9,100,19,96-100,11-20,0,2,0
541,747,767,9,75,19,71-80,11-20,0,1,0
541,767,860,9,75,19,71-80,11-20,0,1,0
541,767,861,9,75,19,71-80,11-20,0,1,0
541,679,1074,54,75,17,71-80,11-20,0,3,0
541,679,1078,54,75,17,71-80,11-20,0,3,0
541,746,1074,54,75,17,71-80,11-20,0,1,0
541,746,1078,54,75,17,71-80,11-20,0,1,0
541,1074,1078,54,70,17,<=70,11-20,1,0,1
541,436,766,55,71,10,71-80,6-10,0,2,0
541,710,766,55,75,10,71-80,6-10,0,1,0
541,766,876,55,75,10,71-80,6-10,0,2,0
541,766,877,55,75,10,71-80,6-10,0,2,0
541,730,783,60,71,8,71-80,6-10,0,2,0
541,730,784,60,71,8,71-80,6-10,0,2,0
541,783,784,60,70,8,<=70,6-10,1,0,1
541,783,1035,60,70,8,<=70,6-10,0,1,0
541,784,1035,60,70,8,<=70,6-10,0,1,0
541,1075,1076,61,70,8,<=70,6-10,1,1,1
541,775,1079,62,75,17,71-80,11-20,1,0,0
541,327,787,74,75,33,71-80,21+,0,1,0
541,328,787,74,75,33,71-80,21+,0,1,0
541,329,787,74,75,33,71-80,21+,0,1,0
541,330,787,74,75,33,71-80,21+,0,1,0
541,332,787,74,75,33,71-80,21+,0,1,0
541,335,787,74,75,33,71-80,21+,0,1,0
541,718,787,74,75,33,71-80,21+,0,1,0
541,787,789,74,75,33,71-80,21+,1,0,0
541,488,740,76,75,5,71-80,3-5,0,1,0
541,488,1038,76,75,5,71-80,3-5,1,0,1
541,740,1038,76,80,5,71-80,3-5,0,1,0
541,18,205,78,75,24,71-80,21+,1,0,1
541,18,691,78,75,24,71-80,21+,0,1,0
541,18,692,78,75,24,71-80,21+,0,1,0
541,18,842,78,75,24,71-80,21+,0,1,0
541,18,998,78,75,24,71-80,21+,0,1,0
541,18,1010,78,75,24,71-80,21+,0,1,0
541,18,1061,78,75,24,71-80,21+,0,1,0
541,205,691,78,75,24,71-80,21+,0,1,0
541,205,692,78,75,24,71-80,21+,0,1,0
541,205,842,78,75,24,71-80,21+,0,1,0
541,205,998,78,75,24,71-80,21+,0,1,0
541,205,1010,78,75,24,71-80,21+,0,1,0
541,205,1061,78,75,24,71-80,21+,0,1,0
541,275,620,84,80,15,71-80,11-20,0,1,0
541,275,1039,84,80,15,71-80,11-20,0,1,0
541,620,1037,84,75,15,71-80,11-20,0,1,0
541,620,1039,84,75,15,71-80,11-20,1,0,1
541,1037,1039,84,75,15,71-80,11-20,0,1,0
541,337,830,91,90,12,81-90,11-20,0,1,0
541,338,830,91,90,12,81-90,11-20,0,1,0
541,339,830,91,90,12,81-90,11-20,0,1,0
541,830,1062,91,75,12,71-80,11-20,0,1,0
541,830,1063,91,75,12,71-80,11-20,0,1,0
541,190,1001,114,75,6,71-80,6-10,0,1,0
541,733,736,162,83,17,81-90,11-20,1,0,0
541,733,737,162,83,17,81-90,11-20,1,0,0
541,734,736,162,83,17,81-90,11-20,1,0,0
541,734,737,162,83,17,81-90,11-20,1,0,0
541,736,737,162,85,17,81-90,11-20,1,0,1
559,96,1019,134,100,8,96-100,6-10,0,1,0
559,97,1019,134,100,8,96-100,6-10,0,1,0
562,128,130,47,75,33,71-80,21+,0,1,1
562,136,137,49,75,10,71-80,6-10,0,1,1
562,136,140,49,75,10,71-80,6-10,0,1,1
562,136,150,49,75,10,71-80,6-10,1,1,1
562,136,152,49,75,10,71-80,6-10,1,1,1
562,137,140,49,75,10,71-80,6-10,1,0,1
562,137,150,49,75,10,71-80,6-10,0,1,1
562,137,152,49,75,10,71-80,6-10,0,1,1
562,140,150,49,75,10,71-80,6-10,0,1,1
562,140,152,49,75,10,71-80,6-10,0,1,1
562,150,152,49,75,10,71-80,6-10,1,0,1
562,138,142,51,83,15,81-90,11-20,0,1,0
562,436,766,55,71,10,71-80,6-10,0,2,0
562,710,766,55,75,10,71-80,6-10,0,1,0
562,766,876,55,75,10,71-80,6-10,0,2,0
562,766,877,55,75,10,71-80,6-10,0,2,0
562,775,1079,62,75,17,71-80,11-20,1,0,1
562,327,787,74,75,33,71-80,21+,0,1,0
562,327,789,74,75,33,71-80,21+,0,1,0
562,328,787,74,75,33,71-80,21+,0,1,0
562,328,789,74,75,33,71-80,21+,0,1,0
562,329,787,74,75,33,71-80,21+,0,1,0
562,329,789,74,75,33,71-80,21+,0,1,0
562,330,787,74,75,33,71-80,21+,0,1,0
562,330,789,74,75,33,71-80,21+,0,1,0
562,332,787,74,75,33,71-80,21+,0,1,0
562,332,789,74,75,33,71-80,21+,0,1,0
562,335,787,74,75,33,71-80,21+,0,1,0
562,335,789,74,75,33,71-80,21+,0,1,0
562,718,787,74,75,33,71-80,21+,0,1,0
562,718,789,74,75,33,71-80,21+,0,1,0
562,787,789,74,75,33,71-80,21+,1,0,1
562,331,788,75,75,7,71-80,6-10,0,1,0
562,333,788,75,75,7,71-80,6-10,0,1,0
562,18,691,78,75,24,71-80,21+,0,1,0
562,18,692,78,75,24,71-80,21+,0,1,0
562,205,691,78,75,24,71-80,21+,0,1,0
562,205,692,78,75,24,71-80,21+,0,1,0
562,691,692,78,75,24,71-80,21+,1,0,1
562,691,842,78,75,24,71-80,21+,0,1,0
562,691,998,78,75,24,71-80,21+,0,1,0
562,691,1010,78,75,24,71-80,21+,0,1,0
562,691,1061,78,75,24,71-80,21+,0,1,0
562,692,842,78,75,24,71-80,21+,0,1,0
562,692,998,78,75,24,71-80,21+,0,1,0
562,692,1010,78,75,24,71-80,21+,0,1,0
562,692,1061,78,75,24,71-80,21+,0,1,0
562,663,664,102,75,5,71-80,3-5,0,1,0
562,663,852,102,75,5,71-80,3-5,1,0,0
562,664,852,102,75,5,71-80,3-5,0,1,1
562,171,853,107,100,10,96-100,6-10,1,0,1
563,168,236,56,75,9,71-80,6-10,0,1,0
563,169,236,56,75,9,71-80,6-10,0,1,0
563,170,236,56,75,9,71-80,6-10,0,1,0
563,269,270,80,80,12,71-80,11-20,1,0,0
563,524,1034,81,75,15,71-80,11-20,1,0,0
563,275,620,84,80,15,71-80,11-20,0,1,0
563,275,1037,84,80,15,71-80,11-20,0,1,0
563,275,1039,84,80,15,71-80,11-20,0,1,0
563,84,268,132,70,12,<=70,11-20,0,1,0
563,85,268,132,70,12,<=70,11-20,0,1,0
563,86,268,132,70,12,<=70,11-20,0,1,0
563,87,268,132,70,12,<=70,11-20,0,1,0
563,88,268,132,70,12,<=70,11-20,0,1,0
563,89,268,132,70,12,<=70,11-20,0,1,0
563,268,695,132,80,12,71-80,11-20,0,1,0
563,268,803,132,80,12,71-80,11-20,0,1,0
565,282,284,3,75,10,71-80,6-10,0,1,0
565,282,285,3,75,10,71-80,6-10,0,1,0
565,282,286,3,75,10,71-80,6-10,0,1,0
565,282,836,3,75,10,71-80,6-10,0,1,0
565,282,837,3,75,10,71-80,6-10,0,5,0
568,488,1038,76,75,5,71-80,3-5,1,0,0
568,740,1038,76,80,5,71-80,3-5,0,1,0
568,18,205,78,75,24,71-80,21+,1,0,0
568,205,691,78,75,24,71-80,21+,0,1,0
568,205,692,78,75,24,71-80,21+,0,1,0
568,205,842,78,75,24,71-80,21+,0,1,0
568,205,998,78,75,24,71-80,21+,0,1,0
568,205,1010,78,75,24,71-80,21+,0,1,0
568,205,1061,78,75,24,71-80,21+,0,1,0
568,275,620,84,80,15,71-80,11-20,0,1,0
568,275,1039,84,80,15,71-80,11-20,0,1,0
568,620,1037,84,75,15,71-80,11-20,0,1,0
568,620,1039,84,75,15,71-80,11-20,1,0,1
568,1037,1039,84,75,15,71-80,11-20,0,1,0
574,168,236,56,75,9,71-80,6-10,0,1,0
574,169,236,56,75,9,71-80,6-10,0,1,0
574,170,236,56,75,9,71-80,6-10,0,1,0
574,269,270,80,80,12,71-80,11-20,1,0,1
574,524,1034,81,75,15,71-80,11-20,1,0,1
574,275,620,84,80,15,71-80,11-20,0,1,0
574,275,1037,84,80,15,71-80,11-20,0,1,0
574,275,1039,84,80,15,71-80,11-20,0,1,0
574,84,268,132,70,12,<=70,11-20,0,1,0
574,85,268,132,70,12,<=70,11-20,0,1,0
574,86,268,132,70,12,<=70,11-20,0,1,0
574,87,268,132,70,12,<=70,11-20,0,1,0
574,88,268,132,70,12,<=70,11-20,0,1,0
574,89,268,132,70,12,<=70,11-20,0,1,0
574,268,695,132,80,12,71-80,11-20,0,1,0
574,268,803,132,80,12,71-80,11-20,0,1,0
575,963,1095,37,76,15,71-80,11-20,0,4,0
575,964,1095,37,76,15,71-80,11-20,0,4,0
575,965,1095,37,76,15,71-80,11-20,0,4,0
575,968,1095,37,75,15,71-80,11-20,0,2,0
575,966,1097,38,100,8,96-100,6-10,0,4,0
575,967,1097,38,100,8,96-100,6-10,0,4,0
575,1047,1097,38,72,8,71-80,6-10,1,0,0
575,1096,1097,38,72,8,71-80,6-10,1,0,1
575,53,1098,40,100,9,96-100,6-10,0,1,0
575,53,1102,40,100,9,96-100,6-10,0,1,0
575,54,1098,40,100,9,96-100,6-10,0,1,0
575,54,1102,40,100,9,96-100,6-10,0,1,0
575,55,1098,40,100,9,96-100,6-10,0,1,0
575,55,1102,40,100,9,96-100,6-10,0,1,0
575,1098,1101,40,80,9,71-80,6-10,1,0,1
575,1098,1102,40,80,9,71-80,6-10,1,0,1
575,1098,1103,40,80,9,71-80,6-10,1,0,1
575,1101,1102,40,80,9,71-80,6-10,1,0,1
575,1102,1103,40,80,9,71-80,6-10,1,0,1
575,56,1053,41,100,12,96-100,11-20,0,1,0
575,56,1054,41,100,12,96-100,11-20,0,1,0
575,57,1053,41,100,12,96-100,11-20,0,1,0
575,57,1054,41,100,12,96-100,11-20,0,1,0
575,58,1053,41,100,12,96-100,11-20,0,1,0
575,58,1054,41,100,12,96-100,11-20,0,1,0
575,1048,1053,41,75,12,71-80,11-20,1,0,1
575,1048,1054,41,75,12,71-80,11-20,1,0,1
575,1053,1054,41,75,12,71-80,11-20,1,0,1
575,59,1050,42,100,11,96-100,11-20,0,1,0
575,60,1050,42,100,11,96-100,11-20,0,1,0
575,61,1050,42,100,11,96-100,11-20,0,1,0
575,1049,1050,42,80,11,71-80,11-20,1,0,1
575,1050,1104,42,80,11,71-80,11-20,1,0,1
575,1050,1105,42,80,11,71-80,11-20,1,0,1
575,168,236,56,75,9,71-80,6-10,0,1,0
575,169,236,56,75,9,71-80,6-10,0,1,0
575,170,236,56,75,9,71-80,6-10,0,1,0
575,524,1034,81,75,15,71-80,11-20,1,0,0
575,275,620,84,80,15,71-80,11-20,0,1,0
575,275,1037,84,80,15,71-80,11-20,0,1,0
575,275,1039,84,80,15,71-80,11-20,0,1,0
577,903,1111,10,75,6,71-80,6-10,0,4,0
577,904,1111,10,75,6,71-80,6-10,0,4,0
577,1107,1110,52,71,6,71-80,6-10,0,1,0
577,831,1109,63,72,10,71-80,6-10,0,1,0
577,832,1109,63,72,10,71-80,6-10,0,2,0
577,1108,1109,63,75,10,71-80,6-10,1,0,0
577,1113,1125,69,100,3,96-100,3-5,1,0,0
577,1113,1126,69,100,3,96-100,3-5,1,0,1
577,1125,1126,69,83,3,81-90,3-5,1,0,0
577,108,1127,70,80,3,71-80,3-5,0,1,0
577,1114,1127,70,75,3,71-80,3-5,1,0,0
577,327,1116,74,75,33,71-80,21+,0,1,0
577,328,1116,74,75,33,71-80,21+,0,1,0
577,329,1116,74,75,33,71-80,21+,0,1,0
577,330,1116,74,75,33,71-80,21+,0,1,0
577,332,1116,74,75,33,71-80,21+,0,1,0
577,335,1116,74,75,33,71-80,21+,0,1,0
577,718,1116,74,75,33,71-80,21+,0,1,0
577,787,1116,74,75,33,71-80,21+,0,1,0
577,789,1116,74,75,33,71-80,21+,0,1,0
577,1092,1116,74,75,33,71-80,21+,0,1,0
577,1093,1116,74,75,33,71-80,21+,0,1,0
577,1115,1116,74,75,33,71-80,21+,1,0,0
579,168,236,56,75,9,71-80,6-10,0,1,0
579,169,236,56,75,9,71-80,6-10,0,1,0
579,170,236,56,75,9,71-80,6-10,0,1,0
579,730,1136,60,71,8,71-80,6-10,0,2,0
579,783,1136,60,70,8,<=70,6-10,0,1,0
579,784,1136,60,70,8,<=70,6-10,0,1,0
579,1035,1136,60,80,8,71-80,6-10,0,1,0
579,524,1034,81,75,15,71-80,11-20,1,0,0
579,275,620,84,80,15,71-80,11-20,0,1,0
579,275,1037,84,80,15,71-80,11-20,0,1,0
579,275,1039,84,80,15,71-80,11-20,0,1,0
579,1119,1141,86,100,10,96-100,6-10,0,1,0
579,1140,1141,86,75,10,71-80,6-10,0,1,0
579,364,1138,95,75,11,71-80,11-20,0,1,1
579,364,1139,95,75,11,71-80,11-20,1,0,1
579,364,1142,95,75,11,71-80,11-20,0,1,1
579,1138,1139,95,75,11,71-80,11-20,0,1,1
579,1139,1142,95,75,11,71-80,11-20,0,1,1
579,1143,1144,96,100,8,96-100,6-10,1,0,1
579,1143,1145,96,100,8,96-100,6-10,1,0,1
579,1144,1145,96,100,8,96-100,6-10,1,0,1
579,1014,1146,143,100,4,96-100,3-5,0,1,0
579,1015,1146,143,100,4,96-100,3-5,0,1,0
579,1146,1173,143,100,4,96-100,3-5,0,1,1
580,282,284,3,75,10,71-80,6-10,0,1,0
580,282,285,3,75,10,71-80,6-10,0,1,0
580,282,286,3,75,10,71-80,6-10,0,1,0
580,282,836,3,75,10,71-80,6-10,0,1,0
580,282,837,3,75,10,71-80,6-10,0,5,0
580,1119,1140,86,100,10,96-100,6-10,0,1,0
580,1140,1141,86,75,10,71-80,6-10,0,1,0
582,282,284,3,75,10,71-80,6-10,0,1,0
582,282,285,3,75,10,71-80,6-10,0,1,0
582,282,286,3,75,10,71-80,6-10,0,1,0
582,282,836,3,75,10,71-80,6-10,0,1,0
582,282,837,3,75,10,71-80,6-10,0,5,0
582,1119,1140,86,100,10,96-100,6-10,0,1,0
582,1140,1141,86,75,10,71-80,6-10,0,1,0
583,301,767,9,100,19,96-100,11-20,0,2,0
583,302,767,9,100,19,96-100,11-20,0,2,0
583,303,767,9,100,19,96-100,11-20,0,2,0
583,304,767,9,100,19,96-100,11-20,0,2,0
583,747,767,9,75,19,71-80,11-20,0,1,0
583,767,860,9,75,19,71-80,11-20,0,1,0
583,767,861,9,75,19,71-80,11-20,0,1,0
583,1070,1071,65,85,10,81-90,6-10,0,1,0
583,1071,1083,65,85,10,81-90,6-10,0,1,0
583,340,438,92,75,17,71-80,11-20,0,1,0
583,340,440,92,75,17,71-80,11-20,0,1,0
583,340,1043,92,75,17,71-80,11-20,0,1,0
583,341,438,92,75,17,71-80,11-20,0,1,0
583,341,440,92,75,17,71-80,11-20,0,1,0
583,341,1043,92,75,17,71-80,11-20,0,1,0
583,342,438,92,75,17,71-80,11-20,0,1,0
583,342,440,92,75,17,71-80,11-20,0,1,0
583,342,1043,92,75,17,71-80,11-20,0,1,0
583,438,440,92,75,17,71-80,11-20,1,0,1
583,438,1043,92,75,17,71-80,11-20,1,0,1
583,440,1043,92,75,17,71-80,11-20,1,0,1
583,1036,1085,93,80,20,71-80,11-20,0,1,0
583,1036,1086,93,80,20,71-80,11-20,0,1,0
583,1036,1087,93,80,20,71-80,11-20,0,1,0
583,1036,1088,93,80,20,71-80,11-20,0,1,0
583,1084,1085,93,70,20,<=70,11-20,1,0,0
583,1084,1086,93,70,20,<=70,11-20,1,0,0
583,1084,1087,93,70,20,<=70,11-20,1,0,0
583,1084,1088,93,70,20,<=70,11-20,1,0,0
583,1085,1086,93,70,20,<=70,11-20,1,0,1
583,1085,1087,93,70,20,<=70,11-20,1,0,1
583,1085,1088,93,70,20,<=70,11-20,1,0,1
583,1086,1087,93,70,20,<=70,11-20,1,0,1
583,1086,1088,93,70,20,<=70,11-20,1,0,1
583,1087,1088,93,70,20,<=70,11-20,1,0,1
584,436,766,55,71,10,71-80,6-10,0,2,0
584,710,766,55,75,10,71-80,6-10,0,1,0
584,766,876,55,75,10,71-80,6-10,0,2,0
584,766,877,55,75,10,71-80,6-10,0,2,0
584,730,783,60,71,8,71-80,6-10,0,2,0
584,730,784,60,71,8,71-80,6-10,0,2,0
584,783,784,60,70,8,<=70,6-10,1,0,1
584,783,1035,60,70,8,<=70,6-10,0,1,0
584,783,1136,60,70,8,<=70,6-10,0,1,0
584,784,1035,60,70,8,<=70,6-10,0,1,0
584,784,1136,60,70,8,<=70,6-10,0,1,0
584,775,1079,62,75,17,71-80,11-20,1,0,1
584,327,787,74,75,33,71-80,21+,0,1,0
584,328,787,74,75,33,71-80,21+,0,1,0
584,329,787,74,75,33,71-80,21+,0,1,0
584,330,787,74,75,33,71-80,21+,0,1,0
584,332,787,74,75,33,71-80,21+,0,1,0
584,335,787,74,75,33,71-80,21+,0,1,0
584,718,787,74,75,33,71-80,21+,0,1,0
584,787,789,74,75,33,71-80,21+,1,0,0
584,787,1092,74,75,33,71-80,21+,0,1,0
584,787,1093,74,75,33,71-80,21+,0,1,0
584,787,1115,74,75,33,71-80,21+,0,1,0
584,787,1116,74,75,33,71-80,21+,0,1,0
584,331,788,75,75,7,71-80,6-10,0,1,0
584,333,788,75,75,7,71-80,6-10,0,1,0
585,65,1135,45,100,21,96-100,21+,0,1,0
585,66,1135,45,100,21,96-100,21+,0,1,0
585,67,1135,45,100,21,96-100,21+,0,1,0
585,68,1135,45,100,21,96-100,21+,0,1,0
585,69,1135,45,100,21,96-100,21+,0,1,0
585,71,1135,45,100,21,96-100,21+,0,1,0
585,72,1135,45,100,21,96-100,21+,0,1,0
585,73,1135,45,100,21,96-100,21+,0,1,0
585,106,1135,45,70,21,<=70,21+,0,1,0
585,107,1135,45,70,21,<=70,21+,0,1,0
585,661,1135,45,100,21,96-100,21+,0,1,0
585,723,1135,45,100,21,96-100,21+,0,1,0
585,364,1138,95,75,11,71-80,11-20,0,1,0
585,1138,1139,95,75,11,71-80,11-20,0,1,0
585,1138,1142,95,75,11,71-80,11-20,1,0,0
585,741,1148,97,85,19,81-90,11-20,0,1,0
585,741,1149,97,85,19,81-90,11-20,0,1,0
585,741,1151,97,85,19,81-90,11-20,0,1,0
585,741,1152,97,85,19,81-90,11-20,0,1,0
585,741,1154,97,85,19,81-90,11-20,0,1,0
585,741,1155,97,85,19,81-90,11-20,0,1,0
585,741,1156,97,85,19,81-90,11-20,0,1,0
585,741,1157,97,85,19,81-90,11-20,0,1,0
585,741,1158,97,85,19,81-90,11-20,0,1,0
585,742,1148,97,85,19,81-90,11-20,0,1,0
585,742,1149,97,85,19,81-90,11-20,0,1,0
585,742,1151,97,85,19,81-90,11-20,0,1,0
585,742,1152,97,85,19,81-90,11-20,0,1,0
585,742,1154,97,85,19,81-90,11-20,0,1,0
585,742,1155,97,85,19,81-90,11-20,0,1,0
585,742,1156,97,85,19,81-90,11-20,0,1,0
585,742,1157,97,85,19,81-90,11-20,0,1,0
585,742,1158,97,85,19,81-90,11-20,0,1,0
585,1148,1149,97,80,19,71-80,11-20,1,0,1
585,1148,1151,97,80,19,71-80,11-20,1,0,1
585,1148,1152,97,80,19,71-80,11-20,1,0,1
585,1148,1154,97,80,19,71-80,11-20,1,0,1
585,1148,1155,97,80,19,71-80,11-20,1,0,1
585,1148,1156,97,80,19,71-80,11-20,1,0,1
585,1148,1157,97,80,19,71-80,11-20,1,0,1
585,1148,1158,97,80,19,71-80,11-20,1,0,1
585,1149,1151,97,80,19,71-80,11-20,1,0,1
585,1149,1152,97,80,19,71-80,11-20,1,0,1
585,1149,1154,97,80,19,71-80,11-20,1,0,1
585,1149,1155,97,80,19,71-80,11-20,1,0,1
585,1149,1156,97,80,19,71-80,11-20,1,0,1
585,1149,1157,97,80,19,71-80,11-20,1,0,1
585,1149,1158,97,80,19,71-80,11-20,1,0,1
585,1151,1152,97,80,19,71-80,11-20,1,0,1
585,1151,1154,97,80,19,71-80,11-20,1,0,1
585,1151,1155,97,80,19,71-80,11-20,1,0,1
585,1151,1156,97,80,19,71-80,11-20,1,0,1
585,1151,1157,97,80,19,71-80,11-20,1,0,1
585,1151,1158,97,80,19,71-80,11-20,1,0,1
585,1152,1154,97,80,19,71-80,11-20,1,0,1
585,1152,1155,97,80,19,71-80,11-20,1,0,1
585,1152,1156,97,80,19,71-80,11-20,1,0,1
585,1152,1157,97,80,19,71-80,11-20,1,0,1
585,1152,1158,97,80,19,71-80,11-20,1,0,1
585,1154,1155,97,80,19,71-80,11-20,1,0,1
585,1154,1156,97,80,19,71-80,11-20,1,0,1
585,1154,1157,97,80,19,71-80,11-20,1,0,1
585,1154,1158,97,80,19,71-80,11-20,1,0,1
585,1155,1156,97,80,19,71-80,11-20,1,0,1
585,1155,1157,97,80,19,71-80,11-20,1,0,1
585,1155,1158,97,80,19,71-80,11-20,1,0,1
585,1156,1157,97,80,19,71-80,11-20,1,0,1
585,1156,1158,97,80,19,71-80,11-20,1,0,1
585,1157,1158,97,80,19,71-80,11-20,1,0,1
585,1150,1162,99,83,9,81-90,6-10,1,0,1
585,1150,1163,99,83,9,81-90,6-10,1,0,1
585,1150,1164,99,83,9,81-90,6-10,1,0,1
585,1150,1165,99,83,9,81-90,6-10,1,0,1
585,1150,1166,99,83,9,81-90,6-10,1,0,1
585,1162,1163,99,83,9,81-90,6-10,1,0,1
585,1162,1164,99,83,9,81-90,6-10,1,0,1
585,1162,1165,99,83,9,81-90,6-10,1,0,1
585,1162,1166,99,83,9,81-90,6-10,1,0,1
585,1163,1164,99,83,9,81-90,6-10,1,0,1
585,1163,1165,99,83,9,81-90,6-10,1,0,1
585,1163,1166,99,83,9,81-90,6-10,1,0,1
585,1164,1165,99,83,9,81-90,6-10,1,0,1
585,1164,1166,99,83,9,81-90,6-10,1,0,1
585,1165,1166,99,83,9,81-90,6-10,1,0,1
585,795,1167,101,75,11,71-80,11-20,0,2,0
585,795,1168,101,75,11,71-80,11-20,0,2,0
585,795,1169,101,75,11,71-80,11-20,0,2,0
585,795,1170,101,75,11,71-80,11-20,0,2,0
585,796,1167,101,75,11,71-80,11-20,0,2,0
585,796,1168,101,75,11,71-80,11-20,0,2,0
585,796,1169,101,75,11,71-80,11-20,0,2,0
585,796,1170,101,75,11,71-80,11-20,0,2,0
585,797,1167,101,75,11,71-80,11-20,0,2,0
585,797,1168,101,75,11,71-80,11-20,0,2,0
585,797,1169,101,75,11,71-80,11-20,0,2,0
585,797,1170,101,75,11,71-80,11-20,0,2,0
585,1167,1168,101,80,11,71-80,11-20,1,0,1
585,1167,1169,101,80,11,71-80,11-20,1,0,1
585,1167,1170,101,80,11,71-80,11-20,1,0,1
585,1168,1169,101,80,11,71-80,11-20,1,0,1
585,1168,1170,101,80,11,71-80,11-20,1,0,1
585,1169,1170,101,80,11,71-80,11-20,1,0,1
585,241,1153,138,83,4,81-90,3-5,0,1,0
585,242,1153,138,83,4,81-90,3-5,0,1,0
585,243,1153,138,83,4,81-90,3-5,0,1,0
585,1024,1159,144,80,4,71-80,3-5,0,1,0
585,1025,1159,144,80,4,71-80,3-5,0,1,0
587,282,284,3,75,10,71-80,6-10,0,1,0
587,282,285,3,75,10,71-80,6-10,0,1,0
587,282,286,3,75,10,71-80,6-10,0,1,0
587,282,836,3,75,10,71-80,6-10,0,1,0
587,282,837,3,75,10,71-80,6-10,0,5,0
587,1175,1176,85,83,10,81-90,6-10,0,1,0
587,1119,1140,86,100,10,96-100,6-10,0,1,0
587,1140,1141,86,75,10,71-80,6-10,0,1,0
588,301,1177,9,100,19,96-100,11-20,0,1,0
588,302,1177,9,100,19,96-100,11-20,0,1,0
588,303,1177,9,100,19,96-100,11-20,0,1,0
588,304,1177,9,100,19,96-100,11-20,0,1,0
588,747,1177,9,75,19,71-80,11-20,0,2,0
588,767,1177,9,75,19,71-80,11-20,0,2,0
588,860,1177,9,75,19,71-80,11-20,0,2,0
588,861,1177,9,75,19,71-80,11-20,0,2,0
588,903,1111,10,75,6,71-80,6-10,0,4,0
588,904,1111,10,75,6,71-80,6-10,0,4,0
588,1107,1110,52,71,6,71-80,6-10,0,1,0
588,831,1109,63,72,10,71-80,6-10,0,1,0
588,832,1109,63,72,10,71-80,6-10,0,2,0
588,1108,1109,63,75,10,71-80,6-10,1,0,0
588,1113,1125,69,100,3,96-100,3-5,1,0,0
588,1113,1126,69,100,3,96-100,3-5,1,0,1
588,1125,1126,69,83,3,81-90,3-5,1,0,0
588,108,1127,70,80,3,71-80,3-5,0,1,0
588,1114,1127,70,75,3,71-80,3-5,1,0,1
588,327,1116,74,75,33,71-80,21+,0,1,0
588,328,1116,74,75,33,71-80,21+,0,1,0
588,329,1116,74,75,33,71-80,21+,0,1,0
588,330,1116,74,75,33,71-80,21+,0,1,0
588,332,1116,74,75,33,71-80,21+,0,1,0
588,335,1116,74,75,33,71-80,21+,0,1,0
588,718,1116,74,75,33,71-80,21+,0,1,0
588,787,1116,74,75,33,71-80,21+,0,1,0
588,789,1116,74,75,33,71-80,21+,0,1,0
588,1092,1116,74,75,33,71-80,21+,0,1,0
588,1093,1116,74,75,33,71-80,21+,0,1,0
588,1115,1116,74,75,33,71-80,21+,1,0,0
589,301,1185,9,100,19,96-100,11-20,0,1,0
589,301,1186,9,100,19,96-100,11-20,0,1,0
589,302,1185,9,100,19,96-100,11-20,0,1,0
589,302,1186,9,100,19,96-100,11-20,0,1,0
589,303,1185,9,100,19,96-100,11-20,0,1,0
589,303,1186,9,100,19,96-100,11-20,0,1,0
589,304,1185,9,100,19,96-100,11-20,0,1,0
589,304,1186,9,100,19,96-100,11-20,0,1,0
589,747,1185,9,75,19,71-80,11-20,0,2,0
589,747,1186,9,75,19,71-80,11-20,0,2,0
589,767,1185,9,75,19,71-80,11-20,0,2,0
589,767,1186,9,75,19,71-80,11-20,0,2,0
589,860,1185,9,75,19,71-80,11-20,0,2,0
589,860,1186,9,75,19,71-80,11-20,0,2,0
589,861,1185,9,75,19,71-80,11-20,0,2,0
589,861,1186,9,75,19,71-80,11-20,0,2,0
589,1177,1185,9,75,19,71-80,11-20,0,1,0
589,1177,1186,9,75,19,71-80,11-20,0,1,0
589,1185,1186,9,75,19,71-80,11-20,1,0,1
589,679,1074,54,75,17,71-80,11-20,0,3,0
589,679,1078,54,75,17,71-80,11-20,0,3,0
589,746,1074,54,75,17,71-80,11-20,0,1,0
589,746,1078,54,75,17,71-80,11-20,0,1,0
589,1074,1078,54,70,17,<=70,11-20,1,0,1
589,1074,1089,54,70,17,<=70,11-20,0,1,0
589,1074,1090,54,70,17,<=70,11-20,0,1,0
589,1074,1091,54,70,17,<=70,11-20,0,1,0
589,1078,1089,54,70,17,<=70,11-20,0,1,0
589,1078,1090,54,70,17,<=70,11-20,0,1,0
589,1078,1091,54,70,17,<=70,11-20,0,1,0
589,730,784,60,71,8,71-80,6-10,0,2,0
589,783,784,60,70,8,<=70,6-10,1,0,0
589,784,1035,60,70,8,<=70,6-10,0,1,0
589,784,1136,60,70,8,<=70,6-10,0,1,0
589,1075,1076,61,70,8,<=70,6-10,1,1,1
589,488,740,76,75,5,71-80,3-5,0,1,0
589,488,1038,76,75,5,71-80,3-5,1,0,1
589,488,1181,76,75,5,71-80,3-5,0,1,0
589,740,1038,76,80,5,71-80,3-5,0,1,0
589,1038,1181,76,75,5,71-80,3-5,0,1,0
589,18,205,78,75,24,71-80,21+,1,0,1
589,18,691,78,75,24,71-80,21+,0,1,0
589,18,692,78,75,24,71-80,21+,0,1,0
589,18,842,78,75,24,71-80,21+,0,1,0
589,18,998,78,75,24,71-80,21+,0,1,0
589,18,1010,78,75,24,71-80,21+,0,1,0
589,18,1061,78,75,24,71-80,21+,0,1,0
589,18,1117,78,75,24,71-80,21+,0,1,0
589,18,1118,78,75,24,71-80,21+,0,1,0
589,18,1137,78,75,24,71-80,21+,0,1,0
589,18,1180,78,75,24,71-80,21+,0,1,0
589,18,1182,78,75,24,71-80,21+,0,1,0
589,205,691,78,75,24,71-80,21+,0,1,0
589,205,692,78,75,24,71-80,21+,0,1,0
589,205,842,78,75,24,71-80,21+,0,1,0
589,205,998,78,75,24,71-80,21+,0,1,0
589,205,1010,78,75,24,71-80,21+,0,1,0
589,205,1061,78,75,24,71-80,21+,0,1,0
589,205,1117,78,75,24,71-80,21+,0,1,0
589,205,1118,78,75,24,71-80,21+,0,1,0
589,205,1137,78,75,24,71-80,21+,0,1,0
589,205,1180,78,75,24,71-80,21+,0,1,0
589,205,1182,78,75,24,71-80,21+,0,1,0
589,275,620,84,80,15,71-80,11-20,0,1,0
589,275,1039,84,80,15,71-80,11-20,0,1,0
589,620,1037,84,75,15,71-80,11-20,0,1,0
589,620,1039,84,75,15,71-80,11-20,1,0,1
589,1037,1039,84,75,15,71-80,11-20,0,1,0
589,190,1001,114,75,6,71-80,6-10,0,1,0
590,966,1096,38,100,8,96-100,6-10,0,4,0
590,966,1187,38,100,8,96-100,6-10,0,4,0
590,967,1096,38,100,8,96-100,6-10,0,4,0
590,967,1187,38,100,8,96-100,6-10,0,4,0
590,1096,1187,38,72,8,71-80,6-10,1,0,1
590,1188,1189,39,80,4,71-80,3-5,1,0,1
590,56,1048,41,100,12,96-100,11-20,0,1,0
590,56,1053,41,100,12,96-100,11-20,0,1,0
590,56,1054,41,100,12,96-100,11-20,0,1,0
590,56,1190,41,100,12,96-100,11-20,0,1,0
590,57,1048,41,100,12,96-100,11-20,0,1,0
590,57,1053,41,100,12,96-100,11-20,0,1,0
590,57,1054,41,100,12,96-100,11-20,0,1,0
590,57,1190,41,100,12,96-100,11-20,0,1,0
590,58,1048,41,100,12,96-100,11-20,0,1,0
590,58,1053,41,100,12,96-100,11-20,0,1,0
590,58,1054,41,100,12,96-100,11-20,0,1,0
590,58,1190,41,100,12,96-100,11-20,0,1,0
590,1048,1053,41,75,12,71-80,11-20,1,0,1
590,1048,1054,41,75,12,71-80,11-20,1,0,1
590,1048,1190,41,75,12,71-80,11-20,1,0,1
590,1053,1054,41,75,12,71-80,11-20,1,0,1
590,1053,1190,41,75,12,71-80,11-20,1,0,1
590,1054,1190,41,75,12,71-80,11-20,1,0,1
590,59,1049,42,100,11,96-100,11-20,0,1,0
590,59,1050,42,100,11,96-100,11-20,0,1,0
590,59,1104,42,100,11,96-100,11-20,0,1,0
590,59,1105,42,100,11,96-100,11-20,0,1,0
590,60,1049,42,100,11,96-100,11-20,0,1,0
590,60,1050,42,100,11,96-100,11-20,0,1,0
590,60,1104,42,100,11,96-100,11-20,0,1,0
590,60,1105,42,100,11,96-100,11-20,0,1,0
590,61,1049,42,100,11,96-100,11-20,0,1,0
590,61,1050,42,100,11,96-100,11-20,0,1,0
590,61,1104,42,100,11,96-100,11-20,0,1,0
590,61,1105,42,100,11,96-100,11-20,0,1,0
590,1049,1050,42,80,11,71-80,11-20,1,0,1
590,1049,1104,42,80,11,71-80,11-20,1,0,1
590,1049,1105,42,80,11,71-80,11-20,1,0,1
590,1050,1104,42,80,11,71-80,11-20,1,0,1
590,1050,1105,42,80,11,71-80,11-20,1,0,1
590,1104,1105,42,80,11,71-80,11-20,1,0,1
590,128,1099,47,75,33,71-80,21+,0,1,0
590,128,1191,47,75,33,71-80,21+,0,1,0
590,130,1099,47,75,33,71-80,21+,0,1,0
590,130,1191,47,75,33,71-80,21+,0,1,0
590,1099,1191,47,100,33,96-100,21+,1,0,1
597,56,1054,41,100,12,96-100,11-20,0,1,0
597,57,1054,41,100,12,96-100,11-20,0,1,0
597,58,1054,41,100,12,96-100,11-20,0,1,0
597,1048,1054,41,75,12,71-80,11-20,1,0,0
597,1053,1054,41,75,12,71-80,11-20,1,0,0
597,1054,1190,41,75,12,71-80,11-20,1,0,0
597,65,1192,45,100,21,96-100,21+,0,1,0
597,66,1192,45,100,21,96-100,21+,0,1,0
597,67,1192,45,100,21,96-100,21+,0,1,0
597,68,1192,45,100,21,96-100,21+,0,1,0
597,69,1192,45,100,21,96-100,21+,0,1,0
597,71,1192,45,100,21,96-100,21+,0,1,0
597,72,1192,45,100,21,96-100,21+,0,1,0
597,73,1192,45,100,21,96-100,21+,0,1,0
597,106,1192,45,70,21,<=70,21+,0,1,0
597,107,1192,45,70,21,<=70,21+,0,1,0
597,661,1192,45,100,21,96-100,21+,0,1,0
597,723,1192,45,100,21,96-100,21+,0,1,0
597,1135,1192,45,100,21,96-100,21+,0,1,0
598,65,661,45,100,21,96-100,21+,0,1,0
598,66,661,45,100,21,96-100,21+,0,1,0
598,67,661,45,100,21,96-100,21+,0,1,0
598,68,661,45,100,21,96-100,21+,0,1,0
598,69,661,45,100,21,96-100,21+,0,1,0
598,71,661,45,100,21,96-100,21+,0,1,0
598,72,661,45,100,21,96-100,21+,0,1,0
598,73,661,45,100,21,96-100,21+,0,1,0
598,106,661,45,70,21,<=70,21+,0,1,0
598,107,661,45,70,21,<=70,21+,0,1,0
598,661,723,45,100,21,96-100,21+,0,1,0
598,661,1135,45,100,21,96-100,21+,0,1,0
598,661,1192,45,100,21,96-100,21+,0,1,0
598,18,691,78,75,24,71-80,21+,0,1,0
598,18,692,78,75,24,71-80,21+,0,1,0
598,205,691,78,75,24,71-80,21+,0,1,0
598,205,692,78,75,24,71-80,21+,0,1,0
598,691,692,78,75,24,71-80,21+,1,0,1
598,691,842,78,75,24,71-80,21+,0,1,0
598,691,998,78,75,24,71-80,21+,0,1,0
598,691,1010,78,75,24,71-80,21+,0,1,0
598,691,1061,78,75,24,71-80,21+,0,1,0
598,691,1117,78,75,24,71-80,21+,0,1,0
598,691,1118,78,75,24,71-80,21+,0,1,0
598,691,1137,78,75,24,71-80,21+,0,1,0
598,691,1180,78,75,24,71-80,21+,0,1,0
598,691,1182,78,75,24,71-80,21+,0,1,0
598,692,842,78,75,24,71-80,21+,0,1,0
598,692,998,78,75,24,71-80,21+,0,1,0
598,692,1010,78,75,24,71-80,21+,0,1,0
598,692,1061,78,75,24,71-80,21+,0,1,0
598,692,1117,78,75,24,71-80,21+,0,1,0
598,692,1118,78,75,24,71-80,21+,0,1,0
598,692,1137,78,75,24,71-80,21+,0,1,0
598,692,1180,78,75,24,71-80,21+,0,1,0
598,692,1182,78,75,24,71-80,21+,0,1,0
598,305,1194,87,75,16,71-80,11-20,0,1,0
598,306,1194,87,75,16,71-80,11-20,0,1,0
598,726,1194,87,75,16,71-80,11-20,0,1,0
598,994,1194,87,75,16,71-80,11-20,0,1,0
598,1060,1194,87,71,16,71-80,11-20,0,1,0
598,1121,1194,87,100,16,96-100,11-20,0,1,0
598,663,664,102,75,5,71-80,3-5,0,1,0
598,663,852,102,75,5,71-80,3-5,1,0,1
598,664,852,102,75,5,71-80,3-5,0,1,0
598,665,666,103,100,2,96-100,2 (pair),0,1,0
601,301,1185,9,100,19,96-100,11-20,0,1,0
601,301,1186,9,100,19,96-100,11-20,0,1,0
601,302,1185,9,100,19,96-100,11-20,0,1,0
601,302,1186,9,100,19,96-100,11-20,0,1,0
601,303,1185,9,100,19,96-100,11-20,0,1,0
601,303,1186,9,100,19,96-100,11-20,0,1,0
601,304,1185,9,100,19,96-100,11-20,0,1,0
601,304,1186,9,100,19,96-100,11-20,0,1,0
601,747,1185,9,75,19,71-80,11-20,0,2,0
601,747,1186,9,75,19,71-80,11-20,0,2,0
601,767,1185,9,75,19,71-80,11-20,0,2,0
601,767,1186,9,75,19,71-80,11-20,0,2,0
601,860,1185,9,75,19,71-80,11-20,0,2,0
601,860,1186,9,75,19,71-80,11-20,0,2,0
601,861,1185,9,75,19,71-80,11-20,0,2,0
601,861,1186,9,75,19,71-80,11-20,0,2,0
601,1177,1185,9,75,19,71-80,11-20,0,1,0
601,1177,1186,9,75,19,71-80,11-20,0,1,0
601,1185,1186,9,75,19,71-80,11-20,1,0,1
601,1003,1004,148,77,10,71-80,6-10,0,1,1
601,1003,1005,148,77,10,71-80,6-10,0,1,1
601,1003,1029,148,77,10,71-80,6-10,0,1,0
601,1003,1030,148,77,10,71-80,6-10,0,1,0
601,1004,1005,148,77,10,71-80,6-10,0,1,1
601,1004,1029,148,77,10,71-80,6-10,0,1,0
601,1004,1030,148,77,10,71-80,6-10,0,1,0
601,1005,1029,148,77,10,71-80,6-10,0,1,0
601,1005,1030,148,77,10,71-80,6-10,0,1,0
601,986,987,163,75,14,71-80,11-20,1,0,1
601,1066,1067,170,70,8,<=70,6-10,0,1,1
602,1150,1199,99,83,9,81-90,6-10,0,1,0
602,1162,1199,99,83,9,81-90,6-10,0,1,0
602,1163,1199,99,83,9,81-90,6-10,0,1,0
602,1164,1199,99,83,9,81-90,6-10,0,1,0
602,1165,1199,99,83,9,81-90,6-10,0,1,0
602,1166,1199,99,83,9,81-90,6-10,0,1,0
605,321,322,35,75,14,71-80,11-20,1,0,1
605,321,323,35,75,14,71-80,11-20,1,0,1
605,321,324,35,75,14,71-80,11-20,1,0,1
605,321,325,35,75,14,71-80,11-20,1,0,1
605,321,326,35,75,14,71-80,11-20,1,0,1
605,321,727,35,75,14,71-80,11-20,0,1,0
605,322,323,35,75,14,71-80,11-20,1,0,1
605,322,324,35,75,14,71-80,11-20,1,0,1
605,322,325,35,75,14,71-80,11-20,1,0,1
605,322,326,35,75,14,71-80,11-20,1,0,1
605,322,727,35,75,14,71-80,11-20,0,1,0
605,323,324,35,75,14,71-80,11-20,1,0,1
605,323,325,35,75,14,71-80,11-20,1,0,1
605,323,326,35,75,14,71-80,11-20,1,0,1
605,323,727,35,75,14,71-80,11-20,0,1,0
605,324,325,35,75,14,71-80,11-20,1,0,1
605,324,326,35,75,14,71-80,11-20,1,0,1
605,324,727,35,75,14,71-80,11-20,0,1,0
605,325,326,35,75,14,71-80,11-20,1,0,1
605,325,727,35,75,14,71-80,11-20,0,1,0
605,326,727,35,75,14,71-80,11-20,0,1,0
605,65,1135,45,100,21,96-100,21+,0,1,0
605,66,1135,45,100,21,96-100,21+,0,1,0
605,67,1135,45,100,21,96-100,21+,0,1,0
605,68,1135,45,100,21,96-100,21+,0,1,0
605,69,1135,45,100,21,96-100,21+,0,1,0
605,71,1135,45,100,21,96-100,21+,0,1,0
605,72,1135,45,100,21,96-100,21+,0,1,0
605,73,1135,45,100,21,96-100,21+,0,1,0
605,106,1135,45,70,21,<=70,21+,0,1,0
605,107,1135,45,70,21,<=70,21+,0,1,0
605,661,1135,45,100,21,96-100,21+,0,1,0
605,723,1135,45,100,21,96-100,21+,0,1,0
605,1135,1192,45,100,21,96-100,21+,0,1,0
605,679,746,54,75,17,71-80,11-20,0,2,0
605,746,1074,54,75,17,71-80,11-20,0,1,0
605,746,1078,54,75,17,71-80,11-20,0,1,0
605,746,1089,54,75,17,71-80,11-20,0,1,0
605,746,1090,54,75,17,71-80,11-20,0,1,0
605,746,1091,54,75,17,71-80,11-20,0,1,0
605,314,315,88,83,13,81-90,11-20,1,0,1
605,314,316,88,83,13,81-90,11-20,1,0,1
605,315,316,88,83,13,81-90,11-20,1,0,1
605,317,318,89,85,10,81-90,6-10,0,1,0
605,319,320,90,85,5,81-90,3-5,0,1,0
605,364,1138,95,75,11,71-80,11-20,0,1,0
605,1138,1139,95,75,11,71-80,11-20,0,1,0
605,1138,1142,95,75,11,71-80,11-20,1,0,0
605,741,1148,97,85,19,81-90,11-20,0,1,0
605,741,1149,97,85,19,81-90,11-20,0,1,0
605,741,1151,97,85,19,81-90,11-20,0,1,0
605,741,1152,97,85,19,81-90,11-20,0,1,0
605,741,1154,97,85,19,81-90,11-20,0,1,0
605,741,1155,97,85,19,81-90,11-20,0,1,0
605,741,1156,97,85,19,81-90,11-20,0,1,0
605,741,1157,97,85,19,81-90,11-20,0,1,0
605,741,1158,97,85,19,81-90,11-20,0,1,0
605,742,1148,97,85,19,81-90,11-20,0,1,0
605,742,1149,97,85,19,81-90,11-20,0,1,0
605,742,1151,97,85,19,81-90,11-20,0,1,0
605,742,1152,97,85,19,81-90,11-20,0,1,0
605,742,1154,97,85,19,81-90,11-20,0,1,0
605,742,1155,97,85,19,81-90,11-20,0,1,0
605,742,1156,97,85,19,81-90,11-20,0,1,0
605,742,1157,97,85,19,81-90,11-20,0,1,0
605,742,1158,97,85,19,81-90,11-20,0,1,0
605,1148,1149,97,80,19,71-80,11-20,1,0,1
605,1148,1151,97,80,19,71-80,11-20,1,0,1
605,1148,1152,97,80,19,71-80,11-20,1,0,1
605,1148,1154,97,80,19,71-80,11-20,1,0,1
605,1148,1155,97,80,19,71-80,11-20,1,0,1
605,1148,1156,97,80,19,71-80,11-20,1,0,1
605,1148,1157,97,80,19,71-80,11-20,1,0,1
605,1148,1158,97,80,19,71-80,11-20,1,0,1
605,1149,1151,97,80,19,71-80,11-20,1,0,1
605,1149,1152,97,80,19,71-80,11-20,1,0,1
605,1149,1154,97,80,19,71-80,11-20,1,0,1
605,1149,1155,97,80,19,71-80,11-20,1,0,1
605,1149,1156,97,80,19,71-80,11-20,1,0,1
605,1149,1157,97,80,19,71-80,11-20,1,0,1
605,1149,1158,97,80,19,71-80,11-20,1,0,1
605,1151,1152,97,80,19,71-80,11-20,1,0,1
605,1151,1154,97,80,19,71-80,11-20,1,0,1
605,1151,1155,97,80,19,71-80,11-20,1,0,1
605,1151,1156,97,80,19,71-80,11-20,1,0,1
605,1151,1157,97,80,19,71-80,11-20,1,0,1
605,1151,1158,97,80,19,71-80,11-20,1,0,1
605,1152,1154,97,80,19,71-80,11-20,1,0,1
605,1152,1155,97,80,19,71-80,11-20,1,0,1
605,1152,1156,97,80,19,71-80,11-20,1,0,1
605,1152,1157,97,80,19,71-80,11-20,1,0,1
605,1152,1158,97,80,19,71-80,11-20,1,0,1
605,1154,1155,97,80,19,71-80,11-20,1,0,1
605,1154,1156,97,80,19,71-80,11-20,1,0,1
605,1154,1157,97,80,19,71-80,11-20,1,0,1
605,1154,1158,97,80,19,71-80,11-20,1,0,1
605,1155,1156,97,80,19,71-80,11-20,1,0,1
605,1155,1157,97,80,19,71-80,11-20,1,0,1
605,1155,1158,97,80,19,71-80,11-20,1,0,1
605,1156,1157,97,80,19,71-80,11-20,1,0,1
605,1156,1158,97,80,19,71-80,11-20,1,0,1
605,1157,1158,97,80,19,71-80,11-20,1,0,1
605,1150,1162,99,83,9,81-90,6-10,1,0,0
605,1150,1163,99,83,9,81-90,6-10,1,0,0
605,1150,1164,99,83,9,81-90,6-10,1,0,0
605,1150,1165,99,83,9,81-90,6-10,1,0,0
605,1150,1166,99,83,9,81-90,6-10,1,0,0
605,1150,1199,99,83,9,81-90,6-10,0,1,0
605,795,1167,101,75,11,71-80,11-20,0,2,0
605,795,1168,101,75,11,71-80,11-20,0,2,0
605,795,1169,101,75,11,71-80,11-20,0,2,0
605,795,1170,101,75,11,71-80,11-20,0,2,0
605,796,1167,101,75,11,71-80,11-20,0,2,0
605,796,1168,101,75,11,71-80,11-20,0,2,0
605,796,1169,101,75,11,71-80,11-20,0,2,0
605,796,1170,101,75,11,71-80,11-20,0,2,0
605,797,1167,101,75,11,71-80,11-20,0,2,0
605,797,1168,101,75,11,71-80,11-20,0,2,0
605,797,1169,101,75,11,71-80,11-20,0,2,0
605,797,1170,101,75,11,71-80,11-20,0,2,0
605,1167,1168,101,80,11,71-80,11-20,1,0,1
605,1167,1169,101,80,11,71-80,11-20,1,0,1
605,1167,1170,101,80,11,71-80,11-20,1,0,1
605,1168,1169,101,80,11,71-80,11-20,1,0,1
605,1168,1170,101,80,11,71-80,11-20,1,0,1
605,1169,1170,101,80,11,71-80,11-20,1,0,1
605,241,1153,138,83,4,81-90,3-5,0,1,0
605,242,1153,138,83,4,81-90,3-5,0,1,0
605,243,1153,138,83,4,81-90,3-5,0,1,0
605,1024,1159,144,80,4,71-80,3-5,0,1,0
605,1025,1159,144,80,4,71-80,3-5,0,1,0
606,301,1185,9,100,19,96-100,11-20,0,1,0
606,301,1186,9,100,19,96-100,11-20,0,1,0
606,302,1185,9,100,19,96-100,11-20,0,1,0
606,302,1186,9,100,19,96-100,11-20,0,1,0
606,303,1185,9,100,19,96-100,11-20,0,1,0
606,303,1186,9,100,19,96-100,11-20,0,1,0
606,304,1185,9,100,19,96-100,11-20,0,1,0
606,304,1186,9,100,19,96-100,11-20,0,1,0
606,747,1185,9,75,19,71-80,11-20,0,2,0
606,747,1186,9,75,19,71-80,11-20,0,2,0
606,767,1185,9,75,19,71-80,11-20,0,2,0
606,767,1186,9,75,19,71-80,11-20,0,2,0
606,860,1185,9,75,19,71-80,11-20,0,2,0
606,860,1186,9,75,19,71-80,11-20,0,2,0
606,861,1185,9,75,19,71-80,11-20,0,2,0
606,861,1186,9,75,19,71-80,11-20,0,2,0
606,1177,1185,9,75,19,71-80,11-20,0,1,0
606,1177,1186,9,75,19,71-80,11-20,0,1,0
606,1185,1186,9,75,19,71-80,11-20,1,0,1
606,1003,1004,148,77,10,71-80,6-10,0,1,1
606,1003,1005,148,77,10,71-80,6-10,0,1,1
606,1003,1029,148,77,10,71-80,6-10,0,1,0
606,1003,1030,148,77,10,71-80,6-10,0,1,0
606,1003,1064,148,77,10,71-80,6-10,0,1,1
606,1004,1005,148,77,10,71-80,6-10,0,1,1
606,1004,1029,148,77,10,71-80,6-10,0,1,0
606,1004,1030,148,77,10,71-80,6-10,0,1,0
606,1004,1064,148,77,10,71-80,6-10,0,1,1
606,1005,1029,148,77,10,71-80,6-10,0,1,0
606,1005,1030,148,77,10,71-80,6-10,0,1,0
606,1005,1064,148,77,10,71-80,6-10,0,1,1
606,1029,1064,148,100,10,96-100,6-10,0,1,0
606,1030,1064,148,100,10,96-100,6-10,0,1,0
606,1065,1066,170,70,8,<=70,6-10,0,1,1
606,1065,1067,170,70,8,<=70,6-10,0,1,1
606,1066,1067,170,70,8,<=70,6-10,0,1,1
613,762,1112,53,100,7,96-100,6-10,0,2,0
613,436,766,55,71,10,71-80,6-10,0,2,0
613,710,766,55,75,10,71-80,6-10,0,1,0
613,766,876,55,75,10,71-80,6-10,0,2,0
613,766,877,55,75,10,71-80,6-10,0,2,0
613,730,783,60,71,8,71-80,6-10,0,2,0
613,730,784,60,71,8,71-80,6-10,0,2,0
613,783,784,60,70,8,<=70,6-10,1,0,1
613,783,1035,60,70,8,<=70,6-10,0,1,0
613,783,1136,60,70,8,<=70,6-10,0,1,0
613,784,1035,60,70,8,<=70,6-10,0,1,0
613,784,1136,60,70,8,<=70,6-10,0,1,0
613,1075,1076,61,70,8,<=70,6-10,1,1,0
613,775,1079,62,75,17,71-80,11-20,1,0,1
613,229,785,73,76,8,71-80,6-10,0,1,0
613,230,785,73,76,8,71-80,6-10,0,1,0
613,764,785,73,92,8,91-95,6-10,1,2,0
613,785,1055,73,92,8,91-95,6-10,0,1,0
613,785,1056,73,92,8,91-95,6-10,0,1,0
613,327,787,74,75,33,71-80,21+,0,1,0
613,327,789,74,75,33,71-80,21+,0,1,0
613,328,787,74,75,33,71-80,21+,0,1,0
613,328,789,74,75,33,71-80,21+,0,1,0
613,329,787,74,75,33,71-80,21+,0,1,0
613,329,789,74,75,33,71-80,21+,0,1,0
613,330,787,74,75,33,71-80,21+,0,1,0
613,330,789,74,75,33,71-80,21+,0,1,0
613,332,787,74,75,33,71-80,21+,0,1,0
613,332,789,74,75,33,71-80,21+,0,1,0
613,335,787,74,75,33,71-80,21+,0,1,0
613,335,789,74,75,33,71-80,21+,0,1,0
613,718,787,74,75,33,71-80,21+,0,1,0
613,718,789,74,75,33,71-80,21+,0,1,0
613,787,789,74,75,33,71-80,21+,1,0,1
613,787,1092,74,75,33,71-80,21+,0,1,0
613,787,1093,74,75,33,71-80,21+,0,1,0
613,787,1115,74,75,33,71-80,21+,0,1,0
613,787,1116,74,75,33,71-80,21+,0,1,0
613,787,1193,74,75,33,71-80,21+,0,1,0
613,789,1092,74,75,33,71-80,21+,0,1,0
613,789,1093,74,75,33,71-80,21+,0,1,0
613,789,1115,74,75,33,71-80,21+,0,1,0
613,789,1116,74,75,33,71-80,21+,0,1,0
613,789,1193,74,75,33,71-80,21+,0,1,0
613,331,788,75,75,7,71-80,6-10,0,1,0
613,333,788,75,75,7,71-80,6-10,0,1,0
613,781,782,117,86,4,81-90,3-5,1,0,1
615,1100,1222,128,75,5,71-80,3-5,0,1,0
615,815,1225,129,73,6,71-80,6-10,0,1,0
615,1198,1225,129,75,6,71-80,6-10,0,1,0
616,301,1177,9,100,19,96-100,11-20,0,1,0
616,302,1177,9,100,19,96-100,11-20,0,1,0
616,303,1177,9,100,19,96-100,11-20,0,1,0
616,304,1177,9,100,19,96-100,11-20,0,1,0
616,747,1177,9,75,19,71-80,11-20,0,2,0
616,767,1177,9,75,19,71-80,11-20,0,2,0
616,860,1177,9,75,19,71-80,11-20,0,2,0
616,861,1177,9,75,19,71-80,11-20,0,2,0
616,1177,1185,9,75,19,71-80,11-20,0,1,0
616,1177,1186,9,75,19,71-80,11-20,0,1,0
616,717,1123,68,80,7,71-80,6-10,0,1,0
616,717,1124,68,80,7,71-80,6-10,0,1,0
616,806,1123,68,80,7,71-80,6-10,0,1,0
616,806,1124,68,80,7,71-80,6-10,0,1,0
616,1123,1124,68,100,7,96-100,6-10,1,0,1
616,1113,1125,69,100,3,96-100,3-5,1,0,1
616,1113,1126,69,100,3,96-100,3-5,1,0,1
616,1125,1126,69,83,3,81-90,3-5,1,0,1
616,108,1127,70,80,3,71-80,3-5,0,1,0
616,1114,1127,70,75,3,71-80,3-5,1,0,1
616,276,1230,83,75,10,71-80,6-10,0,1,0
616,276,1232,83,75,10,71-80,6-10,0,1,0
616,1230,1232,83,100,10,96-100,6-10,1,0,1
616,607,1227,111,80,7,71-80,6-10,0,2,0
616,607,1228,111,80,7,71-80,6-10,0,2,0
616,1227,1228,111,100,7,96-100,6-10,1,0,1
616,995,1231,112,71,8,71-80,6-10,0,1,0
616,996,1231,112,71,8,71-80,6-10,0,1,0
616,892,1233,113,81,8,81-90,6-10,0,1,0
616,893,1233,113,81,8,81-90,6-10,0,1,0
627,65,68,45,100,21,96-100,21+,0,1,0
627,66,68,45,100,21,96-100,21+,0,1,0
627,67,68,45,100,21,96-100,21+,0,1,0
627,68,69,45,100,21,96-100,21+,0,1,0
627,68,71,45,100,21,96-100,21+,0,1,0
627,68,72,45,100,21,96-100,21+,0,1,0
627,68,73,45,100,21,96-100,21+,0,1,0
627,68,106,45,100,21,96-100,21+,0,1,0
627,68,107,45,100,21,96-100,21+,0,1,0
627,68,661,45,100,21,96-100,21+,0,1,0
627,68,723,45,100,21,96-100,21+,0,1,0
627,68,1135,45,100,21,96-100,21+,0,1,0
627,109,125,46,71,8,71-80,6-10,0,1,0
627,125,126,46,100,8,96-100,6-10,0,1,0
627,125,839,46,100,8,96-100,6-10,0,1,0
627,128,130,47,75,33,71-80,21+,0,1,0
627,160,532,48,80,12,71-80,11-20,0,1,1
627,160,1226,48,80,12,71-80,11-20,0,1,0
627,532,1226,48,75,12,71-80,11-20,0,1,0
627,136,150,49,75,10,71-80,6-10,1,1,0
627,136,152,49,75,10,71-80,6-10,1,1,0
627,137,150,49,75,10,71-80,6-10,0,1,0
627,137,152,49,75,10,71-80,6-10,0,1,0
627,140,150,49,75,10,71-80,6-10,0,1,0
627,140,152,49,75,10,71-80,6-10,0,1,0
627,150,152,49,75,10,71-80,6-10,1,0,1
627,138,142,51,83,15,81-90,11-20,0,1,0
627,1107,1110,52,71,6,71-80,6-10,0,1,0
627,775,1079,62,75,17,71-80,11-20,1,0,0
627,488,740,76,75,5,71-80,3-5,0,1,0
627,488,1038,76,75,5,71-80,3-5,1,0,1
627,488,1181,76,75,5,71-80,3-5,0,1,0
627,740,1038,76,80,5,71-80,3-5,0,1,0
627,1038,1181,76,75,5,71-80,3-5,0,1,0
627,18,205,78,75,24,71-80,21+,1,0,0
627,18,1117,78,75,24,71-80,21+,0,1,0
627,18,1118,78,75,24,71-80,21+,0,1,0
627,205,691,78,75,24,71-80,21+,0,1,0
627,205,692,78,75,24,71-80,21+,0,1,0
627,205,842,78,75,24,71-80,21+,0,1,0
627,205,998,78,75,24,71-80,21+,0,1,0
627,205,1010,78,75,24,71-80,21+,0,1,0
627,205,1061,78,75,24,71-80,21+,0,1,0
627,205,1117,78,75,24,71-80,21+,0,1,1
627,205,1118,78,75,24,71-80,21+,0,1,1
627,205,1137,78,75,24,71-80,21+,0,1,0
627,205,1180,78,75,24,71-80,21+,0,1,0
627,205,1182,78,75,24,71-80,21+,0,1,0
627,691,1117,78,75,24,71-80,21+,0,1,0
627,691,1118,78,75,24,71-80,21+,0,1,0
627,692,1117,78,75,24,71-80,21+,0,1,0
627,692,1118,78,75,24,71-80,21+,0,1,0
627,842,1117,78,75,24,71-80,21+,0,1,0
627,842,1118,78,75,24,71-80,21+,0,1,0
627,998,1117,78,75,24,71-80,21+,0,1,0
627,998,1118,78,75,24,71-80,21+,0,1,0
627,1010,1117,78,75,24,71-80,21+,0,1,0
627,1010,1118,78,75,24,71-80,21+,0,1,0
627,1061,1117,78,75,24,71-80,21+,0,1,0
627,1061,1118,78,75,24,71-80,21+,0,1,0
627,1117,1118,78,75,24,71-80,21+,1,0,1
627,1117,1137,78,75,24,71-80,21+,0,1,0
627,1117,1180,78,75,24,71-80,21+,0,1,0
627,1117,1182,78,75,24,71-80,21+,0,1,0
627,1118,1137,78,75,24,71-80,21+,0,1,0
627,1118,1180,78,75,24,71-80,21+,0,1,0
627,1118,1182,78,75,24,71-80,21+,0,1,0
627,275,620,84,80,15,71-80,11-20,0,1,0
627,275,1039,84,80,15,71-80,11-20,0,1,0
627,620,1037,84,75,15,71-80,11-20,0,1,0
627,620,1039,84,75,15,71-80,11-20,1,0,1
627,1037,1039,84,75,15,71-80,11-20,0,1,0
627,190,1001,114,75,6,71-80,6-10,0,1,0
627,82,800,131,71,14,71-80,11-20,0,1,0
627,83,800,131,71,14,71-80,11-20,0,1,0
627,98,800,131,71,14,71-80,11-20,0,1,0
627,99,800,131,71,14,71-80,11-20,0,1,0
627,244,800,131,71,14,71-80,11-20,0,1,0
627,245,800,131,71,14,71-80,11-20,0,1,0
627,246,800,131,71,14,71-80,11-20,0,1,0
627,247,800,131,71,14,71-80,11-20,0,1,0
627,799,800,131,71,14,71-80,11-20,0,1,0
627,800,801,131,71,14,71-80,11-20,0,1,0
627,252,667,139,84,4,81-90,3-5,0,1,0
627,667,672,139,89,4,81-90,3-5,1,2,0
627,1024,1025,144,80,4,71-80,3-5,0,1,0
627,1024,1159,144,80,4,71-80,3-5,0,1,0
627,1024,1237,144,80,4,71-80,3-5,0,1,0
627,819,820,145,83,3,81-90,3-5,1,0,1
627,819,821,145,83,3,81-90,3-5,1,0,1
627,820,821,145,83,3,81-90,3-5,1,0,1
627,1131,1132,182,85,2,81-90,2 (pair),1,0,1
627,1133,1134,183,78,4,71-80,3-5,1,0,1
629,762,1112,53,100,7,96-100,6-10,0,2,0
629,436,766,55,71,10,71-80,6-10,0,2,0
629,710,766,55,75,10,71-80,6-10,0,1,0
629,766,876,55,75,10,71-80,6-10,0,2,0
629,766,877,55,75,10,71-80,6-10,0,2,0
629,730,783,60,71,8,71-80,6-10,0,2,0
629,730,784,60,71,8,71-80,6-10,0,2,0
629,783,784,60,70,8,<=70,6-10,1,0,1
629,783,1035,60,70,8,<=70,6-10,0,1,0
629,783,1136,60,70,8,<=70,6-10,0,1,0
629,784,1035,60,70,8,<=70,6-10,0,1,0
629,784,1136,60,70,8,<=70,6-10,0,1,0
629,1075,1076,61,70,8,<=70,6-10,1,1,0
629,775,1079,62,75,17,71-80,11-20,1,0,1
629,831,832,63,72,10,71-80,6-10,1,2,0
629,229,785,73,76,8,71-80,6-10,0,1,0
629,230,785,73,76,8,71-80,6-10,0,1,0
629,764,785,73,92,8,91-95,6-10,1,2,0
629,785,1055,73,92,8,91-95,6-10,0,1,0
629,785,1056,73,92,8,91-95,6-10,0,1,0
629,327,787,74,75,33,71-80,21+,0,1,0
629,327,789,74,75,33,71-80,21+,0,1,0
629,328,787,74,75,33,71-80,21+,0,1,0
629,328,789,74,75,33,71-80,21+,0,1,0
629,329,787,74,75,33,71-80,21+,0,1,0
629,329,789,74,75,33,71-80,21+,0,1,0
629,330,787,74,75,33,71-80,21+,0,1,0
629,330,789,74,75,33,71-80,21+,0,1,0
629,332,787,74,75,33,71-80,21+,0,1,0
629,332,789,74,75,33,71-80,21+,0,1,0
629,335,787,74,75,33,71-80,21+,0,1,0
629,335,789,74,75,33,71-80,21+,0,1,0
629,718,787,74,75,33,71-80,21+,0,1,0
629,718,789,74,75,33,71-80,21+,0,1,0
629,787,789,74,75,33,71-80,21+,1,0,1
629,787,1092,74,75,33,71-80,21+,0,1,0
629,787,1093,74,75,33,71-80,21+,0,1,0
629,787,1116,74,75,33,71-80,21+,0,1,0
629,787,1193,74,75,33,71-80,21+,0,1,0
629,789,1092,74,75,33,71-80,21+,0,1,0
629,789,1093,74,75,33,71-80,21+,0,1,0
629,789,1116,74,75,33,71-80,21+,0,1,0
629,789,1193,74,75,33,71-80,21+,0,1,0
629,331,788,75,75,7,71-80,6-10,0,1,0
629,333,788,75,75,7,71-80,6-10,0,1,0
629,781,782,117,86,4,81-90,3-5,1,0,1
630,436,766,55,71,10,71-80,6-10,0,2,0
630,710,766,55,75,10,71-80,6-10,0,1,0
630,766,876,55,75,10,71-80,6-10,0,2,0
630,766,877,55,75,10,71-80,6-10,0,2,0
630,730,783,60,71,8,71-80,6-10,0,2,0
630,730,784,60,71,8,71-80,6-10,0,2,0
630,783,784,60,70,8,<=70,6-10,1,0,1
630,783,1035,60,70,8,<=70,6-10,0,1,0
630,783,1136,60,70,8,<=70,6-10,0,1,0
630,784,1035,60,70,8,<=70,6-10,0,1,0
630,784,1136,60,70,8,<=70,6-10,0,1,0
630,1075,1076,61,70,8,<=70,6-10,1,1,0
630,775,1079,62,75,17,71-80,11-20,1,0,1
630,775,1241,62,75,17,71-80,11-20,0,1,0
630,1079,1241,62,75,17,71-80,11-20,0,1,0
630,831,832,63,72,10,71-80,6-10,1,2,0
630,327,787,74,75,33,71-80,21+,0,1,0
630,327,789,74,75,33,71-80,21+,0,1,0
630,328,787,74,75,33,71-80,21+,0,1,0
630,328,789,74,75,33,71-80,21+,0,1,0
630,329,787,74,75,33,71-80,21+,0,1,0
630,329,789,74,75,33,71-80,21+,0,1,0
630,330,787,74,75,33,71-80,21+,0,1,0
630,330,789,74,75,33,71-80,21+,0,1,0
630,332,787,74,75,33,71-80,21+,0,1,0
630,332,789,74,75,33,71-80,21+,0,1,0
630,335,787,74,75,33,71-80,21+,0,1,0
630,335,789,74,75,33,71-80,21+,0,1,0
630,718,787,74,75,33,71-80,21+,0,1,0
630,718,789,74,75,33,71-80,21+,0,1,0
630,787,789,74,75,33,71-80,21+,1,0,1
630,787,1092,74,75,33,71-80,21+,0,1,0
630,787,1093,74,75,33,71-80,21+,0,1,0
630,787,1116,74,75,33,71-80,21+,0,1,0
630,787,1193,74,75,33,71-80,21+,0,1,0
630,789,1092,74,75,33,71-80,21+,0,1,0
630,789,1093,74,75,33,71-80,21+,0,1,0
630,789,1116,74,75,33,71-80,21+,0,1,0
630,789,1193,74,75,33,71-80,21+,0,1,0
630,331,788,75,75,7,71-80,6-10,0,1,0
630,333,788,75,75,7,71-80,6-10,0,1,0
630,781,782,117,86,4,81-90,3-5,1,0,1
631,301,1185,9,100,19,96-100,11-20,0,1,0
631,301,1186,9,100,19,96-100,11-20,0,1,0
631,302,1185,9,100,19,96-100,11-20,0,1,0
631,302,1186,9,100,19,96-100,11-20,0,1,0
631,303,1185,9,100,19,96-100,11-20,0,1,0
631,303,1186,9,100,19,96-100,11-20,0,1,0
631,304,1185,9,100,19,96-100,11-20,0,1,0
631,304,1186,9,100,19,96-100,11-20,0,1,0
631,747,1185,9,75,19,71-80,11-20,0,2,0
631,747,1186,9,75,19,71-80,11-20,0,2,0
631,767,1185,9,75,19,71-80,11-20,0,2,0
631,767,1186,9,75,19,71-80,11-20,0,2,0
631,860,1185,9,75,19,71-80,11-20,0,2,0
631,860,1186,9,75,19,71-80,11-20,0,2,0
631,861,1185,9,75,19,71-80,11-20,0,2,0
631,861,1186,9,75,19,71-80,11-20,0,2,0
631,1177,1185,9,75,19,71-80,11-20,0,1,0
631,1177,1186,9,75,19,71-80,11-20,0,1,0
631,1185,1186,9,75,19,71-80,11-20,1,0,1
632,301,1185,9,100,19,96-100,11-20,0,1,0
632,301,1186,9,100,19,96-100,11-20,0,1,0
632,302,1185,9,100,19,96-100,11-20,0,1,0
632,302,1186,9,100,19,96-100,11-20,0,1,0
632,303,1185,9,100,19,96-100,11-20,0,1,0
632,303,1186,9,100,19,96-100,11-20,0,1,0
632,304,1185,9,100,19,96-100,11-20,0,1,0
632,304,1186,9,100,19,96-100,11-20,0,1,0
632,747,1185,9,75,19,71-80,11-20,0,2,0
632,747,1186,9,75,19,71-80,11-20,0,2,0
632,767,1185,9,75,19,71-80,11-20,0,2,0
632,767,1186,9,75,19,71-80,11-20,0,2,0
632,860,1185,9,75,19,71-80,11-20,0,2,0
632,860,1186,9,75,19,71-80,11-20,0,2,0
632,861,1185,9,75,19,71-80,11-20,0,2,0
632,861,1186,9,75,19,71-80,11-20,0,2,0
632,1177,1185,9,75,19,71-80,11-20,0,1,0
632,1177,1186,9,75,19,71-80,11-20,0,1,0
632,1185,1186,9,75,19,71-80,11-20,1,0,1
633,301,1185,9,100,19,96-100,11-20,0,1,0
633,301,1186,9,100,19,96-100,11-20,0,1,0
633,302,1185,9,100,19,96-100,11-20,0,1,0
633,302,1186,9,100,19,96-100,11-20,0,1,0
633,303,1185,9,100,19,96-100,11-20,0,1,0
633,303,1186,9,100,19,96-100,11-20,0,1,0
633,304,1185,9,100,19,96-100,11-20,0,1,0
633,304,1186,9,100,19,96-100,11-20,0,1,0
633,747,1185,9,75,19,71-80,11-20,0,2,0
633,747,1186,9,75,19,71-80,11-20,0,2,0
633,767,1185,9,75,19,71-80,11-20,0,2,0
633,767,1186,9,75,19,71-80,11-20,0,2,0
633,860,1185,9,75,19,71-80,11-20,0,2,0
633,860,1186,9,75,19,71-80,11-20,0,2,0
633,861,1185,9,75,19,71-80,11-20,0,2,0
633,861,1186,9,75,19,71-80,11-20,0,2,0
633,1177,1185,9,75,19,71-80,11-20,0,1,0
633,1177,1186,9,75,19,71-80,11-20,0,1,0
633,1185,1186,9,75,19,71-80,11-20,1,0,1
637,301,1177,9,100,19,96-100,11-20,0,1,0
637,302,1177,9,100,19,96-100,11-20,0,1,0
637,303,1177,9,100,19,96-100,11-20,0,1,0
637,304,1177,9,100,19,96-100,11-20,0,1,0
637,747,1177,9,75,19,71-80,11-20,0,2,0
637,767,1177,9,75,19,71-80,11-20,0,2,0
637,860,1177,9,75,19,71-80,11-20,0,2,0
637,861,1177,9,75,19,71-80,11-20,0,2,0
637,1177,1185,9,75,19,71-80,11-20,0,1,0
637,1177,1186,9,75,19,71-80,11-20,0,1,0
637,903,1111,10,75,6,71-80,6-10,0,4,0
637,904,1111,10,75,6,71-80,6-10,0,4,0
637,1107,1110,52,71,6,71-80,6-10,0,1,0
637,1113,1126,69,100,3,96-100,3-5,1,0,1
637,1125,1126,69,83,3,81-90,3-5,1,0,0
637,108,1127,70,80,3,71-80,3-5,0,1,0
637,1114,1127,70,75,3,71-80,3-5,1,0,1
637,327,1116,74,75,33,71-80,21+,0,1,0
637,328,1116,74,75,33,71-80,21+,0,1,0
637,329,1116,74,75,33,71-80,21+,0,1,0
637,330,1116,74,75,33,71-80,21+,0,1,0
637,332,1116,74,75,33,71-80,21+,0,1,0
637,335,1116,74,75,33,71-80,21+,0,1,0
637,718,1116,74,75,33,71-80,21+,0,1,0
637,787,1116,74,75,33,71-80,21+,0,1,0
637,789,1116,74,75,33,71-80,21+,0,1,0
637,1092,1116,74,75,33,71-80,21+,0,1,0
637,1093,1116,74,75,33,71-80,21+,0,1,0
637,1116,1193,74,75,33,71-80,21+,0,1,0
637,276,1230,83,75,10,71-80,6-10,0,1,0
637,276,1232,83,75,10,71-80,6-10,0,1,0
637,1230,1232,83,100,10,96-100,6-10,1,0,1
637,607,1227,111,80,7,71-80,6-10,0,2,0
637,607,1228,111,80,7,71-80,6-10,0,2,0
637,1227,1228,111,100,7,96-100,6-10,1,0,1
637,995,1231,112,71,8,71-80,6-10,0,1,0
637,996,1231,112,71,8,71-80,6-10,0,1,0
637,892,1233,113,81,8,81-90,6-10,0,1,0
637,893,1233,113,81,8,81-90,6-10,0,1,0
638,301,1185,9,100,19,96-100,11-20,0,1,0
638,301,1186,9,100,19,96-100,11-20,0,1,0
638,302,1185,9,100,19,96-100,11-20,0,1,0
638,302,1186,9,100,19,96-100,11-20,0,1,0
638,303,1185,9,100,19,96-100,11-20,0,1,0
638,303,1186,9,100,19,96-100,11-20,0,1,0
638,304,1185,9,100,19,96-100,11-20,0,1,0
638,304,1186,9,100,19,96-100,11-20,0,1,0
638,747,1185,9,75,19,71-80,11-20,0,2,0
638,747,1186,9,75,19,71-80,11-20,0,2,0
638,767,1185,9,75,19,71-80,11-20,0,2,0
638,767,1186,9,75,19,71-80,11-20,0,2,0
638,860,1185,9,75,19,71-80,11-20,0,2,0
638,860,1186,9,75,19,71-80,11-20,0,2,0
638,861,1185,9,75,19,71-80,11-20,0,2,0
638,861,1186,9,75,19,71-80,11-20,0,2,0
638,1177,1185,9,75,19,71-80,11-20,0,1,0
638,1177,1186,9,75,19,71-80,11-20,0,1,0
638,1185,1186,9,75,19,71-80,11-20,1,0,1
638,110,1057,157,72,18,71-80,11-20,0,1,0
638,111,1057,157,72,18,71-80,11-20,0,1,0
638,1057,1058,157,100,18,96-100,11-20,0,1,0
638,1057,1251,157,100,18,96-100,11-20,1,0,1
644,168,1242,56,75,9,71-80,6-10,0,1,0
644,169,1242,56,75,9,71-80,6-10,0,1,0
644,170,1242,56,75,9,71-80,6-10,0,1,0
644,236,1242,56,75,9,71-80,6-10,0,1,0
644,337,1245,91,90,12,81-90,11-20,0,1,0
644,337,1246,91,90,12,81-90,11-20,0,1,0
644,338,1245,91,90,12,81-90,11-20,0,1,0
644,338,1246,91,90,12,81-90,11-20,0,1,0
644,339,1245,91,90,12,81-90,11-20,0,1,0
644,339,1246,91,90,12,81-90,11-20,0,1,0
644,1245,1246,91,100,12,96-100,11-20,1,0,1
644,340,1247,92,75,17,71-80,11-20,0,1,0
644,340,1254,92,75,17,71-80,11-20,0,1,0
644,341,1247,92,75,17,71-80,11-20,0,1,0
644,341,1254,92,75,17,71-80,11-20,0,1,0
644,342,1247,92,75,17,71-80,11-20,0,1,0
644,342,1254,92,75,17,71-80,11-20,0,1,0
644,438,1247,92,75,17,71-80,11-20,0,1,0
644,438,1254,92,75,17,71-80,11-20,0,1,0
644,440,1247,92,75,17,71-80,11-20,0,1,0
644,440,1254,92,75,17,71-80,11-20,0,1,0
644,1043,1247,92,75,17,71-80,11-20,0,1,0
644,1043,1254,92,75,17,71-80,11-20,0,1,0
644,1247,1254,92,75,17,71-80,11-20,1,0,1
644,1036,1249,93,80,20,71-80,11-20,0,1,0
644,1036,1250,93,80,20,71-80,11-20,0,1,0
644,1084,1249,93,70,20,<=70,11-20,0,1,0
644,1084,1250,93,70,20,<=70,11-20,0,1,0
644,1085,1249,93,70,20,<=70,11-20,0,1,0
644,1085,1250,93,70,20,<=70,11-20,0,1,0
644,1086,1249,93,70,20,<=70,11-20,0,1,0
644,1086,1250,93,70,20,<=70,11-20,0,1,0
644,1087,1249,93,70,20,<=70,11-20,0,1,0
644,1087,1250,93,70,20,<=70,11-20,0,1,0
644,1088,1249,93,70,20,<=70,11-20,0,1,0
644,1088,1250,93,70,20,<=70,11-20,0,1,0
644,1249,1250,93,100,20,96-100,11-20,1,0,1
644,110,1057,157,72,18,71-80,11-20,0,1,0
644,110,1251,157,72,18,71-80,11-20,0,1,0
644,111,1057,157,72,18,71-80,11-20,0,1,0
644,111,1251,157,72,18,71-80,11-20,0,1,0
644,1057,1058,157,100,18,96-100,11-20,0,1,0
644,1057,1251,157,100,18,96-100,11-20,1,0,1
644,1058,1251,157,100,18,96-100,11-20,0,1,0
645,436,710,55,71,10,71-80,6-10,0,2,0
645,710,766,55,75,10,71-80,6-10,0,1,0
645,710,876,55,75,10,71-80,6-10,0,2,0
645,710,877,55,75,10,71-80,6-10,0,2,0
645,999,1000,67,100,6,96-100,6-10,1,0,1
645,327,1243,74,75,33,71-80,21+,0,1,0
645,327,1244,74,75,33,71-80,21+,0,1,0
645,328,1243,74,75,33,71-80,21+,0,1,0
645,328,1244,74,75,33,71-80,21+,0,1,0
645,329,1243,74,75,33,71-80,21+,0,1,0
645,329,1244,74,75,33,71-80,21+,0,1,0
645,330,1243,74,75,33,71-80,21+,0,1,0
645,330,1244,74,75,33,71-80,21+,0,1,0
645,332,1243,74,75,33,71-80,21+,0,1,0
645,332,1244,74,75,33,71-80,21+,0,1,0
645,335,1243,74,75,33,71-80,21+,0,1,0
645,335,1244,74,75,33,71-80,21+,0,1,0
645,718,1243,74,75,33,71-80,21+,0,1,0
645,718,1244,74,75,33,71-80,21+,0,1,0
645,787,1243,74,75,33,71-80,21+,0,1,0
645,787,1244,74,75,33,71-80,21+,0,1,0
645,789,1243,74,75,33,71-80,21+,0,1,0
645,789,1244,74,75,33,71-80,21+,0,1,0
645,1092,1243,74,75,33,71-80,21+,0,1,0
645,1092,1244,74,75,33,71-80,21+,0,1,0
645,1093,1243,74,75,33,71-80,21+,0,1,0
645,1093,1244,74,75,33,71-80,21+,0,1,0
645,1116,1243,74,75,33,71-80,21+,0,1,0
645,1116,1244,74,75,33,71-80,21+,0,1,0
645,1193,1243,74,75,33,71-80,21+,0,1,0
645,1193,1244,74,75,33,71-80,21+,0,1,0
645,1243,1244,74,88,33,81-90,21+,0,1,1
645,275,1037,84,80,15,71-80,11-20,0,1,0
645,620,1037,84,75,15,71-80,11-20,0,1,0
645,1037,1039,84,75,15,71-80,11-20,0,1,0
645,1003,1004,148,77,10,71-80,6-10,0,1,1
645,1003,1005,148,77,10,71-80,6-10,0,1,1
645,1003,1029,148,77,10,71-80,6-10,0,1,0
645,1003,1030,148,77,10,71-80,6-10,0,1,0
645,1003,1064,148,77,10,71-80,6-10,0,1,1
645,1004,1005,148,77,10,71-80,6-10,0,1,1
645,1004,1029,148,77,10,71-80,6-10,0,1,0
645,1004,1030,148,77,10,71-80,6-10,0,1,0
645,1004,1064,148,77,10,71-80,6-10,0,1,1
645,1005,1029,148,77,10,71-80,6-10,0,1,0
645,1005,1030,148,77,10,71-80,6-10,0,1,0
645,1005,1064,148,77,10,71-80,6-10,0,1,1
645,1029,1064,148,100,10,96-100,6-10,0,1,0
645,1030,1064,148,100,10,96-100,6-10,0,1,0
645,986,987,163,75,14,71-80,11-20,1,0,1
645,1065,1066,170,70,8,<=70,6-10,0,1,1
645,1065,1067,170,70,8,<=70,6-10,0,1,1
645,1066,1067,170,70,8,<=70,6-10,0,1,1
647,436,766,55,71,10,71-80,6-10,0,2,0
647,710,766,55,75,10,71-80,6-10,0,1,0
647,766,876,55,75,10,71-80,6-10,0,2,0
647,766,877,55,75,10,71-80,6-10,0,2,0
647,168,236,56,75,9,71-80,6-10,0,1,0
647,169,236,56,75,9,71-80,6-10,0,1,0
647,170,236,56,75,9,71-80,6-10,0,1,0
647,236,1242,56,75,9,71-80,6-10,0,1,0
647,730,783,60,71,8,71-80,6-10,0,2,0
647,730,784,60,71,8,71-80,6-10,0,2,0
647,783,784,60,70,8,<=70,6-10,1,0,1
647,783,1035,60,70,8,<=70,6-10,0,1,0
647,783,1136,60,70,8,<=70,6-10,0,1,0
647,784,1035,60,70,8,<=70,6-10,0,1,0
647,784,1136,60,70,8,<=70,6-10,0,1,0
647,1075,1076,61,70,8,<=70,6-10,1,1,0
647,775,1079,62,75,17,71-80,11-20,1,0,1
647,775,1241,62,75,17,71-80,11-20,0,1,0
647,1079,1241,62,75,17,71-80,11-20,0,1,0
647,831,832,63,72,10,71-80,6-10,1,2,0
647,327,789,74,75,33,71-80,21+,0,1,0
647,328,789,74,75,33,71-80,21+,0,1,0
647,329,789,74,75,33,71-80,21+,0,1,0
647,330,789,74,75,33,71-80,21+,0,1,0
647,332,789,74,75,33,71-80,21+,0,1,0
647,335,789,74,75,33,71-80,21+,0,1,0
647,718,789,74,75,33,71-80,21+,0,1,0
647,787,789,74,75,33,71-80,21+,1,0,0
647,789,1092,74,75,33,71-80,21+,0,1,0
647,789,1093,74,75,33,71-80,21+,0,1,0
647,789,1116,74,75,33,71-80,21+,0,1,0
647,789,1193,74,75,33,71-80,21+,0,1,0
647,789,1243,74,75,33,71-80,21+,0,1,0
647,789,1244,74,75,33,71-80,21+,0,1,0
647,331,788,75,75,7,71-80,6-10,0,1,0
647,333,788,75,75,7,71-80,6-10,0,1,0
647,488,740,76,75,5,71-80,3-5,0,1,0
647,488,1038,76,75,5,71-80,3-5,1,0,1
647,488,1181,76,75,5,71-80,3-5,0,1,0
647,740,1038,76,80,5,71-80,3-5,0,1,0
647,1038,1181,76,75,5,71-80,3-5,0,1,0
647,276,1230,83,75,10,71-80,6-10,0,1,0
647,276,1232,83,75,10,71-80,6-10,0,1,0
647,190,1001,114,75,6,71-80,6-10,0,1,0
648,488,740,76,75,5,71-80,3-5,0,1,0
648,488,1038,76,75,5,71-80,3-5,1,0,0
648,488,1181,76,75,5,71-80,3-5,0,1,0
649,730,783,60,71,8,71-80,6-10,0,2,0
649,783,784,60,70,8,<=70,6-10,1,0,0
649,783,1035,60,70,8,<=70,6-10,0,1,0
649,783,1136,60,70,8,<=70,6-10,0,1,0
649,1075,1076,61,70,8,<=70,6-10,1,1,0
649,775,1079,62,75,17,71-80,11-20,1,0,0
649,775,1255,62,75,17,71-80,11-20,1,0,0
649,1079,1241,62,75,17,71-80,11-20,0,1,0
649,1079,1255,62,75,17,71-80,11-20,1,0,1
649,1241,1255,62,75,17,71-80,11-20,0,1,0
649,327,789,74,75,33,71-80,21+,0,1,0
649,328,789,74,75,33,71-80,21+,0,1,0
649,329,789,74,75,33,71-80,21+,0,1,0
649,330,789,74,75,33,71-80,21+,0,1,0
649,332,789,74,75,33,71-80,21+,0,1,0
649,335,789,74,75,33,71-80,21+,0,1,0
649,718,789,74,75,33,71-80,21+,0,1,0
649,787,789,74,75,33,71-80,21+,1,0,0
649,789,1092,74,75,33,71-80,21+,0,1,0
649,789,1093,74,75,33,71-80,21+,0,1,0
649,789,1116,74,75,33,71-80,21+,0,1,0
649,789,1193,74,75,33,71-80,21+,0,1,0
649,789,1243,74,75,33,71-80,21+,0,1,0
649,789,1244,74,75,33,71-80,21+,0,1,0
649,331,788,75,75,7,71-80,6-10,0,1,0
649,333,788,75,75,7,71-80,6-10,0,1,0
649,488,740,76,75,5,71-80,3-5,0,1,0
649,488,1038,76,75,5,71-80,3-5,1,0,0
649,488,1181,76,75,5,71-80,3-5,0,1,0
649,1256,1257,115,88,5,81-90,3-5,0,1,1
652,110,1258,157,72,18,71-80,11-20,0,1,0
652,110,1259,157,72,18,71-80,11-20,0,1,0
652,111,1258,157,72,18,71-80,11-20,0,1,0
652,111,1259,157,72,18,71-80,11-20,0,1,0
652,1057,1258,157,100,18,96-100,11-20,1,0,0
652,1057,1259,157,100,18,96-100,11-20,1,0,0
652,1058,1258,157,100,18,96-100,11-20,0,1,0
652,1058,1259,157,100,18,96-100,11-20,0,1,0
652,1251,1258,157,75,18,71-80,11-20,1,0,0
652,1251,1259,157,75,18,71-80,11-20,1,0,0
652,1258,1259,157,77,18,71-80,11-20,1,0,1
654,110,1251,157,72,18,71-80,11-20,0,1,0
654,110,1258,157,72,18,71-80,11-20,0,1,0
654,110,1259,157,72,18,71-80,11-20,0,1,0
654,110,1260,157,72,18,71-80,11-20,0,1,0
654,111,1251,157,72,18,71-80,11-20,0,1,0
654,111,1258,157,72,18,71-80,11-20,0,1,0
654,111,1259,157,72,18,71-80,11-20,0,1,0
654,111,1260,157,72,18,71-80,11-20,0,1,0
654,1057,1251,157,100,18,96-100,11-20,1,0,0
654,1057,1258,157,100,18,96-100,11-20,1,0,0
654,1057,1259,157,100,18,96-100,11-20,1,0,0
654,1057,1260,157,100,18,96-100,11-20,1,0,0
654,1058,1251,157,100,18,96-100,11-20,0,1,0
654,1058,1258,157,100,18,96-100,11-20,0,1,0
654,1058,1259,157,100,18,96-100,11-20,0,1,0
654,1058,1260,157,100,18,96-100,11-20,0,1,0
654,1251,1258,157,75,18,71-80,11-20,1,0,1
654,1251,1259,157,75,18,71-80,11-20,1,0,1
654,1251,1260,157,75,18,71-80,11-20,1,0,1
654,1258,1259,157,77,18,71-80,11-20,1,0,1
654,1258,1260,157,77,18,71-80,11-20,1,0,1
654,1259,1260,157,77,18,71-80,11-20,1,0,1
671,321,322,35,75,14,71-80,11-20,1,0,1
671,321,323,35,75,14,71-80,11-20,1,0,1
671,321,324,35,75,14,71-80,11-20,1,0,1
671,321,325,35,75,14,71-80,11-20,1,0,1
671,321,326,35,75,14,71-80,11-20,1,0,1
671,321,727,35,75,14,71-80,11-20,0,1,0
671,322,323,35,75,14,71-80,11-20,1,0,1
671,322,324,35,75,14,71-80,11-20,1,0,1
671,322,325,35,75,14,71-80,11-20,1,0,1
671,322,326,35,75,14,71-80,11-20,1,0,1
671,322,727,35,75,14,71-80,11-20,0,1,0
671,323,324,35,75,14,71-80,11-20,1,0,1
671,323,325,35,75,14,71-80,11-20,1,0,1
671,323,326,35,75,14,71-80,11-20,1,0,1
671,323,727,35,75,14,71-80,11-20,0,1,0
671,324,325,35,75,14,71-80,11-20,1,0,1
671,324,326,35,75,14,71-80,11-20,1,0,1
671,324,727,35,75,14,71-80,11-20,0,1,0
671,325,326,35,75,14,71-80,11-20,1,0,1
671,325,727,35,75,14,71-80,11-20,0,1,0
671,326,727,35,75,14,71-80,11-20,0,1,0
672,65,1264,45,100,21,96-100,21+,0,1,0
672,66,1264,45,100,21,96-100,21+,0,1,0
672,67,1264,45,100,21,96-100,21+,0,1,0
672,68,1264,45,100,21,96-100,21+,0,1,0
672,69,1264,45,100,21,96-100,21+,0,1,0
672,71,1264,45,100,21,96-100,21+,0,1,0
672,72,1264,45,100,21,96-100,21+,0,1,0
672,73,1264,45,100,21,96-100,21+,0,1,0
672,106,1264,45,70,21,<=70,21+,0,1,0
672,107,1264,45,70,21,<=70,21+,0,1,0
672,661,1264,45,100,21,96-100,21+,0,1,0
672,723,1264,45,100,21,96-100,21+,0,1,0
672,1135,1264,45,100,21,96-100,21+,0,1,0
672,1107,1110,52,71,6,71-80,6-10,0,1,0
672,1107,1265,52,71,6,71-80,6-10,1,0,1
672,1110,1265,52,71,6,71-80,6-10,0,1,0
672,762,1266,53,100,7,96-100,6-10,0,2,0
672,1112,1266,53,100,7,96-100,6-10,0,1,0
672,679,1074,54,75,17,71-80,11-20,0,3,0
672,679,1078,54,75,17,71-80,11-20,0,3,0
672,679,1267,54,75,17,71-80,11-20,0,2,0
672,746,1074,54,75,17,71-80,11-20,0,1,0
672,746,1078,54,75,17,71-80,11-20,0,1,0
672,746,1267,54,75,17,71-80,11-20,0,1,0
672,1074,1078,54,70,17,<=70,11-20,1,0,1
672,1074,1089,54,70,17,<=70,11-20,0,1,0
672,1074,1090,54,70,17,<=70,11-20,0,1,0
672,1074,1091,54,70,17,<=70,11-20,0,1,0
672,1074,1263,54,70,17,<=70,11-20,0,1,0
672,1074,1267,54,70,17,<=70,11-20,0,1,1
672,1078,1089,54,70,17,<=70,11-20,0,1,0
672,1078,1090,54,70,17,<=70,11-20,0,1,0
672,1078,1091,54,70,17,<=70,11-20,0,1,0
672,1078,1263,54,70,17,<=70,11-20,0,1,0
672,1078,1267,54,70,17,<=70,11-20,0,1,1
672,1089,1267,54,75,17,71-80,11-20,0,1,0
672,1090,1267,54,75,17,71-80,11-20,0,1,0
672,1091,1267,54,75,17,71-80,11-20,0,1,0
672,1263,1267,54,75,17,71-80,11-20,0,1,0
672,1075,1076,61,70,8,<=70,6-10,1,1,0
672,1125,1126,69,83,3,81-90,3-5,1,0,0
672,108,1127,70,80,3,71-80,3-5,0,1,0
672,1229,1252,82,100,12,96-100,11-20,0,1,0
672,1229,1253,82,100,12,96-100,11-20,0,1,0
672,276,1230,83,75,10,71-80,6-10,0,1,0
672,276,1232,83,75,10,71-80,6-10,0,1,0
672,1230,1232,83,100,10,96-100,6-10,1,0,1
672,275,1268,84,80,15,71-80,11-20,0,1,0
672,275,1269,84,80,15,71-80,11-20,0,1,0
672,1268,1269,84,76,15,71-80,11-20,1,0,1
672,733,736,162,83,17,81-90,11-20,1,0,0
672,733,737,162,83,17,81-90,11-20,1,0,0
672,734,736,162,83,17,81-90,11-20,1,0,0
672,734,737,162,83,17,81-90,11-20,1,0,0
672,736,737,162,85,17,81-90,11-20,1,0,1
673,717,806,68,80,7,71-80,6-10,0,1,0
673,806,1123,68,80,7,71-80,6-10,0,1,0
673,806,1124,68,80,7,71-80,6-10,0,1,0
674,775,1255,62,75,17,71-80,11-20,1,0,0
674,1079,1255,62,75,17,71-80,11-20,1,0,0
674,1241,1255,62,75,17,71-80,11-20,0,1,0
674,305,726,87,75,16,71-80,11-20,0,1,0
674,306,726,87,75,16,71-80,11-20,0,1,0
674,726,994,87,75,16,71-80,11-20,0,1,0
674,726,1060,87,75,16,71-80,11-20,0,1,0
674,726,1121,87,75,16,71-80,11-20,0,1,0
674,726,1194,87,75,16,71-80,11-20,0,1,0
676,1256,1257,115,88,5,81-90,3-5,0,1,0
677,775,1079,62,75,17,71-80,11-20,1,0,0
677,775,1241,62,75,17,71-80,11-20,0,1,0
677,775,1255,62,75,17,71-80,11-20,1,0,0
679,1070,1071,65,85,10,81-90,6-10,0,1,0
679,1071,1083,65,85,10,81-90,6-10,0,1,0
679,1036,1084,93,80,20,71-80,11-20,0,1,0
679,1036,1085,93,80,20,71-80,11-20,0,1,0
679,1036,1086,93,80,20,71-80,11-20,0,1,0
679,1036,1087,93,80,20,71-80,11-20,0,1,0
679,1036,1088,93,80,20,71-80,11-20,0,1,0
679,1084,1085,93,70,20,<=70,11-20,1,0,1
679,1084,1086,93,70,20,<=70,11-20,1,0,1
679,1084,1087,93,70,20,<=70,11-20,1,0,1
679,1084,1088,93,70,20,<=70,11-20,1,0,1
679,1085,1086,93,70,20,<=70,11-20,1,0,1
679,1085,1087,93,70,20,<=70,11-20,1,0,1
679,1085,1088,93,70,20,<=70,11-20,1,0,1
679,1086,1087,93,70,20,<=70,11-20,1,0,1
679,1086,1088,93,70,20,<=70,11-20,1,0,1
679,1087,1088,93,70,20,<=70,11-20,1,0,1
679,741,742,97,85,19,81-90,11-20,1,0,1
679,741,1148,97,85,19,81-90,11-20,0,1,0
679,741,1149,97,85,19,81-90,11-20,0,1,0
679,741,1151,97,85,19,81-90,11-20,0,1,0
679,741,1152,97,85,19,81-90,11-20,0,1,0
679,741,1154,97,85,19,81-90,11-20,0,1,0
679,741,1155,97,85,19,81-90,11-20,0,1,0
679,741,1156,97,85,19,81-90,11-20,0,1,0
679,741,1157,97,85,19,81-90,11-20,0,1,0
679,741,1158,97,85,19,81-90,11-20,0,1,0
679,742,1148,97,85,19,81-90,11-20,0,1,0
679,742,1149,97,85,19,81-90,11-20,0,1,0
679,742,1151,97,85,19,81-90,11-20,0,1,0
679,742,1152,97,85,19,81-90,11-20,0,1,0
679,742,1154,97,85,19,81-90,11-20,0,1,0
679,742,1155,97,85,19,81-90,11-20,0,1,0
679,742,1156,97,85,19,81-90,11-20,0,1,0
679,742,1157,97,85,19,81-90,11-20,0,1,0
679,742,1158,97,85,19,81-90,11-20,0,1,0
680,65,1135,45,100,21,96-100,21+,0,1,0
680,66,1135,45,100,21,96-100,21+,0,1,0
680,67,1135,45,100,21,96-100,21+,0,1,0
680,68,1135,45,100,21,96-100,21+,0,1,0
680,69,1135,45,100,21,96-100,21+,0,1,0
680,71,1135,45,100,21,96-100,21+,0,1,0
680,72,1135,45,100,21,96-100,21+,0,1,0
680,73,1135,45,100,21,96-100,21+,0,1,0
680,106,1135,45,70,21,<=70,21+,0,1,0
680,107,1135,45,70,21,<=70,21+,0,1,0
680,661,1135,45,100,21,96-100,21+,0,1,0
680,723,1135,45,100,21,96-100,21+,0,1,0
680,1135,1264,45,100,21,96-100,21+,0,1,0
680,364,1138,95,75,11,71-80,11-20,0,1,0
680,1138,1139,95,75,11,71-80,11-20,0,1,0
680,1138,1142,95,75,11,71-80,11-20,1,0,0
680,741,1148,97,85,19,81-90,11-20,0,1,0
680,741,1149,97,85,19,81-90,11-20,0,1,0
680,742,1148,97,85,19,81-90,11-20,0,1,0
680,742,1149,97,85,19,81-90,11-20,0,1,0
680,1148,1149,97,80,19,71-80,11-20,1,0,1
680,1148,1151,97,80,19,71-80,11-20,1,0,0
680,1148,1152,97,80,19,71-80,11-20,1,0,0
680,1148,1154,97,80,19,71-80,11-20,1,0,0
680,1148,1155,97,80,19,71-80,11-20,1,0,0
680,1148,1156,97,80,19,71-80,11-20,1,0,0
680,1148,1157,97,80,19,71-80,11-20,1,0,0
680,1148,1158,97,80,19,71-80,11-20,1,0,0
680,1149,1151,97,80,19,71-80,11-20,1,0,0
680,1149,1152,97,80,19,71-80,11-20,1,0,0
680,1149,1154,97,80,19,71-80,11-20,1,0,0
680,1149,1155,97,80,19,71-80,11-20,1,0,0
680,1149,1156,97,80,19,71-80,11-20,1,0,0
680,1149,1157,97,80,19,71-80,11-20,1,0,0
680,1149,1158,97,80,19,71-80,11-20,1,0,0
680,1150,1162,99,83,9,81-90,6-10,1,0,0
680,1150,1163,99,83,9,81-90,6-10,1,0,1
680,1150,1164,99,83,9,81-90,6-10,1,0,1
680,1150,1165,99,83,9,81-90,6-10,1,0,1
680,1150,1166,99,83,9,81-90,6-10,1,0,1
680,1150,1199,99,83,9,81-90,6-10,0,1,0
680,1162,1163,99,83,9,81-90,6-10,1,0,0
680,1162,1164,99,83,9,81-90,6-10,1,0,0
680,1162,1165,99,83,9,81-90,6-10,1,0,0
680,1162,1166,99,83,9,81-90,6-10,1,0,0
680,1163,1164,99,83,9,81-90,6-10,1,0,1
680,1163,1165,99,83,9,81-90,6-10,1,0,1
680,1163,1166,99,83,9,81-90,6-10,1,0,1
680,1163,1199,99,83,9,81-90,6-10,0,1,0
680,1164,1165,99,83,9,81-90,6-10,1,0,1
680,1164,1166,99,83,9,81-90,6-10,1,0,1
680,1164,1199,99,83,9,81-90,6-10,0,1,0
680,1165,1166,99,83,9,81-90,6-10,1,0,1
680,1165,1199,99,83,9,81-90,6-10,0,1,0
680,1166,1199,99,83,9,81-90,6-10,0,1,0
680,795,1167,101,75,11,71-80,11-20,0,2,0
680,795,1168,101,75,11,71-80,11-20,0,2,0
680,795,1169,101,75,11,71-80,11-20,0,2,0
680,795,1170,101,75,11,71-80,11-20,0,2,0
680,796,1167,101,75,11,71-80,11-20,0,2,0
680,796,1168,101,75,11,71-80,11-20,0,2,0
680,796,1169,101,75,11,71-80,11-20,0,2,0
680,796,1170,101,75,11,71-80,11-20,0,2,0
680,797,1167,101,75,11,71-80,11-20,0,2,0
680,797,1168,101,75,11,71-80,11-20,0,2,0
680,797,1169,101,75,11,71-80,11-20,0,2,0
680,797,1170,101,75,11,71-80,11-20,0,2,0
680,1167,1168,101,80,11,71-80,11-20,1,0,1
680,1167,1169,101,80,11,71-80,11-20,1,0,1
680,1167,1170,101,80,11,71-80,11-20,1,0,1
680,1168,1169,101,80,11,71-80,11-20,1,0,1
680,1168,1170,101,80,11,71-80,11-20,1,0,1
680,1169,1170,101,80,11,71-80,11-20,1,0,1
687,679,1074,54,75,17,71-80,11-20,0,3,0
687,679,1078,54,75,17,71-80,11-20,0,3,0
687,746,1074,54,75,17,71-80,11-20,0,1,0
687,746,1078,54,75,17,71-80,11-20,0,1,0
687,1074,1078,54,70,17,<=70,11-20,1,0,1
687,1074,1089,54,70,17,<=70,11-20,0,1,0
687,1074,1090,54,70,17,<=70,11-20,0,1,0
687,1074,1091,54,70,17,<=70,11-20,0,1,0
687,1074,1263,54,70,17,<=70,11-20,0,1,0
687,1074,1267,54,70,17,<=70,11-20,0,1,0
687,1078,1089,54,70,17,<=70,11-20,0,1,0
687,1078,1090,54,70,17,<=70,11-20,0,1,0
687,1078,1091,54,70,17,<=70,11-20,0,1,0
687,1078,1263,54,70,17,<=70,11-20,0,1,0
687,1078,1267,54,70,17,<=70,11-20,0,1,0
687,730,784,60,71,8,71-80,6-10,0,2,0
687,783,784,60,70,8,<=70,6-10,1,0,0
687,784,1035,60,70,8,<=70,6-10,0,1,0
687,784,1136,60,70,8,<=70,6-10,0,1,0
687,765,786,61,90,8,81-90,6-10,1,2,1
687,110,1260,157,72,18,71-80,11-20,0,1,0
687,111,1260,157,72,18,71-80,11-20,0,1,0
687,1057,1260,157,100,18,96-100,11-20,1,0,0
687,1058,1260,157,100,18,96-100,11-20,0,1,0
687,1251,1260,157,75,18,71-80,11-20,1,0,0
687,1258,1260,157,77,18,71-80,11-20,1,0,0
687,1259,1260,157,77,18,71-80,11-20,1,0,0
688,436,766,55,71,10,71-80,6-10,0,2,0
688,710,766,55,75,10,71-80,6-10,0,1,0
688,766,876,55,75,10,71-80,6-10,0,2,0
688,766,877,55,75,10,71-80,6-10,0,2,0
688,730,783,60,71,8,71-80,6-10,0,2,0
688,730,784,60,71,8,71-80,6-10,0,2,0
688,783,784,60,70,8,<=70,6-10,1,0,1
688,783,1035,60,70,8,<=70,6-10,0,1,0
688,783,1136,60,70,8,<=70,6-10,0,1,0
688,784,1035,60,70,8,<=70,6-10,0,1,0
688,784,1136,60,70,8,<=70,6-10,0,1,0
688,775,1079,62,75,17,71-80,11-20,1,0,0
688,775,1255,62,75,17,71-80,11-20,1,0,0
688,1079,1241,62,75,17,71-80,11-20,0,1,0
688,1079,1255,62,75,17,71-80,11-20,1,0,1
688,1241,1255,62,75,17,71-80,11-20,0,1,0
688,327,789,74,75,33,71-80,21+,0,1,0
688,328,789,74,75,33,71-80,21+,0,1,0
688,329,789,74,75,33,71-80,21+,0,1,0
688,330,789,74,75,33,71-80,21+,0,1,0
688,332,789,74,75,33,71-80,21+,0,1,0
688,335,789,74,75,33,71-80,21+,0,1,0
688,718,789,74,75,33,71-80,21+,0,1,0
688,787,789,74,75,33,71-80,21+,1,0,0
688,789,1092,74,75,33,71-80,21+,0,1,0
688,789,1093,74,75,33,71-80,21+,0,1,0
688,789,1193,74,75,33,71-80,21+,0,1,0
688,331,788,75,75,7,71-80,6-10,0,1,0
688,333,788,75,75,7,71-80,6-10,0,1,0
689,436,766,55,71,10,71-80,6-10,0,2,0
689,710,766,55,75,10,71-80,6-10,0,1,0
689,766,876,55,75,10,71-80,6-10,0,2,0
689,766,877,55,75,10,71-80,6-10,0,2,0
689,730,783,60,71,8,71-80,6-10,0,2,0
689,730,784,60,71,8,71-80,6-10,0,2,0
689,783,784,60,70,8,<=70,6-10,1,0,1
689,783,1035,60,70,8,<=70,6-10,0,1,0
689,783,1136,60,70,8,<=70,6-10,0,1,0
689,784,1035,60,70,8,<=70,6-10,0,1,0
689,784,1136,60,70,8,<=70,6-10,0,1,0
689,775,1079,62,75,17,71-80,11-20,1,0,1
689,775,1241,62,75,17,71-80,11-20,0,1,0
689,775,1255,62,75,17,71-80,11-20,1,0,1
689,1079,1241,62,75,17,71-80,11-20,0,1,0
689,1079,1255,62,75,17,71-80,11-20,1,0,1
689,1241,1255,62,75,17,71-80,11-20,0,1,0
689,327,787,74,75,33,71-80,21+,0,1,0
689,328,787,74,75,33,71-80,21+,0,1,0
689,329,787,74,75,33,71-80,21+,0,1,0
689,330,787,74,75,33,71-80,21+,0,1,0
689,332,787,74,75,33,71-80,21+,0,1,0
689,335,787,74,75,33,71-80,21+,0,1,0
689,718,787,74,75,33,71-80,21+,0,1,0
689,787,789,74,75,33,71-80,21+,1,0,0
689,787,1092,74,75,33,71-80,21+,0,1,0
689,787,1093,74,75,33,71-80,21+,0,1,0
689,787,1193,74,75,33,71-80,21+,0,1,0
689,331,788,75,75,7,71-80,6-10,0,1,0
689,333,788,75,75,7,71-80,6-10,0,1,0
690,775,1241,62,75,17,71-80,11-20,0,1,0
690,775,1255,62,75,17,71-80,11-20,1,0,1
690,1241,1255,62,75,17,71-80,11-20,0,1,0
690,327,787,74,75,33,71-80,21+,0,1,0
690,327,789,74,75,33,71-80,21+,0,1,0
690,328,787,74,75,33,71-80,21+,0,1,0
690,328,789,74,75,33,71-80,21+,0,1,0
690,329,787,74,75,33,71-80,21+,0,1,0
690,329,789,74,75,33,71-80,21+,0,1,0
690,330,787,74,75,33,71-80,21+,0,1,0
690,330,789,74,75,33,71-80,21+,0,1,0
690,332,787,74,75,33,71-80,21+,0,1,0
690,332,789,74,75,33,71-80,21+,0,1,0
690,335,787,74,75,33,71-80,21+,0,1,0
690,335,789,74,75,33,71-80,21+,0,1,0
690,718,787,74,75,33,71-80,21+,0,1,0
690,718,789,74,75,33,71-80,21+,0,1,0
690,787,789,74,75,33,71-80,21+,1,0,1
690,787,1092,74,75,33,71-80,21+,0,1,0
690,787,1093,74,75,33,71-80,21+,0,1,0
690,787,1193,74,75,33,71-80,21+,0,1,0
690,789,1092,74,75,33,71-80,21+,0,1,0
690,789,1093,74,75,33,71-80,21+,0,1,0
690,789,1193,74,75,33,71-80,21+,0,1,0
690,331,788,75,75,7,71-80,6-10,0,1,0
690,333,788,75,75,7,71-80,6-10,0,1,0
690,488,740,76,75,5,71-80,3-5,0,1,0
690,488,1038,76,75,5,71-80,3-5,1,0,1
690,488,1181,76,75,5,71-80,3-5,0,1,0
690,740,1038,76,80,5,71-80,3-5,0,1,0
690,1038,1181,76,75,5,71-80,3-5,0,1,0
690,1256,1257,115,88,5,81-90,3-5,0,1,1
691,327,787,74,75,33,71-80,21+,0,1,0
691,328,787,74,75,33,71-80,21+,0,1,0
691,329,787,74,75,33,71-80,21+,0,1,0
691,330,787,74,75,33,71-80,21+,0,1,0
691,332,787,74,75,33,71-80,21+,0,1,0
691,335,787,74,75,33,71-80,21+,0,1,0
691,718,787,74,75,33,71-80,21+,0,1,0
691,787,789,74,75,33,71-80,21+,1,0,0
691,787,1092,74,75,33,71-80,21+,0,1,0
691,787,1093,74,75,33,71-80,21+,0,1,0
691,787,1193,74,75,33,71-80,21+,0,1,0
692,301,1185,9,100,19,96-100,11-20,0,1,0
692,301,1186,9,100,19,96-100,11-20,0,1,0
692,302,1185,9,100,19,96-100,11-20,0,1,0
692,302,1186,9,100,19,96-100,11-20,0,1,0
692,303,1185,9,100,19,96-100,11-20,0,1,0
692,303,1186,9,100,19,96-100,11-20,0,1,0
692,304,1185,9,100,19,96-100,11-20,0,1,0
692,304,1186,9,100,19,96-100,11-20,0,1,0
692,747,1185,9,75,19,71-80,11-20,0,2,0
692,747,1186,9,75,19,71-80,11-20,0,2,0
692,767,1185,9,75,19,71-80,11-20,0,2,0
692,767,1186,9,75,19,71-80,11-20,0,2,0
692,860,1185,9,75,19,71-80,11-20,0,2,0
692,860,1186,9,75,19,71-80,11-20,0,2,0
692,861,1185,9,75,19,71-80,11-20,0,2,0
692,861,1186,9,75,19,71-80,11-20,0,2,0
692,1185,1186,9,75,19,71-80,11-20,1,0,1
692,488,740,76,75,5,71-80,3-5,0,1,0
692,488,1038,76,75,5,71-80,3-5,1,0,1
692,488,1181,76,75,5,71-80,3-5,0,1,0
692,740,1038,76,80,5,71-80,3-5,0,1,0
692,1038,1181,76,75,5,71-80,3-5,0,1,0
692,18,1061,78,75,24,71-80,21+,0,1,0
692,691,1061,78,75,24,71-80,21+,0,1,0
692,692,1061,78,75,24,71-80,21+,0,1,0
692,842,1061,78,75,24,71-80,21+,0,1,0
692,998,1061,78,75,24,71-80,21+,0,1,0
692,1010,1061,78,75,24,71-80,21+,0,1,0
692,1061,1117,78,75,24,71-80,21+,0,1,0
692,1061,1118,78,75,24,71-80,21+,0,1,0
692,1061,1137,78,75,24,71-80,21+,0,1,0
692,1061,1180,78,75,24,71-80,21+,0,1,0
692,1061,1182,78,75,24,71-80,21+,0,1,0
692,1256,1257,115,88,5,81-90,3-5,0,1,0
693,436,710,55,71,10,71-80,6-10,0,2,0
693,710,766,55,75,10,71-80,6-10,0,1,0
693,710,876,55,75,10,71-80,6-10,0,2,0
693,710,877,55,75,10,71-80,6-10,0,2,0
693,999,1000,67,100,6,96-100,6-10,1,0,1
693,488,740,76,75,5,71-80,3-5,0,1,0
693,488,1038,76,75,5,71-80,3-5,1,0,0
693,488,1181,76,75,5,71-80,3-5,0,1,0
701,110,1258,157,72,18,71-80,11-20,0,1,0
701,110,1259,157,72,18,71-80,11-20,0,1,0
701,111,1258,157,72,18,71-80,11-20,0,1,0
701,111,1259,157,72,18,71-80,11-20,0,1,0
701,1057,1258,157,100,18,96-100,11-20,1,0,0
701,1057,1259,157,100,18,96-100,11-20,1,0,0
701,1058,1258,157,100,18,96-100,11-20,0,1,0
701,1058,1259,157,100,18,96-100,11-20,0,1,0
701,1251,1258,157,75,18,71-80,11-20,1,0,0
701,1251,1259,157,75,18,71-80,11-20,1,0,0
701,1258,1259,157,77,18,71-80,11-20,1,0,1
701,1258,1260,157,77,18,71-80,11-20,1,0,0
701,1259,1260,157,77,18,71-80,11-20,1,0,0
702,775,1277,62,75,17,71-80,11-20,1,0,0
702,775,1278,62,75,17,71-80,11-20,1,0,0
702,1241,1277,62,75,17,71-80,11-20,0,1,0
702,1241,1278,62,75,17,71-80,11-20,0,1,0
702,1255,1277,62,75,17,71-80,11-20,1,0,0
702,1255,1278,62,75,17,71-80,11-20,1,0,0
702,1277,1278,62,75,17,71-80,11-20,1,0,1
702,1277,1279,62,75,17,71-80,11-20,1,0,0
702,1278,1279,62,75,17,71-80,11-20,1,0,0
702,110,1251,157,72,18,71-80,11-20,0,1,0
702,110,1258,157,72,18,71-80,11-20,0,1,0
702,110,1259,157,72,18,71-80,11-20,0,1,0
702,110,1260,157,72,18,71-80,11-20,0,1,0
702,111,1251,157,72,18,71-80,11-20,0,1,0
702,111,1258,157,72,18,71-80,11-20,0,1,0
702,111,1259,157,72,18,71-80,11-20,0,1,0
702,111,1260,157,72,18,71-80,11-20,0,1,0
702,1057,1251,157,100,18,96-100,11-20,1,0,0
702,1057,1258,157,100,18,96-100,11-20,1,0,0
702,1057,1259,157,100,18,96-100,11-20,1,0,0
702,1057,1260,157,100,18,96-100,11-20,1,0,0
702,1058,1251,157,100,18,96-100,11-20,0,1,0
702,1058,1258,157,100,18,96-100,11-20,0,1,0
702,1058,1259,157,100,18,96-100,11-20,0,1,0
702,1058,1260,157,100,18,96-100,11-20,0,1,0
702,1251,1258,157,75,18,71-80,11-20,1,0,1
702,1251,1259,157,75,18,71-80,11-20,1,0,1
702,1251,1260,157,75,18,71-80,11-20,1,0,1
702,1258,1259,157,77,18,71-80,11-20,1,0,1
702,1258,1260,157,77,18,71-80,11-20,1,0,1
702,1259,1260,157,77,18,71-80,11-20,1,0,1
703,436,710,55,71,10,71-80,6-10,0,2,0
703,710,766,55,75,10,71-80,6-10,0,1,0
703,710,876,55,75,10,71-80,6-10,0,2,0
703,710,877,55,75,10,71-80,6-10,0,2,0
703,999,1000,67,100,6,96-100,6-10,1,0,1
705,488,740,76,75,5,71-80,3-5,0,1,0
705,740,1038,76,80,5,71-80,3-5,0,1,0
705,740,1181,76,80,5,71-80,3-5,0,1,0
706,269,270,80,80,12,71-80,11-20,1,0,0
706,269,1234,80,80,12,71-80,11-20,0,1,0
706,276,1230,83,75,10,71-80,6-10,0,1,0
706,276,1232,83,75,10,71-80,6-10,0,1,0
706,275,1268,84,80,15,71-80,11-20,0,1,0
706,275,1269,84,80,15,71-80,11-20,0,1,0
707,762,1112,53,100,7,96-100,6-10,0,2,0
707,762,1266,53,100,7,96-100,6-10,0,2,0
707,327,789,74,75,33,71-80,21+,0,1,0
707,328,789,74,75,33,71-80,21+,0,1,0
707,329,789,74,75,33,71-80,21+,0,1,0
707,330,789,74,75,33,71-80,21+,0,1,0
707,332,789,74,75,33,71-80,21+,0,1,0
707,335,789,74,75,33,71-80,21+,0,1,0
707,718,789,74,75,33,71-80,21+,0,1,0
707,789,1092,74,75,33,71-80,21+,0,1,0
707,789,1093,74,75,33,71-80,21+,0,1,0
707,789,1193,74,75,33,71-80,21+,0,1,0
707,789,1283,74,75,33,71-80,21+,0,1,1
707,331,788,75,75,7,71-80,6-10,0,1,0
707,333,788,75,75,7,71-80,6-10,0,1,0
707,788,1284,75,100,7,96-100,6-10,0,1,1
707,733,736,162,83,17,81-90,11-20,1,0,0
707,733,737,162,83,17,81-90,11-20,1,0,0
707,734,736,162,83,17,81-90,11-20,1,0,0
707,734,737,162,83,17,81-90,11-20,1,0,0
707,736,737,162,85,17,81-90,11-20,1,0,1
709,327,789,74,75,33,71-80,21+,0,1,0
709,328,789,74,75,33,71-80,21+,0,1,0
709,329,789,74,75,33,71-80,21+,0,1,0
709,330,789,74,75,33,71-80,21+,0,1,0
709,332,789,74,75,33,71-80,21+,0,1,0
709,335,789,74,75,33,71-80,21+,0,1,0
709,718,789,74,75,33,71-80,21+,0,1,0
709,789,1092,74,75,33,71-80,21+,0,1,0
709,789,1093,74,75,33,71-80,21+,0,1,0
709,789,1193,74,75,33,71-80,21+,0,1,0
709,789,1283,74,75,33,71-80,21+,0,1,0
709,331,1284,75,75,7,71-80,6-10,0,1,0
709,333,1284,75,75,7,71-80,6-10,0,1,0
709,788,1284,75,100,7,96-100,6-10,0,1,0
709,305,1286,87,75,16,71-80,11-20,0,1,0
709,306,1286,87,75,16,71-80,11-20,0,1,0
709,726,1286,87,75,16,71-80,11-20,0,1,0
709,994,1286,87,75,16,71-80,11-20,0,1,0
709,1121,1286,87,100,16,96-100,11-20,0,1,0
709,1194,1286,87,75,16,71-80,11-20,0,1,0
709,986,987,163,75,14,71-80,11-20,1,0,1
710,18,1288,78,75,24,71-80,21+,0,1,0
710,691,1288,78,75,24,71-80,21+,0,1,0
710,692,1288,78,75,24,71-80,21+,0,1,0
710,842,1288,78,75,24,71-80,21+,0,1,0
710,998,1288,78,75,24,71-80,21+,0,1,0
710,1010,1288,78,75,24,71-80,21+,0,1,0
710,1061,1288,78,75,24,71-80,21+,0,1,0
710,1117,1288,78,75,24,71-80,21+,0,1,0
710,1118,1288,78,75,24,71-80,21+,0,1,0
710,1137,1288,78,75,24,71-80,21+,0,1,0
710,1180,1288,78,75,24,71-80,21+,0,1,0
710,1182,1288,78,75,24,71-80,21+,0,1,0
710,305,726,87,75,16,71-80,11-20,0,1,0
710,306,726,87,75,16,71-80,11-20,0,1,0
710,726,994,87,75,16,71-80,11-20,0,1,0
710,726,1121,87,75,16,71-80,11-20,0,1,0
710,726,1194,87,75,16,71-80,11-20,0,1,0
710,726,1286,87,75,16,71-80,11-20,0,1,0
711,488,740,76,75,5,71-80,3-5,0,1,0
711,740,1038,76,80,5,71-80,3-5,0,1,0
711,740,1181,76,80,5,71-80,3-5,0,1,0
712,110,1260,157,72,18,71-80,11-20,0,1,0
712,111,1260,157,72,18,71-80,11-20,0,1,0
712,1057,1260,157,100,18,96-100,11-20,1,0,0
712,1058,1260,157,100,18,96-100,11-20,0,1,0
712,1251,1260,157,75,18,71-80,11-20,1,0,0
712,1258,1260,157,77,18,71-80,11-20,1,0,0
712,1259,1260,157,77,18,71-80,11-20,1,0,0
714,301,1285,9,100,19,96-100,11-20,0,1,0
714,302,1285,9,100,19,96-100,11-20,0,1,0
714,303,1285,9,100,19,96-100,11-20,0,1,0
714,304,1285,9,100,19,96-100,11-20,0,1,0
714,747,1285,9,75,19,71-80,11-20,0,2,0
714,767,1285,9,75,19,71-80,11-20,0,2,0
714,860,1285,9,75,19,71-80,11-20,0,2,0
714,861,1285,9,75,19,71-80,11-20,0,2,0
714,1185,1285,9,75,19,71-80,11-20,0,1,0
714,1186,1285,9,75,19,71-80,11-20,0,1,0
714,327,1283,74,75,33,71-80,21+,0,1,0
714,328,1283,74,75,33,71-80,21+,0,1,0
714,329,1283,74,75,33,71-80,21+,0,1,0
714,330,1283,74,75,33,71-80,21+,0,1,0
714,332,1283,74,75,33,71-80,21+,0,1,0
714,335,1283,74,75,33,71-80,21+,0,1,0
714,718,1283,74,75,33,71-80,21+,0,1,0
714,789,1283,74,75,33,71-80,21+,0,1,0
714,1092,1283,74,75,33,71-80,21+,0,1,0
714,1093,1283,74,75,33,71-80,21+,0,1,0
714,1193,1283,74,75,33,71-80,21+,0,1,0
714,305,1286,87,75,16,71-80,11-20,0,1,0
714,306,1286,87,75,16,71-80,11-20,0,1,0
714,726,1286,87,75,16,71-80,11-20,0,1,0
714,994,1286,87,75,16,71-80,11-20,0,1,0
714,1121,1286,87,100,16,96-100,11-20,0,1,0
714,1194,1286,87,75,16,71-80,11-20,0,1,0
714,1036,1084,93,80,20,71-80,11-20,0,1,0
714,1036,1085,93,80,20,71-80,11-20,0,1,0
714,1036,1086,93,80,20,71-80,11-20,0,1,0
714,1036,1087,93,80,20,71-80,11-20,0,1,0
714,1036,1088,93,80,20,71-80,11-20,0,1,0
714,1084,1085,93,70,20,<=70,11-20,1,0,1
714,1084,1086,93,70,20,<=70,11-20,1,0,1
714,1084,1087,93,70,20,<=70,11-20,1,0,1
714,1084,1088,93,70,20,<=70,11-20,1,0,1
714,1085,1086,93,70,20,<=70,11-20,1,0,1
714,1085,1087,93,70,20,<=70,11-20,1,0,1
714,1085,1088,93,70,20,<=70,11-20,1,0,1
714,1086,1087,93,70,20,<=70,11-20,1,0,1
714,1086,1088,93,70,20,<=70,11-20,1,0,1
714,1087,1088,93,70,20,<=70,11-20,1,0,1
714,985,1294,159,70,8,<=70,6-10,1,1,0
714,985,1295,159,70,8,<=70,6-10,1,1,1
714,1294,1295,159,70,8,<=70,6-10,1,0,0
715,301,1185,9,100,19,96-100,11-20,0,1,0
715,301,1186,9,100,19,96-100,11-20,0,1,0
715,302,1185,9,100,19,96-100,11-20,0,1,0
715,302,1186,9,100,19,96-100,11-20,0,1,0
715,303,1185,9,100,19,96-100,11-20,0,1,0
715,303,1186,9,100,19,96-100,11-20,0,1,0
715,304,1185,9,100,19,96-100,11-20,0,1,0
715,304,1186,9,100,19,96-100,11-20,0,1,0
715,747,1185,9,75,19,71-80,11-20,0,2,0
715,747,1186,9,75,19,71-80,11-20,0,2,0
715,767,1185,9,75,19,71-80,11-20,0,2,0
715,767,1186,9,75,19,71-80,11-20,0,2,0
715,860,1185,9,75,19,71-80,11-20,0,2,0
715,860,1186,9,75,19,71-80,11-20,0,2,0
715,861,1185,9,75,19,71-80,11-20,0,2,0
715,861,1186,9,75,19,71-80,11-20,0,2,0
715,1185,1186,9,75,19,71-80,11-20,1,0,1
715,1185,1285,9,75,19,71-80,11-20,0,1,0
715,1186,1285,9,75,19,71-80,11-20,0,1,0
715,18,1061,78,75,24,71-80,21+,0,1,0
715,18,1180,78,75,24,71-80,21+,0,1,0
715,691,1061,78,75,24,71-80,21+,0,1,0
715,691,1180,78,75,24,71-80,21+,0,1,0
715,692,1061,78,75,24,71-80,21+,0,1,0
715,692,1180,78,75,24,71-80,21+,0,1,0
715,842,1061,78,75,24,71-80,21+,0,1,0
715,842,1180,78,75,24,71-80,21+,0,1,0
715,998,1061,78,75,24,71-80,21+,0,1,0
715,998,1180,78,75,24,71-80,21+,0,1,0
715,1010,1061,78,75,24,71-80,21+,0,1,0
715,1010,1180,78,75,24,71-80,21+,0,1,0
715,1061,1117,78,75,24,71-80,21+,0,1,0
715,1061,1118,78,75,24,71-80,21+,0,1,0
715,1061,1137,78,75,24,71-80,21+,0,1,0
715,1061,1180,78,75,24,71-80,21+,0,1,1
715,1061,1182,78,75,24,71-80,21+,0,1,0
715,1061,1288,78,75,24,71-80,21+,0,1,0
715,1117,1180,78,75,24,71-80,21+,0,1,0
715,1118,1180,78,75,24,71-80,21+,0,1,0
715,1137,1180,78,75,24,71-80,21+,0,1,0
715,1180,1182,78,75,24,71-80,21+,0,1,0
715,1180,1288,78,75,24,71-80,21+,0,1,0
716,301,1285,9,100,19,96-100,11-20,0,1,0
716,302,1285,9,100,19,96-100,11-20,0,1,0
716,303,1285,9,100,19,96-100,11-20,0,1,0
716,304,1285,9,100,19,96-100,11-20,0,1,0
716,747,1285,9,75,19,71-80,11-20,0,2,0
716,767,1285,9,75,19,71-80,11-20,0,2,0
716,860,1285,9,75,19,71-80,11-20,0,2,0
716,861,1285,9,75,19,71-80,11-20,0,2,0
716,1185,1285,9,75,19,71-80,11-20,0,1,0
716,1186,1285,9,75,19,71-80,11-20,0,1,0
716,327,1283,74,75,33,71-80,21+,0,1,0
716,328,1283,74,75,33,71-80,21+,0,1,0
716,329,1283,74,75,33,71-80,21+,0,1,0
716,330,1283,74,75,33,71-80,21+,0,1,0
716,332,1283,74,75,33,71-80,21+,0,1,0
716,335,1283,74,75,33,71-80,21+,0,1,0
716,718,1283,74,75,33,71-80,21+,0,1,0
716,789,1283,74,75,33,71-80,21+,0,1,0
716,1092,1283,74,75,33,71-80,21+,0,1,0
716,1093,1283,74,75,33,71-80,21+,0,1,0
716,1193,1283,74,75,33,71-80,21+,0,1,0
716,305,1286,87,75,16,71-80,11-20,0,1,0
716,306,1286,87,75,16,71-80,11-20,0,1,0
716,726,1286,87,75,16,71-80,11-20,0,1,0
716,994,1286,87,75,16,71-80,11-20,0,1,0
716,1121,1286,87,100,16,96-100,11-20,0,1,0
716,1194,1286,87,75,16,71-80,11-20,0,1,0
717,110,1260,157,72,18,71-80,11-20,0,1,0
717,111,1260,157,72,18,71-80,11-20,0,1,0
717,1057,1260,157,100,18,96-100,11-20,1,0,0
717,1058,1260,157,100,18,96-100,11-20,0,1,0
717,1251,1260,157,75,18,71-80,11-20,1,0,0
717,1258,1260,157,77,18,71-80,11-20,1,0,0
717,1259,1260,157,77,18,71-80,11-20,1,0,0
718,301,1285,9,100,19,96-100,11-20,0,1,0
718,302,1285,9,100,19,96-100,11-20,0,1,0
718,303,1285,9,100,19,96-100,11-20,0,1,0
718,304,1285,9,100,19,96-100,11-20,0,1,0
718,747,1285,9,75,19,71-80,11-20,0,2,0
718,767,1285,9,75,19,71-80,11-20,0,2,0
718,860,1285,9,75,19,71-80,11-20,0,2,0
718,861,1285,9,75,19,71-80,11-20,0,2,0
718,1185,1285,9,75,19,71-80,11-20,0,1,0
718,1186,1285,9,75,19,71-80,11-20,0,1,0
718,710,766,55,75,10,71-80,6-10,0,1,0
718,710,876,55,75,10,71-80,6-10,0,2,0
718,710,877,55,75,10,71-80,6-10,0,2,0
718,331,1284,75,75,7,71-80,6-10,0,1,0
718,333,1284,75,75,7,71-80,6-10,0,1,0
718,788,1284,75,100,7,96-100,6-10,0,1,0
718,305,1286,87,75,16,71-80,11-20,0,1,0
718,306,1286,87,75,16,71-80,11-20,0,1,0
718,726,1286,87,75,16,71-80,11-20,0,1,0
718,994,1286,87,75,16,71-80,11-20,0,1,0
718,1121,1286,87,100,16,96-100,11-20,0,1,0
718,1194,1286,87,75,16,71-80,11-20,0,1,0
720,301,1285,9,100,19,96-100,11-20,0,1,0
720,302,1285,9,100,19,96-100,11-20,0,1,0
720,303,1285,9,100,19,96-100,11-20,0,1,0
720,304,1285,9,100,19,96-100,11-20,0,1,0
720,747,1285,9,75,19,71-80,11-20,0,2,0
720,767,1285,9,75,19,71-80,11-20,0,2,0
720,860,1285,9,75,19,71-80,11-20,0,2,0
720,861,1285,9,75,19,71-80,11-20,0,2,0
720,1185,1285,9,75,19,71-80,11-20,0,1,0
720,1186,1285,9,75,19,71-80,11-20,0,1,0
720,327,1283,74,75,33,71-80,21+,0,1,0
720,328,1283,74,75,33,71-80,21+,0,1,0
720,329,1283,74,75,33,71-80,21+,0,1,0
720,330,1283,74,75,33,71-80,21+,0,1,0
720,332,1283,74,75,33,71-80,21+,0,1,0
720,335,1283,74,75,33,71-80,21+,0,1,0
720,718,1283,74,75,33,71-80,21+,0,1,0
720,789,1283,74,75,33,71-80,21+,0,1,0
720,1092,1283,74,75,33,71-80,21+,0,1,0
720,1093,1283,74,75,33,71-80,21+,0,1,0
720,1193,1283,74,75,33,71-80,21+,0,1,0
720,331,1284,75,75,7,71-80,6-10,0,1,0
720,333,1284,75,75,7,71-80,6-10,0,1,0
720,788,1284,75,100,7,96-100,6-10,0,1,0
720,305,1286,87,75,16,71-80,11-20,0,1,0
720,306,1286,87,75,16,71-80,11-20,0,1,0
720,726,1286,87,75,16,71-80,11-20,0,1,0
720,994,1286,87,75,16,71-80,11-20,0,1,0
720,1121,1286,87,100,16,96-100,11-20,0,1,0
720,1194,1286,87,75,16,71-80,11-20,0,1,0
721,331,1284,75,75,7,71-80,6-10,0,1,0
721,333,1284,75,75,7,71-80,6-10,0,1,0
721,788,1284,75,100,7,96-100,6-10,0,1,0
721,305,1286,87,75,16,71-80,11-20,0,1,0
721,306,1286,87,75,16,71-80,11-20,0,1,0
721,726,1286,87,75,16,71-80,11-20,0,1,0
721,994,1286,87,75,16,71-80,11-20,0,1,0
721,1121,1286,87,100,16,96-100,11-20,0,1,0
721,1194,1286,87,75,16,71-80,11-20,0,1,0
721,110,1258,157,72,18,71-80,11-20,0,1,0
721,110,1259,157,72,18,71-80,11-20,0,1,0
721,111,1258,157,72,18,71-80,11-20,0,1,0
721,111,1259,157,72,18,71-80,11-20,0,1,0
721,1057,1258,157,100,18,96-100,11-20,1,0,0
721,1057,1259,157,100,18,96-100,11-20,1,0,0
721,1058,1258,157,100,18,96-100,11-20,0,1,0
721,1058,1259,157,100,18,96-100,11-20,0,1,0
721,1251,1258,157,75,18,71-80,11-20,1,0,0
721,1251,1259,157,75,18,71-80,11-20,1,0,0
721,1258,1259,157,77,18,71-80,11-20,1,0,1
721,1258,1260,157,77,18,71-80,11-20,1,0,0
721,1259,1260,157,77,18,71-80,11-20,1,0,0
722,301,1285,9,100,19,96-100,11-20,0,1,0
722,302,1285,9,100,19,96-100,11-20,0,1,0
722,303,1285,9,100,19,96-100,11-20,0,1,0
722,304,1285,9,100,19,96-100,11-20,0,1,0
722,747,1285,9,75,19,71-80,11-20,0,2,0
722,767,1285,9,75,19,71-80,11-20,0,2,0
722,860,1285,9,75,19,71-80,11-20,0,2,0
722,861,1285,9,75,19,71-80,11-20,0,2,0
722,1185,1285,9,75,19,71-80,11-20,0,1,0
722,1186,1285,9,75,19,71-80,11-20,0,1,0
722,331,1284,75,75,7,71-80,6-10,0,1,0
722,333,1284,75,75,7,71-80,6-10,0,1,0
722,788,1284,75,100,7,96-100,6-10,0,1,0
722,305,1286,87,75,16,71-80,11-20,0,1,0
722,306,1286,87,75,16,71-80,11-20,0,1,0
722,726,1286,87,75,16,71-80,11-20,0,1,0
722,994,1286,87,75,16,71-80,11-20,0,1,0
722,1121,1286,87,100,16,96-100,11-20,0,1,0
722,1194,1286,87,75,16,71-80,11-20,0,1,0
724,301,1285,9,100,19,96-100,11-20,0,1,0
724,302,1285,9,100,19,96-100,11-20,0,1,0
724,303,1285,9,100,19,96-100,11-20,0,1,0
724,304,1285,9,100,19,96-100,11-20,0,1,0
724,747,1285,9,75,19,71-80,11-20,0,2,0
724,767,1285,9,75,19,71-80,11-20,0,2,0
724,860,1285,9,75,19,71-80,11-20,0,2,0
724,861,1285,9,75,19,71-80,11-20,0,2,0
724,1185,1285,9,75,19,71-80,11-20,0,1,0
724,1186,1285,9,75,19,71-80,11-20,0,1,0
724,327,789,74,75,33,71-80,21+,0,1,0
724,327,1283,74,75,33,71-80,21+,0,1,0
724,328,789,74,75,33,71-80,21+,0,1,0
724,328,1283,74,75,33,71-80,21+,0,1,0
724,329,789,74,75,33,71-80,21+,0,1,0
724,329,1283,74,75,33,71-80,21+,0,1,0
724,330,789,74,75,33,71-80,21+,0,1,0
724,330,1283,74,75,33,71-80,21+,0,1,0
724,332,789,74,75,33,71-80,21+,0,1,0
724,332,1283,74,75,33,71-80,21+,0,1,0
724,335,789,74,75,33,71-80,21+,0,1,0
724,335,1283,74,75,33,71-80,21+,0,1,0
724,718,789,74,75,33,71-80,21+,0,1,0
724,718,1283,74,75,33,71-80,21+,0,1,0
724,789,1092,74,75,33,71-80,21+,0,1,0
724,789,1093,74,75,33,71-80,21+,0,1,0
724,789,1193,74,75,33,71-80,21+,0,1,0
724,789,1283,74,75,33,71-80,21+,0,1,1
724,1092,1283,74,75,33,71-80,21+,0,1,0
724,1093,1283,74,75,33,71-80,21+,0,1,0
724,1193,1283,74,75,33,71-80,21+,0,1,0
724,331,788,75,75,7,71-80,6-10,0,1,0
724,331,1284,75,75,7,71-80,6-10,0,1,0
724,333,788,75,75,7,71-80,6-10,0,1,0
724,333,1284,75,75,7,71-80,6-10,0,1,0
724,788,1284,75,100,7,96-100,6-10,0,1,1
725,331,1284,75,75,7,71-80,6-10,0,1,0
725,333,1284,75,75,7,71-80,6-10,0,1,0
725,788,1284,75,100,7,96-100,6-10,0,1,0
727,174,1301,58,100,10,96-100,6-10,0,1,0
727,175,1301,58,100,10,96-100,6-10,0,1,0
727,593,1301,58,84,10,81-90,6-10,0,3,0
727,594,1301,58,84,10,81-90,6-10,0,3,0
727,595,1301,58,84,10,81-90,6-10,0,3,0
727,1300,1301,58,77,10,71-80,6-10,0,2,0
727,1302,1303,62,80,17,71-80,11-20,0,2,0
727,733,736,162,83,17,81-90,11-20,1,0,0
727,733,737,162,83,17,81-90,11-20,1,0,0
727,734,736,162,83,17,81-90,11-20,1,0,0
727,734,737,162,83,17,81-90,11-20,1,0,0
727,736,737,162,85,17,81-90,11-20,1,0,1
728,65,1135,45,100,21,96-100,21+,0,1,0
728,66,1135,45,100,21,96-100,21+,0,1,0
728,67,1135,45,100,21,96-100,21+,0,1,0
728,68,1135,45,100,21,96-100,21+,0,1,0
728,69,1135,45,100,21,96-100,21+,0,1,0
728,71,1135,45,100,21,96-100,21+,0,1,0
728,72,1135,45,100,21,96-100,21+,0,1,0
728,73,1135,45,100,21,96-100,21+,0,1,0
728,661,1135,45,100,21,96-100,21+,0,1,0
728,723,1135,45,100,21,96-100,21+,0,1,0
728,1135,1264,45,100,21,96-100,21+,0,1,0
728,710,1305,55,75,10,71-80,6-10,0,2,0
728,766,1305,55,75,10,71-80,6-10,1,2,0
728,876,1305,55,71,10,71-80,6-10,0,1,0
728,877,1305,55,71,10,71-80,6-10,0,1,0
728,327,1092,74,75,33,71-80,21+,0,1,0
728,328,1092,74,75,33,71-80,21+,0,1,0
728,329,1092,74,75,33,71-80,21+,0,1,0
728,330,1092,74,75,33,71-80,21+,0,1,0
728,332,1092,74,75,33,71-80,21+,0,1,0
728,335,1092,74,75,33,71-80,21+,0,1,0
728,718,1092,74,75,33,71-80,21+,0,1,0
728,789,1092,74,75,33,71-80,21+,0,1,0
728,1092,1093,74,75,33,71-80,21+,1,0,0
728,1092,1193,74,75,33,71-80,21+,0,1,0
728,1092,1283,74,75,33,71-80,21+,0,1,0
728,488,740,76,75,5,71-80,3-5,0,1,0
728,488,1038,76,75,5,71-80,3-5,1,0,1
728,740,1038,76,80,5,71-80,3-5,0,1,0
728,18,691,78,75,24,71-80,21+,0,1,0
728,18,692,78,75,24,71-80,21+,0,1,0
728,18,842,78,75,24,71-80,21+,0,1,0
728,18,998,78,75,24,71-80,21+,0,1,0
728,18,1010,78,75,24,71-80,21+,0,1,0
728,18,1061,78,75,24,71-80,21+,0,1,0
728,18,1117,78,75,24,71-80,21+,0,1,0
728,18,1118,78,75,24,71-80,21+,0,1,0
728,18,1137,78,75,24,71-80,21+,0,1,0
728,18,1180,78,75,24,71-80,21+,0,1,0
728,18,1182,78,75,24,71-80,21+,0,1,0
728,18,1288,78,75,24,71-80,21+,0,1,0
728,364,1138,95,75,11,71-80,11-20,0,1,0
728,1138,1139,95,75,11,71-80,11-20,0,1,0
728,1138,1142,95,75,11,71-80,11-20,1,0,0
728,1148,1149,97,80,19,71-80,11-20,1,0,1
728,1148,1151,97,80,19,71-80,11-20,1,0,1
728,1148,1152,97,80,19,71-80,11-20,1,0,0
728,1148,1154,97,80,19,71-80,11-20,1,0,1
728,1148,1155,97,80,19,71-80,11-20,1,0,0
728,1148,1156,97,80,19,71-80,11-20,1,0,1
728,1148,1157,97,80,19,71-80,11-20,1,0,1
728,1148,1158,97,80,19,71-80,11-20,1,0,0
728,1149,1151,97,80,19,71-80,11-20,1,0,1
728,1149,1152,97,80,19,71-80,11-20,1,0,0
728,1149,1154,97,80,19,71-80,11-20,1,0,1
728,1149,1155,97,80,19,71-80,11-20,1,0,0
728,1149,1156,97,80,19,71-80,11-20,1,0,1
728,1149,1157,97,80,19,71-80,11-20,1,0,1
728,1149,1158,97,80,19,71-80,11-20,1,0,0
728,1151,1152,97,80,19,71-80,11-20,1,0,0
728,1151,1154,97,80,19,71-80,11-20,1,0,1
728,1151,1155,97,80,19,71-80,11-20,1,0,0
728,1151,1156,97,80,19,71-80,11-20,1,0,1
728,1151,1157,97,80,19,71-80,11-20,1,0,1
728,1151,1158,97,80,19,71-80,11-20,1,0,0
728,1152,1154,97,80,19,71-80,11-20,1,0,0
728,1152,1156,97,80,19,71-80,11-20,1,0,0
728,1152,1157,97,80,19,71-80,11-20,1,0,0
728,1154,1155,97,80,19,71-80,11-20,1,0,0
728,1154,1156,97,80,19,71-80,11-20,1,0,1
728,1154,1157,97,80,19,71-80,11-20,1,0,1
728,1154,1158,97,80,19,71-80,11-20,1,0,0
728,1155,1156,97,80,19,71-80,11-20,1,0,0
728,1155,1157,97,80,19,71-80,11-20,1,0,0
728,1156,1157,97,80,19,71-80,11-20,1,0,1
728,1156,1158,97,80,19,71-80,11-20,1,0,0
728,1157,1158,97,80,19,71-80,11-20,1,0,0
728,1160,1161,98,76,7,71-80,6-10,1,0,0
728,1150,1162,99,83,9,81-90,6-10,1,0,0
728,1150,1163,99,83,9,81-90,6-10,1,0,1
728,1150,1164,99,83,9,81-90,6-10,1,0,1
728,1150,1165,99,83,9,81-90,6-10,1,0,1
728,1150,1166,99,83,9,81-90,6-10,1,0,0
728,1150,1199,99,83,9,81-90,6-10,0,1,0
728,1162,1163,99,83,9,81-90,6-10,1,0,0
728,1162,1164,99,83,9,81-90,6-10,1,0,0
728,1162,1165,99,83,9,81-90,6-10,1,0,0
728,1163,1164,99,83,9,81-90,6-10,1,0,1
728,1163,1165,99,83,9,81-90,6-10,1,0,1
728,1163,1166,99,83,9,81-90,6-10,1,0,0
728,1163,1199,99,83,9,81-90,6-10,0,1,0
728,1164,1165,99,83,9,81-90,6-10,1,0,1
728,1164,1166,99,83,9,81-90,6-10,1,0,0
728,1164,1199,99,83,9,81-90,6-10,0,1,0
728,1165,1166,99,83,9,81-90,6-10,1,0,0
728,1165,1199,99,83,9,81-90,6-10,0,1,0
728,1167,1168,101,80,11,71-80,11-20,1,0,1
728,1167,1169,101,80,11,71-80,11-20,1,0,1
728,1167,1170,101,80,11,71-80,11-20,1,0,1
728,1168,1169,101,80,11,71-80,11-20,1,0,1
728,1168,1170,101,80,11,71-80,11-20,1,0,1
728,1169,1170,101,80,11,71-80,11-20,1,0,1
728,190,1001,114,75,6,71-80,6-10,0,1,0
728,100,1094,147,83,10,81-90,6-10,0,1,0
728,101,1094,147,83,10,81-90,6-10,0,1,0
728,102,1094,147,83,10,81-90,6-10,0,1,0
728,1026,1094,147,83,10,81-90,6-10,0,1,0
728,1027,1094,147,83,10,81-90,6-10,0,1,0
728,1028,1094,147,83,10,81-90,6-10,0,1,0
730,168,1242,56,75,9,71-80,6-10,0,1,0
730,169,1242,56,75,9,71-80,6-10,0,1,0
730,170,1242,56,75,9,71-80,6-10,0,1,0
730,236,1242,56,75,9,71-80,6-10,0,1,0
730,1148,1158,97,80,19,71-80,11-20,1,0,0
730,1149,1158,97,80,19,71-80,11-20,1,0,0
730,1151,1158,97,80,19,71-80,11-20,1,0,0
730,1152,1158,97,80,19,71-80,11-20,1,0,0
730,1154,1158,97,80,19,71-80,11-20,1,0,0
730,1155,1158,97,80,19,71-80,11-20,1,0,0
730,1156,1158,97,80,19,71-80,11-20,1,0,0
730,1157,1158,97,80,19,71-80,11-20,1,0,0
730,1160,1161,98,76,7,71-80,6-10,1,0,0
730,1167,1168,101,80,11,71-80,11-20,1,0,1
730,1167,1169,101,80,11,71-80,11-20,1,0,1
730,1167,1170,101,80,11,71-80,11-20,1,0,0
730,1168,1169,101,80,11,71-80,11-20,1,0,1
730,1168,1170,101,80,11,71-80,11-20,1,0,0
730,1169,1170,101,80,11,71-80,11-20,1,0,0
730,1178,1179,158,75,8,71-80,6-10,0,1,0
731,301,1185,9,100,19,96-100,11-20,0,1,0
731,301,1186,9,100,19,96-100,11-20,0,1,0
731,301,1285,9,100,19,96-100,11-20,0,1,0
731,302,1185,9,100,19,96-100,11-20,0,1,0
731,302,1186,9,100,19,96-100,11-20,0,1,0
731,302,1285,9,100,19,96-100,11-20,0,1,0
731,303,1185,9,100,19,96-100,11-20,0,1,0
731,303,1186,9,100,19,96-100,11-20,0,1,0
731,303,1285,9,100,19,96-100,11-20,0,1,0
731,304,1185,9,100,19,96-100,11-20,0,1,0
731,304,1186,9,100,19,96-100,11-20,0,1,0
731,304,1285,9,100,19,96-100,11-20,0,1,0
731,747,1185,9,75,19,71-80,11-20,0,2,0
731,747,1186,9,75,19,71-80,11-20,0,2,0
731,747,1285,9,75,19,71-80,11-20,0,2,0
731,767,1185,9,75,19,71-80,11-20,0,2,0
731,767,1186,9,75,19,71-80,11-20,0,2,0
731,767,1285,9,75,19,71-80,11-20,0,2,0
731,860,1185,9,75,19,71-80,11-20,0,2,0
731,860,1186,9,75,19,71-80,11-20,0,2,0
731,860,1285,9,75,19,71-80,11-20,0,2,0
731,861,1185,9,75,19,71-80,11-20,0,2,0
731,861,1186,9,75,19,71-80,11-20,0,2,0
731,861,1285,9,75,19,71-80,11-20,0,2,0
731,1185,1186,9,75,19,71-80,11-20,1,0,1
731,1185,1285,9,75,19,71-80,11-20,0,1,1
731,1186,1285,9,75,19,71-80,11-20,0,1,1
731,174,1301,58,100,10,96-100,6-10,0,1,0
731,175,1301,58,100,10,96-100,6-10,0,1,0
731,593,1301,58,84,10,81-90,6-10,0,3,0
731,594,1301,58,84,10,81-90,6-10,0,3,0
731,595,1301,58,84,10,81-90,6-10,0,3,0
731,1300,1301,58,77,10,71-80,6-10,0,2,0
731,1123,1124,68,100,7,96-100,6-10,1,0,1
731,18,1061,78,75,24,71-80,21+,0,1,0
731,18,1117,78,75,24,71-80,21+,0,1,0
731,18,1118,78,75,24,71-80,21+,0,1,0
731,18,1182,78,75,24,71-80,21+,0,1,0
731,691,1061,78,75,24,71-80,21+,0,1,0
731,691,1117,78,75,24,71-80,21+,0,1,0
731,691,1118,78,75,24,71-80,21+,0,1,0
731,691,1182,78,75,24,71-80,21+,0,1,0
731,692,1061,78,75,24,71-80,21+,0,1,0
731,692,1117,78,75,24,71-80,21+,0,1,0
731,692,1118,78,75,24,71-80,21+,0,1,0
731,692,1182,78,75,24,71-80,21+,0,1,0
731,842,1061,78,75,24,71-80,21+,0,1,0
731,842,1117,78,75,24,71-80,21+,0,1,0
731,842,1118,78,75,24,71-80,21+,0,1,0
731,842,1182,78,75,24,71-80,21+,0,1,0
731,998,1061,78,75,24,71-80,21+,0,1,0
731,998,1117,78,75,24,71-80,21+,0,1,0
731,998,1118,78,75,24,71-80,21+,0,1,0
731,998,1182,78,75,24,71-80,21+,0,1,0
731,1010,1061,78,75,24,71-80,21+,0,1,0
731,1010,1117,78,75,24,71-80,21+,0,1,0
731,1010,1118,78,75,24,71-80,21+,0,1,0
731,1010,1182,78,75,24,71-80,21+,0,1,0
731,1061,1117,78,75,24,71-80,21+,0,1,1
731,1061,1118,78,75,24,71-80,21+,0,1,1
731,1061,1137,78,75,24,71-80,21+,0,1,0
731,1061,1180,78,75,24,71-80,21+,0,1,0
731,1061,1182,78,75,24,71-80,21+,0,1,1
731,1061,1288,78,75,24,71-80,21+,0,1,0
731,1117,1118,78,75,24,71-80,21+,1,0,1
731,1117,1137,78,75,24,71-80,21+,0,1,0
731,1117,1180,78,75,24,71-80,21+,0,1,0
731,1117,1182,78,75,24,71-80,21+,0,1,1
731,1117,1288,78,75,24,71-80,21+,0,1,0
731,1118,1137,78,75,24,71-80,21+,0,1,0
731,1118,1180,78,75,24,71-80,21+,0,1,0
731,1118,1182,78,75,24,71-80,21+,0,1,1
731,1118,1288,78,75,24,71-80,21+,0,1,0
731,1137,1182,78,75,24,71-80,21+,0,1,0
731,1180,1182,78,75,24,71-80,21+,0,1,0
731,1182,1288,78,75,24,71-80,21+,0,1,0
731,275,1268,84,80,15,71-80,11-20,0,1,0
731,275,1269,84,80,15,71-80,11-20,0,1,0
731,1268,1269,84,76,15,71-80,11-20,1,0,1
731,1119,1140,86,100,10,96-100,6-10,0,1,0
731,1119,1141,86,100,10,96-100,6-10,0,1,0
731,305,1121,87,75,16,71-80,11-20,0,1,0
731,306,1121,87,75,16,71-80,11-20,0,1,0
731,726,1121,87,75,16,71-80,11-20,0,1,0
731,994,1121,87,75,16,71-80,11-20,0,1,0
731,1121,1194,87,100,16,96-100,11-20,0,1,0
731,1121,1286,87,100,16,96-100,11-20,0,1,0
731,364,1138,95,75,11,71-80,11-20,0,1,0
731,364,1139,95,75,11,71-80,11-20,1,0,0
731,364,1142,95,75,11,71-80,11-20,0,1,0
731,1143,1144,96,100,8,96-100,6-10,1,0,0
731,1143,1145,96,100,8,96-100,6-10,1,0,0
731,1144,1145,96,100,8,96-100,6-10,1,0,1
731,1148,1149,97,80,19,71-80,11-20,1,0,0
731,1148,1156,97,80,19,71-80,11-20,1,0,0
731,1148,1157,97,80,19,71-80,11-20,1,0,0
731,1148,1158,97,80,19,71-80,11-20,1,0,0
731,1149,1151,97,80,19,71-80,11-20,1,0,0
731,1149,1152,97,80,19,71-80,11-20,1,0,0
731,1149,1154,97,80,19,71-80,11-20,1,0,0
731,1149,1155,97,80,19,71-80,11-20,1,0,0
731,1149,1156,97,80,19,71-80,11-20,1,0,1
731,1149,1157,97,80,19,71-80,11-20,1,0,1
731,1149,1158,97,80,19,71-80,11-20,1,0,1
731,1151,1156,97,80,19,71-80,11-20,1,0,0
731,1151,1157,97,80,19,71-80,11-20,1,0,0
731,1151,1158,97,80,19,71-80,11-20,1,0,0
731,1152,1156,97,80,19,71-80,11-20,1,0,0
731,1152,1157,97,80,19,71-80,11-20,1,0,0
731,1152,1158,97,80,19,71-80,11-20,1,0,0
731,1154,1156,97,80,19,71-80,11-20,1,0,0
731,1154,1157,97,80,19,71-80,11-20,1,0,0
731,1154,1158,97,80,19,71-80,11-20,1,0,0
731,1155,1156,97,80,19,71-80,11-20,1,0,0
731,1155,1157,97,80,19,71-80,11-20,1,0,0
731,1155,1158,97,80,19,71-80,11-20,1,0,0
731,1156,1157,97,80,19,71-80,11-20,1,0,1
731,1156,1158,97,80,19,71-80,11-20,1,0,1
731,1157,1158,97,80,19,71-80,11-20,1,0,1
731,1160,1161,98,76,7,71-80,6-10,1,0,0
731,1281,1298,108,83,12,81-90,11-20,0,1,0
731,1281,1299,108,83,12,81-90,11-20,0,1,0
731,1256,1257,115,88,5,81-90,3-5,0,1,1
731,1235,1236,121,75,4,71-80,3-5,1,0,0
731,1203,1204,123,80,4,71-80,3-5,0,1,1
731,1203,1205,123,80,4,71-80,3-5,0,1,1
731,1203,1206,123,80,4,71-80,3-5,1,0,1
731,1204,1205,123,80,4,71-80,3-5,1,0,1
731,1204,1206,123,80,4,71-80,3-5,0,1,1
731,1205,1206,123,80,4,71-80,3-5,0,1,1
731,1207,1208,125,75,15,71-80,11-20,0,1,1
731,1207,1209,125,75,15,71-80,11-20,0,1,1
731,1207,1210,125,75,15,71-80,11-20,1,0,1
731,1207,1211,125,75,15,71-80,11-20,0,1,1
731,1207,1212,125,75,15,71-80,11-20,1,0,1
731,1207,1213,125,75,15,71-80,11-20,0,1,1
731,1207,1214,125,75,15,71-80,11-20,1,0,1
731,1208,1209,125,75,15,71-80,11-20,1,0,1
731,1208,1210,125,75,15,71-80,11-20,0,1,1
731,1208,1211,125,75,15,71-80,11-20,1,0,1
731,1208,1212,125,75,15,71-80,11-20,0,1,1
731,1208,1213,125,75,15,71-80,11-20,1,0,1
731,1208,1214,125,75,15,71-80,11-20,0,1,1
731,1209,1210,125,75,15,71-80,11-20,0,1,1
731,1209,1211,125,75,15,71-80,11-20,1,0,1
731,1209,1212,125,75,15,71-80,11-20,0,1,1
731,1209,1213,125,75,15,71-80,11-20,1,0,1
731,1209,1214,125,75,15,71-80,11-20,0,1,1
731,1210,1211,125,75,15,71-80,11-20,0,1,1
731,1210,1212,125,75,15,71-80,11-20,1,0,1
731,1210,1213,125,75,15,71-80,11-20,0,1,1
731,1210,1214,125,75,15,71-80,11-20,1,0,1
731,1211,1212,125,75,15,71-80,11-20,0,1,1
731,1211,1213,125,75,15,71-80,11-20,1,0,1
731,1211,1214,125,75,15,71-80,11-20,0,1,1
731,1212,1213,125,75,15,71-80,11-20,0,1,1
731,1212,1214,125,75,15,71-80,11-20,1,0,1
731,1213,1214,125,75,15,71-80,11-20,0,1,1
731,76,90,130,70,10,<=70,6-10,0,1,0
731,77,90,130,70,10,<=70,6-10,0,1,0
731,78,90,130,70,10,<=70,6-10,0,1,0
731,79,90,130,70,10,<=70,6-10,1,0,0
731,80,90,130,70,10,<=70,6-10,0,1,0
731,81,90,130,70,10,<=70,6-10,0,1,0
731,90,798,130,71,10,71-80,6-10,0,1,0
731,84,85,132,70,12,<=70,11-20,0,1,1
731,84,86,132,70,12,<=70,11-20,0,1,1
731,84,87,132,70,12,<=70,11-20,0,1,1
731,84,88,132,70,12,<=70,11-20,0,1,1
731,84,89,132,70,12,<=70,11-20,0,1,1
731,84,695,132,70,12,<=70,11-20,0,1,1
731,84,803,132,70,12,<=70,11-20,0,1,1
731,85,86,132,70,12,<=70,11-20,0,1,1
731,85,87,132,70,12,<=70,11-20,0,1,1
731,85,88,132,70,12,<=70,11-20,0,1,1
731,85,89,132,70,12,<=70,11-20,0,1,1
731,85,695,132,70,12,<=70,11-20,0,1,1
731,85,803,132,70,12,<=70,11-20,0,1,1
731,86,87,132,70,12,<=70,11-20,0,1,1
731,86,88,132,70,12,<=70,11-20,0,1,1
731,86,89,132,70,12,<=70,11-20,0,1,1
731,86,695,132,70,12,<=70,11-20,0,1,1
731,86,803,132,70,12,<=70,11-20,0,1,1
731,87,88,132,70,12,<=70,11-20,0,1,1
731,87,89,132,70,12,<=70,11-20,0,1,1
731,87,695,132,70,12,<=70,11-20,0,1,1
731,87,803,132,70,12,<=70,11-20,0,1,1
731,88,89,132,70,12,<=70,11-20,0,1,1
731,88,695,132,70,12,<=70,11-20,0,1,1
731,88,803,132,70,12,<=70,11-20,0,1,1
731,89,695,132,70,12,<=70,11-20,0,1,1
731,89,803,132,70,12,<=70,11-20,0,1,1
731,695,803,132,70,12,<=70,11-20,0,1,1
731,96,1019,134,100,8,96-100,6-10,0,1,0
731,97,1019,134,100,8,96-100,6-10,0,1,0
731,817,845,136,70,9,<=70,6-10,0,1,1
731,817,846,136,70,9,<=70,6-10,0,1,1
731,817,847,136,70,9,<=70,6-10,0,1,1
731,817,848,136,70,9,<=70,6-10,0,1,1
731,817,859,136,70,9,<=70,6-10,0,1,1
731,817,1018,136,70,9,<=70,6-10,0,1,1
731,845,846,136,70,9,<=70,6-10,0,1,1
731,845,847,136,70,9,<=70,6-10,0,1,1
731,845,848,136,70,9,<=70,6-10,0,1,1
731,845,859,136,70,9,<=70,6-10,0,1,1
731,845,1018,136,70,9,<=70,6-10,0,1,1
731,846,847,136,70,9,<=70,6-10,0,1,1
731,846,848,136,70,9,<=70,6-10,0,1,1
731,846,859,136,70,9,<=70,6-10,0,1,1
731,846,1018,136,70,9,<=70,6-10,0,1,1
731,847,848,136,70,9,<=70,6-10,0,1,1
731,847,859,136,70,9,<=70,6-10,0,1,1
731,847,1018,136,70,9,<=70,6-10,0,1,1
731,848,859,136,70,9,<=70,6-10,0,1,1
731,848,1018,136,70,9,<=70,6-10,0,1,1
731,859,1018,136,70,9,<=70,6-10,0,1,1
731,241,1153,138,83,4,81-90,3-5,0,1,0
731,242,1153,138,83,4,81-90,3-5,0,1,0
731,243,1153,138,83,4,81-90,3-5,0,1,0
731,1274,1275,152,100,16,96-100,11-20,1,0,1
731,1274,1276,152,100,16,96-100,11-20,1,0,1
731,1275,1276,152,100,16,96-100,11-20,1,0,1
731,1178,1179,158,75,8,71-80,6-10,0,1,0
731,1129,1130,181,80,2,71-80,2 (pair),1,0,1
731,1131,1132,182,85,2,81-90,2 (pair),1,0,1
731,1133,1134,183,78,4,71-80,3-5,1,0,1
735,110,1251,157,72,18,71-80,11-20,0,1,0
735,110,1260,157,72,18,71-80,11-20,0,1,0
735,111,1251,157,72,18,71-80,11-20,0,1,0
735,111,1260,157,72,18,71-80,11-20,0,1,0
735,1057,1251,157,100,18,96-100,11-20,1,0,0
735,1057,1260,157,100,18,96-100,11-20,1,0,0
735,1058,1251,157,100,18,96-100,11-20,0,1,0
735,1058,1260,157,100,18,96-100,11-20,0,1,0
735,1251,1258,157,75,18,71-80,11-20,1,0,0
735,1251,1259,157,75,18,71-80,11-20,1,0,0
735,1251,1260,157,75,18,71-80,11-20,1,0,1
735,1258,1260,157,77,18,71-80,11-20,1,0,0
735,1259,1260,157,77,18,71-80,11-20,1,0,0
736,301,1285,9,100,19,96-100,11-20,0,1,0
736,302,1285,9,100,19,96-100,11-20,0,1,0
736,303,1285,9,100,19,96-100,11-20,0,1,0
736,304,1285,9,100,19,96-100,11-20,0,1,0
736,747,1285,9,75,19,71-80,11-20,0,2,0
736,767,1285,9,75,19,71-80,11-20,0,2,0
736,860,1285,9,75,19,71-80,11-20,0,2,0
736,861,1285,9,75,19,71-80,11-20,0,2,0
736,1185,1285,9,75,19,71-80,11-20,0,1,0
736,1186,1285,9,75,19,71-80,11-20,0,1,0
736,327,1283,74,75,33,71-80,21+,0,1,0
736,328,1283,74,75,33,71-80,21+,0,1,0
736,329,1283,74,75,33,71-80,21+,0,1,0
736,330,1283,74,75,33,71-80,21+,0,1,0
736,332,1283,74,75,33,71-80,21+,0,1,0
736,335,1283,74,75,33,71-80,21+,0,1,0
736,718,1283,74,75,33,71-80,21+,0,1,0
736,789,1283,74,75,33,71-80,21+,0,1,0
736,1092,1283,74,75,33,71-80,21+,0,1,0
736,1093,1283,74,75,33,71-80,21+,0,1,0
736,1193,1283,74,75,33,71-80,21+,0,1,0
736,331,1284,75,75,7,71-80,6-10,0,1,0
736,333,1284,75,75,7,71-80,6-10,0,1,0
736,788,1284,75,100,7,96-100,6-10,0,1,0
736,305,1286,87,75,16,71-80,11-20,0,1,0
736,306,1286,87,75,16,71-80,11-20,0,1,0
736,726,1286,87,75,16,71-80,11-20,0,1,0
736,994,1286,87,75,16,71-80,11-20,0,1,0
736,1121,1286,87,100,16,96-100,11-20,0,1,0
736,1194,1286,87,75,16,71-80,11-20,0,1,0
736,110,1251,157,72,18,71-80,11-20,0,1,0
736,110,1260,157,72,18,71-80,11-20,0,1,0
736,111,1251,157,72,18,71-80,11-20,0,1,0
736,111,1260,157,72,18,71-80,11-20,0,1,0
736,1057,1251,157,100,18,96-100,11-20,1,0,0
736,1057,1260,157,100,18,96-100,11-20,1,0,0
736,1058,1251,157,100,18,96-100,11-20,0,1,0
736,1058,1260,157,100,18,96-100,11-20,0,1,0
736,1251,1258,157,75,18,71-80,11-20,1,0,0
736,1251,1259,157,75,18,71-80,11-20,1,0,0
736,1251,1260,157,75,18,71-80,11-20,1,0,1
736,1258,1260,157,77,18,71-80,11-20,1,0,0
736,1259,1260,157,77,18,71-80,11-20,1,0,0
738,301,1285,9,100,19,96-100,11-20,0,1,0
738,302,1285,9,100,19,96-100,11-20,0,1,0
738,303,1285,9,100,19,96-100,11-20,0,1,0
738,304,1285,9,100,19,96-100,11-20,0,1,0
738,747,1285,9,75,19,71-80,11-20,0,2,0
738,767,1285,9,75,19,71-80,11-20,0,2,0
738,860,1285,9,75,19,71-80,11-20,0,2,0
738,861,1285,9,75,19,71-80,11-20,0,2,0
738,1185,1285,9,75,19,71-80,11-20,0,1,0
738,1186,1285,9,75,19,71-80,11-20,0,1,0
738,65,1135,45,100,21,96-100,21+,0,1,0
738,66,1135,45,100,21,96-100,21+,0,1,0
738,67,1135,45,100,21,96-100,21+,0,1,0
738,68,1135,45,100,21,96-100,21+,0,1,0
738,69,1135,45,100,21,96-100,21+,0,1,0
738,71,1135,45,100,21,96-100,21+,0,1,0
738,72,1135,45,100,21,96-100,21+,0,1,0
738,73,1135,45,100,21,96-100,21+,0,1,0
738,661,1135,45,100,21,96-100,21+,0,1,0
738,723,1135,45,100,21,96-100,21+,0,1,0
738,1135,1264,45,100,21,96-100,21+,0,1,0
738,331,1284,75,75,7,71-80,6-10,0,1,0
738,333,1284,75,75,7,71-80,6-10,0,1,0
738,788,1284,75,100,7,96-100,6-10,0,1,0
738,364,1138,95,75,11,71-80,11-20,0,1,0
738,1138,1139,95,75,11,71-80,11-20,0,1,0
738,1138,1142,95,75,11,71-80,11-20,1,0,0
738,1148,1149,97,80,19,71-80,11-20,1,0,1
738,1148,1151,97,80,19,71-80,11-20,1,0,0
738,1148,1152,97,80,19,71-80,11-20,1,0,1
738,1148,1154,97,80,19,71-80,11-20,1,0,1
738,1148,1155,97,80,19,71-80,11-20,1,0,1
738,1148,1156,97,80,19,71-80,11-20,1,0,1
738,1148,1157,97,80,19,71-80,11-20,1,0,1
738,1148,1158,97,80,19,71-80,11-20,1,0,1
738,1149,1151,97,80,19,71-80,11-20,1,0,0
738,1149,1152,97,80,19,71-80,11-20,1,0,1
738,1149,1154,97,80,19,71-80,11-20,1,0,1
738,1149,1155,97,80,19,71-80,11-20,1,0,1
738,1149,1156,97,80,19,71-80,11-20,1,0,1
738,1149,1157,97,80,19,71-80,11-20,1,0,1
738,1149,1158,97,80,19,71-80,11-20,1,0,1
738,1151,1152,97,80,19,71-80,11-20,1,0,0
738,1151,1154,97,80,19,71-80,11-20,1,0,0
738,1151,1155,97,80,19,71-80,11-20,1,0,0
738,1151,1156,97,80,19,71-80,11-20,1,0,0
738,1151,1157,97,80,19,71-80,11-20,1,0,0
738,1151,1158,97,80,19,71-80,11-20,1,0,0
738,1152,1154,97,80,19,71-80,11-20,1,0,1
738,1152,1155,97,80,19,71-80,11-20,1,0,1
738,1152,1156,97,80,19,71-80,11-20,1,0,1
738,1152,1157,97,80,19,71-80,11-20,1,0,1
738,1152,1158,97,80,19,71-80,11-20,1,0,1
738,1154,1155,97,80,19,71-80,11-20,1,0,1
738,1154,1156,97,80,19,71-80,11-20,1,0,1
738,1154,1157,97,80,19,71-80,11-20,1,0,1
738,1154,1158,97,80,19,71-80,11-20,1,0,1
738,1155,1156,97,80,19,71-80,11-20,1,0,1
738,1155,1157,97,80,19,71-80,11-20,1,0,1
738,1155,1158,97,80,19,71-80,11-20,1,0,1
738,1156,1157,97,80,19,71-80,11-20,1,0,1
738,1156,1158,97,80,19,71-80,11-20,1,0,1
738,1157,1158,97,80,19,71-80,11-20,1,0,1
738,1150,1162,99,83,9,81-90,6-10,1,0,0
738,1150,1163,99,83,9,81-90,6-10,1,0,0
738,1162,1163,99,83,9,81-90,6-10,1,0,1
738,1162,1164,99,83,9,81-90,6-10,1,0,0
738,1162,1165,99,83,9,81-90,6-10,1,0,0
738,1162,1166,99,83,9,81-90,6-10,1,0,0
738,1162,1199,99,83,9,81-90,6-10,0,1,0
738,1163,1164,99,83,9,81-90,6-10,1,0,0
738,1163,1165,99,83,9,81-90,6-10,1,0,0
738,1163,1166,99,83,9,81-90,6-10,1,0,0
738,1163,1199,99,83,9,81-90,6-10,0,1,0
738,1167,1168,101,80,11,71-80,11-20,1,0,1
738,1167,1169,101,80,11,71-80,11-20,1,0,1
738,1167,1170,101,80,11,71-80,11-20,1,0,1
738,1168,1169,101,80,11,71-80,11-20,1,0,1
738,1168,1170,101,80,11,71-80,11-20,1,0,1
738,1169,1170,101,80,11,71-80,11-20,1,0,1
738,241,1153,138,83,4,81-90,3-5,0,1,0
738,242,1153,138,83,4,81-90,3-5,0,1,0
738,243,1153,138,83,4,81-90,3-5,0,1,0
739,903,1111,10,75,6,71-80,6-10,0,4,0
739,904,1111,10,75,6,71-80,6-10,0,4,0
739,710,766,55,75,10,71-80,6-10,0,1,0
739,710,876,55,75,10,71-80,6-10,0,2,0
739,710,877,55,75,10,71-80,6-10,0,2,0
739,710,1305,55,75,10,71-80,6-10,0,2,0
739,168,169,56,75,9,71-80,6-10,1,0,0
739,168,236,56,75,9,71-80,6-10,0,1,0
739,168,1242,56,75,9,71-80,6-10,0,1,0
739,169,170,56,75,9,71-80,6-10,0,1,0
739,169,236,56,75,9,71-80,6-10,0,1,1
739,169,1242,56,75,9,71-80,6-10,0,1,1
739,170,236,56,75,9,71-80,6-10,0,1,0
739,170,1242,56,75,9,71-80,6-10,0,1,0
739,236,1242,56,75,9,71-80,6-10,0,1,1
739,999,1000,67,100,6,96-100,6-10,1,0,1
739,1125,1126,69,83,3,81-90,3-5,1,0,1
739,269,270,80,80,12,71-80,11-20,1,0,0
739,276,1230,83,75,10,71-80,6-10,0,1,1
739,276,1232,83,75,10,71-80,6-10,0,1,1
739,1230,1232,83,100,10,96-100,6-10,1,0,1
739,275,1268,84,80,15,71-80,11-20,0,1,0
739,275,1269,84,80,15,71-80,11-20,0,1,0
740,301,1285,9,100,19,96-100,11-20,0,1,0
740,302,1285,9,100,19,96-100,11-20,0,1,0
740,303,1285,9,100,19,96-100,11-20,0,1,0
740,304,1285,9,100,19,96-100,11-20,0,1,0
740,747,1285,9,75,19,71-80,11-20,0,2,0
740,767,1285,9,75,19,71-80,11-20,0,2,0
740,860,1285,9,75,19,71-80,11-20,0,2,0
740,861,1285,9,75,19,71-80,11-20,0,2,0
740,1185,1285,9,75,19,71-80,11-20,0,1,0
740,1186,1285,9,75,19,71-80,11-20,0,1,0
740,959,1307,34,75,8,71-80,6-10,0,4,0
740,959,1309,34,75,8,71-80,6-10,0,4,0
740,960,1307,34,75,8,71-80,6-10,0,4,0
740,960,1309,34,75,8,71-80,6-10,0,4,0
740,1306,1307,34,75,8,71-80,6-10,0,1,0
740,1306,1309,34,75,8,71-80,6-10,0,1,0
740,1307,1308,34,75,8,71-80,6-10,1,0,0
740,1307,1309,34,75,8,71-80,6-10,1,0,1
740,1308,1309,34,75,8,71-80,6-10,1,0,0
740,963,1312,37,76,15,71-80,11-20,0,4,0
740,963,1315,37,76,15,71-80,11-20,0,4,0
740,963,1316,37,76,15,71-80,11-20,0,4,0
740,963,1317,37,76,15,71-80,11-20,0,4,0
740,964,1312,37,76,15,71-80,11-20,0,4,0
740,964,1315,37,76,15,71-80,11-20,0,4,0
740,964,1316,37,76,15,71-80,11-20,0,4,0
740,964,1317,37,76,15,71-80,11-20,0,4,0
740,965,1312,37,76,15,71-80,11-20,0,4,0
740,965,1315,37,76,15,71-80,11-20,0,4,0
740,965,1316,37,76,15,71-80,11-20,0,4,0
740,965,1317,37,76,15,71-80,11-20,0,4,0
740,968,1312,37,75,15,71-80,11-20,0,2,0
740,968,1315,37,75,15,71-80,11-20,0,2,0
740,968,1316,37,75,15,71-80,11-20,0,2,0
740,968,1317,37,75,15,71-80,11-20,0,2,0
740,1312,1314,37,75,15,71-80,11-20,1,0,0
740,1312,1315,37,75,15,71-80,11-20,1,0,1
740,1312,1316,37,75,15,71-80,11-20,1,0,1
740,1312,1317,37,75,15,71-80,11-20,1,0,1
740,1314,1315,37,75,15,71-80,11-20,1,0,0
740,1314,1316,37,75,15,71-80,11-20,1,0,0
740,1314,1317,37,75,15,71-80,11-20,1,0,0
740,1315,1316,37,75,15,71-80,11-20,1,0,1
740,1315,1317,37,75,15,71-80,11-20,1,0,1
740,1316,1317,37,75,15,71-80,11-20,1,0,1
740,138,1310,51,83,15,81-90,11-20,0,1,0
740,142,1310,51,83,15,81-90,11-20,0,1,0
740,227,1313,72,71,7,71-80,6-10,0,1,0
740,228,1313,72,71,7,71-80,6-10,0,1,0
740,327,1283,74,75,33,71-80,21+,0,1,0
740,328,1283,74,75,33,71-80,21+,0,1,0
740,329,1283,74,75,33,71-80,21+,0,1,0
740,330,1283,74,75,33,71-80,21+,0,1,0
740,332,1283,74,75,33,71-80,21+,0,1,0
740,335,1283,74,75,33,71-80,21+,0,1,0
740,718,1283,74,75,33,71-80,21+,0,1,0
740,789,1283,74,75,33,71-80,21+,0,1,0
740,1092,1283,74,75,33,71-80,21+,0,1,0
740,1093,1283,74,75,33,71-80,21+,0,1,0
740,1193,1283,74,75,33,71-80,21+,0,1,0
740,275,1311,84,80,15,71-80,11-20,0,1,0
740,1268,1311,84,76,15,71-80,11-20,0,1,0
740,1269,1311,84,76,15,71-80,11-20,0,1,0
740,305,1286,87,75,16,71-80,11-20,0,1,0
740,306,1286,87,75,16,71-80,11-20,0,1,0
740,726,1286,87,75,16,71-80,11-20,0,1,0
740,994,1286,87,75,16,71-80,11-20,0,1,0
740,1121,1286,87,100,16,96-100,11-20,0,1,0
740,1194,1286,87,75,16,71-80,11-20,0,1,0
742,301,1285,9,100,19,96-100,11-20,0,1,0
742,302,1285,9,100,19,96-100,11-20,0,1,0
742,303,1285,9,100,19,96-100,11-20,0,1,0
742,304,1285,9,100,19,96-100,11-20,0,1,0
742,747,1285,9,75,19,71-80,11-20,0,2,0
742,767,1285,9,75,19,71-80,11-20,0,2,0
742,860,1285,9,75,19,71-80,11-20,0,2,0
742,861,1285,9,75,19,71-80,11-20,0,2,0
742,1185,1285,9,75,19,71-80,11-20,0,1,0
742,1186,1285,9,75,19,71-80,11-20,0,1,0
742,959,1307,34,75,8,71-80,6-10,0,4,0
742,959,1308,34,75,8,71-80,6-10,0,4,0
742,959,1309,34,75,8,71-80,6-10,0,4,0
742,960,1307,34,75,8,71-80,6-10,0,4,0
742,960,1308,34,75,8,71-80,6-10,0,4,0
742,960,1309,34,75,8,71-80,6-10,0,4,0
742,1306,1307,34,75,8,71-80,6-10,0,1,0
742,1306,1308,34,75,8,71-80,6-10,0,1,0
742,1306,1309,34,75,8,71-80,6-10,0,1,0
742,1307,1308,34,75,8,71-80,6-10,1,0,1
742,1307,1309,34,75,8,71-80,6-10,1,0,1
742,1308,1309,34,75,8,71-80,6-10,1,0,1
742,963,1312,37,76,15,71-80,11-20,0,4,0
742,963,1314,37,76,15,71-80,11-20,0,4,0
742,963,1316,37,76,15,71-80,11-20,0,4,0
742,963,1317,37,76,15,71-80,11-20,0,4,0
742,964,1312,37,76,15,71-80,11-20,0,4,0
742,964,1314,37,76,15,71-80,11-20,0,4,0
742,964,1316,37,76,15,71-80,11-20,0,4,0
742,964,1317,37,76,15,71-80,11-20,0,4,0
742,965,1312,37,76,15,71-80,11-20,0,4,0
742,965,1314,37,76,15,71-80,11-20,0,4,0
742,965,1316,37,76,15,71-80,11-20,0,4,0
742,965,1317,37,76,15,71-80,11-20,0,4,0
742,968,1312,37,75,15,71-80,11-20,0,2,0
742,968,1314,37,75,15,71-80,11-20,0,2,0
742,968,1316,37,75,15,71-80,11-20,0,2,0
742,968,1317,37,75,15,71-80,11-20,0,2,0
742,1312,1314,37,75,15,71-80,11-20,1,0,1
742,1312,1315,37,75,15,71-80,11-20,1,0,0
742,1312,1316,37,75,15,71-80,11-20,1,0,1
742,1312,1317,37,75,15,71-80,11-20,1,0,1
742,1314,1315,37,75,15,71-80,11-20,1,0,0
742,1314,1316,37,75,15,71-80,11-20,1,0,1
742,1314,1317,37,75,15,71-80,11-20,1,0,1
742,1315,1316,37,75,15,71-80,11-20,1,0,0
742,1315,1317,37,75,15,71-80,11-20,1,0,0
742,1316,1317,37,75,15,71-80,11-20,1,0,1
742,138,1310,51,83,15,81-90,11-20,0,1,0
742,142,1310,51,83,15,81-90,11-20,0,1,0
742,1302,1303,62,80,17,71-80,11-20,0,2,0
742,999,1000,67,100,6,96-100,6-10,1,0,1
742,227,1313,72,71,7,71-80,6-10,0,1,0
742,228,1313,72,71,7,71-80,6-10,0,1,0
742,331,1284,75,75,7,71-80,6-10,0,1,0
742,333,1284,75,75,7,71-80,6-10,0,1,0
742,788,1284,75,100,7,96-100,6-10,0,1,0
742,275,1311,84,80,15,71-80,11-20,0,1,0
742,1268,1311,84,76,15,71-80,11-20,0,1,0
742,1269,1311,84,76,15,71-80,11-20,0,1,0
742,305,1286,87,75,16,71-80,11-20,0,1,0
742,306,1286,87,75,16,71-80,11-20,0,1,0
742,726,1286,87,75,16,71-80,11-20,0,1,0
742,994,1286,87,75,16,71-80,11-20,0,1,0
742,1121,1286,87,100,16,96-100,11-20,0,1,0
742,1194,1286,87,75,16,71-80,11-20,0,1,0
742,731,732,160,100,10,96-100,6-10,1,0,1
742,731,739,160,100,10,96-100,6-10,1,0,1
742,732,739,160,100,10,96-100,6-10,1,0,1
742,729,1183,161,75,16,71-80,11-20,0,1,0
742,729,1184,161,75,16,71-80,11-20,0,1,0
742,736,737,162,85,17,81-90,11-20,1,0,0
745,1262,1292,156,71,9,71-80,6-10,0,1,0
745,1262,1293,156,71,9,71-80,6-10,0,1,0
745,110,1251,157,72,18,71-80,11-20,0,1,0
745,110,1258,157,72,18,71-80,11-20,0,1,0
745,110,1260,157,72,18,71-80,11-20,0,1,0
745,111,1251,157,72,18,71-80,11-20,0,1,0
745,111,1258,157,72,18,71-80,11-20,0,1,0
745,111,1260,157,72,18,71-80,11-20,0,1,0
745,1057,1251,157,100,18,96-100,11-20,1,0,0
745,1057,1258,157,100,18,96-100,11-20,1,0,0
745,1057,1260,157,100,18,96-100,11-20,1,0,0
745,1058,1251,157,100,18,96-100,11-20,0,1,0
745,1058,1258,157,100,18,96-100,11-20,0,1,0
745,1058,1260,157,100,18,96-100,11-20,0,1,0
745,1251,1258,157,75,18,71-80,11-20,1,0,1
745,1251,1259,157,75,18,71-80,11-20,1,0,0
745,1251,1260,157,75,18,71-80,11-20,1,0,1
745,1258,1259,157,77,18,71-80,11-20,1,0,0
745,1258,1260,157,77,18,71-80,11-20,1,0,1
745,1259,1260,157,77,18,71-80,11-20,1,0,0
748,710,1305,55,75,10,71-80,6-10,0,2,0
748,766,1305,55,75,10,71-80,6-10,1,2,0
748,876,1305,55,71,10,71-80,6-10,0,1,0
748,877,1305,55,71,10,71-80,6-10,0,1,0
748,327,789,74,75,33,71-80,21+,0,1,0
748,328,789,74,75,33,71-80,21+,0,1,0
748,329,789,74,75,33,71-80,21+,0,1,0
748,330,789,74,75,33,71-80,21+,0,1,0
748,332,789,74,75,33,71-80,21+,0,1,0
748,335,789,74,75,33,71-80,21+,0,1,0
748,718,789,74,75,33,71-80,21+,0,1,0
748,789,1092,74,75,33,71-80,21+,0,1,0
748,789,1093,74,75,33,71-80,21+,0,1,0
748,789,1193,74,75,33,71-80,21+,0,1,0
748,789,1283,74,75,33,71-80,21+,0,1,0
748,331,788,75,75,7,71-80,6-10,0,1,0
748,333,788,75,75,7,71-80,6-10,0,1,0
748,788,1284,75,100,7,96-100,6-10,0,1,0
749,1167,1168,101,80,11,71-80,11-20,1,0,1
749,1167,1169,101,80,11,71-80,11-20,1,0,1
749,1167,1170,101,80,11,71-80,11-20,1,0,1
749,1168,1169,101,80,11,71-80,11-20,1,0,1
749,1168,1170,101,80,11,71-80,11-20,1,0,1
749,1169,1170,101,80,11,71-80,11-20,1,0,1
750,1068,1069,150,75,11,71-80,11-20,0,1,0
750,1069,1319,150,75,11,71-80,11-20,0,1,0
750,1069,1320,150,75,11,71-80,11-20,0,1,0
754,710,766,55,75,10,71-80,6-10,0,1,0
754,710,876,55,75,10,71-80,6-10,0,2,0
754,710,877,55,75,10,71-80,6-10,0,2,0
754,710,1305,55,75,10,71-80,6-10,0,2,0
754,596,1325,59,80,7,71-80,6-10,0,3,0
754,597,1325,59,80,7,71-80,6-10,0,3,0
754,598,1325,59,80,7,71-80,6-10,0,3,0
754,999,1000,67,100,6,96-100,6-10,1,0,1
754,524,1289,81,75,15,71-80,11-20,0,1,0
754,1034,1289,81,75,15,71-80,11-20,0,1,0
754,1290,1291,155,91,7,91-95,6-10,0,1,1
754,1262,1292,156,71,9,71-80,6-10,0,1,1
754,1262,1293,156,71,9,71-80,6-10,0,1,1
754,1292,1293,156,71,9,71-80,6-10,0,1,1
754,110,1057,157,72,18,71-80,11-20,0,1,0
754,110,1251,157,72,18,71-80,11-20,0,1,0
754,110,1258,157,72,18,71-80,11-20,0,1,0
754,110,1259,157,72,18,71-80,11-20,0,1,0
754,110,1260,157,72,18,71-80,11-20,0,1,0
754,111,1057,157,72,18,71-80,11-20,0,1,0
754,111,1251,157,72,18,71-80,11-20,0,1,0
754,111,1258,157,72,18,71-80,11-20,0,1,0
754,111,1259,157,72,18,71-80,11-20,0,1,0
754,111,1260,157,72,18,71-80,11-20,0,1,0
754,1057,1058,157,100,18,96-100,11-20,0,1,0
754,1057,1251,157,100,18,96-100,11-20,1,0,1
754,1057,1258,157,100,18,96-100,11-20,1,0,1
754,1057,1259,157,100,18,96-100,11-20,1,0,1
754,1057,1260,157,100,18,96-100,11-20,1,0,1
754,1058,1251,157,100,18,96-100,11-20,0,1,0
754,1058,1258,157,100,18,96-100,11-20,0,1,0
754,1058,1259,157,100,18,96-100,11-20,0,1,0
754,1058,1260,157,100,18,96-100,11-20,0,1,0
754,1251,1258,157,75,18,71-80,11-20,1,0,1
754,1251,1259,157,75,18,71-80,11-20,1,0,1
754,1251,1260,157,75,18,71-80,11-20,1,0,1
754,1258,1259,157,77,18,71-80,11-20,1,0,1
754,1258,1260,157,77,18,71-80,11-20,1,0,1
754,1259,1260,157,77,18,71-80,11-20,1,0,1
756,596,1325,59,80,7,71-80,6-10,0,3,0
756,597,1325,59,80,7,71-80,6-10,0,3,0
756,598,1325,59,80,7,71-80,6-10,0,3,0
756,110,1258,157,72,18,71-80,11-20,0,1,0
756,110,1259,157,72,18,71-80,11-20,0,1,0
756,111,1258,157,72,18,71-80,11-20,0,1,0
756,111,1259,157,72,18,71-80,11-20,0,1,0
756,1057,1258,157,100,18,96-100,11-20,1,0,0
756,1057,1259,157,100,18,96-100,11-20,1,0,0
756,1058,1258,157,100,18,96-100,11-20,0,1,0
756,1058,1259,157,100,18,96-100,11-20,0,1,0
756,1251,1258,157,75,18,71-80,11-20,1,0,0
756,1251,1259,157,75,18,71-80,11-20,1,0,0
756,1258,1259,157,77,18,71-80,11-20,1,0,1
756,1258,1260,157,77,18,71-80,11-20,1,0,0
756,1259,1260,157,77,18,71-80,11-20,1,0,0
757,488,740,76,75,5,71-80,3-5,0,1,0
757,488,1038,76,75,5,71-80,3-5,1,0,0
757,110,1260,157,72,18,71-80,11-20,0,1,0
757,111,1260,157,72,18,71-80,11-20,0,1,0
757,1057,1260,157,100,18,96-100,11-20,1,0,0
757,1058,1260,157,100,18,96-100,11-20,0,1,0
757,1251,1260,157,75,18,71-80,11-20,1,0,0
757,1258,1260,157,77,18,71-80,11-20,1,0,0
757,1259,1260,157,77,18,71-80,11-20,1,0,0
758,301,1285,9,100,19,96-100,11-20,0,1,0
758,302,1285,9,100,19,96-100,11-20,0,1,0
758,303,1285,9,100,19,96-100,11-20,0,1,0
758,304,1285,9,100,19,96-100,11-20,0,1,0
758,747,1285,9,75,19,71-80,11-20,0,2,0
758,767,1285,9,75,19,71-80,11-20,0,2,0
758,860,1285,9,75,19,71-80,11-20,0,2,0
758,861,1285,9,75,19,71-80,11-20,0,2,0
758,710,766,55,75,10,71-80,6-10,0,1,0
758,710,876,55,75,10,71-80,6-10,0,2,0
758,710,877,55,75,10,71-80,6-10,0,2,0
758,710,1305,55,75,10,71-80,6-10,0,2,0
758,596,1325,59,80,7,71-80,6-10,0,3,0
758,597,1325,59,80,7,71-80,6-10,0,3,0
758,598,1325,59,80,7,71-80,6-10,0,3,0
758,999,1000,67,100,6,96-100,6-10,1,0,1
758,327,1283,74,75,33,71-80,21+,0,1,0
758,328,1283,74,75,33,71-80,21+,0,1,0
758,329,1283,74,75,33,71-80,21+,0,1,0
758,330,1283,74,75,33,71-80,21+,0,1,0
758,332,1283,74,75,33,71-80,21+,0,1,0
758,335,1283,74,75,33,71-80,21+,0,1,0
758,718,1283,74,75,33,71-80,21+,0,1,0
758,789,1283,74,75,33,71-80,21+,0,1,0
758,1092,1283,74,75,33,71-80,21+,0,1,0
758,1093,1283,74,75,33,71-80,21+,0,1,0
758,1193,1283,74,75,33,71-80,21+,0,1,0
758,331,1284,75,75,7,71-80,6-10,0,1,0
758,333,1284,75,75,7,71-80,6-10,0,1,0
758,788,1284,75,100,7,96-100,6-10,0,1,0
758,18,1180,78,75,24,71-80,21+,0,1,0
758,691,1180,78,75,24,71-80,21+,0,1,0
758,692,1180,78,75,24,71-80,21+,0,1,0
758,842,1180,78,75,24,71-80,21+,0,1,0
758,998,1180,78,75,24,71-80,21+,0,1,0
758,1010,1180,78,75,24,71-80,21+,0,1,0
758,1061,1180,78,75,24,71-80,21+,0,1,0
758,1117,1180,78,75,24,71-80,21+,0,1,0
758,1118,1180,78,75,24,71-80,21+,0,1,0
758,1137,1180,78,75,24,71-80,21+,0,1,0
758,1180,1182,78,75,24,71-80,21+,0,1,0
758,1180,1288,78,75,24,71-80,21+,0,1,0
758,275,1311,84,80,15,71-80,11-20,0,1,0
758,1268,1311,84,76,15,71-80,11-20,0,1,0
758,1269,1311,84,76,15,71-80,11-20,0,1,0
758,1298,1299,108,88,12,81-90,11-20,0,1,1
758,1262,1292,156,71,9,71-80,6-10,0,1,0
758,1262,1293,156,71,9,71-80,6-10,0,1,0
758,110,1251,157,72,18,71-80,11-20,0,1,0
758,110,1258,157,72,18,71-80,11-20,0,1,0
758,110,1260,157,72,18,71-80,11-20,0,1,0
758,111,1251,157,72,18,71-80,11-20,0,1,0
758,111,1258,157,72,18,71-80,11-20,0,1,0
758,111,1260,157,72,18,71-80,11-20,0,1,0
758,1251,1258,157,75,18,71-80,11-20,1,0,1
758,1251,1259,157,75,18,71-80,11-20,1,0,0
758,1251,1260,157,75,18,71-80,11-20,1,0,1
758,1258,1259,157,77,18,71-80,11-20,1,0,0
758,1258,1260,157,77,18,71-80,11-20,1,0,1
758,1259,1260,157,77,18,71-80,11-20,1,0,0
761,138,1326,51,83,15,81-90,11-20,0,1,0
761,142,1326,51,83,15,81-90,11-20,0,1,0
761,1310,1326,51,75,15,71-80,11-20,0,1,0
761,1262,1292,156,71,9,71-80,6-10,0,1,0
761,1262,1293,156,71,9,71-80,6-10,0,1,0
761,1262,1328,156,71,9,71-80,6-10,1,1,1
761,1292,1328,156,71,9,71-80,6-10,0,1,0
761,1293,1328,156,71,9,71-80,6-10,0,1,0
761,110,1251,157,72,18,71-80,11-20,0,1,0
761,110,1258,157,72,18,71-80,11-20,0,1,0
761,110,1259,157,72,18,71-80,11-20,0,1,0
761,110,1260,157,72,18,71-80,11-20,0,1,0
761,110,1327,157,72,18,71-80,11-20,0,1,0
761,110,1329,157,72,18,71-80,11-20,0,1,0
761,110,1330,157,72,18,71-80,11-20,0,1,0
761,111,1251,157,72,18,71-80,11-20,0,1,0
761,111,1258,157,72,18,71-80,11-20,0,1,0
761,111,1259,157,72,18,71-80,11-20,0,1,0
761,111,1260,157,72,18,71-80,11-20,0,1,0
761,111,1327,157,72,18,71-80,11-20,0,1,0
761,111,1329,157,72,18,71-80,11-20,0,1,0
761,111,1330,157,72,18,71-80,11-20,0,1,0
761,1251,1258,157,75,18,71-80,11-20,1,0,1
761,1251,1259,157,75,18,71-80,11-20,1,0,1
761,1251,1260,157,75,18,71-80,11-20,1,0,1
761,1251,1327,157,75,18,71-80,11-20,1,1,1
761,1251,1329,157,75,18,71-80,11-20,1,1,1
761,1251,1330,157,75,18,71-80,11-20,1,1,1
761,1258,1259,157,77,18,71-80,11-20,1,0,1
761,1258,1260,157,77,18,71-80,11-20,1,0,1
761,1258,1327,157,77,18,71-80,11-20,1,1,1
761,1258,1329,157,77,18,71-80,11-20,1,1,1
761,1258,1330,157,77,18,71-80,11-20,1,1,1
761,1259,1260,157,77,18,71-80,11-20,1,0,1
761,1259,1327,157,77,18,71-80,11-20,1,1,1
761,1259,1329,157,77,18,71-80,11-20,1,1,1
761,1259,1330,157,77,18,71-80,11-20,1,1,1
761,1260,1327,157,75,18,71-80,11-20,1,1,1
761,1260,1329,157,75,18,71-80,11-20,1,1,1
761,1260,1330,157,75,18,71-80,11-20,1,1,1
761,1327,1329,157,75,18,71-80,11-20,1,0,1
761,1327,1330,157,75,18,71-80,11-20,1,0,1
761,1329,1330,157,75,18,71-80,11-20,1,0,1
762,1333,1334,154,100,10,96-100,6-10,0,1,1
762,1290,1335,155,91,7,91-95,6-10,0,1,0
762,1291,1335,155,91,7,91-95,6-10,0,1,0
762,1335,1336,155,100,7,96-100,6-10,0,1,1
762,1335,1339,155,100,7,96-100,6-10,0,1,1
762,1292,1337,156,71,9,71-80,6-10,0,1,0
762,1293,1337,156,71,9,71-80,6-10,0,1,0
762,1337,1338,156,100,9,96-100,6-10,0,1,1
762,1337,1341,156,100,9,96-100,6-10,0,1,1
762,110,1258,157,72,18,71-80,11-20,0,1,0
762,110,1259,157,72,18,71-80,11-20,0,1,0
762,111,1258,157,72,18,71-80,11-20,0,1,0
762,111,1259,157,72,18,71-80,11-20,0,1,0
762,1258,1259,157,77,18,71-80,11-20,1,0,1
762,1258,1348,157,77,18,71-80,11-20,0,1,1
762,1259,1348,157,77,18,71-80,11-20,0,1,1
765,301,1285,9,100,19,96-100,11-20,0,1,0
765,302,1285,9,100,19,96-100,11-20,0,1,0
765,303,1285,9,100,19,96-100,11-20,0,1,0
765,304,1285,9,100,19,96-100,11-20,0,1,0
765,747,1285,9,75,19,71-80,11-20,0,2,0
765,767,1285,9,75,19,71-80,11-20,0,2,0
765,860,1285,9,75,19,71-80,11-20,0,2,0
765,861,1285,9,75,19,71-80,11-20,0,2,0
765,959,1309,34,75,8,71-80,6-10,0,4,0
765,960,1309,34,75,8,71-80,6-10,0,4,0
765,1306,1309,34,75,8,71-80,6-10,0,1,0
765,1307,1309,34,75,8,71-80,6-10,1,0,0
765,1308,1309,34,75,8,71-80,6-10,1,0,0
765,963,1312,37,76,15,71-80,11-20,0,4,0
765,963,1314,37,76,15,71-80,11-20,0,4,0
765,963,1315,37,76,15,71-80,11-20,0,4,0
765,963,1316,37,76,15,71-80,11-20,0,4,0
765,963,1317,37,76,15,71-80,11-20,0,4,0
765,964,1312,37,76,15,71-80,11-20,0,4,0
765,964,1314,37,76,15,71-80,11-20,0,4,0
765,964,1315,37,76,15,71-80,11-20,0,4,0
765,964,1316,37,76,15,71-80,11-20,0,4,0
765,964,1317,37,76,15,71-80,11-20,0,4,0
765,965,1312,37,76,15,71-80,11-20,0,4,0
765,965,1314,37,76,15,71-80,11-20,0,4,0
765,965,1315,37,76,15,71-80,11-20,0,4,0
765,965,1316,37,76,15,71-80,11-20,0,4,0
765,965,1317,37,76,15,71-80,11-20,0,4,0
765,968,1312,37,75,15,71-80,11-20,0,2,0
765,968,1314,37,75,15,71-80,11-20,0,2,0
765,968,1315,37,75,15,71-80,11-20,0,2,0
765,968,1316,37,75,15,71-80,11-20,0,2,0
765,968,1317,37,75,15,71-80,11-20,0,2,0
765,1312,1314,37,75,15,71-80,11-20,1,0,1
765,1312,1315,37,75,15,71-80,11-20,1,0,1
765,1312,1316,37,75,15,71-80,11-20,1,0,1
765,1312,1317,37,75,15,71-80,11-20,1,0,1
765,1314,1315,37,75,15,71-80,11-20,1,0,1
765,1314,1316,37,75,15,71-80,11-20,1,0,1
765,1314,1317,37,75,15,71-80,11-20,1,0,1
765,1315,1316,37,75,15,71-80,11-20,1,0,1
765,1315,1317,37,75,15,71-80,11-20,1,0,1
765,1316,1317,37,75,15,71-80,11-20,1,0,1
765,138,1331,51,83,15,81-90,11-20,0,1,0
765,142,1331,51,83,15,81-90,11-20,0,1,0
765,596,1325,59,80,7,71-80,6-10,0,3,0
765,597,1325,59,80,7,71-80,6-10,0,3,0
765,598,1325,59,80,7,71-80,6-10,0,3,0
765,227,1313,72,71,7,71-80,6-10,0,1,0
765,228,1313,72,71,7,71-80,6-10,0,1,0
765,327,1283,74,75,33,71-80,21+,0,1,0
765,328,1283,74,75,33,71-80,21+,0,1,0
765,329,1283,74,75,33,71-80,21+,0,1,0
765,330,1283,74,75,33,71-80,21+,0,1,0
765,332,1283,74,75,33,71-80,21+,0,1,0
765,335,1283,74,75,33,71-80,21+,0,1,0
765,718,1283,74,75,33,71-80,21+,0,1,0
765,789,1283,74,75,33,71-80,21+,0,1,0
765,1092,1283,74,75,33,71-80,21+,0,1,0
765,1093,1283,74,75,33,71-80,21+,0,1,0
765,1193,1283,74,75,33,71-80,21+,0,1,0
765,331,1284,75,75,7,71-80,6-10,0,1,0
765,333,1284,75,75,7,71-80,6-10,0,1,0
765,788,1284,75,100,7,96-100,6-10,0,1,0
765,1284,1332,75,75,7,71-80,6-10,0,1,0
765,1284,1352,75,75,7,71-80,6-10,0,1,1
765,275,1311,84,80,15,71-80,11-20,0,1,0
765,1268,1311,84,76,15,71-80,11-20,0,1,0
765,1269,1311,84,76,15,71-80,11-20,0,1,0
765,305,1286,87,75,16,71-80,11-20,0,1,0
765,306,1286,87,75,16,71-80,11-20,0,1,0
765,726,1286,87,75,16,71-80,11-20,0,1,0
765,994,1286,87,75,16,71-80,11-20,0,1,0
765,1121,1286,87,100,16,96-100,11-20,0,1,0
765,1194,1286,87,75,16,71-80,11-20,0,1,0
765,1290,1339,155,91,7,91-95,6-10,0,1,0
765,1291,1339,155,91,7,91-95,6-10,0,1,0
765,1292,1341,156,71,9,71-80,6-10,0,1,0
765,1293,1341,156,71,9,71-80,6-10,0,1,0
765,110,1348,157,72,18,71-80,11-20,0,1,0
765,111,1348,157,72,18,71-80,11-20,0,1,0
765,1178,1343,158,75,8,71-80,6-10,0,1,0
765,1179,1343,158,75,8,71-80,6-10,0,1,0
765,736,1340,162,85,17,81-90,11-20,0,1,0
765,736,1346,162,85,17,81-90,11-20,0,1,0
765,737,1340,162,85,17,81-90,11-20,0,1,0
765,737,1346,162,85,17,81-90,11-20,0,1,0
765,1340,1346,162,71,17,71-80,11-20,1,0,1
765,1342,1344,163,75,14,71-80,11-20,1,0,0
765,1342,1345,163,75,14,71-80,11-20,1,0,1
765,1342,1347,163,75,14,71-80,11-20,1,0,1
765,1342,1349,163,75,14,71-80,11-20,1,0,1
765,1342,1350,163,75,14,71-80,11-20,1,0,1
765,1342,1351,163,75,14,71-80,11-20,1,0,1
765,1344,1345,163,75,14,71-80,11-20,1,0,0
765,1344,1347,163,75,14,71-80,11-20,1,0,0
765,1344,1349,163,75,14,71-80,11-20,1,0,0
765,1344,1350,163,75,14,71-80,11-20,1,0,0
765,1344,1351,163,75,14,71-80,11-20,1,0,0
765,1345,1347,163,75,14,71-80,11-20,1,0,1
765,1345,1349,163,75,14,71-80,11-20,1,0,1
765,1345,1350,163,75,14,71-80,11-20,1,0,1
765,1345,1351,163,75,14,71-80,11-20,1,0,1
765,1347,1349,163,75,14,71-80,11-20,1,0,1
765,1347,1350,163,75,14,71-80,11-20,1,0,1
765,1347,1351,163,75,14,71-80,11-20,1,0,1
765,1349,1350,163,75,14,71-80,11-20,1,0,1
765,1349,1351,163,75,14,71-80,11-20,1,0,1
765,1350,1351,163,75,14,71-80,11-20,1,0,1
766,321,1356,35,75,14,71-80,11-20,0,1,0
766,322,1356,35,75,14,71-80,11-20,0,1,0
766,323,1356,35,75,14,71-80,11-20,0,1,0
766,324,1356,35,75,14,71-80,11-20,0,1,0
766,325,1356,35,75,14,71-80,11-20,0,1,0
766,326,1356,35,75,14,71-80,11-20,0,1,0
766,727,1356,35,75,14,71-80,11-20,0,1,0
766,1355,1356,35,75,14,71-80,11-20,0,5,0
766,327,1357,74,75,33,71-80,21+,0,1,0
766,328,1357,74,75,33,71-80,21+,0,1,0
766,329,1357,74,75,33,71-80,21+,0,1,0
766,330,1357,74,75,33,71-80,21+,0,1,0
766,332,1357,74,75,33,71-80,21+,0,1,0
766,335,1357,74,75,33,71-80,21+,0,1,0
766,718,1357,74,75,33,71-80,21+,0,1,0
766,789,1357,74,75,33,71-80,21+,0,1,0
766,1092,1357,74,75,33,71-80,21+,0,1,0
766,1093,1357,74,75,33,71-80,21+,0,1,0
766,1193,1357,74,75,33,71-80,21+,0,1,0
766,1283,1357,74,75,33,71-80,21+,1,0,0
766,331,1332,75,75,7,71-80,6-10,0,1,0
766,333,1332,75,75,7,71-80,6-10,0,1,0
766,788,1332,75,100,7,96-100,6-10,0,1,0
766,1284,1332,75,75,7,71-80,6-10,0,1,0
766,1332,1352,75,75,7,71-80,6-10,0,1,0
766,1178,1343,158,75,8,71-80,6-10,0,1,0
766,1179,1343,158,75,8,71-80,6-10,0,1,0
766,736,1340,162,85,17,81-90,11-20,0,1,0
766,736,1346,162,85,17,81-90,11-20,0,1,0
766,737,1340,162,85,17,81-90,11-20,0,1,0
766,737,1346,162,85,17,81-90,11-20,0,1,0
766,1340,1346,162,71,17,71-80,11-20,1,0,1
766,1342,1344,163,75,14,71-80,11-20,1,0,1
766,1342,1345,163,75,14,71-80,11-20,1,0,1
766,1342,1347,163,75,14,71-80,11-20,1,0,1
766,1342,1349,163,75,14,71-80,11-20,1,0,1
766,1342,1350,163,75,14,71-80,11-20,1,0,1
766,1342,1351,163,75,14,71-80,11-20,1,0,1
766,1344,1345,163,75,14,71-80,11-20,1,0,1
766,1344,1347,163,75,14,71-80,11-20,1,0,1
766,1344,1349,163,75,14,71-80,11-20,1,0,1
766,1344,1350,163,75,14,71-80,11-20,1,0,1
766,1344,1351,163,75,14,71-80,11-20,1,0,1
766,1345,1347,163,75,14,71-80,11-20,1,0,1
766,1345,1349,163,75,14,71-80,11-20,1,0,1
766,1345,1350,163,75,14,71-80,11-20,1,0,1
766,1345,1351,163,75,14,71-80,11-20,1,0,1
766,1347,1349,163,75,14,71-80,11-20,1,0,1
766,1347,1350,163,75,14,71-80,11-20,1,0,1
766,1347,1351,163,75,14,71-80,11-20,1,0,1
766,1349,1350,163,75,14,71-80,11-20,1,0,1
766,1349,1351,163,75,14,71-80,11-20,1,0,1
766,1350,1351,163,75,14,71-80,11-20,1,0,1
768,327,789,74,75,33,71-80,21+,0,1,0
768,328,789,74,75,33,71-80,21+,0,1,0
768,329,789,74,75,33,71-80,21+,0,1,0
768,330,789,74,75,33,71-80,21+,0,1,0
768,332,789,74,75,33,71-80,21+,0,1,0
768,335,789,74,75,33,71-80,21+,0,1,0
768,718,789,74,75,33,71-80,21+,0,1,0
768,789,1092,74,75,33,71-80,21+,0,1,0
768,789,1093,74,75,33,71-80,21+,0,1,0
768,789,1193,74,75,33,71-80,21+,0,1,0
768,789,1283,74,75,33,71-80,21+,0,1,0
768,789,1357,74,75,33,71-80,21+,0,1,0
768,331,788,75,75,7,71-80,6-10,0,1,0
768,333,788,75,75,7,71-80,6-10,0,1,0
768,788,1284,75,100,7,96-100,6-10,0,1,0
768,788,1332,75,100,7,96-100,6-10,0,1,0
768,788,1352,75,100,7,96-100,6-10,0,1,0
769,301,1285,9,100,19,96-100,11-20,0,1,0
769,302,1285,9,100,19,96-100,11-20,0,1,0
769,303,1285,9,100,19,96-100,11-20,0,1,0
769,304,1285,9,100,19,96-100,11-20,0,1,0
769,747,1285,9,75,19,71-80,11-20,0,2,0
769,767,1285,9,75,19,71-80,11-20,0,2,0
769,860,1285,9,75,19,71-80,11-20,0,2,0
769,861,1285,9,75,19,71-80,11-20,0,2,0
769,963,1360,37,76,15,71-80,11-20,0,4,0
769,964,1360,37,76,15,71-80,11-20,0,4,0
769,965,1360,37,76,15,71-80,11-20,0,4,0
769,968,1360,37,75,15,71-80,11-20,0,2,0
769,1312,1360,37,75,15,71-80,11-20,1,0,0
769,1314,1360,37,75,15,71-80,11-20,1,0,0
769,1315,1360,37,75,15,71-80,11-20,1,0,0
769,1316,1360,37,75,15,71-80,11-20,1,0,0
769,1317,1360,37,75,15,71-80,11-20,1,0,0
769,168,236,56,75,9,71-80,6-10,0,1,0
769,169,236,56,75,9,71-80,6-10,0,1,0
769,170,236,56,75,9,71-80,6-10,0,1,0
769,327,1283,74,75,33,71-80,21+,0,1,0
769,327,1357,74,75,33,71-80,21+,0,1,0
769,328,1283,74,75,33,71-80,21+,0,1,0
769,328,1357,74,75,33,71-80,21+,0,1,0
769,329,1283,74,75,33,71-80,21+,0,1,0
769,329,1357,74,75,33,71-80,21+,0,1,0
769,330,1283,74,75,33,71-80,21+,0,1,0
769,330,1357,74,75,33,71-80,21+,0,1,0
769,332,1283,74,75,33,71-80,21+,0,1,0
769,332,1357,74,75,33,71-80,21+,0,1,0
769,335,1283,74,75,33,71-80,21+,0,1,0
769,335,1357,74,75,33,71-80,21+,0,1,0
769,718,1283,74,75,33,71-80,21+,0,1,0
769,718,1357,74,75,33,71-80,21+,0,1,0
769,789,1283,74,75,33,71-80,21+,0,1,0
769,789,1357,74,75,33,71-80,21+,0,1,0
769,1092,1283,74,75,33,71-80,21+,0,1,0
769,1092,1357,74,75,33,71-80,21+,0,1,0
769,1093,1283,74,75,33,71-80,21+,0,1,0
769,1093,1357,74,75,33,71-80,21+,0,1,0
769,1193,1283,74,75,33,71-80,21+,0,1,0
769,1193,1357,74,75,33,71-80,21+,0,1,0
769,1283,1357,74,75,33,71-80,21+,1,0,1
769,331,1284,75,75,7,71-80,6-10,0,1,0
769,333,1284,75,75,7,71-80,6-10,0,1,0
769,788,1284,75,100,7,96-100,6-10,0,1,0
769,1284,1332,75,75,7,71-80,6-10,0,1,0
769,1284,1352,75,75,7,71-80,6-10,0,1,0
769,269,270,80,80,12,71-80,11-20,1,0,1
769,524,1034,81,75,15,71-80,11-20,1,0,0
769,1034,1289,81,75,15,71-80,11-20,0,1,0
769,276,1230,83,75,10,71-80,6-10,0,1,0
769,276,1232,83,75,10,71-80,6-10,0,1,0
769,275,1268,84,80,15,71-80,11-20,0,1,0
769,275,1269,84,80,15,71-80,11-20,0,1,0
769,275,1311,84,80,15,71-80,11-20,0,1,0
769,305,1286,87,75,16,71-80,11-20,0,1,0
769,306,1286,87,75,16,71-80,11-20,0,1,0
769,726,1286,87,75,16,71-80,11-20,0,1,0
769,994,1286,87,75,16,71-80,11-20,0,1,0
769,1121,1286,87,100,16,96-100,11-20,0,1,0
769,1194,1286,87,75,16,71-80,11-20,0,1,0
769,1358,1359,118,100,3,96-100,3-5,1,0,1
770,959,1361,34,75,8,71-80,6-10,0,5,0
770,960,1361,34,75,8,71-80,6-10,0,5,0
770,1306,1361,34,75,8,71-80,6-10,0,1,0
770,1307,1361,34,75,8,71-80,6-10,0,1,0
770,1308,1361,34,75,8,71-80,6-10,0,1,0
770,1309,1361,34,75,8,71-80,6-10,0,1,0
770,327,1357,74,75,33,71-80,21+,0,1,0
770,328,1357,74,75,33,71-80,21+,0,1,0
770,329,1357,74,75,33,71-80,21+,0,1,0
770,330,1357,74,75,33,71-80,21+,0,1,0
770,332,1357,74,75,33,71-80,21+,0,1,0
770,335,1357,74,75,33,71-80,21+,0,1,0
770,718,1357,74,75,33,71-80,21+,0,1,0
770,789,1357,74,75,33,71-80,21+,0,1,0
770,1092,1357,74,75,33,71-80,21+,0,1,0
770,1093,1357,74,75,33,71-80,21+,0,1,0
770,1193,1357,74,75,33,71-80,21+,0,1,0
770,1283,1357,74,75,33,71-80,21+,1,0,0
770,305,1286,87,75,16,71-80,11-20,0,1,0
770,306,1286,87,75,16,71-80,11-20,0,1,0
770,726,1286,87,75,16,71-80,11-20,0,1,0
770,994,1286,87,75,16,71-80,11-20,0,1,0
770,1121,1286,87,100,16,96-100,11-20,0,1,0
770,1194,1286,87,75,16,71-80,11-20,0,1,0
770,1340,1363,162,71,17,71-80,11-20,0,2,0
770,1340,1364,162,71,17,71-80,11-20,0,2,0
770,1340,1365,162,71,17,71-80,11-20,0,2,0
770,1346,1363,162,71,17,71-80,11-20,0,2,0
770,1346,1364,162,71,17,71-80,11-20,0,2,0
770,1346,1365,162,71,17,71-80,11-20,0,2,0
770,1363,1364,162,100,17,96-100,11-20,1,0,1
770,1363,1365,162,100,17,96-100,11-20,1,0,1
770,1364,1365,162,100,17,96-100,11-20,1,0,1
771,959,1361,34,75,8,71-80,6-10,0,5,0
771,960,1361,34,75,8,71-80,6-10,0,5,0
771,1306,1361,34,75,8,71-80,6-10,0,1,0
771,1307,1361,34,75,8,71-80,6-10,0,1,0
771,1308,1361,34,75,8,71-80,6-10,0,1,0
771,1309,1361,34,75,8,71-80,6-10,0,1,0
771,1340,1363,162,71,17,71-80,11-20,0,2,0
771,1340,1364,162,71,17,71-80,11-20,0,2,0
771,1340,1365,162,71,17,71-80,11-20,0,2,0
771,1346,1363,162,71,17,71-80,11-20,0,2,0
771,1346,1364,162,71,17,71-80,11-20,0,2,0
771,1346,1365,162,71,17,71-80,11-20,0,2,0
771,1363,1364,162,100,17,96-100,11-20,1,0,1
771,1363,1365,162,100,17,96-100,11-20,1,0,1
771,1364,1365,162,100,17,96-100,11-20,1,0,1
772,301,1366,9,100,19,96-100,11-20,0,1,0
772,302,1366,9,100,19,96-100,11-20,0,1,0
772,303,1366,9,100,19,96-100,11-20,0,1,0
772,304,1366,9,100,19,96-100,11-20,0,1,0
772,747,1366,9,75,19,71-80,11-20,0,2,0
772,767,1366,9,75,19,71-80,11-20,0,2,0
772,860,1366,9,75,19,71-80,11-20,0,2,0
772,861,1366,9,75,19,71-80,11-20,0,2,0
772,1285,1366,9,75,19,71-80,11-20,1,0,0
773,301,1285,9,100,19,96-100,11-20,0,1,0
773,302,1285,9,100,19,96-100,11-20,0,1,0
773,303,1285,9,100,19,96-100,11-20,0,1,0
773,304,1285,9,100,19,96-100,11-20,0,1,0
773,747,1285,9,75,19,71-80,11-20,0,2,0
773,767,1285,9,75,19,71-80,11-20,0,2,0
773,860,1285,9,75,19,71-80,11-20,0,2,0
773,861,1285,9,75,19,71-80,11-20,0,2,0
773,1285,1366,9,75,19,71-80,11-20,1,0,0
773,959,1307,34,75,8,71-80,6-10,0,4,0
773,959,1309,34,75,8,71-80,6-10,0,4,0
773,960,1307,34,75,8,71-80,6-10,0,4,0
773,960,1309,34,75,8,71-80,6-10,0,4,0
773,1306,1307,34,75,8,71-80,6-10,0,1,0
773,1306,1309,34,75,8,71-80,6-10,0,1,0
773,1307,1308,34,75,8,71-80,6-10,1,0,0
773,1307,1309,34,75,8,71-80,6-10,1,0,1
773,1307,1361,34,75,8,71-80,6-10,0,1,0
773,1308,1309,34,75,8,71-80,6-10,1,0,0
773,1309,1361,34,75,8,71-80,6-10,0,1,0
773,963,1314,37,76,15,71-80,11-20,0,4,0
773,963,1315,37,76,15,71-80,11-20,0,4,0
773,963,1316,37,76,15,71-80,11-20,0,4,0
773,963,1317,37,76,15,71-80,11-20,0,4,0
773,963,1360,37,76,15,71-80,11-20,0,4,0
773,964,1314,37,76,15,71-80,11-20,0,4,0
773,964,1315,37,76,15,71-80,11-20,0,4,0
773,964,1316,37,76,15,71-80,11-20,0,4,0
773,964,1317,37,76,15,71-80,11-20,0,4,0
773,964,1360,37,76,15,71-80,11-20,0,4,0
773,965,1314,37,76,15,71-80,11-20,0,4,0
773,965,1315,37,76,15,71-80,11-20,0,4,0
773,965,1316,37,76,15,71-80,11-20,0,4,0
773,965,1317,37,76,15,71-80,11-20,0,4,0
773,965,1360,37,76,15,71-80,11-20,0,4,0
773,968,1314,37,75,15,71-80,11-20,0,2,0
773,968,1315,37,75,15,71-80,11-20,0,2,0
773,968,1316,37,75,15,71-80,11-20,0,2,0
773,968,1317,37,75,15,71-80,11-20,0,2,0
773,968,1360,37,75,15,71-80,11-20,0,2,0
773,1312,1314,37,75,15,71-80,11-20,1,0,0
773,1312,1315,37,75,15,71-80,11-20,1,0,0
773,1312,1316,37,75,15,71-80,11-20,1,0,0
773,1312,1317,37,75,15,71-80,11-20,1,0,0
773,1312,1360,37,75,15,71-80,11-20,1,0,0
773,1314,1315,37,75,15,71-80,11-20,1,0,1
773,1314,1316,37,75,15,71-80,11-20,1,0,1
773,1314,1317,37,75,15,71-80,11-20,1,0,1
773,1314,1360,37,75,15,71-80,11-20,1,0,1
773,1315,1316,37,75,15,71-80,11-20,1,0,1
773,1315,1317,37,75,15,71-80,11-20,1,0,1
773,1315,1360,37,75,15,71-80,11-20,1,0,1
773,1316,1317,37,75,15,71-80,11-20,1,0,1
773,1316,1360,37,75,15,71-80,11-20,1,0,1
773,1317,1360,37,75,15,71-80,11-20,1,0,1
773,327,1283,74,75,33,71-80,21+,0,1,0
773,327,1357,74,75,33,71-80,21+,0,1,0
773,328,1283,74,75,33,71-80,21+,0,1,0
773,328,1357,74,75,33,71-80,21+,0,1,0
773,329,1283,74,75,33,71-80,21+,0,1,0
773,329,1357,74,75,33,71-80,21+,0,1,0
773,330,1283,74,75,33,71-80,21+,0,1,0
773,330,1357,74,75,33,71-80,21+,0,1,0
773,332,1283,74,75,33,71-80,21+,0,1,0
773,332,1357,74,75,33,71-80,21+,0,1,0
773,335,1283,74,75,33,71-80,21+,0,1,0
773,335,1357,74,75,33,71-80,21+,0,1,0
773,718,1283,74,75,33,71-80,21+,0,1,0
773,718,1357,74,75,33,71-80,21+,0,1,0
773,789,1283,74,75,33,71-80,21+,0,1,0
773,789,1357,74,75,33,71-80,21+,0,1,0
773,1092,1283,74,75,33,71-80,21+,0,1,0
773,1092,1357,74,75,33,71-80,21+,0,1,0
773,1093,1283,74,75,33,71-80,21+,0,1,0
773,1093,1357,74,75,33,71-80,21+,0,1,0
773,1193,1283,74,75,33,71-80,21+,0,1,0
773,1193,1357,74,75,33,71-80,21+,0,1,0
773,1283,1357,74,75,33,71-80,21+,1,0,1
773,331,1284,75,75,7,71-80,6-10,0,1,0
773,333,1284,75,75,7,71-80,6-10,0,1,0
773,788,1284,75,100,7,96-100,6-10,0,1,0
773,1284,1332,75,75,7,71-80,6-10,0,1,0
773,1284,1352,75,75,7,71-80,6-10,0,1,0
773,275,1311,84,80,15,71-80,11-20,0,1,0
773,1268,1311,84,76,15,71-80,11-20,0,1,0
773,1269,1311,84,76,15,71-80,11-20,0,1,0
773,305,1286,87,75,16,71-80,11-20,0,1,0
773,306,1286,87,75,16,71-80,11-20,0,1,0
773,726,1286,87,75,16,71-80,11-20,0,1,0
773,994,1286,87,75,16,71-80,11-20,0,1,0
773,1121,1286,87,100,16,96-100,11-20,0,1,0
773,1194,1286,87,75,16,71-80,11-20,0,1,0
773,1148,1149,97,80,19,71-80,11-20,1,0,0
773,1148,1151,97,80,19,71-80,11-20,1,0,0
773,1148,1152,97,80,19,71-80,11-20,1,0,0
773,1148,1155,97,80,19,71-80,11-20,1,0,0
773,1149,1151,97,80,19,71-80,11-20,1,0,1
773,1149,1152,97,80,19,71-80,11-20,1,0,1
773,1149,1154,97,80,19,71-80,11-20,1,0,0
773,1149,1155,97,80,19,71-80,11-20,1,0,1
773,1149,1156,97,80,19,71-80,11-20,1,0,0
773,1149,1157,97,80,19,71-80,11-20,1,0,0
773,1149,1158,97,80,19,71-80,11-20,1,0,0
773,1151,1152,97,80,19,71-80,11-20,1,0,1
773,1151,1154,97,80,19,71-80,11-20,1,0,0
773,1151,1155,97,80,19,71-80,11-20,1,0,1
773,1151,1156,97,80,19,71-80,11-20,1,0,0
773,1151,1157,97,80,19,71-80,11-20,1,0,0
773,1151,1158,97,80,19,71-80,11-20,1,0,0
773,1152,1154,97,80,19,71-80,11-20,1,0,0
773,1152,1155,97,80,19,71-80,11-20,1,0,1
773,1152,1156,97,80,19,71-80,11-20,1,0,0
773,1152,1157,97,80,19,71-80,11-20,1,0,0
773,1152,1158,97,80,19,71-80,11-20,1,0,0
773,1154,1155,97,80,19,71-80,11-20,1,0,0
773,1155,1156,97,80,19,71-80,11-20,1,0,0
773,1155,1157,97,80,19,71-80,11-20,1,0,0
773,1155,1158,97,80,19,71-80,11-20,1,0,0
773,1150,1162,99,83,9,81-90,6-10,1,0,1
773,1150,1163,99,83,9,81-90,6-10,1,0,1
773,1150,1164,99,83,9,81-90,6-10,1,0,1
773,1150,1165,99,83,9,81-90,6-10,1,0,1
773,1150,1166,99,83,9,81-90,6-10,1,0,1
773,1150,1199,99,83,9,81-90,6-10,0,1,0
773,1162,1163,99,83,9,81-90,6-10,1,0,1
773,1162,1164,99,83,9,81-90,6-10,1,0,1
773,1162,1165,99,83,9,81-90,6-10,1,0,1
773,1162,1166,99,83,9,81-90,6-10,1,0,1
773,1162,1199,99,83,9,81-90,6-10,0,1,0
773,1163,1164,99,83,9,81-90,6-10,1,0,1
773,1163,1165,99,83,9,81-90,6-10,1,0,1
773,1163,1166,99,83,9,81-90,6-10,1,0,1
773,1163,1199,99,83,9,81-90,6-10,0,1,0
773,1164,1165,99,83,9,81-90,6-10,1,0,1
773,1164,1166,99,83,9,81-90,6-10,1,0,1
773,1164,1199,99,83,9,81-90,6-10,0,1,0
773,1165,1166,99,83,9,81-90,6-10,1,0,1
773,1165,1199,99,83,9,81-90,6-10,0,1,0
773,1166,1199,99,83,9,81-90,6-10,0,1,0
773,1358,1359,118,100,3,96-100,3-5,1,0,0
774,1207,1213,125,75,15,71-80,11-20,0,1,0
774,1208,1213,125,75,15,71-80,11-20,1,0,0
774,1209,1213,125,75,15,71-80,11-20,1,0,0
774,1210,1213,125,75,15,71-80,11-20,0,1,0
774,1211,1213,125,75,15,71-80,11-20,1,0,0
774,1212,1213,125,75,15,71-80,11-20,0,1,0
774,1213,1214,125,75,15,71-80,11-20,0,1,0
776,160,1226,48,80,12,71-80,11-20,0,1,0
776,1123,1124,68,100,7,96-100,6-10,1,0,1
776,1125,1126,69,83,3,81-90,3-5,1,0,1
776,108,1127,70,80,3,71-80,3-5,0,1,0
776,1235,1236,121,75,4,71-80,3-5,1,0,1
777,488,1038,76,75,5,71-80,3-5,1,0,1
777,18,691,78,75,24,71-80,21+,0,1,0
777,18,692,78,75,24,71-80,21+,0,1,0
777,18,842,78,75,24,71-80,21+,0,1,0
777,18,998,78,75,24,71-80,21+,0,1,0
777,18,1010,78,75,24,71-80,21+,0,1,0
777,18,1061,78,75,24,71-80,21+,0,1,0
777,18,1117,78,75,24,71-80,21+,0,1,0
777,18,1118,78,75,24,71-80,21+,0,1,0
777,18,1137,78,75,24,71-80,21+,0,1,0
777,18,1180,78,75,24,71-80,21+,0,1,0
777,18,1182,78,75,24,71-80,21+,0,1,0
777,18,1288,78,75,24,71-80,21+,0,1,0
777,18,1362,78,75,24,71-80,21+,0,1,0
777,18,1367,78,75,24,71-80,21+,0,1,0
777,190,1001,114,75,6,71-80,6-10,0,1,0
781,301,747,9,100,19,96-100,11-20,0,2,0
781,301,1285,9,100,19,96-100,11-20,0,1,0
781,301,1366,9,100,19,96-100,11-20,0,1,0
781,302,747,9,100,19,96-100,11-20,0,2,0
781,302,1285,9,100,19,96-100,11-20,0,1,0
781,302,1366,9,100,19,96-100,11-20,0,1,0
781,303,747,9,100,19,96-100,11-20,0,2,0
781,303,1285,9,100,19,96-100,11-20,0,1,0
781,303,1366,9,100,19,96-100,11-20,0,1,0
781,304,747,9,100,19,96-100,11-20,0,2,0
781,304,1285,9,100,19,96-100,11-20,0,1,0
781,304,1366,9,100,19,96-100,11-20,0,1,0
781,747,1285,9,75,19,71-80,11-20,0,2,1
781,747,1366,9,75,19,71-80,11-20,0,2,1
781,1285,1366,9,75,19,71-80,11-20,1,0,1
781,959,1307,34,75,8,71-80,6-10,0,4,0
781,959,1308,34,75,8,71-80,6-10,0,4,0
781,959,1309,34,75,8,71-80,6-10,0,4,0
781,960,1307,34,75,8,71-80,6-10,0,4,0
781,960,1308,34,75,8,71-80,6-10,0,4,0
781,960,1309,34,75,8,71-80,6-10,0,4,0
781,1306,1307,34,75,8,71-80,6-10,0,1,0
781,1306,1308,34,75,8,71-80,6-10,0,1,0
781,1306,1309,34,75,8,71-80,6-10,0,1,0
781,1307,1308,34,75,8,71-80,6-10,1,0,1
781,1307,1309,34,75,8,71-80,6-10,1,0,1
781,1308,1309,34,75,8,71-80,6-10,1,0,1
781,321,1356,35,75,14,71-80,11-20,0,1,0
781,322,1356,35,75,14,71-80,11-20,0,1,0
781,323,1356,35,75,14,71-80,11-20,0,1,0
781,324,1356,35,75,14,71-80,11-20,0,1,0
781,325,1356,35,75,14,71-80,11-20,0,1,0
781,326,1356,35,75,14,71-80,11-20,0,1,0
781,727,1356,35,75,14,71-80,11-20,0,1,0
781,1355,1356,35,75,14,71-80,11-20,0,5,0
781,1356,1408,35,75,14,71-80,11-20,0,1,1
781,963,968,37,76,15,71-80,11-20,0,4,0
781,963,1312,37,76,15,71-80,11-20,0,4,0
781,964,968,37,76,15,71-80,11-20,0,4,0
781,964,1312,37,76,15,71-80,11-20,0,4,0
781,965,968,37,76,15,71-80,11-20,0,4,0
781,965,1312,37,76,15,71-80,11-20,0,4,0
781,968,1312,37,75,15,71-80,11-20,0,2,1
781,968,1314,37,75,15,71-80,11-20,0,2,0
781,968,1315,37,75,15,71-80,11-20,0,2,0
781,968,1316,37,75,15,71-80,11-20,0,2,0
781,968,1317,37,75,15,71-80,11-20,0,2,0
781,968,1360,37,75,15,71-80,11-20,0,2,1
781,1312,1314,37,75,15,71-80,11-20,1,0,0
781,1312,1315,37,75,15,71-80,11-20,1,0,0
781,1312,1316,37,75,15,71-80,11-20,1,0,0
781,1312,1317,37,75,15,71-80,11-20,1,0,0
781,1312,1360,37,75,15,71-80,11-20,1,0,1
781,679,746,54,75,17,71-80,11-20,0,2,0
781,679,1089,54,75,17,71-80,11-20,0,2,0
781,679,1090,54,75,17,71-80,11-20,0,2,0
781,679,1091,54,75,17,71-80,11-20,0,2,0
781,679,1263,54,75,17,71-80,11-20,0,2,0
781,679,1267,54,75,17,71-80,11-20,0,2,0
781,679,1401,54,75,17,71-80,11-20,0,2,0
781,679,1409,54,75,17,71-80,11-20,0,3,1
781,679,1410,54,75,17,71-80,11-20,0,2,1
781,746,1410,54,75,17,71-80,11-20,0,1,0
781,1089,1410,54,75,17,71-80,11-20,0,1,0
781,1090,1410,54,75,17,71-80,11-20,0,1,0
781,1091,1410,54,75,17,71-80,11-20,0,1,0
781,1263,1410,54,75,17,71-80,11-20,0,1,0
781,1267,1410,54,75,17,71-80,11-20,0,1,0
781,1401,1410,54,75,17,71-80,11-20,0,1,0
781,1409,1410,54,73,17,71-80,11-20,0,1,1
781,227,1313,72,71,7,71-80,6-10,0,1,0
781,227,1406,72,71,7,71-80,6-10,0,1,0
781,228,1313,72,71,7,71-80,6-10,0,1,0
781,228,1406,72,71,7,71-80,6-10,0,1,0
781,1313,1404,72,75,7,71-80,6-10,0,1,1
781,1313,1406,72,75,7,71-80,6-10,0,1,1
781,1404,1406,72,75,7,71-80,6-10,0,1,1
781,327,789,74,75,33,71-80,21+,0,1,0
781,327,1092,74,75,33,71-80,21+,0,1,0
781,327,1283,74,75,33,71-80,21+,0,1,0
781,327,1403,74,75,33,71-80,21+,0,1,0
781,328,789,74,75,33,71-80,21+,0,1,0
781,328,1092,74,75,33,71-80,21+,0,1,0
781,328,1283,74,75,33,71-80,21+,0,1,0
781,328,1403,74,75,33,71-80,21+,0,1,0
781,329,789,74,75,33,71-80,21+,0,1,0
781,329,1092,74,75,33,71-80,21+,0,1,0
781,329,1283,74,75,33,71-80,21+,0,1,0
781,329,1403,74,75,33,71-80,21+,0,1,0
781,330,789,74,75,33,71-80,21+,0,1,0
781,330,1092,74,75,33,71-80,21+,0,1,0
781,330,1283,74,75,33,71-80,21+,0,1,0
781,330,1403,74,75,33,71-80,21+,0,1,0
781,332,789,74,75,33,71-80,21+,0,1,0
781,332,1092,74,75,33,71-80,21+,0,1,0
781,332,1283,74,75,33,71-80,21+,0,1,0
781,332,1403,74,75,33,71-80,21+,0,1,0
781,335,789,74,75,33,71-80,21+,0,1,0
781,335,1092,74,75,33,71-80,21+,0,1,0
781,335,1283,74,75,33,71-80,21+,0,1,0
781,335,1403,74,75,33,71-80,21+,0,1,0
781,718,789,74,75,33,71-80,21+,0,1,0
781,718,1092,74,75,33,71-80,21+,0,1,0
781,718,1283,74,75,33,71-80,21+,0,1,0
781,718,1403,74,75,33,71-80,21+,0,1,0
781,789,1092,74,75,33,71-80,21+,0,1,1
781,789,1093,74,75,33,71-80,21+,0,1,0
781,789,1193,74,75,33,71-80,21+,0,1,0
781,789,1283,74,75,33,71-80,21+,0,1,1
781,789,1357,74,75,33,71-80,21+,0,1,1
781,789,1403,74,75,33,71-80,21+,0,1,1
781,1092,1093,74,75,33,71-80,21+,1,0,0
781,1092,1193,74,75,33,71-80,21+,0,1,0
781,1092,1283,74,75,33,71-80,21+,0,1,1
781,1092,1357,74,75,33,71-80,21+,0,1,1
781,1092,1403,74,75,33,71-80,21+,0,1,1
781,1093,1283,74,75,33,71-80,21+,0,1,0
781,1093,1403,74,75,33,71-80,21+,0,1,0
781,1193,1283,74,75,33,71-80,21+,0,1,0
781,1193,1403,74,75,33,71-80,21+,0,1,0
781,1283,1357,74,75,33,71-80,21+,1,0,1
781,1283,1403,74,75,33,71-80,21+,1,0,1
781,1357,1403,74,75,33,71-80,21+,1,0,1
781,331,788,75,75,7,71-80,6-10,0,1,0
781,331,1284,75,75,7,71-80,6-10,0,1,0
781,333,788,75,75,7,71-80,6-10,0,1,0
781,333,1284,75,75,7,71-80,6-10,0,1,0
781,788,1284,75,100,7,96-100,6-10,0,1,1
781,788,1332,75,100,7,96-100,6-10,0,1,0
781,788,1352,75,100,7,96-100,6-10,0,1,0
781,1284,1332,75,75,7,71-80,6-10,0,1,0
781,1284,1352,75,75,7,71-80,6-10,0,1,0
781,18,1362,78,75,24,71-80,21+,0,1,0
781,691,1362,78,75,24,71-80,21+,0,1,0
781,692,1362,78,75,24,71-80,21+,0,1,0
781,842,1362,78,75,24,71-80,21+,0,1,0
781,998,1362,78,75,24,71-80,21+,0,1,0
781,1010,1362,78,75,24,71-80,21+,0,1,0
781,1061,1362,78,75,24,71-80,21+,0,1,0
781,1117,1362,78,75,24,71-80,21+,0,1,0
781,1118,1362,78,75,24,71-80,21+,0,1,0
781,1137,1362,78,75,24,71-80,21+,0,1,0
781,1180,1362,78,75,24,71-80,21+,0,1,0
781,1182,1362,78,75,24,71-80,21+,0,1,0
781,1288,1362,78,75,24,71-80,21+,0,2,0
781,1362,1367,78,75,24,71-80,21+,0,2,0
781,1362,1405,78,75,24,71-80,21+,0,1,1
781,275,1311,84,80,15,71-80,11-20,0,1,0
781,305,1286,87,75,16,71-80,11-20,0,1,0
781,306,1286,87,75,16,71-80,11-20,0,1,0
781,726,1286,87,75,16,71-80,11-20,0,1,0
781,994,1286,87,75,16,71-80,11-20,0,1,0
781,1194,1286,87,75,16,71-80,11-20,0,1,0
781,1150,1162,99,83,9,81-90,6-10,1,0,0
781,1150,1163,99,83,9,81-90,6-10,1,0,0
781,1150,1164,99,83,9,81-90,6-10,1,0,0
781,1150,1165,99,83,9,81-90,6-10,1,0,0
781,1150,1166,99,83,9,81-90,6-10,1,0,0
781,1162,1163,99,83,9,81-90,6-10,1,0,1
781,1162,1164,99,83,9,81-90,6-10,1,0,1
781,1162,1165,99,83,9,81-90,6-10,1,0,1
781,1162,1166,99,83,9,81-90,6-10,1,0,1
781,1162,1199,99,83,9,81-90,6-10,0,1,0
781,1163,1164,99,83,9,81-90,6-10,1,0,1
781,1163,1165,99,83,9,81-90,6-10,1,0,1
781,1163,1166,99,83,9,81-90,6-10,1,0,1
781,1163,1199,99,83,9,81-90,6-10,0,1,0
781,1164,1165,99,83,9,81-90,6-10,1,0,1
781,1164,1166,99,83,9,81-90,6-10,1,0,1
781,1164,1199,99,83,9,81-90,6-10,0,1,0
781,1165,1166,99,83,9,81-90,6-10,1,0,1
781,1165,1199,99,83,9,81-90,6-10,0,1,0
781,1166,1199,99,83,9,81-90,6-10,0,1,0
781,190,1001,114,75,6,71-80,6-10,0,1,0
781,100,1094,147,83,10,81-90,6-10,0,1,0
781,101,1094,147,83,10,81-90,6-10,0,1,0
781,102,1094,147,83,10,81-90,6-10,0,1,0
781,1026,1094,147,83,10,81-90,6-10,0,1,0
781,1027,1094,147,83,10,81-90,6-10,0,1,0
781,1028,1094,147,83,10,81-90,6-10,0,1,0
781,1290,1291,155,91,7,91-95,6-10,0,1,1
781,1292,1293,156,71,9,71-80,6-10,0,1,1
784,327,789,74,75,33,71-80,21+,0,1,0
784,328,789,74,75,33,71-80,21+,0,1,0
784,329,789,74,75,33,71-80,21+,0,1,0
784,330,789,74,75,33,71-80,21+,0,1,0
784,332,789,74,75,33,71-80,21+,0,1,0
784,335,789,74,75,33,71-80,21+,0,1,0
784,718,789,74,75,33,71-80,21+,0,1,0
784,789,1092,74,75,33,71-80,21+,0,1,0
784,789,1093,74,75,33,71-80,21+,0,1,0
784,789,1193,74,75,33,71-80,21+,0,1,0
784,789,1283,74,75,33,71-80,21+,0,1,0
784,789,1357,74,75,33,71-80,21+,0,1,0
784,789,1403,74,75,33,71-80,21+,0,1,0
784,892,893,113,81,8,81-90,6-10,1,0,0
784,1256,1257,115,88,5,81-90,3-5,0,1,0
784,252,1271,139,84,4,81-90,3-5,0,1,1
784,985,1294,159,70,8,<=70,6-10,1,1,1
784,985,1295,159,70,8,<=70,6-10,1,1,1
784,1294,1295,159,70,8,<=70,6-10,1,0,1
786,301,1285,9,100,19,96-100,11-20,0,1,0
786,301,1366,9,100,19,96-100,11-20,0,1,0
786,302,1285,9,100,19,96-100,11-20,0,1,0
786,302,1366,9,100,19,96-100,11-20,0,1,0
786,303,1285,9,100,19,96-100,11-20,0,1,0
786,303,1366,9,100,19,96-100,11-20,0,1,0
786,304,1285,9,100,19,96-100,11-20,0,1,0
786,304,1366,9,100,19,96-100,11-20,0,1,0
786,747,1285,9,75,19,71-80,11-20,0,2,0
786,747,1366,9,75,19,71-80,11-20,0,2,0
786,1285,1366,9,75,19,71-80,11-20,1,0,1
786,959,1307,34,75,8,71-80,6-10,0,4,0
786,959,1309,34,75,8,71-80,6-10,0,4,0
786,960,1307,34,75,8,71-80,6-10,0,4,0
786,960,1309,34,75,8,71-80,6-10,0,4,0
786,1306,1307,34,75,8,71-80,6-10,0,1,0
786,1306,1309,34,75,8,71-80,6-10,0,1,0
786,1307,1308,34,75,8,71-80,6-10,1,0,0
786,1307,1309,34,75,8,71-80,6-10,1,0,1
786,1308,1309,34,75,8,71-80,6-10,1,0,0
786,963,1312,37,76,15,71-80,11-20,0,4,0
786,963,1314,37,76,15,71-80,11-20,0,4,0
786,963,1315,37,76,15,71-80,11-20,0,4,0
786,963,1316,37,76,15,71-80,11-20,0,4,0
786,963,1317,37,76,15,71-80,11-20,0,4,0
786,964,1312,37,76,15,71-80,11-20,0,4,0
786,964,1314,37,76,15,71-80,11-20,0,4,0
786,964,1315,37,76,15,71-80,11-20,0,4,0
786,964,1316,37,76,15,71-80,11-20,0,4,0
786,964,1317,37,76,15,71-80,11-20,0,4,0
786,965,1312,37,76,15,71-80,11-20,0,4,0
786,965,1314,37,76,15,71-80,11-20,0,4,0
786,965,1315,37,76,15,71-80,11-20,0,4,0
786,965,1316,37,76,15,71-80,11-20,0,4,0
786,965,1317,37,76,15,71-80,11-20,0,4,0
786,968,1312,37,75,15,71-80,11-20,0,2,0
786,968,1314,37,75,15,71-80,11-20,0,2,0
786,968,1315,37,75,15,71-80,11-20,0,2,0
786,968,1316,37,75,15,71-80,11-20,0,2,0
786,968,1317,37,75,15,71-80,11-20,0,2,0
786,1312,1314,37,75,15,71-80,11-20,1,0,1
786,1312,1315,37,75,15,71-80,11-20,1,0,1
786,1312,1316,37,75,15,71-80,11-20,1,0,1
786,1312,1317,37,75,15,71-80,11-20,1,0,1
786,1312,1360,37,75,15,71-80,11-20,1,0,0
786,1314,1315,37,75,15,71-80,11-20,1,0,1
786,1314,1316,37,75,15,71-80,11-20,1,0,1
786,1314,1317,37,75,15,71-80,11-20,1,0,1
786,1314,1360,37,75,15,71-80,11-20,1,0,0
786,1315,1316,37,75,15,71-80,11-20,1,0,1
786,1315,1317,37,75,15,71-80,11-20,1,0,1
786,1315,1360,37,75,15,71-80,11-20,1,0,0
786,1316,1317,37,75,15,71-80,11-20,1,0,1
786,1316,1360,37,75,15,71-80,11-20,1,0,0
786,1317,1360,37,75,15,71-80,11-20,1,0,0
786,227,1313,72,71,7,71-80,6-10,0,1,0
786,228,1313,72,71,7,71-80,6-10,0,1,0
786,1313,1404,72,75,7,71-80,6-10,0,1,0
786,1313,1406,72,75,7,71-80,6-10,0,1,0
786,327,1283,74,75,33,71-80,21+,0,1,0
786,327,1357,74,75,33,71-80,21+,0,1,0
786,327,1403,74,75,33,71-80,21+,0,1,0
786,328,1283,74,75,33,71-80,21+,0,1,0
786,328,1357,74,75,33,71-80,21+,0,1,0
786,328,1403,74,75,33,71-80,21+,0,1,0
786,329,1283,74,75,33,71-80,21+,0,1,0
786,329,1357,74,75,33,71-80,21+,0,1,0
786,329,1403,74,75,33,71-80,21+,0,1,0
786,330,1283,74,75,33,71-80,21+,0,1,0
786,330,1357,74,75,33,71-80,21+,0,1,0
786,330,1403,74,75,33,71-80,21+,0,1,0
786,332,1283,74,75,33,71-80,21+,0,1,0
786,332,1357,74,75,33,71-80,21+,0,1,0
786,332,1403,74,75,33,71-80,21+,0,1,0
786,335,1283,74,75,33,71-80,21+,0,1,0
786,335,1357,74,75,33,71-80,21+,0,1,0
786,335,1403,74,75,33,71-80,21+,0,1,0
786,718,1283,74,75,33,71-80,21+,0,1,0
786,718,1357,74,75,33,71-80,21+,0,1,0
786,718,1403,74,75,33,71-80,21+,0,1,0
786,789,1283,74,75,33,71-80,21+,0,1,0
786,789,1357,74,75,33,71-80,21+,0,1,0
786,789,1403,74,75,33,71-80,21+,0,1,0
786,1092,1283,74,75,33,71-80,21+,0,1,0
786,1092,1357,74,75,33,71-80,21+,0,1,0
786,1092,1403,74,75,33,71-80,21+,0,1,0
786,1093,1283,74,75,33,71-80,21+,0,1,0
786,1093,1357,74,75,33,71-80,21+,0,1,0
786,1093,1403,74,75,33,71-80,21+,0,1,0
786,1193,1283,74,75,33,71-80,21+,0,1,0
786,1193,1357,74,75,33,71-80,21+,0,1,0
786,1193,1403,74,75,33,71-80,21+,0,1,0
786,1283,1357,74,75,33,71-80,21+,1,0,1
786,1283,1403,74,75,33,71-80,21+,1,0,1
786,1357,1403,74,75,33,71-80,21+,1,0,1
786,331,1284,75,75,7,71-80,6-10,0,1,0
786,333,1284,75,75,7,71-80,6-10,0,1,0
786,788,1284,75,100,7,96-100,6-10,0,1,0
786,1284,1332,75,75,7,71-80,6-10,0,1,0
786,1284,1352,75,75,7,71-80,6-10,0,1,0
786,275,1311,84,80,15,71-80,11-20,0,1,0
786,314,1411,88,83,13,81-90,11-20,0,1,0
786,315,1411,88,83,13,81-90,11-20,0,1,0
786,316,1411,88,83,13,81-90,11-20,0,1,0
786,317,1420,89,85,10,81-90,6-10,0,1,0
786,318,1420,89,85,10,81-90,6-10,0,1,0
786,1358,1359,118,100,3,96-100,3-5,1,0,0
786,1418,1419,174,93,5,91-95,3-5,1,0,1
788,301,747,9,100,19,96-100,11-20,0,2,0
788,301,860,9,100,19,96-100,11-20,0,2,0
788,301,861,9,100,19,96-100,11-20,0,2,0
788,302,747,9,100,19,96-100,11-20,0,2,0
788,302,860,9,100,19,96-100,11-20,0,2,0
788,302,861,9,100,19,96-100,11-20,0,2,0
788,303,747,9,100,19,96-100,11-20,0,2,0
788,303,860,9,100,19,96-100,11-20,0,2,0
788,303,861,9,100,19,96-100,11-20,0,2,0
788,304,747,9,100,19,96-100,11-20,0,2,0
788,304,860,9,100,19,96-100,11-20,0,2,0
788,304,861,9,100,19,96-100,11-20,0,2,0
788,747,860,9,75,19,71-80,11-20,1,0,1
788,747,861,9,75,19,71-80,11-20,1,0,1
788,747,1285,9,75,19,71-80,11-20,0,2,0
788,747,1366,9,75,19,71-80,11-20,0,2,0
788,860,861,9,75,19,71-80,11-20,1,0,1
788,860,1285,9,75,19,71-80,11-20,0,2,0
788,860,1366,9,75,19,71-80,11-20,0,2,0
788,861,1285,9,75,19,71-80,11-20,0,2,0
788,861,1366,9,75,19,71-80,11-20,0,2,0
788,963,968,37,76,15,71-80,11-20,0,4,0
788,964,968,37,76,15,71-80,11-20,0,4,0
788,965,968,37,76,15,71-80,11-20,0,4,0
788,968,1312,37,75,15,71-80,11-20,0,2,0
788,968,1314,37,75,15,71-80,11-20,0,2,0
788,968,1315,37,75,15,71-80,11-20,0,2,0
788,968,1316,37,75,15,71-80,11-20,0,2,0
788,968,1317,37,75,15,71-80,11-20,0,2,0
788,968,1360,37,75,15,71-80,11-20,0,2,0
788,679,746,54,75,17,71-80,11-20,0,2,0
788,679,1089,54,75,17,71-80,11-20,0,2,0
788,679,1090,54,75,17,71-80,11-20,0,2,0
788,679,1091,54,75,17,71-80,11-20,0,2,0
788,679,1263,54,75,17,71-80,11-20,0,2,0
788,679,1267,54,75,17,71-80,11-20,0,2,0
788,679,1401,54,75,17,71-80,11-20,0,2,0
788,679,1409,54,75,17,71-80,11-20,0,3,0
788,679,1410,54,75,17,71-80,11-20,0,2,0
791,1423,1424,39,83,4,81-90,3-5,1,0,1
791,327,1357,74,75,33,71-80,21+,0,1,0
791,327,1422,74,75,33,71-80,21+,0,1,0
791,328,1357,74,75,33,71-80,21+,0,1,0
791,328,1422,74,75,33,71-80,21+,0,1,0
791,329,1357,74,75,33,71-80,21+,0,1,0
791,329,1422,74,75,33,71-80,21+,0,1,0
791,330,1357,74,75,33,71-80,21+,0,1,0
791,330,1422,74,75,33,71-80,21+,0,1,0
791,332,1357,74,75,33,71-80,21+,0,1,0
791,332,1422,74,75,33,71-80,21+,0,1,0
791,335,1357,74,75,33,71-80,21+,0,1,0
791,335,1422,74,75,33,71-80,21+,0,1,0
791,718,1357,74,75,33,71-80,21+,0,1,0
791,718,1422,74,75,33,71-80,21+,0,1,0
791,789,1357,74,75,33,71-80,21+,0,1,0
791,789,1422,74,75,33,71-80,21+,0,1,0
791,1092,1357,74,75,33,71-80,21+,0,1,0
791,1092,1422,74,75,33,71-80,21+,0,1,0
791,1093,1357,74,75,33,71-80,21+,0,1,0
791,1093,1422,74,75,33,71-80,21+,0,1,0
791,1193,1357,74,75,33,71-80,21+,0,1,0
791,1193,1422,74,75,33,71-80,21+,0,1,0
791,1283,1357,74,75,33,71-80,21+,1,0,0
791,1283,1422,74,75,33,71-80,21+,1,0,0
791,1357,1403,74,75,33,71-80,21+,1,0,0
791,1357,1422,74,75,33,71-80,21+,1,0,1
791,1403,1422,74,75,33,71-80,21+,1,0,0
791,314,1411,88,83,13,81-90,11-20,0,1,0
791,315,1411,88,83,13,81-90,11-20,0,1,0
791,316,1411,88,83,13,81-90,11-20,0,1,0
791,1358,1359,118,100,3,96-100,3-5,1,0,0
792,227,1404,72,71,7,71-80,6-10,0,1,0
792,228,1404,72,71,7,71-80,6-10,0,1,0
792,1313,1404,72,75,7,71-80,6-10,0,1,0
792,1404,1406,72,75,7,71-80,6-10,0,1,0
792,1413,1414,167,71,4,71-80,3-5,1,0,0
792,1407,1416,169,75,9,71-80,6-10,1,0,0
793,227,1406,72,71,7,71-80,6-10,0,1,0
793,228,1406,72,71,7,71-80,6-10,0,1,0
793,1313,1406,72,75,7,71-80,6-10,0,1,0
793,1404,1406,72,75,7,71-80,6-10,0,1,0
793,1418,1419,174,93,5,91-95,3-5,1,0,1
794,168,1425,56,75,9,71-80,6-10,0,1,0
794,169,1425,56,75,9,71-80,6-10,0,1,0
794,170,1425,56,75,9,71-80,6-10,0,1,0
794,236,1425,56,75,9,71-80,6-10,0,1,0
795,963,1360,37,76,15,71-80,11-20,0,4,0
795,964,1360,37,76,15,71-80,11-20,0,4,0
795,965,1360,37,76,15,71-80,11-20,0,4,0
795,968,1360,37,75,15,71-80,11-20,0,2,0
795,1312,1360,37,75,15,71-80,11-20,1,0,0
795,1314,1360,37,75,15,71-80,11-20,1,0,0
795,1315,1360,37,75,15,71-80,11-20,1,0,0
795,1316,1360,37,75,15,71-80,11-20,1,0,0
795,1317,1360,37,75,15,71-80,11-20,1,0,0
795,327,1283,74,75,33,71-80,21+,0,1,0
795,327,1357,74,75,33,71-80,21+,0,1,0
795,327,1422,74,75,33,71-80,21+,0,1,0
795,328,1283,74,75,33,71-80,21+,0,1,0
795,328,1357,74,75,33,71-80,21+,0,1,0
795,328,1422,74,75,33,71-80,21+,0,1,0
795,329,1283,74,75,33,71-80,21+,0,1,0
795,329,1357,74,75,33,71-80,21+,0,1,0
795,329,1422,74,75,33,71-80,21+,0,1,0
795,330,1283,74,75,33,71-80,21+,0,1,0
795,330,1357,74,75,33,71-80,21+,0,1,0
795,330,1422,74,75,33,71-80,21+,0,1,0
795,332,1283,74,75,33,71-80,21+,0,1,0
795,332,1357,74,75,33,71-80,21+,0,1,0
795,332,1422,74,75,33,71-80,21+,0,1,0
795,335,1283,74,75,33,71-80,21+,0,1,0
795,335,1357,74,75,33,71-80,21+,0,1,0
795,335,1422,74,75,33,71-80,21+,0,1,0
795,718,1283,74,75,33,71-80,21+,0,1,0
795,718,1357,74,75,33,71-80,21+,0,1,0
795,718,1422,74,75,33,71-80,21+,0,1,0
795,789,1283,74,75,33,71-80,21+,0,1,0
795,789,1357,74,75,33,71-80,21+,0,1,0
795,789,1422,74,75,33,71-80,21+,0,1,0
795,1092,1283,74,75,33,71-80,21+,0,1,0
795,1092,1357,74,75,33,71-80,21+,0,1,0
795,1092,1422,74,75,33,71-80,21+,0,1,0
795,1093,1283,74,75,33,71-80,21+,0,1,0
795,1093,1357,74,75,33,71-80,21+,0,1,0
795,1093,1422,74,75,33,71-80,21+,0,1,0
795,1193,1283,74,75,33,71-80,21+,0,1,0
795,1193,1357,74,75,33,71-80,21+,0,1,0
795,1193,1422,74,75,33,71-80,21+,0,1,0
795,1283,1357,74,75,33,71-80,21+,1,0,1
795,1283,1403,74,75,33,71-80,21+,1,0,0
795,1283,1422,74,75,33,71-80,21+,1,0,1
795,1357,1403,74,75,33,71-80,21+,1,0,0
795,1357,1422,74,75,33,71-80,21+,1,0,1
795,1403,1422,74,75,33,71-80,21+,1,0,0
795,331,1284,75,75,7,71-80,6-10,0,1,0
795,333,1284,75,75,7,71-80,6-10,0,1,0
795,788,1284,75,100,7,96-100,6-10,0,1,0
795,1284,1332,75,75,7,71-80,6-10,0,1,0
795,1284,1352,75,75,7,71-80,6-10,0,1,0
795,305,1286,87,75,16,71-80,11-20,0,1,0
795,306,1286,87,75,16,71-80,11-20,0,1,0
795,726,1286,87,75,16,71-80,11-20,0,1,0
795,994,1286,87,75,16,71-80,11-20,0,1,0
795,1194,1286,87,75,16,71-80,11-20,0,1,0
795,314,1411,88,83,13,81-90,11-20,0,1,0
795,315,1411,88,83,13,81-90,11-20,0,1,0
795,316,1411,88,83,13,81-90,11-20,0,1,0
795,317,1420,89,85,10,81-90,6-10,0,1,0
795,318,1420,89,85,10,81-90,6-10,0,1,0
795,1358,1359,118,100,3,96-100,3-5,1,0,0
796,301,1285,9,100,19,96-100,11-20,0,1,0
796,302,1285,9,100,19,96-100,11-20,0,1,0
796,303,1285,9,100,19,96-100,11-20,0,1,0
796,304,1285,9,100,19,96-100,11-20,0,1,0
796,747,1285,9,75,19,71-80,11-20,0,2,0
796,860,1285,9,75,19,71-80,11-20,0,2,0
796,861,1285,9,75,19,71-80,11-20,0,2,0
796,1285,1366,9,75,19,71-80,11-20,1,0,0
796,963,1360,37,76,15,71-80,11-20,0,4,0
796,964,1360,37,76,15,71-80,11-20,0,4,0
796,965,1360,37,76,15,71-80,11-20,0,4,0
796,968,1360,37,75,15,71-80,11-20,0,2,0
796,1312,1360,37,75,15,71-80,11-20,1,0,0
796,1314,1360,37,75,15,71-80,11-20,1,0,0
796,1315,1360,37,75,15,71-80,11-20,1,0,0
796,1316,1360,37,75,15,71-80,11-20,1,0,0
796,1317,1360,37,75,15,71-80,11-20,1,0,0
796,168,1425,56,75,9,71-80,6-10,0,1,0
796,169,1425,56,75,9,71-80,6-10,0,1,0
796,170,1425,56,75,9,71-80,6-10,0,1,0
796,236,1425,56,75,9,71-80,6-10,0,1,0
796,327,1283,74,75,33,71-80,21+,0,1,0
796,327,1357,74,75,33,71-80,21+,0,1,0
796,327,1422,74,75,33,71-80,21+,0,1,0
796,328,1283,74,75,33,71-80,21+,0,1,0
796,328,1357,74,75,33,71-80,21+,0,1,0
796,328,1422,74,75,33,71-80,21+,0,1,0
796,329,1283,74,75,33,71-80,21+,0,1,0
796,329,1357,74,75,33,71-80,21+,0,1,0
796,329,1422,74,75,33,71-80,21+,0,1,0
796,330,1283,74,75,33,71-80,21+,0,1,0
796,330,1357,74,75,33,71-80,21+,0,1,0
796,330,1422,74,75,33,71-80,21+,0,1,0
796,332,1283,74,75,33,71-80,21+,0,1,0
796,332,1357,74,75,33,71-80,21+,0,1,0
796,332,1422,74,75,33,71-80,21+,0,1,0
796,335,1283,74,75,33,71-80,21+,0,1,0
796,335,1357,74,75,33,71-80,21+,0,1,0
796,335,1422,74,75,33,71-80,21+,0,1,0
796,718,1283,74,75,33,71-80,21+,0,1,0
796,718,1357,74,75,33,71-80,21+,0,1,0
796,718,1422,74,75,33,71-80,21+,0,1,0
796,789,1283,74,75,33,71-80,21+,0,1,0
796,789,1357,74,75,33,71-80,21+,0,1,0
796,789,1422,74,75,33,71-80,21+,0,1,0
796,1092,1283,74,75,33,71-80,21+,0,1,0
796,1092,1357,74,75,33,71-80,21+,0,1,0
796,1092,1422,74,75,33,71-80,21+,0,1,0
796,1093,1283,74,75,33,71-80,21+,0,1,0
796,1093,1357,74,75,33,71-80,21+,0,1,0
796,1093,1422,74,75,33,71-80,21+,0,1,0
796,1193,1283,74,75,33,71-80,21+,0,1,0
796,1193,1357,74,75,33,71-80,21+,0,1,0
796,1193,1422,74,75,33,71-80,21+,0,1,0
796,1283,1357,74,75,33,71-80,21+,1,0,1
796,1283,1403,74,75,33,71-80,21+,1,0,0
796,1283,1422,74,75,33,71-80,21+,1,0,1
796,1357,1403,74,75,33,71-80,21+,1,0,0
796,1357,1422,74,75,33,71-80,21+,1,0,1
796,1403,1422,74,75,33,71-80,21+,1,0,0
796,331,1284,75,75,7,71-80,6-10,0,1,0
796,333,1284,75,75,7,71-80,6-10,0,1,0
796,788,1284,75,100,7,96-100,6-10,0,1,0
796,1284,1332,75,75,7,71-80,6-10,0,1,0
796,1284,1352,75,75,7,71-80,6-10,0,1,0
796,305,1286,87,75,16,71-80,11-20,0,1,0
796,306,1286,87,75,16,71-80,11-20,0,1,0
796,726,1286,87,75,16,71-80,11-20,0,1,0
796,994,1286,87,75,16,71-80,11-20,0,1,0
796,1194,1286,87,75,16,71-80,11-20,0,1,0
796,314,1411,88,83,13,81-90,11-20,0,1,0
796,315,1411,88,83,13,81-90,11-20,0,1,0
796,316,1411,88,83,13,81-90,11-20,0,1,0
796,317,1420,89,85,10,81-90,6-10,0,1,0
796,318,1420,89,85,10,81-90,6-10,0,1,0
796,1358,1359,118,100,3,96-100,3-5,1,0,1
796,1426,1427,175,100,4,96-100,3-5,1,0,1
797,168,1425,56,75,9,71-80,6-10,0,1,0
797,169,1425,56,75,9,71-80,6-10,0,1,0
797,170,1425,56,75,9,71-80,6-10,0,1,0
797,236,1425,56,75,9,71-80,6-10,0,1,0
797,1256,1257,115,88,5,81-90,3-5,0,1,0
797,1407,1416,169,75,9,71-80,6-10,1,0,0
797,1418,1419,174,93,5,91-95,3-5,1,0,0
797,1426,1427,175,100,4,96-100,3-5,1,0,1
798,963,1360,37,76,15,71-80,11-20,0,4,0
798,964,1360,37,76,15,71-80,11-20,0,4,0
798,965,1360,37,76,15,71-80,11-20,0,4,0
798,968,1360,37,75,15,71-80,11-20,0,2,0
798,1312,1360,37,75,15,71-80,11-20,1,0,0
798,1314,1360,37,75,15,71-80,11-20,1,0,0
798,1315,1360,37,75,15,71-80,11-20,1,0,0
798,1316,1360,37,75,15,71-80,11-20,1,0,0
798,1317,1360,37,75,15,71-80,11-20,1,0,0
798,168,1425,56,75,9,71-80,6-10,0,1,0
798,169,1425,56,75,9,71-80,6-10,0,1,0
798,170,1425,56,75,9,71-80,6-10,0,1,0
798,236,1425,56,75,9,71-80,6-10,0,1,0
798,327,1357,74,75,33,71-80,21+,0,1,0
798,327,1422,74,75,33,71-80,21+,0,1,0
798,328,1357,74,75,33,71-80,21+,0,1,0
798,328,1422,74,75,33,71-80,21+,0,1,0
798,329,1357,74,75,33,71-80,21+,0,1,0
798,329,1422,74,75,33,71-80,21+,0,1,0
798,330,1357,74,75,33,71-80,21+,0,1,0
798,330,1422,74,75,33,71-80,21+,0,1,0
798,332,1357,74,75,33,71-80,21+,0,1,0
798,332,1422,74,75,33,71-80,21+,0,1,0
798,335,1357,74,75,33,71-80,21+,0,1,0
798,335,1422,74,75,33,71-80,21+,0,1,0
798,718,1357,74,75,33,71-80,21+,0,1,0
798,718,1422,74,75,33,71-80,21+,0,1,0
798,789,1357,74,75,33,71-80,21+,0,1,0
798,789,1422,74,75,33,71-80,21+,0,1,0
798,1092,1357,74,75,33,71-80,21+,0,1,0
798,1092,1422,74,75,33,71-80,21+,0,1,0
798,1093,1357,74,75,33,71-80,21+,0,1,0
798,1093,1422,74,75,33,71-80,21+,0,1,0
798,1193,1357,74,75,33,71-80,21+,0,1,0
798,1193,1422,74,75,33,71-80,21+,0,1,0
798,1283,1357,74,75,33,71-80,21+,1,0,0
798,1283,1422,74,75,33,71-80,21+,1,0,0
798,1357,1403,74,75,33,71-80,21+,1,0,0
798,1357,1422,74,75,33,71-80,21+,1,0,1
798,1403,1422,74,75,33,71-80,21+,1,0,0
798,1358,1359,118,100,3,96-100,3-5,1,0,0
798,1407,1416,169,75,9,71-80,6-10,1,0,1
798,1418,1419,174,93,5,91-95,3-5,1,0,1
798,1426,1427,175,100,4,96-100,3-5,1,0,1
799,301,1366,9,100,19,96-100,11-20,0,1,0
799,302,1366,9,100,19,96-100,11-20,0,1,0
799,303,1366,9,100,19,96-100,11-20,0,1,0
799,304,1366,9,100,19,96-100,11-20,0,1,0
799,747,1366,9,75,19,71-80,11-20,0,2,0
799,860,1366,9,75,19,71-80,11-20,0,2,0
799,861,1366,9,75,19,71-80,11-20,0,2,0
799,1285,1366,9,75,19,71-80,11-20,1,0,0
799,963,1315,37,76,15,71-80,11-20,0,4,0
799,963,1316,37,76,15,71-80,11-20,0,4,0
799,963,1317,37,76,15,71-80,11-20,0,4,0
799,963,1360,37,76,15,71-80,11-20,0,4,0
799,964,1315,37,76,15,71-80,11-20,0,4,0
799,964,1316,37,76,15,71-80,11-20,0,4,0
799,964,1317,37,76,15,71-80,11-20,0,4,0
799,964,1360,37,76,15,71-80,11-20,0,4,0
799,965,1315,37,76,15,71-80,11-20,0,4,0
799,965,1316,37,76,15,71-80,11-20,0,4,0
799,965,1317,37,76,15,71-80,11-20,0,4,0
799,965,1360,37,76,15,71-80,11-20,0,4,0
799,968,1315,37,75,15,71-80,11-20,0,2,0
799,968,1316,37,75,15,71-80,11-20,0,2,0
799,968,1317,37,75,15,71-80,11-20,0,2,0
799,968,1360,37,75,15,71-80,11-20,0,2,0
799,1312,1315,37,75,15,71-80,11-20,1,0,0
799,1312,1316,37,75,15,71-80,11-20,1,0,0
799,1312,1317,37,75,15,71-80,11-20,1,0,0
799,1312,1360,37,75,15,71-80,11-20,1,0,0
799,1314,1315,37,75,15,71-80,11-20,1,0,0
799,1314,1316,37,75,15,71-80,11-20,1,0,0
799,1314,1317,37,75,15,71-80,11-20,1,0,0
799,1314,1360,37,75,15,71-80,11-20,1,0,0
799,1315,1316,37,75,15,71-80,11-20,1,0,1
799,1315,1317,37,75,15,71-80,11-20,1,0,1
799,1315,1360,37,75,15,71-80,11-20,1,0,1
799,1316,1317,37,75,15,71-80,11-20,1,0,1
799,1316,1360,37,75,15,71-80,11-20,1,0,1
799,1317,1360,37,75,15,71-80,11-20,1,0,1
799,65,1135,45,100,21,96-100,21+,0,1,0
799,66,1135,45,100,21,96-100,21+,0,1,0
799,67,1135,45,100,21,96-100,21+,0,1,0
799,68,1135,45,100,21,96-100,21+,0,1,0
799,69,1135,45,100,21,96-100,21+,0,1,0
799,71,1135,45,100,21,96-100,21+,0,1,0
799,72,1135,45,100,21,96-100,21+,0,1,0
799,73,1135,45,100,21,96-100,21+,0,1,0
799,661,1135,45,100,21,96-100,21+,0,1,0
799,723,1135,45,100,21,96-100,21+,0,1,0
799,1135,1264,45,100,21,96-100,21+,0,1,0
799,1135,1399,45,100,21,96-100,21+,0,1,0
799,679,1410,54,75,17,71-80,11-20,0,2,0
799,746,1410,54,75,17,71-80,11-20,0,1,0
799,1089,1410,54,75,17,71-80,11-20,0,1,0
799,1090,1410,54,75,17,71-80,11-20,0,1,0
799,1091,1410,54,75,17,71-80,11-20,0,1,0
799,1263,1410,54,75,17,71-80,11-20,0,1,0
799,1267,1410,54,75,17,71-80,11-20,0,1,0
799,1401,1410,54,75,17,71-80,11-20,0,1,0
799,1409,1410,54,73,17,71-80,11-20,0,1,0
799,227,1313,72,71,7,71-80,6-10,0,1,0
799,228,1313,72,71,7,71-80,6-10,0,1,0
799,327,789,74,75,33,71-80,21+,0,1,0
799,327,1283,74,75,33,71-80,21+,0,1,0
799,327,1357,74,75,33,71-80,21+,0,1,0
799,327,1403,74,75,33,71-80,21+,0,1,0
799,327,1422,74,75,33,71-80,21+,0,1,0
799,328,789,74,75,33,71-80,21+,0,1,0
799,328,1283,74,75,33,71-80,21+,0,1,0
799,328,1357,74,75,33,71-80,21+,0,1,0
799,328,1403,74,75,33,71-80,21+,0,1,0
799,328,1422,74,75,33,71-80,21+,0,1,0
799,329,789,74,75,33,71-80,21+,0,1,0
799,329,1283,74,75,33,71-80,21+,0,1,0
799,329,1357,74,75,33,71-80,21+,0,1,0
799,329,1403,74,75,33,71-80,21+,0,1,0
799,329,1422,74,75,33,71-80,21+,0,1,0
799,330,789,74,75,33,71-80,21+,0,1,0
799,330,1283,74,75,33,71-80,21+,0,1,0
799,330,1357,74,75,33,71-80,21+,0,1,0
799,330,1403,74,75,33,71-80,21+,0,1,0
799,330,1422,74,75,33,71-80,21+,0,1,0
799,332,789,74,75,33,71-80,21+,0,1,0
799,332,1283,74,75,33,71-80,21+,0,1,0
799,332,1357,74,75,33,71-80,21+,0,1,0
799,332,1403,74,75,33,71-80,21+,0,1,0
799,332,1422,74,75,33,71-80,21+,0,1,0
799,335,789,74,75,33,71-80,21+,0,1,0
799,335,1283,74,75,33,71-80,21+,0,1,0
799,335,1357,74,75,33,71-80,21+,0,1,0
799,335,1403,74,75,33,71-80,21+,0,1,0
799,335,1422,74,75,33,71-80,21+,0,1,0
799,718,789,74,75,33,71-80,21+,0,1,0
799,718,1283,74,75,33,71-80,21+,0,1,0
799,718,1357,74,75,33,71-80,21+,0,1,0
799,718,1403,74,75,33,71-80,21+,0,1,0
799,718,1422,74,75,33,71-80,21+,0,1,0
799,789,1092,74,75,33,71-80,21+,0,1,0
799,789,1093,74,75,33,71-80,21+,0,1,0
799,789,1193,74,75,33,71-80,21+,0,1,0
799,789,1283,74,75,33,71-80,21+,0,1,1
799,789,1357,74,75,33,71-80,21+,0,1,1
799,789,1403,74,75,33,71-80,21+,0,1,1
799,789,1422,74,75,33,71-80,21+,0,1,1
799,1092,1283,74,75,33,71-80,21+,0,1,0
799,1092,1357,74,75,33,71-80,21+,0,1,0
799,1092,1403,74,75,33,71-80,21+,0,1,0
799,1092,1422,74,75,33,71-80,21+,0,1,0
799,1093,1283,74,75,33,71-80,21+,0,1,0
799,1093,1357,74,75,33,71-80,21+,0,1,0
799,1093,1403,74,75,33,71-80,21+,0,1,0
799,1093,1422,74,75,33,71-80,21+,0,1,0
799,1193,1283,74,75,33,71-80,21+,0,1,0
799,1193,1357,74,75,33,71-80,21+,0,1,0
799,1193,1403,74,75,33,71-80,21+,0,1,0
799,1193,1422,74,75,33,71-80,21+,0,1,0
799,1283,1357,74,75,33,71-80,21+,1,0,1
799,1283,1403,74,75,33,71-80,21+,1,0,1
799,1283,1422,74,75,33,71-80,21+,1,0,1
799,1357,1403,74,75,33,71-80,21+,1,0,1
799,1357,1422,74,75,33,71-80,21+,1,0,1
799,1403,1422,74,75,33,71-80,21+,1,0,1
799,331,788,75,75,7,71-80,6-10,0,1,0
799,333,788,75,75,7,71-80,6-10,0,1,0
799,788,1284,75,100,7,96-100,6-10,0,1,0
799,788,1332,75,100,7,96-100,6-10,0,1,0
799,788,1352,75,100,7,96-100,6-10,0,1,0
799,305,1286,87,75,16,71-80,11-20,0,1,0
799,306,1286,87,75,16,71-80,11-20,0,1,0
799,726,1286,87,75,16,71-80,11-20,0,1,0
799,994,1286,87,75,16,71-80,11-20,0,1,0
799,1194,1286,87,75,16,71-80,11-20,0,1,0
799,314,1411,88,83,13,81-90,11-20,0,1,0
799,315,1411,88,83,13,81-90,11-20,0,1,0
799,316,1411,88,83,13,81-90,11-20,0,1,0
799,364,1138,95,75,11,71-80,11-20,0,1,0
799,1138,1139,95,75,11,71-80,11-20,0,1,0
799,1138,1142,95,75,11,71-80,11-20,1,0,0
799,1148,1149,97,80,19,71-80,11-20,1,0,1
799,1148,1151,97,80,19,71-80,11-20,1,0,1
799,1148,1152,97,80,19,71-80,11-20,1,0,1
799,1148,1154,97,80,19,71-80,11-20,1,0,1
799,1148,1155,97,80,19,71-80,11-20,1,0,1
799,1148,1156,97,80,19,71-80,11-20,1,0,1
799,1148,1157,97,80,19,71-80,11-20,1,0,1
799,1148,1158,97,80,19,71-80,11-20,1,0,1
799,1149,1151,97,80,19,71-80,11-20,1,0,1
799,1149,1152,97,80,19,71-80,11-20,1,0,1
799,1149,1154,97,80,19,71-80,11-20,1,0,1
799,1149,1155,97,80,19,71-80,11-20,1,0,1
799,1149,1156,97,80,19,71-80,11-20,1,0,1
799,1149,1157,97,80,19,71-80,11-20,1,0,1
799,1149,1158,97,80,19,71-80,11-20,1,0,1
799,1151,1152,97,80,19,71-80,11-20,1,0,1
799,1151,1154,97,80,19,71-80,11-20,1,0,1
799,1151,1155,97,80,19,71-80,11-20,1,0,1
799,1151,1156,97,80,19,71-80,11-20,1,0,1
799,1151,1157,97,80,19,71-80,11-20,1,0,1
799,1151,1158,97,80,19,71-80,11-20,1,0,1
799,1152,1154,97,80,19,71-80,11-20,1,0,1
799,1152,1155,97,80,19,71-80,11-20,1,0,1
799,1152,1156,97,80,19,71-80,11-20,1,0,1
799,1152,1157,97,80,19,71-80,11-20,1,0,1
799,1152,1158,97,80,19,71-80,11-20,1,0,1
799,1154,1155,97,80,19,71-80,11-20,1,0,1
799,1154,1156,97,80,19,71-80,11-20,1,0,1
799,1154,1157,97,80,19,71-80,11-20,1,0,1
799,1154,1158,97,80,19,71-80,11-20,1,0,1
799,1155,1156,97,80,19,71-80,11-20,1,0,1
799,1155,1157,97,80,19,71-80,11-20,1,0,1
799,1155,1158,97,80,19,71-80,11-20,1,0,1
799,1156,1157,97,80,19,71-80,11-20,1,0,1
799,1156,1158,97,80,19,71-80,11-20,1,0,1
799,1157,1158,97,80,19,71-80,11-20,1,0,1
799,1150,1162,99,83,9,81-90,6-10,1,0,1
799,1150,1163,99,83,9,81-90,6-10,1,0,1
799,1150,1164,99,83,9,81-90,6-10,1,0,1
799,1150,1165,99,83,9,81-90,6-10,1,0,1
799,1150,1166,99,83,9,81-90,6-10,1,0,1
799,1150,1199,99,83,9,81-90,6-10,0,1,0
799,1162,1163,99,83,9,81-90,6-10,1,0,1
799,1162,1164,99,83,9,81-90,6-10,1,0,1
799,1162,1165,99,83,9,81-90,6-10,1,0,1
799,1162,1166,99,83,9,81-90,6-10,1,0,1
799,1162,1199,99,83,9,81-90,6-10,0,1,0
799,1163,1164,99,83,9,81-90,6-10,1,0,1
799,1163,1165,99,83,9,81-90,6-10,1,0,1
799,1163,1166,99,83,9,81-90,6-10,1,0,1
799,1163,1199,99,83,9,81-90,6-10,0,1,0
799,1164,1165,99,83,9,81-90,6-10,1,0,1
799,1164,1166,99,83,9,81-90,6-10,1,0,1
799,1164,1199,99,83,9,81-90,6-10,0,1,0
799,1165,1166,99,83,9,81-90,6-10,1,0,1
799,1165,1199,99,83,9,81-90,6-10,0,1,0
799,1166,1199,99,83,9,81-90,6-10,0,1,0
799,1167,1168,101,80,11,71-80,11-20,1,0,1
799,1167,1169,101,80,11,71-80,11-20,1,0,1
799,1167,1170,101,80,11,71-80,11-20,1,0,1
799,1167,1172,101,80,11,71-80,11-20,1,0,1
799,1168,1169,101,80,11,71-80,11-20,1,0,1
799,1168,1170,101,80,11,71-80,11-20,1,0,1
799,1168,1172,101,80,11,71-80,11-20,1,0,1
799,1358,1359,118,100,3,96-100,3-5,1,0,1
800,327,328,74,75,33,71-80,21+,1,0,0
800,327,329,74,75,33,71-80,21+,1,0,0
800,327,330,74,75,33,71-80,21+,1,0,0
800,327,332,74,75,33,71-80,21+,1,0,0
800,327,335,74,75,33,71-80,21+,1,0,0
800,327,1357,74,75,33,71-80,21+,0,1,0
800,327,1422,74,75,33,71-80,21+,0,1,0
800,328,329,74,75,33,71-80,21+,1,0,1
800,328,330,74,75,33,71-80,21+,1,0,1
800,328,332,74,75,33,71-80,21+,1,0,1
800,328,335,74,75,33,71-80,21+,1,0,1
800,328,718,74,75,33,71-80,21+,0,1,0
800,328,789,74,75,33,71-80,21+,0,1,0
800,328,1092,74,75,33,71-80,21+,0,1,0
800,328,1093,74,75,33,71-80,21+,0,1,0
800,328,1193,74,75,33,71-80,21+,0,1,0
800,328,1283,74,75,33,71-80,21+,0,1,0
800,328,1357,74,75,33,71-80,21+,0,1,1
800,328,1403,74,75,33,71-80,21+,0,1,0
800,328,1422,74,75,33,71-80,21+,0,1,1
800,329,330,74,75,33,71-80,21+,1,0,1
800,329,332,74,75,33,71-80,21+,1,0,1
800,329,335,74,75,33,71-80,21+,1,0,1
800,329,718,74,75,33,71-80,21+,0,1,0
800,329,789,74,75,33,71-80,21+,0,1,0
800,329,1092,74,75,33,71-80,21+,0,1,0
800,329,1093,74,75,33,71-80,21+,0,1,0
800,329,1193,74,75,33,71-80,21+,0,1,0
800,329,1283,74,75,33,71-80,21+,0,1,0
800,329,1357,74,75,33,71-80,21+,0,1,1
800,329,1403,74,75,33,71-80,21+,0,1,0
800,329,1422,74,75,33,71-80,21+,0,1,1
800,330,332,74,75,33,71-80,21+,1,0,1
800,330,335,74,75,33,71-80,21+,1,0,1
800,330,718,74,75,33,71-80,21+,0,1,0
800,330,789,74,75,33,71-80,21+,0,1,0
800,330,1092,74,75,33,71-80,21+,0,1,0
800,330,1093,74,75,33,71-80,21+,0,1,0
800,330,1193,74,75,33,71-80,21+,0,1,0
800,330,1283,74,75,33,71-80,21+,0,1,0
800,330,1357,74,75,33,71-80,21+,0,1,1
800,330,1403,74,75,33,71-80,21+,0,1,0
800,330,1422,74,75,33,71-80,21+,0,1,1
800,332,335,74,75,33,71-80,21+,1,0,1
800,332,718,74,75,33,71-80,21+,0,1,0
800,332,789,74,75,33,71-80,21+,0,1,0
800,332,1092,74,75,33,71-80,21+,0,1,0
800,332,1093,74,75,33,71-80,21+,0,1,0
800,332,1193,74,75,33,71-80,21+,0,1,0
800,332,1283,74,75,33,71-80,21+,0,1,0
800,332,1357,74,75,33,71-80,21+,0,1,1
800,332,1403,74,75,33,71-80,21+,0,1,0
800,332,1422,74,75,33,71-80,21+,0,1,1
800,335,718,74,75,33,71-80,21+,0,1,0
800,335,789,74,75,33,71-80,21+,0,1,0
800,335,1092,74,75,33,71-80,21+,0,1,0
800,335,1093,74,75,33,71-80,21+,0,1,0
800,335,1193,74,75,33,71-80,21+,0,1,0
800,335,1283,74,75,33,71-80,21+,0,1,0
800,335,1357,74,75,33,71-80,21+,0,1,1
800,335,1403,74,75,33,71-80,21+,0,1,0
800,335,1422,74,75,33,71-80,21+,0,1,1
800,718,1357,74,75,33,71-80,21+,0,1,0
800,718,1422,74,75,33,71-80,21+,0,1,0
800,789,1357,74,75,33,71-80,21+,0,1,0
800,789,1422,74,75,33,71-80,21+,0,1,0
800,1092,1357,74,75,33,71-80,21+,0,1,0
800,1092,1422,74,75,33,71-80,21+,0,1,0
800,1093,1357,74,75,33,71-80,21+,0,1,0
800,1093,1422,74,75,33,71-80,21+,0,1,0
800,1193,1357,74,75,33,71-80,21+,0,1,0
800,1193,1422,74,75,33,71-80,21+,0,1,0
800,1283,1357,74,75,33,71-80,21+,1,0,0
800,1283,1422,74,75,33,71-80,21+,1,0,0
800,1357,1403,74,75,33,71-80,21+,1,0,0
800,1357,1422,74,75,33,71-80,21+,1,0,1
800,1403,1422,74,75,33,71-80,21+,1,0,0
800,331,333,75,75,7,71-80,6-10,1,0,0
800,331,788,75,75,7,71-80,6-10,0,1,0
800,331,1284,75,75,7,71-80,6-10,0,1,0
800,331,1332,75,75,7,71-80,6-10,0,1,0
800,331,1352,75,75,7,71-80,6-10,0,1,0
800,317,318,89,85,10,81-90,6-10,0,1,0
800,318,1420,89,85,10,81-90,6-10,0,1,0
800,319,320,90,85,5,81-90,3-5,0,1,0
800,340,341,92,75,17,71-80,11-20,1,0,1
800,340,342,92,75,17,71-80,11-20,1,0,1
800,341,342,92,75,17,71-80,11-20,1,0,1
801,301,1285,9,100,19,96-100,11-20,0,1,0
801,302,1285,9,100,19,96-100,11-20,0,1,0
801,303,1285,9,100,19,96-100,11-20,0,1,0
801,304,1285,9,100,19,96-100,11-20,0,1,0
801,747,1285,9,75,19,71-80,11-20,0,2,0
801,860,1285,9,75,19,71-80,11-20,0,2,0
801,861,1285,9,75,19,71-80,11-20,0,2,0
801,1285,1366,9,75,19,71-80,11-20,1,0,0
801,963,1360,37,76,15,71-80,11-20,0,4,0
801,964,1360,37,76,15,71-80,11-20,0,4,0
801,965,1360,37,76,15,71-80,11-20,0,4,0
801,968,1360,37,75,15,71-80,11-20,0,2,0
801,1312,1360,37,75,15,71-80,11-20,1,0,0
801,1314,1360,37,75,15,71-80,11-20,1,0,0
801,1315,1360,37,75,15,71-80,11-20,1,0,0
801,1316,1360,37,75,15,71-80,11-20,1,0,0
801,1317,1360,37,75,15,71-80,11-20,1,0,0
801,327,1283,74,75,33,71-80,21+,0,1,0
801,327,1357,74,75,33,71-80,21+,0,1,0
801,327,1403,74,75,33,71-80,21+,0,1,0
801,327,1422,74,75,33,71-80,21+,0,1,0
801,328,1283,74,75,33,71-80,21+,0,1,0
801,328,1357,74,75,33,71-80,21+,0,1,0
801,328,1403,74,75,33,71-80,21+,0,1,0
801,328,1422,74,75,33,71-80,21+,0,1,0
801,329,1283,74,75,33,71-80,21+,0,1,0
801,329,1357,74,75,33,71-80,21+,0,1,0
801,329,1403,74,75,33,71-80,21+,0,1,0
801,329,1422,74,75,33,71-80,21+,0,1,0
801,330,1283,74,75,33,71-80,21+,0,1,0
801,330,1357,74,75,33,71-80,21+,0,1,0
801,330,1403,74,75,33,71-80,21+,0,1,0
801,330,1422,74,75,33,71-80,21+,0,1,0
801,332,1283,74,75,33,71-80,21+,0,1,0
801,332,1357,74,75,33,71-80,21+,0,1,0
801,332,1403,74,75,33,71-80,21+,0,1,0
801,332,1422,74,75,33,71-80,21+,0,1,0
801,335,1283,74,75,33,71-80,21+,0,1,0
801,335,1357,74,75,33,71-80,21+,0,1,0
801,335,1403,74,75,33,71-80,21+,0,1,0
801,335,1422,74,75,33,71-80,21+,0,1,0
801,718,1283,74,75,33,71-80,21+,0,1,0
801,718,1357,74,75,33,71-80,21+,0,1,0
801,718,1403,74,75,33,71-80,21+,0,1,0
801,718,1422,74,75,33,71-80,21+,0,1,0
801,789,1283,74,75,33,71-80,21+,0,1,0
801,789,1357,74,75,33,71-80,21+,0,1,0
801,789,1403,74,75,33,71-80,21+,0,1,0
801,789,1422,74,75,33,71-80,21+,0,1,0
801,1092,1283,74,75,33,71-80,21+,0,1,0
801,1092,1357,74,75,33,71-80,21+,0,1,0
801,1092,1403,74,75,33,71-80,21+,0,1,0
801,1092,1422,74,75,33,71-80,21+,0,1,0
801,1093,1283,74,75,33,71-80,21+,0,1,0
801,1093,1357,74,75,33,71-80,21+,0,1,0
801,1093,1403,74,75,33,71-80,21+,0,1,0
801,1093,1422,74,75,33,71-80,21+,0,1,0
801,1193,1283,74,75,33,71-80,21+,0,1,0
801,1193,1357,74,75,33,71-80,21+,0,1,0
801,1193,1403,74,75,33,71-80,21+,0,1,0
801,1193,1422,74,75,33,71-80,21+,0,1,0
801,1283,1357,74,75,33,71-80,21+,1,0,1
801,1283,1403,74,75,33,71-80,21+,1,0,1
801,1283,1422,74,75,33,71-80,21+,1,0,1
801,1357,1403,74,75,33,71-80,21+,1,0,1
801,1357,1422,74,75,33,71-80,21+,1,0,1
801,1403,1422,74,75,33,71-80,21+,1,0,1
801,331,1284,75,75,7,71-80,6-10,0,1,0
801,333,1284,75,75,7,71-80,6-10,0,1,0
801,788,1284,75,100,7,96-100,6-10,0,1,0
801,1284,1332,75,75,7,71-80,6-10,0,1,0
801,1284,1352,75,75,7,71-80,6-10,0,1,0
801,1175,1429,85,83,10,81-90,6-10,0,1,0
801,1176,1429,85,83,10,81-90,6-10,0,1,0
801,305,1286,87,75,16,71-80,11-20,0,1,0
801,306,1286,87,75,16,71-80,11-20,0,1,0
801,726,1286,87,75,16,71-80,11-20,0,1,0
801,994,1286,87,75,16,71-80,11-20,0,1,0
801,1194,1286,87,75,16,71-80,11-20,0,1,0
801,314,1411,88,83,13,81-90,11-20,0,1,0
801,315,1411,88,83,13,81-90,11-20,0,1,0
801,316,1411,88,83,13,81-90,11-20,0,1,0
801,1358,1359,118,100,3,96-100,3-5,1,0,0
802,321,1408,35,75,14,71-80,11-20,0,1,0
802,322,1408,35,75,14,71-80,11-20,0,1,0
802,323,1408,35,75,14,71-80,11-20,0,1,0
802,324,1408,35,75,14,71-80,11-20,0,1,0
802,325,1408,35,75,14,71-80,11-20,0,1,0
802,326,1408,35,75,14,71-80,11-20,0,1,0
802,727,1408,35,75,14,71-80,11-20,0,1,0
802,1355,1408,35,75,14,71-80,11-20,0,4,0
802,1356,1408,35,75,14,71-80,11-20,0,1,0
803,959,1308,34,75,8,71-80,6-10,0,4,0
803,959,1309,34,75,8,71-80,6-10,0,4,0
803,960,1308,34,75,8,71-80,6-10,0,4,0
803,960,1309,34,75,8,71-80,6-10,0,4,0
803,1306,1308,34,75,8,71-80,6-10,0,1,0
803,1306,1309,34,75,8,71-80,6-10,0,1,0
803,1307,1308,34,75,8,71-80,6-10,1,0,0
803,1307,1309,34,75,8,71-80,6-10,1,0,0
803,1308,1309,34,75,8,71-80,6-10,1,0,1
803,963,1312,37,76,15,71-80,11-20,0,4,0
803,963,1314,37,76,15,71-80,11-20,0,4,0
803,963,1315,37,76,15,71-80,11-20,0,4,0
803,963,1316,37,76,15,71-80,11-20,0,4,0
803,963,1317,37,76,15,71-80,11-20,0,4,0
803,964,1312,37,76,15,71-80,11-20,0,4,0
803,964,1314,37,76,15,71-80,11-20,0,4,0
803,964,1315,37,76,15,71-80,11-20,0,4,0
803,964,1316,37,76,15,71-80,11-20,0,4,0
803,964,1317,37,76,15,71-80,11-20,0,4,0
803,965,1312,37,76,15,71-80,11-20,0,4,0
803,965,1314,37,76,15,71-80,11-20,0,4,0
803,965,1315,37,76,15,71-80,11-20,0,4,0
803,965,1316,37,76,15,71-80,11-20,0,4,0
803,965,1317,37,76,15,71-80,11-20,0,4,0
803,968,1312,37,75,15,71-80,11-20,0,2,0
803,968,1314,37,75,15,71-80,11-20,0,2,0
803,968,1315,37,75,15,71-80,11-20,0,2,0
803,968,1316,37,75,15,71-80,11-20,0,2,0
803,968,1317,37,75,15,71-80,11-20,0,2,0
803,1312,1314,37,75,15,71-80,11-20,1,0,1
803,1312,1315,37,75,15,71-80,11-20,1,0,1
803,1312,1316,37,75,15,71-80,11-20,1,0,1
803,1312,1317,37,75,15,71-80,11-20,1,0,1
803,1314,1315,37,75,15,71-80,11-20,1,0,1
803,1314,1316,37,75,15,71-80,11-20,1,0,1
803,1314,1317,37,75,15,71-80,11-20,1,0,1
803,1315,1316,37,75,15,71-80,11-20,1,0,1
803,1315,1317,37,75,15,71-80,11-20,1,0,1
803,1316,1317,37,75,15,71-80,11-20,1,0,1
803,679,1409,54,75,17,71-80,11-20,0,3,0
803,679,1410,54,75,17,71-80,11-20,0,2,0
803,746,1409,54,75,17,71-80,11-20,0,1,0
803,746,1410,54,75,17,71-80,11-20,0,1,0
803,1089,1409,54,75,17,71-80,11-20,0,1,0
803,1089,1410,54,75,17,71-80,11-20,0,1,0
803,1090,1409,54,75,17,71-80,11-20,0,1,0
803,1090,1410,54,75,17,71-80,11-20,0,1,0
803,1091,1409,54,75,17,71-80,11-20,0,1,0
803,1091,1410,54,75,17,71-80,11-20,0,1,0
803,1263,1409,54,75,17,71-80,11-20,0,1,0
803,1263,1410,54,75,17,71-80,11-20,0,1,0
803,1267,1409,54,75,17,71-80,11-20,0,1,0
803,1267,1410,54,75,17,71-80,11-20,0,1,0
803,1401,1409,54,75,17,71-80,11-20,0,1,0
803,1401,1410,54,75,17,71-80,11-20,0,1,0
803,1409,1410,54,73,17,71-80,11-20,0,1,1
803,327,1283,74,75,33,71-80,21+,0,1,0
803,327,1422,74,75,33,71-80,21+,0,1,0
803,328,1283,74,75,33,71-80,21+,0,1,0
803,328,1422,74,75,33,71-80,21+,0,1,0
803,329,1283,74,75,33,71-80,21+,0,1,0
803,329,1422,74,75,33,71-80,21+,0,1,0
803,330,1283,74,75,33,71-80,21+,0,1,0
803,330,1422,74,75,33,71-80,21+,0,1,0
803,332,1283,74,75,33,71-80,21+,0,1,0
803,332,1422,74,75,33,71-80,21+,0,1,0
803,335,1283,74,75,33,71-80,21+,0,1,0
803,335,1422,74,75,33,71-80,21+,0,1,0
803,718,1283,74,75,33,71-80,21+,0,1,0
803,718,1422,74,75,33,71-80,21+,0,1,0
803,789,1283,74,75,33,71-80,21+,0,1,0
803,789,1422,74,75,33,71-80,21+,0,1,0
803,1092,1283,74,75,33,71-80,21+,0,1,0
803,1092,1422,74,75,33,71-80,21+,0,1,0
803,1093,1283,74,75,33,71-80,21+,0,1,0
803,1093,1422,74,75,33,71-80,21+,0,1,0
803,1193,1283,74,75,33,71-80,21+,0,1,0
803,1193,1422,74,75,33,71-80,21+,0,1,0
803,1283,1422,74,75,33,71-80,21+,1,0,1
803,1283,1437,74,75,33,71-80,21+,0,1,1
803,1422,1437,74,75,33,71-80,21+,0,1,1
803,331,1284,75,75,7,71-80,6-10,0,1,0
803,333,1284,75,75,7,71-80,6-10,0,1,0
803,788,1284,75,100,7,96-100,6-10,0,1,0
803,1284,1332,75,75,7,71-80,6-10,0,1,0
803,1284,1352,75,75,7,71-80,6-10,0,1,0
803,524,1289,81,75,15,71-80,11-20,0,1,0
803,1034,1289,81,75,15,71-80,11-20,0,1,0
803,314,1411,88,83,13,81-90,11-20,0,1,0
803,315,1411,88,83,13,81-90,11-20,0,1,0
803,316,1411,88,83,13,81-90,11-20,0,1,0
803,317,1420,89,85,10,81-90,6-10,0,1,0
803,318,1420,89,85,10,81-90,6-10,0,1,0
803,1148,1154,97,80,19,71-80,11-20,1,0,0
803,1149,1154,97,80,19,71-80,11-20,1,0,0
803,1151,1154,97,80,19,71-80,11-20,1,0,0
803,1152,1154,97,80,19,71-80,11-20,1,0,0
803,1154,1155,97,80,19,71-80,11-20,1,0,0
803,1154,1156,97,80,19,71-80,11-20,1,0,0
803,1154,1157,97,80,19,71-80,11-20,1,0,0
803,1154,1158,97,80,19,71-80,11-20,1,0,0
803,1290,1291,155,91,7,91-95,6-10,0,1,1
803,1292,1293,156,71,9,71-80,6-10,0,1,1
804,327,1437,74,75,33,71-80,21+,0,1,0
804,328,1437,74,75,33,71-80,21+,0,1,0
804,329,1437,74,75,33,71-80,21+,0,1,0
804,330,1437,74,75,33,71-80,21+,0,1,0
804,332,1437,74,75,33,71-80,21+,0,1,0
804,335,1437,74,75,33,71-80,21+,0,1,0
804,718,1437,74,75,33,71-80,21+,0,1,0
804,789,1437,74,75,33,71-80,21+,0,1,0
804,1092,1437,74,75,33,71-80,21+,0,1,0
804,1093,1437,74,75,33,71-80,21+,0,1,0
804,1193,1437,74,75,33,71-80,21+,0,1,0
804,1283,1437,74,75,33,71-80,21+,0,1,0
804,1422,1437,74,75,33,71-80,21+,0,1,0
804,1438,1439,180,75,6,71-80,6-10,1,0,1
805,301,747,9,100,19,96-100,11-20,0,2,0
805,302,747,9,100,19,96-100,11-20,0,2,0
805,303,747,9,100,19,96-100,11-20,0,2,0
805,304,747,9,100,19,96-100,11-20,0,2,0
805,747,860,9,75,19,71-80,11-20,1,0,0
805,747,861,9,75,19,71-80,11-20,1,0,0
805,679,1409,54,75,17,71-80,11-20,0,3,0
805,679,1410,54,75,17,71-80,11-20,0,2,0
805,746,1409,54,75,17,71-80,11-20,0,1,0
805,746,1410,54,75,17,71-80,11-20,0,1,0
805,1089,1409,54,75,17,71-80,11-20,0,1,0
805,1089,1410,54,75,17,71-80,11-20,0,1,0
805,1090,1409,54,75,17,71-80,11-20,0,1,0
805,1090,1410,54,75,17,71-80,11-20,0,1,0
805,1091,1409,54,75,17,71-80,11-20,0,1,0
805,1091,1410,54,75,17,71-80,11-20,0,1,0
805,1263,1409,54,75,17,71-80,11-20,0,1,0
805,1263,1410,54,75,17,71-80,11-20,0,1,0
805,1267,1409,54,75,17,71-80,11-20,0,1,0
805,1267,1410,54,75,17,71-80,11-20,0,1,0
805,1401,1409,54,75,17,71-80,11-20,0,1,0
805,1401,1410,54,75,17,71-80,11-20,0,1,0
805,1409,1410,54,73,17,71-80,11-20,0,1,1
808,331,1284,75,75,7,71-80,6-10,0,1,0
808,333,1284,75,75,7,71-80,6-10,0,1,0
808,788,1284,75,100,7,96-100,6-10,0,1,0
808,1284,1332,75,75,7,71-80,6-10,0,1,0
808,1284,1352,75,75,7,71-80,6-10,0,1,0
808,305,1286,87,75,16,71-80,11-20,0,1,0
808,306,1286,87,75,16,71-80,11-20,0,1,0
808,726,1286,87,75,16,71-80,11-20,0,1,0
808,994,1286,87,75,16,71-80,11-20,0,1,0
808,1194,1286,87,75,16,71-80,11-20,0,1,0
808,314,1411,88,83,13,81-90,11-20,0,1,0
808,315,1411,88,83,13,81-90,11-20,0,1,0
808,316,1411,88,83,13,81-90,11-20,0,1,0
808,1304,1444,100,71,13,71-80,11-20,1,0,1
808,1304,1445,100,71,13,71-80,11-20,1,0,1
808,1444,1445,100,71,13,71-80,11-20,1,0,1
809,959,1307,34,75,8,71-80,6-10,0,4,0
809,959,1308,34,75,8,71-80,6-10,0,4,0
809,959,1309,34,75,8,71-80,6-10,0,4,0
809,960,1307,34,75,8,71-80,6-10,0,4,0
809,960,1308,34,75,8,71-80,6-10,0,4,0
809,960,1309,34,75,8,71-80,6-10,0,4,0
809,1306,1307,34,75,8,71-80,6-10,0,1,0
809,1306,1308,34,75,8,71-80,6-10,0,1,0
809,1306,1309,34,75,8,71-80,6-10,0,1,0
809,1307,1308,34,75,8,71-80,6-10,1,0,1
809,1307,1309,34,75,8,71-80,6-10,1,0,1
809,1308,1309,34,75,8,71-80,6-10,1,0,1
809,963,1315,37,76,15,71-80,11-20,0,4,0
809,964,1315,37,76,15,71-80,11-20,0,4,0
809,965,1315,37,76,15,71-80,11-20,0,4,0
809,968,1315,37,75,15,71-80,11-20,0,2,0
809,1312,1315,37,75,15,71-80,11-20,1,0,0
809,1314,1315,37,75,15,71-80,11-20,1,0,0
809,1315,1316,37,75,15,71-80,11-20,1,0,0
809,1315,1317,37,75,15,71-80,11-20,1,0,0
809,227,1313,72,71,7,71-80,6-10,0,1,0
809,228,1313,72,71,7,71-80,6-10,0,1,0
809,1140,1432,86,75,10,71-80,6-10,0,1,0
809,1141,1432,86,75,10,71-80,6-10,0,1,0
809,1318,1432,86,75,10,71-80,6-10,0,1,0
809,305,1286,87,75,16,71-80,11-20,0,1,0
809,306,1286,87,75,16,71-80,11-20,0,1,0
809,726,1286,87,75,16,71-80,11-20,0,1,0
809,994,1286,87,75,16,71-80,11-20,0,1,0
809,1194,1286,87,75,16,71-80,11-20,0,1,0
809,1444,1445,100,71,13,71-80,11-20,1,0,1
810,959,1307,34,75,8,71-80,6-10,0,4,0
810,959,1308,34,75,8,71-80,6-10,0,4,0
810,959,1309,34,75,8,71-80,6-10,0,4,0
810,960,1307,34,75,8,71-80,6-10,0,4,0
810,960,1308,34,75,8,71-80,6-10,0,4,0
810,960,1309,34,75,8,71-80,6-10,0,4,0
810,1306,1307,34,75,8,71-80,6-10,0,1,0
810,1306,1308,34,75,8,71-80,6-10,0,1,0
810,1306,1309,34,75,8,71-80,6-10,0,1,0
810,1307,1308,34,75,8,71-80,6-10,1,0,1
810,1307,1309,34,75,8,71-80,6-10,1,0,1
810,1308,1309,34,75,8,71-80,6-10,1,0,1
810,963,1312,37,76,15,71-80,11-20,0,4,0
810,963,1314,37,76,15,71-80,11-20,0,4,0
810,963,1315,37,76,15,71-80,11-20,0,4,0
810,963,1316,37,76,15,71-80,11-20,0,4,0
810,964,1312,37,76,15,71-80,11-20,0,4,0
810,964,1314,37,76,15,71-80,11-20,0,4,0
810,964,1315,37,76,15,71-80,11-20,0,4,0
810,964,1316,37,76,15,71-80,11-20,0,4,0
810,965,1312,37,76,15,71-80,11-20,0,4,0
810,965,1314,37,76,15,71-80,11-20,0,4,0
810,965,1315,37,76,15,71-80,11-20,0,4,0
810,965,1316,37,76,15,71-80,11-20,0,4,0
810,968,1312,37,75,15,71-80,11-20,0,2,0
810,968,1314,37,75,15,71-80,11-20,0,2,0
810,968,1315,37,75,15,71-80,11-20,0,2,0
810,968,1316,37,75,15,71-80,11-20,0,2,0
810,1312,1314,37,75,15,71-80,11-20,1,0,1
810,1312,1315,37,75,15,71-80,11-20,1,0,1
810,1312,1316,37,75,15,71-80,11-20,1,0,1
810,1312,1317,37,75,15,71-80,11-20,1,0,0
810,1314,1315,37,75,15,71-80,11-20,1,0,1
810,1314,1316,37,75,15,71-80,11-20,1,0,1
810,1314,1317,37,75,15,71-80,11-20,1,0,0
810,1315,1316,37,75,15,71-80,11-20,1,0,1
810,1315,1317,37,75,15,71-80,11-20,1,0,0
810,1316,1317,37,75,15,71-80,11-20,1,0,0
810,1397,1446,67,75,6,71-80,6-10,0,1,0
810,1398,1446,67,75,6,71-80,6-10,0,1,0
810,327,1448,74,75,33,71-80,21+,0,1,0
810,328,1448,74,75,33,71-80,21+,0,1,0
810,329,1448,74,75,33,71-80,21+,0,1,0
810,330,1448,74,75,33,71-80,21+,0,1,0
810,332,1448,74,75,33,71-80,21+,0,1,0
810,335,1448,74,75,33,71-80,21+,0,1,0
810,718,1448,74,75,33,71-80,21+,0,1,0
810,789,1448,74,75,33,71-80,21+,0,1,0
810,1092,1448,74,75,33,71-80,21+,0,1,0
810,1093,1448,74,75,33,71-80,21+,0,1,0
810,1193,1448,74,75,33,71-80,21+,0,1,0
810,1437,1448,74,75,33,71-80,21+,0,1,0
810,1412,1449,161,75,16,71-80,11-20,0,1,0
810,1430,1450,179,80,3,71-80,3-5,1,0,1
810,1430,1451,179,80,3,71-80,3-5,1,0,0
810,1450,1451,179,80,3,71-80,3-5,1,0,0
810,1438,1439,180,75,6,71-80,6-10,1,0,1
811,1009,1433,79,71,9,71-80,6-10,0,1,0
811,1011,1433,79,71,9,71-80,6-10,0,1,0
811,1433,1434,79,75,9,71-80,6-10,1,0,0
811,1433,1435,79,75,9,71-80,6-10,1,0,0
811,1433,1436,79,75,9,71-80,6-10,1,0,0
812,1417,1453,166,71,7,71-80,6-10,1,0,1
812,1417,1454,166,71,7,71-80,6-10,1,0,1
812,1453,1454,166,75,7,71-80,6-10,1,0,1
812,1407,1416,169,75,9,71-80,6-10,1,0,0
813,959,1307,34,75,8,71-80,6-10,0,4,0
813,959,1309,34,75,8,71-80,6-10,0,4,0
813,960,1307,34,75,8,71-80,6-10,0,4,0
813,960,1309,34,75,8,71-80,6-10,0,4,0
813,1306,1307,34,75,8,71-80,6-10,0,1,0
813,1306,1309,34,75,8,71-80,6-10,0,1,0
813,1307,1308,34,75,8,71-80,6-10,1,0,0
813,1307,1309,34,75,8,71-80,6-10,1,0,1
813,1308,1309,34,75,8,71-80,6-10,1,0,0
813,963,1315,37,76,15,71-80,11-20,0,4,0
813,963,1317,37,76,15,71-80,11-20,0,4,0
813,964,1315,37,76,15,71-80,11-20,0,4,0
813,964,1317,37,76,15,71-80,11-20,0,4,0
813,965,1315,37,76,15,71-80,11-20,0,4,0
813,965,1317,37,76,15,71-80,11-20,0,4,0
813,968,1315,37,75,15,71-80,11-20,0,2,0
813,968,1317,37,75,15,71-80,11-20,0,2,0
813,1312,1315,37,75,15,71-80,11-20,1,0,0
813,1312,1317,37,75,15,71-80,11-20,1,0,0
813,1314,1315,37,75,15,71-80,11-20,1,0,0
813,1314,1317,37,75,15,71-80,11-20,1,0,0
813,1315,1316,37,75,15,71-80,11-20,1,0,0
813,1315,1317,37,75,15,71-80,11-20,1,0,1
813,1316,1317,37,75,15,71-80,11-20,1,0,0
813,679,1409,54,75,17,71-80,11-20,0,3,0
813,679,1410,54,75,17,71-80,11-20,0,2,0
813,746,1409,54,75,17,71-80,11-20,0,1,0
813,746,1410,54,75,17,71-80,11-20,0,1,0
813,1089,1409,54,75,17,71-80,11-20,0,1,0
813,1089,1410,54,75,17,71-80,11-20,0,1,0
813,1090,1409,54,75,17,71-80,11-20,0,1,0
813,1090,1410,54,75,17,71-80,11-20,0,1,0
813,1091,1409,54,75,17,71-80,11-20,0,1,0
813,1091,1410,54,75,17,71-80,11-20,0,1,0
813,1263,1409,54,75,17,71-80,11-20,0,1,0
813,1263,1410,54,75,17,71-80,11-20,0,1,0
813,1267,1409,54,75,17,71-80,11-20,0,1,0
813,1267,1410,54,75,17,71-80,11-20,0,1,0
813,1401,1409,54,75,17,71-80,11-20,0,1,0
813,1401,1410,54,75,17,71-80,11-20,0,1,0
813,1409,1410,54,73,17,71-80,11-20,0,1,1
813,227,1313,72,71,7,71-80,6-10,0,1,0
813,228,1313,72,71,7,71-80,6-10,0,1,0
813,305,1286,87,75,16,71-80,11-20,0,1,0
813,306,1286,87,75,16,71-80,11-20,0,1,0
813,726,1286,87,75,16,71-80,11-20,0,1,0
813,994,1286,87,75,16,71-80,11-20,0,1,0
813,1194,1286,87,75,16,71-80,11-20,0,1,0
813,1304,1444,100,71,13,71-80,11-20,1,0,1
813,1304,1445,100,71,13,71-80,11-20,1,0,1
813,1444,1445,100,71,13,71-80,11-20,1,0,1
813,1340,1346,162,71,17,71-80,11-20,1,0,0
813,1342,1349,163,75,14,71-80,11-20,1,0,0
813,1344,1349,163,75,14,71-80,11-20,1,0,0
813,1345,1349,163,75,14,71-80,11-20,1,0,0
813,1347,1349,163,75,14,71-80,11-20,1,0,0
813,1349,1350,163,75,14,71-80,11-20,1,0,0
813,1349,1351,163,75,14,71-80,11-20,1,0,0
814,679,1409,54,75,17,71-80,11-20,0,3,0
814,679,1410,54,75,17,71-80,11-20,0,2,0
814,746,1409,54,75,17,71-80,11-20,0,1,0
814,746,1410,54,75,17,71-80,11-20,0,1,0
814,1089,1409,54,75,17,71-80,11-20,0,1,0
814,1089,1410,54,75,17,71-80,11-20,0,1,0
814,1090,1409,54,75,17,71-80,11-20,0,1,0
814,1090,1410,54,75,17,71-80,11-20,0,1,0
814,1091,1409,54,75,17,71-80,11-20,0,1,0
814,1091,1410,54,75,17,71-80,11-20,0,1,0
814,1263,1409,54,75,17,71-80,11-20,0,1,0
814,1263,1410,54,75,17,71-80,11-20,0,1,0
814,1267,1409,54,75,17,71-80,11-20,0,1,0
814,1267,1410,54,75,17,71-80,11-20,0,1,0
814,1401,1409,54,75,17,71-80,11-20,0,1,0
814,1401,1410,54,75,17,71-80,11-20,0,1,0
814,1409,1410,54,73,17,71-80,11-20,0,1,1
815,227,1313,72,71,7,71-80,6-10,0,1,0
815,228,1313,72,71,7,71-80,6-10,0,1,0
815,331,788,75,75,7,71-80,6-10,0,1,0
815,333,788,75,75,7,71-80,6-10,0,1,0
815,488,1038,76,75,5,71-80,3-5,1,0,1
815,305,1286,87,75,16,71-80,11-20,0,1,0
815,306,1286,87,75,16,71-80,11-20,0,1,0
815,726,1286,87,75,16,71-80,11-20,0,1,0
815,994,1286,87,75,16,71-80,11-20,0,1,0
815,1194,1286,87,75,16,71-80,11-20,0,1,0
815,1444,1445,100,71,13,71-80,11-20,1,0,0
815,1256,1257,115,88,5,81-90,3-5,0,1,0
817,227,1313,72,71,7,71-80,6-10,0,1,0
817,228,1313,72,71,7,71-80,6-10,0,1,0
817,327,1357,74,75,33,71-80,21+,0,1,0
817,328,1357,74,75,33,71-80,21+,0,1,0
817,329,1357,74,75,33,71-80,21+,0,1,0
817,330,1357,74,75,33,71-80,21+,0,1,0
817,332,1357,74,75,33,71-80,21+,0,1,0
817,335,1357,74,75,33,71-80,21+,0,1,0
817,718,1357,74,75,33,71-80,21+,0,1,0
817,1092,1357,74,75,33,71-80,21+,0,1,0
817,1093,1357,74,75,33,71-80,21+,0,1,0
817,1193,1357,74,75,33,71-80,21+,0,1,0
817,1357,1437,74,75,33,71-80,21+,0,1,0
817,1357,1448,74,75,33,71-80,21+,0,1,0
817,1009,1434,79,71,9,71-80,6-10,0,1,0
817,1011,1434,79,71,9,71-80,6-10,0,1,0
817,1433,1434,79,75,9,71-80,6-10,1,0,0
817,1434,1435,79,75,9,71-80,6-10,1,0,0
817,1434,1436,79,75,9,71-80,6-10,1,0,0
817,1148,1151,97,80,19,71-80,11-20,1,0,0
817,1148,1152,97,80,19,71-80,11-20,1,0,0
817,1148,1155,97,80,19,71-80,11-20,1,0,0
817,1149,1151,97,80,19,71-80,11-20,1,0,0
817,1149,1152,97,80,19,71-80,11-20,1,0,0
817,1149,1155,97,80,19,71-80,11-20,1,0,0
817,1151,1152,97,80,19,71-80,11-20,1,0,1
817,1151,1154,97,80,19,71-80,11-20,1,0,0
817,1151,1155,97,80,19,71-80,11-20,1,0,1
817,1151,1156,97,80,19,71-80,11-20,1,0,0
817,1151,1157,97,80,19,71-80,11-20,1,0,0
817,1151,1158,97,80,19,71-80,11-20,1,0,0
817,1152,1154,97,80,19,71-80,11-20,1,0,0
817,1152,1155,97,80,19,71-80,11-20,1,0,1
817,1152,1156,97,80,19,71-80,11-20,1,0,0
817,1152,1157,97,80,19,71-80,11-20,1,0,0
817,1152,1158,97,80,19,71-80,11-20,1,0,0
817,1154,1155,97,80,19,71-80,11-20,1,0,0
817,1155,1156,97,80,19,71-80,11-20,1,0,0
817,1155,1157,97,80,19,71-80,11-20,1,0,0
817,1155,1158,97,80,19,71-80,11-20,1,0,0
817,1444,1445,100,71,13,71-80,11-20,1,0,1
819,1423,1424,39,83,4,81-90,3-5,1,0,1
819,679,746,54,75,17,71-80,11-20,0,2,0
819,679,1089,54,75,17,71-80,11-20,0,2,0
819,679,1090,54,75,17,71-80,11-20,0,2,0
819,679,1091,54,75,17,71-80,11-20,0,2,0
819,679,1263,54,75,17,71-80,11-20,0,2,0
819,679,1267,54,75,17,71-80,11-20,0,2,0
819,679,1401,54,75,17,71-80,11-20,0,2,0
819,679,1409,54,75,17,71-80,11-20,0,3,0
819,679,1410,54,75,17,71-80,11-20,0,2,0
819,227,1313,72,71,7,71-80,6-10,0,1,0
819,228,1313,72,71,7,71-80,6-10,0,1,0
819,1009,1434,79,71,9,71-80,6-10,0,1,0
819,1011,1434,79,71,9,71-80,6-10,0,1,0
819,1433,1434,79,75,9,71-80,6-10,1,0,0
819,1434,1435,79,75,9,71-80,6-10,1,0,0
819,1434,1436,79,75,9,71-80,6-10,1,0,0
819,305,1286,87,75,16,71-80,11-20,0,1,0
819,306,1286,87,75,16,71-80,11-20,0,1,0
819,726,1286,87,75,16,71-80,11-20,0,1,0
819,994,1286,87,75,16,71-80,11-20,0,1,0
819,1194,1286,87,75,16,71-80,11-20,0,1,0
819,1148,1151,97,80,19,71-80,11-20,1,0,0
819,1148,1152,97,80,19,71-80,11-20,1,0,0
819,1148,1155,97,80,19,71-80,11-20,1,0,0
819,1149,1151,97,80,19,71-80,11-20,1,0,0
819,1149,1152,97,80,19,71-80,11-20,1,0,0
819,1149,1155,97,80,19,71-80,11-20,1,0,0
819,1151,1152,97,80,19,71-80,11-20,1,0,1
819,1151,1154,97,80,19,71-80,11-20,1,0,0
819,1151,1155,97,80,19,71-80,11-20,1,0,1
819,1151,1156,97,80,19,71-80,11-20,1,0,0
819,1151,1157,97,80,19,71-80,11-20,1,0,0
819,1151,1158,97,80,19,71-80,11-20,1,0,0
819,1152,1154,97,80,19,71-80,11-20,1,0,0
819,1152,1155,97,80,19,71-80,11-20,1,0,1
819,1152,1156,97,80,19,71-80,11-20,1,0,0
819,1152,1157,97,80,19,71-80,11-20,1,0,0
819,1152,1158,97,80,19,71-80,11-20,1,0,0
819,1154,1155,97,80,19,71-80,11-20,1,0,0
819,1155,1156,97,80,19,71-80,11-20,1,0,0
819,1155,1157,97,80,19,71-80,11-20,1,0,0
819,1155,1158,97,80,19,71-80,11-20,1,0,0
819,1444,1445,100,71,13,71-80,11-20,1,0,1
820,488,1038,76,75,5,71-80,3-5,1,0,0
821,305,1286,87,75,16,71-80,11-20,0,1,0
821,306,1286,87,75,16,71-80,11-20,0,1,0
821,726,1286,87,75,16,71-80,11-20,0,1,0
821,994,1286,87,75,16,71-80,11-20,0,1,0
821,1194,1286,87,75,16,71-80,11-20,0,1,0
821,1444,1445,100,71,13,71-80,11-20,1,0,0
821,892,893,113,81,8,81-90,6-10,1,0,1
821,1256,1257,115,88,5,81-90,3-5,0,1,0
821,1274,1353,152,100,16,96-100,11-20,0,1,0
821,1274,1354,152,100,16,96-100,11-20,0,1,0
821,1275,1353,152,100,16,96-100,11-20,0,1,0
821,1275,1354,152,100,16,96-100,11-20,0,1,0
821,1276,1353,152,100,16,96-100,11-20,0,1,0
821,1276,1354,152,100,16,96-100,11-20,0,1,0
821,1353,1354,152,77,16,71-80,11-20,1,0,1
821,1412,1457,161,75,16,71-80,11-20,0,1,0
821,1449,1457,161,75,16,71-80,11-20,0,1,0
822,1304,1444,100,71,13,71-80,11-20,1,0,0
822,1304,1445,100,71,13,71-80,11-20,1,0,0
823,321,1356,35,75,14,71-80,11-20,0,1,0
823,322,1356,35,75,14,71-80,11-20,0,1,0
823,323,1356,35,75,14,71-80,11-20,0,1,0
823,324,1356,35,75,14,71-80,11-20,0,1,0
823,325,1356,35,75,14,71-80,11-20,0,1,0
823,326,1356,35,75,14,71-80,11-20,0,1,0
823,727,1356,35,75,14,71-80,11-20,0,1,0
823,1355,1356,35,75,14,71-80,11-20,0,5,0
823,1356,1408,35,75,14,71-80,11-20,0,1,0
823,963,1360,37,76,15,71-80,11-20,0,4,0
823,964,1360,37,76,15,71-80,11-20,0,4,0
823,965,1360,37,76,15,71-80,11-20,0,4,0
823,968,1360,37,75,15,71-80,11-20,0,2,0
823,314,1458,88,83,13,81-90,11-20,0,1,0
823,315,1458,88,83,13,81-90,11-20,0,1,0
823,316,1458,88,83,13,81-90,11-20,0,1,0
823,1304,1444,100,71,13,71-80,11-20,1,0,0
823,1304,1445,100,71,13,71-80,11-20,1,0,0
823,1340,1346,162,71,17,71-80,11-20,1,0,1
823,1340,1459,162,71,17,71-80,11-20,0,1,1
823,1340,1460,162,71,17,71-80,11-20,0,1,1
823,1340,1461,162,71,17,71-80,11-20,0,1,1
823,1346,1459,162,71,17,71-80,11-20,0,1,1
823,1346,1460,162,71,17,71-80,11-20,0,1,1
823,1346,1461,162,71,17,71-80,11-20,0,1,1
823,1459,1460,162,84,17,81-90,11-20,1,0,1
823,1459,1461,162,84,17,81-90,11-20,1,0,1
823,1460,1461,162,84,17,81-90,11-20,1,0,1
823,1342,1344,163,75,14,71-80,11-20,1,0,1
823,1342,1345,163,75,14,71-80,11-20,1,0,1
823,1342,1347,163,75,14,71-80,11-20,1,0,1
823,1342,1349,163,75,14,71-80,11-20,1,0,1
823,1342,1350,163,75,14,71-80,11-20,1,0,1
823,1342,1351,163,75,14,71-80,11-20,1,0,1
823,1344,1345,163,75,14,71-80,11-20,1,0,1
823,1344,1347,163,75,14,71-80,11-20,1,0,1
823,1344,1349,163,75,14,71-80,11-20,1,0,1
823,1344,1350,163,75,14,71-80,11-20,1,0,1
823,1344,1351,163,75,14,71-80,11-20,1,0,1
823,1345,1347,163,75,14,71-80,11-20,1,0,1
823,1345,1349,163,75,14,71-80,11-20,1,0,1
823,1345,1350,163,75,14,71-80,11-20,1,0,1
823,1345,1351,163,75,14,71-80,11-20,1,0,1
823,1347,1349,163,75,14,71-80,11-20,1,0,1
823,1347,1350,163,75,14,71-80,11-20,1,0,1
823,1347,1351,163,75,14,71-80,11-20,1,0,1
823,1349,1350,163,75,14,71-80,11-20,1,0,1
823,1349,1351,163,75,14,71-80,11-20,1,0,1
823,1350,1351,163,75,14,71-80,11-20,1,0,1
823,1438,1439,180,75,6,71-80,6-10,1,0,0
824,963,1360,37,76,15,71-80,11-20,0,4,0
824,964,1360,37,76,15,71-80,11-20,0,4,0
824,965,1360,37,76,15,71-80,11-20,0,4,0
824,968,1360,37,75,15,71-80,11-20,0,2,0
824,1009,1433,79,71,9,71-80,6-10,0,1,0
824,1009,1435,79,71,9,71-80,6-10,0,1,0
824,1009,1436,79,71,9,71-80,6-10,0,1,0
824,1011,1433,79,71,9,71-80,6-10,0,1,0
824,1011,1435,79,71,9,71-80,6-10,0,1,0
824,1011,1436,79,71,9,71-80,6-10,0,1,0
824,1433,1434,79,75,9,71-80,6-10,1,0,0
824,1433,1435,79,75,9,71-80,6-10,1,0,1
824,1433,1436,79,75,9,71-80,6-10,1,0,1
824,1434,1435,79,75,9,71-80,6-10,1,0,0
824,1434,1436,79,75,9,71-80,6-10,1,0,0
824,1435,1436,79,71,9,71-80,6-10,1,0,1
824,1140,1432,86,75,10,71-80,6-10,0,1,0
824,1141,1432,86,75,10,71-80,6-10,0,1,0
824,1318,1432,86,75,10,71-80,6-10,0,1,0
824,305,1286,87,75,16,71-80,11-20,0,1,0
824,306,1286,87,75,16,71-80,11-20,0,1,0
824,726,1286,87,75,16,71-80,11-20,0,1,0
824,994,1286,87,75,16,71-80,11-20,0,1,0
824,1194,1286,87,75,16,71-80,11-20,0,1,0
824,314,1458,88,83,13,81-90,11-20,0,1,0
824,315,1458,88,83,13,81-90,11-20,0,1,0
824,316,1458,88,83,13,81-90,11-20,0,1,0
824,1304,1444,100,71,13,71-80,11-20,1,0,1
824,1304,1445,100,71,13,71-80,11-20,1,0,1
824,1444,1445,100,71,13,71-80,11-20,1,0,1
824,869,1463,109,71,8,71-80,6-10,0,1,0
824,1462,1463,109,75,8,71-80,6-10,0,2,0
824,1463,1464,109,75,8,71-80,6-10,0,1,0
824,1412,1467,161,75,16,71-80,11-20,0,1,0
824,1449,1467,161,75,16,71-80,11-20,0,1,0
824,1465,1467,161,75,16,71-80,11-20,1,0,0
824,1466,1467,161,80,16,71-80,11-20,1,0,0
824,1340,1459,162,71,17,71-80,11-20,0,1,0
824,1340,1460,162,71,17,71-80,11-20,0,1,0
824,1340,1461,162,71,17,71-80,11-20,0,1,0
824,1346,1459,162,71,17,71-80,11-20,0,1,0
824,1346,1460,162,71,17,71-80,11-20,0,1,0
824,1346,1461,162,71,17,71-80,11-20,0,1,0
824,1459,1460,162,84,17,81-90,11-20,1,0,1
824,1459,1461,162,84,17,81-90,11-20,1,0,1
824,1460,1461,162,84,17,81-90,11-20,1,0,1
826,1009,1433,79,71,9,71-80,6-10,0,1,0
826,1009,1434,79,71,9,71-80,6-10,0,1,0
826,1009,1435,79,71,9,71-80,6-10,0,1,0
826,1011,1433,79,71,9,71-80,6-10,0,1,0
826,1011,1434,79,71,9,71-80,6-10,0,1,0
826,1011,1435,79,71,9,71-80,6-10,0,1,0
826,1433,1434,79,75,9,71-80,6-10,1,0,1
826,1433,1435,79,75,9,71-80,6-10,1,0,1
826,1433,1436,79,75,9,71-80,6-10,1,0,0
826,1434,1435,79,75,9,71-80,6-10,1,0,1
826,1434,1436,79,75,9,71-80,6-10,1,0,0
826,1435,1436,79,71,9,71-80,6-10,1,0,0
826,1140,1432,86,75,10,71-80,6-10,0,1,0
826,1141,1432,86,75,10,71-80,6-10,0,1,0
826,1318,1432,86,75,10,71-80,6-10,0,1,0
826,1412,1457,161,75,16,71-80,11-20,0,1,0
826,1412,1466,161,75,16,71-80,11-20,0,1,0
826,1449,1457,161,75,16,71-80,11-20,0,1,0
826,1449,1466,161,75,16,71-80,11-20,0,1,0
826,1457,1466,161,80,16,71-80,11-20,1,0,1
828,18,205,78,75,24,71-80,21+,1,0,0
828,205,691,78,75,24,71-80,21+,0,1,0
828,205,692,78,75,24,71-80,21+,0,1,0
828,205,842,78,75,24,71-80,21+,0,1,0
828,205,998,78,75,24,71-80,21+,0,1,0
828,205,1010,78,75,24,71-80,21+,0,1,0
828,205,1061,78,75,24,71-80,21+,0,1,0
828,205,1117,78,75,24,71-80,21+,0,1,0
828,205,1118,78,75,24,71-80,21+,0,1,0
828,205,1137,78,75,24,71-80,21+,0,1,0
828,205,1180,78,75,24,71-80,21+,0,1,0
828,205,1182,78,75,24,71-80,21+,0,1,0
828,205,1288,78,75,24,71-80,21+,0,1,0
828,205,1362,78,75,24,71-80,21+,0,1,0
828,205,1367,78,75,24,71-80,21+,0,1,0
828,205,1405,78,75,24,71-80,21+,0,1,0
828,205,1428,78,75,24,71-80,21+,0,1,0
828,205,1431,78,75,24,71-80,21+,0,1,0
828,205,1452,78,75,24,71-80,21+,0,1,0
828,1304,1444,100,71,13,71-80,11-20,1,0,0
828,1304,1445,100,71,13,71-80,11-20,1,0,0
828,1256,1257,115,88,5,81-90,3-5,0,1,0
829,305,1286,87,75,16,71-80,11-20,0,1,0
829,306,1286,87,75,16,71-80,11-20,0,1,0
829,726,1286,87,75,16,71-80,11-20,0,1,0
829,994,1286,87,75,16,71-80,11-20,0,1,0
829,1194,1286,87,75,16,71-80,11-20,0,1,0
829,1304,1444,100,71,13,71-80,11-20,1,0,0
829,1304,1445,100,71,13,71-80,11-20,1,0,0
829,1444,1445,100,71,13,71-80,11-20,1,0,1
830,65,1135,45,100,21,96-100,21+,0,1,0
830,66,1135,45,100,21,96-100,21+,0,1,0
830,67,1135,45,100,21,96-100,21+,0,1,0
830,68,1135,45,100,21,96-100,21+,0,1,0
830,69,1135,45,100,21,96-100,21+,0,1,0
830,71,1135,45,100,21,96-100,21+,0,1,0
830,72,1135,45,100,21,96-100,21+,0,1,0
830,73,1135,45,100,21,96-100,21+,0,1,0
830,661,1135,45,100,21,96-100,21+,0,1,0
830,723,1135,45,100,21,96-100,21+,0,1,0
830,1135,1264,45,100,21,96-100,21+,0,1,0
830,1135,1399,45,100,21,96-100,21+,0,1,0
830,227,1313,72,71,7,71-80,6-10,0,1,0
830,228,1313,72,71,7,71-80,6-10,0,1,0
830,1009,1433,79,71,9,71-80,6-10,0,1,0
830,1009,1434,79,71,9,71-80,6-10,0,1,0
830,1009,1435,79,71,9,71-80,6-10,0,1,0
830,1009,1436,79,71,9,71-80,6-10,0,1,0
830,1011,1433,79,71,9,71-80,6-10,0,1,0
830,1011,1434,79,71,9,71-80,6-10,0,1,0
830,1011,1435,79,71,9,71-80,6-10,0,1,0
830,1011,1436,79,71,9,71-80,6-10,0,1,0
830,1433,1434,79,75,9,71-80,6-10,1,0,1
830,1433,1435,79,75,9,71-80,6-10,1,0,1
830,1433,1436,79,75,9,71-80,6-10,1,0,1
830,1434,1435,79,75,9,71-80,6-10,1,0,1
830,1434,1436,79,75,9,71-80,6-10,1,0,1
830,1435,1436,79,71,9,71-80,6-10,1,0,1
830,305,1286,87,75,16,71-80,11-20,0,1,0
830,306,1286,87,75,16,71-80,11-20,0,1,0
830,726,1286,87,75,16,71-80,11-20,0,1,0
830,994,1286,87,75,16,71-80,11-20,0,1,0
830,1194,1286,87,75,16,71-80,11-20,0,1,0
830,364,1138,95,75,11,71-80,11-20,0,1,0
830,1138,1139,95,75,11,71-80,11-20,0,1,0
830,1138,1142,95,75,11,71-80,11-20,1,0,0
830,1148,1149,97,80,19,71-80,11-20,1,0,0
830,1148,1151,97,80,19,71-80,11-20,1,0,1
830,1148,1152,97,80,19,71-80,11-20,1,0,1
830,1148,1154,97,80,19,71-80,11-20,1,0,1
830,1148,1155,97,80,19,71-80,11-20,1,0,1
830,1148,1156,97,80,19,71-80,11-20,1,0,0
830,1148,1157,97,80,19,71-80,11-20,1,0,0
830,1148,1158,97,80,19,71-80,11-20,1,0,0
830,1149,1151,97,80,19,71-80,11-20,1,0,0
830,1149,1152,97,80,19,71-80,11-20,1,0,0
830,1149,1154,97,80,19,71-80,11-20,1,0,0
830,1149,1155,97,80,19,71-80,11-20,1,0,0
830,1151,1152,97,80,19,71-80,11-20,1,0,1
830,1151,1154,97,80,19,71-80,11-20,1,0,1
830,1151,1155,97,80,19,71-80,11-20,1,0,1
830,1151,1156,97,80,19,71-80,11-20,1,0,0
830,1151,1157,97,80,19,71-80,11-20,1,0,0
830,1151,1158,97,80,19,71-80,11-20,1,0,0
830,1152,1154,97,80,19,71-80,11-20,1,0,1
830,1152,1155,97,80,19,71-80,11-20,1,0,1
830,1152,1156,97,80,19,71-80,11-20,1,0,0
830,1152,1157,97,80,19,71-80,11-20,1,0,0
830,1152,1158,97,80,19,71-80,11-20,1,0,0
830,1154,1155,97,80,19,71-80,11-20,1,0,1
830,1154,1156,97,80,19,71-80,11-20,1,0,0
830,1154,1157,97,80,19,71-80,11-20,1,0,0
830,1154,1158,97,80,19,71-80,11-20,1,0,0
830,1155,1156,97,80,19,71-80,11-20,1,0,0
830,1155,1157,97,80,19,71-80,11-20,1,0,0
830,1155,1158,97,80,19,71-80,11-20,1,0,0
830,1150,1162,99,83,9,81-90,6-10,1,0,0
830,1150,1163,99,83,9,81-90,6-10,1,0,1
830,1150,1164,99,83,9,81-90,6-10,1,0,1
830,1150,1165,99,83,9,81-90,6-10,1,0,0
830,1150,1166,99,83,9,81-90,6-10,1,0,0
830,1150,1199,99,83,9,81-90,6-10,0,1,0
830,1162,1163,99,83,9,81-90,6-10,1,0,0
830,1162,1164,99,83,9,81-90,6-10,1,0,0
830,1163,1164,99,83,9,81-90,6-10,1,0,1
830,1163,1165,99,83,9,81-90,6-10,1,0,0
830,1163,1166,99,83,9,81-90,6-10,1,0,0
830,1163,1199,99,83,9,81-90,6-10,0,1,0
830,1164,1165,99,83,9,81-90,6-10,1,0,0
830,1164,1166,99,83,9,81-90,6-10,1,0,0
830,1164,1199,99,83,9,81-90,6-10,0,1,0
830,1304,1444,100,71,13,71-80,11-20,1,0,0
830,1304,1445,100,71,13,71-80,11-20,1,0,0
830,1444,1445,100,71,13,71-80,11-20,1,0,1
830,1014,1173,143,100,4,96-100,3-5,0,1,0
830,1015,1173,143,100,4,96-100,3-5,0,1,0
830,1340,1346,162,71,17,71-80,11-20,1,0,0
830,1342,1349,163,75,14,71-80,11-20,1,0,0
830,1344,1349,163,75,14,71-80,11-20,1,0,0
830,1345,1349,163,75,14,71-80,11-20,1,0,0
830,1347,1349,163,75,14,71-80,11-20,1,0,0
830,1349,1350,163,75,14,71-80,11-20,1,0,0
830,1349,1351,163,75,14,71-80,11-20,1,0,0
831,963,1360,37,76,15,71-80,11-20,0,4,0
831,964,1360,37,76,15,71-80,11-20,0,4,0
831,965,1360,37,76,15,71-80,11-20,0,4,0
831,968,1360,37,75,15,71-80,11-20,0,2,0
831,227,1313,72,71,7,71-80,6-10,0,1,0
831,228,1313,72,71,7,71-80,6-10,0,1,0
831,327,1283,74,75,33,71-80,21+,0,1,0
831,327,1357,74,75,33,71-80,21+,0,1,0
831,327,1403,74,75,33,71-80,21+,0,1,0
831,327,1422,74,75,33,71-80,21+,0,1,0
831,328,1283,74,75,33,71-80,21+,0,1,0
831,328,1357,74,75,33,71-80,21+,0,1,0
831,328,1403,74,75,33,71-80,21+,0,1,0
831,328,1422,74,75,33,71-80,21+,0,1,0
831,329,1283,74,75,33,71-80,21+,0,1,0
831,329,1357,74,75,33,71-80,21+,0,1,0
831,329,1403,74,75,33,71-80,21+,0,1,0
831,329,1422,74,75,33,71-80,21+,0,1,0
831,330,1283,74,75,33,71-80,21+,0,1,0
831,330,1357,74,75,33,71-80,21+,0,1,0
831,330,1403,74,75,33,71-80,21+,0,1,0
831,330,1422,74,75,33,71-80,21+,0,1,0
831,332,1283,74,75,33,71-80,21+,0,1,0
831,332,1357,74,75,33,71-80,21+,0,1,0
831,332,1403,74,75,33,71-80,21+,0,1,0
831,332,1422,74,75,33,71-80,21+,0,1,0
831,335,1283,74,75,33,71-80,21+,0,1,0
831,335,1357,74,75,33,71-80,21+,0,1,0
831,335,1403,74,75,33,71-80,21+,0,1,0
831,335,1422,74,75,33,71-80,21+,0,1,0
831,718,1283,74,75,33,71-80,21+,0,1,0
831,718,1357,74,75,33,71-80,21+,0,1,0
831,718,1403,74,75,33,71-80,21+,0,1,0
831,718,1422,74,75,33,71-80,21+,0,1,0
831,1092,1283,74,75,33,71-80,21+,0,1,0
831,1092,1357,74,75,33,71-80,21+,0,1,0
831,1092,1403,74,75,33,71-80,21+,0,1,0
831,1092,1422,74,75,33,71-80,21+,0,1,0
831,1093,1283,74,75,33,71-80,21+,0,1,0
831,1093,1357,74,75,33,71-80,21+,0,1,0
831,1093,1403,74,75,33,71-80,21+,0,1,0
831,1093,1422,74,75,33,71-80,21+,0,1,0
831,1193,1283,74,75,33,71-80,21+,0,1,0
831,1193,1357,74,75,33,71-80,21+,0,1,0
831,1193,1403,74,75,33,71-80,21+,0,1,0
831,1193,1422,74,75,33,71-80,21+,0,1,0
831,1283,1357,74,75,33,71-80,21+,1,0,1
831,1283,1403,74,75,33,71-80,21+,1,0,1
831,1283,1422,74,75,33,71-80,21+,1,0,1
831,1283,1437,74,75,33,71-80,21+,0,1,0
831,1283,1448,74,75,33,71-80,21+,0,1,0
831,1357,1403,74,75,33,71-80,21+,1,0,1
831,1357,1422,74,75,33,71-80,21+,1,0,1
831,1357,1437,74,75,33,71-80,21+,0,1,0
831,1357,1448,74,75,33,71-80,21+,0,1,0
831,1403,1422,74,75,33,71-80,21+,1,0,1
831,1403,1437,74,75,33,71-80,21+,0,1,0
831,1403,1448,74,75,33,71-80,21+,0,1,0
831,1422,1437,74,75,33,71-80,21+,0,1,0
831,1422,1448,74,75,33,71-80,21+,0,1,0
831,1009,1433,79,71,9,71-80,6-10,0,1,0
831,1009,1434,79,71,9,71-80,6-10,0,1,0
831,1011,1433,79,71,9,71-80,6-10,0,1,0
831,1011,1434,79,71,9,71-80,6-10,0,1,0
831,1433,1434,79,75,9,71-80,6-10,1,0,1
831,1433,1435,79,75,9,71-80,6-10,1,0,0
831,1433,1436,79,75,9,71-80,6-10,1,0,0
831,1434,1435,79,75,9,71-80,6-10,1,0,0
831,1434,1436,79,75,9,71-80,6-10,1,0,0
831,1140,1432,86,75,10,71-80,6-10,0,1,0
831,1141,1432,86,75,10,71-80,6-10,0,1,0
831,1318,1432,86,75,10,71-80,6-10,0,1,0
831,1150,1164,99,83,9,81-90,6-10,1,0,0
831,1162,1164,99,83,9,81-90,6-10,1,0,0
831,1163,1164,99,83,9,81-90,6-10,1,0,0
831,1164,1165,99,83,9,81-90,6-10,1,0,0
831,1164,1166,99,83,9,81-90,6-10,1,0,0
831,1164,1199,99,83,9,81-90,6-10,0,1,0
831,1304,1444,100,71,13,71-80,11-20,1,0,1
831,1304,1445,100,71,13,71-80,11-20,1,0,1
831,1444,1445,100,71,13,71-80,11-20,1,0,1
831,1167,1168,101,80,11,71-80,11-20,1,0,0
831,1167,1172,101,80,11,71-80,11-20,1,0,0
831,1168,1169,101,80,11,71-80,11-20,1,0,0
831,1168,1170,101,80,11,71-80,11-20,1,0,0
831,1168,1172,101,80,11,71-80,11-20,1,0,1
831,1169,1172,101,80,11,71-80,11-20,1,0,0
831,1170,1172,101,80,11,71-80,11-20,1,0,0
831,869,1463,109,71,8,71-80,6-10,0,1,0
831,1463,1464,109,75,8,71-80,6-10,0,1,0
831,1014,1173,143,100,4,96-100,3-5,0,1,0
831,1015,1173,143,100,4,96-100,3-5,0,1,0
831,1068,1468,150,75,11,71-80,11-20,0,1,0
831,1069,1468,150,75,11,71-80,11-20,0,1,0
831,1292,1293,156,71,9,71-80,6-10,0,1,1
833,963,1360,37,76,15,71-80,11-20,0,4,0
833,964,1360,37,76,15,71-80,11-20,0,4,0
833,965,1360,37,76,15,71-80,11-20,0,4,0
833,968,1360,37,75,15,71-80,11-20,0,2,0
833,168,1425,56,75,9,71-80,6-10,0,1,0
833,169,1425,56,75,9,71-80,6-10,0,1,0
833,170,1425,56,75,9,71-80,6-10,0,1,0
833,236,1425,56,75,9,71-80,6-10,0,1,0
833,327,1357,74,75,33,71-80,21+,0,1,0
833,328,1357,74,75,33,71-80,21+,0,1,0
833,329,1357,74,75,33,71-80,21+,0,1,0
833,330,1357,74,75,33,71-80,21+,0,1,0
833,332,1357,74,75,33,71-80,21+,0,1,0
833,335,1357,74,75,33,71-80,21+,0,1,0
833,718,1357,74,75,33,71-80,21+,0,1,0
833,1092,1357,74,75,33,71-80,21+,0,1,0
833,1093,1357,74,75,33,71-80,21+,0,1,0
833,1193,1357,74,75,33,71-80,21+,0,1,0
833,1283,1357,74,75,33,71-80,21+,1,0,0
833,1357,1403,74,75,33,71-80,21+,1,0,0
833,1357,1422,74,75,33,71-80,21+,1,0,1
833,1357,1437,74,75,33,71-80,21+,0,1,0
833,1304,1444,100,71,13,71-80,11-20,1,0,0
833,1304,1445,100,71,13,71-80,11-20,1,0,0
833,1469,1470,119,100,6,96-100,6-10,1,0,0
834,65,1135,45,100,21,96-100,21+,0,1,0
834,66,1135,45,100,21,96-100,21+,0,1,0
834,67,1135,45,100,21,96-100,21+,0,1,0
834,68,1135,45,100,21,96-100,21+,0,1,0
834,69,1135,45,100,21,96-100,21+,0,1,0
834,71,1135,45,100,21,96-100,21+,0,1,0
834,72,1135,45,100,21,96-100,21+,0,1,0
834,73,1135,45,100,21,96-100,21+,0,1,0
834,661,1135,45,100,21,96-100,21+,0,1,0
834,723,1135,45,100,21,96-100,21+,0,1,0
834,1135,1264,45,100,21,96-100,21+,0,1,0
834,1135,1399,45,100,21,96-100,21+,0,1,0
834,327,1357,74,75,33,71-80,21+,0,1,0
834,327,1422,74,75,33,71-80,21+,0,1,0
834,328,1357,74,75,33,71-80,21+,0,1,0
834,328,1422,74,75,33,71-80,21+,0,1,0
834,329,1357,74,75,33,71-80,21+,0,1,0
834,329,1422,74,75,33,71-80,21+,0,1,0
834,330,1357,74,75,33,71-80,21+,0,1,0
834,330,1422,74,75,33,71-80,21+,0,1,0
834,332,1357,74,75,33,71-80,21+,0,1,0
834,332,1422,74,75,33,71-80,21+,0,1,0
834,335,1357,74,75,33,71-80,21+,0,1,0
834,335,1422,74,75,33,71-80,21+,0,1,0
834,718,1357,74,75,33,71-80,21+,0,1,0
834,718,1422,74,75,33,71-80,21+,0,1,0
834,1092,1357,74,75,33,71-80,21+,0,1,0
834,1092,1422,74,75,33,71-80,21+,0,1,0
834,1093,1357,74,75,33,71-80,21+,0,1,0
834,1093,1422,74,75,33,71-80,21+,0,1,0
834,1193,1357,74,75,33,71-80,21+,0,1,0
834,1193,1422,74,75,33,71-80,21+,0,1,0
834,1283,1357,74,75,33,71-80,21+,1,0,0
834,1283,1422,74,75,33,71-80,21+,1,0,0
834,1357,1403,74,75,33,71-80,21+,1,0,0
834,1357,1422,74,75,33,71-80,21+,1,0,1
834,1357,1437,74,75,33,71-80,21+,0,1,0
834,1403,1422,74,75,33,71-80,21+,1,0,0
834,1422,1437,74,75,33,71-80,21+,0,1,0
834,364,1138,95,75,11,71-80,11-20,0,1,0
834,1138,1139,95,75,11,71-80,11-20,0,1,0
834,1138,1142,95,75,11,71-80,11-20,1,0,0
834,1148,1149,97,80,19,71-80,11-20,1,0,1
834,1148,1151,97,80,19,71-80,11-20,1,0,0
834,1148,1152,97,80,19,71-80,11-20,1,0,0
834,1148,1154,97,80,19,71-80,11-20,1,0,0
834,1148,1155,97,80,19,71-80,11-20,1,0,0
834,1148,1156,97,80,19,71-80,11-20,1,0,1
834,1148,1157,97,80,19,71-80,11-20,1,0,1
834,1148,1158,97,80,19,71-80,11-20,1,0,1
834,1149,1151,97,80,19,71-80,11-20,1,0,0
834,1149,1152,97,80,19,71-80,11-20,1,0,0
834,1149,1154,97,80,19,71-80,11-20,1,0,0
834,1149,1155,97,80,19,71-80,11-20,1,0,0
834,1149,1156,97,80,19,71-80,11-20,1,0,1
834,1149,1157,97,80,19,71-80,11-20,1,0,1
834,1149,1158,97,80,19,71-80,11-20,1,0,1
834,1151,1156,97,80,19,71-80,11-20,1,0,0
834,1151,1157,97,80,19,71-80,11-20,1,0,0
834,1151,1158,97,80,19,71-80,11-20,1,0,0
834,1152,1156,97,80,19,71-80,11-20,1,0,0
834,1152,1157,97,80,19,71-80,11-20,1,0,0
834,1152,1158,97,80,19,71-80,11-20,1,0,0
834,1154,1156,97,80,19,71-80,11-20,1,0,0
834,1154,1157,97,80,19,71-80,11-20,1,0,0
834,1154,1158,97,80,19,71-80,11-20,1,0,0
834,1155,1156,97,80,19,71-80,11-20,1,0,0
834,1155,1157,97,80,19,71-80,11-20,1,0,0
834,1155,1158,97,80,19,71-80,11-20,1,0,0
834,1156,1157,97,80,19,71-80,11-20,1,0,1
834,1156,1158,97,80,19,71-80,11-20,1,0,1
834,1157,1158,97,80,19,71-80,11-20,1,0,1
834,1150,1162,99,83,9,81-90,6-10,1,0,1
834,1150,1163,99,83,9,81-90,6-10,1,0,1
834,1150,1164,99,83,9,81-90,6-10,1,0,1
834,1150,1165,99,83,9,81-90,6-10,1,0,1
834,1150,1166,99,83,9,81-90,6-10,1,0,1
834,1150,1199,99,83,9,81-90,6-10,0,1,0
834,1162,1163,99,83,9,81-90,6-10,1,0,1
834,1162,1164,99,83,9,81-90,6-10,1,0,1
834,1162,1165,99,83,9,81-90,6-10,1,0,1
834,1162,1166,99,83,9,81-90,6-10,1,0,1
834,1162,1199,99,83,9,81-90,6-10,0,1,0
834,1163,1164,99,83,9,81-90,6-10,1,0,1
834,1163,1165,99,83,9,81-90,6-10,1,0,1
834,1163,1166,99,83,9,81-90,6-10,1,0,1
834,1163,1199,99,83,9,81-90,6-10,0,1,0
834,1164,1165,99,83,9,81-90,6-10,1,0,1
834,1164,1166,99,83,9,81-90,6-10,1,0,1
834,1164,1199,99,83,9,81-90,6-10,0,1,0
834,1165,1166,99,83,9,81-90,6-10,1,0,1
834,1165,1199,99,83,9,81-90,6-10,0,1,0
834,1166,1199,99,83,9,81-90,6-10,0,1,0
834,1167,1168,101,80,11,71-80,11-20,1,0,1
834,1167,1169,101,80,11,71-80,11-20,1,0,1
834,1167,1170,101,80,11,71-80,11-20,1,0,1
834,1167,1172,101,80,11,71-80,11-20,1,0,1
834,1168,1169,101,80,11,71-80,11-20,1,0,1
834,1168,1170,101,80,11,71-80,11-20,1,0,1
834,1168,1172,101,80,11,71-80,11-20,1,0,1
834,1169,1170,101,80,11,71-80,11-20,1,0,1
834,1169,1172,101,80,11,71-80,11-20,1,0,1
834,1170,1172,101,80,11,71-80,11-20,1,0,1
834,1469,1470,119,100,6,96-100,6-10,1,0,0
834,1014,1173,143,100,4,96-100,3-5,0,1,0
834,1015,1173,143,100,4,96-100,3-5,0,1,0
834,1472,1473,176,80,8,71-80,6-10,1,0,1
835,1340,1346,162,71,17,71-80,11-20,1,0,1
835,1342,1344,163,75,14,71-80,11-20,1,0,1
835,1342,1345,163,75,14,71-80,11-20,1,0,1
835,1342,1347,163,75,14,71-80,11-20,1,0,1
835,1342,1349,163,75,14,71-80,11-20,1,0,1
835,1342,1350,163,75,14,71-80,11-20,1,0,1
835,1342,1351,163,75,14,71-80,11-20,1,0,1
835,1344,1345,163,75,14,71-80,11-20,1,0,1
835,1344,1347,163,75,14,71-80,11-20,1,0,1
835,1344,1349,163,75,14,71-80,11-20,1,0,1
835,1344,1350,163,75,14,71-80,11-20,1,0,1
835,1344,1351,163,75,14,71-80,11-20,1,0,1
835,1345,1347,163,75,14,71-80,11-20,1,0,1
835,1345,1349,163,75,14,71-80,11-20,1,0,1
835,1345,1350,163,75,14,71-80,11-20,1,0,1
835,1345,1351,163,75,14,71-80,11-20,1,0,1
835,1347,1349,163,75,14,71-80,11-20,1,0,1
835,1347,1350,163,75,14,71-80,11-20,1,0,1
835,1347,1351,163,75,14,71-80,11-20,1,0,1
835,1349,1350,163,75,14,71-80,11-20,1,0,1
835,1349,1351,163,75,14,71-80,11-20,1,0,1
835,1350,1351,163,75,14,71-80,11-20,1,0,1
836,321,1356,35,75,14,71-80,11-20,0,1,0
836,321,1474,35,75,14,71-80,11-20,0,1,0
836,322,1356,35,75,14,71-80,11-20,0,1,0
836,322,1474,35,75,14,71-80,11-20,0,1,0
836,323,1356,35,75,14,71-80,11-20,0,1,0
836,323,1474,35,75,14,71-80,11-20,0,1,0
836,324,1356,35,75,14,71-80,11-20,0,1,0
836,324,1474,35,75,14,71-80,11-20,0,1,0
836,325,1356,35,75,14,71-80,11-20,0,1,0
836,325,1474,35,75,14,71-80,11-20,0,1,0
836,326,1356,35,75,14,71-80,11-20,0,1,0
836,326,1474,35,75,14,71-80,11-20,0,1,0
836,727,1356,35,75,14,71-80,11-20,0,1,0
836,727,1474,35,75,14,71-80,11-20,0,1,0
836,1355,1356,35,75,14,71-80,11-20,0,5,0
836,1355,1474,35,75,14,71-80,11-20,0,5,0
836,1356,1408,35,75,14,71-80,11-20,0,1,0
836,1356,1474,35,75,14,71-80,11-20,1,0,1
836,1408,1474,35,75,14,71-80,11-20,0,1,0
836,869,1464,109,71,8,71-80,6-10,0,1,0
836,1463,1464,109,75,8,71-80,6-10,0,1,0
836,1340,1346,162,71,17,71-80,11-20,1,0,1
836,1342,1344,163,75,14,71-80,11-20,1,0,1
836,1342,1345,163,75,14,71-80,11-20,1,0,1
836,1342,1347,163,75,14,71-80,11-20,1,0,1
836,1342,1349,163,75,14,71-80,11-20,1,0,1
836,1342,1350,163,75,14,71-80,11-20,1,0,1
836,1342,1351,163,75,14,71-80,11-20,1,0,0
836,1344,1345,163,75,14,71-80,11-20,1,0,1
836,1344,1347,163,75,14,71-80,11-20,1,0,1
836,1344,1349,163,75,14,71-80,11-20,1,0,1
836,1344,1350,163,75,14,71-80,11-20,1,0,1
836,1344,1351,163,75,14,71-80,11-20,1,0,0
836,1345,1347,163,75,14,71-80,11-20,1,0,1
836,1345,1349,163,75,14,71-80,11-20,1,0,1
836,1345,1350,163,75,14,71-80,11-20,1,0,1
836,1345,1351,163,75,14,71-80,11-20,1,0,0
836,1347,1349,163,75,14,71-80,11-20,1,0,1
836,1347,1350,163,75,14,71-80,11-20,1,0,1
836,1347,1351,163,75,14,71-80,11-20,1,0,0
836,1349,1350,163,75,14,71-80,11-20,1,0,1
836,1349,1351,163,75,14,71-80,11-20,1,0,0
836,1350,1351,163,75,14,71-80,11-20,1,0,0
838,321,1474,35,75,14,71-80,11-20,0,1,0
838,322,1474,35,75,14,71-80,11-20,0,1,0
838,323,1474,35,75,14,71-80,11-20,0,1,0
838,324,1474,35,75,14,71-80,11-20,0,1,0
838,325,1474,35,75,14,71-80,11-20,0,1,0
838,326,1474,35,75,14,71-80,11-20,0,1,0
838,727,1474,35,75,14,71-80,11-20,0,1,0
838,1355,1474,35,75,14,71-80,11-20,0,5,0
838,1356,1474,35,75,14,71-80,11-20,1,0,0
838,1408,1474,35,75,14,71-80,11-20,0,1,0
838,1340,1346,162,71,17,71-80,11-20,1,0,1
838,1342,1345,163,75,14,71-80,11-20,1,0,0
838,1342,1347,163,75,14,71-80,11-20,1,0,0
838,1342,1350,163,75,14,71-80,11-20,1,0,0
838,1342,1351,163,75,14,71-80,11-20,1,0,0
838,1344,1345,163,75,14,71-80,11-20,1,0,0
838,1344,1347,163,75,14,71-80,11-20,1,0,0
838,1344,1350,163,75,14,71-80,11-20,1,0,0
838,1344,1351,163,75,14,71-80,11-20,1,0,0
838,1345,1347,163,75,14,71-80,11-20,1,0,1
838,1345,1349,163,75,14,71-80,11-20,1,0,0
838,1345,1350,163,75,14,71-80,11-20,1,0,1
838,1345,1351,163,75,14,71-80,11-20,1,0,1
838,1347,1349,163,75,14,71-80,11-20,1,0,0
838,1347,1350,163,75,14,71-80,11-20,1,0,1
838,1347,1351,163,75,14,71-80,11-20,1,0,1
838,1349,1350,163,75,14,71-80,11-20,1,0,0
838,1349,1351,163,75,14,71-80,11-20,1,0,0
838,1350,1351,163,75,14,71-80,11-20,1,0,1
840,168,1425,56,75,9,71-80,6-10,0,1,0
840,169,1425,56,75,9,71-80,6-10,0,1,0
840,170,1425,56,75,9,71-80,6-10,0,1,0
840,236,1425,56,75,9,71-80,6-10,0,1,0
840,227,1313,72,71,7,71-80,6-10,0,1,0
840,228,1313,72,71,7,71-80,6-10,0,1,0
840,327,1283,74,75,33,71-80,21+,0,1,0
840,327,1357,74,75,33,71-80,21+,0,1,0
840,327,1403,74,75,33,71-80,21+,0,1,0
840,328,1283,74,75,33,71-80,21+,0,1,0
840,328,1357,74,75,33,71-80,21+,0,1,0
840,328,1403,74,75,33,71-80,21+,0,1,0
840,329,1283,74,75,33,71-80,21+,0,1,0
840,329,1357,74,75,33,71-80,21+,0,1,0
840,329,1403,74,75,33,71-80,21+,0,1,0
840,330,1283,74,75,33,71-80,21+,0,1,0
840,330,1357,74,75,33,71-80,21+,0,1,0
840,330,1403,74,75,33,71-80,21+,0,1,0
840,332,1283,74,75,33,71-80,21+,0,1,0
840,332,1357,74,75,33,71-80,21+,0,1,0
840,332,1403,74,75,33,71-80,21+,0,1,0
840,335,1283,74,75,33,71-80,21+,0,1,0
840,335,1357,74,75,33,71-80,21+,0,1,0
840,335,1403,74,75,33,71-80,21+,0,1,0
840,718,1283,74,75,33,71-80,21+,0,1,0
840,718,1357,74,75,33,71-80,21+,0,1,0
840,718,1403,74,75,33,71-80,21+,0,1,0
840,1092,1283,74,75,33,71-80,21+,0,1,0
840,1092,1357,74,75,33,71-80,21+,0,1,0
840,1092,1403,74,75,33,71-80,21+,0,1,0
840,1093,1283,74,75,33,71-80,21+,0,1,0
840,1093,1357,74,75,33,71-80,21+,0,1,0
840,1093,1403,74,75,33,71-80,21+,0,1,0
840,1193,1283,74,75,33,71-80,21+,0,1,0
840,1193,1357,74,75,33,71-80,21+,0,1,0
840,1193,1403,74,75,33,71-80,21+,0,1,0
840,1283,1357,74,75,33,71-80,21+,1,0,1
840,1283,1403,74,75,33,71-80,21+,1,0,1
840,1283,1422,74,75,33,71-80,21+,1,0,1
840,1283,1437,74,75,33,71-80,21+,0,1,0
840,1357,1403,74,75,33,71-80,21+,1,0,1
840,1357,1422,74,75,33,71-80,21+,1,0,1
840,1357,1437,74,75,33,71-80,21+,0,1,0
840,1403,1422,74,75,33,71-80,21+,1,0,1
840,1403,1437,74,75,33,71-80,21+,0,1,0
840,1009,1433,79,71,9,71-80,6-10,0,1,0
840,1011,1433,79,71,9,71-80,6-10,0,1,0
840,1433,1434,79,75,9,71-80,6-10,1,0,0
840,1140,1432,86,75,10,71-80,6-10,0,1,0
840,1141,1432,86,75,10,71-80,6-10,0,1,0
840,1318,1432,86,75,10,71-80,6-10,0,1,0
840,305,1286,87,75,16,71-80,11-20,0,1,0
840,306,1286,87,75,16,71-80,11-20,0,1,0
840,726,1286,87,75,16,71-80,11-20,0,1,0
840,994,1286,87,75,16,71-80,11-20,0,1,0
840,1194,1286,87,75,16,71-80,11-20,0,1,0
840,1286,1471,87,75,16,71-80,11-20,0,1,0
840,1148,1154,97,80,19,71-80,11-20,1,0,0
840,1149,1154,97,80,19,71-80,11-20,1,0,0
840,1151,1154,97,80,19,71-80,11-20,1,0,0
840,1152,1154,97,80,19,71-80,11-20,1,0,0
840,1154,1155,97,80,19,71-80,11-20,1,0,0
840,1154,1156,97,80,19,71-80,11-20,1,0,0
840,1154,1157,97,80,19,71-80,11-20,1,0,0
840,1154,1158,97,80,19,71-80,11-20,1,0,0
840,1304,1444,100,71,13,71-80,11-20,1,0,1
840,1304,1445,100,71,13,71-80,11-20,1,0,0
840,1444,1445,100,71,13,71-80,11-20,1,0,0
840,1418,1419,174,93,5,91-95,3-5,1,0,1
840,1426,1427,175,100,4,96-100,3-5,1,0,1
841,1472,1473,176,80,8,71-80,6-10,1,0,0
842,321,1356,35,75,14,71-80,11-20,0,1,0
842,321,1474,35,75,14,71-80,11-20,0,1,0
842,322,1356,35,75,14,71-80,11-20,0,1,0
842,322,1474,35,75,14,71-80,11-20,0,1,0
842,323,1356,35,75,14,71-80,11-20,0,1,0
842,323,1474,35,75,14,71-80,11-20,0,1,0
842,324,1356,35,75,14,71-80,11-20,0,1,0
842,324,1474,35,75,14,71-80,11-20,0,1,0
842,325,1356,35,75,14,71-80,11-20,0,1,0
842,325,1474,35,75,14,71-80,11-20,0,1,0
842,326,1356,35,75,14,71-80,11-20,0,1,0
842,326,1474,35,75,14,71-80,11-20,0,1,0
842,727,1356,35,75,14,71-80,11-20,0,1,0
842,727,1474,35,75,14,71-80,11-20,0,1,0
842,1355,1356,35,75,14,71-80,11-20,0,5,0
842,1355,1474,35,75,14,71-80,11-20,0,5,0
842,1356,1408,35,75,14,71-80,11-20,0,1,0
842,1356,1474,35,75,14,71-80,11-20,1,0,1
842,1408,1474,35,75,14,71-80,11-20,0,1,0
842,168,1425,56,75,9,71-80,6-10,0,1,0
842,169,1425,56,75,9,71-80,6-10,0,1,0
842,170,1425,56,75,9,71-80,6-10,0,1,0
842,236,1425,56,75,9,71-80,6-10,0,1,0
842,227,1313,72,71,7,71-80,6-10,0,1,0
842,228,1313,72,71,7,71-80,6-10,0,1,0
842,327,1357,74,75,33,71-80,21+,0,1,0
842,328,1357,74,75,33,71-80,21+,0,1,0
842,329,1357,74,75,33,71-80,21+,0,1,0
842,330,1357,74,75,33,71-80,21+,0,1,0
842,332,1357,74,75,33,71-80,21+,0,1,0
842,335,1357,74,75,33,71-80,21+,0,1,0
842,718,1357,74,75,33,71-80,21+,0,1,0
842,1092,1357,74,75,33,71-80,21+,0,1,0
842,1093,1357,74,75,33,71-80,21+,0,1,0
842,1193,1357,74,75,33,71-80,21+,0,1,0
842,1283,1357,74,75,33,71-80,21+,1,0,0
842,1357,1403,74,75,33,71-80,21+,1,0,0
842,1357,1422,74,75,33,71-80,21+,1,0,1
842,1357,1437,74,75,33,71-80,21+,0,1,0
842,1304,1444,100,71,13,71-80,11-20,1,0,1
842,1304,1445,100,71,13,71-80,11-20,1,0,1
842,1444,1445,100,71,13,71-80,11-20,1,0,1
842,1469,1470,119,100,6,96-100,6-10,1,0,0
842,985,1481,159,70,8,<=70,6-10,0,1,0
842,985,1482,159,70,8,<=70,6-10,0,1,0
842,1294,1481,159,70,8,<=70,6-10,0,1,0
842,1294,1482,159,70,8,<=70,6-10,0,1,0
842,1295,1481,159,70,8,<=70,6-10,0,1,0
842,1295,1482,159,70,8,<=70,6-10,0,1,0
842,1481,1482,159,80,8,71-80,6-10,0,1,1
842,1340,1346,162,71,17,71-80,11-20,1,0,1
842,1342,1344,163,75,14,71-80,11-20,1,0,0
842,1342,1345,163,75,14,71-80,11-20,1,0,0
842,1342,1347,163,75,14,71-80,11-20,1,0,0
842,1342,1349,163,75,14,71-80,11-20,1,0,0
842,1342,1350,163,75,14,71-80,11-20,1,0,0
842,1342,1351,163,75,14,71-80,11-20,1,0,0
842,1344,1345,163,75,14,71-80,11-20,1,0,1
842,1344,1347,163,75,14,71-80,11-20,1,0,1
842,1344,1349,163,75,14,71-80,11-20,1,0,1
842,1344,1350,163,75,14,71-80,11-20,1,0,1
842,1344,1351,163,75,14,71-80,11-20,1,0,1
842,1345,1347,163,75,14,71-80,11-20,1,0,1
842,1345,1349,163,75,14,71-80,11-20,1,0,1
842,1345,1350,163,75,14,71-80,11-20,1,0,1
842,1345,1351,163,75,14,71-80,11-20,1,0,1
842,1347,1349,163,75,14,71-80,11-20,1,0,1
842,1347,1350,163,75,14,71-80,11-20,1,0,1
842,1347,1351,163,75,14,71-80,11-20,1,0,1
842,1349,1350,163,75,14,71-80,11-20,1,0,1
842,1349,1351,163,75,14,71-80,11-20,1,0,1
842,1350,1351,163,75,14,71-80,11-20,1,0,1
842,1417,1484,166,71,7,71-80,6-10,0,1,0
842,1453,1484,166,75,7,71-80,6-10,0,1,0
842,1454,1484,166,75,7,71-80,6-10,0,1,0
842,1418,1419,174,93,5,91-95,3-5,1,0,1
842,1426,1427,175,100,4,96-100,3-5,1,0,1
843,321,1474,35,75,14,71-80,11-20,0,1,0
843,322,1474,35,75,14,71-80,11-20,0,1,0
843,323,1474,35,75,14,71-80,11-20,0,1,0
843,324,1474,35,75,14,71-80,11-20,0,1,0
843,325,1474,35,75,14,71-80,11-20,0,1,0
843,326,1474,35,75,14,71-80,11-20,0,1,0
843,727,1474,35,75,14,71-80,11-20,0,1,0
843,1355,1474,35,75,14,71-80,11-20,0,5,0
843,1356,1474,35,75,14,71-80,11-20,1,0,0
843,1408,1474,35,75,14,71-80,11-20,0,1,0
843,227,1313,72,71,7,71-80,6-10,0,1,0
843,228,1313,72,71,7,71-80,6-10,0,1,0
843,327,1283,74,75,33,71-80,21+,0,1,0
843,327,1403,74,75,33,71-80,21+,0,1,0
843,327,1422,74,75,33,71-80,21+,0,1,0
843,328,1283,74,75,33,71-80,21+,0,1,0
843,328,1403,74,75,33,71-80,21+,0,1,0
843,328,1422,74,75,33,71-80,21+,0,1,0
843,329,1283,74,75,33,71-80,21+,0,1,0
843,329,1403,74,75,33,71-80,21+,0,1,0
843,329,1422,74,75,33,71-80,21+,0,1,0
843,330,1283,74,75,33,71-80,21+,0,1,0
843,330,1403,74,75,33,71-80,21+,0,1,0
843,330,1422,74,75,33,71-80,21+,0,1,0
843,332,1283,74,75,33,71-80,21+,0,1,0
843,332,1403,74,75,33,71-80,21+,0,1,0
843,332,1422,74,75,33,71-80,21+,0,1,0
843,335,1283,74,75,33,71-80,21+,0,1,0
843,335,1403,74,75,33,71-80,21+,0,1,0
843,335,1422,74,75,33,71-80,21+,0,1,0
843,718,1283,74,75,33,71-80,21+,0,1,0
843,718,1403,74,75,33,71-80,21+,0,1,0
843,718,1422,74,75,33,71-80,21+,0,1,0
843,1092,1283,74,75,33,71-80,21+,0,1,0
843,1092,1403,74,75,33,71-80,21+,0,1,0
843,1092,1422,74,75,33,71-80,21+,0,1,0
843,1093,1283,74,75,33,71-80,21+,0,1,0
843,1093,1403,74,75,33,71-80,21+,0,1,0
843,1093,1422,74,75,33,71-80,21+,0,1,0
843,1193,1283,74,75,33,71-80,21+,0,1,0
843,1193,1403,74,75,33,71-80,21+,0,1,0
843,1193,1422,74,75,33,71-80,21+,0,1,0
843,1283,1357,74,75,33,71-80,21+,1,0,0
843,1283,1403,74,75,33,71-80,21+,1,0,1
843,1283,1422,74,75,33,71-80,21+,1,0,1
843,1283,1437,74,75,33,71-80,21+,0,1,0
843,1357,1403,74,75,33,71-80,21+,1,0,0
843,1357,1422,74,75,33,71-80,21+,1,0,0
843,1403,1422,74,75,33,71-80,21+,1,0,1
843,1403,1437,74,75,33,71-80,21+,0,1,0
843,1422,1437,74,75,33,71-80,21+,0,1,0
843,305,1286,87,75,16,71-80,11-20,0,1,0
843,306,1286,87,75,16,71-80,11-20,0,1,0
843,726,1286,87,75,16,71-80,11-20,0,1,0
843,994,1286,87,75,16,71-80,11-20,0,1,0
843,1194,1286,87,75,16,71-80,11-20,0,1,0
843,1304,1444,100,71,13,71-80,11-20,1,0,1
843,1304,1445,100,71,13,71-80,11-20,1,0,1
843,1444,1445,100,71,13,71-80,11-20,1,0,1
843,1342,1349,163,75,14,71-80,11-20,1,0,0
843,1344,1349,163,75,14,71-80,11-20,1,0,0
843,1345,1349,163,75,14,71-80,11-20,1,0,0
843,1347,1349,163,75,14,71-80,11-20,1,0,0
843,1349,1350,163,75,14,71-80,11-20,1,0,0
843,1349,1351,163,75,14,71-80,11-20,1,0,0
844,1402,1442,63,80,10,71-80,6-10,0,1,0
844,327,1357,74,75,33,71-80,21+,0,1,0
844,327,1422,74,75,33,71-80,21+,0,1,0
844,328,1357,74,75,33,71-80,21+,0,1,0
844,328,1422,74,75,33,71-80,21+,0,1,0
844,329,1357,74,75,33,71-80,21+,0,1,0
844,329,1422,74,75,33,71-80,21+,0,1,0
844,330,1357,74,75,33,71-80,21+,0,1,0
844,330,1422,74,75,33,71-80,21+,0,1,0
844,332,1357,74,75,33,71-80,21+,0,1,0
844,332,1422,74,75,33,71-80,21+,0,1,0
844,335,1357,74,75,33,71-80,21+,0,1,0
844,335,1422,74,75,33,71-80,21+,0,1,0
844,718,1357,74,75,33,71-80,21+,0,1,0
844,718,1422,74,75,33,71-80,21+,0,1,0
844,1092,1357,74,75,33,71-80,21+,0,1,0
844,1092,1422,74,75,33,71-80,21+,0,1,0
844,1093,1357,74,75,33,71-80,21+,0,1,0
844,1093,1422,74,75,33,71-80,21+,0,1,0
844,1193,1357,74,75,33,71-80,21+,0,1,0
844,1193,1422,74,75,33,71-80,21+,0,1,0
844,1283,1357,74,75,33,71-80,21+,1,0,0
844,1283,1422,74,75,33,71-80,21+,1,0,0
844,1357,1403,74,75,33,71-80,21+,1,0,0
844,1357,1422,74,75,33,71-80,21+,1,0,1
844,1357,1437,74,75,33,71-80,21+,0,1,0
844,1357,1488,74,75,33,71-80,21+,1,0,1
844,1403,1422,74,75,33,71-80,21+,1,0,0
844,1422,1437,74,75,33,71-80,21+,0,1,0
844,1422,1488,74,75,33,71-80,21+,1,0,1
844,18,205,78,75,24,71-80,21+,1,0,0
844,205,691,78,75,24,71-80,21+,0,1,0
844,205,692,78,75,24,71-80,21+,0,1,0
844,205,842,78,75,24,71-80,21+,0,1,0
844,205,998,78,75,24,71-80,21+,0,1,0
844,205,1010,78,75,24,71-80,21+,0,1,0
844,205,1061,78,75,24,71-80,21+,0,1,0
844,205,1117,78,75,24,71-80,21+,0,1,0
844,205,1118,78,75,24,71-80,21+,0,1,0
844,205,1137,78,75,24,71-80,21+,0,1,0
844,205,1180,78,75,24,71-80,21+,0,1,0
844,205,1182,78,75,24,71-80,21+,0,1,0
844,205,1288,78,75,24,71-80,21+,0,1,0
844,205,1362,78,75,24,71-80,21+,0,1,0
844,205,1367,78,75,24,71-80,21+,0,1,0
844,205,1405,78,75,24,71-80,21+,0,1,0
844,205,1428,78,75,24,71-80,21+,0,1,0
844,205,1431,78,75,24,71-80,21+,0,1,0
844,305,1286,87,75,16,71-80,11-20,0,1,0
844,306,1286,87,75,16,71-80,11-20,0,1,0
844,726,1286,87,75,16,71-80,11-20,0,1,0
844,994,1286,87,75,16,71-80,11-20,0,1,0
844,1194,1286,87,75,16,71-80,11-20,0,1,0
844,1304,1444,100,71,13,71-80,11-20,1,0,1
844,1304,1445,100,71,13,71-80,11-20,1,0,1
844,1444,1445,100,71,13,71-80,11-20,1,0,1
844,1256,1257,115,88,5,81-90,3-5,0,1,1
844,100,1443,147,83,10,81-90,6-10,0,1,0
844,101,1443,147,83,10,81-90,6-10,0,1,0
844,102,1443,147,83,10,81-90,6-10,0,1,0
844,1026,1443,147,83,10,81-90,6-10,0,1,0
844,1027,1443,147,83,10,81-90,6-10,0,1,0
844,1028,1443,147,83,10,81-90,6-10,0,1,0
844,1094,1443,147,71,10,71-80,6-10,0,1,0
844,1485,1486,177,72,6,71-80,6-10,1,0,1
844,1485,1487,177,72,6,71-80,6-10,1,0,1
844,1486,1487,177,72,6,71-80,6-10,1,0,1
846,327,1491,74,75,33,71-80,21+,0,1,0
846,328,1491,74,75,33,71-80,21+,0,1,0
846,329,1491,74,75,33,71-80,21+,0,1,0
846,330,1491,74,75,33,71-80,21+,0,1,0
846,332,1491,74,75,33,71-80,21+,0,1,0
846,335,1491,74,75,33,71-80,21+,0,1,0
846,718,1491,74,75,33,71-80,21+,0,1,0
846,1092,1491,74,75,33,71-80,21+,0,1,0
846,1093,1491,74,75,33,71-80,21+,0,1,0
846,1193,1491,74,75,33,71-80,21+,0,1,0
846,1283,1491,74,75,33,71-80,21+,1,0,0
846,1357,1491,74,75,33,71-80,21+,1,0,0
846,1403,1491,74,75,33,71-80,21+,1,0,0
846,1422,1491,74,75,33,71-80,21+,1,0,0
846,1437,1491,74,75,33,71-80,21+,0,1,0
846,1488,1491,74,75,33,71-80,21+,1,0,0
846,1495,1496,164,80,5,71-80,3-5,1,0,0
846,1485,1487,177,72,6,71-80,6-10,1,0,0
846,1486,1487,177,72,6,71-80,6-10,1,0,0
847,18,205,78,75,24,71-80,21+,1,0,0
847,205,691,78,75,24,71-80,21+,0,1,0
847,205,692,78,75,24,71-80,21+,0,1,0
847,205,842,78,75,24,71-80,21+,0,1,0
847,205,998,78,75,24,71-80,21+,0,1,0
847,205,1010,78,75,24,71-80,21+,0,1,0
847,205,1061,78,75,24,71-80,21+,0,1,0
847,205,1117,78,75,24,71-80,21+,0,1,0
847,205,1118,78,75,24,71-80,21+,0,1,0
847,205,1137,78,75,24,71-80,21+,0,1,0
847,205,1180,78,75,24,71-80,21+,0,1,0
847,205,1182,78,75,24,71-80,21+,0,1,0
847,205,1288,78,75,24,71-80,21+,0,1,0
847,205,1362,78,75,24,71-80,21+,0,1,0
847,205,1367,78,75,24,71-80,21+,0,1,0
847,205,1405,78,75,24,71-80,21+,0,1,0
847,205,1428,78,75,24,71-80,21+,0,1,0
847,205,1431,78,75,24,71-80,21+,0,1,0
848,168,1425,56,75,9,71-80,6-10,0,1,0
848,169,1425,56,75,9,71-80,6-10,0,1,0
848,170,1425,56,75,9,71-80,6-10,0,1,0
848,236,1425,56,75,9,71-80,6-10,0,1,0
848,327,1357,74,75,33,71-80,21+,0,1,0
848,327,1422,74,75,33,71-80,21+,0,1,0
848,328,1357,74,75,33,71-80,21+,0,1,0
848,328,1422,74,75,33,71-80,21+,0,1,0
848,329,1357,74,75,33,71-80,21+,0,1,0
848,329,1422,74,75,33,71-80,21+,0,1,0
848,330,1357,74,75,33,71-80,21+,0,1,0
848,330,1422,74,75,33,71-80,21+,0,1,0
848,332,1357,74,75,33,71-80,21+,0,1,0
848,332,1422,74,75,33,71-80,21+,0,1,0
848,335,1357,74,75,33,71-80,21+,0,1,0
848,335,1422,74,75,33,71-80,21+,0,1,0
848,718,1357,74,75,33,71-80,21+,0,1,0
848,718,1422,74,75,33,71-80,21+,0,1,0
848,1092,1357,74,75,33,71-80,21+,0,1,0
848,1092,1422,74,75,33,71-80,21+,0,1,0
848,1093,1357,74,75,33,71-80,21+,0,1,0
848,1093,1422,74,75,33,71-80,21+,0,1,0
848,1193,1357,74,75,33,71-80,21+,0,1,0
848,1193,1422,74,75,33,71-80,21+,0,1,0
848,1283,1357,74,75,33,71-80,21+,1,0,0
848,1283,1422,74,75,33,71-80,21+,1,0,0
848,1357,1403,74,75,33,71-80,21+,1,0,0
848,1357,1422,74,75,33,71-80,21+,1,0,1
848,1357,1437,74,75,33,71-80,21+,0,1,0
848,1357,1488,74,75,33,71-80,21+,1,0,1
848,1357,1491,74,75,33,71-80,21+,1,0,1
848,1403,1422,74,75,33,71-80,21+,1,0,0
848,1422,1437,74,75,33,71-80,21+,0,1,0
848,1422,1488,74,75,33,71-80,21+,1,0,1
848,1422,1491,74,75,33,71-80,21+,1,0,1
848,985,1294,159,70,8,<=70,6-10,1,1,1
848,985,1295,159,70,8,<=70,6-10,1,1,1
848,985,1481,159,70,8,<=70,6-10,0,1,0
848,985,1482,159,70,8,<=70,6-10,0,1,0
848,1294,1295,159,70,8,<=70,6-10,1,0,1
848,1294,1481,159,70,8,<=70,6-10,0,1,0
848,1294,1482,159,70,8,<=70,6-10,0,1,0
848,1295,1481,159,70,8,<=70,6-10,0,1,0
848,1295,1482,159,70,8,<=70,6-10,0,1,0
848,1497,1498,170,75,8,71-80,6-10,0,1,0
848,1497,1500,170,75,8,71-80,6-10,1,0,1
848,1498,1500,170,75,8,71-80,6-10,0,1,0
848,1483,1499,173,71,5,71-80,3-5,1,0,1
848,1418,1419,174,93,5,91-95,3-5,1,0,1
848,1426,1427,175,100,4,96-100,3-5,1,0,1
848,1472,1473,176,80,8,71-80,6-10,1,0,1
848,1485,1486,177,72,6,71-80,6-10,1,0,1
848,1485,1487,177,72,6,71-80,6-10,1,0,1
848,1485,1502,177,72,6,71-80,6-10,1,0,1
849,1417,1453,166,71,7,71-80,6-10,1,0,0
849,1417,1454,166,71,7,71-80,6-10,1,0,0
849,1407,1416,169,75,9,71-80,6-10,1,0,1
849,1497,1498,170,75,8,71-80,6-10,0,1,0
849,1497,1500,170,75,8,71-80,6-10,1,0,1
849,1483,1499,173,71,5,71-80,3-5,1,0,0
849,1418,1419,174,93,5,91-95,3-5,1,0,1
849,1426,1427,175,100,4,96-100,3-5,1,0,1
849,1472,1473,176,80,8,71-80,6-10,1,0,1
849,1485,1486,177,72,6,71-80,6-10,1,0,1
849,1485,1487,177,72,6,71-80,6-10,1,0,1
849,1485,1502,177,72,6,71-80,6-10,1,0,1
849,1486,1487,177,72,6,71-80,6-10,1,0,1
849,1486,1502,177,72,6,71-80,6-10,1,0,1
849,1487,1502,177,72,6,71-80,6-10,1,0,1
850,18,205,78,75,24,71-80,21+,1,0,0
850,205,691,78,75,24,71-80,21+,0,1,0
850,205,692,78,75,24,71-80,21+,0,1,0
850,205,842,78,75,24,71-80,21+,0,1,0
850,205,998,78,75,24,71-80,21+,0,1,0
850,205,1010,78,75,24,71-80,21+,0,1,0
850,205,1061,78,75,24,71-80,21+,0,1,0
850,205,1117,78,75,24,71-80,21+,0,1,0
850,205,1118,78,75,24,71-80,21+,0,1,0
850,205,1137,78,75,24,71-80,21+,0,1,0
850,205,1180,78,75,24,71-80,21+,0,1,0
850,205,1182,78,75,24,71-80,21+,0,1,0
850,205,1288,78,75,24,71-80,21+,0,1,0
850,205,1362,78,75,24,71-80,21+,0,1,0
850,205,1367,78,75,24,71-80,21+,0,1,0
850,205,1405,78,75,24,71-80,21+,0,1,0
850,205,1428,78,75,24,71-80,21+,0,1,0
850,205,1431,78,75,24,71-80,21+,0,1,0
850,1504,1505,171,75,3,71-80,3-5,1,0,1
850,1483,1499,173,71,5,71-80,3-5,1,0,0
850,1485,1486,177,72,6,71-80,6-10,1,0,0
850,1485,1502,177,72,6,71-80,6-10,1,0,0
850,1486,1487,177,72,6,71-80,6-10,1,0,0
850,1486,1502,177,72,6,71-80,6-10,1,0,1
850,1487,1502,177,72,6,71-80,6-10,1,0,0
851,96,1019,134,100,8,96-100,6-10,0,1,0
851,97,1019,134,100,8,96-100,6-10,0,1,0
854,1497,1500,170,75,8,71-80,6-10,1,0,0
854,1498,1500,170,75,8,71-80,6-10,0,1,0
854,1504,1505,171,75,3,71-80,3-5,1,0,0
854,1483,1499,173,71,5,71-80,3-5,1,0,1
854,1426,1427,175,100,4,96-100,3-5,1,0,1
854,1485,1486,177,72,6,71-80,6-10,1,0,1
854,1485,1487,177,72,6,71-80,6-10,1,0,1
854,1485,1502,177,72,6,71-80,6-10,1,0,1
854,1486,1487,177,72,6,71-80,6-10,1,0,1
854,1486,1502,177,72,6,71-80,6-10,1,0,1
854,1487,1502,177,72,6,71-80,6-10,1,0,1
855,1506,1507,154,75,10,71-80,6-10,1,0,1
855,1407,1508,169,75,9,71-80,6-10,0,1,0
855,1416,1508,169,75,9,71-80,6-10,0,1,0
855,1503,1508,169,71,9,71-80,6-10,1,0,0
855,1497,1500,170,75,8,71-80,6-10,1,0,0
855,1498,1500,170,75,8,71-80,6-10,0,1,0
855,1483,1499,173,71,5,71-80,3-5,1,0,1
855,1426,1427,175,100,4,96-100,3-5,1,0,1
855,1485,1486,177,72,6,71-80,6-10,1,0,1
855,1485,1487,177,72,6,71-80,6-10,1,0,1
855,1485,1502,177,72,6,71-80,6-10,1,0,1
855,1486,1487,177,72,6,71-80,6-10,1,0,1
855,1486,1502,177,72,6,71-80,6-10,1,0,1
855,1487,1502,177,72,6,71-80,6-10,1,0,1
856,1506,1507,154,75,10,71-80,6-10,1,0,0
856,1407,1503,169,75,9,71-80,6-10,0,1,0
856,1407,1508,169,75,9,71-80,6-10,0,1,0
856,1407,1512,169,75,9,71-80,6-10,0,1,0
856,1416,1503,169,75,9,71-80,6-10,0,1,0
856,1416,1508,169,75,9,71-80,6-10,0,1,0
856,1416,1512,169,75,9,71-80,6-10,0,1,0
856,1503,1508,169,71,9,71-80,6-10,1,0,1
856,1503,1512,169,71,9,71-80,6-10,1,0,1
856,1508,1512,169,100,9,96-100,6-10,1,0,1
856,1497,1498,170,75,8,71-80,6-10,0,1,0
856,1497,1500,170,75,8,71-80,6-10,1,0,1
856,1498,1500,170,75,8,71-80,6-10,0,1,0
856,1504,1505,171,75,3,71-80,3-5,1,0,1
856,1483,1499,173,71,5,71-80,3-5,1,0,1
856,1418,1419,174,93,5,91-95,3-5,1,0,1
856,1426,1427,175,100,4,96-100,3-5,1,0,1
856,1472,1473,176,80,8,71-80,6-10,1,0,1
856,1485,1486,177,72,6,71-80,6-10,1,0,1
856,1485,1487,177,72,6,71-80,6-10,1,0,1
856,1485,1502,177,72,6,71-80,6-10,1,0,1
856,1486,1487,177,72,6,71-80,6-10,1,0,1
856,1486,1502,177,72,6,71-80,6-10,1,0,1
856,1487,1502,177,72,6,71-80,6-10,1,0,1
857,1506,1507,154,75,10,71-80,6-10,1,0,1
857,1417,1453,166,71,7,71-80,6-10,1,0,0
857,1417,1454,166,71,7,71-80,6-10,1,0,0
857,1407,1416,169,75,9,71-80,6-10,1,0,1
857,1407,1503,169,75,9,71-80,6-10,0,1,0
857,1407,1508,169,75,9,71-80,6-10,0,1,1
857,1407,1512,169,75,9,71-80,6-10,0,1,1
857,1416,1503,169,75,9,71-80,6-10,0,1,0
857,1416,1508,169,75,9,71-80,6-10,0,1,1
857,1416,1512,169,75,9,71-80,6-10,0,1,1
857,1503,1508,169,71,9,71-80,6-10,1,0,0
857,1503,1512,169,71,9,71-80,6-10,1,0,0
857,1508,1512,169,100,9,96-100,6-10,1,0,1
857,1497,1500,170,75,8,71-80,6-10,1,0,0
857,1498,1500,170,75,8,71-80,6-10,0,1,0
857,1501,1513,172,72,6,71-80,6-10,1,0,1
857,1483,1499,173,71,5,71-80,3-5,1,0,1
857,1426,1427,175,100,4,96-100,3-5,1,0,1
857,1485,1486,177,72,6,71-80,6-10,1,0,1
857,1485,1487,177,72,6,71-80,6-10,1,0,1
857,1485,1502,177,72,6,71-80,6-10,1,0,1
857,1486,1487,177,72,6,71-80,6-10,1,0,1
857,1486,1502,177,72,6,71-80,6-10,1,0,1
857,1487,1502,177,72,6,71-80,6-10,1,0,1
858,327,1357,74,75,33,71-80,21+,0,1,0
858,327,1422,74,75,33,71-80,21+,0,1,0
858,327,1488,74,75,33,71-80,21+,0,1,0
858,327,1491,74,75,33,71-80,21+,0,1,0
858,328,1357,74,75,33,71-80,21+,0,1,0
858,328,1422,74,75,33,71-80,21+,0,1,0
858,328,1488,74,75,33,71-80,21+,0,1,0
858,328,1491,74,75,33,71-80,21+,0,1,0
858,329,1357,74,75,33,71-80,21+,0,1,0
858,329,1422,74,75,33,71-80,21+,0,1,0
858,329,1488,74,75,33,71-80,21+,0,1,0
858,329,1491,74,75,33,71-80,21+,0,1,0
858,330,1357,74,75,33,71-80,21+,0,1,0
858,330,1422,74,75,33,71-80,21+,0,1,0
858,330,1488,74,75,33,71-80,21+,0,1,0
858,330,1491,74,75,33,71-80,21+,0,1,0
858,332,1357,74,75,33,71-80,21+,0,1,0
858,332,1422,74,75,33,71-80,21+,0,1,0
858,332,1488,74,75,33,71-80,21+,0,1,0
858,332,1491,74,75,33,71-80,21+,0,1,0
858,335,1357,74,75,33,71-80,21+,0,1,0
858,335,1422,74,75,33,71-80,21+,0,1,0
858,335,1488,74,75,33,71-80,21+,0,1,0
858,335,1491,74,75,33,71-80,21+,0,1,0
858,718,1357,74,75,33,71-80,21+,0,1,0
858,718,1422,74,75,33,71-80,21+,0,1,0
858,718,1488,74,75,33,71-80,21+,0,1,0
858,718,1491,74,75,33,71-80,21+,0,1,0
858,1092,1357,74,75,33,71-80,21+,0,1,0
858,1092,1422,74,75,33,71-80,21+,0,1,0
858,1092,1488,74,75,33,71-80,21+,0,1,0
858,1092,1491,74,75,33,71-80,21+,0,1,0
858,1093,1357,74,75,33,71-80,21+,0,1,0
858,1093,1422,74,75,33,71-80,21+,0,1,0
858,1093,1488,74,75,33,71-80,21+,0,1,0
858,1093,1491,74,75,33,71-80,21+,0,1,0
858,1193,1357,74,75,33,71-80,21+,0,1,0
858,1193,1422,74,75,33,71-80,21+,0,1,0
858,1193,1488,74,75,33,71-80,21+,0,1,0
858,1193,1491,74,75,33,71-80,21+,0,1,0
858,1283,1357,74,75,33,71-80,21+,1,0,0
858,1283,1422,74,75,33,71-80,21+,1,0,0
858,1283,1488,74,75,33,71-80,21+,1,0,0
858,1283,1491,74,75,33,71-80,21+,1,0,0
858,1357,1403,74,75,33,71-80,21+,1,0,0
858,1357,1422,74,75,33,71-80,21+,1,0,1
858,1357,1437,74,75,33,71-80,21+,0,1,0
858,1357,1488,74,75,33,71-80,21+,1,0,1
858,1357,1491,74,75,33,71-80,21+,1,0,1
858,1403,1422,74,75,33,71-80,21+,1,0,0
858,1403,1488,74,75,33,71-80,21+,1,0,0
858,1403,1491,74,75,33,71-80,21+,1,0,0
858,1422,1437,74,75,33,71-80,21+,0,1,0
858,1422,1488,74,75,33,71-80,21+,1,0,1
858,1422,1491,74,75,33,71-80,21+,1,0,1
858,1437,1488,74,75,33,71-80,21+,0,1,0
858,1437,1491,74,75,33,71-80,21+,0,1,0
858,1488,1491,74,75,33,71-80,21+,1,0,1
858,305,1286,87,75,16,71-80,11-20,0,1,0
858,306,1286,87,75,16,71-80,11-20,0,1,0
858,726,1286,87,75,16,71-80,11-20,0,1,0
858,994,1286,87,75,16,71-80,11-20,0,1,0
858,1194,1286,87,75,16,71-80,11-20,0,1,0
858,1304,1444,100,71,13,71-80,11-20,1,0,1
858,1304,1445,100,71,13,71-80,11-20,1,0,1
858,1444,1445,100,71,13,71-80,11-20,1,0,1
858,1417,1453,166,71,7,71-80,6-10,1,0,0
858,1417,1454,166,71,7,71-80,6-10,1,0,0
858,1407,1416,169,75,9,71-80,6-10,1,0,1
858,1407,1503,169,75,9,71-80,6-10,0,1,1
858,1407,1508,169,75,9,71-80,6-10,0,1,1
858,1407,1512,169,75,9,71-80,6-10,0,1,1
858,1416,1503,169,75,9,71-80,6-10,0,1,1
858,1416,1508,169,75,9,71-80,6-10,0,1,1
858,1416,1512,169,75,9,71-80,6-10,0,1,1
858,1503,1508,169,71,9,71-80,6-10,1,0,1
858,1503,1512,169,71,9,71-80,6-10,1,0,1
858,1508,1512,169,100,9,96-100,6-10,1,0,1
858,1497,1498,170,75,8,71-80,6-10,0,1,0
858,1497,1500,170,75,8,71-80,6-10,1,0,1
858,1498,1500,170,75,8,71-80,6-10,0,1,0
858,1504,1505,171,75,3,71-80,3-5,1,0,1
858,1501,1513,172,72,6,71-80,6-10,1,0,1
858,1483,1499,173,71,5,71-80,3-5,1,0,1
858,1418,1419,174,93,5,91-95,3-5,1,0,1
858,1426,1427,175,100,4,96-100,3-5,1,0,1
858,1472,1473,176,80,8,71-80,6-10,1,0,1
858,1485,1486,177,72,6,71-80,6-10,1,0,1
858,1485,1487,177,72,6,71-80,6-10,1,0,1
858,1485,1502,177,72,6,71-80,6-10,1,0,1
858,1486,1487,177,72,6,71-80,6-10,1,0,1
858,1486,1502,177,72,6,71-80,6-10,1,0,1
858,1487,1502,177,72,6,71-80,6-10,1,0,1
859,168,236,56,75,9,71-80,6-10,0,1,0
859,169,236,56,75,9,71-80,6-10,0,1,0
859,170,236,56,75,9,71-80,6-10,0,1,0
859,236,1425,56,75,9,71-80,6-10,0,1,0
859,1402,1442,63,80,10,71-80,6-10,0,1,0
859,327,1357,74,75,33,71-80,21+,0,1,0
859,327,1422,74,75,33,71-80,21+,0,1,0
859,327,1488,74,75,33,71-80,21+,0,1,0
859,327,1491,74,75,33,71-80,21+,0,1,0
859,328,1357,74,75,33,71-80,21+,0,1,0
859,328,1422,74,75,33,71-80,21+,0,1,0
859,328,1488,74,75,33,71-80,21+,0,1,0
859,328,1491,74,75,33,71-80,21+,0,1,0
859,329,1357,74,75,33,71-80,21+,0,1,0
859,329,1422,74,75,33,71-80,21+,0,1,0
859,329,1488,74,75,33,71-80,21+,0,1,0
859,329,1491,74,75,33,71-80,21+,0,1,0
859,330,1357,74,75,33,71-80,21+,0,1,0
859,330,1422,74,75,33,71-80,21+,0,1,0
859,330,1488,74,75,33,71-80,21+,0,1,0
859,330,1491,74,75,33,71-80,21+,0,1,0
859,332,1357,74,75,33,71-80,21+,0,1,0
859,332,1422,74,75,33,71-80,21+,0,1,0
859,332,1488,74,75,33,71-80,21+,0,1,0
859,332,1491,74,75,33,71-80,21+,0,1,0
859,335,1357,74,75,33,71-80,21+,0,1,0
859,335,1422,74,75,33,71-80,21+,0,1,0
859,335,1488,74,75,33,71-80,21+,0,1,0
859,335,1491,74,75,33,71-80,21+,0,1,0
859,718,1357,74,75,33,71-80,21+,0,1,0
859,718,1422,74,75,33,71-80,21+,0,1,0
859,718,1488,74,75,33,71-80,21+,0,1,0
859,718,1491,74,75,33,71-80,21+,0,1,0
859,1092,1357,74,75,33,71-80,21+,0,1,0
859,1092,1422,74,75,33,71-80,21+,0,1,0
859,1092,1488,74,75,33,71-80,21+,0,1,0
859,1092,1491,74,75,33,71-80,21+,0,1,0
859,1093,1357,74,75,33,71-80,21+,0,1,0
859,1093,1422,74,75,33,71-80,21+,0,1,0
859,1093,1488,74,75,33,71-80,21+,0,1,0
859,1093,1491,74,75,33,71-80,21+,0,1,0
859,1193,1357,74,75,33,71-80,21+,0,1,0
859,1193,1422,74,75,33,71-80,21+,0,1,0
859,1193,1488,74,75,33,71-80,21+,0,1,0
859,1193,1491,74,75,33,71-80,21+,0,1,0
859,1283,1357,74,75,33,71-80,21+,1,0,0
859,1283,1422,74,75,33,71-80,21+,1,0,0
859,1283,1488,74,75,33,71-80,21+,1,0,0
859,1283,1491,74,75,33,71-80,21+,1,0,0
859,1357,1403,74,75,33,71-80,21+,1,0,0
859,1357,1422,74,75,33,71-80,21+,1,0,1
859,1357,1437,74,75,33,71-80,21+,0,1,0
859,1357,1488,74,75,33,71-80,21+,1,0,1
859,1357,1491,74,75,33,71-80,21+,1,0,1
859,1403,1422,74,75,33,71-80,21+,1,0,0
859,1403,1488,74,75,33,71-80,21+,1,0,0
859,1403,1491,74,75,33,71-80,21+,1,0,0
859,1422,1437,74,75,33,71-80,21+,0,1,0
859,1422,1488,74,75,33,71-80,21+,1,0,1
859,1422,1491,74,75,33,71-80,21+,1,0,1
859,1437,1488,74,75,33,71-80,21+,0,1,0
859,1437,1491,74,75,33,71-80,21+,0,1,0
859,1488,1491,74,75,33,71-80,21+,1,0,1
859,524,1034,81,75,15,71-80,11-20,1,0,1
859,524,1289,81,75,15,71-80,11-20,0,1,0
859,1034,1289,81,75,15,71-80,11-20,0,1,0
859,305,1286,87,75,16,71-80,11-20,0,1,0
859,306,1286,87,75,16,71-80,11-20,0,1,0
859,726,1286,87,75,16,71-80,11-20,0,1,0
859,994,1286,87,75,16,71-80,11-20,0,1,0
859,1194,1286,87,75,16,71-80,11-20,0,1,0
859,1304,1445,100,71,13,71-80,11-20,1,0,0
859,1444,1445,100,71,13,71-80,11-20,1,0,0
859,100,1443,147,83,10,81-90,6-10,0,1,0
859,101,1443,147,83,10,81-90,6-10,0,1,0
859,102,1443,147,83,10,81-90,6-10,0,1,0
859,1026,1443,147,83,10,81-90,6-10,0,1,0
859,1027,1443,147,83,10,81-90,6-10,0,1,0
859,1028,1443,147,83,10,81-90,6-10,0,1,0
859,1094,1443,147,71,10,71-80,6-10,0,1,0
860,128,130,47,75,33,71-80,21+,0,1,1
860,160,1226,48,80,12,71-80,11-20,0,1,1
860,136,137,49,75,10,71-80,6-10,0,1,0
860,136,150,49,75,10,71-80,6-10,1,1,0
860,136,152,49,75,10,71-80,6-10,1,1,0
860,137,140,49,75,10,71-80,6-10,1,0,0
860,137,150,49,75,10,71-80,6-10,0,1,1
860,137,152,49,75,10,71-80,6-10,0,1,1
860,140,150,49,75,10,71-80,6-10,0,1,0
860,140,152,49,75,10,71-80,6-10,0,1,0
860,150,152,49,75,10,71-80,6-10,1,0,1
860,138,142,51,83,15,81-90,11-20,0,1,1
860,679,1089,54,75,17,71-80,11-20,0,2,0
860,679,1090,54,75,17,71-80,11-20,0,2,0
860,679,1091,54,75,17,71-80,11-20,0,2,0
860,679,1263,54,75,17,71-80,11-20,0,2,0
860,679,1267,54,75,17,71-80,11-20,0,2,0
860,679,1401,54,75,17,71-80,11-20,0,2,0
860,679,1410,54,75,17,71-80,11-20,0,2,0
860,746,1089,54,75,17,71-80,11-20,0,1,0
860,746,1090,54,75,17,71-80,11-20,0,1,0
860,746,1091,54,75,17,71-80,11-20,0,1,0
860,746,1263,54,75,17,71-80,11-20,0,1,0
860,746,1267,54,75,17,71-80,11-20,0,1,0
860,746,1401,54,75,17,71-80,11-20,0,1,0
860,746,1410,54,75,17,71-80,11-20,0,1,0
860,1089,1090,54,75,17,71-80,11-20,0,1,1
860,1089,1091,54,75,17,71-80,11-20,0,1,1
860,1089,1263,54,75,17,71-80,11-20,0,1,1
860,1089,1267,54,75,17,71-80,11-20,0,1,1
860,1089,1401,54,75,17,71-80,11-20,0,1,1
860,1089,1409,54,75,17,71-80,11-20,0,1,0
860,1089,1410,54,75,17,71-80,11-20,0,1,1
860,1090,1091,54,75,17,71-80,11-20,0,1,1
860,1090,1263,54,75,17,71-80,11-20,0,1,1
860,1090,1267,54,75,17,71-80,11-20,0,1,1
860,1090,1401,54,75,17,71-80,11-20,0,1,1
860,1090,1409,54,75,17,71-80,11-20,0,1,0
860,1090,1410,54,75,17,71-80,11-20,0,1,1
860,1091,1263,54,75,17,71-80,11-20,0,1,1
860,1091,1267,54,75,17,71-80,11-20,0,1,1
860,1091,1401,54,75,17,71-80,11-20,0,1,1
860,1091,1409,54,75,17,71-80,11-20,0,1,0
860,1091,1410,54,75,17,71-80,11-20,0,1,1
860,1263,1267,54,75,17,71-80,11-20,0,1,1
860,1263,1401,54,75,17,71-80,11-20,0,1,1
860,1263,1409,54,75,17,71-80,11-20,0,1,0
860,1263,1410,54,75,17,71-80,11-20,0,1,1
860,1267,1401,54,75,17,71-80,11-20,0,1,1
860,1267,1409,54,75,17,71-80,11-20,0,1,0
860,1267,1410,54,75,17,71-80,11-20,0,1,1
860,1401,1409,54,75,17,71-80,11-20,0,1,0
860,1401,1410,54,75,17,71-80,11-20,0,1,1
860,1409,1410,54,73,17,71-80,11-20,0,1,0
860,168,236,56,75,9,71-80,6-10,0,1,0
860,169,236,56,75,9,71-80,6-10,0,1,0
860,170,236,56,75,9,71-80,6-10,0,1,0
860,236,1425,56,75,9,71-80,6-10,0,1,0
860,1402,1442,63,80,10,71-80,6-10,0,1,0
860,1125,1126,69,83,3,81-90,3-5,1,0,0
860,327,1357,74,75,33,71-80,21+,0,1,0
860,327,1422,74,75,33,71-80,21+,0,1,0
860,328,1357,74,75,33,71-80,21+,0,1,0
860,328,1422,74,75,33,71-80,21+,0,1,0
860,329,1357,74,75,33,71-80,21+,0,1,0
860,329,1422,74,75,33,71-80,21+,0,1,0
860,330,1357,74,75,33,71-80,21+,0,1,0
860,330,1422,74,75,33,71-80,21+,0,1,0
860,332,1357,74,75,33,71-80,21+,0,1,0
860,332,1422,74,75,33,71-80,21+,0,1,0
860,335,1357,74,75,33,71-80,21+,0,1,0
860,335,1422,74,75,33,71-80,21+,0,1,0
860,718,1357,74,75,33,71-80,21+,0,1,0
860,718,1422,74,75,33,71-80,21+,0,1,0
860,1092,1357,74,75,33,71-80,21+,0,1,0
860,1092,1422,74,75,33,71-80,21+,0,1,0
860,1093,1357,74,75,33,71-80,21+,0,1,0
860,1093,1422,74,75,33,71-80,21+,0,1,0
860,1193,1357,74,75,33,71-80,21+,0,1,0
860,1193,1422,74,75,33,71-80,21+,0,1,0
860,1283,1357,74,75,33,71-80,21+,1,0,0
860,1283,1422,74,75,33,71-80,21+,1,0,0
860,1357,1403,74,75,33,71-80,21+,1,0,0
860,1357,1422,74,75,33,71-80,21+,1,0,1
860,1357,1437,74,75,33,71-80,21+,0,1,0
860,1357,1488,74,75,33,71-80,21+,1,0,0
860,1357,1491,74,75,33,71-80,21+,1,0,1
860,1403,1422,74,75,33,71-80,21+,1,0,0
860,1422,1437,74,75,33,71-80,21+,0,1,0
860,1422,1488,74,75,33,71-80,21+,1,0,0
860,1422,1491,74,75,33,71-80,21+,1,0,1
860,524,1034,81,75,15,71-80,11-20,1,0,1
860,524,1289,81,75,15,71-80,11-20,0,1,0
860,1034,1289,81,75,15,71-80,11-20,0,1,0
860,275,1514,84,80,15,71-80,11-20,0,1,0
860,1175,1477,85,83,10,81-90,6-10,0,1,0
860,1176,1477,85,83,10,81-90,6-10,0,1,0
860,319,1478,90,85,5,81-90,3-5,0,1,0
860,320,1478,90,85,5,81-90,3-5,0,1,0
860,1304,1444,100,71,13,71-80,11-20,1,0,0
860,1304,1445,100,71,13,71-80,11-20,1,0,0
860,171,853,107,100,10,96-100,6-10,1,0,0
860,1469,1470,119,100,6,96-100,6-10,1,0,0
860,1479,1480,120,100,4,96-100,3-5,1,0,1
860,100,1443,147,83,10,81-90,6-10,0,1,0
860,100,1515,147,83,10,81-90,6-10,0,1,0
860,101,1443,147,83,10,81-90,6-10,0,1,0
860,101,1515,147,83,10,81-90,6-10,0,1,0
860,102,1443,147,83,10,81-90,6-10,0,1,0
860,102,1515,147,83,10,81-90,6-10,0,1,0
860,1026,1443,147,83,10,81-90,6-10,0,1,0
860,1026,1515,147,83,10,81-90,6-10,0,1,0
860,1027,1443,147,83,10,81-90,6-10,0,1,0
860,1027,1515,147,83,10,81-90,6-10,0,1,0
860,1028,1443,147,83,10,81-90,6-10,0,1,0
860,1028,1515,147,83,10,81-90,6-10,0,1,0
860,1094,1443,147,71,10,71-80,6-10,0,1,0
860,1094,1515,147,71,10,71-80,6-10,0,1,0
860,1443,1515,147,70,10,<=70,6-10,1,0,1
861,1469,1470,119,100,6,96-100,6-10,1,0,1
864,1506,1507,154,75,10,71-80,6-10,1,0,1
864,1407,1508,169,75,9,71-80,6-10,0,1,0
864,1407,1512,169,75,9,71-80,6-10,0,1,0
864,1416,1508,169,75,9,71-80,6-10,0,1,0
864,1416,1512,169,75,9,71-80,6-10,0,1,0
864,1503,1508,169,71,9,71-80,6-10,1,0,0
864,1503,1512,169,71,9,71-80,6-10,1,0,0
864,1508,1512,169,100,9,96-100,6-10,1,0,1
864,1497,1498,170,75,8,71-80,6-10,0,1,0
864,1497,1500,170,75,8,71-80,6-10,1,0,1
864,1498,1500,170,75,8,71-80,6-10,0,1,0
864,1504,1505,171,75,3,71-80,3-5,1,0,1
864,1501,1513,172,72,6,71-80,6-10,1,0,1
864,1483,1499,173,71,5,71-80,3-5,1,0,0
864,1485,1486,177,72,6,71-80,6-10,1,0,1
864,1485,1487,177,72,6,71-80,6-10,1,0,1
864,1485,1502,177,72,6,71-80,6-10,1,0,1
864,1486,1487,177,72,6,71-80,6-10,1,0,1
864,1486,1502,177,72,6,71-80,6-10,1,0,1
864,1487,1502,177,72,6,71-80,6-10,1,0,1
866,1506,1507,154,75,10,71-80,6-10,1,0,1
866,1453,1454,166,75,7,71-80,6-10,1,0,0
866,1453,1517,166,75,7,71-80,6-10,1,0,0
866,1454,1517,166,75,7,71-80,6-10,1,0,1
866,1413,1414,167,71,4,71-80,3-5,1,0,1
866,1407,1416,169,75,9,71-80,6-10,1,0,1
866,1407,1503,169,75,9,71-80,6-10,0,1,0
866,1407,1518,169,75,9,71-80,6-10,1,0,1
866,1416,1503,169,75,9,71-80,6-10,0,1,0
866,1416,1518,169,75,9,71-80,6-10,1,0,1
866,1503,1518,169,71,9,71-80,6-10,0,1,0
866,1497,1500,170,75,8,71-80,6-10,1,0,0
866,1498,1500,170,75,8,71-80,6-10,0,1,0
866,1504,1505,171,75,3,71-80,3-5,1,0,0
866,1501,1513,172,72,6,71-80,6-10,1,0,1
866,1501,1519,172,72,6,71-80,6-10,1,0,1
866,1513,1519,172,75,6,71-80,6-10,1,0,1
866,1483,1499,173,71,5,71-80,3-5,1,0,1
866,1418,1419,174,93,5,91-95,3-5,1,0,1
866,1426,1427,175,100,4,96-100,3-5,1,0,1
866,1472,1473,176,80,8,71-80,6-10,1,0,1
866,1485,1486,177,72,6,71-80,6-10,1,0,1
866,1485,1487,177,72,6,71-80,6-10,1,0,1
866,1485,1502,177,72,6,71-80,6-10,1,0,1
866,1486,1487,177,72,6,71-80,6-10,1,0,1
866,1486,1502,177,72,6,71-80,6-10,1,0,1
866,1487,1502,177,72,6,71-80,6-10,1,0,1
869,364,1138,95,75,11,71-80,11-20,0,1,0
869,1138,1139,95,75,11,71-80,11-20,0,1,0
869,1138,1142,95,75,11,71-80,11-20,1,0,0
869,1148,1149,97,80,19,71-80,11-20,1,0,1
869,1148,1151,97,80,19,71-80,11-20,1,0,1
869,1148,1152,97,80,19,71-80,11-20,1,0,1
869,1148,1154,97,80,19,71-80,11-20,1,0,1
869,1148,1155,97,80,19,71-80,11-20,1,0,1
869,1148,1156,97,80,19,71-80,11-20,1,0,1
869,1148,1157,97,80,19,71-80,11-20,1,0,1
869,1148,1158,97,80,19,71-80,11-20,1,0,0
869,1149,1151,97,80,19,71-80,11-20,1,0,1
869,1149,1152,97,80,19,71-80,11-20,1,0,1
869,1149,1154,97,80,19,71-80,11-20,1,0,1
869,1149,1155,97,80,19,71-80,11-20,1,0,1
869,1149,1156,97,80,19,71-80,11-20,1,0,1
869,1149,1157,97,80,19,71-80,11-20,1,0,1
869,1149,1158,97,80,19,71-80,11-20,1,0,0
869,1151,1152,97,80,19,71-80,11-20,1,0,1
869,1151,1154,97,80,19,71-80,11-20,1,0,1
869,1151,1155,97,80,19,71-80,11-20,1,0,1
869,1151,1156,97,80,19,71-80,11-20,1,0,1
869,1151,1157,97,80,19,71-80,11-20,1,0,1
869,1151,1158,97,80,19,71-80,11-20,1,0,0
869,1152,1154,97,80,19,71-80,11-20,1,0,1
869,1152,1155,97,80,19,71-80,11-20,1,0,1
869,1152,1156,97,80,19,71-80,11-20,1,0,1
869,1152,1157,97,80,19,71-80,11-20,1,0,1
869,1152,1158,97,80,19,71-80,11-20,1,0,0
869,1154,1155,97,80,19,71-80,11-20,1,0,1
869,1154,1156,97,80,19,71-80,11-20,1,0,1
869,1154,1157,97,80,19,71-80,11-20,1,0,1
869,1154,1158,97,80,19,71-80,11-20,1,0,0
869,1155,1156,97,80,19,71-80,11-20,1,0,1
869,1155,1157,97,80,19,71-80,11-20,1,0,1
869,1155,1158,97,80,19,71-80,11-20,1,0,0
869,1156,1157,97,80,19,71-80,11-20,1,0,1
869,1156,1158,97,80,19,71-80,11-20,1,0,0
869,1157,1158,97,80,19,71-80,11-20,1,0,0
869,1167,1168,101,80,11,71-80,11-20,1,0,1
869,1167,1169,101,80,11,71-80,11-20,1,0,1
869,1167,1170,101,80,11,71-80,11-20,1,0,1
869,1167,1172,101,80,11,71-80,11-20,1,0,1
869,1168,1169,101,80,11,71-80,11-20,1,0,1
869,1168,1170,101,80,11,71-80,11-20,1,0,1
869,1168,1172,101,80,11,71-80,11-20,1,0,1
869,1169,1170,101,80,11,71-80,11-20,1,0,1
869,1169,1172,101,80,11,71-80,11-20,1,0,1
869,1170,1172,101,80,11,71-80,11-20,1,0,1
877,65,1135,45,100,21,96-100,21+,0,1,0
877,66,1135,45,100,21,96-100,21+,0,1,0
877,67,1135,45,100,21,96-100,21+,0,1,0
877,68,1135,45,100,21,96-100,21+,0,1,0
877,69,1135,45,100,21,96-100,21+,0,1,0
877,71,1135,45,100,21,96-100,21+,0,1,0
877,72,1135,45,100,21,96-100,21+,0,1,0
877,73,1135,45,100,21,96-100,21+,0,1,0
877,661,1135,45,100,21,96-100,21+,0,1,0
877,723,1135,45,100,21,96-100,21+,0,1,0
877,1135,1264,45,100,21,96-100,21+,0,1,0
877,1135,1399,45,100,21,96-100,21+,0,1,0
877,364,1138,95,75,11,71-80,11-20,0,1,0
877,1138,1139,95,75,11,71-80,11-20,0,1,0
877,1138,1142,95,75,11,71-80,11-20,1,0,0
877,1148,1149,97,80,19,71-80,11-20,1,0,1
877,1148,1151,97,80,19,71-80,11-20,1,0,0
877,1148,1152,97,80,19,71-80,11-20,1,0,1
877,1148,1154,97,80,19,71-80,11-20,1,0,1
877,1148,1155,97,80,19,71-80,11-20,1,0,1
877,1148,1156,97,80,19,71-80,11-20,1,0,1
877,1148,1157,97,80,19,71-80,11-20,1,0,1
877,1148,1158,97,80,19,71-80,11-20,1,0,1
877,1149,1151,97,80,19,71-80,11-20,1,0,0
877,1149,1152,97,80,19,71-80,11-20,1,0,1
877,1149,1154,97,80,19,71-80,11-20,1,0,1
877,1149,1155,97,80,19,71-80,11-20,1,0,1
877,1149,1156,97,80,19,71-80,11-20,1,0,1
877,1149,1157,97,80,19,71-80,11-20,1,0,1
877,1149,1158,97,80,19,71-80,11-20,1,0,1
877,1151,1152,97,80,19,71-80,11-20,1,0,0
877,1151,1154,97,80,19,71-80,11-20,1,0,0
877,1151,1155,97,80,19,71-80,11-20,1,0,0
877,1151,1156,97,80,19,71-80,11-20,1,0,0
877,1151,1157,97,80,19,71-80,11-20,1,0,0
877,1151,1158,97,80,19,71-80,11-20,1,0,0
877,1152,1154,97,80,19,71-80,11-20,1,0,1
877,1152,1155,97,80,19,71-80,11-20,1,0,1
877,1152,1156,97,80,19,71-80,11-20,1,0,1
877,1152,1157,97,80,19,71-80,11-20,1,0,1
877,1152,1158,97,80,19,71-80,11-20,1,0,1
877,1154,1155,97,80,19,71-80,11-20,1,0,1
877,1154,1156,97,80,19,71-80,11-20,1,0,1
877,1154,1157,97,80,19,71-80,11-20,1,0,1
877,1154,1158,97,80,19,71-80,11-20,1,0,1
877,1155,1156,97,80,19,71-80,11-20,1,0,1
877,1155,1157,97,80,19,71-80,11-20,1,0,1
877,1155,1158,97,80,19,71-80,11-20,1,0,1
877,1156,1157,97,80,19,71-80,11-20,1,0,1
877,1156,1158,97,80,19,71-80,11-20,1,0,1
877,1157,1158,97,80,19,71-80,11-20,1,0,1
877,1150,1162,99,83,9,81-90,6-10,1,0,0
877,1150,1163,99,83,9,81-90,6-10,1,0,0
877,1150,1164,99,83,9,81-90,6-10,1,0,0
877,1150,1165,99,83,9,81-90,6-10,1,0,0
877,1162,1163,99,83,9,81-90,6-10,1,0,1
877,1162,1164,99,83,9,81-90,6-10,1,0,1
877,1162,1165,99,83,9,81-90,6-10,1,0,1
877,1162,1166,99,83,9,81-90,6-10,1,0,0
877,1162,1199,99,83,9,81-90,6-10,0,1,0
877,1163,1164,99,83,9,81-90,6-10,1,0,1
877,1163,1165,99,83,9,81-90,6-10,1,0,1
877,1163,1166,99,83,9,81-90,6-10,1,0,0
877,1163,1199,99,83,9,81-90,6-10,0,1,0
877,1164,1165,99,83,9,81-90,6-10,1,0,1
877,1164,1166,99,83,9,81-90,6-10,1,0,0
877,1164,1199,99,83,9,81-90,6-10,0,1,0
877,1165,1166,99,83,9,81-90,6-10,1,0,0
877,1165,1199,99,83,9,81-90,6-10,0,1,0
877,1167,1168,101,80,11,71-80,11-20,1,0,1
877,1167,1169,101,80,11,71-80,11-20,1,0,1
877,1167,1170,101,80,11,71-80,11-20,1,0,1
877,1167,1172,101,80,11,71-80,11-20,1,0,1
877,1168,1169,101,80,11,71-80,11-20,1,0,1
877,1168,1170,101,80,11,71-80,11-20,1,0,1
877,1168,1172,101,80,11,71-80,11-20,1,0,1
877,1169,1170,101,80,11,71-80,11-20,1,0,1
877,1169,1172,101,80,11,71-80,11-20,1,0,1
877,1170,1172,101,80,11,71-80,11-20,1,0,1
889,1304,1444,100,71,13,71-80,11-20,1,0,0
889,1304,1445,100,71,13,71-80,11-20,1,0,0
899,301,747,9,100,19,96-100,11-20,0,2,0
899,302,747,9,100,19,96-100,11-20,0,2,0
899,303,747,9,100,19,96-100,11-20,0,2,0
899,304,747,9,100,19,96-100,11-20,0,2,0
899,963,968,37,76,15,71-80,11-20,0,4,0
899,964,968,37,76,15,71-80,11-20,0,4,0
899,965,968,37,76,15,71-80,11-20,0,4,0
899,1423,1424,39,83,4,81-90,3-5,1,0,0
899,679,746,54,75,17,71-80,11-20,0,2,0
899,679,1089,54,75,17,71-80,11-20,0,2,0
899,679,1090,54,75,17,71-80,11-20,0,2,0
899,679,1091,54,75,17,71-80,11-20,0,2,0
899,679,1263,54,75,17,71-80,11-20,0,2,0
899,679,1267,54,75,17,71-80,11-20,0,2,0
899,679,1401,54,75,17,71-80,11-20,0,2,0
899,679,1409,54,75,17,71-80,11-20,0,3,0
899,679,1410,54,75,17,71-80,11-20,0,2,0
900,18,205,78,75,24,71-80,21+,1,0,1
900,18,691,78,75,24,71-80,21+,0,1,0
900,18,692,78,75,24,71-80,21+,0,1,0
900,18,842,78,75,24,71-80,21+,0,1,0
900,18,998,78,75,24,71-80,21+,0,1,0
900,18,1010,78,75,24,71-80,21+,0,1,0
900,18,1061,78,75,24,71-80,21+,0,1,0
900,18,1117,78,75,24,71-80,21+,0,1,0
900,18,1118,78,75,24,71-80,21+,0,1,0
900,18,1137,78,75,24,71-80,21+,0,1,0
900,18,1180,78,75,24,71-80,21+,0,1,0
900,18,1182,78,75,24,71-80,21+,0,1,0
900,18,1288,78,75,24,71-80,21+,0,1,0
900,18,1362,78,75,24,71-80,21+,0,1,0
900,18,1367,78,75,24,71-80,21+,0,1,0
900,18,1405,78,75,24,71-80,21+,0,1,0
900,18,1428,78,75,24,71-80,21+,0,1,0
900,18,1431,78,75,24,71-80,21+,0,1,0
900,205,691,78,75,24,71-80,21+,0,1,0
900,205,692,78,75,24,71-80,21+,0,1,0
900,205,842,78,75,24,71-80,21+,0,1,0
900,205,998,78,75,24,71-80,21+,0,1,0
900,205,1010,78,75,24,71-80,21+,0,1,0
900,205,1061,78,75,24,71-80,21+,0,1,0
900,205,1117,78,75,24,71-80,21+,0,1,0
900,205,1118,78,75,24,71-80,21+,0,1,0
900,205,1137,78,75,24,71-80,21+,0,1,0
900,205,1180,78,75,24,71-80,21+,0,1,0
900,205,1182,78,75,24,71-80,21+,0,1,0
900,205,1288,78,75,24,71-80,21+,0,1,0
900,205,1362,78,75,24,71-80,21+,0,1,0
900,205,1367,78,75,24,71-80,21+,0,1,0
900,205,1405,78,75,24,71-80,21+,0,1,0
900,205,1428,78,75,24,71-80,21+,0,1,0
900,205,1431,78,75,24,71-80,21+,0,1,0
903,1522,1523,2,75,6,71-80,6-10,0,9,0
903,1523,1524,2,75,6,71-80,6-10,1,0,0
903,1423,1424,39,83,4,81-90,3-5,1,0,1
903,168,1425,56,75,9,71-80,6-10,0,1,0
903,169,1425,56,75,9,71-80,6-10,0,1,0
903,170,1425,56,75,9,71-80,6-10,0,1,0
903,236,1425,56,75,9,71-80,6-10,0,1,0
903,327,1422,74,75,33,71-80,21+,0,1,0
903,328,1422,74,75,33,71-80,21+,0,1,0
903,329,1422,74,75,33,71-80,21+,0,1,0
903,330,1422,74,75,33,71-80,21+,0,1,0
903,332,1422,74,75,33,71-80,21+,0,1,0
903,335,1422,74,75,33,71-80,21+,0,1,0
903,718,1422,74,75,33,71-80,21+,0,1,0
903,1092,1422,74,75,33,71-80,21+,0,1,0
903,1093,1422,74,75,33,71-80,21+,0,1,0
903,1193,1422,74,75,33,71-80,21+,0,1,0
903,1283,1422,74,75,33,71-80,21+,1,0,0
903,1357,1422,74,75,33,71-80,21+,1,0,0
903,1403,1422,74,75,33,71-80,21+,1,0,0
903,1422,1437,74,75,33,71-80,21+,0,1,0
903,1422,1488,74,75,33,71-80,21+,1,0,0
903,1422,1491,74,75,33,71-80,21+,1,0,1
903,1304,1444,100,71,13,71-80,11-20,1,0,0
903,1304,1445,100,71,13,71-80,11-20,1,0,0
903,1358,1359,118,100,3,96-100,3-5,1,0,0
904,327,787,74,75,33,71-80,21+,0,1,0
904,327,789,74,75,33,71-80,21+,0,1,0
904,327,1283,74,75,33,71-80,21+,0,1,0
904,327,1357,74,75,33,71-80,21+,0,1,0
904,327,1403,74,75,33,71-80,21+,0,1,0
904,327,1488,74,75,33,71-80,21+,0,1,0
904,328,787,74,75,33,71-80,21+,0,1,0
904,328,789,74,75,33,71-80,21+,0,1,0
904,328,1283,74,75,33,71-80,21+,0,1,0
904,328,1357,74,75,33,71-80,21+,0,1,0
904,328,1403,74,75,33,71-80,21+,0,1,0
904,328,1488,74,75,33,71-80,21+,0,1,0
904,329,787,74,75,33,71-80,21+,0,1,0
904,329,789,74,75,33,71-80,21+,0,1,0
904,329,1283,74,75,33,71-80,21+,0,1,0
904,329,1357,74,75,33,71-80,21+,0,1,0
904,329,1403,74,75,33,71-80,21+,0,1,0
904,329,1488,74,75,33,71-80,21+,0,1,0
904,330,787,74,75,33,71-80,21+,0,1,0
904,330,789,74,75,33,71-80,21+,0,1,0
904,330,1283,74,75,33,71-80,21+,0,1,0
904,330,1357,74,75,33,71-80,21+,0,1,0
904,330,1403,74,75,33,71-80,21+,0,1,0
904,330,1488,74,75,33,71-80,21+,0,1,0
904,332,787,74,75,33,71-80,21+,0,1,0
904,332,789,74,75,33,71-80,21+,0,1,0
904,332,1283,74,75,33,71-80,21+,0,1,0
904,332,1357,74,75,33,71-80,21+,0,1,0
904,332,1403,74,75,33,71-80,21+,0,1,0
904,332,1488,74,75,33,71-80,21+,0,1,0
904,335,787,74,75,33,71-80,21+,0,1,0
904,335,789,74,75,33,71-80,21+,0,1,0
904,335,1283,74,75,33,71-80,21+,0,1,0
904,335,1357,74,75,33,71-80,21+,0,1,0
904,335,1403,74,75,33,71-80,21+,0,1,0
904,335,1488,74,75,33,71-80,21+,0,1,0
904,718,787,74,75,33,71-80,21+,0,1,0
904,718,789,74,75,33,71-80,21+,0,1,0
904,718,1283,74,75,33,71-80,21+,0,1,0
904,718,1357,74,75,33,71-80,21+,0,1,0
904,718,1403,74,75,33,71-80,21+,0,1,0
904,718,1488,74,75,33,71-80,21+,0,1,0
904,787,789,74,75,33,71-80,21+,1,0,1
904,787,991,74,75,33,71-80,21+,1,0,0
904,787,1092,74,75,33,71-80,21+,0,1,0
904,787,1093,74,75,33,71-80,21+,0,1,0
904,787,1193,74,75,33,71-80,21+,0,1,0
904,787,1283,74,75,33,71-80,21+,0,1,1
904,787,1357,74,75,33,71-80,21+,0,1,1
904,787,1403,74,75,33,71-80,21+,0,1,1
904,787,1422,74,75,33,71-80,21+,0,1,0
904,787,1437,74,75,33,71-80,21+,0,1,0
904,787,1488,74,75,33,71-80,21+,0,1,1
904,787,1491,74,75,33,71-80,21+,0,1,0
904,787,1525,74,75,33,71-80,21+,1,0,0
904,789,991,74,75,33,71-80,21+,1,0,0
904,789,1092,74,75,33,71-80,21+,0,1,0
904,789,1093,74,75,33,71-80,21+,0,1,0
904,789,1193,74,75,33,71-80,21+,0,1,0
904,789,1283,74,75,33,71-80,21+,0,1,1
904,789,1357,74,75,33,71-80,21+,0,1,1
904,789,1403,74,75,33,71-80,21+,0,1,1
904,789,1422,74,75,33,71-80,21+,0,1,0
904,789,1437,74,75,33,71-80,21+,0,1,0
904,789,1488,74,75,33,71-80,21+,0,1,1
904,789,1491,74,75,33,71-80,21+,0,1,0
904,789,1525,74,75,33,71-80,21+,1,0,0
904,991,1283,74,75,33,71-80,21+,0,1,0
904,991,1357,74,75,33,71-80,21+,0,1,0
904,991,1403,74,75,33,71-80,21+,0,1,0
904,991,1488,74,75,33,71-80,21+,0,1,0
904,1092,1283,74,75,33,71-80,21+,0,1,0
904,1092,1357,74,75,33,71-80,21+,0,1,0
904,1092,1403,74,75,33,71-80,21+,0,1,0
904,1092,1488,74,75,33,71-80,21+,0,1,0
904,1093,1283,74,75,33,71-80,21+,0,1,0
904,1093,1357,74,75,33,71-80,21+,0,1,0
904,1093,1403,74,75,33,71-80,21+,0,1,0
904,1093,1488,74,75,33,71-80,21+,0,1,0
904,1193,1283,74,75,33,71-80,21+,0,1,0
904,1193,1357,74,75,33,71-80,21+,0,1,0
904,1193,1403,74,75,33,71-80,21+,0,1,0
904,1193,1488,74,75,33,71-80,21+,0,1,0
904,1283,1357,74,75,33,71-80,21+,1,0,1
904,1283,1403,74,75,33,71-80,21+,1,0,1
904,1283,1422,74,75,33,71-80,21+,1,0,0
904,1283,1437,74,75,33,71-80,21+,0,1,0
904,1283,1488,74,75,33,71-80,21+,1,0,1
904,1283,1491,74,75,33,71-80,21+,1,0,0
904,1283,1525,74,75,33,71-80,21+,0,1,0
904,1357,1403,74,75,33,71-80,21+,1,0,1
904,1357,1422,74,75,33,71-80,21+,1,0,0
904,1357,1437,74,75,33,71-80,21+,0,1,0
904,1357,1488,74,75,33,71-80,21+,1,0,1
904,1357,1491,74,75,33,71-80,21+,1,0,0
904,1357,1525,74,75,33,71-80,21+,0,1,0
904,1403,1422,74,75,33,71-80,21+,1,0,0
904,1403,1437,74,75,33,71-80,21+,0,1,0
904,1403,1488,74,75,33,71-80,21+,1,0,1
904,1403,1491,74,75,33,71-80,21+,1,0,0
904,1403,1525,74,75,33,71-80,21+,0,1,0
904,1422,1488,74,75,33,71-80,21+,1,0,0
904,1437,1488,74,75,33,71-80,21+,0,1,0
904,1488,1491,74,75,33,71-80,21+,1,0,0
904,1488,1525,74,75,33,71-80,21+,0,1,0
904,305,1286,87,75,16,71-80,11-20,0,1,0
904,306,1286,87,75,16,71-80,11-20,0,1,0
904,726,1286,87,75,16,71-80,11-20,0,1,0
904,994,1286,87,75,16,71-80,11-20,0,1,0
904,1194,1286,87,75,16,71-80,11-20,0,1,0
904,1304,1444,100,71,13,71-80,11-20,1,0,1
904,1304,1445,100,71,13,71-80,11-20,1,0,1
904,1444,1445,100,71,13,71-80,11-20,1,0,1
905,1522,1524,2,75,6,71-80,6-10,0,9,0
905,1523,1524,2,75,6,71-80,6-10,1,0,0
905,1358,1359,118,100,3,96-100,3-5,1,0,1
906,1089,1410,54,75,17,71-80,11-20,0,1,0
906,1090,1410,54,75,17,71-80,11-20,0,1,0
906,1091,1410,54,75,17,71-80,11-20,0,1,0
906,1263,1410,54,75,17,71-80,11-20,0,1,0
906,1267,1410,54,75,17,71-80,11-20,0,1,0
906,1401,1410,54,75,17,71-80,11-20,0,1,0
906,1409,1410,54,73,17,71-80,11-20,0,1,0
907,327,787,74,75,33,71-80,21+,0,1,0
907,327,1283,74,75,33,71-80,21+,0,1,0
907,327,1357,74,75,33,71-80,21+,0,1,0
907,327,1403,74,75,33,71-80,21+,0,1,0
907,327,1422,74,75,33,71-80,21+,0,1,0
907,327,1488,74,75,33,71-80,21+,0,1,0
907,327,1491,74,75,33,71-80,21+,0,1,0
907,327,1525,74,75,33,71-80,21+,0,1,0
907,328,787,74,75,33,71-80,21+,0,1,0
907,328,1283,74,75,33,71-80,21+,0,1,0
907,328,1357,74,75,33,71-80,21+,0,1,0
907,328,1403,74,75,33,71-80,21+,0,1,0
907,328,1422,74,75,33,71-80,21+,0,1,0
907,328,1488,74,75,33,71-80,21+,0,1,0
907,328,1491,74,75,33,71-80,21+,0,1,0
907,328,1525,74,75,33,71-80,21+,0,1,0
907,329,787,74,75,33,71-80,21+,0,1,0
907,329,1283,74,75,33,71-80,21+,0,1,0
907,329,1357,74,75,33,71-80,21+,0,1,0
907,329,1403,74,75,33,71-80,21+,0,1,0
907,329,1422,74,75,33,71-80,21+,0,1,0
907,329,1488,74,75,33,71-80,21+,0,1,0
907,329,1491,74,75,33,71-80,21+,0,1,0
907,329,1525,74,75,33,71-80,21+,0,1,0
907,330,787,74,75,33,71-80,21+,0,1,0
907,330,1283,74,75,33,71-80,21+,0,1,0
907,330,1357,74,75,33,71-80,21+,0,1,0
907,330,1403,74,75,33,71-80,21+,0,1,0
907,330,1422,74,75,33,71-80,21+,0,1,0
907,330,1488,74,75,33,71-80,21+,0,1,0
907,330,1491,74,75,33,71-80,21+,0,1,0
907,330,1525,74,75,33,71-80,21+,0,1,0
907,332,787,74,75,33,71-80,21+,0,1,0
907,332,1283,74,75,33,71-80,21+,0,1,0
907,332,1357,74,75,33,71-80,21+,0,1,0
907,332,1403,74,75,33,71-80,21+,0,1,0
907,332,1422,74,75,33,71-80,21+,0,1,0
907,332,1488,74,75,33,71-80,21+,0,1,0
907,332,1491,74,75,33,71-80,21+,0,1,0
907,332,1525,74,75,33,71-80,21+,0,1,0
907,335,787,74,75,33,71-80,21+,0,1,0
907,335,1283,74,75,33,71-80,21+,0,1,0
907,335,1357,74,75,33,71-80,21+,0,1,0
907,335,1403,74,75,33,71-80,21+,0,1,0
907,335,1422,74,75,33,71-80,21+,0,1,0
907,335,1488,74,75,33,71-80,21+,0,1,0
907,335,1491,74,75,33,71-80,21+,0,1,0
907,335,1525,74,75,33,71-80,21+,0,1,0
907,718,787,74,75,33,71-80,21+,0,1,0
907,718,1283,74,75,33,71-80,21+,0,1,0
907,718,1357,74,75,33,71-80,21+,0,1,0
907,718,1403,74,75,33,71-80,21+,0,1,0
907,718,1422,74,75,33,71-80,21+,0,1,0
907,718,1488,74,75,33,71-80,21+,0,1,0
907,718,1491,74,75,33,71-80,21+,0,1,0
907,718,1525,74,75,33,71-80,21+,0,1,0
907,787,789,74,75,33,71-80,21+,1,0,0
907,787,991,74,75,33,71-80,21+,1,0,0
907,787,1092,74,75,33,71-80,21+,0,1,0
907,787,1093,74,75,33,71-80,21+,0,1,0
907,787,1193,74,75,33,71-80,21+,0,1,0
907,787,1283,74,75,33,71-80,21+,0,1,1
907,787,1357,74,75,33,71-80,21+,0,1,1
907,787,1403,74,75,33,71-80,21+,0,1,1
907,787,1422,74,75,33,71-80,21+,0,1,1
907,787,1437,74,75,33,71-80,21+,0,1,0
907,787,1488,74,75,33,71-80,21+,0,1,1
907,787,1491,74,75,33,71-80,21+,0,1,1
907,787,1525,74,75,33,71-80,21+,1,0,1
907,789,1283,74,75,33,71-80,21+,0,1,0
907,789,1357,74,75,33,71-80,21+,0,1,0
907,789,1403,74,75,33,71-80,21+,0,1,0
907,789,1422,74,75,33,71-80,21+,0,1,0
907,789,1488,74,75,33,71-80,21+,0,1,0
907,789,1491,74,75,33,71-80,21+,0,1,0
907,789,1525,74,75,33,71-80,21+,1,0,0
907,991,1283,74,75,33,71-80,21+,0,1,0
907,991,1357,74,75,33,71-80,21+,0,1,0
907,991,1403,74,75,33,71-80,21+,0,1,0
907,991,1422,74,75,33,71-80,21+,0,1,0
907,991,1488,74,75,33,71-80,21+,0,1,0
907,991,1491,74,75,33,71-80,21+,0,1,0
907,991,1525,74,75,33,71-80,21+,1,0,0
907,1092,1283,74,75,33,71-80,21+,0,1,0
907,1092,1357,74,75,33,71-80,21+,0,1,0
907,1092,1403,74,75,33,71-80,21+,0,1,0
907,1092,1422,74,75,33,71-80,21+,0,1,0
907,1092,1488,74,75,33,71-80,21+,0,1,0
907,1092,1491,74,75,33,71-80,21+,0,1,0
907,1092,1525,74,75,33,71-80,21+,0,1,0
907,1093,1283,74,75,33,71-80,21+,0,1,0
907,1093,1357,74,75,33,71-80,21+,0,1,0
907,1093,1403,74,75,33,71-80,21+,0,1,0
907,1093,1422,74,75,33,71-80,21+,0,1,0
907,1093,1488,74,75,33,71-80,21+,0,1,0
907,1093,1491,74,75,33,71-80,21+,0,1,0
907,1093,1525,74,75,33,71-80,21+,0,1,0
907,1193,1283,74,75,33,71-80,21+,0,1,0
907,1193,1357,74,75,33,71-80,21+,0,1,0
907,1193,1403,74,75,33,71-80,21+,0,1,0
907,1193,1422,74,75,33,71-80,21+,0,1,0
907,1193,1488,74,75,33,71-80,21+,0,1,0
907,1193,1491,74,75,33,71-80,21+,0,1,0
907,1193,1525,74,75,33,71-80,21+,0,1,0
907,1283,1357,74,75,33,71-80,21+,1,0,1
907,1283,1403,74,75,33,71-80,21+,1,0,1
907,1283,1422,74,75,33,71-80,21+,1,0,1
907,1283,1437,74,75,33,71-80,21+,0,1,0
907,1283,1488,74,75,33,71-80,21+,1,0,1
907,1283,1491,74,75,33,71-80,21+,1,0,1
907,1283,1525,74,75,33,71-80,21+,0,1,1
907,1357,1403,74,75,33,71-80,21+,1,0,1
907,1357,1422,74,75,33,71-80,21+,1,0,1
907,1357,1437,74,75,33,71-80,21+,0,1,0
907,1357,1488,74,75,33,71-80,21+,1,0,1
907,1357,1491,74,75,33,71-80,21+,1,0,1
907,1357,1525,74,75,33,71-80,21+,0,1,1
907,1403,1422,74,75,33,71-80,21+,1,0,1
907,1403,1437,74,75,33,71-80,21+,0,1,0
907,1403,1488,74,75,33,71-80,21+,1,0,1
907,1403,1491,74,75,33,71-80,21+,1,0,1
907,1403,1525,74,75,33,71-80,21+,0,1,1
907,1422,1437,74,75,33,71-80,21+,0,1,0
907,1422,1488,74,75,33,71-80,21+,1,0,1
907,1422,1491,74,75,33,71-80,21+,1,0,1
907,1422,1525,74,75,33,71-80,21+,0,1,1
907,1437,1488,74,75,33,71-80,21+,0,1,0
907,1437,1491,74,75,33,71-80,21+,0,1,0
907,1437,1525,74,75,33,71-80,21+,0,1,0
907,1488,1491,74,75,33,71-80,21+,1,0,1
907,1488,1525,74,75,33,71-80,21+,0,1,1
907,1491,1525,74,75,33,71-80,21+,0,1,1
907,331,788,75,75,7,71-80,6-10,0,1,0
907,333,788,75,75,7,71-80,6-10,0,1,0
907,305,1286,87,75,16,71-80,11-20,0,1,0
907,306,1286,87,75,16,71-80,11-20,0,1,0
907,726,1286,87,75,16,71-80,11-20,0,1,0
907,994,1286,87,75,16,71-80,11-20,0,1,0
907,1194,1286,87,75,16,71-80,11-20,0,1,0
907,1304,1444,100,71,13,71-80,11-20,1,0,0
907,1444,1445,100,71,13,71-80,11-20,1,0,0
907,1358,1359,118,100,3,96-100,3-5,1,0,1
912,1402,1442,63,80,10,71-80,6-10,0,1,0
912,327,328,74,75,33,71-80,21+,1,0,0
912,327,329,74,75,33,71-80,21+,1,0,0
912,327,330,74,75,33,71-80,21+,1,0,0
912,327,332,74,75,33,71-80,21+,1,0,0
912,327,335,74,75,33,71-80,21+,1,0,0
912,327,787,74,75,33,71-80,21+,0,1,0
912,327,789,74,75,33,71-80,21+,0,1,0
912,327,1525,74,75,33,71-80,21+,0,1,0
912,328,329,74,75,33,71-80,21+,1,0,1
912,328,330,74,75,33,71-80,21+,1,0,1
912,328,332,74,75,33,71-80,21+,1,0,1
912,328,335,74,75,33,71-80,21+,1,0,1
912,328,718,74,75,33,71-80,21+,0,1,0
912,328,787,74,75,33,71-80,21+,0,1,1
912,328,789,74,75,33,71-80,21+,0,1,1
912,328,991,74,75,33,71-80,21+,0,1,0
912,328,1092,74,75,33,71-80,21+,0,1,0
912,328,1093,74,75,33,71-80,21+,0,1,0
912,328,1193,74,75,33,71-80,21+,0,1,0
912,328,1283,74,75,33,71-80,21+,0,1,0
912,328,1357,74,75,33,71-80,21+,0,1,0
912,328,1403,74,75,33,71-80,21+,0,1,0
912,328,1422,74,75,33,71-80,21+,0,1,0
912,328,1437,74,75,33,71-80,21+,0,1,0
912,328,1488,74,75,33,71-80,21+,0,1,0
912,328,1491,74,75,33,71-80,21+,0,1,0
912,328,1525,74,75,33,71-80,21+,0,1,1
912,328,1527,74,75,33,71-80,21+,0,1,0
912,329,330,74,75,33,71-80,21+,1,0,1
912,329,332,74,75,33,71-80,21+,1,0,1
912,329,335,74,75,33,71-80,21+,1,0,1
912,329,718,74,75,33,71-80,21+,0,1,0
912,329,787,74,75,33,71-80,21+,0,1,1
912,329,789,74,75,33,71-80,21+,0,1,1
912,329,991,74,75,33,71-80,21+,0,1,0
912,329,1092,74,75,33,71-80,21+,0,1,0
912,329,1093,74,75,33,71-80,21+,0,1,0
912,329,1193,74,75,33,71-80,21+,0,1,0
912,329,1283,74,75,33,71-80,21+,0,1,0
912,329,1357,74,75,33,71-80,21+,0,1,0
912,329,1403,74,75,33,71-80,21+,0,1,0
912,329,1422,74,75,33,71-80,21+,0,1,0
912,329,1437,74,75,33,71-80,21+,0,1,0
912,329,1488,74,75,33,71-80,21+,0,1,0
912,329,1491,74,75,33,71-80,21+,0,1,0
912,329,1525,74,75,33,71-80,21+,0,1,1
912,329,1527,74,75,33,71-80,21+,0,1,0
912,330,332,74,75,33,71-80,21+,1,0,1
912,330,335,74,75,33,71-80,21+,1,0,1
912,330,718,74,75,33,71-80,21+,0,1,0
912,330,787,74,75,33,71-80,21+,0,1,1
912,330,789,74,75,33,71-80,21+,0,1,1
912,330,991,74,75,33,71-80,21+,0,1,0
912,330,1092,74,75,33,71-80,21+,0,1,0
912,330,1093,74,75,33,71-80,21+,0,1,0
912,330,1193,74,75,33,71-80,21+,0,1,0
912,330,1283,74,75,33,71-80,21+,0,1,0
912,330,1357,74,75,33,71-80,21+,0,1,0
912,330,1403,74,75,33,71-80,21+,0,1,0
912,330,1422,74,75,33,71-80,21+,0,1,0
912,330,1437,74,75,33,71-80,21+,0,1,0
912,330,1488,74,75,33,71-80,21+,0,1,0
912,330,1491,74,75,33,71-80,21+,0,1,0
912,330,1525,74,75,33,71-80,21+,0,1,1
912,330,1527,74,75,33,71-80,21+,0,1,0
912,332,335,74,75,33,71-80,21+,1,0,1
912,332,718,74,75,33,71-80,21+,0,1,0
912,332,787,74,75,33,71-80,21+,0,1,1
912,332,789,74,75,33,71-80,21+,0,1,1
912,332,991,74,75,33,71-80,21+,0,1,0
912,332,1092,74,75,33,71-80,21+,0,1,0
912,332,1093,74,75,33,71-80,21+,0,1,0
912,332,1193,74,75,33,71-80,21+,0,1,0
912,332,1283,74,75,33,71-80,21+,0,1,0
912,332,1357,74,75,33,71-80,21+,0,1,0
912,332,1403,74,75,33,71-80,21+,0,1,0
912,332,1422,74,75,33,71-80,21+,0,1,0
912,332,1437,74,75,33,71-80,21+,0,1,0
912,332,1488,74,75,33,71-80,21+,0,1,0
912,332,1491,74,75,33,71-80,21+,0,1,0
912,332,1525,74,75,33,71-80,21+,0,1,1
912,332,1527,74,75,33,71-80,21+,0,1,0
912,335,718,74,75,33,71-80,21+,0,1,0
912,335,787,74,75,33,71-80,21+,0,1,1
912,335,789,74,75,33,71-80,21+,0,1,1
912,335,991,74,75,33,71-80,21+,0,1,0
912,335,1092,74,75,33,71-80,21+,0,1,0
912,335,1093,74,75,33,71-80,21+,0,1,0
912,335,1193,74,75,33,71-80,21+,0,1,0
912,335,1283,74,75,33,71-80,21+,0,1,0
912,335,1357,74,75,33,71-80,21+,0,1,0
912,335,1403,74,75,33,71-80,21+,0,1,0
912,335,1422,74,75,33,71-80,21+,0,1,0
912,335,1437,74,75,33,71-80,21+,0,1,0
912,335,1488,74,75,33,71-80,21+,0,1,0
912,335,1491,74,75,33,71-80,21+,0,1,0
912,335,1525,74,75,33,71-80,21+,0,1,1
912,335,1527,74,75,33,71-80,21+,0,1,0
912,718,787,74,75,33,71-80,21+,0,1,0
912,718,789,74,75,33,71-80,21+,0,1,0
912,718,1525,74,75,33,71-80,21+,0,1,0
912,787,789,74,75,33,71-80,21+,1,0,1
912,787,991,74,75,33,71-80,21+,1,0,0
912,787,1092,74,75,33,71-80,21+,0,1,0
912,787,1093,74,75,33,71-80,21+,0,1,0
912,787,1193,74,75,33,71-80,21+,0,1,0
912,787,1283,74,75,33,71-80,21+,0,1,0
912,787,1357,74,75,33,71-80,21+,0,1,0
912,787,1403,74,75,33,71-80,21+,0,1,0
912,787,1422,74,75,33,71-80,21+,0,1,0
912,787,1437,74,75,33,71-80,21+,0,1,0
912,787,1488,74,75,33,71-80,21+,0,1,0
912,787,1491,74,75,33,71-80,21+,0,1,0
912,787,1525,74,75,33,71-80,21+,1,0,1
912,787,1527,74,75,33,71-80,21+,0,1,0
912,789,991,74,75,33,71-80,21+,1,0,0
912,789,1092,74,75,33,71-80,21+,0,1,0
912,789,1093,74,75,33,71-80,21+,0,1,0
912,789,1193,74,75,33,71-80,21+,0,1,0
912,789,1283,74,75,33,71-80,21+,0,1,0
912,789,1357,74,75,33,71-80,21+,0,1,0
912,789,1403,74,75,33,71-80,21+,0,1,0
912,789,1422,74,75,33,71-80,21+,0,1,0
912,789,1437,74,75,33,71-80,21+,0,1,0
912,789,1488,74,75,33,71-80,21+,0,1,0
912,789,1491,74,75,33,71-80,21+,0,1,0
912,789,1525,74,75,33,71-80,21+,1,0,1
912,789,1527,74,75,33,71-80,21+,0,1,0
912,991,1525,74,75,33,71-80,21+,1,0,0
912,1092,1525,74,75,33,71-80,21+,0,1,0
912,1093,1525,74,75,33,71-80,21+,0,1,0
912,1193,1525,74,75,33,71-80,21+,0,1,0
912,1283,1525,74,75,33,71-80,21+,0,1,0
912,1357,1525,74,75,33,71-80,21+,0,1,0
912,1403,1525,74,75,33,71-80,21+,0,1,0
912,1422,1525,74,75,33,71-80,21+,0,1,0
912,1437,1525,74,75,33,71-80,21+,0,1,0
912,1488,1525,74,75,33,71-80,21+,0,1,0
912,1491,1525,74,75,33,71-80,21+,0,1,0
912,1525,1527,74,75,33,71-80,21+,0,1,0
912,331,333,75,75,7,71-80,6-10,1,0,0
912,333,788,75,75,7,71-80,6-10,0,1,0
912,205,691,78,75,24,71-80,21+,0,1,0
912,205,692,78,75,24,71-80,21+,0,1,0
912,205,998,78,75,24,71-80,21+,0,1,0
912,205,1010,78,75,24,71-80,21+,0,1,0
912,205,1061,78,75,24,71-80,21+,0,1,0
912,205,1117,78,75,24,71-80,21+,0,1,0
912,205,1118,78,75,24,71-80,21+,0,1,0
912,205,1137,78,75,24,71-80,21+,0,1,0
912,205,1180,78,75,24,71-80,21+,0,1,0
912,205,1182,78,75,24,71-80,21+,0,1,0
912,205,1288,78,75,24,71-80,21+,0,1,0
912,205,1362,78,75,24,71-80,21+,0,1,0
912,205,1367,78,75,24,71-80,21+,0,1,0
912,205,1405,78,75,24,71-80,21+,0,1,0
912,205,1428,78,75,24,71-80,21+,0,1,0
912,205,1431,78,75,24,71-80,21+,0,1,0
912,305,306,87,75,16,71-80,11-20,0,1,0
912,305,1286,87,75,16,71-80,11-20,0,1,0
912,306,726,87,75,16,71-80,11-20,0,1,0
912,306,994,87,75,16,71-80,11-20,0,1,0
912,306,1194,87,75,16,71-80,11-20,0,1,0
912,306,1286,87,75,16,71-80,11-20,0,1,1
912,726,1286,87,75,16,71-80,11-20,0,1,0
912,994,1286,87,75,16,71-80,11-20,0,1,0
912,1194,1286,87,75,16,71-80,11-20,0,1,0
912,317,318,89,85,10,81-90,6-10,0,1,0
912,319,320,90,85,5,81-90,3-5,0,1,0
912,337,338,91,90,12,81-90,11-20,1,0,1
912,337,339,91,90,12,81-90,11-20,1,0,1
912,338,339,91,90,12,81-90,11-20,1,0,1
912,1304,1444,100,71,13,71-80,11-20,1,0,0
912,1304,1445,100,71,13,71-80,11-20,1,0,0
912,190,1001,114,75,6,71-80,6-10,0,1,0
912,1256,1257,115,88,5,81-90,3-5,0,1,0
912,1358,1359,118,100,3,96-100,3-5,1,0,0
912,985,1294,159,70,8,<=70,6-10,1,1,1
912,985,1295,159,70,8,<=70,6-10,1,1,1
912,985,1481,159,70,8,<=70,6-10,0,1,0
912,985,1482,159,70,8,<=70,6-10,0,1,0
912,1294,1295,159,70,8,<=70,6-10,1,0,1
912,1294,1481,159,70,8,<=70,6-10,0,1,0
912,1294,1482,159,70,8,<=70,6-10,0,1,0
912,1295,1481,159,70,8,<=70,6-10,0,1,0
912,1295,1482,159,70,8,<=70,6-10,0,1,0
914,321,1408,35,75,14,71-80,11-20,0,1,0
914,322,1408,35,75,14,71-80,11-20,0,1,0
914,323,1408,35,75,14,71-80,11-20,0,1,0
914,324,1408,35,75,14,71-80,11-20,0,1,0
914,326,1408,35,75,14,71-80,11-20,0,1,0
914,727,1408,35,75,14,71-80,11-20,0,1,0
914,1355,1408,35,75,14,71-80,11-20,0,4,0
914,1356,1408,35,75,14,71-80,11-20,0,1,0
914,1408,1474,35,75,14,71-80,11-20,0,1,0
914,1408,1526,35,75,14,71-80,11-20,0,1,0
914,65,73,45,100,21,96-100,21+,0,1,0
914,66,73,45,100,21,96-100,21+,0,1,0
914,67,73,45,100,21,96-100,21+,0,1,0
914,68,73,45,100,21,96-100,21+,0,1,0
914,69,73,45,100,21,96-100,21+,0,1,0
914,71,73,45,100,21,96-100,21+,0,1,0
914,72,73,45,100,21,96-100,21+,0,1,0
914,73,661,45,100,21,96-100,21+,0,1,0
914,73,723,45,100,21,96-100,21+,0,1,0
914,73,1135,45,100,21,96-100,21+,0,1,0
914,73,1264,45,100,21,96-100,21+,0,1,0
914,73,1399,45,100,21,96-100,21+,0,1,0
914,1402,1442,63,80,10,71-80,6-10,0,1,0
914,327,328,74,75,33,71-80,21+,1,0,0
914,327,329,74,75,33,71-80,21+,1,0,0
914,327,330,74,75,33,71-80,21+,1,0,0
914,327,332,74,75,33,71-80,21+,1,0,0
914,327,335,74,75,33,71-80,21+,1,0,0
914,327,1357,74,75,33,71-80,21+,0,1,0
914,327,1422,74,75,33,71-80,21+,0,1,0
914,327,1488,74,75,33,71-80,21+,0,1,0
914,327,1491,74,75,33,71-80,21+,0,1,0
914,328,329,74,75,33,71-80,21+,1,0,1
914,328,330,74,75,33,71-80,21+,1,0,1
914,328,332,74,75,33,71-80,21+,1,0,1
914,328,335,74,75,33,71-80,21+,1,0,1
914,328,718,74,75,33,71-80,21+,0,1,0
914,328,787,74,75,33,71-80,21+,0,1,0
914,328,789,74,75,33,71-80,21+,0,1,0
914,328,991,74,75,33,71-80,21+,0,1,0
914,328,1092,74,75,33,71-80,21+,0,1,0
914,328,1093,74,75,33,71-80,21+,0,1,0
914,328,1193,74,75,33,71-80,21+,0,1,0
914,328,1283,74,75,33,71-80,21+,0,1,0
914,328,1357,74,75,33,71-80,21+,0,1,1
914,328,1403,74,75,33,71-80,21+,0,1,0
914,328,1422,74,75,33,71-80,21+,0,1,1
914,328,1437,74,75,33,71-80,21+,0,1,0
914,328,1488,74,75,33,71-80,21+,0,1,1
914,328,1491,74,75,33,71-80,21+,0,1,1
914,328,1525,74,75,33,71-80,21+,0,1,0
914,328,1527,74,75,33,71-80,21+,0,1,0
914,328,1528,74,75,33,71-80,21+,0,1,1
914,329,330,74,75,33,71-80,21+,1,0,1
914,329,332,74,75,33,71-80,21+,1,0,1
914,329,335,74,75,33,71-80,21+,1,0,1
914,329,718,74,75,33,71-80,21+,0,1,0
914,329,787,74,75,33,71-80,21+,0,1,0
914,329,789,74,75,33,71-80,21+,0,1,0
914,329,991,74,75,33,71-80,21+,0,1,0
914,329,1092,74,75,33,71-80,21+,0,1,0
914,329,1093,74,75,33,71-80,21+,0,1,0
914,329,1193,74,75,33,71-80,21+,0,1,0
914,329,1283,74,75,33,71-80,21+,0,1,0
914,329,1357,74,75,33,71-80,21+,0,1,1
914,329,1403,74,75,33,71-80,21+,0,1,0
914,329,1422,74,75,33,71-80,21+,0,1,1
914,329,1437,74,75,33,71-80,21+,0,1,0
914,329,1488,74,75,33,71-80,21+,0,1,1
914,329,1491,74,75,33,71-80,21+,0,1,1
914,329,1525,74,75,33,71-80,21+,0,1,0
914,329,1527,74,75,33,71-80,21+,0,1,0
914,329,1528,74,75,33,71-80,21+,0,1,1
914,330,332,74,75,33,71-80,21+,1,0,1
914,330,335,74,75,33,71-80,21+,1,0,1
914,330,718,74,75,33,71-80,21+,0,1,0
914,330,787,74,75,33,71-80,21+,0,1,0
914,330,789,74,75,33,71-80,21+,0,1,0
914,330,991,74,75,33,71-80,21+,0,1,0
914,330,1092,74,75,33,71-80,21+,0,1,0
914,330,1093,74,75,33,71-80,21+,0,1,0
914,330,1193,74,75,33,71-80,21+,0,1,0
914,330,1283,74,75,33,71-80,21+,0,1,0
914,330,1357,74,75,33,71-80,21+,0,1,1
914,330,1403,74,75,33,71-80,21+,0,1,0
914,330,1422,74,75,33,71-80,21+,0,1,1
914,330,1437,74,75,33,71-80,21+,0,1,0
914,330,1488,74,75,33,71-80,21+,0,1,1
914,330,1491,74,75,33,71-80,21+,0,1,1
914,330,1525,74,75,33,71-80,21+,0,1,0
914,330,1527,74,75,33,71-80,21+,0,1,0
914,330,1528,74,75,33,71-80,21+,0,1,1
914,332,335,74,75,33,71-80,21+,1,0,1
914,332,718,74,75,33,71-80,21+,0,1,0
914,332,787,74,75,33,71-80,21+,0,1,0
914,332,789,74,75,33,71-80,21+,0,1,0
914,332,991,74,75,33,71-80,21+,0,1,0
914,332,1092,74,75,33,71-80,21+,0,1,0
914,332,1093,74,75,33,71-80,21+,0,1,0
914,332,1193,74,75,33,71-80,21+,0,1,0
914,332,1283,74,75,33,71-80,21+,0,1,0
914,332,1357,74,75,33,71-80,21+,0,1,1
914,332,1403,74,75,33,71-80,21+,0,1,0
914,332,1422,74,75,33,71-80,21+,0,1,1
914,332,1437,74,75,33,71-80,21+,0,1,0
914,332,1488,74,75,33,71-80,21+,0,1,1
914,332,1491,74,75,33,71-80,21+,0,1,1
914,332,1525,74,75,33,71-80,21+,0,1,0
914,332,1527,74,75,33,71-80,21+,0,1,0
914,332,1528,74,75,33,71-80,21+,0,1,1
914,335,718,74,75,33,71-80,21+,0,1,0
914,335,787,74,75,33,71-80,21+,0,1,0
914,335,789,74,75,33,71-80,21+,0,1,0
914,335,991,74,75,33,71-80,21+,0,1,0
914,335,1092,74,75,33,71-80,21+,0,1,0
914,335,1093,74,75,33,71-80,21+,0,1,0
914,335,1193,74,75,33,71-80,21+,0,1,0
914,335,1283,74,75,33,71-80,21+,0,1,0
914,335,1357,74,75,33,71-80,21+,0,1,1
914,335,1403,74,75,33,71-80,21+,0,1,0
914,335,1422,74,75,33,71-80,21+,0,1,1
914,335,1437,74,75,33,71-80,21+,0,1,0
914,335,1488,74,75,33,71-80,21+,0,1,1
914,335,1491,74,75,33,71-80,21+,0,1,1
914,335,1525,74,75,33,71-80,21+,0,1,0
914,335,1527,74,75,33,71-80,21+,0,1,0
914,335,1528,74,75,33,71-80,21+,0,1,1
914,718,1357,74,75,33,71-80,21+,0,1,0
914,718,1422,74,75,33,71-80,21+,0,1,0
914,718,1488,74,75,33,71-80,21+,0,1,0
914,718,1491,74,75,33,71-80,21+,0,1,0
914,787,1357,74,75,33,71-80,21+,0,1,0
914,787,1422,74,75,33,71-80,21+,0,1,0
914,787,1488,74,75,33,71-80,21+,0,1,0
914,787,1491,74,75,33,71-80,21+,0,1,0
914,789,1357,74,75,33,71-80,21+,0,1,0
914,789,1422,74,75,33,71-80,21+,0,1,0
914,789,1488,74,75,33,71-80,21+,0,1,0
914,789,1491,74,75,33,71-80,21+,0,1,0
914,991,1357,74,75,33,71-80,21+,0,1,0
914,991,1422,74,75,33,71-80,21+,0,1,0
914,991,1488,74,75,33,71-80,21+,0,1,0
914,991,1491,74,75,33,71-80,21+,0,1,0
914,1092,1357,74,75,33,71-80,21+,0,1,0
914,1092,1422,74,75,33,71-80,21+,0,1,0
914,1092,1488,74,75,33,71-80,21+,0,1,0
914,1092,1491,74,75,33,71-80,21+,0,1,0
914,1093,1357,74,75,33,71-80,21+,0,1,0
914,1093,1422,74,75,33,71-80,21+,0,1,0
914,1093,1488,74,75,33,71-80,21+,0,1,0
914,1093,1491,74,75,33,71-80,21+,0,1,0
914,1193,1357,74,75,33,71-80,21+,0,1,0
914,1193,1422,74,75,33,71-80,21+,0,1,0
914,1193,1488,74,75,33,71-80,21+,0,1,0
914,1193,1491,74,75,33,71-80,21+,0,1,0
914,1283,1357,74,75,33,71-80,21+,1,0,0
914,1283,1422,74,75,33,71-80,21+,1,0,0
914,1283,1488,74,75,33,71-80,21+,1,0,0
914,1283,1491,74,75,33,71-80,21+,1,0,0
914,1357,1403,74,75,33,71-80,21+,1,0,0
914,1357,1422,74,75,33,71-80,21+,1,0,1
914,1357,1437,74,75,33,71-80,21+,0,1,0
914,1357,1488,74,75,33,71-80,21+,1,0,1
914,1357,1491,74,75,33,71-80,21+,1,0,1
914,1357,1525,74,75,33,71-80,21+,0,1,0
914,1357,1527,74,75,33,71-80,21+,0,1,0
914,1357,1528,74,75,33,71-80,21+,0,1,1
914,1403,1422,74,75,33,71-80,21+,1,0,0
914,1403,1488,74,75,33,71-80,21+,1,0,0
914,1403,1491,74,75,33,71-80,21+,1,0,0
914,1422,1437,74,75,33,71-80,21+,0,1,0
914,1422,1488,74,75,33,71-80,21+,1,0,1
914,1422,1491,74,75,33,71-80,21+,1,0,1
914,1422,1525,74,75,33,71-80,21+,0,1,0
914,1422,1527,74,75,33,71-80,21+,0,1,0
914,1422,1528,74,75,33,71-80,21+,0,1,1
914,1437,1488,74,75,33,71-80,21+,0,1,0
914,1437,1491,74,75,33,71-80,21+,0,1,0
914,1488,1491,74,75,33,71-80,21+,1,0,1
914,1488,1525,74,75,33,71-80,21+,0,1,0
914,1488,1527,74,75,33,71-80,21+,0,1,0
914,1488,1528,74,75,33,71-80,21+,0,1,1
914,1491,1525,74,75,33,71-80,21+,0,1,0
914,1491,1527,74,75,33,71-80,21+,0,1,0
914,1491,1528,74,75,33,71-80,21+,0,1,1
914,305,1286,87,75,16,71-80,11-20,0,1,0
914,306,1286,87,75,16,71-80,11-20,0,1,0
914,726,1286,87,75,16,71-80,11-20,0,1,0
914,994,1286,87,75,16,71-80,11-20,0,1,0
914,1194,1286,87,75,16,71-80,11-20,0,1,0
914,317,318,89,85,10,81-90,6-10,0,1,0
914,319,320,90,85,5,81-90,3-5,0,1,0
914,337,338,91,90,12,81-90,11-20,1,0,1
914,337,339,91,90,12,81-90,11-20,1,0,1
914,338,339,91,90,12,81-90,11-20,1,0,1
914,340,341,92,75,17,71-80,11-20,1,0,1
914,340,342,92,75,17,71-80,11-20,1,0,1
914,341,342,92,75,17,71-80,11-20,1,0,1
914,1304,1444,100,71,13,71-80,11-20,1,0,0
914,1304,1445,100,71,13,71-80,11-20,1,0,0
914,1304,1533,100,71,13,71-80,11-20,0,1,0
914,1292,1293,156,71,9,71-80,6-10,0,1,1
914,110,111,157,72,18,71-80,11-20,0,1,0
921,168,236,56,75,9,71-80,6-10,0,1,0
921,169,236,56,75,9,71-80,6-10,0,1,0
921,170,236,56,75,9,71-80,6-10,0,1,0
921,236,1425,56,75,9,71-80,6-10,0,1,0
921,269,270,80,80,12,71-80,11-20,1,0,0
921,524,1034,81,75,15,71-80,11-20,1,0,0
921,524,1289,81,75,15,71-80,11-20,0,1,0
921,1529,1530,82,75,12,71-80,11-20,0,1,0
921,1529,1531,82,75,12,71-80,11-20,0,1,0
921,1529,1532,82,75,12,71-80,11-20,0,1,0
927,168,1425,56,75,9,71-80,6-10,0,1,0
927,169,1425,56,75,9,71-80,6-10,0,1,0
927,170,1425,56,75,9,71-80,6-10,0,1,0
927,236,1425,56,75,9,71-80,6-10,0,1,0
927,205,1428,78,75,24,71-80,21+,0,1,0
927,691,1428,78,75,24,71-80,21+,0,1,0
927,692,1428,78,75,24,71-80,21+,0,1,0
927,998,1428,78,75,24,71-80,21+,0,1,0
927,1010,1428,78,75,24,71-80,21+,0,1,0
927,1061,1428,78,75,24,71-80,21+,0,1,0
927,1117,1428,78,75,24,71-80,21+,0,1,0
927,1118,1428,78,75,24,71-80,21+,0,1,0
927,1137,1428,78,75,24,71-80,21+,0,1,0
927,1180,1428,78,75,24,71-80,21+,0,1,0
927,1182,1428,78,75,24,71-80,21+,0,1,0
927,1288,1428,78,75,24,71-80,21+,0,2,0
927,1362,1428,78,75,24,71-80,21+,0,1,0
927,1367,1428,78,75,24,71-80,21+,0,2,0
927,1405,1428,78,75,24,71-80,21+,0,1,0
927,1428,1431,78,75,24,71-80,21+,0,1,0
927,1428,1534,78,75,24,71-80,21+,0,2,0
927,1358,1359,118,100,3,96-100,3-5,1,0,1
927,1453,1454,166,75,7,71-80,6-10,1,0,1
927,1453,1517,166,75,7,71-80,6-10,1,0,1
927,1454,1517,166,75,7,71-80,6-10,1,0,1
927,1413,1414,167,71,4,71-80,3-5,1,0,1
927,1407,1416,169,75,9,71-80,6-10,1,0,1
927,1407,1518,169,75,9,71-80,6-10,1,0,1
927,1416,1518,169,75,9,71-80,6-10,1,0,1
927,1497,1498,170,75,8,71-80,6-10,0,1,0
927,1504,1505,171,75,3,71-80,3-5,1,0,1
927,1513,1519,172,75,6,71-80,6-10,1,0,1
927,1483,1499,173,71,5,71-80,3-5,1,0,1
927,1426,1427,175,100,4,96-100,3-5,1,0,1
927,1485,1486,177,72,6,71-80,6-10,1,0,1
927,1485,1487,177,72,6,71-80,6-10,1,0,1
927,1485,1502,177,72,6,71-80,6-10,1,0,1
927,1486,1487,177,72,6,71-80,6-10,1,0,1
927,1486,1502,177,72,6,71-80,6-10,1,0,1
927,1487,1502,177,72,6,71-80,6-10,1,0,1
928,168,1425,56,75,9,71-80,6-10,0,1,0
928,169,1425,56,75,9,71-80,6-10,0,1,0
928,170,1425,56,75,9,71-80,6-10,0,1,0
928,236,1425,56,75,9,71-80,6-10,0,1,0
928,327,1357,74,75,33,71-80,21+,0,1,0
928,327,1422,74,75,33,71-80,21+,0,1,0
928,327,1488,74,75,33,71-80,21+,0,1,0
928,327,1491,74,75,33,71-80,21+,0,1,0
928,328,1357,74,75,33,71-80,21+,0,1,0
928,328,1422,74,75,33,71-80,21+,0,1,0
928,328,1488,74,75,33,71-80,21+,0,1,0
928,328,1491,74,75,33,71-80,21+,0,1,0
928,329,1357,74,75,33,71-80,21+,0,1,0
928,329,1422,74,75,33,71-80,21+,0,1,0
928,329,1488,74,75,33,71-80,21+,0,1,0
928,329,1491,74,75,33,71-80,21+,0,1,0
928,330,1357,74,75,33,71-80,21+,0,1,0
928,330,1422,74,75,33,71-80,21+,0,1,0
928,330,1488,74,75,33,71-80,21+,0,1,0
928,330,1491,74,75,33,71-80,21+,0,1,0
928,332,1357,74,75,33,71-80,21+,0,1,0
928,332,1422,74,75,33,71-80,21+,0,1,0
928,332,1488,74,75,33,71-80,21+,0,1,0
928,332,1491,74,75,33,71-80,21+,0,1,0
928,335,1357,74,75,33,71-80,21+,0,1,0
928,335,1422,74,75,33,71-80,21+,0,1,0
928,335,1488,74,75,33,71-80,21+,0,1,0
928,335,1491,74,75,33,71-80,21+,0,1,0
928,718,1357,74,75,33,71-80,21+,0,1,0
928,718,1422,74,75,33,71-80,21+,0,1,0
928,718,1488,74,75,33,71-80,21+,0,1,0
928,718,1491,74,75,33,71-80,21+,0,1,0
928,787,1357,74,75,33,71-80,21+,0,1,0
928,787,1422,74,75,33,71-80,21+,0,1,0
928,787,1488,74,75,33,71-80,21+,0,1,0
928,787,1491,74,75,33,71-80,21+,0,1,0
928,789,1357,74,75,33,71-80,21+,0,1,0
928,789,1422,74,75,33,71-80,21+,0,1,0
928,789,1488,74,75,33,71-80,21+,0,1,0
928,789,1491,74,75,33,71-80,21+,0,1,0
928,991,1357,74,75,33,71-80,21+,0,1,0
928,991,1422,74,75,33,71-80,21+,0,1,0
928,991,1488,74,75,33,71-80,21+,0,1,0
928,991,1491,74,75,33,71-80,21+,0,1,0
928,1092,1357,74,75,33,71-80,21+,0,1,0
928,1092,1422,74,75,33,71-80,21+,0,1,0
928,1092,1488,74,75,33,71-80,21+,0,1,0
928,1092,1491,74,75,33,71-80,21+,0,1,0
928,1093,1357,74,75,33,71-80,21+,0,1,0
928,1093,1422,74,75,33,71-80,21+,0,1,0
928,1093,1488,74,75,33,71-80,21+,0,1,0
928,1093,1491,74,75,33,71-80,21+,0,1,0
928,1193,1357,74,75,33,71-80,21+,0,1,0
928,1193,1422,74,75,33,71-80,21+,0,1,0
928,1193,1488,74,75,33,71-80,21+,0,1,0
928,1193,1491,74,75,33,71-80,21+,0,1,0
928,1283,1357,74,75,33,71-80,21+,1,0,0
928,1283,1422,74,75,33,71-80,21+,1,0,0
928,1283,1488,74,75,33,71-80,21+,1,0,0
928,1283,1491,74,75,33,71-80,21+,1,0,0
928,1357,1403,74,75,33,71-80,21+,1,0,0
928,1357,1422,74,75,33,71-80,21+,1,0,1
928,1357,1437,74,75,33,71-80,21+,0,1,0
928,1357,1488,74,75,33,71-80,21+,1,0,1
928,1357,1491,74,75,33,71-80,21+,1,0,1
928,1357,1525,74,75,33,71-80,21+,0,1,0
928,1357,1527,74,75,33,71-80,21+,0,1,0
928,1357,1528,74,75,33,71-80,21+,0,1,0
928,1403,1422,74,75,33,71-80,21+,1,0,0
928,1403,1488,74,75,33,71-80,21+,1,0,0
928,1403,1491,74,75,33,71-80,21+,1,0,0
928,1422,1437,74,75,33,71-80,21+,0,1,0
928,1422,1488,74,75,33,71-80,21+,1,0,1
928,1422,1491,74,75,33,71-80,21+,1,0,1
928,1422,1525,74,75,33,71-80,21+,0,1,0
928,1422,1527,74,75,33,71-80,21+,0,1,0
928,1422,1528,74,75,33,71-80,21+,0,1,0
928,1437,1488,74,75,33,71-80,21+,0,1,0
928,1437,1491,74,75,33,71-80,21+,0,1,0
928,1488,1491,74,75,33,71-80,21+,1,0,1
928,1488,1525,74,75,33,71-80,21+,0,1,0
928,1488,1527,74,75,33,71-80,21+,0,1,0
928,1488,1528,74,75,33,71-80,21+,0,1,0
928,1491,1525,74,75,33,71-80,21+,0,1,0
928,1491,1527,74,75,33,71-80,21+,0,1,0
928,1491,1528,74,75,33,71-80,21+,0,1,0
928,1358,1359,118,100,3,96-100,3-5,1,0,0
928,1504,1505,171,75,3,71-80,3-5,1,0,0
929,327,1357,74,75,33,71-80,21+,0,1,0
929,327,1422,74,75,33,71-80,21+,0,1,0
929,327,1488,74,75,33,71-80,21+,0,1,0
929,327,1491,74,75,33,71-80,21+,0,1,0
929,328,1357,74,75,33,71-80,21+,0,1,0
929,328,1422,74,75,33,71-80,21+,0,1,0
929,328,1488,74,75,33,71-80,21+,0,1,0
929,328,1491,74,75,33,71-80,21+,0,1,0
929,329,1357,74,75,33,71-80,21+,0,1,0
929,329,1422,74,75,33,71-80,21+,0,1,0
929,329,1488,74,75,33,71-80,21+,0,1,0
929,329,1491,74,75,33,71-80,21+,0,1,0
929,330,1357,74,75,33,71-80,21+,0,1,0
929,330,1422,74,75,33,71-80,21+,0,1,0
929,330,1488,74,75,33,71-80,21+,0,1,0
929,330,1491,74,75,33,71-80,21+,0,1,0
929,332,1357,74,75,33,71-80,21+,0,1,0
929,332,1422,74,75,33,71-80,21+,0,1,0
929,332,1488,74,75,33,71-80,21+,0,1,0
929,332,1491,74,75,33,71-80,21+,0,1,0
929,335,1357,74,75,33,71-80,21+,0,1,0
929,335,1422,74,75,33,71-80,21+,0,1,0
929,335,1488,74,75,33,71-80,21+,0,1,0
929,335,1491,74,75,33,71-80,21+,0,1,0
929,718,1357,74,75,33,71-80,21+,0,1,0
929,718,1422,74,75,33,71-80,21+,0,1,0
929,718,1488,74,75,33,71-80,21+,0,1,0
929,718,1491,74,75,33,71-80,21+,0,1,0
929,787,1357,74,75,33,71-80,21+,0,1,0
929,787,1422,74,75,33,71-80,21+,0,1,0
929,787,1488,74,75,33,71-80,21+,0,1,0
929,787,1491,74,75,33,71-80,21+,0,1,0
929,789,1357,74,75,33,71-80,21+,0,1,0
929,789,1422,74,75,33,71-80,21+,0,1,0
929,789,1488,74,75,33,71-80,21+,0,1,0
929,789,1491,74,75,33,71-80,21+,0,1,0
929,991,1357,74,75,33,71-80,21+,0,1,0
929,991,1422,74,75,33,71-80,21+,0,1,0
929,991,1488,74,75,33,71-80,21+,0,1,0
929,991,1491,74,75,33,71-80,21+,0,1,0
929,1092,1357,74,75,33,71-80,21+,0,1,0
929,1092,1422,74,75,33,71-80,21+,0,1,0
929,1092,1488,74,75,33,71-80,21+,0,1,0
929,1092,1491,74,75,33,71-80,21+,0,1,0
929,1093,1357,74,75,33,71-80,21+,0,1,0
929,1093,1422,74,75,33,71-80,21+,0,1,0
929,1093,1488,74,75,33,71-80,21+,0,1,0
929,1093,1491,74,75,33,71-80,21+,0,1,0
929,1193,1357,74,75,33,71-80,21+,0,1,0
929,1193,1422,74,75,33,71-80,21+,0,1,0
929,1193,1488,74,75,33,71-80,21+,0,1,0
929,1193,1491,74,75,33,71-80,21+,0,1,0
929,1283,1357,74,75,33,71-80,21+,1,0,0
929,1283,1422,74,75,33,71-80,21+,1,0,0
929,1283,1488,74,75,33,71-80,21+,1,0,0
929,1283,1491,74,75,33,71-80,21+,1,0,0
929,1357,1403,74,75,33,71-80,21+,1,0,0
929,1357,1422,74,75,33,71-80,21+,1,0,1
929,1357,1437,74,75,33,71-80,21+,0,1,0
929,1357,1488,74,75,33,71-80,21+,1,0,1
929,1357,1491,74,75,33,71-80,21+,1,0,1
929,1357,1525,74,75,33,71-80,21+,0,1,0
929,1357,1527,74,75,33,71-80,21+,0,1,0
929,1357,1528,74,75,33,71-80,21+,0,1,0
929,1403,1422,74,75,33,71-80,21+,1,0,0
929,1403,1488,74,75,33,71-80,21+,1,0,0
929,1403,1491,74,75,33,71-80,21+,1,0,0
929,1422,1437,74,75,33,71-80,21+,0,1,0
929,1422,1488,74,75,33,71-80,21+,1,0,1
929,1422,1491,74,75,33,71-80,21+,1,0,1
929,1422,1525,74,75,33,71-80,21+,0,1,0
929,1422,1527,74,75,33,71-80,21+,0,1,0
929,1422,1528,74,75,33,71-80,21+,0,1,0
929,1437,1488,74,75,33,71-80,21+,0,1,0
929,1437,1491,74,75,33,71-80,21+,0,1,0
929,1488,1491,74,75,33,71-80,21+,1,0,1
929,1488,1525,74,75,33,71-80,21+,0,1,0
929,1488,1527,74,75,33,71-80,21+,0,1,0
929,1488,1528,74,75,33,71-80,21+,0,1,0
929,1491,1525,74,75,33,71-80,21+,0,1,0
929,1491,1527,74,75,33,71-80,21+,0,1,0
929,1491,1528,74,75,33,71-80,21+,0,1,0
931,1536,1537,105,100,8,96-100,6-10,1,0,0
932,1522,1523,2,75,6,71-80,6-10,0,9,0
932,1522,1524,2,75,6,71-80,6-10,0,9,0
932,1523,1524,2,75,6,71-80,6-10,1,0,1
933,1536,1537,105,100,8,96-100,6-10,1,0,1
933,171,1541,107,100,10,96-100,6-10,0,1,0
933,853,1541,107,100,10,96-100,6-10,0,1,0
934,282,1545,3,75,10,71-80,6-10,0,1,0
934,284,1545,3,75,10,71-80,6-10,0,1,0
934,285,1545,3,75,10,71-80,6-10,0,1,0
934,286,1545,3,75,10,71-80,6-10,0,1,0
934,836,1545,3,75,10,71-80,6-10,0,1,0
934,837,1545,3,75,10,71-80,6-10,0,6,0
934,1440,1545,3,75,10,71-80,6-10,0,1,0
934,168,1425,56,75,9,71-80,6-10,0,1,0
934,169,1425,56,75,9,71-80,6-10,0,1,0
934,170,1425,56,75,9,71-80,6-10,0,1,0
934,236,1425,56,75,9,71-80,6-10,0,1,0
934,1538,1539,106,100,4,96-100,3-5,1,0,1
934,1538,1540,106,100,4,96-100,3-5,1,0,1
934,1538,1542,106,100,4,96-100,3-5,1,0,1
934,1539,1540,106,100,4,96-100,3-5,1,0,1
934,1539,1542,106,100,4,96-100,3-5,1,0,1
934,1540,1542,106,83,4,81-90,3-5,1,0,1
934,1497,1498,170,75,8,71-80,6-10,0,1,0
934,1504,1505,171,75,3,71-80,3-5,1,0,0
934,1513,1519,172,75,6,71-80,6-10,1,0,1
935,282,1545,3,75,10,71-80,6-10,0,1,0
935,284,1545,3,75,10,71-80,6-10,0,1,0
935,285,1545,3,75,10,71-80,6-10,0,1,0
935,286,1545,3,75,10,71-80,6-10,0,1,0
935,836,1545,3,75,10,71-80,6-10,0,1,0
935,837,1545,3,75,10,71-80,6-10,0,6,0
935,1440,1545,3,75,10,71-80,6-10,0,1,0
935,168,1425,56,75,9,71-80,6-10,0,1,0
935,169,1425,56,75,9,71-80,6-10,0,1,0
935,170,1425,56,75,9,71-80,6-10,0,1,0
935,236,1425,56,75,9,71-80,6-10,0,1,0
935,1497,1498,170,75,8,71-80,6-10,0,1,0
935,1504,1505,171,75,3,71-80,3-5,1,0,1
935,1513,1519,172,75,6,71-80,6-10,1,0,1
935,1483,1499,173,71,5,71-80,3-5,1,0,1
935,1418,1419,174,93,5,91-95,3-5,1,0,0
935,1426,1427,175,100,4,96-100,3-5,1,0,1
935,1472,1473,176,80,8,71-80,6-10,1,0,1
935,1485,1486,177,72,6,71-80,6-10,1,0,1
935,1485,1487,177,72,6,71-80,6-10,1,0,1
935,1485,1502,177,72,6,71-80,6-10,1,0,1
935,1486,1487,177,72,6,71-80,6-10,1,0,1
935,1486,1502,177,72,6,71-80,6-10,1,0,1
935,1487,1502,177,72,6,71-80,6-10,1,0,1
936,327,1357,74,75,33,71-80,21+,0,1,0
936,327,1422,74,75,33,71-80,21+,0,1,0
936,327,1488,74,75,33,71-80,21+,0,1,0
936,327,1491,74,75,33,71-80,21+,0,1,0
936,328,1357,74,75,33,71-80,21+,0,1,0
936,328,1422,74,75,33,71-80,21+,0,1,0
936,328,1488,74,75,33,71-80,21+,0,1,0
936,328,1491,74,75,33,71-80,21+,0,1,0
936,329,1357,74,75,33,71-80,21+,0,1,0
936,329,1422,74,75,33,71-80,21+,0,1,0
936,329,1488,74,75,33,71-80,21+,0,1,0
936,329,1491,74,75,33,71-80,21+,0,1,0
936,330,1357,74,75,33,71-80,21+,0,1,0
936,330,1422,74,75,33,71-80,21+,0,1,0
936,330,1488,74,75,33,71-80,21+,0,1,0
936,330,1491,74,75,33,71-80,21+,0,1,0
936,332,1357,74,75,33,71-80,21+,0,1,0
936,332,1422,74,75,33,71-80,21+,0,1,0
936,332,1488,74,75,33,71-80,21+,0,1,0
936,332,1491,74,75,33,71-80,21+,0,1,0
936,335,1357,74,75,33,71-80,21+,0,1,0
936,335,1422,74,75,33,71-80,21+,0,1,0
936,335,1488,74,75,33,71-80,21+,0,1,0
936,335,1491,74,75,33,71-80,21+,0,1,0
936,718,1357,74,75,33,71-80,21+,0,1,0
936,718,1422,74,75,33,71-80,21+,0,1,0
936,718,1488,74,75,33,71-80,21+,0,1,0
936,718,1491,74,75,33,71-80,21+,0,1,0
936,787,1357,74,75,33,71-80,21+,0,1,0
936,787,1422,74,75,33,71-80,21+,0,1,0
936,787,1488,74,75,33,71-80,21+,0,1,0
936,787,1491,74,75,33,71-80,21+,0,1,0
936,789,1357,74,75,33,71-80,21+,0,1,0
936,789,1422,74,75,33,71-80,21+,0,1,0
936,789,1488,74,75,33,71-80,21+,0,1,0
936,789,1491,74,75,33,71-80,21+,0,1,0
936,991,1357,74,75,33,71-80,21+,0,1,0
936,991,1422,74,75,33,71-80,21+,0,1,0
936,991,1488,74,75,33,71-80,21+,0,1,0
936,991,1491,74,75,33,71-80,21+,0,1,0
936,1092,1357,74,75,33,71-80,21+,0,1,0
936,1092,1422,74,75,33,71-80,21+,0,1,0
936,1092,1488,74,75,33,71-80,21+,0,1,0
936,1092,1491,74,75,33,71-80,21+,0,1,0
936,1093,1357,74,75,33,71-80,21+,0,1,0
936,1093,1422,74,75,33,71-80,21+,0,1,0
936,1093,1488,74,75,33,71-80,21+,0,1,0
936,1093,1491,74,75,33,71-80,21+,0,1,0
936,1193,1357,74,75,33,71-80,21+,0,1,0
936,1193,1422,74,75,33,71-80,21+,0,1,0
936,1193,1488,74,75,33,71-80,21+,0,1,0
936,1193,1491,74,75,33,71-80,21+,0,1,0
936,1283,1357,74,75,33,71-80,21+,1,0,0
936,1283,1422,74,75,33,71-80,21+,1,0,0
936,1283,1488,74,75,33,71-80,21+,1,0,0
936,1283,1491,74,75,33,71-80,21+,1,0,0
936,1357,1403,74,75,33,71-80,21+,1,0,0
936,1357,1422,74,75,33,71-80,21+,1,0,1
936,1357,1437,74,75,33,71-80,21+,0,1,0
936,1357,1488,74,75,33,71-80,21+,1,0,1
936,1357,1491,74,75,33,71-80,21+,1,0,1
936,1357,1525,74,75,33,71-80,21+,0,1,0
936,1357,1527,74,75,33,71-80,21+,0,1,0
936,1357,1528,74,75,33,71-80,21+,0,1,0
936,1403,1422,74,75,33,71-80,21+,1,0,0
936,1403,1488,74,75,33,71-80,21+,1,0,0
936,1403,1491,74,75,33,71-80,21+,1,0,0
936,1422,1437,74,75,33,71-80,21+,0,1,0
936,1422,1488,74,75,33,71-80,21+,1,0,1
936,1422,1491,74,75,33,71-80,21+,1,0,1
936,1422,1525,74,75,33,71-80,21+,0,1,0
936,1422,1527,74,75,33,71-80,21+,0,1,0
936,1422,1528,74,75,33,71-80,21+,0,1,0
936,1437,1488,74,75,33,71-80,21+,0,1,0
936,1437,1491,74,75,33,71-80,21+,0,1,0
936,1488,1491,74,75,33,71-80,21+,1,0,1
936,1488,1525,74,75,33,71-80,21+,0,1,0
936,1488,1527,74,75,33,71-80,21+,0,1,0
936,1488,1528,74,75,33,71-80,21+,0,1,0
936,1491,1525,74,75,33,71-80,21+,0,1,0
936,1491,1527,74,75,33,71-80,21+,0,1,0
936,1491,1528,74,75,33,71-80,21+,0,1,0
936,1537,1547,105,100,8,96-100,6-10,1,0,0
936,1538,1539,106,100,4,96-100,3-5,1,0,0
936,1538,1540,106,100,4,96-100,3-5,1,0,1
936,1538,1542,106,100,4,96-100,3-5,1,0,1
936,1539,1540,106,100,4,96-100,3-5,1,0,0
936,1539,1542,106,100,4,96-100,3-5,1,0,0
936,1540,1542,106,83,4,81-90,3-5,1,0,1
936,171,1541,107,100,10,96-100,6-10,0,1,0
936,853,1541,107,100,10,96-100,6-10,0,1,0
937,1540,1542,106,83,4,81-90,3-5,1,0,0
940,282,1545,3,75,10,71-80,6-10,0,1,0
940,284,1545,3,75,10,71-80,6-10,0,1,0
940,285,1545,3,75,10,71-80,6-10,0,1,0
940,286,1545,3,75,10,71-80,6-10,0,1,0
940,836,1545,3,75,10,71-80,6-10,0,1,0
940,837,1545,3,75,10,71-80,6-10,0,6,0
940,1440,1545,3,75,10,71-80,6-10,0,1,0
940,128,130,47,75,33,71-80,21+,0,1,0
940,136,137,49,75,10,71-80,6-10,0,1,0
940,136,140,49,75,10,71-80,6-10,0,1,0
940,136,150,49,75,10,71-80,6-10,1,1,0
940,136,152,49,75,10,71-80,6-10,1,1,0
940,327,1357,74,75,33,71-80,21+,0,1,0
940,327,1422,74,75,33,71-80,21+,0,1,0
940,327,1488,74,75,33,71-80,21+,0,1,0
940,327,1491,74,75,33,71-80,21+,0,1,0
940,328,1357,74,75,33,71-80,21+,0,1,0
940,328,1422,74,75,33,71-80,21+,0,1,0
940,328,1488,74,75,33,71-80,21+,0,1,0
940,328,1491,74,75,33,71-80,21+,0,1,0
940,329,1357,74,75,33,71-80,21+,0,1,0
940,329,1422,74,75,33,71-80,21+,0,1,0
940,329,1488,74,75,33,71-80,21+,0,1,0
940,329,1491,74,75,33,71-80,21+,0,1,0
940,330,1357,74,75,33,71-80,21+,0,1,0
940,330,1422,74,75,33,71-80,21+,0,1,0
940,330,1488,74,75,33,71-80,21+,0,1,0
940,330,1491,74,75,33,71-80,21+,0,1,0
940,332,1357,74,75,33,71-80,21+,0,1,0
940,332,1422,74,75,33,71-80,21+,0,1,0
940,332,1488,74,75,33,71-80,21+,0,1,0
940,332,1491,74,75,33,71-80,21+,0,1,0
940,335,1357,74,75,33,71-80,21+,0,1,0
940,335,1422,74,75,33,71-80,21+,0,1,0
940,335,1488,74,75,33,71-80,21+,0,1,0
940,335,1491,74,75,33,71-80,21+,0,1,0
940,718,1357,74,75,33,71-80,21+,0,1,0
940,718,1422,74,75,33,71-80,21+,0,1,0
940,718,1488,74,75,33,71-80,21+,0,1,0
940,718,1491,74,75,33,71-80,21+,0,1,0
940,787,1357,74,75,33,71-80,21+,0,1,0
940,787,1422,74,75,33,71-80,21+,0,1,0
940,787,1488,74,75,33,71-80,21+,0,1,0
940,787,1491,74,75,33,71-80,21+,0,1,0
940,789,1357,74,75,33,71-80,21+,0,1,0
940,789,1422,74,75,33,71-80,21+,0,1,0
940,789,1488,74,75,33,71-80,21+,0,1,0
940,789,1491,74,75,33,71-80,21+,0,1,0
940,991,1357,74,75,33,71-80,21+,0,1,0
940,991,1422,74,75,33,71-80,21+,0,1,0
940,991,1488,74,75,33,71-80,21+,0,1,0
940,991,1491,74,75,33,71-80,21+,0,1,0
940,1092,1357,74,75,33,71-80,21+,0,1,0
940,1092,1422,74,75,33,71-80,21+,0,1,0
940,1092,1488,74,75,33,71-80,21+,0,1,0
940,1092,1491,74,75,33,71-80,21+,0,1,0
940,1093,1357,74,75,33,71-80,21+,0,1,0
940,1093,1422,74,75,33,71-80,21+,0,1,0
940,1093,1488,74,75,33,71-80,21+,0,1,0
940,1093,1491,74,75,33,71-80,21+,0,1,0
940,1193,1357,74,75,33,71-80,21+,0,1,0
940,1193,1422,74,75,33,71-80,21+,0,1,0
940,1193,1488,74,75,33,71-80,21+,0,1,0
940,1193,1491,74,75,33,71-80,21+,0,1,0
940,1283,1357,74,75,33,71-80,21+,1,0,0
940,1283,1422,74,75,33,71-80,21+,1,0,0
940,1283,1488,74,75,33,71-80,21+,1,0,0
940,1283,1491,74,75,33,71-80,21+,1,0,0
940,1357,1403,74,75,33,71-80,21+,1,0,0
940,1357,1422,74,75,33,71-80,21+,1,0,1
940,1357,1437,74,75,33,71-80,21+,0,1,0
940,1357,1488,74,75,33,71-80,21+,1,0,1
940,1357,1491,74,75,33,71-80,21+,1,0,1
940,1357,1525,74,75,33,71-80,21+,0,1,0
940,1357,1527,74,75,33,71-80,21+,0,1,0
940,1357,1528,74,75,33,71-80,21+,0,1,0
940,1403,1422,74,75,33,71-80,21+,1,0,0
940,1403,1488,74,75,33,71-80,21+,1,0,0
940,1403,1491,74,75,33,71-80,21+,1,0,0
940,1422,1437,74,75,33,71-80,21+,0,1,0
940,1422,1488,74,75,33,71-80,21+,1,0,1
940,1422,1491,74,75,33,71-80,21+,1,0,1
940,1422,1525,74,75,33,71-80,21+,0,1,0
940,1422,1527,74,75,33,71-80,21+,0,1,0
940,1422,1528,74,75,33,71-80,21+,0,1,0
940,1437,1488,74,75,33,71-80,21+,0,1,0
940,1437,1491,74,75,33,71-80,21+,0,1,0
940,1488,1491,74,75,33,71-80,21+,1,0,1
940,1488,1525,74,75,33,71-80,21+,0,1,0
940,1488,1527,74,75,33,71-80,21+,0,1,0
940,1488,1528,74,75,33,71-80,21+,0,1,0
940,1491,1525,74,75,33,71-80,21+,0,1,0
940,1491,1527,74,75,33,71-80,21+,0,1,0
940,1491,1528,74,75,33,71-80,21+,0,1,0
940,305,1286,87,75,16,71-80,11-20,0,1,0
940,306,1286,87,75,16,71-80,11-20,0,1,0
940,726,1286,87,75,16,71-80,11-20,0,1,0
940,994,1286,87,75,16,71-80,11-20,0,1,0
940,1194,1286,87,75,16,71-80,11-20,0,1,0
940,1304,1444,100,71,13,71-80,11-20,1,0,0
940,1444,1445,100,71,13,71-80,11-20,1,0,0
940,1444,1533,100,71,13,71-80,11-20,0,1,0
940,1358,1359,118,100,3,96-100,3-5,1,0,0
946,205,691,78,75,24,71-80,21+,0,1,0
946,205,692,78,75,24,71-80,21+,0,1,0
946,205,998,78,75,24,71-80,21+,0,1,0
946,205,1010,78,75,24,71-80,21+,0,1,0
946,205,1061,78,75,24,71-80,21+,0,1,0
946,205,1117,78,75,24,71-80,21+,0,1,0
946,205,1118,78,75,24,71-80,21+,0,1,0
946,205,1137,78,75,24,71-80,21+,0,1,0
946,205,1180,78,75,24,71-80,21+,0,1,0
946,205,1182,78,75,24,71-80,21+,0,1,0
946,205,1288,78,75,24,71-80,21+,0,1,0
946,205,1362,78,75,24,71-80,21+,0,1,0
946,205,1367,78,75,24,71-80,21+,0,1,0
946,205,1405,78,75,24,71-80,21+,0,1,0
946,205,1428,78,75,24,71-80,21+,0,1,0
946,205,1431,78,75,24,71-80,21+,0,1,0
946,205,1534,78,75,24,71-80,21+,0,1,0
946,190,1001,114,75,6,71-80,6-10,0,1,0
954,1522,1524,2,75,6,71-80,6-10,0,9,0
954,1523,1524,2,75,6,71-80,6-10,1,0,0
956,1207,1208,125,75,15,71-80,11-20,0,1,0
956,1207,1209,125,75,15,71-80,11-20,0,1,0
956,1207,1210,125,75,15,71-80,11-20,1,0,1
956,1207,1211,125,75,15,71-80,11-20,0,1,0
956,1207,1212,125,75,15,71-80,11-20,1,0,1
956,1207,1213,125,75,15,71-80,11-20,0,1,0
956,1207,1214,125,75,15,71-80,11-20,1,0,0
956,1208,1210,125,75,15,71-80,11-20,0,1,0
956,1208,1212,125,75,15,71-80,11-20,0,1,0
956,1209,1210,125,75,15,71-80,11-20,0,1,0
956,1209,1212,125,75,15,71-80,11-20,0,1,0
956,1210,1211,125,75,15,71-80,11-20,0,1,0
956,1210,1212,125,75,15,71-80,11-20,1,0,1
956,1210,1213,125,75,15,71-80,11-20,0,1,0
956,1210,1214,125,75,15,71-80,11-20,1,0,0
956,1211,1212,125,75,15,71-80,11-20,0,1,0
956,1212,1213,125,75,15,71-80,11-20,0,1,0
956,1212,1214,125,75,15,71-80,11-20,1,0,0
956,1215,1216,126,100,8,96-100,6-10,0,1,0
956,1218,1219,127,100,2,96-100,2 (pair),1,0,0
957,205,1010,78,75,24,71-80,21+,0,1,0
957,691,1010,78,75,24,71-80,21+,0,1,0
957,692,1010,78,75,24,71-80,21+,0,1,0
957,998,1010,78,75,24,71-80,21+,0,1,0
957,1010,1061,78,75,24,71-80,21+,0,1,0
957,1010,1117,78,75,24,71-80,21+,0,1,0
957,1010,1118,78,75,24,71-80,21+,0,1,0
957,1010,1137,78,75,24,71-80,21+,0,1,0
957,1010,1180,78,75,24,71-80,21+,0,1,0
957,1010,1182,78,75,24,71-80,21+,0,1,0
957,1010,1288,78,75,24,71-80,21+,0,1,0
957,1010,1362,78,75,24,71-80,21+,0,1,0
957,1010,1367,78,75,24,71-80,21+,0,1,0
957,1010,1405,78,75,24,71-80,21+,0,1,0
957,1010,1428,78,75,24,71-80,21+,0,1,0
957,1010,1431,78,75,24,71-80,21+,0,1,0
957,1010,1534,78,75,24,71-80,21+,0,1,0
957,1009,1011,79,71,9,71-80,6-10,1,0,0
958,205,691,78,75,24,71-80,21+,0,1,0
958,205,692,78,75,24,71-80,21+,0,1,0
958,205,998,78,75,24,71-80,21+,0,1,0
958,205,1010,78,75,24,71-80,21+,0,1,0
958,205,1061,78,75,24,71-80,21+,0,1,0
958,205,1117,78,75,24,71-80,21+,0,1,1
958,205,1118,78,75,24,71-80,21+,0,1,1
958,205,1137,78,75,24,71-80,21+,0,1,0
958,205,1180,78,75,24,71-80,21+,0,1,0
958,205,1182,78,75,24,71-80,21+,0,1,0
958,205,1288,78,75,24,71-80,21+,0,1,0
958,205,1362,78,75,24,71-80,21+,0,1,0
958,205,1367,78,75,24,71-80,21+,0,1,0
958,205,1405,78,75,24,71-80,21+,0,1,0
958,205,1428,78,75,24,71-80,21+,0,1,0
958,205,1431,78,75,24,71-80,21+,0,1,0
958,205,1534,78,75,24,71-80,21+,0,1,0
958,691,1117,78,75,24,71-80,21+,0,1,0
958,691,1118,78,75,24,71-80,21+,0,1,0
958,692,1117,78,75,24,71-80,21+,0,1,0
958,692,1118,78,75,24,71-80,21+,0,1,0
958,998,1117,78,75,24,71-80,21+,0,1,0
958,998,1118,78,75,24,71-80,21+,0,1,0
958,1010,1117,78,75,24,71-80,21+,0,1,0
958,1010,1118,78,75,24,71-80,21+,0,1,0
958,1061,1117,78,75,24,71-80,21+,0,1,0
958,1061,1118,78,75,24,71-80,21+,0,1,0
958,1117,1118,78,75,24,71-80,21+,1,0,1
958,1117,1137,78,75,24,71-80,21+,0,1,0
958,1117,1180,78,75,24,71-80,21+,0,1,0
958,1117,1182,78,75,24,71-80,21+,0,1,0
958,1117,1288,78,75,24,71-80,21+,0,1,0
958,1117,1362,78,75,24,71-80,21+,0,1,0
958,1117,1367,78,75,24,71-80,21+,0,1,0
958,1117,1405,78,75,24,71-80,21+,0,1,0
958,1117,1428,78,75,24,71-80,21+,0,1,0
958,1117,1431,78,75,24,71-80,21+,0,1,0
958,1117,1534,78,75,24,71-80,21+,0,1,0
958,1118,1137,78,75,24,71-80,21+,0,1,0
958,1118,1180,78,75,24,71-80,21+,0,1,0
958,1118,1182,78,75,24,71-80,21+,0,1,0
958,1118,1288,78,75,24,71-80,21+,0,1,0
958,1118,1362,78,75,24,71-80,21+,0,1,0
958,1118,1367,78,75,24,71-80,21+,0,1,0
958,1118,1405,78,75,24,71-80,21+,0,1,0
958,1118,1428,78,75,24,71-80,21+,0,1,0
958,1118,1431,78,75,24,71-80,21+,0,1,0
958,1118,1534,78,75,24,71-80,21+,0,1,0
958,1281,1298,108,83,12,81-90,11-20,0,1,0
958,1281,1299,108,83,12,81-90,11-20,0,1,0
958,1281,1548,108,83,12,81-90,11-20,1,0,0
958,192,1549,113,100,8,96-100,6-10,1,0,0
958,892,1549,113,81,8,81-90,6-10,0,1,0
958,893,1549,113,81,8,81-90,6-10,0,1,0
959,856,1550,44,75,12,71-80,11-20,0,1,0
959,857,1550,44,75,12,71-80,11-20,0,1,0
959,858,1550,44,75,12,71-80,11-20,0,1,0
959,1270,1550,44,75,12,71-80,11-20,0,1,0
959,192,892,113,100,8,96-100,6-10,0,1,0
959,192,893,113,100,8,96-100,6-10,0,1,0
959,192,1549,113,100,8,96-100,6-10,1,0,1
959,892,1549,113,81,8,81-90,6-10,0,1,0
959,893,1549,113,81,8,81-90,6-10,0,1,0
960,1423,1424,39,83,4,81-90,3-5,1,0,1
961,1556,1557,110,70,8,<=70,6-10,1,0,1
962,1423,1424,39,83,4,81-90,3-5,1,0,1
968,1522,1523,2,75,6,71-80,6-10,0,9,0
968,1523,1524,2,75,6,71-80,6-10,1,0,0
974,1123,1124,68,100,7,96-100,6-10,1,0,1
974,1281,1298,108,83,12,81-90,11-20,0,1,0
974,1281,1299,108,83,12,81-90,11-20,0,1,0
974,1281,1548,108,83,12,81-90,11-20,1,0,1
974,1298,1548,108,88,12,81-90,11-20,0,1,0
974,1299,1548,108,88,12,81-90,11-20,0,1,0
977,192,892,113,100,8,96-100,6-10,0,1,0
977,892,893,113,81,8,81-90,6-10,1,0,0
977,892,1549,113,81,8,81-90,6-10,0,1,0
981,1522,1523,2,75,6,71-80,6-10,0,9,0
981,1522,1524,2,75,6,71-80,6-10,0,9,0
981,1523,1524,2,75,6,71-80,6-10,1,0,1
981,1423,1424,39,83,4,81-90,3-5,1,0,0
984,436,1558,55,71,10,71-80,6-10,0,1,0
984,436,1559,55,71,10,71-80,6-10,0,1,0
984,876,1558,55,71,10,71-80,6-10,0,1,0
984,876,1559,55,71,10,71-80,6-10,0,1,0
984,877,1558,55,71,10,71-80,6-10,0,1,0
984,877,1559,55,71,10,71-80,6-10,0,1,0
984,1558,1559,55,71,10,71-80,6-10,1,0,1
984,327,1093,74,75,33,71-80,21+,0,1,0
984,328,1093,74,75,33,71-80,21+,0,1,0
984,329,1093,74,75,33,71-80,21+,0,1,0
984,330,1093,74,75,33,71-80,21+,0,1,0
984,332,1093,74,75,33,71-80,21+,0,1,0
984,335,1093,74,75,33,71-80,21+,0,1,0
984,718,1093,74,75,33,71-80,21+,0,1,0
984,787,1093,74,75,33,71-80,21+,0,1,0
984,789,1093,74,75,33,71-80,21+,0,1,0
984,991,1093,74,75,33,71-80,21+,0,1,0
984,1092,1093,74,75,33,71-80,21+,1,0,0
984,1093,1193,74,75,33,71-80,21+,0,1,0
984,1093,1283,74,75,33,71-80,21+,0,1,0
984,1093,1357,74,75,33,71-80,21+,0,1,0
984,1093,1403,74,75,33,71-80,21+,0,1,0
984,1093,1422,74,75,33,71-80,21+,0,1,0
984,1093,1437,74,75,33,71-80,21+,0,1,0
984,1093,1488,74,75,33,71-80,21+,0,1,0
984,1093,1491,74,75,33,71-80,21+,0,1,0
984,1093,1525,74,75,33,71-80,21+,0,1,0
984,1093,1527,74,75,33,71-80,21+,0,1,0
984,1093,1528,74,75,33,71-80,21+,0,1,0
984,205,691,78,75,24,71-80,21+,0,1,0
984,205,692,78,75,24,71-80,21+,0,1,0
984,205,998,78,75,24,71-80,21+,0,1,0
984,205,1010,78,75,24,71-80,21+,0,1,0
984,205,1061,78,75,24,71-80,21+,0,1,0
984,205,1117,78,75,24,71-80,21+,0,1,0
984,205,1118,78,75,24,71-80,21+,0,1,0
984,205,1137,78,75,24,71-80,21+,0,1,0
984,205,1180,78,75,24,71-80,21+,0,1,0
984,205,1182,78,75,24,71-80,21+,0,1,0
984,205,1288,78,75,24,71-80,21+,0,1,0
984,205,1362,78,75,24,71-80,21+,0,1,0
984,205,1367,78,75,24,71-80,21+,0,1,0
984,205,1405,78,75,24,71-80,21+,0,1,0
984,205,1428,78,75,24,71-80,21+,0,1,0
984,205,1431,78,75,24,71-80,21+,0,1,0
984,205,1534,78,75,24,71-80,21+,0,1,0
984,190,1001,114,75,6,71-80,6-10,0,1,0
984,1256,1257,115,88,5,81-90,3-5,0,1,0
984,1560,1561,117,70,4,<=70,3-5,1,0,0
984,84,88,132,70,12,<=70,11-20,0,1,0
984,85,88,132,70,12,<=70,11-20,0,1,0
984,86,88,132,70,12,<=70,11-20,0,1,0
984,87,88,132,70,12,<=70,11-20,0,1,0
984,88,89,132,70,12,<=70,11-20,0,1,0
984,88,695,132,70,12,<=70,11-20,0,1,0
984,88,803,132,70,12,<=70,11-20,0,1,0
984,1029,1030,148,100,10,96-100,6-10,0,1,0
984,1031,1032,149,83,10,81-90,6-10,1,0,1
984,1031,1033,149,83,10,81-90,6-10,1,0,1
984,1032,1033,149,83,10,81-90,6-10,1,0,1
984,1274,1275,152,100,16,96-100,11-20,1,0,1
984,1274,1276,152,100,16,96-100,11-20,1,0,0
984,1275,1276,152,100,16,96-100,11-20,1,0,0
990,128,130,47,75,33,71-80,21+,0,1,0
990,136,137,49,75,10,71-80,6-10,0,1,0
990,137,140,49,75,10,71-80,6-10,1,0,0
990,137,150,49,75,10,71-80,6-10,0,1,0
990,137,152,49,75,10,71-80,6-10,0,1,0
990,1123,1124,68,100,7,96-100,6-10,1,0,1
990,327,1093,74,75,33,71-80,21+,0,1,0
990,327,1562,74,75,33,71-80,21+,0,1,0
990,328,1093,74,75,33,71-80,21+,0,1,0
990,328,1562,74,75,33,71-80,21+,0,1,0
990,329,1093,74,75,33,71-80,21+,0,1,0
990,329,1562,74,75,33,71-80,21+,0,1,0
990,330,1093,74,75,33,71-80,21+,0,1,0
990,330,1562,74,75,33,71-80,21+,0,1,0
990,332,1093,74,75,33,71-80,21+,0,1,0
990,332,1562,74,75,33,71-80,21+,0,1,0
990,335,1093,74,75,33,71-80,21+,0,1,0
990,335,1562,74,75,33,71-80,21+,0,1,0
990,718,1093,74,75,33,71-80,21+,0,1,0
990,718,1562,74,75,33,71-80,21+,0,1,0
990,787,1093,74,75,33,71-80,21+,0,1,0
990,787,1562,74,75,33,71-80,21+,0,1,0
990,789,1093,74,75,33,71-80,21+,0,1,0
990,789,1562,74,75,33,71-80,21+,0,1,0
990,991,1093,74,75,33,71-80,21+,0,1,0
990,991,1562,74,75,33,71-80,21+,0,1,0
990,1092,1093,74,75,33,71-80,21+,1,0,1
990,1092,1562,74,75,33,71-80,21+,0,1,1
990,1093,1193,74,75,33,71-80,21+,0,1,0
990,1093,1283,74,75,33,71-80,21+,0,1,0
990,1093,1357,74,75,33,71-80,21+,0,1,0
990,1093,1403,74,75,33,71-80,21+,0,1,0
990,1093,1422,74,75,33,71-80,21+,0,1,0
990,1093,1437,74,75,33,71-80,21+,0,1,0
990,1093,1488,74,75,33,71-80,21+,0,1,0
990,1093,1491,74,75,33,71-80,21+,0,1,0
990,1093,1525,74,75,33,71-80,21+,0,1,0
990,1093,1527,74,75,33,71-80,21+,0,1,0
990,1093,1528,74,75,33,71-80,21+,0,1,0
990,1093,1562,74,75,33,71-80,21+,0,1,1
990,1193,1562,74,75,33,71-80,21+,0,1,0
990,1283,1562,74,75,33,71-80,21+,0,1,0
990,1357,1562,74,75,33,71-80,21+,0,1,0
990,1403,1562,74,75,33,71-80,21+,0,1,0
990,1422,1562,74,75,33,71-80,21+,0,1,0
990,1437,1562,74,75,33,71-80,21+,0,1,0
990,1488,1562,74,75,33,71-80,21+,0,1,0
990,1491,1562,74,75,33,71-80,21+,0,1,0
990,1525,1562,74,75,33,71-80,21+,0,1,0
990,1527,1562,74,75,33,71-80,21+,0,1,0
990,1528,1562,74,75,33,71-80,21+,0,1,0
990,205,691,78,75,24,71-80,21+,0,1,0
990,205,692,78,75,24,71-80,21+,0,1,0
990,205,998,78,75,24,71-80,21+,0,1,0
990,205,1010,78,75,24,71-80,21+,0,1,0
990,205,1061,78,75,24,71-80,21+,0,1,0
990,205,1117,78,75,24,71-80,21+,0,1,0
990,205,1118,78,75,24,71-80,21+,0,1,0
990,205,1137,78,75,24,71-80,21+,0,1,0
990,205,1180,78,75,24,71-80,21+,0,1,0
990,205,1182,78,75,24,71-80,21+,0,1,0
990,205,1288,78,75,24,71-80,21+,0,1,0
990,205,1362,78,75,24,71-80,21+,0,1,0
990,205,1367,78,75,24,71-80,21+,0,1,0
990,205,1405,78,75,24,71-80,21+,0,1,0
990,205,1428,78,75,24,71-80,21+,0,1,0
990,205,1431,78,75,24,71-80,21+,0,1,0
990,205,1534,78,75,24,71-80,21+,0,1,0
990,171,853,107,100,10,96-100,6-10,1,0,0
990,869,1555,109,71,8,71-80,6-10,0,1,0
990,190,1001,114,75,6,71-80,6-10,0,1,0
990,1256,1257,115,88,5,81-90,3-5,0,1,0
990,1560,1561,117,70,4,<=70,3-5,1,0,0
990,91,92,133,73,11,71-80,11-20,0,1,1
990,91,93,133,73,11,71-80,11-20,0,1,1
990,91,94,133,73,11,71-80,11-20,0,1,1
990,91,95,133,73,11,71-80,11-20,0,1,1
990,91,805,133,73,11,71-80,11-20,0,1,1
990,92,93,133,73,11,71-80,11-20,0,1,1
990,92,94,133,73,11,71-80,11-20,0,1,1
990,92,95,133,73,11,71-80,11-20,0,1,1
990,92,805,133,73,11,71-80,11-20,0,1,1
990,93,94,133,73,11,71-80,11-20,0,1,1
990,93,95,133,73,11,71-80,11-20,0,1,1
990,93,805,133,73,11,71-80,11-20,0,1,1
990,94,95,133,73,11,71-80,11-20,0,1,1
990,94,805,133,73,11,71-80,11-20,0,1,1
990,95,805,133,73,11,71-80,11-20,0,1,1
990,811,812,137,71,7,71-80,6-10,0,1,1
990,811,814,137,71,7,71-80,6-10,1,0,1
990,811,1020,137,71,7,71-80,6-10,0,1,1
990,811,1021,137,71,7,71-80,6-10,0,1,1
990,812,814,137,71,7,71-80,6-10,0,1,1
990,812,1020,137,71,7,71-80,6-10,0,1,1
990,812,1021,137,71,7,71-80,6-10,0,1,1
990,814,1020,137,71,7,71-80,6-10,0,1,1
990,814,1021,137,71,7,71-80,6-10,0,1,1
990,1020,1021,137,71,7,71-80,6-10,0,1,1
990,252,1271,139,84,4,81-90,3-5,0,1,1
990,1495,1496,164,80,5,71-80,3-5,1,0,0
