revision,gcid,filePath,changeType,nlines,totalChanges,totalUnchanged,stabilityIndex,changeProneness,lifespan,author,activePairs,meanWCS,maxWCS,minWCS,stronglyCoupledPairs,decoupledPairs
4,51,NXTRecord.java,M,10,1,1,0.3333,0.3333,2,bwelling,5,0.0000,0.0000,0.0000,0,5
4,52,dnsNXTRecord.java,M,9,1,1,0.3333,0.3333,2,bwelling,4,0.0000,0.0000,0.0000,0,4
4,53,dnsNXTRecord.java,M,10,1,1,0.3333,0.3333,2,bwelling,3,0.3333,1.0000,0.0000,1,2
4,54,NXTRecord.java,M,10,1,1,0.3333,0.3333,2,bwelling,3,0.0000,0.0000,0.0000,0,3
4,161,SIGRecord.java,M,9,1,1,0.3333,0.3333,2,bwelling,7,0.2857,1.0000,0.0000,2,5
4,163,dnsSIGRecord.java,M,12,1,1,0.3333,0.3333,2,bwelling,1,1.0000,1.0000,1.0000,1,0
4,181,dnsResolver.java,M,5,1,1,0.3333,0.3333,2,bwelling,7,0.2857,1.0000,0.0000,2,5
4,182,SimpleResolver.java,M,15,1,1,0.3333,0.3333,2,bwelling,7,0.0000,0.0000,0.0000,0,7
4,183,Resolver.java,M,8,1,1,0.3333,0.3333,2,bwelling,1,0.0000,0.0000,0.0000,0,1
4,184,SimpleResolver.java,M,8,1,1,0.3333,0.3333,2,bwelling,0,0.0000,0.0000,0.0000,0,0
4,185,dnsResolver.java,M,11,1,1,0.3333,0.3333,2,bwelling,5,0.0000,0.0000,0.0000,0,5
4,186,Resolver.java,M,11,1,1,0.3333,0.3333,2,bwelling,1,0.0000,0.0000,0.0000,0,1
4,253,dnsSOARecord.java,M,9,1,0,0.0000,1.0000,0,bwelling,7,0.2857,1.0000,0.0000,2,5
4,254,dnsSOARecord.java,M,10,1,0,0.0000,1.0000,0,bwelling,0,0.0000,0.0000,0.0000,0,0
4,255,dnsRecord.java,M,14,1,0,0.0000,1.0000,0,bwelling,5,0.4000,1.0000,0.0000,2,3
4,256,SOARecord.java,M,9,1,0,0.0000,1.0000,0,bwelling,5,0.0000,0.0000,0.0000,0,5
4,257,Record.java,M,8,1,0,0.0000,1.0000,0,bwelling,5,0.0000,0.0000,0.0000,0,5
4,258,SIGRecord.java,M,12,1,0,0.0000,1.0000,0,bwelling,1,0.0000,0.0000,0.0000,0,1
4,259,dnsSIGRecord.java,M,12,1,0,0.0000,1.0000,0,bwelling,1,1.0000,1.0000,1.0000,1,0
4,260,TSIGRecord.java,M,18,1,0,0.0000,1.0000,0,bwelling,6,0.3333,1.0000,0.0000,2,4
4,261,dnsTSIGRecord.java,M,18,1,0,0.0000,1.0000,0,bwelling,6,0.3333,1.0000,0.0000,2,4
4,262,TSIGRecord.java,M,13,1,0,0.0000,1.0000,0,bwelling,5,0.4000,1.0000,0.0000,2,3
6,3,ARecord.java,M,6,1,3,0.6000,0.2000,4,bwelling,5,0.6000,1.0000,0.0000,3,2
6,4,dnsARecord.java,M,6,1,3,0.6000,0.2000,4,bwelling,5,0.6000,1.0000,0.0000,3,2
6,5,dnsTXTRecord.java,M,11,1,3,0.6000,0.2000,4,bwelling,5,0.6000,1.0000,0.0000,3,2
6,6,TXTRecord.java,M,11,1,3,0.6000,0.2000,4,bwelling,5,0.6000,1.0000,0.0000,3,2
6,7,dnsARecord.java,M,6,1,3,0.6000,0.2000,4,bwelling,5,0.6000,1.0000,0.0000,3,2
6,8,ARecord.java,M,6,1,3,0.6000,0.2000,4,bwelling,5,0.6000,1.0000,0.0000,3,2
6,9,dnsTXTRecord.java,M,11,1,3,0.6000,0.2000,4,bwelling,5,0.6000,1.0000,0.0000,3,2
6,10,TXTRecord.java,M,11,1,3,0.6000,0.2000,4,bwelling,5,0.6000,1.0000,0.0000,3,2
6,145,dnsRecord.java,M,16,1,3,0.6000,0.2000,4,bwelling,5,0.6000,1.0000,0.0000,3,2
6,146,dnsRecord.java,M,16,1,3,0.6000,0.2000,4,bwelling,5,0.6000,1.0000,0.0000,3,2
6,147,Record.java,M,16,1,3,0.6000,0.2000,4,bwelling,5,0.6000,1.0000,0.0000,3,2
6,148,Record.java,M,16,1,3,0.6000,0.2000,4,bwelling,5,0.6000,1.0000,0.0000,3,2
6,209,SOARecord.java,M,10,1,3,0.6000,0.2000,4,bwelling,1,0.0000,0.0000,0.0000,0,1
6,210,dnsSOARecord.java,M,10,1,3,0.6000,0.2000,4,bwelling,4,0.2500,1.0000,0.0000,1,3
6,211,dnsSOARecord.java,M,10,1,3,0.6000,0.2000,4,bwelling,4,0.2500,1.0000,0.0000,1,3
6,212,SOARecord.java,M,10,1,3,0.6000,0.2000,4,bwelling,7,0.0000,0.0000,0.0000,0,7
7,69,TSIGRecord.java,M,22,1,4,0.6667,0.1667,5,bwelling,1,0.0000,0.0000,0.0000,0,1
7,73,TSIGRecord.java,M,23,1,4,0.6667,0.1667,5,bwelling,4,0.7500,1.0000,0.0000,3,1
7,75,dnsTSIGRecord.java,M,23,1,4,0.6667,0.1667,5,bwelling,4,0.7500,1.0000,0.0000,3,1
7,76,dnsTSIGRecord.java,M,23,1,4,0.6667,0.1667,5,bwelling,4,0.7500,1.0000,0.0000,3,1
7,181,dnsResolver.java,M,5,2,3,0.5000,0.3333,5,bwelling,7,0.1364,0.4775,0.0000,0,5
7,182,SimpleResolver.java,M,15,2,3,0.5000,0.3333,5,bwelling,7,0.0000,0.0000,0.0000,0,7
7,183,Resolver.java,M,8,2,3,0.5000,0.3333,5,bwelling,1,0.0000,0.0000,0.0000,0,1
7,184,SimpleResolver.java,M,8,2,3,0.5000,0.3333,5,bwelling,0,0.0000,0.0000,0.0000,0,0
7,185,dnsResolver.java,M,11,2,3,0.5000,0.3333,5,bwelling,5,0.1045,0.5225,0.0000,1,4
7,186,Resolver.java,M,11,2,3,0.5000,0.3333,5,bwelling,1,0.5225,0.5225,0.5225,1,0
7,213,TSIGRecord.java,M,10,1,4,0.6667,0.1667,5,bwelling,4,0.7500,1.0000,0.0000,3,1
7,214,dnsTSIGRecord.java,M,10,1,4,0.6667,0.1667,5,bwelling,4,0.2500,1.0000,0.0000,1,3
7,215,dnsTSIGRecord.java,M,10,1,4,0.6667,0.1667,5,bwelling,4,0.2500,1.0000,0.0000,1,3
7,216,TSIGRecord.java,M,10,1,4,0.6667,0.1667,5,bwelling,1,0.0000,0.0000,0.0000,0,1
7,233,dnsTSIGRecord.java,M,22,1,4,0.6667,0.1667,5,bwelling,1,1.0000,1.0000,1.0000,1,0
7,234,TSIGRecord.java,M,22,1,4,0.6667,0.1667,5,bwelling,1,1.0000,1.0000,1.0000,1,0
7,235,dnsTSIGRecord.java,M,22,1,4,0.6667,0.1667,5,bwelling,1,1.0000,1.0000,1.0000,1,0
7,236,TSIGRecord.java,M,22,1,4,0.6667,0.1667,5,bwelling,1,1.0000,1.0000,1.0000,1,0
7,237,dnsTSIGRecord.java,M,18,1,4,0.6667,0.1667,5,bwelling,6,0.4279,1.0000,0.0000,4,2
7,238,dnsTSIGRecord.java,M,18,1,4,0.6667,0.1667,5,bwelling,6,0.5075,1.0000,0.0000,4,2
7,239,TSIGRecord.java,M,18,1,4,0.6667,0.1667,5,bwelling,6,0.4279,1.0000,0.0000,4,2
7,240,TSIGRecord.java,M,13,1,4,0.6667,0.1667,5,bwelling,5,0.1045,0.5225,0.0000,1,4
7,260,TSIGRecord.java,M,18,2,2,0.5000,0.5000,3,bwelling,6,0.5075,1.0000,0.0000,4,2
7,261,dnsTSIGRecord.java,M,18,2,2,0.5000,0.5000,3,bwelling,6,0.5075,1.0000,0.0000,4,2
7,262,TSIGRecord.java,M,13,2,2,0.5000,0.5000,3,bwelling,5,0.2955,0.5225,0.0000,1,2
7,263,hmacSigner.java,M,20,1,2,0.5000,0.2500,3,bwelling,1,1.0000,1.0000,1.0000,1,0
7,264,hmacSigner.java,M,20,1,2,0.5000,0.2500,3,bwelling,3,0.3333,1.0000,0.0000,1,2
7,265,hmacSigner.java,M,20,1,2,0.5000,0.2500,3,bwelling,1,1.0000,1.0000,1.0000,1,0
7,266,hmacSigner.java,M,20,1,2,0.5000,0.2500,3,bwelling,3,0.3333,1.0000,0.0000,1,2
7,284,dnsResolver.java,M,32,1,0,0.0000,1.0000,0,bwelling,8,0.6250,1.0000,0.0000,5,3
7,285,SimpleResolver.java,M,32,1,0,0.0000,1.0000,0,bwelling,8,0.6250,1.0000,0.0000,5,3
7,286,SimpleResolver.java,M,32,1,0,0.0000,1.0000,0,bwelling,8,0.6250,1.0000,0.0000,5,3
7,287,Resolver.java,M,32,1,0,0.0000,1.0000,0,bwelling,8,0.6250,1.0000,0.0000,5,3
7,288,dnsResolver.java,M,32,1,0,0.0000,1.0000,0,bwelling,8,0.6250,1.0000,0.0000,5,3
7,289,Resolver.java,M,32,1,0,0.0000,1.0000,0,bwelling,8,0.6250,1.0000,0.0000,5,3
8,127,dnsNXTRecord.java,M,12,1,5,0.7143,0.1429,6,bwelling,3,0.3333,1.0000,0.0000,1,2
8,128,NXTRecord.java,M,12,1,5,0.7143,0.1429,6,bwelling,1,1.0000,1.0000,1.0000,1,0
8,129,NXTRecord.java,M,12,1,5,0.7143,0.1429,6,bwelling,1,1.0000,1.0000,1.0000,1,0
8,130,dnsNXTRecord.java,M,12,1,5,0.7143,0.1429,6,bwelling,3,0.3333,1.0000,0.0000,1,2
8,217,dnsSIGRecord.java,M,15,1,5,0.7143,0.1429,6,bwelling,5,0.2000,1.0000,0.0000,1,4
8,218,dnsSIGRecord.java,M,15,1,5,0.7143,0.1429,6,bwelling,5,0.2000,1.0000,0.0000,1,4
8,219,SIGRecord.java,M,13,1,5,0.7143,0.1429,6,bwelling,2,0.0000,0.0000,0.0000,0,2
8,220,SIGRecord.java,M,15,1,5,0.7143,0.1429,6,bwelling,0,0.0000,0.0000,0.0000,0,0
9,5,dnsTXTRecord.java,M,11,2,5,0.6250,0.2500,7,bwelling,6,0.6667,1.0000,0.0000,4,2
9,6,TXTRecord.java,M,11,2,5,0.6250,0.2500,7,bwelling,6,0.6667,1.0000,0.0000,4,2
9,9,dnsTXTRecord.java,M,11,2,5,0.6250,0.2500,7,bwelling,6,0.6667,1.0000,0.0000,4,2
9,10,TXTRecord.java,M,11,2,5,0.6250,0.2500,7,bwelling,6,0.6667,1.0000,0.0000,4,2
9,87,dnsMessage.java,M,11,1,6,0.7500,0.1250,7,bwelling,1,0.0000,0.0000,0.0000,0,1
9,88,Message.java,M,5,1,6,0.7500,0.1250,7,bwelling,0,0.0000,0.0000,0.0000,0,0
9,90,Message.java,M,11,1,6,0.7500,0.1250,7,bwelling,1,0.0000,0.0000,0.0000,0,1
9,282,dnsMessage.java,M,11,1,2,0.6667,0.3333,2,bwelling,7,0.0000,0.0000,0.0000,0,7
9,308,dnsMessage.java,M,7,1,0,0.0000,1.0000,0,bwelling,2,0.5000,1.0000,0.0000,1,1
9,309,Message.java,M,7,1,0,0.0000,1.0000,0,bwelling,6,0.6667,1.0000,0.0000,4,2
9,310,dnsMessage.java,M,7,1,0,0.0000,1.0000,0,bwelling,2,0.5000,1.0000,0.0000,1,1
9,311,Message.java,M,7,1,0,0.0000,1.0000,0,bwelling,4,0.0000,0.0000,0.0000,0,4
13,68,dnsSIGRecord.java,M,24,1,10,0.8333,0.0833,11,bwelling,10,0.3000,1.0000,0.0000,3,7
13,70,SIGRecord.java,M,24,1,10,0.8333,0.0833,11,bwelling,10,0.3000,1.0000,0.0000,3,7
13,74,dnsSIGRecord.java,M,24,1,10,0.8333,0.0833,11,bwelling,10,0.3000,1.0000,0.0000,3,7
13,78,SIGRecord.java,M,24,1,10,0.8333,0.0833,11,bwelling,10,0.3000,1.0000,0.0000,3,7
14,187,dnsResolver.java,M,34,1,11,0.8462,0.0769,12,bwelling,6,0.1667,1.0000,0.0000,1,5
14,188,SimpleResolver.java,M,34,1,11,0.8462,0.0769,12,bwelling,1,1.0000,1.0000,1.0000,1,0
14,189,Resolver.java,M,34,1,11,0.8462,0.0769,12,bwelling,1,1.0000,1.0000,1.0000,1,0
14,190,SimpleResolver.java,M,34,1,11,0.8462,0.0769,12,bwelling,1,1.0000,1.0000,1.0000,1,0
14,191,dnsResolver.java,M,34,1,11,0.8462,0.0769,12,bwelling,6,0.1667,1.0000,0.0000,1,5
14,192,Resolver.java,M,34,1,11,0.8462,0.0769,12,bwelling,1,1.0000,1.0000,1.0000,1,0
14,193,dnsResolver.java,M,18,1,4,0.3077,0.0769,12,bwelling,8,0.6250,1.0000,0.0000,5,3
14,194,SimpleResolver.java,M,18,1,4,0.3077,0.0769,12,bwelling,8,0.6250,1.0000,0.0000,5,3
14,195,dnsResolver.java,M,18,1,4,0.3077,0.0769,12,bwelling,8,0.6250,1.0000,0.0000,5,3
14,196,SimpleResolver.java,M,18,1,4,0.3077,0.0769,12,bwelling,8,0.6250,1.0000,0.0000,5,3
14,197,Resolver.java,M,18,1,4,0.3077,0.0769,12,bwelling,8,0.6250,1.0000,0.0000,5,3
14,198,Resolver.java,M,18,1,4,0.3077,0.0769,12,bwelling,8,0.6250,1.0000,0.0000,5,3
14,313,dnsResolver.java,M,38,1,0,0.0000,1.0000,0,bwelling,3,0.3333,1.0000,0.0000,1,2
14,314,SimpleResolver.java,M,48,1,0,0.0000,1.0000,0,bwelling,1,1.0000,1.0000,1.0000,1,0
14,315,Resolver.java,M,42,1,0,0.0000,1.0000,0,bwelling,1,1.0000,1.0000,1.0000,1,0
14,316,dnsResolver.java,M,38,1,0,0.0000,1.0000,0,bwelling,3,0.3333,1.0000,0.0000,1,2
14,317,Resolver.java,M,42,1,0,0.0000,1.0000,0,bwelling,1,1.0000,1.0000,1.0000,1,0
14,318,SimpleResolver.java,M,48,1,0,0.0000,1.0000,0,bwelling,1,1.0000,1.0000,1.0000,1,0
15,273,hmacSigner.java,M,12,1,10,0.8333,0.0833,11,bwelling,1,0.0000,0.0000,0.0000,0,1
15,274,hmacSigner.java,M,15,1,10,0.8333,0.0833,11,bwelling,6,0.1667,1.0000,0.0000,1,5
15,312,hmacSigner.java,M,15,1,5,0.8333,0.1667,5,bwelling,6,0.1667,1.0000,0.0000,1,5
16,27,dnsHeader.java,M,5,1,13,0.8667,0.0667,14,bwelling,5,0.2000,1.0000,0.0000,1,4
16,28,Header.java,M,5,1,13,0.8667,0.0667,14,bwelling,6,0.0000,0.0000,0.0000,0,6
16,29,dnsHeader.java,M,5,1,13,0.8667,0.0667,14,bwelling,5,0.2000,1.0000,0.0000,1,4
16,30,Header.java,M,5,1,13,0.8667,0.0667,14,bwelling,0,0.0000,0.0000,0.0000,0,0
16,181,dnsResolver.java,M,5,3,11,0.7333,0.2000,14,bwelling,7,0.0810,0.2835,0.0000,0,5
16,182,SimpleResolver.java,M,15,3,11,0.7333,0.2000,14,bwelling,11,0.0000,0.0000,0.0000,0,11
16,183,Resolver.java,M,8,3,11,0.7333,0.2000,14,bwelling,1,0.0000,0.0000,0.0000,0,1
16,184,SimpleResolver.java,M,8,3,11,0.7333,0.2000,14,bwelling,0,0.0000,0.0000,0.0000,0,0
16,185,dnsResolver.java,M,11,3,11,0.7333,0.2000,14,bwelling,5,0.0620,0.3102,0.0000,0,4
16,186,Resolver.java,M,11,3,11,0.7333,0.2000,14,bwelling,1,0.3102,0.3102,0.3102,0,0
16,187,dnsResolver.java,M,34,2,12,0.8000,0.1333,14,bwelling,6,0.1667,1.0000,0.0000,1,5
16,188,SimpleResolver.java,M,34,2,12,0.8000,0.1333,14,bwelling,1,1.0000,1.0000,1.0000,1,0
16,189,Resolver.java,M,34,2,12,0.8000,0.1333,14,bwelling,1,1.0000,1.0000,1.0000,1,0
16,190,SimpleResolver.java,M,34,2,12,0.8000,0.1333,14,bwelling,1,1.0000,1.0000,1.0000,1,0
16,191,dnsResolver.java,M,34,2,12,0.8000,0.1333,14,bwelling,6,0.1667,1.0000,0.0000,1,5
16,192,Resolver.java,M,34,2,12,0.8000,0.1333,14,bwelling,1,1.0000,1.0000,1.0000,1,0
16,199,dnsResolver.java,M,71,1,13,0.8667,0.0667,14,bwelling,6,0.1667,1.0000,0.0000,1,5
16,200,Resolver.java,M,71,1,13,0.8667,0.0667,14,bwelling,1,1.0000,1.0000,1.0000,1,0
16,201,SimpleResolver.java,M,79,1,13,0.8667,0.0667,14,bwelling,1,1.0000,1.0000,1.0000,1,0
16,202,SimpleResolver.java,M,79,1,13,0.8667,0.0667,14,bwelling,1,1.0000,1.0000,1.0000,1,0
16,203,Resolver.java,M,71,1,13,0.8667,0.0667,14,bwelling,1,1.0000,1.0000,1.0000,1,0
16,204,dnsResolver.java,M,71,1,13,0.8667,0.0667,14,bwelling,6,0.1667,1.0000,0.0000,1,5
16,313,dnsResolver.java,M,38,2,1,0.3333,0.6667,2,bwelling,3,0.3333,1.0000,0.0000,1,2
16,314,SimpleResolver.java,M,48,2,1,0.3333,0.6667,2,bwelling,1,1.0000,1.0000,1.0000,1,0
16,315,Resolver.java,M,42,2,1,0.3333,0.6667,2,bwelling,1,1.0000,1.0000,1.0000,1,0
16,316,dnsResolver.java,M,38,2,1,0.3333,0.6667,2,bwelling,3,0.3333,1.0000,0.0000,1,2
16,317,Resolver.java,M,42,2,1,0.3333,0.6667,2,bwelling,1,1.0000,1.0000,1.0000,1,0
16,318,SimpleResolver.java,M,48,2,1,0.3333,0.6667,2,bwelling,1,1.0000,1.0000,1.0000,1,0
18,187,dnsResolver.java,M,34,3,13,0.7647,0.1765,16,bwelling,6,0.1667,1.0000,0.0000,1,5
18,188,SimpleResolver.java,M,34,3,13,0.7647,0.1765,16,bwelling,1,1.0000,1.0000,1.0000,1,0
18,189,Resolver.java,M,34,3,13,0.7647,0.1765,16,bwelling,1,1.0000,1.0000,1.0000,1,0
18,190,SimpleResolver.java,M,34,3,13,0.7647,0.1765,16,bwelling,1,1.0000,1.0000,1.0000,1,0
18,191,dnsResolver.java,M,34,3,13,0.7647,0.1765,16,bwelling,6,0.1667,1.0000,0.0000,1,5
18,192,Resolver.java,M,34,3,13,0.7647,0.1765,16,bwelling,1,1.0000,1.0000,1.0000,1,0
18,237,dnsTSIGRecord.java,M,18,2,14,0.8235,0.1176,16,bwelling,6,0.4583,1.0000,0.0000,3,2
18,239,TSIGRecord.java,M,18,2,14,0.8235,0.1176,16,bwelling,6,0.4583,1.0000,0.0000,3,2
18,260,TSIGRecord.java,M,18,3,12,0.8000,0.2000,14,bwelling,6,0.5043,1.0000,0.0000,4,2
18,323,TSIG.java,M,6,1,1,0.3333,0.3333,2,bwelling,11,0.2727,1.0000,0.0000,3,8
18,324,dnsTSIG.java,M,6,1,1,0.3333,0.3333,2,bwelling,11,0.2727,1.0000,0.0000,3,8
18,325,TSIG.java,M,6,1,1,0.3333,0.3333,2,bwelling,11,0.2727,1.0000,0.0000,3,8
18,326,dnsTSIG.java,M,6,1,1,0.3333,0.3333,2,bwelling,11,0.2727,1.0000,0.0000,3,8
18,335,dnsTSIG.java,M,29,1,0,0.0000,1.0000,0,bwelling,1,1.0000,1.0000,1.0000,1,0
18,336,TSIG.java,M,34,1,0,0.0000,1.0000,0,bwelling,1,1.0000,1.0000,1.0000,1,0
18,337,dnsTSIG.java,M,29,1,0,0.0000,1.0000,0,bwelling,1,1.0000,1.0000,1.0000,1,0
18,338,TSIG.java,M,34,1,0,0.0000,1.0000,0,bwelling,1,1.0000,1.0000,1.0000,1,0
20,25,dns.java,M,8,1,16,0.8421,0.0526,18,bwelling,4,0.0000,0.0000,0.0000,0,4
20,26,dns.java,M,10,1,16,0.8421,0.0526,18,bwelling,5,0.0000,0.0000,0.0000,0,5
20,69,TSIGRecord.java,M,22,2,16,0.8421,0.1053,18,bwelling,1,0.0000,0.0000,0.0000,0,1
20,73,TSIGRecord.java,M,23,2,16,0.8421,0.1053,18,bwelling,5,0.4807,1.0000,0.0000,2,2
20,75,dnsTSIGRecord.java,M,23,2,16,0.8421,0.1053,18,bwelling,5,0.4807,1.0000,0.0000,2,2
20,76,dnsTSIGRecord.java,M,23,2,16,0.8421,0.1053,18,bwelling,5,0.4807,1.0000,0.0000,2,2
20,87,dnsMessage.java,M,11,2,16,0.8421,0.1053,18,bwelling,1,0.5818,0.5818,0.5818,1,0
20,90,Message.java,M,11,2,16,0.8421,0.1053,18,bwelling,2,0.7139,1.0000,0.4278,1,0
20,187,dnsResolver.java,M,34,4,14,0.7368,0.2105,18,bwelling,4,0.2500,1.0000,0.0000,1,3
20,188,SimpleResolver.java,M,34,4,14,0.7368,0.2105,18,bwelling,1,1.0000,1.0000,1.0000,1,0
20,189,Resolver.java,M,34,4,14,0.7368,0.2105,18,bwelling,1,1.0000,1.0000,1.0000,1,0
20,190,SimpleResolver.java,M,34,4,14,0.7368,0.2105,18,bwelling,1,1.0000,1.0000,1.0000,1,0
20,191,dnsResolver.java,M,34,4,14,0.7368,0.2105,18,bwelling,4,0.2500,1.0000,0.0000,1,3
20,192,Resolver.java,M,34,4,14,0.7368,0.2105,18,bwelling,1,1.0000,1.0000,1.0000,1,0
20,199,dnsResolver.java,M,71,2,16,0.8421,0.1053,18,bwelling,6,0.3474,1.0000,0.0000,1,1
20,200,Resolver.java,M,71,2,16,0.8421,0.1053,18,bwelling,1,1.0000,1.0000,1.0000,1,0
20,201,SimpleResolver.java,M,79,2,16,0.8421,0.1053,18,bwelling,1,1.0000,1.0000,1.0000,1,0
20,202,SimpleResolver.java,M,79,2,16,0.8421,0.1053,18,bwelling,1,1.0000,1.0000,1.0000,1,0
20,203,Resolver.java,M,71,2,16,0.8421,0.1053,18,bwelling,1,1.0000,1.0000,1.0000,1,0
20,204,dnsResolver.java,M,71,2,16,0.8421,0.1053,18,bwelling,6,0.3474,1.0000,0.0000,1,1
20,233,dnsTSIGRecord.java,M,22,2,16,0.8421,0.1053,18,bwelling,1,1.0000,1.0000,1.0000,1,0
20,234,TSIGRecord.java,M,22,2,16,0.8421,0.1053,18,bwelling,1,1.0000,1.0000,1.0000,1,0
20,235,dnsTSIGRecord.java,M,22,2,16,0.8421,0.1053,18,bwelling,1,1.0000,1.0000,1.0000,1,0
20,236,TSIGRecord.java,M,22,2,16,0.8421,0.1053,18,bwelling,1,1.0000,1.0000,1.0000,1,0
20,238,dnsTSIGRecord.java,M,18,2,16,0.8421,0.1053,18,bwelling,6,0.5838,1.0000,0.2425,4,0
20,261,dnsTSIGRecord.java,M,18,3,14,0.8235,0.1765,16,bwelling,6,0.4623,0.7091,0.2091,3,0
20,271,hmacSigner.java,M,12,1,15,0.8824,0.0588,16,bwelling,1,0.5374,0.5374,0.5374,1,0
20,272,hmacSigner.java,M,12,1,15,0.8824,0.0588,16,bwelling,0,0.0000,0.0000,0.0000,0,0
20,273,hmacSigner.java,M,12,2,14,0.8235,0.1176,16,bwelling,1,0.5374,0.5374,0.5374,1,0
20,282,dnsMessage.java,M,11,2,12,0.8571,0.1429,13,bwelling,6,0.0000,0.0000,0.0000,0,6
20,283,Message.java,M,5,1,13,0.9286,0.0714,13,bwelling,5,0.2000,1.0000,0.0000,1,4
20,313,dnsResolver.java,M,38,3,4,0.5714,0.4286,6,bwelling,3,0.3333,1.0000,0.0000,1,2
20,314,SimpleResolver.java,M,48,3,4,0.5714,0.4286,6,bwelling,1,1.0000,1.0000,1.0000,1,0
20,315,Resolver.java,M,42,3,4,0.5714,0.4286,6,bwelling,1,1.0000,1.0000,1.0000,1,0
20,316,dnsResolver.java,M,38,3,4,0.5714,0.4286,6,bwelling,3,0.3333,1.0000,0.0000,1,2
20,317,Resolver.java,M,42,3,4,0.5714,0.4286,6,bwelling,1,1.0000,1.0000,1.0000,1,0
20,318,SimpleResolver.java,M,48,3,4,0.5714,0.4286,6,bwelling,1,1.0000,1.0000,1.0000,1,0
20,335,dnsTSIG.java,M,29,2,1,0.3333,0.6667,2,bwelling,1,1.0000,1.0000,1.0000,1,0
20,336,TSIG.java,M,34,2,1,0.3333,0.6667,2,bwelling,1,1.0000,1.0000,1.0000,1,0
20,337,dnsTSIG.java,M,29,2,1,0.3333,0.6667,2,bwelling,1,1.0000,1.0000,1.0000,1,0
20,338,TSIG.java,M,34,2,1,0.3333,0.6667,2,bwelling,1,1.0000,1.0000,1.0000,1,0
20,341,dnsHeader.java,M,8,1,0,0.0000,1.0000,0,bwelling,3,1.0000,1.0000,1.0000,3,0
20,342,Header.java,M,5,1,0,0.0000,1.0000,0,bwelling,2,1.0000,1.0000,1.0000,2,0
20,343,Message.java,M,5,1,0,0.0000,1.0000,0,bwelling,5,0.2000,1.0000,0.0000,1,4
20,344,Header.java,M,5,1,0,0.0000,1.0000,0,bwelling,4,0.0000,0.0000,0.0000,0,4
20,345,dnsMessage.java,M,8,1,0,0.0000,1.0000,0,bwelling,3,1.0000,1.0000,1.0000,3,0
20,346,dnsHeader.java,M,8,1,0,0.0000,1.0000,0,bwelling,3,1.0000,1.0000,1.0000,3,0
20,347,dnsMessage.java,M,8,1,0,0.0000,1.0000,0,bwelling,3,1.0000,1.0000,1.0000,3,0
20,348,Message.java,M,5,1,0,0.0000,1.0000,0,bwelling,2,0.0000,0.0000,0.0000,0,2
20,349,dnsTSIG.java,M,56,1,0,0.0000,1.0000,0,bwelling,4,0.2500,1.0000,0.0000,1,3
20,350,TSIG.java,M,49,1,0,0.0000,1.0000,0,bwelling,1,1.0000,1.0000,1.0000,1,0
20,351,dnsTSIG.java,M,56,1,0,0.0000,1.0000,0,bwelling,4,0.2500,1.0000,0.0000,1,3
20,352,TSIG.java,M,49,1,0,0.0000,1.0000,0,bwelling,1,1.0000,1.0000,1.0000,1,0
20,353,dnsTSIGRecord.java,M,6,1,0,0.0000,1.0000,0,bwelling,3,1.0000,1.0000,1.0000,3,0
20,354,TSIGRecord.java,M,6,1,0,0.0000,1.0000,0,bwelling,3,1.0000,1.0000,1.0000,3,0
20,355,dnsTSIGRecord.java,M,6,1,0,0.0000,1.0000,0,bwelling,3,1.0000,1.0000,1.0000,3,0
20,356,TSIGRecord.java,M,6,1,0,0.0000,1.0000,0,bwelling,3,1.0000,1.0000,1.0000,3,0
20,357,hmacSigner.java,M,5,1,0,0.0000,1.0000,0,bwelling,1,1.0000,1.0000,1.0000,1,0
20,358,hmacSigner.java,M,5,1,0,0.0000,1.0000,0,bwelling,3,0.3333,1.0000,0.0000,1,2
20,359,hmacSigner.java,M,5,1,0,0.0000,1.0000,0,bwelling,1,1.0000,1.0000,1.0000,1,0
20,360,hmacSigner.java,M,5,1,0,0.0000,1.0000,0,bwelling,3,0.3333,1.0000,0.0000,1,2
21,82,Message.java,M,5,1,18,0.9000,0.0500,19,bwelling,3,0.0000,0.0000,0.0000,0,3
21,343,Message.java,M,5,2,0,0.0000,1.0000,1,bwelling,5,0.3015,0.5075,0.0000,2,2
21,345,dnsMessage.java,M,8,2,0,0.0000,1.0000,1,bwelling,3,0.6617,1.0000,0.4925,1,0
21,347,dnsMessage.java,M,8,2,0,0.0000,1.0000,1,bwelling,3,0.6617,1.0000,0.4925,1,0
21,348,Message.java,M,5,2,0,0.0000,1.0000,1,bwelling,2,0.0000,0.0000,0.0000,0,2
22,199,dnsResolver.java,M,71,3,17,0.8095,0.1429,20,bwelling,6,0.3067,1.0000,0.0000,1,3
22,200,Resolver.java,M,71,3,17,0.8095,0.1429,20,bwelling,1,1.0000,1.0000,1.0000,1,0
22,201,SimpleResolver.java,M,79,3,17,0.8095,0.1429,20,bwelling,1,1.0000,1.0000,1.0000,1,0
22,202,SimpleResolver.java,M,79,3,17,0.8095,0.1429,20,bwelling,1,1.0000,1.0000,1.0000,1,0
22,203,Resolver.java,M,71,3,17,0.8095,0.1429,20,bwelling,1,1.0000,1.0000,1.0000,1,0
22,204,dnsResolver.java,M,71,3,17,0.8095,0.1429,20,bwelling,6,0.3067,1.0000,0.0000,1,3
23,357,hmacSigner.java,M,5,2,2,0.5000,0.5000,3,bwelling,1,1.0000,1.0000,1.0000,1,0
23,358,hmacSigner.java,M,5,2,2,0.5000,0.5000,3,bwelling,3,0.3333,1.0000,0.0000,1,2
23,359,hmacSigner.java,M,5,2,2,0.5000,0.5000,3,bwelling,1,1.0000,1.0000,1.0000,1,0
23,360,hmacSigner.java,M,5,2,2,0.5000,0.5000,3,bwelling,3,0.3333,1.0000,0.0000,1,2
23,365,dnsTSIG.java,M,36,1,0,0.0000,0.5000,1,bwelling,3,0.3333,1.0000,0.0000,1,2
23,366,TSIG.java,M,35,1,0,0.0000,0.5000,1,bwelling,1,1.0000,1.0000,1.0000,1,0
23,367,dnsTSIG.java,M,36,1,0,0.0000,0.5000,1,bwelling,3,0.3333,1.0000,0.0000,1,2
23,368,TSIG.java,M,35,1,0,0.0000,0.5000,1,bwelling,1,1.0000,1.0000,1.0000,1,0
24,199,dnsResolver.java,M,71,4,18,0.7826,0.1739,22,bwelling,6,0.2798,1.0000,0.0000,1,5
24,200,Resolver.java,M,71,4,18,0.7826,0.1739,22,bwelling,1,1.0000,1.0000,1.0000,1,0
24,201,SimpleResolver.java,M,79,4,18,0.7826,0.1739,22,bwelling,1,1.0000,1.0000,1.0000,1,0
24,202,SimpleResolver.java,M,79,4,18,0.7826,0.1739,22,bwelling,1,1.0000,1.0000,1.0000,1,0
24,203,Resolver.java,M,71,4,18,0.7826,0.1739,22,bwelling,1,1.0000,1.0000,1.0000,1,0
24,204,dnsResolver.java,M,71,4,18,0.7826,0.1739,22,bwelling,6,0.2798,1.0000,0.0000,1,5
26,199,dnsResolver.java,M,71,5,19,0.7600,0.2000,24,bwelling,6,0.2606,1.0000,0.0000,1,5
26,200,Resolver.java,M,71,5,19,0.7600,0.2000,24,bwelling,1,1.0000,1.0000,1.0000,1,0
26,201,SimpleResolver.java,M,79,5,19,0.7600,0.2000,24,bwelling,1,1.0000,1.0000,1.0000,1,0
26,202,SimpleResolver.java,M,79,5,19,0.7600,0.2000,24,bwelling,1,1.0000,1.0000,1.0000,1,0
26,203,Resolver.java,M,71,5,19,0.7600,0.2000,24,bwelling,1,1.0000,1.0000,1.0000,1,0
26,204,dnsResolver.java,M,71,5,19,0.7600,0.2000,24,bwelling,6,0.2606,1.0000,0.0000,1,5
26,335,dnsTSIG.java,M,29,3,6,0.6667,0.3333,8,bwelling,1,1.0000,1.0000,1.0000,1,0
26,336,TSIG.java,M,34,3,6,0.6667,0.3333,8,bwelling,1,1.0000,1.0000,1.0000,1,0
26,337,dnsTSIG.java,M,29,3,6,0.6667,0.3333,8,bwelling,1,1.0000,1.0000,1.0000,1,0
26,338,TSIG.java,M,34,3,6,0.6667,0.3333,8,bwelling,1,1.0000,1.0000,1.0000,1,0
26,349,dnsTSIG.java,M,56,2,5,0.7143,0.2857,6,bwelling,4,0.2500,1.0000,0.0000,1,3
26,350,TSIG.java,M,49,2,5,0.7143,0.2857,6,bwelling,1,1.0000,1.0000,1.0000,1,0
26,351,dnsTSIG.java,M,56,2,5,0.7143,0.2857,6,bwelling,4,0.2500,1.0000,0.0000,1,3
26,352,TSIG.java,M,49,2,5,0.7143,0.2857,6,bwelling,1,1.0000,1.0000,1.0000,1,0
26,353,dnsTSIGRecord.java,M,6,2,5,0.7143,0.2857,6,bwelling,3,1.0000,1.0000,1.0000,3,0
26,354,TSIGRecord.java,M,6,2,5,0.7143,0.2857,6,bwelling,3,1.0000,1.0000,1.0000,3,0
26,355,dnsTSIGRecord.java,M,6,2,5,0.7143,0.2857,6,bwelling,3,1.0000,1.0000,1.0000,3,0
26,356,TSIGRecord.java,M,6,2,5,0.7143,0.2857,6,bwelling,3,1.0000,1.0000,1.0000,3,0
26,369,dnsTSIG.java,M,10,1,0,0.0000,1.0000,0,bwelling,3,1.0000,1.0000,1.0000,3,0
26,370,dnsTSIG.java,M,10,1,0,0.0000,1.0000,0,bwelling,3,1.0000,1.0000,1.0000,3,0
26,371,TSIG.java,M,10,1,0,0.0000,1.0000,0,bwelling,3,1.0000,1.0000,1.0000,3,0
26,372,TSIG.java,M,10,1,0,0.0000,1.0000,0,bwelling,3,1.0000,1.0000,1.0000,3,0
26,374,dnsTSIG.java,M,9,1,0,0.0000,1.0000,0,bwelling,3,0.0000,0.0000,0.0000,0,3
26,376,TSIG.java,M,7,1,0,0.0000,1.0000,0,bwelling,5,0.0000,0.0000,0.0000,0,5
26,378,dnsTSIG.java,M,9,1,0,0.0000,1.0000,0,bwelling,3,0.0000,0.0000,0.0000,0,3
26,380,TSIG.java,M,7,1,0,0.0000,1.0000,0,bwelling,2,0.0000,0.0000,0.0000,0,2
27,381,dnsTSIGRecord.java,M,34,1,0,0.0000,1.0000,0,bwelling,3,0.3333,1.0000,0.0000,1,2
27,382,TSIGRecord.java,M,32,1,0,0.0000,1.0000,0,bwelling,1,1.0000,1.0000,1.0000,1,0
27,383,TSIGRecord.java,M,32,1,0,0.0000,1.0000,0,bwelling,1,1.0000,1.0000,1.0000,1,0
27,384,dnsTSIGRecord.java,M,34,1,0,0.0000,1.0000,0,bwelling,3,0.3333,1.0000,0.0000,1,2
28,15,base64.java,M,25,1,25,0.9259,0.0370,26,bwelling,1,1.0000,1.0000,1.0000,1,0
28,16,base64.java,M,25,1,25,0.9259,0.0370,26,bwelling,1,1.0000,1.0000,1.0000,1,0
28,17,base64.java,M,25,1,25,0.9259,0.0370,26,bwelling,1,1.0000,1.0000,1.0000,1,0
28,18,base64.java,M,25,1,25,0.9259,0.0370,26,bwelling,1,1.0000,1.0000,1.0000,1,0
28,339,dig.java,M,28,1,8,0.8889,0.1111,8,bwelling,2,0.5000,1.0000,0.0000,1,1
28,340,update.java,M,28,1,8,0.8889,0.1111,8,bwelling,2,0.5000,1.0000,0.0000,1,1
30,175,dnsResolver.java,M,8,1,18,0.6207,0.0345,28,bwelling,3,0.0000,0.0000,0.0000,0,3
30,176,SimpleResolver.java,M,11,1,17,0.5862,0.0345,28,bwelling,0,0.0000,0.0000,0.0000,0,0
30,178,Resolver.java,M,11,1,17,0.5862,0.0345,28,bwelling,1,0.5738,0.5738,0.5738,1,0
30,179,dnsResolver.java,M,11,1,17,0.5862,0.0345,28,bwelling,1,0.5738,0.5738,0.5738,1,0
30,180,Resolver.java,M,8,1,18,0.6207,0.0345,28,bwelling,1,0.3821,0.3821,0.3821,0,0
30,182,SimpleResolver.java,M,15,4,15,0.5172,0.1379,28,bwelling,6,0.0000,0.0000,0.0000,0,6
30,183,Resolver.java,M,8,4,15,0.5172,0.1379,28,bwelling,1,0.3821,0.3821,0.3821,0,0
30,184,SimpleResolver.java,M,8,4,15,0.5172,0.1379,28,bwelling,0,0.0000,0.0000,0.0000,0,0
30,185,dnsResolver.java,M,11,4,15,0.5172,0.1379,28,bwelling,1,0.5738,0.5738,0.5738,1,0
30,186,Resolver.java,M,11,4,14,0.4828,0.1379,28,bwelling,1,0.5738,0.5738,0.5738,1,0
30,340,update.java,M,28,2,9,0.8182,0.1818,10,bwelling,2,0.2425,0.4850,0.0000,0,1
30,373,dnsTSIG.java,M,9,1,4,0.8000,0.2000,4,bwelling,3,0.1767,0.5300,0.0000,1,2
30,374,dnsTSIG.java,M,9,2,3,0.6000,0.4000,4,bwelling,3,0.1767,0.5300,0.0000,1,2
30,375,TSIG.java,M,7,1,4,0.8000,0.2000,4,bwelling,5,0.1060,0.5300,0.0000,1,4
30,376,TSIG.java,M,7,2,3,0.6000,0.4000,4,bwelling,5,0.1060,0.5300,0.0000,1,4
30,377,dnsTSIG.java,M,9,1,4,0.8000,0.2000,4,bwelling,3,0.1767,0.5300,0.0000,1,2
30,378,dnsTSIG.java,M,9,2,3,0.6000,0.4000,4,bwelling,3,0.1767,0.5300,0.0000,1,2
30,379,TSIG.java,M,9,1,4,0.8000,0.2000,4,bwelling,7,0.0000,0.0000,0.0000,0,7
30,380,TSIG.java,M,7,2,3,0.6000,0.4000,4,bwelling,2,0.0000,0.0000,0.0000,0,2
31,213,TSIGRecord.java,M,10,2,27,0.9000,0.0667,29,bwelling,3,0.0000,0.0000,0.0000,0,3
31,214,dnsTSIGRecord.java,M,10,2,27,0.9000,0.0667,29,bwelling,4,0.2500,1.0000,0.0000,1,3
31,215,dnsTSIGRecord.java,M,10,2,27,0.9000,0.0667,29,bwelling,4,0.2500,1.0000,0.0000,1,3
31,216,TSIGRecord.java,M,10,2,27,0.9000,0.0667,29,bwelling,1,0.0000,0.0000,0.0000,0,1
31,335,dnsTSIG.java,M,29,4,10,0.7143,0.2857,13,bwelling,1,1.0000,1.0000,1.0000,1,0
31,336,TSIG.java,M,34,4,10,0.7143,0.2857,13,bwelling,1,1.0000,1.0000,1.0000,1,0
31,337,dnsTSIG.java,M,29,4,10,0.7143,0.2857,13,bwelling,1,1.0000,1.0000,1.0000,1,0
31,338,TSIG.java,M,34,4,10,0.7143,0.2857,13,bwelling,1,1.0000,1.0000,1.0000,1,0
32,263,hmacSigner.java,M,20,2,26,0.8966,0.0690,28,bwelling,1,1.0000,1.0000,1.0000,1,0
32,264,hmacSigner.java,M,20,2,26,0.8966,0.0690,28,bwelling,3,0.3333,1.0000,0.0000,1,2
32,265,hmacSigner.java,M,20,2,26,0.8966,0.0690,28,bwelling,1,1.0000,1.0000,1.0000,1,0
32,266,hmacSigner.java,M,20,2,26,0.8966,0.0690,28,bwelling,3,0.3333,1.0000,0.0000,1,2
32,271,hmacSigner.java,M,12,2,26,0.8966,0.0690,28,bwelling,1,0.7387,0.7387,0.7387,1,0
32,272,hmacSigner.java,M,12,2,26,0.8966,0.0690,28,bwelling,0,0.0000,0.0000,0.0000,0,0
32,273,hmacSigner.java,M,12,3,25,0.8621,0.1034,28,bwelling,1,0.7387,0.7387,0.7387,1,0
33,187,dnsResolver.java,M,34,5,26,0.8125,0.1563,31,bwelling,4,0.2500,1.0000,0.0000,1,3
33,188,SimpleResolver.java,M,34,5,26,0.8125,0.1563,31,bwelling,1,1.0000,1.0000,1.0000,1,0
33,189,Resolver.java,M,34,5,26,0.8125,0.1563,31,bwelling,1,1.0000,1.0000,1.0000,1,0
33,190,SimpleResolver.java,M,34,5,26,0.8125,0.1563,31,bwelling,1,1.0000,1.0000,1.0000,1,0
33,191,dnsResolver.java,M,34,5,26,0.8125,0.1563,31,bwelling,4,0.2500,1.0000,0.0000,1,3
33,192,Resolver.java,M,34,5,26,0.8125,0.1563,31,bwelling,1,1.0000,1.0000,1.0000,1,0
33,199,dnsResolver.java,M,71,6,25,0.7813,0.1875,31,bwelling,6,0.2444,1.0000,0.0000,1,5
33,200,Resolver.java,M,71,6,25,0.7813,0.1875,31,bwelling,1,1.0000,1.0000,1.0000,1,0
33,201,SimpleResolver.java,M,79,6,25,0.7813,0.1875,31,bwelling,1,1.0000,1.0000,1.0000,1,0
33,202,SimpleResolver.java,M,79,6,25,0.7813,0.1875,31,bwelling,1,1.0000,1.0000,1.0000,1,0
33,203,Resolver.java,M,71,6,25,0.7813,0.1875,31,bwelling,1,1.0000,1.0000,1.0000,1,0
33,204,dnsResolver.java,M,71,6,25,0.7813,0.1875,31,bwelling,6,0.2444,1.0000,0.0000,1,5
33,313,dnsResolver.java,M,38,4,16,0.8000,0.2000,19,bwelling,5,0.2000,1.0000,0.0000,1,4
33,314,SimpleResolver.java,M,48,4,16,0.8000,0.2000,19,bwelling,1,1.0000,1.0000,1.0000,1,0
33,315,Resolver.java,M,42,4,16,0.8000,0.2000,19,bwelling,3,0.3333,1.0000,0.0000,1,2
33,316,dnsResolver.java,M,38,4,16,0.8000,0.2000,19,bwelling,5,0.2000,1.0000,0.0000,1,4
33,317,Resolver.java,M,42,4,16,0.8000,0.2000,19,bwelling,3,0.3333,1.0000,0.0000,1,2
33,318,SimpleResolver.java,M,48,4,16,0.8000,0.2000,19,bwelling,1,1.0000,1.0000,1.0000,1,0
33,425,dnsResolver.java,M,6,1,0,0.0000,1.0000,0,bwelling,3,1.0000,1.0000,1.0000,3,0
33,426,Resolver.java,M,6,1,0,0.0000,1.0000,0,bwelling,3,1.0000,1.0000,1.0000,3,0
33,427,dnsResolver.java,M,6,1,0,0.0000,1.0000,0,bwelling,3,1.0000,1.0000,1.0000,3,0
33,428,dnsResolver.java,M,6,1,0,0.0000,1.0000,0,bwelling,3,1.0000,1.0000,1.0000,3,0
33,429,SimpleResolver.java,M,13,1,0,0.0000,1.0000,0,bwelling,4,0.0000,0.0000,0.0000,0,4
33,430,Resolver.java,M,6,1,0,0.0000,1.0000,0,bwelling,3,1.0000,1.0000,1.0000,3,0
33,431,SimpleResolver.java,M,7,1,0,0.0000,1.0000,0,bwelling,0,0.0000,0.0000,0.0000,0,0
33,432,dnsResolver.java,M,6,1,0,0.0000,1.0000,0,bwelling,3,1.0000,1.0000,1.0000,3,0
33,433,Resolver.java,M,6,1,0,0.0000,1.0000,0,bwelling,3,1.0000,1.0000,1.0000,3,0
33,434,Resolver.java,M,6,1,0,0.0000,1.0000,0,bwelling,3,1.0000,1.0000,1.0000,3,0
33,435,SimpleResolver.java,M,6,1,0,0.0000,1.0000,0,bwelling,2,0.5000,1.0000,0.0000,1,1
33,436,SimpleResolver.java,M,6,1,0,0.0000,1.0000,0,bwelling,2,0.5000,1.0000,0.0000,1,1
33,437,dnsResolver.java,M,5,1,0,0.0000,1.0000,0,bwelling,5,1.0000,1.0000,1.0000,5,0
33,438,dnsResolver.java,M,5,1,0,0.0000,1.0000,0,bwelling,5,1.0000,1.0000,1.0000,5,0
33,439,dnsResolver.java,M,5,1,0,0.0000,1.0000,0,bwelling,5,1.0000,1.0000,1.0000,5,0
33,440,dnsResolver.java,M,5,1,0,0.0000,1.0000,0,bwelling,5,1.0000,1.0000,1.0000,5,0
33,441,Resolver.java,M,5,1,0,0.0000,1.0000,0,bwelling,5,1.0000,1.0000,1.0000,5,0
33,442,Resolver.java,M,5,1,0,0.0000,1.0000,0,bwelling,5,1.0000,1.0000,1.0000,5,0
33,443,dnsResolver.java,M,5,1,0,0.0000,1.0000,0,bwelling,5,1.0000,1.0000,1.0000,5,0
33,444,Resolver.java,M,5,1,0,0.0000,1.0000,0,bwelling,5,1.0000,1.0000,1.0000,5,0
33,445,SimpleResolver.java,M,5,1,0,0.0000,1.0000,0,bwelling,10,0.2000,1.0000,0.0000,2,8
33,446,SimpleResolver.java,M,5,1,0,0.0000,1.0000,0,bwelling,10,0.2000,1.0000,0.0000,2,8
33,447,Resolver.java,M,5,1,0,0.0000,1.0000,0,bwelling,5,1.0000,1.0000,1.0000,5,0
33,448,SimpleResolver.java,M,5,1,0,0.0000,1.0000,0,bwelling,10,0.2000,1.0000,0.0000,2,8
33,449,SimpleResolver.java,M,7,1,0,0.0000,1.0000,0,bwelling,3,0.0000,0.0000,0.0000,0,3
33,450,SimpleResolver.java,M,5,1,0,0.0000,1.0000,0,bwelling,1,1.0000,1.0000,1.0000,1,0
33,451,Resolver.java,M,5,1,0,0.0000,1.0000,0,bwelling,5,1.0000,1.0000,1.0000,5,0
33,452,dnsResolver.java,M,5,1,0,0.0000,1.0000,0,bwelling,5,1.0000,1.0000,1.0000,5,0
33,453,Resolver.java,M,5,1,0,0.0000,1.0000,0,bwelling,5,1.0000,1.0000,1.0000,5,0
33,454,SimpleResolver.java,M,5,1,0,0.0000,1.0000,0,bwelling,1,1.0000,1.0000,1.0000,1,0
35,199,dnsResolver.java,M,71,7,26,0.7647,0.2059,33,bwelling,6,0.2323,1.0000,0.0000,1,5
35,200,Resolver.java,M,71,7,26,0.7647,0.2059,33,bwelling,1,1.0000,1.0000,1.0000,1,0
35,201,SimpleResolver.java,M,79,7,26,0.7647,0.2059,33,bwelling,1,1.0000,1.0000,1.0000,1,0
35,202,SimpleResolver.java,M,79,7,26,0.7647,0.2059,33,bwelling,1,1.0000,1.0000,1.0000,1,0
35,203,Resolver.java,M,71,7,26,0.7647,0.2059,33,bwelling,1,1.0000,1.0000,1.0000,1,0
35,204,dnsResolver.java,M,71,7,26,0.7647,0.2059,33,bwelling,6,0.2323,1.0000,0.0000,1,5
37,241,dnsTXTRecord.java,M,13,1,34,0.9444,0.0278,35,bwelling,1,1.0000,1.0000,1.0000,1,0
37,242,TXTRecord.java,M,5,1,34,0.9444,0.0278,35,bwelling,4,0.0000,0.0000,0.0000,0,4
37,243,TXTRecord.java,M,5,1,34,0.9444,0.0278,35,bwelling,9,0.0000,0.0000,0.0000,0,9
37,244,dnsTXTRecord.java,M,13,1,34,0.9444,0.0278,35,bwelling,1,1.0000,1.0000,1.0000,1,0
37,245,dnsTXTRecord.java,M,8,1,34,0.9444,0.0278,35,bwelling,4,0.5000,1.0000,0.0000,2,2
37,246,TXTRecord.java,M,8,1,34,0.9444,0.0278,35,bwelling,4,0.5000,1.0000,0.0000,2,2
37,247,dnsTXTRecord.java,M,5,1,34,0.9444,0.0278,35,bwelling,2,0.0000,0.0000,0.0000,0,2
37,248,TXTRecord.java,M,8,1,34,0.9444,0.0278,35,bwelling,4,0.5000,1.0000,0.0000,2,2
41,2,update.java,M,6,1,38,0.9500,0.0250,39,bwelling,3,0.6667,1.0000,0.0000,2,1
41,11,ARecord.java,M,14,1,38,0.9500,0.0250,39,bwelling,3,1.0000,1.0000,1.0000,3,0
41,12,dnsARecord.java,M,14,1,38,0.9500,0.0250,39,bwelling,3,0.6667,1.0000,0.0000,2,1
41,13,dnsARecord.java,M,14,1,38,0.9500,0.0250,39,bwelling,3,0.6667,1.0000,0.0000,2,1
41,14,ARecord.java,M,14,1,38,0.9500,0.0250,39,bwelling,3,1.0000,1.0000,1.0000,3,0
41,27,dnsHeader.java,M,5,2,37,0.9250,0.0500,39,bwelling,2,0.5000,1.0000,0.0000,1,1
41,28,Header.java,M,5,2,37,0.9250,0.0500,39,bwelling,6,0.4528,0.6792,0.0000,4,2
41,29,dnsHeader.java,M,5,2,37,0.9250,0.0500,39,bwelling,2,0.5000,1.0000,0.0000,1,1
41,30,Header.java,M,5,2,37,0.9250,0.0500,39,bwelling,0,0.0000,0.0000,0.0000,0,0
41,31,dnsHeader.java,M,5,1,38,0.9500,0.0250,39,bwelling,6,0.5000,1.0000,0.0000,3,3
41,32,dnsHeader.java,M,5,1,38,0.9500,0.0250,39,bwelling,6,0.5000,1.0000,0.0000,3,3
41,33,Header.java,M,5,1,38,0.9500,0.0250,39,bwelling,4,0.2500,1.0000,0.0000,1,3
41,34,Header.java,M,5,1,38,0.9500,0.0250,39,bwelling,4,0.2500,1.0000,0.0000,1,3
41,35,dnsHeader.java,M,11,1,38,0.9500,0.0250,39,bwelling,4,0.7500,1.0000,0.0000,3,1
41,36,dnsHeader.java,M,11,1,38,0.9500,0.0250,39,bwelling,4,0.7500,1.0000,0.0000,3,1
41,37,Header.java,M,11,1,38,0.9500,0.0250,39,bwelling,5,0.7009,1.0000,0.0000,4,1
41,38,Header.java,M,5,1,38,0.9500,0.0250,39,bwelling,10,0.0582,0.5818,0.0000,1,9
41,39,dnsHeader.java,M,10,1,38,0.9500,0.0250,39,bwelling,6,0.8333,1.0000,0.0000,5,1
41,40,Header.java,M,10,1,38,0.9500,0.0250,39,bwelling,3,0.3333,1.0000,0.0000,1,2
41,41,Header.java,M,10,1,38,0.9500,0.0250,39,bwelling,3,0.3333,1.0000,0.0000,1,2
41,42,dnsHeader.java,M,10,1,38,0.9500,0.0250,39,bwelling,6,0.8333,1.0000,0.0000,5,1
41,45,dnsMXRecord.java,M,9,1,38,0.9500,0.0250,39,bwelling,2,0.5000,1.0000,0.0000,1,1
41,47,MXRecord.java,M,5,1,38,0.9500,0.0250,39,bwelling,1,1.0000,1.0000,1.0000,1,0
41,48,dnsMXRecord.java,M,9,1,38,0.9500,0.0250,39,bwelling,2,0.5000,1.0000,0.0000,1,1
41,49,MXRecord.java,M,8,1,38,0.9500,0.0250,39,bwelling,14,0.6807,1.0000,0.0000,10,4
41,53,dnsNXTRecord.java,M,10,2,37,0.9250,0.0500,39,bwelling,5,0.7009,1.0000,0.0000,4,1
41,54,NXTRecord.java,M,10,2,37,0.9250,0.0500,39,bwelling,3,0.2507,0.7521,0.0000,1,2
41,55,dnsKEYRecord.java,M,7,1,38,0.9500,0.0250,39,bwelling,5,0.9009,1.0000,0.7521,5,0
41,56,dnsKEYRecord.java,M,7,1,38,0.9500,0.0250,39,bwelling,5,0.9009,1.0000,0.7521,5,0
41,57,KEYRecord.java,M,7,1,38,0.9500,0.0250,39,bwelling,4,0.7500,1.0000,0.0000,3,1
41,58,KEYRecord.java,M,7,1,38,0.9500,0.0250,39,bwelling,0,0.0000,0.0000,0.0000,0,0
41,63,dnsKEYRecord.java,M,11,1,38,0.9500,0.0250,39,bwelling,3,1.0000,1.0000,1.0000,3,0
41,64,KEYRecord.java,M,11,1,38,0.9500,0.0250,39,bwelling,6,0.8333,1.0000,0.0000,5,1
41,65,dnsKEYRecord.java,M,11,1,38,0.9500,0.0250,39,bwelling,3,1.0000,1.0000,1.0000,3,0
41,66,KEYRecord.java,M,11,1,38,0.9500,0.0250,39,bwelling,1,1.0000,1.0000,1.0000,1,0
41,79,dnsMessage.java,M,5,1,38,0.9500,0.0250,39,bwelling,1,0.0000,0.0000,0.0000,0,1
41,80,Message.java,M,5,1,38,0.9500,0.0250,39,bwelling,5,0.4539,0.6457,0.3090,2,0
41,82,Message.java,M,5,2,37,0.9250,0.0500,39,bwelling,5,0.4360,0.6457,0.2642,2,0
41,83,dnsMessage.java,M,13,1,38,0.9500,0.0250,39,bwelling,5,0.5740,1.0000,0.0000,3,1
41,84,Message.java,M,12,1,38,0.9500,0.0250,39,bwelling,2,1.0000,1.0000,1.0000,2,0
41,85,Message.java,M,7,1,38,0.9500,0.0250,39,bwelling,5,0.5740,1.0000,0.0000,3,1
41,86,dnsMessage.java,M,13,1,38,0.9500,0.0250,39,bwelling,5,0.4848,0.6525,0.0000,3,1
41,87,dnsMessage.java,M,11,3,36,0.9000,0.0750,39,bwelling,3,0.6000,1.0000,0.0000,2,1
41,89,dnsMessage.java,M,11,1,37,0.9250,0.0250,39,bwelling,3,0.6000,1.0000,0.0000,2,1
41,90,Message.java,M,11,3,36,0.9000,0.0750,39,bwelling,7,0.3832,1.0000,0.0000,3,4
41,91,dnsMXRecord.java,M,5,1,38,0.9500,0.0250,39,bwelling,6,0.6132,1.0000,0.0000,4,2
41,92,dnsMXRecord.java,M,5,1,38,0.9500,0.0250,39,bwelling,6,0.6132,1.0000,0.0000,4,2
41,93,MXRecord.java,M,5,1,38,0.9500,0.0250,39,bwelling,6,0.5000,1.0000,0.0000,3,3
41,94,MXRecord.java,M,5,1,38,0.9500,0.0250,39,bwelling,5,0.6148,1.0000,0.0000,4,1
41,99,dnsName.java,M,28,1,38,0.9500,0.0250,39,bwelling,3,0.5803,1.0000,0.0000,2,1
41,100,dnsName.java,M,28,1,38,0.9500,0.0250,39,bwelling,3,0.5803,1.0000,0.0000,2,1
41,101,Name.java,M,29,1,38,0.9500,0.0250,39,bwelling,3,0.6687,1.0000,0.4243,2,0
41,102,Name.java,M,29,1,38,0.9500,0.0250,39,bwelling,3,0.6687,1.0000,0.4243,2,0
41,103,dnsName.java,M,5,1,38,0.9500,0.0250,39,bwelling,1,1.0000,1.0000,1.0000,1,0
41,104,Name.java,M,6,1,38,0.9500,0.0250,39,bwelling,3,0.7545,1.0000,0.6318,3,0
41,105,dnsName.java,M,5,1,38,0.9500,0.0250,39,bwelling,1,1.0000,1.0000,1.0000,1,0
41,106,Name.java,M,6,1,38,0.9500,0.0250,39,bwelling,3,0.7545,1.0000,0.6318,3,0
41,111,dnsName.java,M,6,1,38,0.9500,0.0250,39,bwelling,3,0.6667,1.0000,0.0000,2,1
41,112,Name.java,M,9,1,38,0.9500,0.0250,39,bwelling,2,0.7650,1.0000,0.5300,2,0
41,113,Name.java,M,9,1,38,0.9500,0.0250,39,bwelling,2,0.7650,1.0000,0.5300,2,0
41,114,dnsName.java,M,6,1,38,0.9500,0.0250,39,bwelling,3,0.6667,1.0000,0.0000,2,1
41,115,dnsName.java,M,7,1,38,0.9500,0.0250,39,bwelling,2,0.5000,1.0000,0.0000,1,1
41,116,Name.java,M,7,1,38,0.9500,0.0250,39,bwelling,5,0.9009,1.0000,0.7521,5,0
41,117,Name.java,M,6,1,38,0.9500,0.0250,39,bwelling,2,1.0000,1.0000,1.0000,2,0
41,118,dnsName.java,M,7,1,38,0.9500,0.0250,39,bwelling,2,0.5000,1.0000,0.0000,1,1
41,123,dnsNXTRecord.java,M,5,1,38,0.9500,0.0250,39,bwelling,6,0.6132,1.0000,0.0000,4,2
41,124,NXTRecord.java,M,5,1,38,0.9500,0.0250,39,bwelling,14,0.6807,1.0000,0.0000,10,4
41,125,dnsNXTRecord.java,M,5,1,38,0.9500,0.0250,39,bwelling,6,0.6132,1.0000,0.0000,4,2
41,126,NXTRecord.java,M,5,1,38,0.9500,0.0250,39,bwelling,5,0.6148,1.0000,0.0000,4,1
41,127,dnsNXTRecord.java,M,12,2,37,0.9250,0.0500,39,bwelling,4,0.7061,1.0000,0.4428,3,0
41,128,NXTRecord.java,M,12,2,37,0.9250,0.0500,39,bwelling,3,0.3333,1.0000,0.0000,1,2
41,129,NXTRecord.java,M,12,2,37,0.9250,0.0500,39,bwelling,3,0.3333,1.0000,0.0000,1,2
41,130,dnsNXTRecord.java,M,12,2,37,0.9250,0.0500,39,bwelling,4,0.7061,1.0000,0.4428,3,0
41,132,dnsNXTRecord.java,M,10,1,38,0.9500,0.0250,39,bwelling,5,0.7009,1.0000,0.0000,4,1
41,134,NXTRecord.java,M,10,1,38,0.9500,0.0250,39,bwelling,3,0.2507,0.7521,0.0000,1,2
41,139,dnsRecord.java,M,6,1,38,0.9500,0.0250,39,bwelling,3,0.3333,1.0000,0.0000,1,2
41,141,Record.java,M,5,1,38,0.9500,0.0250,39,bwelling,2,0.0000,0.0000,0.0000,0,2
41,142,dnsRecord.java,M,6,1,38,0.9500,0.0250,39,bwelling,3,0.3333,1.0000,0.0000,1,2
41,154,Record.java,M,5,1,38,0.9500,0.0250,39,bwelling,7,0.3832,1.0000,0.0000,3,4
41,156,dnsRecord.java,M,14,1,38,0.9500,0.0250,39,bwelling,5,0.6148,1.0000,0.0000,4,1
41,157,SOARecord.java,M,10,1,38,0.9500,0.0250,39,bwelling,0,0.0000,0.0000,0.0000,0,0
41,160,Record.java,M,8,1,38,0.9500,0.0250,39,bwelling,0,0.0000,0.0000,0.0000,0,0
41,163,dnsSIGRecord.java,M,12,2,37,0.9250,0.0500,39,bwelling,1,1.0000,1.0000,1.0000,1,0
41,164,SIGRecord.java,M,12,1,38,0.9500,0.0250,39,bwelling,1,0.7521,0.7521,0.7521,1,0
41,165,dnsRecord.java,M,15,1,38,0.9500,0.0250,39,bwelling,4,0.5000,1.0000,0.0000,2,2
41,166,Record.java,M,20,1,38,0.9500,0.0250,39,bwelling,1,1.0000,1.0000,1.0000,1,0
41,167,dnsRecord.java,M,15,1,38,0.9500,0.0250,39,bwelling,4,0.5000,1.0000,0.0000,2,2
41,168,Record.java,M,20,1,38,0.9500,0.0250,39,bwelling,1,1.0000,1.0000,1.0000,1,0
41,199,dnsResolver.java,M,71,8,31,0.7750,0.2000,39,bwelling,1,1.0000,1.0000,1.0000,1,0
41,200,Resolver.java,M,71,8,31,0.7750,0.2000,39,bwelling,1,1.0000,1.0000,1.0000,1,0
41,201,SimpleResolver.java,M,79,8,31,0.7750,0.2000,39,bwelling,1,1.0000,1.0000,1.0000,1,0
41,202,SimpleResolver.java,M,79,8,31,0.7750,0.2000,39,bwelling,1,1.0000,1.0000,1.0000,1,0
41,203,Resolver.java,M,71,8,31,0.7750,0.2000,39,bwelling,1,1.0000,1.0000,1.0000,1,0
41,204,dnsResolver.java,M,71,8,31,0.7750,0.2000,39,bwelling,1,1.0000,1.0000,1.0000,1,0
41,205,dnsSIGRecord.java,M,12,1,38,0.9500,0.0250,39,bwelling,2,1.0000,1.0000,1.0000,2,0
41,206,dnsSIGRecord.java,M,12,1,38,0.9500,0.0250,39,bwelling,2,1.0000,1.0000,1.0000,2,0
41,207,SIGRecord.java,M,12,1,38,0.9500,0.0250,39,bwelling,1,1.0000,1.0000,1.0000,1,0
41,208,SIGRecord.java,M,12,1,38,0.9500,0.0250,39,bwelling,1,1.0000,1.0000,1.0000,1,0
41,209,SOARecord.java,M,10,2,37,0.9250,0.0500,39,bwelling,1,0.4079,0.4079,0.4079,0,0
41,210,dnsSOARecord.java,M,10,2,37,0.9250,0.0500,39,bwelling,3,0.6053,1.0000,0.4079,1,0
41,211,dnsSOARecord.java,M,10,2,37,0.9250,0.0500,39,bwelling,3,0.6053,1.0000,0.4079,1,0
41,212,SOARecord.java,M,10,2,37,0.9250,0.0500,39,bwelling,3,0.4938,0.7408,0.0000,2,1
41,213,TSIGRecord.java,M,10,3,36,0.9000,0.0750,39,bwelling,7,0.0821,0.5744,0.0000,1,6
41,214,dnsTSIGRecord.java,M,10,3,36,0.9000,0.0750,39,bwelling,3,0.6053,1.0000,0.4079,1,0
41,215,dnsTSIGRecord.java,M,10,3,36,0.9000,0.0750,39,bwelling,3,0.6053,1.0000,0.4079,1,0
41,216,TSIGRecord.java,M,10,3,36,0.9000,0.0750,39,bwelling,1,0.4079,0.4079,0.4079,0,0
41,217,dnsSIGRecord.java,M,15,2,37,0.9250,0.0500,39,bwelling,2,0.5000,1.0000,0.0000,1,1
41,218,dnsSIGRecord.java,M,15,2,37,0.9250,0.0500,39,bwelling,2,0.5000,1.0000,0.0000,1,1
41,220,SIGRecord.java,M,15,2,37,0.9250,0.0500,39,bwelling,2,0.0000,0.0000,0.0000,0,2
41,225,dnsSOARecord.java,M,11,1,38,0.9500,0.0250,39,bwelling,1,1.0000,1.0000,1.0000,1,0
41,226,SOARecord.java,M,11,1,38,0.9500,0.0250,39,bwelling,0,0.0000,0.0000,0.0000,0,0
41,227,dnsSOARecord.java,M,11,1,38,0.9500,0.0250,39,bwelling,1,1.0000,1.0000,1.0000,1,0
41,228,SOARecord.java,M,12,1,38,0.9500,0.0250,39,bwelling,3,0.6667,1.0000,0.0000,2,1
41,233,dnsTSIGRecord.java,M,22,3,36,0.9000,0.0750,39,bwelling,1,1.0000,1.0000,1.0000,1,0
41,234,TSIGRecord.java,M,22,3,36,0.9000,0.0750,39,bwelling,1,1.0000,1.0000,1.0000,1,0
41,235,dnsTSIGRecord.java,M,22,3,36,0.9000,0.0750,39,bwelling,1,1.0000,1.0000,1.0000,1,0
41,236,TSIGRecord.java,M,22,3,36,0.9000,0.0750,39,bwelling,1,1.0000,1.0000,1.0000,1,0
41,241,dnsTXTRecord.java,M,13,2,37,0.9250,0.0500,39,bwelling,1,1.0000,1.0000,1.0000,1,0
41,242,TXTRecord.java,M,5,2,37,0.9250,0.0500,39,bwelling,4,0.4572,0.5300,0.4133,1,0
41,243,TXTRecord.java,M,5,2,37,0.9250,0.0500,39,bwelling,14,0.4793,1.0000,0.0000,10,4
41,244,dnsTXTRecord.java,M,13,2,37,0.9250,0.0500,39,bwelling,1,1.0000,1.0000,1.0000,1,0
41,245,dnsTXTRecord.java,M,8,2,37,0.9250,0.0500,39,bwelling,4,0.6636,1.0000,0.3271,2,0
41,246,TXTRecord.java,M,8,2,37,0.9250,0.0500,39,bwelling,4,0.6636,1.0000,0.3271,2,0
41,247,dnsTXTRecord.java,M,5,2,37,0.9250,0.0500,39,bwelling,2,0.5300,0.5300,0.5300,2,0
41,248,TXTRecord.java,M,8,2,37,0.9250,0.0500,39,bwelling,4,0.6636,1.0000,0.3271,2,0
41,249,dnsTXTRecord.java,M,13,1,38,0.9500,0.0250,39,bwelling,1,1.0000,1.0000,1.0000,1,0
41,250,TXTRecord.java,M,5,1,38,0.9500,0.0250,39,bwelling,4,0.6602,0.7291,0.5300,4,0
41,251,TXTRecord.java,M,9,1,38,0.9500,0.0250,39,bwelling,5,0.7009,1.0000,0.0000,4,1
41,252,dnsTXTRecord.java,M,13,1,38,0.9500,0.0250,39,bwelling,1,1.0000,1.0000,1.0000,1,0
41,254,dnsSOARecord.java,M,10,2,36,0.9474,0.0526,37,bwelling,0,0.0000,0.0000,0.0000,0,0
41,255,dnsRecord.java,M,14,2,36,0.9474,0.0526,37,bwelling,5,0.6148,1.0000,0.0000,4,1
41,258,SIGRecord.java,M,12,2,36,0.9474,0.0526,37,bwelling,1,0.7521,0.7521,0.7521,1,0
41,259,dnsSIGRecord.java,M,12,2,36,0.9474,0.0526,37,bwelling,1,1.0000,1.0000,1.0000,1,0
41,283,Message.java,M,5,2,33,0.9429,0.0571,34,bwelling,5,0.4699,0.7363,0.0000,2,1
41,300,dnsHINFORecord.java,M,6,1,31,0.9394,0.0303,32,bwelling,3,0.3333,1.0000,0.0000,1,2
41,302,dnsHINFORecord.java,M,6,1,31,0.9394,0.0303,32,bwelling,3,0.3333,1.0000,0.0000,1,2
41,303,HINFORecord.java,M,6,1,31,0.9394,0.0303,32,bwelling,0,0.0000,0.0000,0.0000,0,0
41,313,dnsResolver.java,M,38,5,23,0.8214,0.1786,27,bwelling,5,0.4581,1.0000,0.2642,1,0
41,314,SimpleResolver.java,M,48,5,23,0.8214,0.1786,27,bwelling,1,1.0000,1.0000,1.0000,1,0
41,315,Resolver.java,M,42,5,23,0.8214,0.1786,27,bwelling,3,0.5724,1.0000,0.3181,1,0
41,316,dnsResolver.java,M,38,5,23,0.8214,0.1786,27,bwelling,5,0.4581,1.0000,0.2642,1,0
41,317,Resolver.java,M,42,5,23,0.8214,0.1786,27,bwelling,3,0.5724,1.0000,0.3181,1,0
41,318,SimpleResolver.java,M,48,5,23,0.8214,0.1786,27,bwelling,1,1.0000,1.0000,1.0000,1,0
41,319,hmacSigner.java,M,5,1,26,0.9630,0.0370,26,bwelling,1,1.0000,1.0000,1.0000,1,0
41,320,hmacSigner.java,M,5,1,26,0.9630,0.0370,26,bwelling,1,1.0000,1.0000,1.0000,1,0
41,321,hmacSigner.java,M,5,1,26,0.9630,0.0370,26,bwelling,0,0.0000,0.0000,0.0000,0,0
41,322,hmacSigner.java,M,8,1,26,0.9630,0.0370,26,bwelling,7,0.0821,0.5744,0.0000,1,6
41,335,dnsTSIG.java,M,29,5,19,0.7917,0.2083,23,bwelling,1,1.0000,1.0000,1.0000,1,0
41,336,TSIG.java,M,34,5,19,0.7917,0.2083,23,bwelling,1,1.0000,1.0000,1.0000,1,0
41,337,dnsTSIG.java,M,29,5,19,0.7917,0.2083,23,bwelling,1,1.0000,1.0000,1.0000,1,0
41,338,TSIG.java,M,34,5,19,0.7917,0.2083,23,bwelling,1,1.0000,1.0000,1.0000,1,0
41,341,dnsHeader.java,M,8,2,20,0.9091,0.0909,21,bwelling,13,0.4979,1.0000,0.0000,7,6
41,342,Header.java,M,5,2,20,0.9091,0.0909,21,bwelling,7,0.4286,1.0000,0.0000,3,4
41,343,Message.java,M,5,3,19,0.8636,0.1364,21,bwelling,5,0.5410,0.7441,0.0000,3,1
41,344,Header.java,M,5,2,20,0.9091,0.0909,21,bwelling,4,0.5927,0.6525,0.4133,3,0
41,345,dnsMessage.java,M,8,3,19,0.8636,0.1364,21,bwelling,13,0.4979,1.0000,0.0000,7,6
41,346,dnsHeader.java,M,8,2,20,0.9091,0.0909,21,bwelling,13,0.4979,1.0000,0.0000,7,6
41,347,dnsMessage.java,M,8,3,19,0.8636,0.1364,21,bwelling,13,0.4979,1.0000,0.0000,7,6
41,348,Message.java,M,5,3,19,0.8636,0.1364,21,bwelling,2,0.0000,0.0000,0.0000,0,2
41,349,dnsTSIG.java,M,56,3,19,0.8636,0.1364,21,bwelling,4,0.4953,1.0000,0.3271,1,0
41,350,TSIG.java,M,49,3,19,0.8636,0.1364,21,bwelling,1,1.0000,1.0000,1.0000,1,0
41,351,dnsTSIG.java,M,56,3,19,0.8636,0.1364,21,bwelling,4,0.4953,1.0000,0.3271,1,0
41,352,TSIG.java,M,49,3,19,0.8636,0.1364,21,bwelling,1,1.0000,1.0000,1.0000,1,0
41,365,dnsTSIG.java,M,36,2,17,0.8500,0.1000,19,bwelling,3,0.7545,1.0000,0.6318,3,0
41,366,TSIG.java,M,35,2,17,0.8500,0.1000,19,bwelling,1,1.0000,1.0000,1.0000,1,0
41,367,dnsTSIG.java,M,36,2,17,0.8500,0.1000,19,bwelling,3,0.7545,1.0000,0.6318,3,0
41,368,TSIG.java,M,35,2,17,0.8500,0.1000,19,bwelling,1,1.0000,1.0000,1.0000,1,0
41,373,dnsTSIG.java,M,9,2,14,0.8750,0.1250,15,bwelling,3,0.6310,0.7294,0.5818,3,0
41,374,dnsTSIG.java,M,9,3,13,0.8125,0.1875,15,bwelling,3,0.5260,0.7294,0.4243,1,0
41,375,TSIG.java,M,7,2,14,0.8750,0.1250,15,bwelling,5,0.5382,0.7294,0.3991,3,0
41,376,TSIG.java,M,7,3,13,0.8125,0.1875,15,bwelling,5,0.4429,0.7294,0.3181,1,0
41,377,dnsTSIG.java,M,9,2,14,0.8750,0.1250,15,bwelling,3,0.5092,0.7294,0.3991,1,0
41,378,dnsTSIG.java,M,9,3,13,0.8125,0.1875,15,bwelling,3,0.4552,0.7294,0.3181,1,0
41,379,TSIG.java,M,9,2,14,0.8750,0.1250,15,bwelling,10,0.0582,0.5818,0.0000,1,9
41,380,TSIG.java,M,7,3,13,0.8125,0.1875,15,bwelling,2,0.0000,0.0000,0.0000,0,2
41,381,dnsTSIGRecord.java,M,34,2,13,0.8667,0.1333,14,bwelling,3,0.3333,1.0000,0.0000,1,2
41,382,TSIGRecord.java,M,32,2,13,0.8667,0.1333,14,bwelling,1,1.0000,1.0000,1.0000,1,0
41,383,TSIGRecord.java,M,32,2,13,0.8667,0.1333,14,bwelling,1,1.0000,1.0000,1.0000,1,0
41,384,dnsTSIGRecord.java,M,34,2,13,0.8667,0.1333,14,bwelling,3,0.3333,1.0000,0.0000,1,2
41,385,base64.java,M,30,1,12,0.8571,0.0714,13,bwelling,1,1.0000,1.0000,1.0000,1,0
41,386,base64.java,M,30,1,12,0.8571,0.0714,13,bwelling,1,1.0000,1.0000,1.0000,1,0
41,387,base64.java,M,31,1,12,0.8571,0.0714,13,bwelling,14,0.6807,1.0000,0.0000,10,4
41,388,base64.java,M,31,1,12,0.8571,0.0714,13,bwelling,14,0.6807,1.0000,0.0000,10,4
41,455,SRVRecord.java,M,6,1,6,0.7500,0.1250,7,bwelling,6,0.5000,1.0000,0.0000,3,3
41,456,dnsSRVRecord.java,M,15,1,6,0.7500,0.1250,7,bwelling,14,0.6807,1.0000,0.0000,10,4
41,457,dnsSRVRecord.java,M,15,1,6,0.7500,0.1250,7,bwelling,14,0.6807,1.0000,0.0000,10,4
41,458,SRVRecord.java,M,13,1,6,0.7500,0.1250,7,bwelling,14,0.6807,1.0000,0.0000,10,4
41,459,dnsSRVRecord.java,M,7,1,6,0.7500,0.1250,7,bwelling,5,1.0000,1.0000,1.0000,5,0
41,460,SRVRecord.java,M,7,1,6,0.7500,0.1250,7,bwelling,4,0.7500,1.0000,0.0000,3,1
41,461,dnsSRVRecord.java,M,7,1,6,0.7500,0.1250,7,bwelling,5,1.0000,1.0000,1.0000,5,0
41,462,SRVRecord.java,M,7,1,6,0.7500,0.1250,7,bwelling,0,0.0000,0.0000,0.0000,0,0
41,463,dnsSRVRecord.java,M,6,1,6,0.7500,0.1250,7,bwelling,3,1.0000,1.0000,1.0000,3,0
41,464,SRVRecord.java,M,6,1,6,0.7500,0.1250,7,bwelling,3,0.3333,1.0000,0.0000,1,2
41,465,SRVRecord.java,M,7,1,6,0.7500,0.1250,7,bwelling,6,0.8333,1.0000,0.0000,5,1
41,466,dnsSRVRecord.java,M,6,1,6,0.7500,0.1250,7,bwelling,3,1.0000,1.0000,1.0000,3,0
41,475,ARecord.java,M,5,1,0,0.0000,1.0000,0,bwelling,2,0.0000,0.0000,0.0000,0,2
41,478,dnsARecord.java,M,5,1,0,0.0000,1.0000,0,bwelling,5,0.2000,1.0000,0.0000,1,4
41,481,dnsARecord.java,M,5,1,0,0.0000,1.0000,0,bwelling,5,0.2000,1.0000,0.0000,1,4
41,482,ARecord.java,M,5,1,0,0.0000,1.0000,0,bwelling,14,0.7143,1.0000,0.0000,10,4
41,487,dnsHINFORecord.java,M,8,1,0,0.0000,1.0000,0,bwelling,13,0.5385,1.0000,0.0000,7,6
41,488,dnsHINFORecord.java,M,8,1,0,0.0000,1.0000,0,bwelling,13,0.5385,1.0000,0.0000,7,6
41,489,HINFORecord.java,M,5,1,0,0.0000,1.0000,0,bwelling,6,0.8333,1.0000,0.0000,5,1
41,490,HINFORecord.java,M,5,1,0,0.0000,1.0000,0,bwelling,2,0.0000,0.0000,0.0000,0,2
41,499,dnsKEYRecord.java,M,15,1,0,0.0000,1.0000,0,bwelling,14,0.7143,1.0000,0.0000,10,4
41,500,KEYRecord.java,M,12,1,0,0.0000,1.0000,0,bwelling,1,0.0000,0.0000,0.0000,0,1
41,501,dnsKEYRecord.java,M,15,1,0,0.0000,1.0000,0,bwelling,14,0.7143,1.0000,0.0000,10,4
41,502,KEYRecord.java,M,14,1,0,0.0000,1.0000,0,bwelling,0,0.0000,0.0000,0.0000,0,0
41,511,dnsSOARecord.java,M,8,1,0,0.0000,1.0000,0,bwelling,13,0.5385,1.0000,0.0000,7,6
41,512,SOARecord.java,M,11,1,0,0.0000,1.0000,0,bwelling,0,0.0000,0.0000,0.0000,0,0
41,514,SOARecord.java,M,13,1,0,0.0000,1.0000,0,bwelling,5,0.8000,1.0000,0.0000,4,1
41,518,dnsSOARecord.java,M,8,1,0,0.0000,1.0000,0,bwelling,13,0.5385,1.0000,0.0000,7,6
41,519,dnsMXRecord.java,M,6,1,0,0.0000,1.0000,0,bwelling,3,1.0000,1.0000,1.0000,3,0
41,520,dnsMXRecord.java,M,6,1,0,0.0000,1.0000,0,bwelling,3,1.0000,1.0000,1.0000,3,0
41,521,MXRecord.java,M,7,1,0,0.0000,1.0000,0,bwelling,6,0.8333,1.0000,0.0000,5,1
41,522,MXRecord.java,M,6,1,0,0.0000,1.0000,0,bwelling,3,0.3333,1.0000,0.0000,1,2
41,527,dnsRecord.java,M,26,1,0,0.0000,1.0000,0,bwelling,1,0.0000,0.0000,0.0000,0,1
41,528,Record.java,M,27,1,0,0.0000,1.0000,0,bwelling,3,0.6667,1.0000,0.0000,2,1
41,530,dnsRecord.java,M,26,1,0,0.0000,1.0000,0,bwelling,5,0.8000,1.0000,0.0000,4,1
41,531,Record.java,M,26,1,0,0.0000,1.0000,0,bwelling,4,0.5000,1.0000,0.0000,2,2
41,535,dnsRecord.java,M,13,1,0,0.0000,1.0000,0,bwelling,2,0.0000,0.0000,0.0000,0,2
41,537,Record.java,M,13,1,0,0.0000,1.0000,0,bwelling,1,0.0000,0.0000,0.0000,0,1
41,538,Record.java,M,13,1,0,0.0000,1.0000,0,bwelling,4,0.2500,1.0000,0.0000,1,3
41,542,dnsRecord.java,M,13,1,0,0.0000,1.0000,0,bwelling,4,0.2500,1.0000,0.0000,1,3
41,547,dnsSIGRecord.java,M,21,1,0,0.0000,1.0000,0,bwelling,3,0.3333,1.0000,0.0000,1,2
41,548,SIGRecord.java,M,21,1,0,0.0000,1.0000,0,bwelling,7,0.4286,1.0000,0.0000,3,4
41,549,SIGRecord.java,M,21,1,0,0.0000,1.0000,0,bwelling,1,0.0000,0.0000,0.0000,0,1
41,550,dnsSIGRecord.java,M,21,1,0,0.0000,1.0000,0,bwelling,3,0.3333,1.0000,0.0000,1,2
41,555,dnsTSIGRecord.java,M,21,1,0,0.0000,1.0000,0,bwelling,2,1.0000,1.0000,1.0000,2,0
41,556,TSIGRecord.java,M,19,1,0,0.0000,1.0000,0,bwelling,0,0.0000,0.0000,0.0000,0,0
41,557,dnsTSIGRecord.java,M,21,1,0,0.0000,1.0000,0,bwelling,2,1.0000,1.0000,1.0000,2,0
41,558,TSIGRecord.java,M,21,1,0,0.0000,1.0000,0,bwelling,2,0.0000,0.0000,0.0000,0,2
43,2,update.java,M,6,2,39,0.9286,0.0476,41,bwelling,3,0.3233,0.4850,0.0000,0,1
43,103,dnsName.java,M,5,2,39,0.9286,0.0476,41,bwelling,1,1.0000,1.0000,1.0000,1,0
43,104,Name.java,M,6,2,39,0.9286,0.0476,41,bwelling,5,0.3513,1.0000,0.0000,1,2
43,105,dnsName.java,M,5,2,39,0.9286,0.0476,41,bwelling,1,1.0000,1.0000,1.0000,1,0
43,106,Name.java,M,6,2,39,0.9286,0.0476,41,bwelling,5,0.3513,1.0000,0.0000,1,2
43,107,dnsName.java,M,5,1,40,0.9524,0.0238,41,bwelling,2,0.5000,1.0000,0.0000,1,1
43,108,Name.java,M,5,1,40,0.9524,0.0238,41,bwelling,3,0.3333,1.0000,0.0000,1,2
43,109,Name.java,M,5,1,40,0.9524,0.0238,41,bwelling,3,0.3333,1.0000,0.0000,1,2
43,110,dnsName.java,M,5,1,40,0.9524,0.0238,41,bwelling,2,0.5000,1.0000,0.0000,1,1
43,111,dnsName.java,M,6,2,39,0.9286,0.0476,41,bwelling,3,0.4950,1.0000,0.0000,1,1
43,112,Name.java,M,9,2,39,0.9286,0.0476,41,bwelling,6,0.2832,1.0000,0.0000,2,4
43,113,Name.java,M,9,2,39,0.9286,0.0476,41,bwelling,6,0.2832,1.0000,0.0000,2,4
43,114,dnsName.java,M,6,2,39,0.9286,0.0476,41,bwelling,3,0.4950,1.0000,0.0000,1,1
43,115,dnsName.java,M,7,2,39,0.9286,0.0476,41,bwelling,1,1.0000,1.0000,1.0000,1,0
43,116,Name.java,M,7,2,39,0.9286,0.0476,41,bwelling,7,0.4009,1.0000,0.0000,1,2
43,117,Name.java,M,6,2,39,0.9286,0.0476,41,bwelling,2,0.4850,0.4850,0.4850,0,0
43,118,dnsName.java,M,7,2,39,0.9286,0.0476,41,bwelling,1,1.0000,1.0000,1.0000,1,0
43,247,dnsTXTRecord.java,M,5,3,38,0.9048,0.0714,41,bwelling,6,0.2331,0.6992,0.0000,2,4
43,249,dnsTXTRecord.java,M,13,2,39,0.9286,0.0476,41,bwelling,1,1.0000,1.0000,1.0000,1,0
43,250,TXTRecord.java,M,5,2,39,0.9286,0.0476,41,bwelling,4,0.3866,0.4109,0.3391,0,0
43,251,TXTRecord.java,M,9,2,39,0.9286,0.0476,41,bwelling,5,0.3613,0.4850,0.0000,0,1
43,252,dnsTXTRecord.java,M,13,2,39,0.9286,0.0476,41,bwelling,1,1.0000,1.0000,1.0000,1,0
43,528,Record.java,M,27,2,1,0.3333,0.6667,2,bwelling,4,0.3713,0.5150,0.0000,1,1
43,532,Record.java,M,27,1,1,0.3333,0.3333,2,bwelling,4,0.1287,0.5150,0.0000,1,3
43,533,dnsRecord.java,M,26,1,1,0.3333,0.3333,2,bwelling,1,0.0000,0.0000,0.0000,0,1
43,611,dns.java,M,10,1,0,0.0000,1.0000,0,bwelling,4,0.2500,1.0000,0.0000,1,3
43,612,dns.java,M,10,1,0,0.0000,1.0000,0,bwelling,4,0.2500,1.0000,0.0000,1,3
43,613,dnsName.java,M,26,1,0,0.0000,1.0000,0,bwelling,2,0.5000,1.0000,0.0000,1,1
43,614,dnsName.java,M,26,1,0,0.0000,1.0000,0,bwelling,2,0.5000,1.0000,0.0000,1,1
43,615,Name.java,M,36,1,0,0.0000,1.0000,0,bwelling,5,0.2000,1.0000,0.0000,1,4
43,616,Name.java,M,36,1,0,0.0000,1.0000,0,bwelling,5,0.2000,1.0000,0.0000,1,4
44,2,update.java,M,6,3,39,0.9070,0.0698,42,bwelling,3,0.2112,0.3169,0.0000,0,1
44,53,dnsNXTRecord.java,M,10,3,39,0.9070,0.0698,42,bwelling,5,0.5399,1.0000,0.0000,2,1
44,54,NXTRecord.java,M,10,3,39,0.9070,0.0698,42,bwelling,3,0.2880,0.8640,0.0000,1,2
44,132,dnsNXTRecord.java,M,10,2,40,0.9302,0.0465,42,bwelling,5,0.5399,1.0000,0.0000,2,1
44,134,NXTRecord.java,M,10,2,40,0.9302,0.0465,42,bwelling,3,0.2880,0.8640,0.0000,1,2
44,157,SOARecord.java,M,10,2,40,0.9302,0.0465,42,bwelling,0,0.0000,0.0000,0.0000,0,0
44,163,dnsSIGRecord.java,M,12,3,39,0.9070,0.0698,42,bwelling,1,1.0000,1.0000,1.0000,1,0
44,164,SIGRecord.java,M,12,2,40,0.9302,0.0465,42,bwelling,1,0.8640,0.8640,0.8640,1,0
44,254,dnsSOARecord.java,M,10,3,38,0.9268,0.0732,40,bwelling,0,0.0000,0.0000,0.0000,0,0
44,258,SIGRecord.java,M,12,3,38,0.9268,0.0732,40,bwelling,1,0.8640,0.8640,0.8640,1,0
44,259,dnsSIGRecord.java,M,12,3,38,0.9268,0.0732,40,bwelling,1,1.0000,1.0000,1.0000,1,0
44,425,dnsResolver.java,M,6,2,10,0.8333,0.1667,11,bwelling,3,0.6122,1.0000,0.4182,1,0
44,432,dnsResolver.java,M,6,2,10,0.8333,0.1667,11,bwelling,3,0.6122,1.0000,0.4182,1,0
44,433,Resolver.java,M,6,2,10,0.8333,0.1667,11,bwelling,3,0.6122,1.0000,0.4182,1,0
44,434,Resolver.java,M,6,2,10,0.8333,0.1667,11,bwelling,3,0.6122,1.0000,0.4182,1,0
44,435,SimpleResolver.java,M,6,2,10,0.8333,0.1667,11,bwelling,2,0.5000,1.0000,0.0000,1,1
44,436,SimpleResolver.java,M,6,2,10,0.8333,0.1667,11,bwelling,2,0.5000,1.0000,0.0000,1,1
44,437,dnsResolver.java,M,5,2,10,0.8333,0.1667,11,bwelling,5,1.0000,1.0000,1.0000,5,0
44,438,dnsResolver.java,M,5,2,10,0.8333,0.1667,11,bwelling,5,1.0000,1.0000,1.0000,5,0
44,439,dnsResolver.java,M,5,2,10,0.8333,0.1667,11,bwelling,5,1.0000,1.0000,1.0000,5,0
44,440,dnsResolver.java,M,5,2,10,0.8333,0.1667,11,bwelling,5,1.0000,1.0000,1.0000,5,0
44,441,Resolver.java,M,5,2,10,0.8333,0.1667,11,bwelling,5,1.0000,1.0000,1.0000,5,0
44,442,Resolver.java,M,5,2,10,0.8333,0.1667,11,bwelling,5,1.0000,1.0000,1.0000,5,0
44,443,dnsResolver.java,M,5,2,10,0.8333,0.1667,11,bwelling,5,1.0000,1.0000,1.0000,5,0
44,444,Resolver.java,M,5,2,10,0.8333,0.1667,11,bwelling,5,1.0000,1.0000,1.0000,5,0
44,445,SimpleResolver.java,M,5,2,10,0.8333,0.1667,11,bwelling,6,0.3333,1.0000,0.0000,2,4
44,446,SimpleResolver.java,M,5,2,10,0.8333,0.1667,11,bwelling,6,0.3333,1.0000,0.0000,2,4
44,447,Resolver.java,M,5,2,10,0.8333,0.1667,11,bwelling,5,1.0000,1.0000,1.0000,5,0
44,448,SimpleResolver.java,M,5,2,10,0.8333,0.1667,11,bwelling,6,0.3333,1.0000,0.0000,2,4
44,449,SimpleResolver.java,M,7,2,10,0.8333,0.1667,11,bwelling,3,0.0000,0.0000,0.0000,0,3
44,450,SimpleResolver.java,M,5,2,10,0.8333,0.1667,11,bwelling,1,1.0000,1.0000,1.0000,1,0
44,451,Resolver.java,M,5,2,10,0.8333,0.1667,11,bwelling,5,1.0000,1.0000,1.0000,5,0
44,452,dnsResolver.java,M,5,2,10,0.8333,0.1667,11,bwelling,5,1.0000,1.0000,1.0000,5,0
44,453,Resolver.java,M,5,2,10,0.8333,0.1667,11,bwelling,5,1.0000,1.0000,1.0000,5,0
44,454,SimpleResolver.java,M,5,2,10,0.8333,0.1667,11,bwelling,1,1.0000,1.0000,1.0000,1,0
44,468,SRVRecord.java,M,6,1,9,0.8182,0.0909,10,bwelling,7,0.0000,0.0000,0.0000,0,7
44,469,dnsSRVRecord.java,M,7,1,9,0.8182,0.0909,10,bwelling,3,0.3333,1.0000,0.0000,1,2
44,470,SRVRecord.java,M,5,1,9,0.8182,0.0909,10,bwelling,18,0.0290,0.5225,0.0000,1,17
44,473,dnsSRVRecord.java,M,7,1,9,0.8182,0.0909,10,bwelling,3,0.3333,1.0000,0.0000,1,2
44,527,dnsRecord.java,M,26,2,2,0.5000,0.5000,3,bwelling,1,0.3467,0.3467,0.3467,0,0
44,528,Record.java,M,27,3,1,0.2500,0.7500,3,bwelling,4,0.3292,0.6831,0.0000,1,1
44,529,Record.java,M,26,1,2,0.5000,0.2500,3,bwelling,3,0.0000,0.0000,0.0000,0,3
44,530,dnsRecord.java,M,26,2,2,0.5000,0.5000,3,bwelling,5,0.5589,1.0000,0.0000,2,1
44,531,Record.java,M,26,2,2,0.5000,0.5000,3,bwelling,4,0.2388,0.4775,0.0000,0,2
44,532,Record.java,M,27,2,1,0.2500,0.5000,3,bwelling,4,0.1708,0.6831,0.0000,1,3
44,533,dnsRecord.java,M,26,2,1,0.2500,0.5000,3,bwelling,1,0.3467,0.3467,0.3467,0,0
44,613,dnsName.java,M,26,2,0,0.0000,1.0000,1,bwelling,2,0.5000,1.0000,0.0000,1,1
44,614,dnsName.java,M,26,2,0,0.0000,1.0000,1,bwelling,2,0.5000,1.0000,0.0000,1,1
44,615,Name.java,M,36,2,0,0.0000,1.0000,1,bwelling,5,0.2000,1.0000,0.0000,1,4
44,616,Name.java,M,36,2,0,0.0000,1.0000,1,bwelling,5,0.2000,1.0000,0.0000,1,4
44,621,MyStringTokenizer.java,M,45,1,0,0.0000,0.5000,1,bwelling,1,1.0000,1.0000,1.0000,1,0
44,622,MyStringTokenizer.java,M,45,1,0,0.0000,0.5000,1,bwelling,5,0.2000,1.0000,0.0000,1,4
44,623,MyStringTokenizer.java,M,45,1,0,0.0000,0.5000,1,bwelling,5,0.2000,1.0000,0.0000,1,4
44,624,MyStringTokenizer.java,M,45,1,0,0.0000,0.5000,1,bwelling,1,1.0000,1.0000,1.0000,1,0
44,629,MyStringTokenizer.java,M,7,1,0,0.0000,1.0000,0,bwelling,1,1.0000,1.0000,1.0000,1,0
44,630,MyStringTokenizer.java,M,7,1,0,0.0000,1.0000,0,bwelling,1,1.0000,1.0000,1.0000,1,0
44,631,MyStringTokenizer.java,M,7,1,0,0.0000,1.0000,0,bwelling,5,0.2000,1.0000,0.0000,1,4
44,632,MyStringTokenizer.java,M,7,1,0,0.0000,1.0000,0,bwelling,5,0.2000,1.0000,0.0000,1,4
46,621,MyStringTokenizer.java,M,45,2,1,0.2500,0.5000,3,bwelling,1,1.0000,1.0000,1.0000,1,0
46,622,MyStringTokenizer.java,M,45,2,1,0.2500,0.5000,3,bwelling,5,0.2000,1.0000,0.0000,1,4
46,623,MyStringTokenizer.java,M,45,2,1,0.2500,0.5000,3,bwelling,5,0.2000,1.0000,0.0000,1,4
46,624,MyStringTokenizer.java,M,45,2,1,0.2500,0.5000,3,bwelling,1,1.0000,1.0000,1.0000,1,0
47,633,update.java,M,15,1,2,0.5000,0.2500,3,bwelling,3,0.6667,1.0000,0.0000,2,1
47,634,update.java,M,10,1,2,0.5000,0.2500,3,bwelling,9,0.1111,1.0000,0.0000,1,8
47,635,update.java,M,15,1,2,0.5000,0.2500,3,bwelling,3,0.6667,1.0000,0.0000,2,1
47,636,update.java,M,15,1,2,0.5000,0.2500,3,bwelling,3,0.6667,1.0000,0.0000,2,1
47,637,update.java,M,10,1,2,0.5000,0.2500,3,bwelling,9,0.1111,1.0000,0.0000,1,8
48,19,CountedDataInputStream.java,M,6,1,45,0.9574,0.0213,46,bwelling,1,1.0000,1.0000,1.0000,1,0
48,20,CountedDataInputStream.java,M,6,1,45,0.9574,0.0213,46,bwelling,1,1.0000,1.0000,1.0000,1,0
48,21,CountedDataInputStream.java,M,6,1,45,0.9574,0.0213,46,bwelling,1,1.0000,1.0000,1.0000,1,0
48,22,CountedDataInputStream.java,M,6,1,45,0.9574,0.0213,46,bwelling,1,1.0000,1.0000,1.0000,1,0
48,31,dnsHeader.java,M,5,2,44,0.9362,0.0426,46,bwelling,7,0.3497,1.0000,0.0000,2,3
48,32,dnsHeader.java,M,5,2,44,0.9362,0.0426,46,bwelling,7,0.3497,1.0000,0.0000,2,3
48,33,Header.java,M,5,2,44,0.9362,0.0426,46,bwelling,6,0.5000,1.0000,0.0000,3,3
48,34,Header.java,M,5,2,44,0.9362,0.0426,46,bwelling,6,0.5000,1.0000,0.0000,3,3
48,35,dnsHeader.java,M,11,2,44,0.9362,0.0426,46,bwelling,6,0.5746,1.0000,0.0000,3,1
48,36,dnsHeader.java,M,11,2,44,0.9362,0.0426,46,bwelling,6,0.5746,1.0000,0.0000,3,1
48,37,Header.java,M,11,2,44,0.9362,0.0426,46,bwelling,4,0.2877,0.3034,0.2734,0,0
48,38,Header.java,M,5,2,44,0.9362,0.0426,46,bwelling,6,0.1261,0.7565,0.0000,1,5
48,87,dnsMessage.java,M,11,4,42,0.8936,0.0851,46,bwelling,4,0.2766,0.8784,0.0000,1,2
48,88,Message.java,M,5,2,43,0.9149,0.0426,46,bwelling,0,0.0000,0.0000,0.0000,0,0
48,99,dnsName.java,M,28,2,44,0.9362,0.0426,46,bwelling,3,0.4624,1.0000,0.0000,1,1
48,100,dnsName.java,M,28,2,44,0.9362,0.0426,46,bwelling,3,0.4624,1.0000,0.0000,1,1
48,101,Name.java,M,29,2,44,0.9362,0.0426,46,bwelling,5,0.4757,1.0000,0.0000,3,2
48,102,Name.java,M,29,2,44,0.9362,0.0426,46,bwelling,5,0.4757,1.0000,0.0000,3,2
48,115,dnsName.java,M,7,3,43,0.9149,0.0638,46,bwelling,1,1.0000,1.0000,1.0000,1,0
48,116,Name.java,M,7,3,43,0.9149,0.0638,46,bwelling,7,0.3084,1.0000,0.0000,1,2
48,118,dnsName.java,M,7,3,43,0.9149,0.0638,46,bwelling,1,1.0000,1.0000,1.0000,1,0
48,229,dnsSOARecord.java,M,21,1,45,0.9574,0.0213,46,bwelling,3,0.3333,1.0000,0.0000,1,2
48,230,SOARecord.java,M,21,1,45,0.9574,0.0213,46,bwelling,1,0.0000,0.0000,0.0000,0,1
48,231,dnsSOARecord.java,M,21,1,45,0.9574,0.0213,46,bwelling,3,0.3333,1.0000,0.0000,1,2
48,232,SOARecord.java,M,6,1,45,0.9574,0.0213,46,bwelling,7,0.1578,0.5523,0.0000,2,5
48,233,dnsTSIGRecord.java,M,22,4,42,0.8936,0.0851,46,bwelling,3,0.3333,1.0000,0.0000,1,2
48,234,TSIGRecord.java,M,22,4,42,0.8936,0.0851,46,bwelling,1,1.0000,1.0000,1.0000,1,0
48,235,dnsTSIGRecord.java,M,22,4,42,0.8936,0.0851,46,bwelling,3,0.3333,1.0000,0.0000,1,2
48,236,TSIGRecord.java,M,22,4,42,0.8936,0.0851,46,bwelling,1,1.0000,1.0000,1.0000,1,0
48,283,Message.java,M,5,3,39,0.9286,0.0714,41,bwelling,5,0.3599,0.8345,0.0000,1,1
48,335,dnsTSIG.java,M,29,6,25,0.8065,0.1935,30,bwelling,1,1.0000,1.0000,1.0000,1,0
48,336,TSIG.java,M,34,6,25,0.8065,0.1935,30,bwelling,1,1.0000,1.0000,1.0000,1,0
48,337,dnsTSIG.java,M,29,6,25,0.8065,0.1935,30,bwelling,1,1.0000,1.0000,1.0000,1,0
48,338,TSIG.java,M,34,6,25,0.8065,0.1935,30,bwelling,1,1.0000,1.0000,1.0000,1,0
48,341,dnsHeader.java,M,8,3,26,0.8966,0.1034,28,bwelling,17,0.8225,1.0000,0.5523,17,0
48,342,Header.java,M,5,3,26,0.8966,0.1034,28,bwelling,9,0.4563,1.0000,0.0000,5,3
48,343,Message.java,M,5,4,25,0.8621,0.1379,28,bwelling,5,0.4141,0.8345,0.0000,1,1
48,344,Header.java,M,5,3,26,0.8966,0.1034,28,bwelling,4,0.3145,0.3615,0.2612,0,0
48,345,dnsMessage.java,M,8,4,25,0.8621,0.1379,28,bwelling,17,0.8225,1.0000,0.5523,17,0
48,346,dnsHeader.java,M,8,3,26,0.8966,0.1034,28,bwelling,17,0.8225,1.0000,0.5523,17,0
48,347,dnsMessage.java,M,8,4,25,0.8621,0.1379,28,bwelling,17,0.8225,1.0000,0.5523,17,0
48,348,Message.java,M,5,4,25,0.8621,0.1379,28,bwelling,3,0.0000,0.0000,0.0000,0,3
48,349,dnsTSIG.java,M,56,4,25,0.8621,0.1379,28,bwelling,5,0.2000,1.0000,0.0000,1,4
48,350,TSIG.java,M,49,4,25,0.8621,0.1379,28,bwelling,1,1.0000,1.0000,1.0000,1,0
48,351,dnsTSIG.java,M,56,4,25,0.8621,0.1379,28,bwelling,5,0.2000,1.0000,0.0000,1,4
48,352,TSIG.java,M,49,4,25,0.8621,0.1379,28,bwelling,1,1.0000,1.0000,1.0000,1,0
48,365,dnsTSIG.java,M,36,3,23,0.8519,0.1111,26,bwelling,5,0.3031,1.0000,0.0000,1,2
48,366,TSIG.java,M,35,3,23,0.8519,0.1111,26,bwelling,1,1.0000,1.0000,1.0000,1,0
48,367,dnsTSIG.java,M,36,3,23,0.8519,0.1111,26,bwelling,5,0.3031,1.0000,0.0000,1,2
48,368,TSIG.java,M,35,3,23,0.8519,0.1111,26,bwelling,1,1.0000,1.0000,1.0000,1,0
48,373,dnsTSIG.java,M,9,3,20,0.8696,0.1304,22,bwelling,5,0.4671,0.8224,0.0000,3,2
48,374,dnsTSIG.java,M,9,4,19,0.8261,0.1739,22,bwelling,5,0.4133,0.8224,0.0000,3,2
48,375,TSIG.java,M,7,3,20,0.8696,0.1304,22,bwelling,5,0.4069,0.8224,0.2674,1,0
48,376,TSIG.java,M,7,4,19,0.8261,0.1739,22,bwelling,5,0.3673,0.8224,0.2285,1,0
48,377,dnsTSIG.java,M,9,3,20,0.8696,0.1304,22,bwelling,3,0.4524,0.8224,0.2674,1,0
48,378,dnsTSIG.java,M,9,4,19,0.8261,0.1739,22,bwelling,3,0.4264,0.8224,0.2285,1,0
48,379,TSIG.java,M,9,3,20,0.8696,0.1304,22,bwelling,6,0.1261,0.7565,0.0000,1,5
48,380,TSIG.java,M,7,4,19,0.8261,0.1739,22,bwelling,2,0.0000,0.0000,0.0000,0,2
48,487,dnsHINFORecord.java,M,8,2,6,0.7500,0.2500,7,bwelling,17,0.8420,1.0000,0.5523,17,0
48,488,dnsHINFORecord.java,M,8,2,6,0.7500,0.2500,7,bwelling,17,0.8420,1.0000,0.5523,17,0
48,489,HINFORecord.java,M,5,2,6,0.7500,0.2500,7,bwelling,6,0.3731,0.4477,0.0000,0,1
48,490,HINFORecord.java,M,5,2,6,0.7500,0.2500,7,bwelling,2,0.5523,0.5523,0.5523,2,0
48,503,dnsKEYRecord.java,M,8,1,6,0.7500,0.1250,7,bwelling,17,0.7893,1.0000,0.5523,17,0
48,504,KEYRecord.java,M,7,1,6,0.7500,0.1250,7,bwelling,6,0.1841,0.5523,0.0000,2,4
48,505,KEYRecord.java,M,10,1,6,0.7500,0.1250,7,bwelling,3,0.0000,0.0000,0.0000,0,3
48,506,SRVRecord.java,M,7,1,6,0.7500,0.1250,7,bwelling,0,0.0000,0.0000,0.0000,0,0
48,507,dnsSRVRecord.java,M,8,1,6,0.7500,0.1250,7,bwelling,17,0.7893,1.0000,0.5523,17,0
48,508,dnsKEYRecord.java,M,8,1,6,0.7500,0.1250,7,bwelling,17,0.7893,1.0000,0.5523,17,0
48,509,SRVRecord.java,M,6,1,6,0.7500,0.1250,7,bwelling,6,0.3508,1.0000,0.0000,3,3
48,510,dnsSRVRecord.java,M,8,1,6,0.7500,0.1250,7,bwelling,17,0.7893,1.0000,0.5523,17,0
48,511,dnsSOARecord.java,M,8,2,6,0.7500,0.2500,7,bwelling,17,0.8420,1.0000,0.5523,17,0
48,512,SOARecord.java,M,11,2,6,0.7500,0.2500,7,bwelling,0,0.0000,0.0000,0.0000,0,0
48,513,MXRecord.java,M,5,1,6,0.7500,0.1250,7,bwelling,2,0.7762,1.0000,0.5523,2,0
48,514,SOARecord.java,M,13,2,6,0.7500,0.2500,7,bwelling,9,0.5439,1.0000,0.0000,4,3
48,515,MXRecord.java,M,5,1,6,0.7500,0.1250,7,bwelling,2,0.7762,1.0000,0.5523,2,0
48,516,dnsMXRecord.java,M,8,1,6,0.7500,0.1250,7,bwelling,17,0.7893,1.0000,0.5523,17,0
48,517,dnsMXRecord.java,M,8,1,6,0.7500,0.1250,7,bwelling,17,0.7893,1.0000,0.5523,17,0
48,518,dnsSOARecord.java,M,8,2,6,0.7500,0.2500,7,bwelling,17,0.8420,1.0000,0.5523,17,0
48,523,dnsNXTRecord.java,M,14,1,6,0.7500,0.1250,7,bwelling,3,0.3333,1.0000,0.0000,1,2
48,524,NXTRecord.java,M,12,1,6,0.7500,0.1250,7,bwelling,9,0.3450,1.0000,0.0000,4,5
48,525,dnsNXTRecord.java,M,14,1,6,0.7500,0.1250,7,bwelling,3,0.3333,1.0000,0.0000,1,2
48,526,NXTRecord.java,M,12,1,6,0.7500,0.1250,7,bwelling,9,0.3450,1.0000,0.0000,4,5
48,535,dnsRecord.java,M,13,2,6,0.7500,0.2500,7,bwelling,4,0.1381,0.5523,0.0000,1,3
48,536,Record.java,M,13,1,6,0.7500,0.1250,7,bwelling,1,0.5523,0.5523,0.5523,1,0
48,537,Record.java,M,13,2,6,0.7500,0.2500,7,bwelling,1,0.5523,0.5523,0.5523,1,0
48,538,Record.java,M,13,2,6,0.7500,0.2500,7,bwelling,6,0.2587,1.0000,0.0000,2,4
48,540,dnsRecord.java,M,13,1,6,0.7500,0.1250,7,bwelling,4,0.1381,0.5523,0.0000,1,3
48,541,dnsRecord.java,M,13,1,6,0.7500,0.1250,7,bwelling,4,0.0000,0.0000,0.0000,0,4
48,542,dnsRecord.java,M,13,2,6,0.7500,0.2500,7,bwelling,6,0.2587,1.0000,0.0000,2,4
48,555,dnsTSIGRecord.java,M,21,2,6,0.7500,0.2500,7,bwelling,1,1.0000,1.0000,1.0000,1,0
48,556,TSIGRecord.java,M,19,2,6,0.7500,0.2500,7,bwelling,0,0.0000,0.0000,0.0000,0,0
48,557,dnsTSIGRecord.java,M,21,2,6,0.7500,0.2500,7,bwelling,1,1.0000,1.0000,1.0000,1,0
48,558,TSIGRecord.java,M,21,2,6,0.7500,0.2500,7,bwelling,2,0.0000,0.0000,0.0000,0,2
48,559,dnsTXTRecord.java,M,11,1,6,0.7500,0.1250,7,bwelling,1,1.0000,1.0000,1.0000,1,0
48,560,dnsTXTRecord.java,M,11,1,6,0.7500,0.1250,7,bwelling,1,1.0000,1.0000,1.0000,1,0
48,561,TXTRecord.java,M,5,1,6,0.7500,0.1250,7,bwelling,3,0.0000,0.0000,0.0000,0,3
48,562,TXTRecord.java,M,9,1,6,0.7500,0.1250,7,bwelling,0,0.0000,0.0000,0.0000,0,0
48,587,CERTRecord.java,M,6,1,5,0.7143,0.1429,6,bwelling,6,0.5000,1.0000,0.0000,3,3
48,588,dnsCERTRecord.java,M,8,1,5,0.7143,0.1429,6,bwelling,17,1.0000,1.0000,1.0000,17,0
48,589,CERTRecord.java,M,7,1,5,0.7143,0.1429,6,bwelling,7,0.0000,0.0000,0.0000,0,7
48,590,dnsCERTRecord.java,M,8,1,5,0.7143,0.1429,6,bwelling,17,1.0000,1.0000,1.0000,17,0
48,591,dnsNS_CNAME_PTRRecord.java,M,8,1,5,0.7143,0.1429,6,bwelling,17,1.0000,1.0000,1.0000,17,0
48,592,NS_CNAME_PTRRecord.java,M,7,1,5,0.7143,0.1429,6,bwelling,9,0.4444,1.0000,0.0000,4,5
48,593,NS_CNAME_PTRRecord.java,M,7,1,5,0.7143,0.1429,6,bwelling,9,0.4444,1.0000,0.0000,4,5
48,594,dnsNS_CNAME_PTRRecord.java,M,8,1,5,0.7143,0.1429,6,bwelling,17,1.0000,1.0000,1.0000,17,0
48,642,dnsName.java,M,18,1,0,0.0000,1.0000,0,bwelling,2,0.5000,1.0000,0.0000,1,1
48,643,Name.java,M,18,1,0,0.0000,1.0000,0,bwelling,3,0.3333,1.0000,0.0000,1,2
48,644,dnsName.java,M,18,1,0,0.0000,1.0000,0,bwelling,2,0.5000,1.0000,0.0000,1,1
48,645,Name.java,M,18,1,0,0.0000,1.0000,0,bwelling,3,0.3333,1.0000,0.0000,1,2
48,650,dnsNS_CNAME_PTRRecord.java,M,5,1,0,0.0000,1.0000,0,bwelling,6,0.5000,1.0000,0.0000,3,3
48,651,dnsNS_CNAME_PTRRecord.java,M,5,1,0,0.0000,1.0000,0,bwelling,6,0.5000,1.0000,0.0000,3,3
48,652,NS_CNAME_PTRRecord.java,M,5,1,0,0.0000,1.0000,0,bwelling,0,0.0000,0.0000,0.0000,0,0
48,653,NS_CNAME_PTRRecord.java,M,6,1,0,0.0000,1.0000,0,bwelling,9,0.4444,1.0000,0.0000,4,5
48,654,dnsUNKRecord.java,M,6,1,0,0.0000,1.0000,0,bwelling,2,0.5000,1.0000,0.0000,1,1
48,655,dnsUNKRecord.java,M,6,1,0,0.0000,1.0000,0,bwelling,2,0.5000,1.0000,0.0000,1,1
48,656,UNKRecord.java,M,9,1,0,0.0000,1.0000,0,bwelling,1,1.0000,1.0000,1.0000,1,0
48,657,UNKRecord.java,M,9,1,0,0.0000,1.0000,0,bwelling,1,1.0000,1.0000,1.0000,1,0
49,633,update.java,M,15,2,3,0.5000,0.3333,5,bwelling,5,0.4000,1.0000,0.0000,2,3
49,634,update.java,M,10,2,3,0.5000,0.3333,5,bwelling,9,0.1111,1.0000,0.0000,1,8
49,635,update.java,M,15,2,3,0.5000,0.3333,5,bwelling,5,0.4000,1.0000,0.0000,2,3
49,636,update.java,M,15,2,3,0.5000,0.3333,5,bwelling,5,0.4000,1.0000,0.0000,2,3
49,637,update.java,M,10,2,3,0.5000,0.3333,5,bwelling,9,0.1111,1.0000,0.0000,1,8
51,2,update.java,M,6,4,45,0.9000,0.0800,49,bwelling,3,0.1480,0.2219,0.0000,0,1
51,633,update.java,M,15,3,4,0.5000,0.3750,7,bwelling,5,0.4000,1.0000,0.0000,2,3
51,634,update.java,M,10,3,4,0.5000,0.3750,7,bwelling,9,0.0718,0.6465,0.0000,1,8
51,635,update.java,M,15,3,4,0.5000,0.3750,7,bwelling,5,0.4000,1.0000,0.0000,2,3
51,636,update.java,M,15,3,4,0.5000,0.3750,7,bwelling,5,0.4000,1.0000,0.0000,2,3
52,241,dnsTXTRecord.java,M,13,3,47,0.9216,0.0588,50,bwelling,3,0.3333,1.0000,0.0000,1,2
52,242,TXTRecord.java,M,5,3,47,0.9216,0.0588,50,bwelling,4,0.2442,0.2740,0.1982,0,1
52,243,TXTRecord.java,M,5,3,47,0.9216,0.0588,50,bwelling,18,0.1767,0.4182,0.0000,0,8
52,244,dnsTXTRecord.java,M,13,3,47,0.9216,0.0588,50,bwelling,3,0.3333,1.0000,0.0000,1,2
52,633,update.java,M,15,4,4,0.4444,0.4444,8,bwelling,5,0.2932,0.7330,0.0000,2,3
53,633,update.java,M,15,5,4,0.4000,0.5000,9,bwelling,5,0.3162,0.7906,0.0000,2,3
53,634,update.java,M,10,4,5,0.5000,0.4000,9,bwelling,9,0.0826,0.7430,0.0000,1,8
53,635,update.java,M,15,4,5,0.5000,0.4000,9,bwelling,5,0.3581,1.0000,0.0000,2,3
53,636,update.java,M,15,4,5,0.5000,0.4000,9,bwelling,5,0.3581,1.0000,0.0000,2,3
53,637,update.java,M,10,3,6,0.6000,0.3000,9,bwelling,9,0.0826,0.7430,0.0000,1,8
53,666,dnsMessage.java,M,7,1,0,0.0000,0.5000,1,bwelling,4,0.2500,1.0000,0.0000,1,3
53,667,Message.java,M,11,1,0,0.0000,0.5000,1,bwelling,3,0.3333,1.0000,0.0000,1,2
53,668,Message.java,M,11,1,0,0.0000,0.5000,1,bwelling,3,0.3333,1.0000,0.0000,1,2
53,669,dnsMessage.java,M,7,1,0,0.0000,0.5000,1,bwelling,4,0.2500,1.0000,0.0000,1,3
54,612,dns.java,M,10,2,10,0.8333,0.1667,11,bwelling,6,0.0697,0.4182,0.0000,0,5
55,25,dns.java,M,8,2,48,0.8889,0.0370,53,bwelling,7,0.0000,0.0000,0.0000,0,7
55,26,dns.java,M,10,2,48,0.8889,0.0370,53,bwelling,9,0.0000,0.0000,0.0000,0,9
55,611,dns.java,M,10,2,11,0.8462,0.1538,12,bwelling,6,0.4394,1.0000,0.0000,3,3
55,612,dns.java,M,10,3,10,0.7692,0.2308,12,bwelling,6,0.2752,0.6363,0.0000,3,3
55,670,dns.java,M,10,1,0,0.0000,0.5000,1,bwelling,6,0.4179,1.0000,0.0000,3,3
55,671,dns.java,M,10,1,1,0.5000,0.5000,1,bwelling,4,0.2500,1.0000,0.0000,1,3
55,672,dns.java,M,10,1,1,0.5000,0.5000,1,bwelling,4,0.2500,1.0000,0.0000,1,3
55,673,dns.java,M,10,1,0,0.0000,0.5000,1,bwelling,6,0.4179,1.0000,0.0000,3,3
55,674,dns.java,M,83,1,0,0.0000,1.0000,0,bwelling,3,0.3333,1.0000,0.0000,1,2
55,675,dns.java,M,83,1,0,0.0000,1.0000,0,bwelling,3,0.3333,1.0000,0.0000,1,2
57,642,dnsName.java,M,18,2,8,0.8000,0.2000,9,bwelling,2,0.5000,1.0000,0.0000,1,1
57,643,Name.java,M,18,2,8,0.8000,0.2000,9,bwelling,3,0.3333,1.0000,0.0000,1,2
57,644,dnsName.java,M,18,2,8,0.8000,0.2000,9,bwelling,2,0.5000,1.0000,0.0000,1,1
57,645,Name.java,M,18,2,8,0.8000,0.2000,9,bwelling,3,0.3333,1.0000,0.0000,1,2
58,229,dnsSOARecord.java,M,21,2,54,0.9474,0.0351,56,bwelling,3,0.3333,1.0000,0.0000,1,2
58,230,SOARecord.java,M,21,2,54,0.9474,0.0351,56,bwelling,1,0.0000,0.0000,0.0000,0,1
58,231,dnsSOARecord.java,M,21,2,54,0.9474,0.0351,56,bwelling,3,0.3333,1.0000,0.0000,1,2
58,232,SOARecord.java,M,6,2,54,0.9474,0.0351,56,bwelling,7,0.0904,0.3164,0.0000,0,5
61,229,dnsSOARecord.java,M,21,3,56,0.9333,0.0500,59,bwelling,3,0.3333,1.0000,0.0000,1,2
61,230,SOARecord.java,M,21,3,56,0.9333,0.0500,59,bwelling,3,0.0000,0.0000,0.0000,0,3
61,231,dnsSOARecord.java,M,21,3,56,0.9333,0.0500,59,bwelling,3,0.3333,1.0000,0.0000,1,2
61,232,SOARecord.java,M,6,3,56,0.9333,0.0500,59,bwelling,7,0.0616,0.2156,0.0000,0,5
63,426,Resolver.java,M,6,2,29,0.9355,0.0645,30,bwelling,3,0.4708,1.0000,0.2062,1,0
63,427,dnsResolver.java,M,6,2,29,0.9355,0.0645,30,bwelling,3,0.4708,1.0000,0.2062,1,0
63,428,dnsResolver.java,M,6,2,29,0.9355,0.0645,30,bwelling,3,0.4708,1.0000,0.2062,1,0
63,429,SimpleResolver.java,M,13,2,29,0.9355,0.0645,30,bwelling,6,0.0000,0.0000,0.0000,0,6
63,430,Resolver.java,M,6,2,29,0.9355,0.0645,30,bwelling,3,0.4708,1.0000,0.2062,1,0
63,431,SimpleResolver.java,M,7,2,29,0.9355,0.0645,30,bwelling,2,0.0000,0.0000,0.0000,0,2
63,437,dnsResolver.java,M,5,3,28,0.9032,0.0968,30,bwelling,5,0.7972,1.0000,0.4929,3,0
63,438,dnsResolver.java,M,5,3,28,0.9032,0.0968,30,bwelling,5,0.7972,1.0000,0.4929,3,0
63,442,Resolver.java,M,5,3,28,0.9032,0.0968,30,bwelling,5,0.7972,1.0000,0.4929,3,0
63,443,dnsResolver.java,M,5,3,28,0.9032,0.0968,30,bwelling,5,0.7972,1.0000,0.4929,3,0
63,444,Resolver.java,M,5,3,28,0.9032,0.0968,30,bwelling,5,0.7972,1.0000,0.4929,3,0
63,446,SimpleResolver.java,M,5,3,28,0.9032,0.0968,30,bwelling,7,0.1408,0.4929,0.0000,0,5
63,449,SimpleResolver.java,M,7,3,28,0.9032,0.0968,30,bwelling,3,0.0000,0.0000,0.0000,0,3
63,450,SimpleResolver.java,M,5,3,28,0.9032,0.0968,30,bwelling,1,1.0000,1.0000,1.0000,1,0
63,451,Resolver.java,M,5,3,28,0.9032,0.0968,30,bwelling,5,0.7972,1.0000,0.4929,3,0
63,452,dnsResolver.java,M,5,3,28,0.9032,0.0968,30,bwelling,5,0.7972,1.0000,0.4929,3,0
63,453,Resolver.java,M,5,3,28,0.9032,0.0968,30,bwelling,5,0.7972,1.0000,0.4929,3,0
63,454,SimpleResolver.java,M,5,3,28,0.9032,0.0968,30,bwelling,1,1.0000,1.0000,1.0000,1,0
65,702,dnsServer.java,M,33,1,4,0.6667,0.1667,5,bwelling,2,0.5000,1.0000,0.0000,1,1
65,703,jnamed.java,M,33,1,4,0.6667,0.1667,5,bwelling,2,0.5000,1.0000,0.0000,1,1
65,704,dnsServer.java,M,28,1,4,0.6667,0.1667,5,bwelling,1,1.0000,1.0000,1.0000,1,0
65,705,jnamed.java,M,28,1,4,0.6667,0.1667,5,bwelling,1,1.0000,1.0000,1.0000,1,0
65,708,dnsServer.java,M,10,1,0,0.0000,1.0000,0,bwelling,3,0.0000,0.0000,0.0000,0,3
65,710,jnamed.java,M,11,1,0,0.0000,1.0000,0,bwelling,9,0.0000,0.0000,0.0000,0,9
69,25,dns.java,M,8,3,61,0.8971,0.0441,67,bwelling,7,0.0000,0.0000,0.0000,0,7
69,26,dns.java,M,10,3,61,0.8971,0.0441,67,bwelling,9,0.0000,0.0000,0.0000,0,9
69,670,dns.java,M,10,2,13,0.8125,0.1250,15,bwelling,6,0.1799,0.3965,0.0000,0,3
69,674,dns.java,M,83,2,13,0.8667,0.1333,14,bwelling,3,0.3333,1.0000,0.0000,1,2
69,675,dns.java,M,83,2,13,0.8667,0.1333,14,bwelling,3,0.3333,1.0000,0.0000,1,2
71,716,dns.java,M,43,1,1,0.3333,0.3333,2,bwelling,4,0.2500,1.0000,0.0000,1,3
71,717,dns.java,M,43,1,1,0.3333,0.3333,2,bwelling,4,0.2500,1.0000,0.0000,1,3
72,199,dnsResolver.java,M,71,9,61,0.8592,0.1268,70,bwelling,1,1.0000,1.0000,1.0000,1,0
72,200,Resolver.java,M,71,9,61,0.8592,0.1268,70,bwelling,1,1.0000,1.0000,1.0000,1,0
72,201,SimpleResolver.java,M,79,9,61,0.8592,0.1268,70,bwelling,1,1.0000,1.0000,1.0000,1,0
72,202,SimpleResolver.java,M,79,9,61,0.8592,0.1268,70,bwelling,1,1.0000,1.0000,1.0000,1,0
72,203,Resolver.java,M,71,9,61,0.8592,0.1268,70,bwelling,1,1.0000,1.0000,1.0000,1,0
72,204,dnsResolver.java,M,71,9,61,0.8592,0.1268,70,bwelling,1,1.0000,1.0000,1.0000,1,0
72,662,dnsMessage.java,M,17,1,19,0.9048,0.0476,20,bwelling,7,0.1429,1.0000,0.0000,1,6
72,663,dnsMessage.java,M,17,1,19,0.9048,0.0476,20,bwelling,7,0.1429,1.0000,0.0000,1,6
72,664,Message.java,M,16,1,19,0.9048,0.0476,20,bwelling,5,0.2000,1.0000,0.0000,1,4
72,665,Message.java,M,16,1,19,0.9048,0.0476,20,bwelling,5,0.2000,1.0000,0.0000,1,4
72,700,dnsServer.java,M,31,1,11,0.8462,0.0769,12,bwelling,2,0.5000,1.0000,0.0000,1,1
72,701,jnamed.java,M,31,1,11,0.8462,0.0769,12,bwelling,2,0.5000,1.0000,0.0000,1,1
72,716,dns.java,M,43,2,1,0.2500,0.5000,3,bwelling,4,0.2500,1.0000,0.0000,1,3
72,717,dns.java,M,43,2,1,0.2500,0.5000,3,bwelling,4,0.2500,1.0000,0.0000,1,3
73,700,dnsServer.java,M,31,2,11,0.7857,0.1429,13,bwelling,2,0.5000,1.0000,0.0000,1,1
73,701,jnamed.java,M,31,2,11,0.7857,0.1429,13,bwelling,2,0.5000,1.0000,0.0000,1,1
74,103,dnsName.java,M,5,3,69,0.9452,0.0411,72,bwelling,1,1.0000,1.0000,1.0000,1,0
74,104,Name.java,M,6,3,69,0.9452,0.0411,72,bwelling,5,0.2609,1.0000,0.0000,1,4
74,105,dnsName.java,M,5,3,69,0.9452,0.0411,72,bwelling,1,1.0000,1.0000,1.0000,1,0
74,106,Name.java,M,6,3,69,0.9452,0.0411,72,bwelling,5,0.2609,1.0000,0.0000,1,4
76,527,dnsRecord.java,M,26,3,33,0.9167,0.0833,35,bwelling,1,0.6571,0.6571,0.6571,1,0
76,531,Record.java,M,26,3,33,0.9167,0.0833,35,bwelling,3,0.1346,0.2019,0.0000,0,1
82,437,dnsResolver.java,M,5,4,46,0.9200,0.0800,49,bwelling,5,0.8931,1.0000,0.7326,5,0
82,438,dnsResolver.java,M,5,4,46,0.9200,0.0800,49,bwelling,5,0.8931,1.0000,0.7326,5,0
82,439,dnsResolver.java,M,5,3,47,0.9400,0.0600,49,bwelling,5,0.7861,1.0000,0.7326,5,0
82,440,dnsResolver.java,M,5,3,47,0.9400,0.0600,49,bwelling,5,0.7861,1.0000,0.7326,5,0
82,441,Resolver.java,M,5,3,47,0.9400,0.0600,49,bwelling,5,0.7861,1.0000,0.7326,5,0
82,442,Resolver.java,M,5,4,46,0.9200,0.0800,49,bwelling,5,0.8931,1.0000,0.7326,5,0
82,443,dnsResolver.java,M,5,4,46,0.9200,0.0800,49,bwelling,5,0.8931,1.0000,0.7326,5,0
82,444,Resolver.java,M,5,4,46,0.9200,0.0800,49,bwelling,5,0.8931,1.0000,0.7326,5,0
82,445,SimpleResolver.java,M,5,3,47,0.9400,0.0600,49,bwelling,7,0.2475,1.0000,0.0000,2,5
82,446,SimpleResolver.java,M,5,4,46,0.9200,0.0800,49,bwelling,7,0.2093,0.7326,0.0000,2,5
82,447,Resolver.java,M,5,3,47,0.9400,0.0600,49,bwelling,5,0.7861,1.0000,0.7326,5,0
82,448,SimpleResolver.java,M,5,3,47,0.9400,0.0600,49,bwelling,7,0.2475,1.0000,0.0000,2,5
82,449,SimpleResolver.java,M,7,4,46,0.9200,0.0800,49,bwelling,3,0.0000,0.0000,0.0000,0,3
82,450,SimpleResolver.java,M,5,4,46,0.9200,0.0800,49,bwelling,1,1.0000,1.0000,1.0000,1,0
82,451,Resolver.java,M,5,4,46,0.9200,0.0800,49,bwelling,5,0.8931,1.0000,0.7326,5,0
82,452,dnsResolver.java,M,5,4,46,0.9200,0.0800,49,bwelling,5,0.8931,1.0000,0.7326,5,0
82,453,Resolver.java,M,5,4,46,0.9200,0.0800,49,bwelling,5,0.8931,1.0000,0.7326,5,0
82,454,SimpleResolver.java,M,5,4,46,0.9200,0.0800,49,bwelling,1,1.0000,1.0000,1.0000,1,0
82,674,dns.java,M,83,3,25,0.8929,0.1071,27,bwelling,3,0.3333,1.0000,0.0000,1,2
82,675,dns.java,M,83,3,25,0.8929,0.1071,27,bwelling,3,0.3333,1.0000,0.0000,1,2
87,54,NXTRecord.java,M,10,4,81,0.9419,0.0465,85,bwelling,1,0.9485,0.9485,0.9485,1,0
87,80,Message.java,M,5,2,83,0.9651,0.0233,85,bwelling,3,0.3924,0.9006,0.1322,1,2
87,82,Message.java,M,5,3,82,0.9535,0.0349,85,bwelling,3,0.3924,0.9006,0.1322,1,2
87,84,Message.java,M,12,2,83,0.9651,0.0233,85,bwelling,0,0.0000,0.0000,0.0000,0,0
87,85,Message.java,M,7,2,83,0.9651,0.0233,85,bwelling,6,0.1491,0.6824,0.0000,1,4
87,88,Message.java,M,5,3,81,0.9419,0.0349,85,bwelling,0,0.0000,0.0000,0.0000,0,0
87,101,Name.java,M,29,3,82,0.9535,0.0349,85,bwelling,3,0.3333,1.0000,0.0000,1,2
87,102,Name.java,M,29,3,82,0.9535,0.0349,85,bwelling,3,0.3333,1.0000,0.0000,1,2
87,120,Name.java,M,8,1,83,0.9651,0.0116,85,bwelling,1,0.4770,0.4770,0.4770,0,0
87,121,Name.java,M,8,1,83,0.9651,0.0116,85,bwelling,0,0.0000,0.0000,0.0000,0,0
87,124,NXTRecord.java,M,5,2,83,0.9651,0.0233,85,bwelling,8,0.2472,0.8197,0.0000,2,5
87,126,NXTRecord.java,M,5,2,83,0.9651,0.0233,85,bwelling,7,0.1854,0.5046,0.0000,1,4
87,128,NXTRecord.java,M,12,3,82,0.9535,0.0349,85,bwelling,1,1.0000,1.0000,1.0000,1,0
87,129,NXTRecord.java,M,12,3,82,0.9535,0.0349,85,bwelling,1,1.0000,1.0000,1.0000,1,0
87,134,NXTRecord.java,M,10,3,82,0.9535,0.0349,85,bwelling,1,0.9485,0.9485,0.9485,1,0
87,157,SOARecord.java,M,10,3,82,0.9535,0.0349,85,bwelling,0,0.0000,0.0000,0.0000,0,0
87,164,SIGRecord.java,M,12,3,82,0.9535,0.0349,85,bwelling,1,0.9485,0.9485,0.9485,1,0
87,166,Record.java,M,20,2,83,0.9651,0.0233,85,bwelling,1,1.0000,1.0000,1.0000,1,0
87,168,Record.java,M,20,2,83,0.9651,0.0233,85,bwelling,1,1.0000,1.0000,1.0000,1,0
87,180,Resolver.java,M,8,2,74,0.8605,0.0233,85,bwelling,3,0.2672,0.8015,0.0000,1,2
87,183,Resolver.java,M,8,5,71,0.8256,0.0581,85,bwelling,3,0.2672,0.8015,0.0000,1,2
87,184,SimpleResolver.java,M,8,5,71,0.8256,0.0581,85,bwelling,0,0.0000,0.0000,0.0000,0,0
87,188,SimpleResolver.java,M,34,6,79,0.9186,0.0698,85,bwelling,1,1.0000,1.0000,1.0000,1,0
87,189,Resolver.java,M,34,6,79,0.9186,0.0698,85,bwelling,1,1.0000,1.0000,1.0000,1,0
87,190,SimpleResolver.java,M,34,6,79,0.9186,0.0698,85,bwelling,1,1.0000,1.0000,1.0000,1,0
87,192,Resolver.java,M,34,6,79,0.9186,0.0698,85,bwelling,1,1.0000,1.0000,1.0000,1,0
87,200,Resolver.java,M,71,10,75,0.8721,0.1163,85,bwelling,1,1.0000,1.0000,1.0000,1,0
87,201,SimpleResolver.java,M,79,10,75,0.8721,0.1163,85,bwelling,1,1.0000,1.0000,1.0000,1,0
87,202,SimpleResolver.java,M,79,10,75,0.8721,0.1163,85,bwelling,1,1.0000,1.0000,1.0000,1,0
87,203,Resolver.java,M,71,10,75,0.8721,0.1163,85,bwelling,1,1.0000,1.0000,1.0000,1,0
87,220,SIGRecord.java,M,15,3,82,0.9535,0.0349,85,bwelling,2,0.0000,0.0000,0.0000,0,2
87,226,SOARecord.java,M,11,2,83,0.9651,0.0233,85,bwelling,2,0.0000,0.0000,0.0000,0,2
87,228,SOARecord.java,M,12,2,83,0.9651,0.0233,85,bwelling,1,0.0000,0.0000,0.0000,0,1
87,234,TSIGRecord.java,M,22,5,80,0.9302,0.0581,85,bwelling,1,1.0000,1.0000,1.0000,1,0
87,236,TSIGRecord.java,M,22,5,80,0.9302,0.0581,85,bwelling,1,1.0000,1.0000,1.0000,1,0
87,258,SIGRecord.java,M,12,4,80,0.9524,0.0476,83,bwelling,1,0.9485,0.9485,0.9485,1,0
87,283,Message.java,M,5,4,77,0.9506,0.0494,80,bwelling,6,0.1770,0.6824,0.0000,1,4
87,314,SimpleResolver.java,M,48,6,68,0.9189,0.0811,73,bwelling,1,1.0000,1.0000,1.0000,1,0
87,315,Resolver.java,M,42,6,68,0.9189,0.0811,73,bwelling,1,1.0000,1.0000,1.0000,1,0
87,317,Resolver.java,M,42,6,68,0.9189,0.0811,73,bwelling,1,1.0000,1.0000,1.0000,1,0
87,318,SimpleResolver.java,M,48,6,68,0.9189,0.0811,73,bwelling,1,1.0000,1.0000,1.0000,1,0
87,336,TSIG.java,M,34,7,63,0.9000,0.1000,69,bwelling,1,1.0000,1.0000,1.0000,1,0
87,338,TSIG.java,M,34,7,63,0.9000,0.1000,69,bwelling,1,1.0000,1.0000,1.0000,1,0
87,350,TSIG.java,M,49,5,63,0.9265,0.0735,67,bwelling,1,1.0000,1.0000,1.0000,1,0
87,352,TSIG.java,M,49,5,63,0.9265,0.0735,67,bwelling,1,1.0000,1.0000,1.0000,1,0
87,366,TSIG.java,M,35,4,61,0.9242,0.0606,65,bwelling,1,1.0000,1.0000,1.0000,1,0
87,368,TSIG.java,M,35,4,61,0.9242,0.0606,65,bwelling,1,1.0000,1.0000,1.0000,1,0
87,382,TSIGRecord.java,M,32,3,58,0.9508,0.0492,60,bwelling,1,1.0000,1.0000,1.0000,1,0
87,383,TSIGRecord.java,M,32,3,58,0.9508,0.0492,60,bwelling,1,1.0000,1.0000,1.0000,1,0
87,464,SRVRecord.java,M,6,2,51,0.9444,0.0370,53,bwelling,1,1.0000,1.0000,1.0000,1,0
87,465,SRVRecord.java,M,7,2,51,0.9444,0.0370,53,bwelling,4,0.3405,1.0000,0.0000,1,2
87,468,SRVRecord.java,M,6,2,51,0.9444,0.0370,53,bwelling,5,0.1568,0.7841,0.0000,1,4
87,470,SRVRecord.java,M,5,2,51,0.9444,0.0370,53,bwelling,8,0.1863,0.8352,0.0000,2,6
87,500,KEYRecord.java,M,12,2,45,0.9574,0.0426,46,bwelling,3,0.5467,1.0000,0.0000,2,1
87,502,KEYRecord.java,M,14,2,45,0.9574,0.0426,46,bwelling,0,0.0000,0.0000,0.0000,0,0
87,504,KEYRecord.java,M,7,2,44,0.9362,0.0426,46,bwelling,2,0.0000,0.0000,0.0000,0,2
87,505,KEYRecord.java,M,10,2,44,0.9362,0.0426,46,bwelling,3,0.4678,0.7631,0.0000,2,1
87,513,MXRecord.java,M,5,2,44,0.9362,0.0426,46,bwelling,2,0.5994,1.0000,0.1987,1,1
87,515,MXRecord.java,M,5,2,44,0.9362,0.0426,46,bwelling,2,0.5994,1.0000,0.1987,1,1
87,521,MXRecord.java,M,7,2,45,0.9574,0.0426,46,bwelling,4,0.3405,1.0000,0.0000,1,2
87,522,MXRecord.java,M,6,2,45,0.9574,0.0426,46,bwelling,1,1.0000,1.0000,1.0000,1,0
87,524,NXTRecord.java,M,12,2,44,0.9362,0.0426,46,bwelling,10,0.3038,1.0000,0.0000,3,7
87,526,NXTRecord.java,M,12,2,44,0.9362,0.0426,46,bwelling,10,0.3038,1.0000,0.0000,3,7
87,528,Record.java,M,27,4,43,0.9149,0.0851,46,bwelling,2,0.3069,0.6138,0.0000,1,1
87,531,Record.java,M,26,4,43,0.9149,0.0851,46,bwelling,1,0.0000,0.0000,0.0000,0,1
87,532,Record.java,M,27,3,43,0.9149,0.0638,46,bwelling,2,0.3069,0.6138,0.0000,1,1
87,548,SIGRecord.java,M,21,2,45,0.9574,0.0426,46,bwelling,10,0.2366,0.7631,0.0000,3,7
87,549,SIGRecord.java,M,21,2,45,0.9574,0.0426,46,bwelling,3,0.6667,1.0000,0.0000,2,1
87,556,TSIGRecord.java,M,19,3,44,0.9362,0.0638,46,bwelling,0,0.0000,0.0000,0.0000,0,0
87,558,TSIGRecord.java,M,21,3,44,0.9362,0.0638,46,bwelling,0,0.0000,0.0000,0.0000,0,0
87,583,CERTRecord.java,M,12,1,44,0.9565,0.0217,45,bwelling,3,0.5877,1.0000,0.0000,2,1
87,585,CERTRecord.java,M,6,1,44,0.9565,0.0217,45,bwelling,5,0.1568,0.7841,0.0000,1,4
87,587,CERTRecord.java,M,6,2,43,0.9348,0.0435,45,bwelling,4,0.0592,0.2369,0.0000,0,3
87,589,CERTRecord.java,M,7,2,43,0.9348,0.0435,45,bwelling,1,0.0000,0.0000,0.0000,0,1
87,633,update.java,M,15,6,37,0.8409,0.1364,43,bwelling,3,0.5793,0.8690,0.0000,2,1
87,634,update.java,M,10,5,38,0.8636,0.1136,43,bwelling,7,0.1835,0.8537,0.0000,1,5
87,635,update.java,M,15,5,38,0.8636,0.1136,43,bwelling,3,0.6230,1.0000,0.0000,2,1
87,636,update.java,M,15,5,38,0.8636,0.1136,43,bwelling,3,0.6230,1.0000,0.0000,2,1
87,637,update.java,M,10,4,39,0.8864,0.0909,43,bwelling,7,0.1940,0.8537,0.0000,2,5
87,643,Name.java,M,18,3,37,0.9250,0.0750,39,bwelling,1,1.0000,1.0000,1.0000,1,0
87,645,Name.java,M,18,3,37,0.9250,0.0750,39,bwelling,1,1.0000,1.0000,1.0000,1,0
87,652,NS_CNAME_PTRRecord.java,M,5,2,38,0.9500,0.0500,39,bwelling,0,0.0000,0.0000,0.0000,0,0
87,653,NS_CNAME_PTRRecord.java,M,6,2,38,0.9500,0.0500,39,bwelling,10,0.3237,1.0000,0.0000,3,5
87,664,Message.java,M,16,2,33,0.9167,0.0556,35,bwelling,1,1.0000,1.0000,1.0000,1,0
87,665,Message.java,M,16,2,33,0.9167,0.0556,35,bwelling,1,1.0000,1.0000,1.0000,1,0
87,687,Zone.java,M,31,1,26,0.9286,0.0357,27,bwelling,3,0.3333,1.0000,0.0000,1,2
87,688,Zone.java,M,31,1,26,0.9286,0.0357,27,bwelling,3,0.3333,1.0000,0.0000,1,2
87,691,Zone.java,M,22,1,26,0.9286,0.0357,27,bwelling,1,1.0000,1.0000,1.0000,1,0
87,693,Zone.java,M,22,1,26,0.9286,0.0357,27,bwelling,1,1.0000,1.0000,1.0000,1,0
87,694,dnsServer.java,M,5,1,26,0.9286,0.0357,27,bwelling,3,0.6667,1.0000,0.0000,2,1
87,695,jnamed.java,M,5,1,26,0.9286,0.0357,27,bwelling,3,0.6667,1.0000,0.0000,2,1
87,696,dnsServer.java,M,5,1,26,0.9286,0.0357,27,bwelling,2,0.5000,1.0000,0.0000,1,1
87,697,jnamed.java,M,5,1,26,0.9286,0.0357,27,bwelling,2,0.5000,1.0000,0.0000,1,1
87,698,dnsServer.java,M,11,1,26,0.9286,0.0357,27,bwelling,2,1.0000,1.0000,1.0000,2,0
87,699,jnamed.java,M,11,1,26,0.9286,0.0357,27,bwelling,2,1.0000,1.0000,1.0000,2,0
87,700,dnsServer.java,M,31,3,24,0.8571,0.1071,27,bwelling,2,0.5000,1.0000,0.0000,1,1
87,701,jnamed.java,M,31,3,24,0.8571,0.1071,27,bwelling,2,0.5000,1.0000,0.0000,1,1
87,702,dnsServer.java,M,33,2,25,0.8929,0.0714,27,bwelling,2,0.5000,1.0000,0.0000,1,1
87,703,jnamed.java,M,33,2,25,0.8929,0.0714,27,bwelling,2,0.5000,1.0000,0.0000,1,1
87,704,dnsServer.java,M,28,2,25,0.8929,0.0714,27,bwelling,1,1.0000,1.0000,1.0000,1,0
87,705,jnamed.java,M,28,2,25,0.8929,0.0714,27,bwelling,1,1.0000,1.0000,1.0000,1,0
87,714,OPTRecord.java,M,6,1,20,0.9091,0.0455,21,bwelling,2,1.0000,1.0000,1.0000,2,0
87,715,OPTRecord.java,M,6,1,20,0.9091,0.0455,21,bwelling,2,1.0000,1.0000,1.0000,2,0
87,716,dns.java,M,43,3,15,0.7895,0.1579,18,bwelling,2,0.5000,1.0000,0.0000,1,1
87,717,dns.java,M,43,3,15,0.7895,0.1579,18,bwelling,2,0.5000,1.0000,0.0000,1,1
87,718,dns.java,M,17,1,15,0.8824,0.0588,16,bwelling,2,1.0000,1.0000,1.0000,2,0
87,719,dns.java,M,10,1,15,0.8824,0.0588,16,bwelling,2,0.0000,0.0000,0.0000,0,2
90,385,base64.java,M,30,2,60,0.9524,0.0317,62,bwelling,1,1.0000,1.0000,1.0000,1,0
90,386,base64.java,M,30,2,60,0.9524,0.0317,62,bwelling,1,1.0000,1.0000,1.0000,1,0
91,596,IO.java,M,16,1,48,0.9600,0.0200,49,bwelling,2,0.5000,1.0000,0.0000,1,1
91,597,IO.java,M,16,1,48,0.9600,0.0200,49,bwelling,2,0.5000,1.0000,0.0000,1,1
92,696,dnsServer.java,M,5,2,30,0.9091,0.0606,32,bwelling,2,0.5000,1.0000,0.0000,1,1
92,697,jnamed.java,M,5,2,30,0.9091,0.0606,32,bwelling,2,0.5000,1.0000,0.0000,1,1
92,700,dnsServer.java,M,31,4,28,0.8485,0.1212,32,bwelling,2,0.5000,1.0000,0.0000,1,1
92,701,jnamed.java,M,31,4,28,0.8485,0.1212,32,bwelling,2,0.5000,1.0000,0.0000,1,1
92,706,dnsServer.java,M,17,1,30,0.9091,0.0303,32,bwelling,4,0.7500,1.0000,0.0000,3,1
92,707,jnamed.java,M,17,1,30,0.9091,0.0303,32,bwelling,4,0.7500,1.0000,0.0000,3,1
92,734,Zone.java,M,32,1,0,0.0000,1.0000,0,bwelling,4,0.7500,1.0000,0.0000,3,1
92,735,Zone.java,M,32,1,0,0.0000,1.0000,0,bwelling,4,0.7500,1.0000,0.0000,3,1
94,11,ARecord.java,M,14,2,90,0.9677,0.0215,92,bwelling,3,0.3333,1.0000,0.0000,1,2
94,14,ARecord.java,M,14,2,90,0.9677,0.0215,92,bwelling,3,0.3333,1.0000,0.0000,1,2
94,44,Header.java,M,9,1,90,0.9677,0.0108,92,bwelling,0,0.0000,0.0000,0.0000,0,0
94,50,Header.java,M,5,1,90,0.9677,0.0108,92,bwelling,5,0.0000,0.0000,0.0000,0,5
94,51,NXTRecord.java,M,10,2,90,0.9677,0.0215,92,bwelling,1,0.5523,0.5523,0.5523,1,0
94,54,NXTRecord.java,M,10,5,87,0.9355,0.0538,92,bwelling,1,0.9708,0.9708,0.9708,1,0
94,57,KEYRecord.java,M,7,2,90,0.9677,0.0215,92,bwelling,4,0.5000,1.0000,0.0000,2,2
94,58,KEYRecord.java,M,7,2,90,0.9677,0.0215,92,bwelling,2,0.5000,1.0000,0.0000,1,1
94,64,KEYRecord.java,M,11,2,90,0.9677,0.0215,92,bwelling,5,0.2671,0.5976,0.0000,2,3
94,66,KEYRecord.java,M,11,2,90,0.9677,0.0215,92,bwelling,3,0.5127,1.0000,0.0000,2,1
94,88,Message.java,M,5,4,87,0.9355,0.0430,92,bwelling,0,0.0000,0.0000,0.0000,0,0
94,93,MXRecord.java,M,5,2,90,0.9677,0.0215,92,bwelling,4,0.1541,0.4469,0.0000,0,3
94,94,MXRecord.java,M,5,2,90,0.9677,0.0215,92,bwelling,7,0.2240,0.8306,0.0000,2,5
94,124,NXTRecord.java,M,5,3,89,0.9570,0.0323,92,bwelling,8,0.4161,0.9003,0.0000,3,3
94,126,NXTRecord.java,M,5,3,89,0.9570,0.0323,92,bwelling,7,0.2538,0.5976,0.0000,1,3
94,128,NXTRecord.java,M,12,4,88,0.9462,0.0430,92,bwelling,1,1.0000,1.0000,1.0000,1,0
94,129,NXTRecord.java,M,12,4,88,0.9462,0.0430,92,bwelling,1,1.0000,1.0000,1.0000,1,0
94,134,NXTRecord.java,M,10,4,88,0.9462,0.0430,92,bwelling,1,0.9708,0.9708,0.9708,1,0
94,157,SOARecord.java,M,10,4,88,0.9462,0.0430,92,bwelling,0,0.0000,0.0000,0.0000,0,0
94,164,SIGRecord.java,M,12,4,88,0.9462,0.0430,92,bwelling,1,0.9708,0.9708,0.9708,1,0
94,166,Record.java,M,20,3,89,0.9570,0.0323,92,bwelling,1,1.0000,1.0000,1.0000,1,0
94,168,Record.java,M,20,3,89,0.9570,0.0323,92,bwelling,1,1.0000,1.0000,1.0000,1,0
94,200,Resolver.java,M,71,11,81,0.8710,0.1183,92,bwelling,1,1.0000,1.0000,1.0000,1,0
94,201,SimpleResolver.java,M,79,11,81,0.8710,0.1183,92,bwelling,1,1.0000,1.0000,1.0000,1,0
94,202,SimpleResolver.java,M,79,11,81,0.8710,0.1183,92,bwelling,1,1.0000,1.0000,1.0000,1,0
94,203,Resolver.java,M,71,11,81,0.8710,0.1183,92,bwelling,1,1.0000,1.0000,1.0000,1,0
94,207,SIGRecord.java,M,12,2,90,0.9677,0.0215,92,bwelling,1,1.0000,1.0000,1.0000,1,0
94,208,SIGRecord.java,M,12,2,90,0.9677,0.0215,92,bwelling,1,1.0000,1.0000,1.0000,1,0
94,209,SOARecord.java,M,10,3,89,0.9570,0.0323,92,bwelling,3,0.2676,0.8027,0.0000,1,2
94,212,SOARecord.java,M,10,3,89,0.9570,0.0323,92,bwelling,1,0.0000,0.0000,0.0000,0,1
94,213,TSIGRecord.java,M,10,4,88,0.9462,0.0430,92,bwelling,6,0.0251,0.1505,0.0000,0,6
94,216,TSIGRecord.java,M,10,4,88,0.9462,0.0430,92,bwelling,3,0.2676,0.8027,0.0000,1,2
94,220,SIGRecord.java,M,15,4,88,0.9462,0.0430,92,bwelling,2,0.0000,0.0000,0.0000,0,2
94,226,SOARecord.java,M,11,3,89,0.9570,0.0323,92,bwelling,4,0.0000,0.0000,0.0000,0,4
94,228,SOARecord.java,M,12,3,89,0.9570,0.0323,92,bwelling,1,0.0000,0.0000,0.0000,0,1
94,234,TSIGRecord.java,M,22,6,86,0.9247,0.0645,92,bwelling,1,1.0000,1.0000,1.0000,1,0
94,236,TSIGRecord.java,M,22,6,86,0.9247,0.0645,92,bwelling,1,1.0000,1.0000,1.0000,1,0
94,242,TXTRecord.java,M,5,4,88,0.9462,0.0430,92,bwelling,2,0.3696,0.6387,0.1005,1,1
94,243,TXTRecord.java,M,5,4,88,0.9462,0.0430,92,bwelling,8,0.3405,0.7010,0.0000,2,3
94,258,SIGRecord.java,M,12,5,86,0.9451,0.0549,90,bwelling,1,0.9708,0.9708,0.9708,1,0
94,298,HINFORecord.java,M,5,1,84,0.9767,0.0116,85,bwelling,8,0.3415,0.6974,0.0000,2,3
94,299,HINFORecord.java,M,5,1,84,0.9767,0.0116,85,bwelling,7,0.1896,0.8306,0.0000,1,5
94,303,HINFORecord.java,M,6,2,83,0.9651,0.0233,85,bwelling,6,0.0000,0.0000,0.0000,0,6
94,306,HINFORecord.java,M,6,1,84,0.9767,0.0116,85,bwelling,0,0.0000,0.0000,0.0000,0,0
94,307,HINFORecord.java,M,11,1,84,0.9767,0.0116,85,bwelling,0,0.0000,0.0000,0.0000,0,0
94,314,SimpleResolver.java,M,48,7,74,0.9136,0.0864,80,bwelling,1,1.0000,1.0000,1.0000,1,0
94,315,Resolver.java,M,42,7,74,0.9136,0.0864,80,bwelling,1,1.0000,1.0000,1.0000,1,0
94,317,Resolver.java,M,42,7,74,0.9136,0.0864,80,bwelling,1,1.0000,1.0000,1.0000,1,0
94,318,SimpleResolver.java,M,48,7,74,0.9136,0.0864,80,bwelling,1,1.0000,1.0000,1.0000,1,0
94,336,TSIG.java,M,34,8,69,0.8961,0.1039,76,bwelling,1,1.0000,1.0000,1.0000,1,0
94,338,TSIG.java,M,34,8,69,0.8961,0.1039,76,bwelling,1,1.0000,1.0000,1.0000,1,0
94,350,TSIG.java,M,49,6,69,0.9200,0.0800,74,bwelling,1,1.0000,1.0000,1.0000,1,0
94,352,TSIG.java,M,49,6,69,0.9200,0.0800,74,bwelling,1,1.0000,1.0000,1.0000,1,0
94,366,TSIG.java,M,35,5,67,0.9178,0.0685,72,bwelling,1,1.0000,1.0000,1.0000,1,0
94,368,TSIG.java,M,35,5,67,0.9178,0.0685,72,bwelling,1,1.0000,1.0000,1.0000,1,0
94,382,TSIGRecord.java,M,32,4,64,0.9412,0.0588,67,bwelling,1,1.0000,1.0000,1.0000,1,0
94,383,TSIGRecord.java,M,32,4,64,0.9412,0.0588,67,bwelling,1,1.0000,1.0000,1.0000,1,0
94,460,SRVRecord.java,M,7,2,58,0.9508,0.0328,60,bwelling,4,0.5000,1.0000,0.0000,2,2
94,462,SRVRecord.java,M,7,2,58,0.9508,0.0328,60,bwelling,0,0.0000,0.0000,0.0000,0,0
94,464,SRVRecord.java,M,6,3,57,0.9344,0.0492,60,bwelling,1,1.0000,1.0000,1.0000,1,0
94,465,SRVRecord.java,M,7,3,57,0.9344,0.0492,60,bwelling,5,0.3375,1.0000,0.0000,2,3
94,468,SRVRecord.java,M,6,3,57,0.9344,0.0492,60,bwelling,4,0.2114,0.4469,0.0000,0,2
94,470,SRVRecord.java,M,5,3,57,0.9344,0.0492,60,bwelling,8,0.3731,0.9089,0.0000,2,3
94,496,KEYRecord.java,M,10,1,53,0.9815,0.0185,53,bwelling,3,0.3333,1.0000,0.0000,1,2
94,497,KEYRecord.java,M,7,1,53,0.9815,0.0185,53,bwelling,2,0.0000,0.0000,0.0000,0,2
94,521,MXRecord.java,M,7,3,51,0.9444,0.0556,53,bwelling,5,0.3375,1.0000,0.0000,2,3
94,522,MXRecord.java,M,6,3,51,0.9444,0.0556,53,bwelling,1,1.0000,1.0000,1.0000,1,0
94,528,Record.java,M,27,5,49,0.9074,0.0926,53,bwelling,2,0.3705,0.7410,0.0000,1,1
94,532,Record.java,M,27,4,49,0.9074,0.0741,53,bwelling,2,0.3705,0.7410,0.0000,1,1
94,536,Record.java,M,13,2,51,0.9444,0.0370,53,bwelling,1,0.8599,0.8599,0.8599,1,0
94,537,Record.java,M,13,3,51,0.9444,0.0556,53,bwelling,1,0.8599,0.8599,0.8599,1,0
94,544,Record.java,M,12,1,52,0.9630,0.0185,53,bwelling,1,1.0000,1.0000,1.0000,1,0
94,545,Record.java,M,12,1,52,0.9630,0.0185,53,bwelling,1,1.0000,1.0000,1.0000,1,0
94,548,SIGRecord.java,M,21,3,51,0.9444,0.0556,53,bwelling,10,0.1288,0.3931,0.0000,0,7
94,549,SIGRecord.java,M,21,3,51,0.9444,0.0556,53,bwelling,3,0.2985,0.4477,0.0000,0,1
94,571,CERTRecord.java,M,7,1,51,0.9623,0.0189,52,bwelling,2,0.5000,1.0000,0.0000,1,1
94,573,CERTRecord.java,M,7,1,51,0.9623,0.0189,52,bwelling,4,0.5000,1.0000,0.0000,2,2
94,575,CERTRecord.java,M,11,1,51,0.9623,0.0189,52,bwelling,3,0.4972,1.0000,0.0000,1,1
94,578,CERTRecord.java,M,10,1,51,0.9623,0.0189,52,bwelling,3,0.3333,1.0000,0.0000,1,2
94,579,CERTRecord.java,M,7,1,51,0.9623,0.0189,52,bwelling,3,0.0000,0.0000,0.0000,0,3
94,580,CERTRecord.java,M,9,1,51,0.9623,0.0189,52,bwelling,3,0.0000,0.0000,0.0000,0,3
94,633,update.java,M,15,7,43,0.8431,0.1373,50,bwelling,3,0.6069,0.9104,0.0000,2,1
94,635,update.java,M,15,6,44,0.8627,0.1176,50,bwelling,3,0.6368,1.0000,0.0000,2,1
94,636,update.java,M,15,6,44,0.8627,0.1176,50,bwelling,3,0.6368,1.0000,0.0000,2,1
94,660,Header.java,M,12,1,41,0.9535,0.0233,42,bwelling,2,0.5000,1.0000,0.0000,1,1
94,661,Header.java,M,12,1,41,0.9535,0.0233,42,bwelling,2,0.5000,1.0000,0.0000,1,1
94,664,Message.java,M,16,3,39,0.9070,0.0698,42,bwelling,1,1.0000,1.0000,1.0000,1,0
94,665,Message.java,M,16,3,39,0.9070,0.0698,42,bwelling,1,1.0000,1.0000,1.0000,1,0
94,691,Zone.java,M,22,2,32,0.9143,0.0571,34,bwelling,1,1.0000,1.0000,1.0000,1,0
94,693,Zone.java,M,22,2,32,0.9143,0.0571,34,bwelling,1,1.0000,1.0000,1.0000,1,0
94,700,dnsServer.java,M,31,5,29,0.8286,0.1429,34,bwelling,2,0.5000,1.0000,0.0000,1,1
94,701,jnamed.java,M,31,5,29,0.8286,0.1429,34,bwelling,2,0.5000,1.0000,0.0000,1,1
94,716,dns.java,M,43,4,21,0.8077,0.1538,25,bwelling,2,0.5000,1.0000,0.0000,1,1
94,717,dns.java,M,43,4,21,0.8077,0.1538,25,bwelling,2,0.5000,1.0000,0.0000,1,1
94,718,dns.java,M,17,2,21,0.8750,0.0833,23,bwelling,3,0.2985,0.4477,0.0000,0,1
94,719,dns.java,M,10,2,21,0.8750,0.0833,23,bwelling,1,0.5523,0.5523,0.5523,1,0
95,638,CountedDataOutputStream.java,M,6,1,46,0.9583,0.0208,47,bwelling,1,1.0000,1.0000,1.0000,1,0
95,639,CountedDataOutputStream.java,M,6,1,46,0.9583,0.0208,47,bwelling,1,1.0000,1.0000,1.0000,1,0
95,764,CountedDataInputStream.java,M,6,1,0,0.0000,1.0000,0,bwelling,3,0.3333,1.0000,0.0000,1,2
95,765,CountedDataInputStream.java,M,6,1,0,0.0000,1.0000,0,bwelling,3,0.3333,1.0000,0.0000,1,2
98,716,dns.java,M,43,5,24,0.8000,0.1667,29,bwelling,2,0.5000,1.0000,0.0000,1,1
98,717,dns.java,M,43,5,24,0.8000,0.1667,29,bwelling,2,0.5000,1.0000,0.0000,1,1
100,667,Message.java,M,11,2,46,0.9388,0.0408,48,bwelling,1,1.0000,1.0000,1.0000,1,0
100,668,Message.java,M,11,2,46,0.9388,0.0408,48,bwelling,1,1.0000,1.0000,1.0000,1,0
101,537,Record.java,M,13,4,57,0.9344,0.0656,60,bwelling,1,0.4654,0.4654,0.4654,0,0
102,732,RRset.java,M,6,1,9,0.8182,0.0909,10,bwelling,3,0.3333,1.0000,0.0000,1,2
102,733,RRset.java,M,6,1,9,0.8182,0.0909,10,bwelling,3,0.3333,1.0000,0.0000,1,2
107,112,Name.java,M,9,3,102,0.9623,0.0283,105,bwelling,1,1.0000,1.0000,1.0000,1,0
107,113,Name.java,M,9,3,102,0.9623,0.0283,105,bwelling,1,1.0000,1.0000,1.0000,1,0
107,116,Name.java,M,7,4,101,0.9528,0.0377,105,bwelling,1,0.7322,0.7322,0.7322,1,0
107,117,Name.java,M,6,3,43,0.4057,0.0283,105,bwelling,0,0.0000,0.0000,0.0000,0,0
107,120,Name.java,M,8,2,102,0.9623,0.0189,105,bwelling,1,0.7322,0.7322,0.7322,1,0
107,121,Name.java,M,8,2,102,0.9623,0.0189,105,bwelling,0,0.0000,0.0000,0.0000,0,0
108,489,HINFORecord.java,M,5,3,65,0.9559,0.0441,67,bwelling,5,0.0352,0.0685,0.0000,0,5
108,490,HINFORecord.java,M,5,3,65,0.9559,0.0441,67,bwelling,2,0.6361,0.6361,0.6361,2,0
108,504,KEYRecord.java,M,7,3,64,0.9412,0.0441,67,bwelling,3,0.0000,0.0000,0.0000,0,3
108,505,KEYRecord.java,M,10,3,64,0.9412,0.0441,67,bwelling,3,0.2015,0.3137,0.0000,0,1
108,506,SRVRecord.java,M,7,2,65,0.9559,0.0294,67,bwelling,0,0.0000,0.0000,0.0000,0,0
108,509,SRVRecord.java,M,6,2,65,0.9559,0.0294,67,bwelling,4,0.1716,0.6863,0.0000,1,3
108,512,SOARecord.java,M,11,3,64,0.9412,0.0441,67,bwelling,2,0.0000,0.0000,0.0000,0,2
108,513,MXRecord.java,M,5,3,64,0.9412,0.0441,67,bwelling,2,0.8181,1.0000,0.6361,2,0
108,514,SOARecord.java,M,13,3,64,0.9412,0.0441,67,bwelling,7,0.3032,1.0000,0.0000,2,5
108,515,MXRecord.java,M,5,3,64,0.9412,0.0441,67,bwelling,2,0.8181,1.0000,0.6361,2,0
108,524,NXTRecord.java,M,12,3,64,0.9412,0.0441,67,bwelling,10,0.1805,1.0000,0.0000,1,7
108,526,NXTRecord.java,M,12,3,64,0.9412,0.0441,67,bwelling,10,0.1805,1.0000,0.0000,1,7
108,536,Record.java,M,13,3,64,0.9412,0.0441,67,bwelling,1,0.6586,0.6586,0.6586,1,0
108,556,TSIGRecord.java,M,19,4,64,0.9412,0.0588,67,bwelling,0,0.0000,0.0000,0.0000,0,0
108,558,TSIGRecord.java,M,21,4,64,0.9412,0.0588,67,bwelling,0,0.0000,0.0000,0.0000,0,0
108,561,TXTRecord.java,M,5,2,65,0.9559,0.0294,67,bwelling,2,0.0000,0.0000,0.0000,0,2
108,562,TXTRecord.java,M,9,2,65,0.9559,0.0294,67,bwelling,0,0.0000,0.0000,0.0000,0,0
108,587,CERTRecord.java,M,6,3,63,0.9403,0.0448,66,bwelling,4,0.1716,0.6863,0.0000,1,3
108,589,CERTRecord.java,M,7,3,63,0.9403,0.0448,66,bwelling,3,0.0000,0.0000,0.0000,0,3
108,592,NS_CNAME_PTRRecord.java,M,7,2,64,0.9552,0.0299,66,bwelling,7,0.2857,1.0000,0.0000,2,5
108,593,NS_CNAME_PTRRecord.java,M,7,2,64,0.9552,0.0299,66,bwelling,7,0.2857,1.0000,0.0000,2,5
108,714,OPTRecord.java,M,6,2,40,0.9302,0.0465,42,bwelling,3,0.4144,1.0000,0.0000,1,1
108,715,OPTRecord.java,M,6,2,40,0.9302,0.0465,42,bwelling,3,0.4144,1.0000,0.0000,1,1
109,734,Zone.java,M,32,2,16,0.8889,0.1111,17,bwelling,4,0.4376,1.0000,0.0000,1,1
109,735,Zone.java,M,32,2,16,0.8889,0.1111,17,bwelling,4,0.4376,1.0000,0.0000,1,1
109,766,Zone.java,M,8,1,0,0.0000,1.0000,0,bwelling,1,0.0000,0.0000,0.0000,0,1
109,767,Zone.java,M,11,1,0,0.0000,1.0000,0,bwelling,3,0.0000,0.0000,0.0000,0,3
110,166,Record.java,M,20,4,104,0.9541,0.0367,108,bwelling,1,1.0000,1.0000,1.0000,1,0
110,168,Record.java,M,20,4,104,0.9541,0.0367,108,bwelling,1,1.0000,1.0000,1.0000,1,0
110,528,Record.java,M,27,6,64,0.9143,0.0857,69,bwelling,2,0.4155,0.8309,0.0000,1,1
111,350,TSIG.java,M,49,7,85,0.9239,0.0761,91,bwelling,1,1.0000,1.0000,1.0000,1,0
111,352,TSIG.java,M,49,7,85,0.9239,0.0761,91,bwelling,1,1.0000,1.0000,1.0000,1,0
111,366,TSIG.java,M,35,6,83,0.9222,0.0667,89,bwelling,1,1.0000,1.0000,1.0000,1,0
111,368,TSIG.java,M,35,6,83,0.9222,0.0667,89,bwelling,1,1.0000,1.0000,1.0000,1,0
113,88,Message.java,M,5,5,105,0.9375,0.0446,111,bwelling,0,0.0000,0.0000,0.0000,0,0
113,283,Message.java,M,5,5,102,0.9533,0.0467,106,bwelling,6,0.1714,0.7166,0.0000,1,4
113,343,Message.java,M,5,5,89,0.9468,0.0532,93,bwelling,6,0.1356,0.7166,0.0000,1,5
113,348,Message.java,M,5,5,89,0.9468,0.0532,93,bwelling,3,0.0000,0.0000,0.0000,0,3
113,664,Message.java,M,16,4,57,0.9194,0.0645,61,bwelling,1,1.0000,1.0000,1.0000,1,0
113,665,Message.java,M,16,4,57,0.9194,0.0645,61,bwelling,1,1.0000,1.0000,1.0000,1,0
117,738,Flags.java,M,8,1,22,0.9167,0.0417,23,bwelling,3,0.0000,0.0000,0.0000,0,3
117,739,Flags.java,M,7,1,22,0.9167,0.0417,23,bwelling,1,0.0000,0.0000,0.0000,0,1
117,750,Flags.java,M,10,1,22,0.9167,0.0417,23,bwelling,3,0.0000,0.0000,0.0000,0,3
117,752,Flags.java,M,10,1,22,0.9167,0.0417,23,bwelling,6,0.0000,0.0000,0.0000,0,6
118,343,Message.java,M,5,6,93,0.9394,0.0606,98,bwelling,6,0.1476,0.8262,0.0000,1,5
118,348,Message.java,M,5,6,93,0.9394,0.0606,98,bwelling,3,0.0000,0.0000,0.0000,0,3
119,768,Zone.java,M,13,1,9,0.8182,0.0909,10,bwelling,3,0.3333,1.0000,0.0000,1,2
119,769,Zone.java,M,13,1,9,0.8182,0.0909,10,bwelling,3,0.3333,1.0000,0.0000,1,2
120,684,jnamed.java,M,5,1,4,0.0656,0.0164,60,bwelling,1,0.0000,0.0000,0.0000,0,1
120,685,dnsServer.java,M,8,1,4,0.0656,0.0164,60,bwelling,1,0.0000,0.0000,0.0000,0,1
120,696,dnsServer.java,M,5,3,57,0.9344,0.0492,60,bwelling,2,0.5000,1.0000,0.0000,1,1
120,697,jnamed.java,M,5,3,57,0.9344,0.0492,60,bwelling,2,0.5000,1.0000,0.0000,1,1
120,698,dnsServer.java,M,11,2,58,0.9508,0.0328,60,bwelling,2,0.5723,1.0000,0.1445,1,1
120,699,jnamed.java,M,11,2,58,0.9508,0.0328,60,bwelling,2,0.5723,1.0000,0.1445,1,1
120,780,dnsServer.java,M,8,1,0,0.0000,1.0000,0,bwelling,2,0.5000,1.0000,0.0000,1,1
120,781,jnamed.java,M,8,1,0,0.0000,1.0000,0,bwelling,2,0.5000,1.0000,0.0000,1,1
120,782,dnsServer.java,M,7,1,0,0.0000,1.0000,0,bwelling,0,0.0000,0.0000,0.0000,0,0
120,783,jnamed.java,M,8,1,0,0.0000,1.0000,0,bwelling,0,0.0000,0.0000,0.0000,0,0
120,784,dnsServer.java,M,14,1,0,0.0000,1.0000,0,bwelling,1,0.0000,0.0000,0.0000,0,1
120,785,jnamed.java,M,9,1,0,0.0000,1.0000,0,bwelling,2,0.0000,0.0000,0.0000,0,2
120,786,dnsServer.java,M,13,1,0,0.0000,1.0000,0,bwelling,3,0.3333,1.0000,0.0000,1,2
120,787,jnamed.java,M,13,1,0,0.0000,1.0000,0,bwelling,3,0.3333,1.0000,0.0000,1,2
120,788,dnsServer.java,M,38,1,0,0.0000,1.0000,0,bwelling,3,0.3333,1.0000,0.0000,1,2
120,789,jnamed.java,M,38,1,0,0.0000,1.0000,0,bwelling,3,0.3333,1.0000,0.0000,1,2
128,33,Header.java,M,5,3,123,0.9685,0.0236,126,bwelling,1,1.0000,1.0000,1.0000,1,0
128,34,Header.java,M,5,3,123,0.9685,0.0236,126,bwelling,1,1.0000,1.0000,1.0000,1,0
128,37,Header.java,M,11,3,123,0.9685,0.0236,126,bwelling,1,0.0459,0.0459,0.0459,0,1
128,38,Header.java,M,5,3,123,0.9685,0.0236,126,bwelling,5,0.1913,0.9566,0.0000,1,4
128,84,Message.java,M,12,3,123,0.9685,0.0236,126,bwelling,0,0.0000,0.0000,0.0000,0,0
128,85,Message.java,M,7,3,123,0.9685,0.0236,126,bwelling,6,0.1418,0.4686,0.0000,0,4
128,116,Name.java,M,7,5,121,0.9528,0.0394,126,bwelling,1,0.8602,0.8602,0.8602,1,0
128,283,Message.java,M,5,6,116,0.9508,0.0492,121,bwelling,6,0.2257,0.8859,0.0000,1,4
128,336,TSIG.java,M,34,9,102,0.9189,0.0811,110,bwelling,3,0.3333,1.0000,0.0000,1,2
128,338,TSIG.java,M,34,9,102,0.9189,0.0811,110,bwelling,3,0.3333,1.0000,0.0000,1,2
128,342,Header.java,M,5,4,105,0.9633,0.0367,108,bwelling,10,0.3081,0.8589,0.0000,4,6
128,343,Message.java,M,5,7,102,0.9358,0.0642,108,bwelling,6,0.2113,0.8859,0.0000,1,4
128,344,Header.java,M,5,4,105,0.9633,0.0367,108,bwelling,4,0.0218,0.0448,0.0000,0,4
128,348,Message.java,M,5,7,102,0.9358,0.0642,108,bwelling,3,0.0000,0.0000,0.0000,0,3
128,350,TSIG.java,M,49,8,101,0.9266,0.0734,108,bwelling,1,1.0000,1.0000,1.0000,1,0
128,352,TSIG.java,M,49,8,101,0.9266,0.0734,108,bwelling,1,1.0000,1.0000,1.0000,1,0
128,366,TSIG.java,M,35,7,99,0.9252,0.0654,106,bwelling,1,1.0000,1.0000,1.0000,1,0
128,368,TSIG.java,M,35,7,99,0.9252,0.0654,106,bwelling,1,1.0000,1.0000,1.0000,1,0
128,375,TSIG.java,M,7,4,99,0.9612,0.0388,102,bwelling,3,0.3534,0.9629,0.0487,1,2
128,376,TSIG.java,M,7,5,98,0.9515,0.0485,102,bwelling,3,0.3525,0.9629,0.0472,1,2
128,379,TSIG.java,M,9,4,99,0.9612,0.0388,102,bwelling,5,0.1913,0.9566,0.0000,1,4
128,380,TSIG.java,M,7,5,98,0.9515,0.0485,102,bwelling,0,0.0000,0.0000,0.0000,0,0
128,477,Record.java,M,5,1,86,0.9773,0.0114,87,bwelling,10,0.2894,1.0000,0.0000,4,6
128,479,Record.java,M,5,1,86,0.9773,0.0114,87,bwelling,10,0.2894,1.0000,0.0000,4,6
128,489,HINFORecord.java,M,5,4,84,0.9545,0.0455,87,bwelling,5,0.0195,0.0355,0.0000,0,5
128,490,HINFORecord.java,M,5,4,84,0.9545,0.0455,87,bwelling,2,0.8176,0.8176,0.8176,2,0
128,504,KEYRecord.java,M,7,4,83,0.9432,0.0455,87,bwelling,3,0.0000,0.0000,0.0000,0,3
128,505,KEYRecord.java,M,10,4,83,0.9432,0.0455,87,bwelling,3,0.0990,0.1513,0.0000,0,3
128,506,SRVRecord.java,M,7,3,84,0.9545,0.0341,87,bwelling,0,0.0000,0.0000,0.0000,0,0
128,509,SRVRecord.java,M,6,3,84,0.9545,0.0341,87,bwelling,4,0.2122,0.8487,0.0000,1,3
128,512,SOARecord.java,M,11,4,83,0.9432,0.0455,87,bwelling,0,0.0000,0.0000,0.0000,0,0
128,513,MXRecord.java,M,5,4,83,0.9432,0.0455,87,bwelling,2,0.9088,1.0000,0.8176,2,0
128,514,SOARecord.java,M,13,4,83,0.9432,0.0455,87,bwelling,7,0.0095,0.0355,0.0000,0,7
128,515,MXRecord.java,M,5,4,83,0.9432,0.0455,87,bwelling,2,0.9088,1.0000,0.8176,2,0
128,524,NXTRecord.java,M,12,4,83,0.9432,0.0455,87,bwelling,10,0.2946,1.0000,0.0000,4,6
128,526,NXTRecord.java,M,12,4,83,0.9432,0.0455,87,bwelling,10,0.2946,1.0000,0.0000,4,6
128,536,Record.java,M,13,4,83,0.9432,0.0455,87,bwelling,1,0.7942,0.7942,0.7942,1,0
128,537,Record.java,M,13,5,83,0.9432,0.0568,87,bwelling,1,0.7942,0.7942,0.7942,1,0
128,556,TSIGRecord.java,M,19,5,83,0.9432,0.0568,87,bwelling,0,0.0000,0.0000,0.0000,0,0
128,561,TXTRecord.java,M,5,3,84,0.9545,0.0341,87,bwelling,2,0.0000,0.0000,0.0000,0,2
128,562,TXTRecord.java,M,9,3,84,0.9545,0.0341,87,bwelling,0,0.0000,0.0000,0.0000,0,0
128,587,CERTRecord.java,M,6,4,82,0.9425,0.0460,86,bwelling,4,0.2122,0.8487,0.0000,1,3
128,589,CERTRecord.java,M,7,4,82,0.9425,0.0460,86,bwelling,3,0.0000,0.0000,0.0000,0,3
128,643,Name.java,M,18,4,77,0.9506,0.0494,80,bwelling,1,1.0000,1.0000,1.0000,1,0
128,645,Name.java,M,18,4,77,0.9506,0.0494,80,bwelling,1,1.0000,1.0000,1.0000,1,0
129,164,SIGRecord.java,M,12,5,122,0.9531,0.0391,127,bwelling,1,0.9870,0.9870,0.9870,1,0
129,258,SIGRecord.java,M,12,6,120,0.9524,0.0476,125,bwelling,1,0.9870,0.9870,0.9870,1,0
129,691,Zone.java,M,22,3,66,0.9429,0.0429,69,bwelling,1,1.0000,1.0000,1.0000,1,0
129,693,Zone.java,M,22,3,66,0.9429,0.0429,69,bwelling,1,1.0000,1.0000,1.0000,1,0
131,792,Record.java,M,5,1,3,0.7500,0.2500,3,bwelling,4,0.2500,1.0000,0.0000,1,3
131,793,Record.java,M,5,1,3,0.7500,0.2500,3,bwelling,4,0.2500,1.0000,0.0000,1,3
132,157,SOARecord.java,M,10,5,125,0.9542,0.0382,130,bwelling,0,0.0000,0.0000,0.0000,0,0
133,633,update.java,M,15,8,81,0.9000,0.0889,89,bwelling,3,0.6371,0.9556,0.0000,2,1
133,634,update.java,M,10,6,83,0.9222,0.0667,89,bwelling,7,0.1541,0.9461,0.0000,1,6
133,635,update.java,M,15,7,82,0.9111,0.0778,89,bwelling,3,0.6519,1.0000,0.0000,2,1
133,636,update.java,M,15,7,82,0.9111,0.0778,89,bwelling,3,0.6519,1.0000,0.0000,2,1
133,637,update.java,M,10,5,84,0.9333,0.0556,89,bwelling,7,0.1550,0.9461,0.0000,1,6
133,805,update.java,M,5,1,0,0.0000,1.0000,0,bwelling,3,0.0000,0.0000,0.0000,0,3
135,28,Header.java,M,5,3,130,0.9701,0.0224,133,bwelling,3,0.0000,0.0000,0.0000,0,3
135,30,Header.java,M,5,3,130,0.9701,0.0224,133,bwelling,3,0.0000,0.0000,0.0000,0,3
135,40,Header.java,M,10,2,131,0.9776,0.0149,133,bwelling,2,0.5000,1.0000,0.0000,1,1
135,41,Header.java,M,10,2,131,0.9776,0.0149,133,bwelling,2,0.5000,1.0000,0.0000,1,1
135,84,Message.java,M,12,4,129,0.9627,0.0299,133,bwelling,0,0.0000,0.0000,0.0000,0,0
135,85,Message.java,M,7,4,129,0.9627,0.0299,133,bwelling,6,0.0996,0.3293,0.0000,0,4
135,101,Name.java,M,29,4,129,0.9627,0.0299,133,bwelling,3,0.3333,1.0000,0.0000,1,2
135,102,Name.java,M,29,4,129,0.9627,0.0299,133,bwelling,3,0.3333,1.0000,0.0000,1,2
135,160,Record.java,M,8,2,131,0.9776,0.0149,133,bwelling,4,0.0000,0.0000,0.0000,0,4
135,382,TSIGRecord.java,M,32,5,104,0.9541,0.0459,108,bwelling,1,1.0000,1.0000,1.0000,1,0
135,383,TSIGRecord.java,M,32,5,104,0.9541,0.0459,108,bwelling,1,1.0000,1.0000,1.0000,1,0
135,528,Record.java,M,27,7,88,0.9263,0.0737,94,bwelling,3,0.3009,0.9026,0.0000,1,2
135,532,Record.java,M,27,5,89,0.9368,0.0526,94,bwelling,3,0.3009,0.9026,0.0000,1,2
136,785,jnamed.java,M,9,2,1,0.0588,0.1176,16,bwelling,2,0.0000,0.0000,0.0000,0,2
139,813,DataByteInputStream.java,M,7,1,3,0.6000,0.2000,4,bwelling,1,1.0000,1.0000,1.0000,1,0
139,814,DataByteInputStream.java,M,7,1,3,0.6000,0.2000,4,bwelling,1,1.0000,1.0000,1.0000,1,0
140,805,update.java,M,5,2,6,0.7500,0.2500,7,bwelling,3,0.0000,0.0000,0.0000,0,3
141,821,jnamed.java,M,9,1,0,0.0000,1.0000,0,bwelling,2,0.0000,0.0000,0.0000,0,2
143,375,TSIG.java,M,7,5,113,0.9576,0.0424,117,bwelling,3,0.3437,0.9834,0.0239,1,2
143,376,TSIG.java,M,7,6,112,0.9492,0.0508,117,bwelling,3,0.3435,0.9834,0.0235,1,2
143,379,TSIG.java,M,9,5,113,0.9576,0.0424,117,bwelling,5,0.0836,0.4180,0.0000,0,4
143,380,TSIG.java,M,7,6,112,0.9492,0.0508,117,bwelling,0,0.0000,0.0000,0.0000,0,0
143,822,TSIG.java,M,6,1,0,0.0000,1.0000,0,bwelling,0,0.0000,0.0000,0.0000,0,0
144,200,Resolver.java,M,71,12,130,0.9091,0.0839,142,bwelling,3,0.3333,1.0000,0.0000,1,2
144,201,SimpleResolver.java,M,79,12,130,0.9091,0.0839,142,bwelling,1,1.0000,1.0000,1.0000,1,0
144,202,SimpleResolver.java,M,79,12,130,0.9091,0.0839,142,bwelling,1,1.0000,1.0000,1.0000,1,0
144,203,Resolver.java,M,71,12,130,0.9091,0.0839,142,bwelling,3,0.3333,1.0000,0.0000,1,2
144,314,SimpleResolver.java,M,48,8,123,0.9389,0.0611,130,bwelling,1,1.0000,1.0000,1.0000,1,0
144,315,Resolver.java,M,42,8,123,0.9389,0.0611,130,bwelling,1,1.0000,1.0000,1.0000,1,0
144,317,Resolver.java,M,42,8,123,0.9389,0.0611,130,bwelling,1,1.0000,1.0000,1.0000,1,0
144,318,SimpleResolver.java,M,48,8,123,0.9389,0.0611,130,bwelling,1,1.0000,1.0000,1.0000,1,0
144,426,Resolver.java,M,6,3,109,0.9732,0.0268,111,bwelling,3,0.9217,1.0000,0.8826,3,0
144,429,SimpleResolver.java,M,13,3,109,0.9732,0.0268,111,bwelling,6,0.1667,1.0000,0.0000,1,5
144,430,Resolver.java,M,6,3,109,0.9732,0.0268,111,bwelling,3,0.9217,1.0000,0.8826,3,0
144,431,SimpleResolver.java,M,7,3,109,0.9732,0.0268,111,bwelling,0,0.0000,0.0000,0.0000,0,0
144,433,Resolver.java,M,6,3,109,0.9732,0.0268,111,bwelling,3,0.9217,1.0000,0.8826,3,0
144,434,Resolver.java,M,6,3,109,0.9732,0.0268,111,bwelling,3,0.9217,1.0000,0.8826,3,0
144,435,SimpleResolver.java,M,6,3,109,0.9732,0.0268,111,bwelling,2,0.5000,1.0000,0.0000,1,1
144,436,SimpleResolver.java,M,6,3,109,0.9732,0.0268,111,bwelling,2,0.5000,1.0000,0.0000,1,1
144,441,Resolver.java,M,5,4,108,0.9643,0.0357,111,bwelling,5,0.9470,1.0000,0.9338,5,0
144,442,Resolver.java,M,5,5,107,0.9554,0.0446,111,bwelling,5,0.9735,1.0000,0.9338,5,0
144,444,Resolver.java,M,5,5,107,0.9554,0.0446,111,bwelling,5,0.9735,1.0000,0.9338,5,0
144,445,SimpleResolver.java,M,5,4,108,0.9643,0.0357,111,bwelling,5,0.3868,1.0000,0.0000,2,3
144,446,SimpleResolver.java,M,5,5,107,0.9554,0.0446,111,bwelling,5,0.3735,0.9338,0.0000,2,3
144,447,Resolver.java,M,5,4,108,0.9643,0.0357,111,bwelling,5,0.9470,1.0000,0.9338,5,0
144,448,SimpleResolver.java,M,5,4,108,0.9643,0.0357,111,bwelling,5,0.3868,1.0000,0.0000,2,3
144,449,SimpleResolver.java,M,7,5,107,0.9554,0.0446,111,bwelling,1,0.0000,0.0000,0.0000,0,1
144,450,SimpleResolver.java,M,5,5,107,0.9554,0.0446,111,bwelling,1,1.0000,1.0000,1.0000,1,0
144,451,Resolver.java,M,5,5,107,0.9554,0.0446,111,bwelling,5,0.9735,1.0000,0.9338,5,0
144,453,Resolver.java,M,5,5,107,0.9554,0.0446,111,bwelling,5,0.9735,1.0000,0.9338,5,0
144,454,SimpleResolver.java,M,5,5,107,0.9554,0.0446,111,bwelling,1,1.0000,1.0000,1.0000,1,0
144,804,Resolver.java,M,5,1,11,0.9167,0.0833,11,bwelling,1,1.0000,1.0000,1.0000,1,0
144,806,Resolver.java,M,5,1,11,0.9167,0.0833,11,bwelling,1,1.0000,1.0000,1.0000,1,0
144,807,SimpleResolver.java,M,9,1,11,0.9167,0.0833,11,bwelling,6,0.1667,1.0000,0.0000,1,5
144,808,SimpleResolver.java,M,5,1,11,0.9167,0.0833,11,bwelling,0,0.0000,0.0000,0.0000,0,0
145,88,Message.java,M,5,6,136,0.9444,0.0417,143,bwelling,0,0.0000,0.0000,0.0000,0,0
146,188,SimpleResolver.java,M,34,7,137,0.9448,0.0483,144,bwelling,1,1.0000,1.0000,1.0000,1,0
146,189,Resolver.java,M,34,7,137,0.9448,0.0483,144,bwelling,1,1.0000,1.0000,1.0000,1,0
146,190,SimpleResolver.java,M,34,7,137,0.9448,0.0483,144,bwelling,1,1.0000,1.0000,1.0000,1,0
146,192,Resolver.java,M,34,7,137,0.9448,0.0483,144,bwelling,1,1.0000,1.0000,1.0000,1,0
147,684,jnamed.java,M,5,2,16,0.1818,0.0227,87,bwelling,1,0.0000,0.0000,0.0000,0,1
147,783,jnamed.java,M,8,2,26,0.9286,0.0714,27,bwelling,0,0.0000,0.0000,0.0000,0,0
147,785,jnamed.java,M,9,3,11,0.3929,0.1071,27,bwelling,2,0.0000,0.0000,0.0000,0,2
147,821,jnamed.java,M,9,2,5,0.7143,0.2857,6,bwelling,2,0.0000,0.0000,0.0000,0,2
151,88,Message.java,M,5,7,141,0.9400,0.0467,149,bwelling,0,0.0000,0.0000,0.0000,0,0
151,343,Message.java,M,5,8,124,0.9394,0.0606,131,bwelling,6,0.1462,0.6961,0.0000,1,5
151,348,Message.java,M,5,8,124,0.9394,0.0606,131,bwelling,3,0.0000,0.0000,0.0000,0,3
154,776,RRset.java,M,5,1,41,0.9535,0.0233,42,bwelling,7,0.0000,0.0000,0.0000,0,7
154,778,RRset.java,M,5,1,41,0.9535,0.0233,42,bwelling,3,0.0000,0.0000,0.0000,0,3
154,823,RRset.java,M,8,1,0,0.0000,1.0000,0,bwelling,5,0.2000,1.0000,0.0000,1,4
154,824,RRset.java,M,8,1,0,0.0000,1.0000,0,bwelling,5,0.2000,1.0000,0.0000,1,4
155,772,Record.java,M,9,1,44,0.9565,0.0217,45,bwelling,0,0.0000,0.0000,0.0000,0,0
155,773,Record.java,M,5,1,44,0.9565,0.0217,45,bwelling,3,0.0000,0.0000,0.0000,0,3
155,792,Record.java,M,5,2,26,0.9286,0.0714,27,bwelling,4,0.2500,1.0000,0.0000,1,3
155,793,Record.java,M,5,2,26,0.9286,0.0714,27,bwelling,4,0.2500,1.0000,0.0000,1,3
155,825,Record.java,M,7,1,0,0.0000,1.0000,0,bwelling,1,1.0000,1.0000,1.0000,1,0
155,826,Record.java,M,7,1,0,0.0000,1.0000,0,bwelling,1,1.0000,1.0000,1.0000,1,0
156,768,Zone.java,M,13,2,45,0.9375,0.0417,47,bwelling,3,0.3333,1.0000,0.0000,1,2
156,769,Zone.java,M,13,2,45,0.9375,0.0417,47,bwelling,3,0.3333,1.0000,0.0000,1,2
159,827,Cache.java,M,7,1,1,0.3333,0.3333,2,bwelling,1,1.0000,1.0000,1.0000,1,0
159,828,Cache.java,M,7,1,1,0.3333,0.3333,2,bwelling,1,1.0000,1.0000,1.0000,1,0
159,831,Cache.java,M,5,1,1,0.3333,0.3333,2,bwelling,3,0.0000,0.0000,0.0000,0,3
159,832,Cache.java,M,11,1,1,0.3333,0.3333,2,bwelling,6,0.5000,1.0000,0.0000,3,3
159,835,Cache.java,M,6,1,1,0.3333,0.3333,2,bwelling,5,0.2000,1.0000,0.0000,1,4
159,839,Cache.java,M,10,1,1,0.3333,0.3333,2,bwelling,4,0.2500,1.0000,0.0000,1,3
159,841,Cache.java,M,10,1,0,0.0000,1.0000,0,bwelling,4,0.2500,1.0000,0.0000,1,3
159,842,Cache.java,M,10,1,0,0.0000,1.0000,0,bwelling,6,0.5000,1.0000,0.0000,3,3
159,843,Cache.java,M,7,1,0,0.0000,1.0000,0,bwelling,5,0.2000,1.0000,0.0000,1,4
159,844,Cache.java,M,5,1,0,0.0000,1.0000,0,bwelling,6,0.5000,1.0000,0.0000,3,3
159,845,Cache.java,M,14,1,0,0.0000,1.0000,0,bwelling,2,0.0000,0.0000,0.0000,0,2
159,846,Cache.java,M,5,1,0,0.0000,1.0000,0,bwelling,6,0.5000,1.0000,0.0000,3,3
159,853,Zone.java,M,13,1,0,0.0000,1.0000,0,bwelling,1,1.0000,1.0000,1.0000,1,0
159,854,Zone.java,M,13,1,0,0.0000,1.0000,0,bwelling,1,1.0000,1.0000,1.0000,1,0
159,855,Zone.java,M,6,1,0,0.0000,1.0000,0,bwelling,1,1.0000,1.0000,1.0000,1,0
159,856,Zone.java,M,6,1,0,0.0000,1.0000,0,bwelling,1,1.0000,1.0000,1.0000,1,0
161,716,dns.java,M,43,6,86,0.9247,0.0645,92,bwelling,2,0.5000,1.0000,0.0000,1,1
161,717,dns.java,M,43,6,86,0.9247,0.0645,92,bwelling,2,0.5000,1.0000,0.0000,1,1
162,716,dns.java,M,43,7,86,0.9149,0.0745,93,bwelling,2,0.5000,1.0000,0.0000,1,1
162,717,dns.java,M,43,7,86,0.9149,0.0745,93,bwelling,2,0.5000,1.0000,0.0000,1,1
162,718,dns.java,M,17,3,88,0.9565,0.0326,91,bwelling,1,0.0000,0.0000,0.0000,0,1
162,719,dns.java,M,10,3,88,0.9565,0.0326,91,bwelling,4,0.0263,0.1052,0.0000,0,4
165,865,dns.java,M,10,1,0,0.0000,1.0000,0,bwelling,0,0.0000,0.0000,0.0000,0,0
165,866,dns.java,M,8,1,0,0.0000,1.0000,0,bwelling,7,0.0000,0.0000,0.0000,0,7
165,867,dns.java,M,10,1,0,0.0000,1.0000,0,bwelling,3,0.0000,0.0000,0.0000,0,3
165,868,dns.java,M,7,1,0,0.0000,1.0000,0,bwelling,2,0.0000,0.0000,0.0000,0,2
169,847,NameSet.java,M,7,1,9,0.8182,0.0909,10,bwelling,1,0.0000,0.0000,0.0000,0,1
169,848,NameSet.java,M,5,1,9,0.8182,0.0909,10,bwelling,7,0.0000,0.0000,0.0000,0,7
170,827,Cache.java,M,7,2,11,0.7857,0.1429,13,bwelling,1,1.0000,1.0000,1.0000,1,0
170,828,Cache.java,M,7,2,11,0.7857,0.1429,13,bwelling,1,1.0000,1.0000,1.0000,1,0
170,841,Cache.java,M,10,2,10,0.8333,0.1667,11,bwelling,5,0.2000,1.0000,0.0000,1,4
170,842,Cache.java,M,10,2,10,0.8333,0.1667,11,bwelling,6,0.3333,1.0000,0.0000,2,4
170,843,Cache.java,M,7,2,10,0.8333,0.1667,11,bwelling,5,0.2000,1.0000,0.0000,1,4
170,844,Cache.java,M,5,2,10,0.8333,0.1667,11,bwelling,6,0.3333,1.0000,0.0000,2,4
170,845,Cache.java,M,14,2,10,0.8333,0.1667,11,bwelling,2,0.0000,0.0000,0.0000,0,2
170,846,Cache.java,M,5,2,10,0.8333,0.1667,11,bwelling,6,0.3333,1.0000,0.0000,2,4
170,875,Cache.java,M,19,1,0,0.0000,1.0000,0,bwelling,2,0.5000,1.0000,0.0000,1,1
170,876,Cache.java,M,19,1,0,0.0000,1.0000,0,bwelling,2,0.5000,1.0000,0.0000,1,1
171,647,Name.java,M,7,1,121,0.9758,0.0081,123,bwelling,1,0.0000,0.0000,0.0000,0,1
171,648,Name.java,M,14,1,121,0.9758,0.0081,123,bwelling,10,0.0000,0.0000,0.0000,0,10
172,853,Zone.java,M,13,2,12,0.8571,0.1429,13,bwelling,1,1.0000,1.0000,1.0000,1,0
172,854,Zone.java,M,13,2,12,0.8571,0.1429,13,bwelling,1,1.0000,1.0000,1.0000,1,0
174,827,Cache.java,M,7,3,14,0.7778,0.1667,17,bwelling,1,1.0000,1.0000,1.0000,1,0
174,828,Cache.java,M,7,3,14,0.7778,0.1667,17,bwelling,1,1.0000,1.0000,1.0000,1,0
174,841,Cache.java,M,10,3,13,0.8125,0.1875,15,bwelling,5,0.2000,1.0000,0.0000,1,4
174,842,Cache.java,M,10,3,13,0.8125,0.1875,15,bwelling,6,0.3333,1.0000,0.0000,2,4
174,843,Cache.java,M,7,3,13,0.8125,0.1875,15,bwelling,5,0.2000,1.0000,0.0000,1,4
174,844,Cache.java,M,5,3,13,0.8125,0.1875,15,bwelling,6,0.3333,1.0000,0.0000,2,4
174,845,Cache.java,M,14,3,13,0.8125,0.1875,15,bwelling,0,0.0000,0.0000,0.0000,0,0
174,846,Cache.java,M,5,3,13,0.8125,0.1875,15,bwelling,6,0.3333,1.0000,0.0000,2,4
174,875,Cache.java,M,19,2,3,0.6000,0.4000,4,bwelling,4,0.7500,1.0000,0.0000,3,1
174,876,Cache.java,M,19,2,3,0.6000,0.4000,4,bwelling,4,0.7500,1.0000,0.0000,3,1
174,877,Cache.java,M,5,1,0,0.0000,1.0000,0,bwelling,4,0.7500,1.0000,0.0000,3,1
174,878,Cache.java,M,5,1,0,0.0000,1.0000,0,bwelling,4,0.7500,1.0000,0.0000,3,1
174,879,Cache.java,M,41,1,0,0.0000,1.0000,0,bwelling,4,0.2500,1.0000,0.0000,1,3
174,880,Cache.java,M,41,1,0,0.0000,1.0000,0,bwelling,4,0.2500,1.0000,0.0000,1,3
176,881,Cache.java,M,22,1,0,0.0000,1.0000,0,bwelling,4,0.2500,1.0000,0.0000,1,3
176,882,Cache.java,M,22,1,0,0.0000,1.0000,0,bwelling,4,0.2500,1.0000,0.0000,1,3
178,656,UNKRecord.java,M,9,2,129,0.9847,0.0153,130,bwelling,1,1.0000,1.0000,1.0000,1,0
178,657,UNKRecord.java,M,9,2,129,0.9847,0.0153,130,bwelling,1,1.0000,1.0000,1.0000,1,0
181,835,Cache.java,M,6,2,20,0.8000,0.0800,24,bwelling,5,0.1343,0.6717,0.0000,1,4
181,839,Cache.java,M,10,2,20,0.8000,0.0800,24,bwelling,5,0.1343,0.6717,0.0000,1,4
182,887,dns.java,M,44,1,0,0.0000,1.0000,0,bwelling,8,0.1250,1.0000,0.0000,1,7
182,888,dns.java,M,44,1,0,0.0000,1.0000,0,bwelling,8,0.1250,1.0000,0.0000,1,7
182,889,dns.java,M,8,1,0,0.0000,1.0000,0,bwelling,2,0.5000,1.0000,0.0000,1,1
182,890,dns.java,M,8,1,0,0.0000,1.0000,0,bwelling,2,0.5000,1.0000,0.0000,1,1
183,108,Name.java,M,5,2,179,0.9835,0.0110,181,bwelling,1,1.0000,1.0000,1.0000,1,0
183,109,Name.java,M,5,2,179,0.9835,0.0110,181,bwelling,1,1.0000,1.0000,1.0000,1,0
183,112,Name.java,M,9,4,177,0.9725,0.0220,181,bwelling,1,1.0000,1.0000,1.0000,1,0
183,113,Name.java,M,9,4,177,0.9725,0.0220,181,bwelling,1,1.0000,1.0000,1.0000,1,0
183,116,Name.java,M,7,6,175,0.9615,0.0330,181,bwelling,3,0.3200,0.9600,0.0000,1,2
183,117,Name.java,M,6,4,118,0.6484,0.0220,181,bwelling,0,0.0000,0.0000,0.0000,0,0
183,120,Name.java,M,8,3,177,0.9725,0.0165,181,bwelling,3,0.3200,0.9600,0.0000,1,2
183,121,Name.java,M,8,3,177,0.9725,0.0165,181,bwelling,0,0.0000,0.0000,0.0000,0,0
184,847,NameSet.java,M,7,2,23,0.8846,0.0769,25,bwelling,1,0.0000,0.0000,0.0000,0,1
184,848,NameSet.java,M,5,2,23,0.8846,0.0769,25,bwelling,6,0.0000,0.0000,0.0000,0,6
185,849,NameSet.java,M,5,1,25,0.9259,0.0370,26,bwelling,5,0.0000,0.0000,0.0000,0,5
185,850,NameSet.java,M,5,1,25,0.9259,0.0370,26,bwelling,0,0.0000,0.0000,0.0000,0,0
186,845,Cache.java,M,14,4,24,0.8571,0.1429,27,bwelling,0,0.0000,0.0000,0.0000,0,0
186,846,Cache.java,M,5,4,24,0.8571,0.1429,27,bwelling,6,0.2126,0.6379,0.0000,2,4
188,887,dns.java,M,44,2,5,0.7143,0.2857,6,bwelling,8,0.1250,1.0000,0.0000,1,7
188,888,dns.java,M,44,2,5,0.7143,0.2857,6,bwelling,8,0.1250,1.0000,0.0000,1,7
192,847,NameSet.java,M,7,3,30,0.8824,0.0882,33,bwelling,1,0.0000,0.0000,0.0000,0,1
192,848,NameSet.java,M,5,3,30,0.8824,0.0882,33,bwelling,6,0.0000,0.0000,0.0000,0,6
192,849,NameSet.java,M,5,2,31,0.9118,0.0588,33,bwelling,5,0.0000,0.0000,0.0000,0,5
192,850,NameSet.java,M,5,2,31,0.9118,0.0588,33,bwelling,0,0.0000,0.0000,0.0000,0,0
192,881,Cache.java,M,22,2,15,0.8824,0.1176,16,bwelling,4,0.2500,1.0000,0.0000,1,3
192,882,Cache.java,M,22,2,15,0.8824,0.1176,16,bwelling,4,0.2500,1.0000,0.0000,1,3
192,891,NameSet.java,M,15,1,0,0.0000,1.0000,0,bwelling,1,1.0000,1.0000,1.0000,1,0
192,892,NameSet.java,M,15,1,0,0.0000,1.0000,0,bwelling,1,1.0000,1.0000,1.0000,1,0
193,575,CERTRecord.java,M,11,2,149,0.9803,0.0132,151,bwelling,3,0.0318,0.0488,0.0000,0,3
193,578,CERTRecord.java,M,10,2,149,0.9803,0.0132,151,bwelling,5,0.0098,0.0488,0.0000,0,5
194,777,RRset.java,M,5,1,79,0.9518,0.0120,82,bwelling,7,0.0000,0.0000,0.0000,0,7
194,779,RRset.java,M,5,1,79,0.9518,0.0120,82,bwelling,0,0.0000,0.0000,0.0000,0,0
194,835,Cache.java,M,6,3,32,0.8421,0.0789,37,bwelling,5,0.0905,0.4524,0.0000,0,4
194,839,Cache.java,M,10,3,32,0.8421,0.0789,37,bwelling,5,0.0905,0.4524,0.0000,0,4
194,845,Cache.java,M,14,5,31,0.8611,0.1389,35,bwelling,0,0.0000,0.0000,0.0000,0,0
194,846,Cache.java,M,5,5,31,0.8611,0.1389,35,bwelling,6,0.1769,0.4368,0.0000,0,4
194,847,NameSet.java,M,7,4,31,0.8611,0.1111,35,bwelling,1,0.0000,0.0000,0.0000,0,1
194,848,NameSet.java,M,5,4,31,0.8611,0.1111,35,bwelling,6,0.0313,0.1877,0.0000,0,6
194,849,NameSet.java,M,5,3,32,0.8889,0.0833,35,bwelling,5,0.0000,0.0000,0.0000,0,5
194,850,NameSet.java,M,5,3,32,0.8889,0.0833,35,bwelling,0,0.0000,0.0000,0.0000,0,0
194,855,Zone.java,M,6,2,34,0.9444,0.0556,35,bwelling,1,1.0000,1.0000,1.0000,1,0
194,856,Zone.java,M,6,2,34,0.9444,0.0556,35,bwelling,1,1.0000,1.0000,1.0000,1,0
194,877,Cache.java,M,5,2,19,0.9048,0.0952,20,bwelling,4,0.4481,1.0000,0.0000,1,1
194,878,Cache.java,M,5,2,19,0.9048,0.0952,20,bwelling,4,0.4481,1.0000,0.0000,1,1
194,881,Cache.java,M,22,3,16,0.8421,0.1579,18,bwelling,4,0.4481,1.0000,0.0000,1,1
194,882,Cache.java,M,22,3,16,0.8421,0.1579,18,bwelling,4,0.4481,1.0000,0.0000,1,1
194,885,Cache.java,M,58,1,13,0.9286,0.0714,13,bwelling,5,0.2000,1.0000,0.0000,1,4
194,886,Cache.java,M,58,1,13,0.9286,0.0714,13,bwelling,5,0.2000,1.0000,0.0000,1,4
194,887,dns.java,M,44,3,10,0.7692,0.2308,12,bwelling,8,0.1250,1.0000,0.0000,1,7
194,888,dns.java,M,44,3,10,0.7692,0.2308,12,bwelling,8,0.1250,1.0000,0.0000,1,7
194,891,NameSet.java,M,15,2,1,0.3333,0.6667,2,bwelling,1,1.0000,1.0000,1.0000,1,0
194,892,NameSet.java,M,15,2,1,0.3333,0.6667,2,bwelling,1,1.0000,1.0000,1.0000,1,0
195,895,OPTRecord.java,M,14,1,0,0.0000,1.0000,0,bwelling,1,1.0000,1.0000,1.0000,1,0
195,896,OPTRecord.java,M,14,1,0,0.0000,1.0000,0,bwelling,1,1.0000,1.0000,1.0000,1,0
196,897,OPTRecord.java,M,12,1,1,0.5000,0.5000,1,bwelling,6,0.0000,0.0000,0.0000,0,6
196,898,OPTRecord.java,M,7,1,1,0.5000,0.5000,1,bwelling,3,0.0000,0.0000,0.0000,0,3
197,587,CERTRecord.java,M,6,5,150,0.9615,0.0321,155,bwelling,4,0.0416,0.1663,0.0000,0,4
197,589,CERTRecord.java,M,7,5,150,0.9615,0.0321,155,bwelling,6,0.0000,0.0000,0.0000,0,6
199,429,SimpleResolver.java,M,13,4,163,0.9760,0.0240,166,bwelling,6,0.1667,1.0000,0.0000,1,5
199,430,Resolver.java,M,6,4,163,0.9760,0.0240,166,bwelling,5,0.2637,0.9784,0.0000,1,4
199,431,SimpleResolver.java,M,7,4,163,0.9760,0.0240,166,bwelling,0,0.0000,0.0000,0.0000,0,0
199,433,Resolver.java,M,6,4,163,0.9760,0.0240,166,bwelling,5,0.2627,0.9784,0.0000,1,4
199,442,Resolver.java,M,5,6,161,0.9641,0.0359,166,bwelling,5,0.3573,1.0000,0.1899,1,2
199,444,Resolver.java,M,5,6,161,0.9641,0.0359,166,bwelling,5,0.3573,1.0000,0.1899,1,2
199,446,SimpleResolver.java,M,5,6,161,0.9641,0.0359,166,bwelling,5,0.0760,0.1899,0.0000,0,5
199,449,SimpleResolver.java,M,7,6,161,0.9641,0.0359,166,bwelling,1,0.0000,0.0000,0.0000,0,1
199,804,Resolver.java,M,5,2,65,0.9701,0.0299,66,bwelling,1,1.0000,1.0000,1.0000,1,0
199,806,Resolver.java,M,5,2,65,0.9701,0.0299,66,bwelling,1,1.0000,1.0000,1.0000,1,0
199,807,SimpleResolver.java,M,9,2,65,0.9701,0.0299,66,bwelling,6,0.1667,1.0000,0.0000,1,5
199,808,SimpleResolver.java,M,5,2,65,0.9701,0.0299,66,bwelling,0,0.0000,0.0000,0.0000,0,0
199,901,Resolver.java,M,18,1,0,0.0000,1.0000,0,bwelling,4,0.7500,1.0000,0.0000,3,1
199,902,Resolver.java,M,18,1,0,0.0000,1.0000,0,bwelling,4,0.7500,1.0000,0.0000,3,1
199,903,SimpleResolver.java,M,18,1,0,0.0000,1.0000,0,bwelling,4,0.7500,1.0000,0.0000,3,1
199,904,SimpleResolver.java,M,18,1,0,0.0000,1.0000,0,bwelling,4,0.7500,1.0000,0.0000,3,1
201,177,SimpleResolver.java,M,7,1,17,0.0850,0.0050,199,bwelling,0,0.0000,0.0000,0.0000,0,0
202,417,md5.java,M,15,1,169,0.9883,0.0058,170,bwelling,1,1.0000,1.0000,1.0000,1,0
202,418,md5.java,M,15,1,169,0.9883,0.0058,170,bwelling,1,1.0000,1.0000,1.0000,1,0
202,421,md5.java,M,10,1,169,0.9883,0.0058,170,bwelling,1,1.0000,1.0000,1.0000,1,0
202,422,md5.java,M,10,1,169,0.9883,0.0058,170,bwelling,1,1.0000,1.0000,1.0000,1,0
203,441,Resolver.java,M,5,5,166,0.9708,0.0292,170,bwelling,5,0.8244,1.0000,0.5732,5,0
203,442,Resolver.java,M,5,7,164,0.9591,0.0409,170,bwelling,5,0.6614,1.0000,0.5732,5,0
203,444,Resolver.java,M,5,7,164,0.9591,0.0409,170,bwelling,5,0.6614,1.0000,0.5732,5,0
203,445,SimpleResolver.java,M,5,5,166,0.9708,0.0292,170,bwelling,5,0.3146,1.0000,0.0000,2,3
203,446,SimpleResolver.java,M,5,7,164,0.9591,0.0409,170,bwelling,5,0.2293,0.5732,0.0000,2,3
203,447,Resolver.java,M,5,5,166,0.9708,0.0292,170,bwelling,5,0.8244,1.0000,0.5732,5,0
203,448,SimpleResolver.java,M,5,5,166,0.9708,0.0292,170,bwelling,5,0.3146,1.0000,0.0000,2,3
203,449,SimpleResolver.java,M,7,7,164,0.9591,0.0409,170,bwelling,1,0.0000,0.0000,0.0000,0,1
203,450,SimpleResolver.java,M,5,6,165,0.9649,0.0351,170,bwelling,1,1.0000,1.0000,1.0000,1,0
203,451,Resolver.java,M,5,6,165,0.9649,0.0351,170,bwelling,5,0.8272,1.0000,0.5803,5,0
203,453,Resolver.java,M,5,6,165,0.9649,0.0351,170,bwelling,5,0.8272,1.0000,0.5803,5,0
203,454,SimpleResolver.java,M,5,6,165,0.9649,0.0351,170,bwelling,1,1.0000,1.0000,1.0000,1,0
203,804,Resolver.java,M,5,3,68,0.9577,0.0423,70,bwelling,1,1.0000,1.0000,1.0000,1,0
203,806,Resolver.java,M,5,3,68,0.9577,0.0423,70,bwelling,1,1.0000,1.0000,1.0000,1,0
203,807,SimpleResolver.java,M,9,3,68,0.9577,0.0423,70,bwelling,6,0.0857,0.5139,0.0000,1,5
203,808,SimpleResolver.java,M,5,3,68,0.9577,0.0423,70,bwelling,0,0.0000,0.0000,0.0000,0,0
204,727,FindServer.java,M,9,1,121,0.9837,0.0081,122,bwelling,4,0.2500,1.0000,0.0000,1,3
204,728,FindServer.java,M,9,1,121,0.9837,0.0081,122,bwelling,4,0.2500,1.0000,0.0000,1,3
204,730,FindResolver.java,M,9,1,121,0.9837,0.0081,122,bwelling,10,0.1000,1.0000,0.0000,1,9
204,731,FindResolver.java,M,9,1,121,0.9837,0.0081,122,bwelling,10,0.1000,1.0000,0.0000,1,9
205,166,Record.java,M,20,5,198,0.9706,0.0245,203,bwelling,1,1.0000,1.0000,1.0000,1,0
205,168,Record.java,M,20,5,198,0.9706,0.0245,203,bwelling,1,1.0000,1.0000,1.0000,1,0
206,88,Message.java,M,5,8,195,0.9512,0.0390,204,bwelling,0,0.0000,0.0000,0.0000,0,0
206,309,Message.java,M,7,2,196,0.9899,0.0101,197,bwelling,0,0.0000,0.0000,0.0000,0,0
206,311,Message.java,M,7,2,196,0.9899,0.0101,197,bwelling,8,0.3529,0.7955,0.0000,3,3
206,343,Message.java,M,5,9,178,0.9519,0.0481,186,bwelling,8,0.3741,0.8822,0.0000,3,3
206,348,Message.java,M,5,9,178,0.9519,0.0481,186,bwelling,5,0.0000,0.0000,0.0000,0,5
206,887,dns.java,M,44,4,21,0.8400,0.1600,24,bwelling,8,0.3057,1.0000,0.0000,1,3
206,888,dns.java,M,44,4,21,0.8400,0.1600,24,bwelling,8,0.3057,1.0000,0.0000,1,3
207,177,SimpleResolver.java,M,7,2,22,0.1068,0.0097,205,bwelling,0,0.0000,0.0000,0.0000,0,0
207,722,FindResolver.java,M,22,1,124,0.9841,0.0079,125,bwelling,7,0.1429,1.0000,0.0000,1,6
207,723,FindServer.java,M,22,1,124,0.9841,0.0079,125,bwelling,0,0.0000,0.0000,0.0000,0,0
207,724,FindResolver.java,M,22,1,124,0.9841,0.0079,125,bwelling,7,0.1429,1.0000,0.0000,1,6
208,176,SimpleResolver.java,M,11,2,194,0.9372,0.0097,206,bwelling,0,0.0000,0.0000,0.0000,0,0
208,177,SimpleResolver.java,M,7,3,22,0.1063,0.0145,206,bwelling,0,0.0000,0.0000,0.0000,0,0
208,178,Resolver.java,M,11,2,194,0.9372,0.0097,206,bwelling,1,0.9947,0.9947,0.9947,1,0
208,180,Resolver.java,M,8,3,194,0.9372,0.0145,206,bwelling,1,0.9973,0.9973,0.9973,1,0
208,182,SimpleResolver.java,M,15,5,192,0.9275,0.0242,206,bwelling,3,0.0000,0.0000,0.0000,0,3
208,183,Resolver.java,M,8,6,191,0.9227,0.0290,206,bwelling,1,0.9973,0.9973,0.9973,1,0
208,184,SimpleResolver.java,M,8,6,191,0.9227,0.0290,206,bwelling,0,0.0000,0.0000,0.0000,0,0
208,186,Resolver.java,M,11,5,191,0.9227,0.0242,206,bwelling,1,0.9947,0.9947,0.9947,1,0
208,188,SimpleResolver.java,M,34,8,198,0.9565,0.0386,206,bwelling,1,1.0000,1.0000,1.0000,1,0
208,189,Resolver.java,M,34,8,198,0.9565,0.0386,206,bwelling,1,1.0000,1.0000,1.0000,1,0
208,190,SimpleResolver.java,M,34,8,198,0.9565,0.0386,206,bwelling,1,1.0000,1.0000,1.0000,1,0
208,192,Resolver.java,M,34,8,198,0.9565,0.0386,206,bwelling,1,1.0000,1.0000,1.0000,1,0
208,426,Resolver.java,M,6,4,172,0.9773,0.0227,175,bwelling,5,0.4364,0.9828,0.0000,3,2
208,429,SimpleResolver.java,M,13,5,171,0.9716,0.0284,175,bwelling,6,0.0547,0.3284,0.0000,0,5
208,430,Resolver.java,M,6,5,171,0.9716,0.0284,175,bwelling,5,0.4378,0.9896,0.0000,3,2
208,431,SimpleResolver.java,M,7,5,171,0.9716,0.0284,175,bwelling,0,0.0000,0.0000,0.0000,0,0
208,433,Resolver.java,M,6,5,171,0.9716,0.0284,175,bwelling,5,0.4375,0.9896,0.0000,3,2
208,434,Resolver.java,M,6,4,172,0.9773,0.0227,175,bwelling,5,0.4362,0.9828,0.0000,3,2
208,435,SimpleResolver.java,M,6,4,172,0.9773,0.0227,175,bwelling,2,0.5000,1.0000,0.0000,1,1
208,436,SimpleResolver.java,M,6,4,172,0.9773,0.0227,175,bwelling,2,0.5000,1.0000,0.0000,1,1
208,442,Resolver.java,M,5,8,168,0.9545,0.0455,175,bwelling,5,0.6396,1.0000,0.3699,3,0
208,444,Resolver.java,M,5,8,168,0.9545,0.0455,175,bwelling,5,0.6396,1.0000,0.3699,3,0
208,445,SimpleResolver.java,M,5,6,170,0.9659,0.0341,175,bwelling,5,0.3449,1.0000,0.0000,2,3
208,446,SimpleResolver.java,M,5,8,168,0.9545,0.0455,175,bwelling,5,0.2898,0.7246,0.0000,2,3
208,447,Resolver.java,M,5,6,170,0.9659,0.0341,175,bwelling,5,0.6921,0.9937,0.5072,5,0
208,448,SimpleResolver.java,M,5,6,170,0.9659,0.0341,175,bwelling,5,0.3449,1.0000,0.0000,2,3
208,449,SimpleResolver.java,M,7,8,168,0.9545,0.0455,175,bwelling,1,0.0000,0.0000,0.0000,0,1
208,451,Resolver.java,M,5,7,169,0.9602,0.0398,175,bwelling,5,0.6946,0.9937,0.5072,5,0
208,913,Resolver.java,M,22,1,0,0.0000,1.0000,0,bwelling,3,0.3333,1.0000,0.0000,1,2
208,914,SimpleResolver.java,M,22,1,0,0.0000,1.0000,0,bwelling,3,0.3333,1.0000,0.0000,1,2
208,915,Resolver.java,M,22,1,0,0.0000,1.0000,0,bwelling,3,0.3333,1.0000,0.0000,1,2
208,916,SimpleResolver.java,M,22,1,0,0.0000,1.0000,0,bwelling,3,0.3333,1.0000,0.0000,1,2
208,917,Resolver.java,M,21,1,0,0.0000,1.0000,0,bwelling,1,1.0000,1.0000,1.0000,1,0
208,918,SimpleResolver.java,M,21,1,0,0.0000,1.0000,0,bwelling,1,1.0000,1.0000,1.0000,1,0
208,919,Resolver.java,M,21,1,0,0.0000,1.0000,0,bwelling,1,1.0000,1.0000,1.0000,1,0
208,920,SimpleResolver.java,M,21,1,0,0.0000,1.0000,0,bwelling,1,1.0000,1.0000,1.0000,1,0
209,33,Header.java,M,5,4,203,0.9760,0.0192,207,bwelling,1,1.0000,1.0000,1.0000,1,0
209,34,Header.java,M,5,4,203,0.9760,0.0192,207,bwelling,1,1.0000,1.0000,1.0000,1,0
210,170,Resolver.java,M,5,1,79,0.3780,0.0048,208,bwelling,4,0.5000,1.0000,0.0000,2,2
210,171,SimpleResolver.java,M,5,1,79,0.3780,0.0048,208,bwelling,4,0.5000,1.0000,0.0000,2,2
210,173,Resolver.java,M,5,1,79,0.3780,0.0048,208,bwelling,4,0.5000,1.0000,0.0000,2,2
210,177,SimpleResolver.java,M,7,4,23,0.1100,0.0191,208,bwelling,0,0.0000,0.0000,0.0000,0,0
210,180,Resolver.java,M,8,4,195,0.9330,0.0191,208,bwelling,1,0.9980,0.9980,0.9980,1,0
210,183,Resolver.java,M,8,7,192,0.9187,0.0335,208,bwelling,1,0.9980,0.9980,0.9980,1,0
210,184,SimpleResolver.java,M,8,7,192,0.9187,0.0335,208,bwelling,0,0.0000,0.0000,0.0000,0,0
210,429,SimpleResolver.java,M,13,6,172,0.9663,0.0337,177,bwelling,6,0.0857,0.5145,0.0000,1,5
210,430,Resolver.java,M,6,6,172,0.9663,0.0337,177,bwelling,5,0.3534,0.9933,0.0000,1,2
210,431,SimpleResolver.java,M,7,6,172,0.9663,0.0337,177,bwelling,0,0.0000,0.0000,0.0000,0,0
210,433,Resolver.java,M,6,6,172,0.9663,0.0337,177,bwelling,5,0.3532,0.9933,0.0000,1,2
210,441,Resolver.java,M,5,6,172,0.9663,0.0337,177,bwelling,5,0.6863,0.9939,0.5423,5,0
210,442,Resolver.java,M,5,9,169,0.9494,0.0506,177,bwelling,5,0.7382,1.0000,0.5423,5,0
210,444,Resolver.java,M,5,9,169,0.9494,0.0506,177,bwelling,5,0.7382,1.0000,0.5423,5,0
210,445,SimpleResolver.java,M,5,7,171,0.9607,0.0393,177,bwelling,5,0.3600,1.0000,0.0000,2,3
210,446,SimpleResolver.java,M,5,9,169,0.9494,0.0506,177,bwelling,5,0.3200,0.8000,0.0000,2,3
210,447,Resolver.java,M,5,7,171,0.9607,0.0393,177,bwelling,5,0.7898,0.9959,0.6751,5,0
210,448,SimpleResolver.java,M,5,7,171,0.9607,0.0393,177,bwelling,5,0.3600,1.0000,0.0000,2,3
210,449,SimpleResolver.java,M,7,9,169,0.9494,0.0506,177,bwelling,1,0.0000,0.0000,0.0000,0,1
210,450,SimpleResolver.java,M,5,7,171,0.9607,0.0393,177,bwelling,1,1.0000,1.0000,1.0000,1,0
210,451,Resolver.java,M,5,8,170,0.9551,0.0449,177,bwelling,5,0.7914,0.9959,0.6751,5,0
210,453,Resolver.java,M,5,7,171,0.9607,0.0393,177,bwelling,5,0.6879,0.9939,0.5456,5,0
210,454,SimpleResolver.java,M,5,7,171,0.9607,0.0393,177,bwelling,1,1.0000,1.0000,1.0000,1,0
210,804,Resolver.java,M,5,4,73,0.9359,0.0513,77,bwelling,3,0.3333,1.0000,0.0000,1,2
210,806,Resolver.java,M,5,4,73,0.9359,0.0513,77,bwelling,3,0.3333,1.0000,0.0000,1,2
210,807,SimpleResolver.java,M,9,4,73,0.9359,0.0513,77,bwelling,6,0.0857,0.5145,0.0000,1,5
210,808,SimpleResolver.java,M,5,4,73,0.9359,0.0513,77,bwelling,0,0.0000,0.0000,0.0000,0,0
210,917,Resolver.java,M,21,2,1,0.3333,0.6667,2,bwelling,1,1.0000,1.0000,1.0000,1,0
210,918,SimpleResolver.java,M,21,2,1,0.3333,0.6667,2,bwelling,1,1.0000,1.0000,1.0000,1,0
210,919,Resolver.java,M,21,2,1,0.3333,0.6667,2,bwelling,1,1.0000,1.0000,1.0000,1,0
210,920,SimpleResolver.java,M,21,2,1,0.3333,0.6667,2,bwelling,1,1.0000,1.0000,1.0000,1,0
211,177,SimpleResolver.java,M,7,5,23,0.1095,0.0238,209,bwelling,0,0.0000,0.0000,0.0000,0,0
214,887,dns.java,M,44,5,28,0.8485,0.1515,32,bwelling,7,0.2844,1.0000,0.0000,1,2
214,888,dns.java,M,44,5,28,0.8485,0.1515,32,bwelling,7,0.2844,1.0000,0.0000,1,2
215,930,ExtendedResolver.java,M,36,1,2,0.5000,0.2500,3,bwelling,3,0.3333,1.0000,0.0000,1,2
215,931,ExtendedResolver.java,M,36,1,2,0.5000,0.2500,3,bwelling,3,0.3333,1.0000,0.0000,1,2
216,710,jnamed.java,M,11,2,147,0.9671,0.0132,151,bwelling,3,0.2261,0.6784,0.0000,1,2
216,711,jnamed.java,M,11,1,147,0.9671,0.0066,151,bwelling,3,0.2261,0.6784,0.0000,1,2
217,930,ExtendedResolver.java,M,36,2,3,0.5000,0.3333,5,bwelling,3,0.3333,1.0000,0.0000,1,2
217,931,ExtendedResolver.java,M,36,2,3,0.5000,0.3333,5,bwelling,3,0.3333,1.0000,0.0000,1,2
218,37,Header.java,M,11,4,212,0.9770,0.0184,216,bwelling,1,0.0045,0.0045,0.0045,0,1
218,38,Header.java,M,5,4,212,0.9770,0.0184,216,bwelling,5,0.1946,0.9070,0.0000,1,4
218,40,Header.java,M,10,3,213,0.9816,0.0138,216,bwelling,2,0.5000,1.0000,0.0000,1,1
218,41,Header.java,M,10,3,213,0.9816,0.0138,216,bwelling,2,0.5000,1.0000,0.0000,1,1
218,44,Header.java,M,9,2,213,0.9816,0.0092,216,bwelling,2,0.0000,0.0000,0.0000,0,2
218,50,Header.java,M,5,2,213,0.9816,0.0092,216,bwelling,5,0.1814,0.9070,0.0000,1,4
219,889,dns.java,M,8,2,36,0.9474,0.0526,37,bwelling,2,0.5000,1.0000,0.0000,1,1
219,890,dns.java,M,8,2,36,0.9474,0.0526,37,bwelling,2,0.5000,1.0000,0.0000,1,1
220,177,SimpleResolver.java,M,7,6,31,0.1416,0.0274,218,bwelling,0,0.0000,0.0000,0.0000,0,0
220,926,ExtendedResolver.java,M,15,1,7,0.7778,0.1111,8,bwelling,5,0.2000,1.0000,0.0000,1,4
220,927,ExtendedResolver.java,M,15,1,7,0.7778,0.1111,8,bwelling,5,0.2000,1.0000,0.0000,1,4
220,930,ExtendedResolver.java,M,36,3,5,0.5556,0.3333,8,bwelling,3,0.3333,1.0000,0.0000,1,2
220,931,ExtendedResolver.java,M,36,3,5,0.5556,0.3333,8,bwelling,3,0.3333,1.0000,0.0000,1,2
222,176,SimpleResolver.java,M,11,3,207,0.9367,0.0136,220,bwelling,0,0.0000,0.0000,0.0000,0,0
222,177,SimpleResolver.java,M,7,7,32,0.1448,0.0317,220,bwelling,0,0.0000,0.0000,0.0000,0,0
222,182,SimpleResolver.java,M,15,6,205,0.9276,0.0271,220,bwelling,5,0.0000,0.0000,0.0000,0,5
222,184,SimpleResolver.java,M,8,8,203,0.9186,0.0362,220,bwelling,0,0.0000,0.0000,0.0000,0,0
222,188,SimpleResolver.java,M,34,9,211,0.9548,0.0407,220,bwelling,1,1.0000,1.0000,1.0000,1,0
222,190,SimpleResolver.java,M,34,9,211,0.9548,0.0407,220,bwelling,1,1.0000,1.0000,1.0000,1,0
222,314,SimpleResolver.java,M,48,9,200,0.9569,0.0431,208,bwelling,1,1.0000,1.0000,1.0000,1,0
222,318,SimpleResolver.java,M,48,9,200,0.9569,0.0431,208,bwelling,1,1.0000,1.0000,1.0000,1,0
222,429,SimpleResolver.java,M,13,7,183,0.9632,0.0368,189,bwelling,6,0.1087,0.6525,0.0000,1,5
222,431,SimpleResolver.java,M,7,7,183,0.9632,0.0368,189,bwelling,0,0.0000,0.0000,0.0000,0,0
222,435,SimpleResolver.java,M,6,5,185,0.9737,0.0263,189,bwelling,2,0.5000,1.0000,0.0000,1,1
222,436,SimpleResolver.java,M,6,5,185,0.9737,0.0263,189,bwelling,2,0.5000,1.0000,0.0000,1,1
222,445,SimpleResolver.java,M,5,8,182,0.9579,0.0421,189,bwelling,5,0.3713,1.0000,0.0000,2,3
222,446,SimpleResolver.java,M,5,10,180,0.9474,0.0526,189,bwelling,5,0.3425,0.8563,0.0000,2,3
222,448,SimpleResolver.java,M,5,8,182,0.9579,0.0421,189,bwelling,5,0.3713,1.0000,0.0000,2,3
222,449,SimpleResolver.java,M,7,10,180,0.9474,0.0526,189,bwelling,1,0.0000,0.0000,0.0000,0,1
222,450,SimpleResolver.java,M,5,8,182,0.9579,0.0421,189,bwelling,1,1.0000,1.0000,1.0000,1,0
222,454,SimpleResolver.java,M,5,8,182,0.9579,0.0421,189,bwelling,1,1.0000,1.0000,1.0000,1,0
222,807,SimpleResolver.java,M,9,5,84,0.9333,0.0556,89,bwelling,6,0.1087,0.6525,0.0000,1,5
222,808,SimpleResolver.java,M,5,5,84,0.9333,0.0556,89,bwelling,0,0.0000,0.0000,0.0000,0,0
222,918,SimpleResolver.java,M,21,3,12,0.8000,0.2000,14,bwelling,5,0.6000,1.0000,0.0000,3,2
222,920,SimpleResolver.java,M,21,3,12,0.8000,0.2000,14,bwelling,5,0.6000,1.0000,0.0000,3,2
222,934,ExtendedResolver.java,M,21,1,0,0.0000,1.0000,0,bwelling,5,0.6000,1.0000,0.0000,3,2
222,935,ExtendedResolver.java,M,21,1,0,0.0000,1.0000,0,bwelling,5,0.6000,1.0000,0.0000,3,2
223,188,SimpleResolver.java,M,34,10,211,0.9505,0.0450,221,bwelling,1,1.0000,1.0000,1.0000,1,0
223,190,SimpleResolver.java,M,34,10,211,0.9505,0.0450,221,bwelling,1,1.0000,1.0000,1.0000,1,0
223,201,SimpleResolver.java,M,79,13,208,0.9369,0.0586,221,bwelling,1,1.0000,1.0000,1.0000,1,0
223,202,SimpleResolver.java,M,79,13,208,0.9369,0.0586,221,bwelling,1,1.0000,1.0000,1.0000,1,0
223,314,SimpleResolver.java,M,48,10,200,0.9524,0.0476,209,bwelling,1,1.0000,1.0000,1.0000,1,0
223,318,SimpleResolver.java,M,48,10,200,0.9524,0.0476,209,bwelling,1,1.0000,1.0000,1.0000,1,0
223,429,SimpleResolver.java,M,13,8,183,0.9581,0.0419,190,bwelling,6,0.1219,0.7312,0.0000,1,5
223,431,SimpleResolver.java,M,7,8,183,0.9581,0.0419,190,bwelling,0,0.0000,0.0000,0.0000,0,0
223,445,SimpleResolver.java,M,5,9,182,0.9529,0.0471,190,bwelling,5,0.3777,1.0000,0.0000,2,3
223,446,SimpleResolver.java,M,5,11,180,0.9424,0.0576,190,bwelling,5,0.3555,0.8886,0.0000,2,3
223,448,SimpleResolver.java,M,5,9,182,0.9529,0.0471,190,bwelling,5,0.3777,1.0000,0.0000,2,3
223,449,SimpleResolver.java,M,7,11,180,0.9424,0.0576,190,bwelling,1,0.0000,0.0000,0.0000,0,1
223,450,SimpleResolver.java,M,5,9,182,0.9529,0.0471,190,bwelling,1,1.0000,1.0000,1.0000,1,0
223,454,SimpleResolver.java,M,5,9,182,0.9529,0.0471,190,bwelling,1,1.0000,1.0000,1.0000,1,0
223,807,SimpleResolver.java,M,9,6,84,0.9231,0.0659,90,bwelling,6,0.1219,0.7312,0.0000,1,5
223,808,SimpleResolver.java,M,5,6,84,0.9231,0.0659,90,bwelling,0,0.0000,0.0000,0.0000,0,0
223,887,dns.java,M,44,6,36,0.8571,0.1429,41,bwelling,7,0.2430,1.0000,0.0000,1,6
223,888,dns.java,M,44,6,36,0.8571,0.1429,41,bwelling,7,0.2430,1.0000,0.0000,1,6
223,942,WorkerThread.java,M,17,1,0,0.0000,0.5000,1,bwelling,4,0.5000,1.0000,0.0000,2,2
223,943,WorkerThread.java,M,17,1,0,0.0000,0.5000,1,bwelling,4,0.5000,1.0000,0.0000,2,2
223,944,WorkerThread.java,M,17,1,0,0.0000,0.5000,1,bwelling,4,0.5000,1.0000,0.0000,2,2
226,342,Header.java,M,5,5,202,0.9758,0.0242,206,bwelling,10,0.0222,0.0521,0.0000,0,10
226,344,Header.java,M,5,5,202,0.9758,0.0242,206,bwelling,4,0.0018,0.0036,0.0000,0,4
226,932,Message.java,M,9,1,7,0.7778,0.1111,8,bwelling,0,0.0000,0.0000,0.0000,0,0
226,933,Message.java,M,8,1,7,0.7778,0.1111,8,bwelling,2,0.0000,0.0000,0.0000,0,2
230,429,SimpleResolver.java,M,13,9,189,0.9545,0.0455,197,bwelling,7,0.2557,1.0000,0.0000,2,5
230,431,SimpleResolver.java,M,7,9,189,0.9545,0.0455,197,bwelling,0,0.0000,0.0000,0.0000,0,0
230,448,SimpleResolver.java,M,5,10,188,0.9495,0.0505,197,bwelling,5,0.3350,0.9128,0.0000,2,3
230,449,SimpleResolver.java,M,7,12,186,0.9394,0.0606,197,bwelling,1,0.0000,0.0000,0.0000,0,1
230,807,SimpleResolver.java,M,9,7,90,0.9184,0.0714,97,bwelling,7,0.2557,1.0000,0.0000,2,5
230,808,SimpleResolver.java,M,5,7,90,0.9184,0.0714,97,bwelling,0,0.0000,0.0000,0.0000,0,0
230,907,FindServer.java,M,29,1,23,0.9583,0.0417,23,bwelling,2,1.0000,1.0000,1.0000,2,0
230,908,FindServer.java,M,29,1,23,0.9583,0.0417,23,bwelling,2,1.0000,1.0000,1.0000,2,0
230,930,ExtendedResolver.java,M,36,4,14,0.7368,0.2105,18,bwelling,1,1.0000,1.0000,1.0000,1,0
230,931,ExtendedResolver.java,M,36,4,14,0.7368,0.2105,18,bwelling,1,1.0000,1.0000,1.0000,1,0
230,939,WorkerThread.java,M,11,1,7,0.7778,0.1111,8,bwelling,5,0.2000,1.0000,0.0000,1,4
230,940,WorkerThread.java,M,11,1,7,0.7778,0.1111,8,bwelling,5,0.2000,1.0000,0.0000,1,4
230,947,ExtendedResolver.java,M,13,1,0,0.0000,1.0000,0,bwelling,7,0.2857,1.0000,0.0000,2,5
230,948,ExtendedResolver.java,M,5,1,0,0.0000,1.0000,0,bwelling,2,1.0000,1.0000,1.0000,2,0
230,949,WorkerThread.java,M,11,1,0,0.0000,1.0000,0,bwelling,4,0.5000,1.0000,0.0000,2,2
230,950,WorkerThread.java,M,11,1,0,0.0000,1.0000,0,bwelling,4,0.5000,1.0000,0.0000,2,2
230,951,WorkerThread.java,M,11,1,0,0.0000,1.0000,0,bwelling,4,0.5000,1.0000,0.0000,2,2
231,928,ExtendedResolver.java,M,23,1,18,0.9000,0.0500,19,bwelling,4,0.2500,1.0000,0.0000,1,3
231,929,ExtendedResolver.java,M,23,1,18,0.9000,0.0500,19,bwelling,4,0.2500,1.0000,0.0000,1,3
231,955,ExtendedResolver.java,M,6,1,0,0.0000,1.0000,0,bwelling,4,0.0000,0.0000,0.0000,0,4
231,956,ExtendedResolver.java,M,5,1,0,0.0000,1.0000,0,bwelling,5,0.0000,0.0000,0.0000,0,5
231,957,ExtendedResolver.java,M,6,1,0,0.0000,1.0000,0,bwelling,5,0.0000,0.0000,0.0000,0,5
231,958,ExtendedResolver.java,M,8,1,0,0.0000,1.0000,0,bwelling,7,0.0000,0.0000,0.0000,0,7
232,104,Name.java,M,6,4,226,0.9784,0.0173,230,bwelling,3,0.3333,1.0000,0.0000,1,2
232,106,Name.java,M,6,4,226,0.9784,0.0173,230,bwelling,3,0.3333,1.0000,0.0000,1,2
232,108,Name.java,M,5,3,227,0.9827,0.0130,230,bwelling,1,1.0000,1.0000,1.0000,1,0
232,109,Name.java,M,5,3,227,0.9827,0.0130,230,bwelling,1,1.0000,1.0000,1.0000,1,0
232,112,Name.java,M,9,5,225,0.9740,0.0216,230,bwelling,1,1.0000,1.0000,1.0000,1,0
232,113,Name.java,M,9,5,225,0.9740,0.0216,230,bwelling,1,1.0000,1.0000,1.0000,1,0
232,117,Name.java,M,6,5,166,0.7186,0.0216,230,bwelling,0,0.0000,0.0000,0.0000,0,0
232,389,md5.java,M,5,1,199,0.9900,0.0050,200,bwelling,8,0.3750,1.0000,0.0000,3,5
232,390,md5.java,M,5,1,199,0.9900,0.0050,200,bwelling,8,0.3750,1.0000,0.0000,3,5
232,391,md5.java,M,5,1,199,0.9900,0.0050,200,bwelling,8,0.3750,1.0000,0.0000,3,5
232,392,md5.java,M,5,1,199,0.9900,0.0050,200,bwelling,8,0.3750,1.0000,0.0000,3,5
232,393,md5.java,M,5,1,199,0.9900,0.0050,200,bwelling,3,1.0000,1.0000,1.0000,3,0
232,394,md5.java,M,5,1,199,0.9900,0.0050,200,bwelling,3,1.0000,1.0000,1.0000,3,0
232,395,md5.java,M,5,1,199,0.9900,0.0050,200,bwelling,3,1.0000,1.0000,1.0000,3,0
232,396,md5.java,M,5,1,199,0.9900,0.0050,200,bwelling,3,1.0000,1.0000,1.0000,3,0
232,421,md5.java,M,10,2,198,0.9851,0.0100,200,bwelling,1,1.0000,1.0000,1.0000,1,0
232,422,md5.java,M,10,2,198,0.9851,0.0100,200,bwelling,1,1.0000,1.0000,1.0000,1,0
232,643,Name.java,M,18,5,180,0.9730,0.0270,184,bwelling,1,1.0000,1.0000,1.0000,1,0
232,645,Name.java,M,18,5,180,0.9730,0.0270,184,bwelling,1,1.0000,1.0000,1.0000,1,0
232,676,base16.java,M,11,1,172,0.9885,0.0057,173,bwelling,1,1.0000,1.0000,1.0000,1,0
232,677,base16.java,M,11,1,172,0.9885,0.0057,173,bwelling,1,1.0000,1.0000,1.0000,1,0
232,762,StringValueTable.java,M,5,1,137,0.9856,0.0072,138,bwelling,0,0.0000,0.0000,0.0000,0,0
232,763,StringValueTable.java,M,5,1,137,0.9856,0.0072,138,bwelling,3,0.0000,0.0000,0.0000,0,3
232,794,DataByteOutputStream.java,M,6,1,103,0.9810,0.0095,104,bwelling,1,1.0000,1.0000,1.0000,1,0
232,795,DataByteOutputStream.java,M,6,1,103,0.9810,0.0095,104,bwelling,1,1.0000,1.0000,1.0000,1,0
232,796,DataByteOutputStream.java,M,10,1,103,0.9810,0.0095,104,bwelling,1,1.0000,1.0000,1.0000,1,0
232,797,DataByteOutputStream.java,M,10,1,103,0.9810,0.0095,104,bwelling,1,1.0000,1.0000,1.0000,1,0
232,798,DataByteOutputStream.java,M,9,1,103,0.9810,0.0095,104,bwelling,0,0.0000,0.0000,0.0000,0,0
232,799,DataByteOutputStream.java,M,9,1,103,0.9810,0.0095,104,bwelling,6,0.0000,0.0000,0.0000,0,6
232,809,DataByteInputStream.java,M,5,1,96,0.9796,0.0102,97,bwelling,2,0.0000,0.0000,0.0000,0,2
232,810,DataByteInputStream.java,M,6,1,96,0.9796,0.0102,97,bwelling,3,0.0000,0.0000,0.0000,0,3
232,865,dns.java,M,10,2,66,0.9706,0.0294,67,bwelling,0,0.0000,0.0000,0.0000,0,0
232,866,dns.java,M,8,2,66,0.9706,0.0294,67,bwelling,6,0.0000,0.0000,0.0000,0,6
232,867,dns.java,M,10,2,66,0.9706,0.0294,67,bwelling,2,0.0000,0.0000,0.0000,0,2
232,868,dns.java,M,7,2,66,0.9706,0.0294,67,bwelling,3,0.0000,0.0000,0.0000,0,3
232,887,dns.java,M,44,7,44,0.8627,0.1373,50,bwelling,7,0.2153,1.0000,0.0000,1,6
232,888,dns.java,M,44,7,44,0.8627,0.1373,50,bwelling,7,0.2153,1.0000,0.0000,1,6
233,271,hmacSigner.java,M,12,3,226,0.9826,0.0130,229,bwelling,1,0.9986,0.9986,0.9986,1,0
233,273,hmacSigner.java,M,12,4,225,0.9783,0.0174,229,bwelling,1,0.9986,0.9986,0.9986,1,0
233,361,hmacSigner.java,M,8,1,213,0.9953,0.0047,213,bwelling,8,0.0000,0.0000,0.0000,0,8
233,362,hmacSigner.java,M,7,1,213,0.9953,0.0047,213,bwelling,0,0.0000,0.0000,0.0000,0,0
237,756,Opcode.java,M,5,1,142,0.9861,0.0069,143,bwelling,1,1.0000,1.0000,1.0000,1,0
237,757,Opcode.java,M,5,1,142,0.9861,0.0069,143,bwelling,1,1.0000,1.0000,1.0000,1,0
237,758,Rcode.java,M,16,1,142,0.9861,0.0069,143,bwelling,2,0.0000,0.0000,0.0000,0,2
237,759,Rcode.java,M,15,1,142,0.9861,0.0069,143,bwelling,0,0.0000,0.0000,0.0000,0,0
238,738,Flags.java,M,8,2,142,0.9793,0.0138,144,bwelling,0,0.0000,0.0000,0.0000,0,0
238,739,Flags.java,M,7,2,142,0.9793,0.0138,144,bwelling,1,0.0000,0.0000,0.0000,0,1
238,740,Section.java,M,8,1,143,0.9862,0.0069,144,bwelling,6,0.1667,1.0000,0.0000,1,5
238,741,Section.java,M,8,1,143,0.9862,0.0069,144,bwelling,6,0.1667,1.0000,0.0000,1,5
238,754,Flags.java,M,5,1,143,0.9862,0.0069,144,bwelling,2,0.5000,1.0000,0.0000,1,1
238,755,Flags.java,M,5,1,143,0.9862,0.0069,144,bwelling,2,0.5000,1.0000,0.0000,1,1
239,847,NameSet.java,M,7,5,75,0.9259,0.0617,80,bwelling,1,0.0000,0.0000,0.0000,0,1
239,848,NameSet.java,M,5,5,75,0.9259,0.0617,80,bwelling,6,0.0181,0.1089,0.0000,0,6
239,851,NameSet.java,M,10,1,78,0.9630,0.0123,80,bwelling,0,0.0000,0.0000,0.0000,0,0
239,852,NameSet.java,M,5,1,78,0.9630,0.0123,80,bwelling,6,0.0000,0.0000,0.0000,0,6
239,891,NameSet.java,M,15,3,45,0.9375,0.0625,47,bwelling,1,1.0000,1.0000,1.0000,1,0
239,892,NameSet.java,M,15,3,45,0.9375,0.0625,47,bwelling,1,1.0000,1.0000,1.0000,1,0
241,947,ExtendedResolver.java,M,13,2,10,0.8333,0.1667,11,bwelling,7,0.1195,0.4182,0.0000,0,5
241,948,ExtendedResolver.java,M,5,2,10,0.8333,0.1667,11,bwelling,2,0.4182,0.4182,0.4182,0,0
241,955,ExtendedResolver.java,M,6,2,9,0.8182,0.1818,10,bwelling,3,0.0000,0.0000,0.0000,0,3
241,956,ExtendedResolver.java,M,5,2,9,0.8182,0.1818,10,bwelling,5,0.0000,0.0000,0.0000,0,5
241,957,ExtendedResolver.java,M,6,2,9,0.8182,0.1818,10,bwelling,5,0.0000,0.0000,0.0000,0,5
241,958,ExtendedResolver.java,M,8,2,9,0.8182,0.1818,10,bwelling,7,0.0000,0.0000,0.0000,0,7
241,959,ExtendedResolver.java,M,5,1,9,0.8182,0.0909,10,bwelling,6,0.1667,1.0000,0.0000,1,5
241,960,ExtendedResolver.java,M,5,1,9,0.8182,0.0909,10,bwelling,6,0.1667,1.0000,0.0000,1,5
241,963,ExtendedResolver.java,M,12,1,0,0.0000,1.0000,0,bwelling,1,1.0000,1.0000,1.0000,1,0
241,964,ExtendedResolver.java,M,12,1,0,0.0000,1.0000,0,bwelling,1,1.0000,1.0000,1.0000,1,0
241,965,ExtendedResolver.java,M,50,1,0,0.0000,1.0000,0,bwelling,2,0.5000,1.0000,0.0000,1,1
241,966,ExtendedResolver.java,M,50,1,0,0.0000,1.0000,0,bwelling,2,0.5000,1.0000,0.0000,1,1
243,939,WorkerThread.java,M,11,2,19,0.8636,0.0909,21,bwelling,5,0.2000,1.0000,0.0000,1,4
243,940,WorkerThread.java,M,11,2,19,0.8636,0.0909,21,bwelling,5,0.2000,1.0000,0.0000,1,4
243,952,WorkerThread.java,M,25,1,12,0.8571,0.0714,13,bwelling,2,0.5000,1.0000,0.0000,1,1
243,953,WorkerThread.java,M,25,1,12,0.8571,0.0714,13,bwelling,0,0.0000,0.0000,0.0000,0,0
243,954,WorkerThread.java,M,25,1,12,0.8571,0.0714,13,bwelling,2,0.5000,1.0000,0.0000,1,1
244,907,FindServer.java,M,29,2,36,0.9474,0.0526,37,bwelling,2,0.6278,1.0000,0.2556,1,0
244,908,FindServer.java,M,29,2,36,0.9474,0.0526,37,bwelling,2,0.6278,1.0000,0.2556,1,0
246,33,Header.java,M,5,5,239,0.9755,0.0204,244,bwelling,1,1.0000,1.0000,1.0000,1,0
246,34,Header.java,M,5,5,239,0.9755,0.0204,244,bwelling,1,1.0000,1.0000,1.0000,1,0
247,154,Record.java,M,5,2,243,0.9878,0.0081,245,bwelling,10,0.1950,0.9683,0.0000,2,8
247,475,ARecord.java,M,5,2,205,0.9903,0.0097,206,bwelling,6,0.0000,0.0000,0.0000,0,6
247,477,Record.java,M,5,2,204,0.9855,0.0097,206,bwelling,10,0.2040,1.0000,0.0000,2,8
247,479,Record.java,M,5,2,204,0.9855,0.0097,206,bwelling,10,0.2040,1.0000,0.0000,2,8
247,482,ARecord.java,M,5,2,205,0.9903,0.0097,206,bwelling,8,0.0072,0.0120,0.0000,0,8
247,537,Record.java,M,13,6,201,0.9710,0.0290,206,bwelling,1,0.0526,0.0526,0.0526,0,1
247,564,UNKRecord.java,M,5,1,204,0.9903,0.0049,205,bwelling,2,0.0000,0.0000,0.0000,0,2
247,569,UNKRecord.java,M,6,1,204,0.9903,0.0049,205,bwelling,3,0.0000,0.0000,0.0000,0,3
247,605,UNKRecord.java,M,5,1,204,0.9903,0.0049,205,bwelling,1,1.0000,1.0000,1.0000,1,0
247,606,UNKRecord.java,M,5,1,204,0.9903,0.0049,205,bwelling,1,1.0000,1.0000,1.0000,1,0
247,736,DClass.java,M,9,1,152,0.9870,0.0065,153,bwelling,3,0.0000,0.0000,0.0000,0,3
247,737,DClass.java,M,7,1,152,0.9870,0.0065,153,bwelling,1,0.0000,0.0000,0.0000,0,1
247,825,Record.java,M,7,2,91,0.9785,0.0215,92,bwelling,1,1.0000,1.0000,1.0000,1,0
247,826,Record.java,M,7,2,91,0.9785,0.0215,92,bwelling,1,1.0000,1.0000,1.0000,1,0
247,863,Master.java,M,20,1,83,0.9765,0.0118,84,bwelling,1,1.0000,1.0000,1.0000,1,0
247,864,Master.java,M,20,1,83,0.9765,0.0118,84,bwelling,1,1.0000,1.0000,1.0000,1,0
248,47,MXRecord.java,M,5,2,244,0.9879,0.0081,246,bwelling,3,0.6077,0.9900,0.0000,2,1
248,49,MXRecord.java,M,8,2,244,0.9879,0.0081,246,bwelling,8,0.2531,0.9978,0.0000,2,6
248,54,NXTRecord.java,M,10,6,240,0.9717,0.0243,246,bwelling,1,0.9994,0.9994,0.9994,1,0
248,57,KEYRecord.java,M,7,3,243,0.9838,0.0121,246,bwelling,5,0.2023,1.0000,0.0000,1,4
248,58,KEYRecord.java,M,7,3,243,0.9838,0.0121,246,bwelling,2,0.5000,1.0000,0.0000,1,1
248,64,KEYRecord.java,M,11,3,243,0.9838,0.0121,246,bwelling,7,0.2789,0.9922,0.0000,2,5
248,66,KEYRecord.java,M,11,3,243,0.9838,0.0121,246,bwelling,3,0.6101,0.9900,0.0000,2,1
248,93,MXRecord.java,M,5,3,243,0.9838,0.0121,246,bwelling,5,0.1988,0.9825,0.0000,1,4
248,94,MXRecord.java,M,5,3,243,0.9838,0.0121,246,bwelling,7,0.2846,0.9980,0.0000,2,5
248,124,NXTRecord.java,M,5,4,242,0.9798,0.0162,246,bwelling,8,0.2531,0.9978,0.0000,2,6
248,126,NXTRecord.java,M,5,4,242,0.9798,0.0162,246,bwelling,7,0.2856,0.9922,0.0000,2,5
248,128,NXTRecord.java,M,12,5,241,0.9757,0.0202,246,bwelling,1,1.0000,1.0000,1.0000,1,0
248,129,NXTRecord.java,M,12,5,241,0.9757,0.0202,246,bwelling,1,1.0000,1.0000,1.0000,1,0
248,134,NXTRecord.java,M,10,5,241,0.9757,0.0202,246,bwelling,1,0.9994,0.9994,0.9994,1,0
248,157,SOARecord.java,M,10,6,240,0.9717,0.0243,246,bwelling,0,0.0000,0.0000,0.0000,0,0
248,164,SIGRecord.java,M,12,6,240,0.9717,0.0243,246,bwelling,1,0.9994,0.9994,0.9994,1,0
248,207,SIGRecord.java,M,12,3,243,0.9838,0.0121,246,bwelling,1,1.0000,1.0000,1.0000,1,0
248,208,SIGRecord.java,M,12,3,243,0.9838,0.0121,246,bwelling,1,1.0000,1.0000,1.0000,1,0
248,209,SOARecord.java,M,10,4,242,0.9798,0.0162,246,bwelling,1,0.0117,0.0117,0.0117,0,1
248,212,SOARecord.java,M,10,4,242,0.9798,0.0162,246,bwelling,5,0.0000,0.0000,0.0000,0,5
248,220,SIGRecord.java,M,15,5,241,0.9757,0.0202,246,bwelling,0,0.0000,0.0000,0.0000,0,0
248,226,SOARecord.java,M,11,4,242,0.9798,0.0162,246,bwelling,0,0.0000,0.0000,0.0000,0,0
248,228,SOARecord.java,M,12,4,242,0.9798,0.0162,246,bwelling,1,0.0000,0.0000,0.0000,0,1
248,258,SIGRecord.java,M,12,7,238,0.9714,0.0286,244,bwelling,1,0.9994,0.9994,0.9994,1,0
248,298,HINFORecord.java,M,5,2,237,0.9875,0.0083,239,bwelling,8,0.2503,0.9902,0.0000,2,6
248,299,HINFORecord.java,M,5,2,237,0.9875,0.0083,239,bwelling,7,0.2840,0.9980,0.0000,2,5
248,303,HINFORecord.java,M,6,3,236,0.9833,0.0125,239,bwelling,7,0.0000,0.0000,0.0000,0,7
248,489,HINFORecord.java,M,5,5,203,0.9760,0.0240,207,bwelling,7,0.2702,0.9483,0.0000,2,5
248,490,HINFORecord.java,M,5,5,203,0.9760,0.0240,207,bwelling,2,0.0425,0.0425,0.0425,0,2
248,496,KEYRecord.java,M,10,2,206,0.9904,0.0096,207,bwelling,5,0.1680,0.8402,0.0000,1,4
248,497,KEYRecord.java,M,7,2,206,0.9904,0.0096,207,bwelling,2,0.0000,0.0000,0.0000,0,2
248,500,KEYRecord.java,M,12,3,205,0.9856,0.0144,207,bwelling,5,0.3980,1.0000,0.0000,2,3
248,502,KEYRecord.java,M,14,3,205,0.9856,0.0144,207,bwelling,0,0.0000,0.0000,0.0000,0,0
248,521,MXRecord.java,M,7,4,204,0.9808,0.0192,207,bwelling,7,0.2790,0.9922,0.0000,2,5
248,522,MXRecord.java,M,6,4,204,0.9808,0.0192,207,bwelling,1,0.0195,0.0195,0.0195,0,1
248,548,SIGRecord.java,M,21,4,204,0.9808,0.0192,207,bwelling,10,0.0025,0.0078,0.0000,0,10
248,549,SIGRecord.java,M,21,4,204,0.9808,0.0192,207,bwelling,1,0.0000,0.0000,0.0000,0,1
248,571,CERTRecord.java,M,7,2,204,0.9855,0.0097,206,bwelling,2,0.5000,1.0000,0.0000,1,1
248,573,CERTRecord.java,M,7,2,204,0.9855,0.0097,206,bwelling,5,0.2020,1.0000,0.0000,1,4
248,575,CERTRecord.java,M,11,3,203,0.9807,0.0145,206,bwelling,3,0.5578,0.8402,0.0000,2,1
248,578,CERTRecord.java,M,10,3,203,0.9807,0.0145,206,bwelling,5,0.1680,0.8402,0.0000,1,4
248,579,CERTRecord.java,M,7,2,204,0.9855,0.0097,206,bwelling,5,0.0000,0.0000,0.0000,0,5
248,580,CERTRecord.java,M,9,2,204,0.9855,0.0097,206,bwelling,5,0.3930,0.9825,0.0000,2,3
248,583,CERTRecord.java,M,12,2,204,0.9855,0.0097,206,bwelling,5,0.3980,1.0000,0.0000,2,3
248,585,CERTRecord.java,M,6,2,204,0.9855,0.0097,206,bwelling,5,0.1981,0.9825,0.0000,1,4
248,897,OPTRecord.java,M,12,2,52,0.9630,0.0370,53,bwelling,6,0.0000,0.0000,0.0000,0,6
248,898,OPTRecord.java,M,7,2,52,0.9630,0.0370,53,bwelling,3,0.0000,0.0000,0.0000,0,3
252,177,SimpleResolver.java,M,7,8,61,0.2430,0.0319,250,bwelling,0,0.0000,0.0000,0.0000,0,0
252,957,ExtendedResolver.java,M,6,3,19,0.8636,0.1364,21,bwelling,5,0.0000,0.0000,0.0000,0,5
252,958,ExtendedResolver.java,M,8,3,19,0.8636,0.1364,21,bwelling,7,0.0000,0.0000,0.0000,0,7
252,967,FindServer.java,M,25,1,0,0.0000,1.0000,0,bwelling,7,0.2857,1.0000,0.0000,2,5
252,968,FindServer.java,M,25,1,0,0.0000,1.0000,0,bwelling,7,0.2857,1.0000,0.0000,2,5
252,969,FindServer.java,M,5,1,0,0.0000,1.0000,0,bwelling,4,0.5000,1.0000,0.0000,2,2
252,970,FindServer.java,M,8,1,0,0.0000,1.0000,0,bwelling,4,0.5000,1.0000,0.0000,2,2
252,971,FindServer.java,M,51,1,0,0.0000,1.0000,0,bwelling,2,0.5000,1.0000,0.0000,1,1
252,972,FindServer.java,M,51,1,0,0.0000,1.0000,0,bwelling,2,0.5000,1.0000,0.0000,1,1
252,977,FindServer.java,M,6,1,0,0.0000,1.0000,0,bwelling,0,0.0000,0.0000,0.0000,0,0
252,978,FindServer.java,M,12,1,0,0.0000,1.0000,0,bwelling,4,0.5000,1.0000,0.0000,2,2
253,104,Name.java,M,6,5,246,0.9762,0.0198,251,bwelling,3,0.3333,1.0000,0.0000,1,2
253,106,Name.java,M,6,5,246,0.9762,0.0198,251,bwelling,3,0.3333,1.0000,0.0000,1,2
253,108,Name.java,M,5,4,247,0.9802,0.0159,251,bwelling,1,1.0000,1.0000,1.0000,1,0
253,109,Name.java,M,5,4,247,0.9802,0.0159,251,bwelling,1,1.0000,1.0000,1.0000,1,0
253,112,Name.java,M,9,6,245,0.9722,0.0238,251,bwelling,1,1.0000,1.0000,1.0000,1,0
253,113,Name.java,M,9,6,245,0.9722,0.0238,251,bwelling,1,1.0000,1.0000,1.0000,1,0
253,615,Name.java,M,36,3,208,0.9858,0.0142,210,bwelling,3,0.3333,1.0000,0.0000,1,2
253,616,Name.java,M,36,3,208,0.9858,0.0142,210,bwelling,3,0.3333,1.0000,0.0000,1,2
253,643,Name.java,M,18,6,200,0.9709,0.0291,205,bwelling,1,1.0000,1.0000,1.0000,1,0
253,645,Name.java,M,18,6,200,0.9709,0.0291,205,bwelling,1,1.0000,1.0000,1.0000,1,0
254,615,Name.java,M,36,4,208,0.9811,0.0189,211,bwelling,3,0.3333,1.0000,0.0000,1,2
254,616,Name.java,M,36,4,208,0.9811,0.0189,211,bwelling,3,0.3333,1.0000,0.0000,1,2
256,947,ExtendedResolver.java,M,13,3,24,0.8889,0.1111,26,bwelling,8,0.0547,0.2187,0.0000,0,6
256,948,ExtendedResolver.java,M,5,3,24,0.8889,0.1111,26,bwelling,0,0.0000,0.0000,0.0000,0,0
256,959,ExtendedResolver.java,M,5,2,23,0.8846,0.0769,25,bwelling,4,0.2500,1.0000,0.0000,1,3
256,960,ExtendedResolver.java,M,5,2,23,0.8846,0.0769,25,bwelling,4,0.2500,1.0000,0.0000,1,3
256,965,ExtendedResolver.java,M,50,2,14,0.8750,0.1250,15,bwelling,1,1.0000,1.0000,1.0000,1,0
256,966,ExtendedResolver.java,M,50,2,14,0.8750,0.1250,15,bwelling,1,1.0000,1.0000,1.0000,1,0
258,887,dns.java,M,44,8,69,0.8961,0.1039,76,bwelling,5,0.2633,1.0000,0.0791,1,4
258,888,dns.java,M,44,8,69,0.8961,0.1039,76,bwelling,5,0.2633,1.0000,0.0791,1,4
258,889,dns.java,M,8,3,74,0.9610,0.0390,76,bwelling,2,0.5000,1.0000,0.0000,1,1
258,890,dns.java,M,8,3,74,0.9610,0.0390,76,bwelling,2,0.5000,1.0000,0.0000,1,1
259,957,ExtendedResolver.java,M,6,4,25,0.8621,0.1379,28,bwelling,5,0.0000,0.0000,0.0000,0,5
259,958,ExtendedResolver.java,M,8,4,25,0.8621,0.1379,28,bwelling,8,0.1250,1.0000,0.0000,1,7
259,963,ExtendedResolver.java,M,12,2,17,0.8947,0.1053,18,bwelling,1,1.0000,1.0000,1.0000,1,0
259,964,ExtendedResolver.java,M,12,2,17,0.8947,0.1053,18,bwelling,1,1.0000,1.0000,1.0000,1,0
259,965,ExtendedResolver.java,M,50,3,16,0.8421,0.1579,18,bwelling,1,1.0000,1.0000,1.0000,1,0
259,966,ExtendedResolver.java,M,50,3,16,0.8421,0.1579,18,bwelling,1,1.0000,1.0000,1.0000,1,0
259,979,ExtendedResolver.java,M,8,1,0,0.0000,1.0000,0,bwelling,8,0.1250,1.0000,0.0000,1,7
259,980,ExtendedResolver.java,M,5,1,0,0.0000,1.0000,0,bwelling,3,0.0000,0.0000,0.0000,0,3
261,939,WorkerThread.java,M,11,3,36,0.9000,0.0750,39,bwelling,7,0.1429,1.0000,0.0000,1,6
261,940,WorkerThread.java,M,11,3,36,0.9000,0.0750,39,bwelling,7,0.1429,1.0000,0.0000,1,6
265,967,FindServer.java,M,25,2,12,0.8571,0.1429,13,bwelling,7,0.2005,1.0000,0.0000,1,5
265,968,FindServer.java,M,25,2,12,0.8571,0.1429,13,bwelling,7,0.2005,1.0000,0.0000,1,5
265,971,FindServer.java,M,51,2,12,0.8571,0.1429,13,bwelling,2,0.5000,1.0000,0.0000,1,1
265,972,FindServer.java,M,51,2,12,0.8571,0.1429,13,bwelling,2,0.5000,1.0000,0.0000,1,1
265,973,FindServer.java,M,8,1,12,0.8571,0.0714,13,bwelling,2,0.0000,0.0000,0.0000,0,2
265,974,FindServer.java,M,6,1,12,0.8571,0.0714,13,bwelling,8,0.0000,0.0000,0.0000,0,8
266,887,dns.java,M,44,9,76,0.8941,0.1059,84,bwelling,5,0.2428,1.0000,0.0535,1,4
266,888,dns.java,M,44,9,76,0.8941,0.1059,84,bwelling,5,0.2428,1.0000,0.0535,1,4
266,889,dns.java,M,8,4,81,0.9529,0.0471,84,bwelling,2,0.5000,1.0000,0.0000,1,1
266,890,dns.java,M,8,4,81,0.9529,0.0471,84,bwelling,2,0.5000,1.0000,0.0000,1,1
266,984,dns.java,M,24,1,0,0.0000,1.0000,0,bwelling,4,0.2500,1.0000,0.0000,1,3
266,985,dns.java,M,24,1,0,0.0000,1.0000,0,bwelling,4,0.2500,1.0000,0.0000,1,3
267,382,TSIGRecord.java,M,32,6,235,0.9751,0.0249,240,bwelling,1,1.0000,1.0000,1.0000,1,0
267,383,TSIGRecord.java,M,32,6,235,0.9751,0.0249,240,bwelling,1,1.0000,1.0000,1.0000,1,0
267,500,KEYRecord.java,M,12,4,223,0.9824,0.0176,226,bwelling,5,0.2724,1.0000,0.0000,1,3
267,502,KEYRecord.java,M,14,4,223,0.9824,0.0176,226,bwelling,0,0.0000,0.0000,0.0000,0,0
267,548,SIGRecord.java,M,21,5,222,0.9780,0.0220,226,bwelling,10,0.0010,0.0029,0.0000,0,10
267,549,SIGRecord.java,M,21,5,222,0.9780,0.0220,226,bwelling,1,0.0000,0.0000,0.0000,0,1
267,583,CERTRecord.java,M,12,3,222,0.9823,0.0133,225,bwelling,5,0.2724,1.0000,0.0000,1,3
267,585,CERTRecord.java,M,6,3,222,0.9823,0.0133,225,bwelling,4,0.0904,0.3589,0.0000,0,3
267,861,Master.java,M,18,1,103,0.9810,0.0095,104,bwelling,1,1.0000,1.0000,1.0000,1,0
267,862,Master.java,M,18,1,103,0.9810,0.0095,104,bwelling,1,1.0000,1.0000,1.0000,1,0
267,990,base64.java,M,16,1,0,0.0000,1.0000,0,bwelling,1,1.0000,1.0000,1.0000,1,0
267,991,base64.java,M,16,1,0,0.0000,1.0000,0,bwelling,1,1.0000,1.0000,1.0000,1,0
268,213,TSIGRecord.java,M,10,5,261,0.9775,0.0187,266,bwelling,8,0.0001,0.0011,0.0000,0,8
268,216,TSIGRecord.java,M,10,5,261,0.9775,0.0187,266,bwelling,1,0.0042,0.0042,0.0042,0,1
268,250,TXTRecord.java,M,5,3,263,0.9850,0.0112,266,bwelling,4,0.2493,0.9964,0.0000,1,3
268,251,TXTRecord.java,M,9,3,263,0.9850,0.0112,266,bwelling,1,0.0009,0.0009,0.0009,0,1
268,455,SRVRecord.java,M,6,2,232,0.9872,0.0085,234,bwelling,4,0.2472,0.9880,0.0000,1,3
268,458,SRVRecord.java,M,13,2,232,0.9872,0.0085,234,bwelling,8,0.2478,0.9922,0.0000,2,6
268,460,SRVRecord.java,M,7,3,231,0.9830,0.0128,234,bwelling,5,0.0015,0.0042,0.0000,0,5
268,462,SRVRecord.java,M,7,3,231,0.9830,0.0128,234,bwelling,0,0.0000,0.0000,0.0000,0,0
268,464,SRVRecord.java,M,6,4,230,0.9787,0.0170,234,bwelling,1,0.0070,0.0070,0.0070,0,1
268,465,SRVRecord.java,M,7,4,230,0.9787,0.0170,234,bwelling,8,0.0015,0.0070,0.0000,0,8
268,468,SRVRecord.java,M,6,4,230,0.9787,0.0170,234,bwelling,4,0.2483,0.9880,0.0000,1,3
268,470,SRVRecord.java,M,5,4,230,0.9787,0.0170,234,bwelling,8,0.2499,0.9909,0.0000,2,6
269,28,Header.java,M,5,4,263,0.9813,0.0149,267,bwelling,6,0.0000,0.0000,0.0000,0,6
269,30,Header.java,M,5,4,263,0.9813,0.0149,267,bwelling,3,0.0000,0.0000,0.0000,0,3
269,33,Header.java,M,5,6,261,0.9739,0.0224,267,bwelling,1,1.0000,1.0000,1.0000,1,0
269,34,Header.java,M,5,6,261,0.9739,0.0224,267,bwelling,1,1.0000,1.0000,1.0000,1,0
269,40,Header.java,M,10,4,263,0.9813,0.0149,267,bwelling,2,0.5000,1.0000,0.0000,1,1
269,41,Header.java,M,10,4,263,0.9813,0.0149,267,bwelling,2,0.5000,1.0000,0.0000,1,1
269,342,Header.java,M,5,6,244,0.9760,0.0240,249,bwelling,10,0.0043,0.0122,0.0000,0,10
269,344,Header.java,M,5,6,244,0.9760,0.0240,249,bwelling,4,0.0002,0.0005,0.0000,0,4
269,869,Address.java,M,7,1,101,0.9806,0.0097,102,bwelling,2,0.5000,1.0000,0.0000,1,1
269,870,Address.java,M,7,1,101,0.9806,0.0097,102,bwelling,2,0.5000,1.0000,0.0000,1,1
269,871,Address.java,M,11,1,101,0.9806,0.0097,102,bwelling,5,0.2000,1.0000,0.0000,1,4
269,872,Address.java,M,11,1,101,0.9806,0.0097,102,bwelling,5,0.2000,1.0000,0.0000,1,4
270,823,RRset.java,M,8,2,115,0.9829,0.0171,116,bwelling,1,1.0000,1.0000,1.0000,1,0
270,824,RRset.java,M,8,2,115,0.9829,0.0171,116,bwelling,1,1.0000,1.0000,1.0000,1,0
272,375,TSIG.java,M,7,6,241,0.9757,0.0243,246,bwelling,3,0.3338,0.9994,0.0009,1,2
272,376,TSIG.java,M,7,7,240,0.9717,0.0283,246,bwelling,3,0.3338,0.9994,0.0009,1,2
272,379,TSIG.java,M,9,6,241,0.9757,0.0243,246,bwelling,5,0.0025,0.0125,0.0000,0,5
272,380,TSIG.java,M,7,7,240,0.9717,0.0283,246,bwelling,2,0.0000,0.0000,0.0000,0,2
272,822,TSIG.java,M,6,2,128,0.9846,0.0154,129,bwelling,0,0.0000,0.0000,0.0000,0,0
273,939,WorkerThread.java,M,11,4,47,0.9038,0.0769,51,bwelling,7,0.1429,1.0000,0.0000,1,6
273,940,WorkerThread.java,M,11,4,47,0.9038,0.0769,51,bwelling,7,0.1429,1.0000,0.0000,1,6
274,314,SimpleResolver.java,M,48,11,250,0.9579,0.0421,260,bwelling,1,1.0000,1.0000,1.0000,1,0
274,318,SimpleResolver.java,M,48,11,250,0.9579,0.0421,260,bwelling,1,1.0000,1.0000,1.0000,1,0
276,911,FindServer.java,M,5,1,67,0.9571,0.0143,69,bwelling,2,0.5000,1.0000,0.0000,1,1
276,912,FindServer.java,M,5,1,67,0.9571,0.0143,69,bwelling,2,0.5000,1.0000,0.0000,1,1
276,967,FindServer.java,M,25,3,22,0.8800,0.1200,24,bwelling,7,0.1744,1.0000,0.0000,1,5
276,968,FindServer.java,M,25,3,22,0.8800,0.1200,24,bwelling,7,0.1744,1.0000,0.0000,1,5
276,969,FindServer.java,M,5,2,23,0.9200,0.0800,24,bwelling,4,0.1637,0.3274,0.0000,0,2
276,977,FindServer.java,M,6,2,23,0.9200,0.0800,24,bwelling,0,0.0000,0.0000,0.0000,0,0
278,223,SIGRecord.java,M,17,1,273,0.9856,0.0036,276,bwelling,0,0.0000,0.0000,0.0000,0,0
278,224,SIGRecord.java,M,10,1,273,0.9856,0.0036,276,bwelling,5,0.1312,0.6562,0.0000,1,4
278,477,Record.java,M,5,3,234,0.9832,0.0126,237,bwelling,10,0.2713,1.0000,0.0000,3,6
278,489,HINFORecord.java,M,5,6,232,0.9748,0.0252,237,bwelling,8,0.0712,0.2850,0.0000,0,6
278,490,HINFORecord.java,M,5,6,232,0.9748,0.0252,237,bwelling,3,0.4751,0.7126,0.0000,2,1
278,504,KEYRecord.java,M,7,5,231,0.9706,0.0210,237,bwelling,1,0.0000,0.0000,0.0000,0,1
278,505,KEYRecord.java,M,10,5,231,0.9706,0.0210,237,bwelling,5,0.0006,0.0015,0.0000,0,5
278,506,SRVRecord.java,M,7,4,232,0.9748,0.0168,237,bwelling,4,0.0000,0.0000,0.0000,0,4
278,509,SRVRecord.java,M,6,4,232,0.9748,0.0168,237,bwelling,6,0.1530,0.9177,0.0000,1,5
278,512,SOARecord.java,M,11,5,231,0.9706,0.0210,237,bwelling,0,0.0000,0.0000,0.0000,0,0
278,513,MXRecord.java,M,5,5,231,0.9706,0.0210,237,bwelling,3,0.5709,1.0000,0.0000,2,1
278,514,SOARecord.java,M,13,5,231,0.9706,0.0210,237,bwelling,7,0.0002,0.0006,0.0000,0,7
278,515,MXRecord.java,M,5,5,231,0.9706,0.0210,237,bwelling,3,0.5709,1.0000,0.0000,2,1
278,524,NXTRecord.java,M,12,5,231,0.9706,0.0210,237,bwelling,10,0.2441,1.0000,0.0000,3,7
278,526,NXTRecord.java,M,12,5,231,0.9706,0.0210,237,bwelling,10,0.2441,1.0000,0.0000,3,7
278,556,TSIGRecord.java,M,19,6,231,0.9706,0.0252,237,bwelling,0,0.0000,0.0000,0.0000,0,0
278,561,TXTRecord.java,M,5,4,232,0.9748,0.0168,237,bwelling,3,0.0000,0.0000,0.0000,0,3
278,562,TXTRecord.java,M,9,4,232,0.9748,0.0168,237,bwelling,0,0.0000,0.0000,0.0000,0,0
278,587,CERTRecord.java,M,6,6,229,0.9662,0.0253,236,bwelling,6,0.1530,0.9177,0.0000,1,5
278,589,CERTRecord.java,M,7,6,229,0.9662,0.0253,236,bwelling,7,0.0000,0.0000,0.0000,0,7
278,899,OPTRecord.java,M,12,1,81,0.9643,0.0119,83,bwelling,1,1.0000,1.0000,1.0000,1,0
278,900,OPTRecord.java,M,12,1,81,0.9643,0.0119,83,bwelling,1,1.0000,1.0000,1.0000,1,0
279,506,SRVRecord.java,M,7,5,232,0.9707,0.0209,238,bwelling,4,0.0000,0.0000,0.0000,0,4
279,992,SRVRecord.java,M,7,1,0,0.0000,0.5000,1,bwelling,7,0.0000,0.0000,0.0000,0,7
280,667,Message.java,M,11,3,223,0.9738,0.0131,228,bwelling,1,1.0000,1.0000,1.0000,1,0
280,668,Message.java,M,11,3,223,0.9738,0.0131,228,bwelling,1,1.0000,1.0000,1.0000,1,0
280,999,Section.java,M,16,1,0,0.0000,1.0000,0,bwelling,3,0.0000,0.0000,0.0000,0,3
280,1000,Section.java,M,15,1,0,0.0000,1.0000,0,bwelling,1,0.0000,0.0000,0.0000,0,1
281,84,Message.java,M,12,5,274,0.9786,0.0179,279,bwelling,0,0.0000,0.0000,0.0000,0,0
281,85,Message.java,M,7,5,274,0.9786,0.0179,279,bwelling,5,0.2418,0.9448,0.0355,1,4
281,88,Message.java,M,5,9,269,0.9607,0.0321,279,bwelling,0,0.0000,0.0000,0.0000,0,0
281,201,SimpleResolver.java,M,79,14,265,0.9464,0.0500,279,bwelling,1,1.0000,1.0000,1.0000,1,0
281,202,SimpleResolver.java,M,79,14,265,0.9464,0.0500,279,bwelling,1,1.0000,1.0000,1.0000,1,0
281,283,Message.java,M,5,7,268,0.9745,0.0255,274,bwelling,5,0.2470,0.9448,0.0355,1,4
281,314,SimpleResolver.java,M,48,12,256,0.9552,0.0448,267,bwelling,1,1.0000,1.0000,1.0000,1,0
281,318,SimpleResolver.java,M,48,12,256,0.9552,0.0448,267,bwelling,1,1.0000,1.0000,1.0000,1,0
281,336,TSIG.java,M,34,10,254,0.9621,0.0379,263,bwelling,1,1.0000,1.0000,1.0000,1,0
281,338,TSIG.java,M,34,10,254,0.9621,0.0379,263,bwelling,1,1.0000,1.0000,1.0000,1,0
281,633,update.java,M,15,9,228,0.9580,0.0378,237,bwelling,3,0.6660,0.9990,0.0000,2,1
281,634,update.java,M,10,7,230,0.9664,0.0294,237,bwelling,7,0.1430,0.9990,0.0000,1,6
281,635,update.java,M,15,8,229,0.9622,0.0336,237,bwelling,3,0.6663,1.0000,0.0000,2,1
281,636,update.java,M,15,8,229,0.9622,0.0336,237,bwelling,3,0.6663,1.0000,0.0000,2,1
281,637,update.java,M,10,6,231,0.9706,0.0252,237,bwelling,7,0.1430,0.9990,0.0000,1,6
281,783,jnamed.java,M,8,3,159,0.9815,0.0185,161,bwelling,0,0.0000,0.0000,0.0000,0,0
283,957,ExtendedResolver.java,M,6,5,48,0.9057,0.0943,52,bwelling,6,0.0000,0.0000,0.0000,0,6
283,958,ExtendedResolver.java,M,8,5,48,0.9057,0.0943,52,bwelling,8,0.1250,1.0000,0.0000,1,7
283,979,ExtendedResolver.java,M,8,2,23,0.9200,0.0800,24,bwelling,8,0.1250,1.0000,0.0000,1,7
283,980,ExtendedResolver.java,M,5,2,23,0.9200,0.0800,24,bwelling,3,0.0000,0.0000,0.0000,0,3
284,176,SimpleResolver.java,M,11,4,268,0.9470,0.0141,282,bwelling,0,0.0000,0.0000,0.0000,0,0
284,177,SimpleResolver.java,M,7,9,92,0.3251,0.0318,282,bwelling,0,0.0000,0.0000,0.0000,0,0
284,182,SimpleResolver.java,M,15,7,266,0.9399,0.0247,282,bwelling,7,0.0400,0.1400,0.0000,0,7
284,184,SimpleResolver.java,M,8,9,264,0.9329,0.0318,282,bwelling,0,0.0000,0.0000,0.0000,0,0
284,429,SimpleResolver.java,M,13,10,242,0.9603,0.0397,251,bwelling,8,0.0599,0.3755,0.0000,0,7
284,431,SimpleResolver.java,M,7,10,242,0.9603,0.0397,251,bwelling,0,0.0000,0.0000,0.0000,0,0
284,445,SimpleResolver.java,M,5,10,242,0.9603,0.0397,251,bwelling,5,0.3494,0.8919,0.0000,2,3
284,446,SimpleResolver.java,M,5,12,240,0.9524,0.0476,251,bwelling,5,0.3627,0.9584,0.0000,2,3
284,448,SimpleResolver.java,M,5,11,241,0.9563,0.0437,251,bwelling,5,0.3701,0.9584,0.0000,2,3
284,449,SimpleResolver.java,M,7,13,239,0.9484,0.0516,251,bwelling,2,0.0000,0.0000,0.0000,0,2
284,450,SimpleResolver.java,M,5,10,242,0.9603,0.0397,251,bwelling,1,1.0000,1.0000,1.0000,1,0
284,454,SimpleResolver.java,M,5,10,242,0.9603,0.0397,251,bwelling,1,1.0000,1.0000,1.0000,1,0
285,710,jnamed.java,M,11,3,215,0.9729,0.0136,220,bwelling,3,0.3165,0.9496,0.0000,1,2
285,711,jnamed.java,M,11,2,215,0.9729,0.0090,220,bwelling,3,0.3165,0.9496,0.0000,1,2
285,777,RRset.java,M,5,2,168,0.9655,0.0115,173,bwelling,7,0.0520,0.3639,0.0000,0,6
285,779,RRset.java,M,5,2,168,0.9655,0.0115,173,bwelling,0,0.0000,0.0000,0.0000,0,0
285,827,Cache.java,M,7,4,124,0.9612,0.0310,128,bwelling,1,1.0000,1.0000,1.0000,1,0
285,828,Cache.java,M,7,4,124,0.9612,0.0310,128,bwelling,1,1.0000,1.0000,1.0000,1,0
285,845,Cache.java,M,14,6,121,0.9528,0.0472,126,bwelling,0,0.0000,0.0000,0.0000,0,0
285,846,Cache.java,M,5,6,121,0.9528,0.0472,126,bwelling,5,0.3508,0.9035,0.0000,2,3
285,849,NameSet.java,M,5,4,122,0.9606,0.0315,126,bwelling,5,0.0000,0.0000,0.0000,0,5
285,850,NameSet.java,M,5,4,122,0.9606,0.0315,126,bwelling,0,0.0000,0.0000,0.0000,0,0
285,855,Zone.java,M,6,3,124,0.9764,0.0236,126,bwelling,1,1.0000,1.0000,1.0000,1,0
285,856,Zone.java,M,6,3,124,0.9764,0.0236,126,bwelling,1,1.0000,1.0000,1.0000,1,0
285,857,Zone.java,M,7,1,126,0.9921,0.0079,126,bwelling,1,1.0000,1.0000,1.0000,1,0
285,858,Zone.java,M,7,1,126,0.9921,0.0079,126,bwelling,1,1.0000,1.0000,1.0000,1,0
285,877,Cache.java,M,5,3,109,0.9732,0.0268,111,bwelling,2,0.5000,1.0000,0.0000,1,1
285,878,Cache.java,M,5,3,109,0.9732,0.0268,111,bwelling,2,0.5000,1.0000,0.0000,1,1
285,887,dns.java,M,44,10,94,0.9038,0.0962,103,bwelling,5,0.2239,1.0000,0.0257,1,4
285,888,dns.java,M,44,10,94,0.9038,0.0962,103,bwelling,5,0.2239,1.0000,0.0257,1,4
285,891,NameSet.java,M,15,4,90,0.9574,0.0426,93,bwelling,1,1.0000,1.0000,1.0000,1,0
285,892,NameSet.java,M,15,4,90,0.9574,0.0426,93,bwelling,1,1.0000,1.0000,1.0000,1,0
285,893,TypeClass.java,M,7,1,90,0.9783,0.0109,91,bwelling,1,1.0000,1.0000,1.0000,1,0
285,894,TypeClass.java,M,7,1,90,0.9783,0.0109,91,bwelling,1,1.0000,1.0000,1.0000,1,0
285,1001,Cache.java,M,39,1,0,0.0000,1.0000,0,bwelling,7,0.1429,1.0000,0.0000,1,6
285,1002,Cache.java,M,39,1,0,0.0000,1.0000,0,bwelling,7,0.1429,1.0000,0.0000,1,6
285,1003,CacheResponse.java,M,5,1,0,0.0000,1.0000,0,bwelling,8,0.1250,1.0000,0.0000,1,7
285,1004,CacheResponse.java,M,5,1,0,0.0000,1.0000,0,bwelling,8,0.1250,1.0000,0.0000,1,7
285,1005,CacheResponse.java,M,7,1,0,0.0000,1.0000,0,bwelling,10,0.1000,1.0000,0.0000,1,9
285,1006,CacheResponse.java,M,7,1,0,0.0000,1.0000,0,bwelling,10,0.1000,1.0000,0.0000,1,9
285,1007,NameSet.java,M,31,1,0,0.0000,1.0000,0,bwelling,1,1.0000,1.0000,1.0000,1,0
285,1008,NameSet.java,M,31,1,0,0.0000,1.0000,0,bwelling,1,1.0000,1.0000,1.0000,1,0
286,849,NameSet.java,M,5,5,122,0.9531,0.0391,127,bwelling,5,0.0000,0.0000,0.0000,0,5
286,891,NameSet.java,M,15,5,90,0.9474,0.0526,94,bwelling,1,1.0000,1.0000,1.0000,1,0
286,892,NameSet.java,M,15,5,90,0.9474,0.0526,94,bwelling,1,1.0000,1.0000,1.0000,1,0
286,1007,NameSet.java,M,31,2,0,0.0000,1.0000,1,bwelling,1,1.0000,1.0000,1.0000,1,0
286,1008,NameSet.java,M,31,2,0,0.0000,1.0000,1,bwelling,1,1.0000,1.0000,1.0000,1,0
288,691,Zone.java,M,22,4,95,0.4148,0.0175,228,bwelling,1,1.0000,1.0000,1.0000,1,0
288,693,Zone.java,M,22,4,95,0.4148,0.0175,228,bwelling,1,1.0000,1.0000,1.0000,1,0
288,710,jnamed.java,M,11,4,217,0.9688,0.0179,223,bwelling,3,0.3246,0.9738,0.0000,1,2
288,766,Zone.java,M,8,2,49,0.2722,0.0111,179,bwelling,5,0.2000,1.0000,0.0000,1,4
288,767,Zone.java,M,11,2,49,0.2722,0.0111,179,bwelling,3,0.0000,0.0000,0.0000,0,3
288,821,jnamed.java,M,9,3,145,0.9797,0.0203,147,bwelling,6,0.1667,1.0000,0.0000,1,5
288,1001,Cache.java,M,39,2,2,0.5000,0.5000,3,bwelling,7,0.1429,1.0000,0.0000,1,6
288,1002,Cache.java,M,39,2,2,0.5000,0.5000,3,bwelling,7,0.1429,1.0000,0.0000,1,6
288,1003,CacheResponse.java,M,5,2,2,0.5000,0.5000,3,bwelling,10,0.1000,1.0000,0.0000,1,9
288,1004,CacheResponse.java,M,5,2,2,0.5000,0.5000,3,bwelling,10,0.1000,1.0000,0.0000,1,9
288,1005,CacheResponse.java,M,7,2,2,0.5000,0.5000,3,bwelling,12,0.0833,1.0000,0.0000,1,11
288,1006,CacheResponse.java,M,7,2,2,0.5000,0.5000,3,bwelling,12,0.0833,1.0000,0.0000,1,11
288,1009,Cache.java,M,5,1,0,0.0000,1.0000,0,bwelling,3,0.0000,0.0000,0.0000,0,3
288,1010,Cache.java,M,8,1,0,0.0000,1.0000,0,bwelling,5,0.2000,1.0000,0.0000,1,4
288,1017,jnamed.java,M,19,1,0,0.0000,1.0000,0,bwelling,6,0.1667,1.0000,0.0000,1,5
290,766,Zone.java,M,8,3,50,0.2747,0.0165,181,bwelling,5,0.2696,1.0000,0.0000,1,3
290,767,Zone.java,M,11,3,50,0.2747,0.0165,181,bwelling,3,0.0000,0.0000,0.0000,0,3
290,827,Cache.java,M,7,5,128,0.9552,0.0373,133,bwelling,1,1.0000,1.0000,1.0000,1,0
290,828,Cache.java,M,7,5,128,0.9552,0.0373,133,bwelling,1,1.0000,1.0000,1.0000,1,0
290,841,Cache.java,M,10,4,128,0.9697,0.0303,131,bwelling,6,0.1589,0.9537,0.0000,1,5
290,842,Cache.java,M,10,4,128,0.9697,0.0303,131,bwelling,5,0.4866,0.9508,0.0000,3,2
290,843,Cache.java,M,7,4,128,0.9697,0.0303,131,bwelling,5,0.1060,0.5302,0.0000,1,4
290,844,Cache.java,M,5,4,128,0.9697,0.0303,131,bwelling,5,0.3165,0.5560,0.0000,2,2
290,845,Cache.java,M,14,7,125,0.9470,0.0530,131,bwelling,0,0.0000,0.0000,0.0000,0,0
290,846,Cache.java,M,5,7,125,0.9470,0.0530,131,bwelling,5,0.4723,0.9508,0.0000,3,2
290,849,NameSet.java,M,5,6,125,0.9470,0.0455,131,bwelling,5,0.0000,0.0000,0.0000,0,5
290,850,NameSet.java,M,5,5,126,0.9545,0.0379,131,bwelling,0,0.0000,0.0000,0.0000,0,0
290,855,Zone.java,M,6,4,128,0.9697,0.0303,131,bwelling,1,1.0000,1.0000,1.0000,1,0
290,856,Zone.java,M,6,4,128,0.9697,0.0303,131,bwelling,1,1.0000,1.0000,1.0000,1,0
290,877,Cache.java,M,5,4,113,0.9658,0.0342,116,bwelling,3,0.5050,1.0000,0.0000,2,1
290,878,Cache.java,M,5,4,113,0.9658,0.0342,116,bwelling,3,0.5050,1.0000,0.0000,2,1
290,891,NameSet.java,M,15,6,93,0.9394,0.0606,98,bwelling,1,1.0000,1.0000,1.0000,1,0
290,892,NameSet.java,M,15,6,93,0.9394,0.0606,98,bwelling,1,1.0000,1.0000,1.0000,1,0
290,1009,Cache.java,M,5,2,1,0.3333,0.6667,2,bwelling,3,0.3433,0.5150,0.0000,2,1
290,1010,Cache.java,M,8,2,1,0.3333,0.6667,2,bwelling,5,0.3030,1.0000,0.0000,2,3
294,865,dns.java,M,10,3,127,0.9769,0.0231,129,bwelling,0,0.0000,0.0000,0.0000,0,0
294,866,dns.java,M,8,3,127,0.9769,0.0231,129,bwelling,5,0.0000,0.0000,0.0000,0,5
298,871,Address.java,M,11,2,129,0.9773,0.0152,131,bwelling,6,0.1667,1.0000,0.0000,1,5
298,872,Address.java,M,11,2,129,0.9773,0.0152,131,bwelling,6,0.1667,1.0000,0.0000,1,5
298,1018,Address.java,M,18,1,0,0.0000,1.0000,0,bwelling,2,0.5000,1.0000,0.0000,1,1
298,1019,Address.java,M,18,1,0,0.0000,1.0000,0,bwelling,2,0.5000,1.0000,0.0000,1,1
299,691,Zone.java,M,22,5,105,0.4375,0.0208,239,bwelling,1,1.0000,1.0000,1.0000,1,0
299,693,Zone.java,M,22,5,105,0.4375,0.0208,239,bwelling,1,1.0000,1.0000,1.0000,1,0
299,766,Zone.java,M,8,4,58,0.3037,0.0209,190,bwelling,5,0.3104,1.0000,0.0000,2,3
299,767,Zone.java,M,11,4,58,0.3037,0.0209,190,bwelling,3,0.0000,0.0000,0.0000,0,3
299,821,jnamed.java,M,9,4,155,0.9748,0.0252,158,bwelling,6,0.1667,1.0000,0.0000,1,5
299,887,dns.java,M,44,11,107,0.9068,0.0932,117,bwelling,5,0.2160,1.0000,0.0181,1,4
299,888,dns.java,M,44,11,107,0.9068,0.0932,117,bwelling,5,0.2160,1.0000,0.0181,1,4
299,1001,Cache.java,M,39,3,12,0.8000,0.2000,14,bwelling,7,0.1429,1.0000,0.0000,1,6
299,1002,Cache.java,M,39,3,12,0.8000,0.2000,14,bwelling,7,0.1429,1.0000,0.0000,1,6
299,1009,Cache.java,M,5,3,9,0.7500,0.2500,11,bwelling,3,0.2050,0.3075,0.0000,0,1
299,1010,Cache.java,M,8,3,9,0.7500,0.2500,11,bwelling,5,0.3421,1.0000,0.0000,2,3
299,1017,jnamed.java,M,19,2,10,0.8333,0.1667,11,bwelling,6,0.1667,1.0000,0.0000,1,5
300,952,WorkerThread.java,M,25,2,68,0.9577,0.0282,70,bwelling,3,0.3333,1.0000,0.0000,1,2
300,953,WorkerThread.java,M,25,2,68,0.9577,0.0282,70,bwelling,0,0.0000,0.0000,0.0000,0,0
300,954,WorkerThread.java,M,25,2,68,0.9577,0.0282,70,bwelling,3,0.3333,1.0000,0.0000,1,2
305,939,WorkerThread.java,M,11,5,78,0.9286,0.0595,83,bwelling,7,0.1429,1.0000,0.0000,1,6
305,940,WorkerThread.java,M,11,5,78,0.9286,0.0595,83,bwelling,7,0.1429,1.0000,0.0000,1,6
305,952,WorkerThread.java,M,25,3,72,0.9474,0.0395,75,bwelling,3,0.3333,1.0000,0.0000,1,2
305,953,WorkerThread.java,M,25,3,72,0.9474,0.0395,75,bwelling,0,0.0000,0.0000,0.0000,0,0
305,954,WorkerThread.java,M,25,3,72,0.9474,0.0395,75,bwelling,3,0.3333,1.0000,0.0000,1,2
307,154,Record.java,M,5,3,302,0.9869,0.0098,305,bwelling,10,0.0210,0.1040,0.0000,0,10
308,154,Record.java,M,5,4,302,0.9837,0.0130,306,bwelling,10,0.0914,0.4564,0.0000,0,8
308,477,Record.java,M,5,4,263,0.9813,0.0149,267,bwelling,10,0.1980,1.0000,0.0000,1,6
308,479,Record.java,M,5,3,264,0.9851,0.0112,267,bwelling,10,0.1980,1.0000,0.0000,1,6
308,528,Record.java,M,27,8,260,0.9701,0.0299,267,bwelling,3,0.3329,0.9987,0.0000,1,2
308,532,Record.java,M,27,6,261,0.9739,0.0224,267,bwelling,3,0.3329,0.9987,0.0000,1,2
309,965,ExtendedResolver.java,M,50,4,65,0.9420,0.0580,68,bwelling,1,1.0000,1.0000,1.0000,1,0
309,966,ExtendedResolver.java,M,50,4,65,0.9420,0.0580,68,bwelling,1,1.0000,1.0000,1.0000,1,0
309,1026,ExtendedResolver.java,M,7,1,0,0.0000,1.0000,0,bwelling,1,1.0000,1.0000,1.0000,1,0
309,1027,ExtendedResolver.java,M,7,1,0,0.0000,1.0000,0,bwelling,1,1.0000,1.0000,1.0000,1,0
310,823,RRset.java,M,8,3,154,0.9809,0.0191,156,bwelling,1,1.0000,1.0000,1.0000,1,0
310,824,RRset.java,M,8,3,154,0.9809,0.0191,156,bwelling,1,1.0000,1.0000,1.0000,1,0
310,1028,RRset.java,M,9,1,0,0.0000,1.0000,0,bwelling,0,0.0000,0.0000,0.0000,0,0
310,1029,RRset.java,M,5,1,0,0.0000,1.0000,0,bwelling,3,0.0000,0.0000,0.0000,0,3
312,947,ExtendedResolver.java,M,13,4,78,0.9398,0.0482,82,bwelling,6,0.1379,0.7805,0.0000,1,5
314,429,SimpleResolver.java,M,13,11,271,0.9610,0.0390,281,bwelling,6,0.0841,0.4752,0.0000,0,5
314,445,SimpleResolver.java,M,5,11,271,0.9610,0.0390,281,bwelling,2,0.9452,0.9539,0.9366,2,0
314,446,SimpleResolver.java,M,5,13,269,0.9539,0.0461,281,bwelling,2,0.9592,0.9818,0.9366,2,0
314,448,SimpleResolver.java,M,5,12,270,0.9574,0.0426,281,bwelling,2,0.9679,0.9818,0.9539,2,0
314,807,SimpleResolver.java,M,9,8,172,0.9451,0.0440,181,bwelling,6,0.1530,0.4752,0.0000,0,4
314,957,ExtendedResolver.java,M,6,6,78,0.9286,0.0714,83,bwelling,3,0.0000,0.0000,0.0000,0,3
314,958,ExtendedResolver.java,M,8,6,78,0.9286,0.0714,83,bwelling,2,0.5000,1.0000,0.0000,1,1
314,979,ExtendedResolver.java,M,8,3,53,0.9464,0.0536,55,bwelling,2,0.5000,1.0000,0.0000,1,1
320,746,Section.java,M,10,1,223,0.9824,0.0044,226,bwelling,2,0.0000,0.0000,0.0000,0,2
321,805,update.java,M,5,3,186,0.9841,0.0159,188,bwelling,2,0.0000,0.0000,0.0000,0,2
326,500,KEYRecord.java,M,12,5,281,0.9825,0.0175,285,bwelling,2,0.1055,0.2110,0.0000,0,1
336,311,Message.java,M,7,3,300,0.9146,0.0091,327,bwelling,1,0.0166,0.0166,0.0166,0,1
337,1035,MyStringTokenizer.java,M,5,1,0,0.0000,1.0000,0,bwelling,0,0.0000,0.0000,0.0000,0,0
341,154,Record.java,M,5,5,334,0.9824,0.0147,339,bwelling,6,0.2454,0.7359,0.0001,2,4
341,477,Record.java,M,5,5,295,0.9801,0.0166,300,bwelling,6,0.3216,1.0000,0.0000,2,4
341,479,Record.java,M,5,4,296,0.9834,0.0133,300,bwelling,6,0.3216,1.0000,0.0000,2,4
343,1036,LOCRecord.java,M,8,1,0,0.0000,0.5000,1,bwelling,3,0.0000,0.0000,0.0000,0,3
343,1037,LOCRecord.java,M,9,1,0,0.0000,0.5000,1,bwelling,2,0.0000,0.0000,0.0000,0,2
344,1036,LOCRecord.java,M,8,2,0,0.0000,0.6667,2,bwelling,3,0.0000,0.0000,0.0000,0,3
344,1037,LOCRecord.java,M,9,2,0,0.0000,0.6667,2,bwelling,2,0.0000,0.0000,0.0000,0,2
357,776,RRset.java,M,5,2,241,0.9797,0.0081,245,bwelling,3,0.3037,0.9111,0.0000,1,2
362,429,SimpleResolver.java,M,13,12,318,0.9636,0.0364,329,bwelling,4,0.2015,0.6200,0.0000,1,3
362,947,ExtendedResolver.java,M,13,5,127,0.9549,0.0376,132,bwelling,4,0.1941,0.6200,0.0000,1,3
363,1030,ResolveThread.java,M,6,1,49,0.9608,0.0196,50,bwelling,0,0.0000,0.0000,0.0000,0,0
370,835,Cache.java,M,6,4,205,0.9579,0.0187,213,bwelling,2,0.0000,0.0000,0.0000,0,2
370,836,Cache.java,M,5,1,205,0.9579,0.0047,213,bwelling,2,0.0000,0.0000,0.0000,0,2
370,849,NameSet.java,M,5,7,204,0.9623,0.0330,211,bwelling,2,0.0000,0.0000,0.0000,0,2
371,835,Cache.java,M,6,5,205,0.9535,0.0233,214,bwelling,2,0.0000,0.0000,0.0000,0,2
371,836,Cache.java,M,5,2,205,0.9535,0.0093,214,bwelling,2,0.0000,0.0000,0.0000,0,2
373,783,jnamed.java,M,8,4,250,0.9843,0.0157,253,bwelling,0,0.0000,0.0000,0.0000,0,0
373,1017,jnamed.java,M,19,3,83,0.9651,0.0349,85,bwelling,3,0.3333,1.0000,0.0000,1,2
375,835,Cache.java,M,6,6,208,0.9498,0.0274,218,bwelling,2,0.0000,0.0000,0.0000,0,2
375,836,Cache.java,M,5,3,208,0.9498,0.0137,218,bwelling,2,0.0000,0.0000,0.0000,0,2
375,1009,Cache.java,M,5,4,84,0.9545,0.0455,87,bwelling,1,0.0000,0.0000,0.0000,0,1
379,477,Record.java,M,5,6,332,0.9794,0.0177,338,bwelling,6,0.1139,0.3362,0.0000,0,4
380,835,Cache.java,M,6,7,212,0.9464,0.0313,223,bwelling,1,0.0000,0.0000,0.0000,0,1
380,836,Cache.java,M,5,4,212,0.9464,0.0179,223,bwelling,2,0.0000,0.0000,0.0000,0,2
380,841,Cache.java,M,10,5,217,0.9775,0.0225,221,bwelling,3,0.0000,0.0000,0.0000,0,3
380,1009,Cache.java,M,5,5,88,0.9462,0.0538,92,bwelling,1,0.0000,0.0000,0.0000,0,1
384,776,RRset.java,M,5,3,267,0.9780,0.0110,272,bwelling,3,0.1189,0.3567,0.0000,0,2
384,835,Cache.java,M,6,8,215,0.9430,0.0351,227,bwelling,1,0.0000,0.0000,0.0000,0,1
384,836,Cache.java,M,5,5,215,0.9430,0.0219,227,bwelling,2,0.0000,0.0000,0.0000,0,2
384,1009,Cache.java,M,5,6,91,0.9381,0.0619,96,bwelling,1,0.0000,0.0000,0.0000,0,1
386,801,DataByteOutputStream.java,M,9,1,181,0.6988,0.0039,258,bwelling,1,0.0000,0.0000,0.0000,0,1
387,1039,Name.java,M,5,1,0,0.0000,1.0000,0,bwelling,2,0.0000,0.0000,0.0000,0,2
389,1039,Name.java,M,5,2,1,0.3333,0.6667,2,bwelling,2,0.0000,0.0000,0.0000,0,2
389,1040,Name.java,M,5,1,1,0.3333,0.3333,2,bwelling,1,0.0000,0.0000,0.0000,0,1
392,322,hmacSigner.java,M,8,2,375,0.9921,0.0053,377,bwelling,6,0.0000,0.0000,0.0000,0,6
392,375,TSIG.java,M,7,7,360,0.9809,0.0191,366,bwelling,1,1.0000,1.0000,1.0000,1,0
392,376,TSIG.java,M,7,8,359,0.9782,0.0218,366,bwelling,1,1.0000,1.0000,1.0000,1,0
392,380,TSIG.java,M,7,8,359,0.9782,0.0218,366,bwelling,0,0.0000,0.0000,0.0000,0,0
395,429,SimpleResolver.java,M,13,13,350,0.9642,0.0358,362,bwelling,4,0.0764,0.2351,0.0000,0,3
400,528,Record.java,M,27,9,351,0.9750,0.0250,359,bwelling,2,0.5000,0.9999,0.0000,1,1
400,532,Record.java,M,27,7,352,0.9778,0.0194,359,bwelling,2,0.5000,0.9999,0.0000,1,1
403,348,Message.java,M,5,10,373,0.9714,0.0260,383,bwelling,2,0.0000,0.0000,0.0000,0,2
403,448,SimpleResolver.java,M,5,13,317,0.8544,0.0350,370,bwelling,1,0.0000,0.0000,0.0000,0,1
403,807,SimpleResolver.java,M,9,9,260,0.9594,0.0332,270,bwelling,4,0.0220,0.0487,0.0000,0,4
405,51,NXTRecord.java,M,10,3,400,0.9901,0.0074,403,bwelling,3,0.0000,0.0000,0.0000,0,3
405,524,NXTRecord.java,M,12,6,357,0.9781,0.0164,364,bwelling,5,0.2063,1.0000,0.0000,1,4
405,526,NXTRecord.java,M,12,6,357,0.9781,0.0164,364,bwelling,5,0.2063,1.0000,0.0000,1,4
406,1035,MyStringTokenizer.java,M,5,2,68,0.9714,0.0286,69,bwelling,0,0.0000,0.0000,0.0000,0,0
407,1039,Name.java,M,5,3,18,0.8571,0.1429,20,bwelling,2,0.0000,0.0000,0.0000,0,2
407,1040,Name.java,M,5,2,18,0.8571,0.0952,20,bwelling,1,0.0000,0.0000,0.0000,0,1
410,1035,MyStringTokenizer.java,M,5,3,71,0.9595,0.0405,73,bwelling,0,0.0000,0.0000,0.0000,0,0
412,809,DataByteInputStream.java,M,5,2,275,0.9892,0.0072,277,bwelling,0,0.0000,0.0000,0.0000,0,0
412,810,DataByteInputStream.java,M,6,2,275,0.9892,0.0072,277,bwelling,1,0.0000,0.0000,0.0000,0,1
412,820,DataByteInputStream.java,M,8,1,174,0.6259,0.0036,277,bwelling,0,0.0000,0.0000,0.0000,0,0
415,1039,Name.java,M,5,4,25,0.8621,0.1379,28,bwelling,2,0.0000,0.0000,0.0000,0,2
415,1040,Name.java,M,5,3,25,0.8621,0.1034,28,bwelling,1,0.0000,0.0000,0.0000,0,1
418,528,Record.java,M,27,10,368,0.9735,0.0265,377,bwelling,2,0.5000,1.0000,0.0000,1,1
418,532,Record.java,M,27,8,369,0.9762,0.0212,377,bwelling,2,0.5000,1.0000,0.0000,1,1
418,957,ExtendedResolver.java,M,6,7,181,0.9628,0.0372,187,bwelling,4,0.0000,0.0000,0.0000,0,4
418,958,ExtendedResolver.java,M,8,7,181,0.9628,0.0372,187,bwelling,2,0.0327,0.0655,0.0000,0,2
420,1049,SimpleResolver.java,M,8,1,0,0.0000,1.0000,0,bwelling,0,0.0000,0.0000,0.0000,0,0
420,1050,SimpleResolver.java,M,7,1,0,0.0000,1.0000,0,bwelling,5,0.0000,0.0000,0.0000,0,5
426,898,OPTRecord.java,M,7,3,229,0.9871,0.0129,231,bwelling,2,0.0000,0.0000,0.0000,0,2
429,758,Rcode.java,M,16,2,333,0.9911,0.0060,335,bwelling,1,0.0000,0.0000,0.0000,0,1
430,524,NXTRecord.java,M,12,7,381,0.9769,0.0179,389,bwelling,5,0.2025,1.0000,0.0000,1,4
430,526,NXTRecord.java,M,12,7,381,0.9769,0.0179,389,bwelling,5,0.2025,1.0000,0.0000,1,4
432,710,jnamed.java,M,11,5,360,0.9783,0.0136,367,bwelling,1,0.9993,0.9993,0.9993,1,0
432,711,jnamed.java,M,11,3,361,0.9810,0.0082,367,bwelling,1,0.9993,0.9993,0.9993,1,0
434,821,jnamed.java,M,9,5,289,0.9830,0.0170,293,bwelling,4,0.1396,0.5583,0.0000,1,3
434,1017,jnamed.java,M,19,4,143,0.9728,0.0272,146,bwelling,4,0.1396,0.5583,0.0000,1,3
435,449,SimpleResolver.java,M,7,14,265,0.6576,0.0347,402,bwelling,0,0.0000,0.0000,0.0000,0,0
440,767,Zone.java,M,11,5,197,0.5934,0.0151,331,bwelling,3,0.0000,0.0000,0.0000,0,3
441,710,jnamed.java,M,11,6,367,0.9735,0.0159,376,bwelling,1,0.6874,0.6874,0.6874,1,0
441,711,jnamed.java,M,11,4,368,0.9761,0.0106,376,bwelling,1,0.6874,0.6874,0.6874,1,0
441,783,jnamed.java,M,8,5,317,0.9845,0.0155,321,bwelling,1,1.0000,1.0000,1.0000,1,0
441,821,jnamed.java,M,9,6,295,0.9801,0.0199,300,bwelling,4,0.0884,0.3537,0.0000,0,3
441,1051,jnamed.java,M,5,1,0,0.0000,1.0000,0,bwelling,1,1.0000,1.0000,1.0000,1,0
443,767,Zone.java,M,11,6,199,0.5940,0.0179,334,bwelling,3,0.0000,0.0000,0.0000,0,3
447,711,jnamed.java,M,11,5,373,0.9739,0.0131,382,bwelling,1,0.4704,0.4704,0.4704,0,0
447,821,jnamed.java,M,9,7,300,0.9772,0.0228,306,bwelling,4,0.0615,0.2458,0.0000,0,3
449,684,jnamed.java,M,5,3,26,0.0667,0.0077,389,bwelling,2,0.0000,0.0000,0.0000,0,2
449,821,jnamed.java,M,9,8,301,0.9741,0.0259,308,bwelling,4,0.1076,0.4303,0.0000,0,3
449,1017,jnamed.java,M,19,5,157,0.9691,0.0309,161,bwelling,4,0.1076,0.4303,0.0000,0,3
456,375,TSIG.java,M,7,8,423,0.9814,0.0186,430,bwelling,1,0.1310,0.1310,0.1310,0,1
456,1052,TSIG.java,M,5,1,0,0.0000,1.0000,0,bwelling,2,0.5000,1.0000,0.0000,1,1
456,1054,TSIG.java,M,5,1,0,0.0000,1.0000,0,bwelling,2,0.5000,1.0000,0.0000,1,1
459,375,TSIG.java,M,7,9,425,0.9793,0.0207,433,bwelling,1,0.0672,0.0672,0.0672,0,1
459,380,TSIG.java,M,7,9,425,0.9793,0.0207,433,bwelling,0,0.0000,0.0000,0.0000,0,0
460,1056,A6Record.java,M,10,1,1,0.3333,0.3333,2,bwelling,5,0.0000,0.0000,0.0000,0,5
466,1051,jnamed.java,M,5,2,24,0.9231,0.0769,25,bwelling,0,0.0000,0.0000,0.0000,0,0
473,969,FindServer.java,M,5,3,219,0.9865,0.0135,221,bwelling,2,0.9986,1.0000,0.9973,2,0
473,978,FindServer.java,M,12,2,58,0.2613,0.0090,221,bwelling,2,0.9986,1.0000,0.9973,2,0
473,1058,FindServer.java,M,12,1,0,0.0000,1.0000,0,bwelling,2,1.0000,1.0000,1.0000,2,0
473,1059,FindServer.java,M,5,1,0,0.0000,1.0000,0,bwelling,3,0.0000,0.0000,0.0000,0,3
481,1057,TKEYRecord.java,M,12,1,8,0.8000,0.1000,9,bwelling,1,0.0000,0.0000,0.0000,0,1
491,835,Cache.java,M,6,9,321,0.9582,0.0269,334,bwelling,1,0.0000,0.0000,0.0000,0,1
494,1061,FindServer.java,M,6,1,0,0.0000,1.0000,0,bwelling,3,0.0000,0.0000,0.0000,0,3
495,1062,TKEYRecord.java,M,17,1,0,0.0000,1.0000,0,bwelling,3,0.0000,0.0000,0.0000,0,3
497,1061,FindServer.java,M,6,2,2,0.5000,0.5000,3,bwelling,3,0.0000,0.0000,0.0000,0,3
511,947,ExtendedResolver.java,M,13,6,275,0.9752,0.0213,281,bwelling,4,0.0034,0.0111,0.0000,0,4
513,636,update.java,M,15,9,460,0.9787,0.0191,469,bwelling,2,0.0010,0.0010,0.0010,0,2
514,634,update.java,M,10,8,462,0.9809,0.0170,470,bwelling,3,0.3333,1.0000,0.0000,1,2
514,637,update.java,M,10,7,463,0.9830,0.0149,470,bwelling,3,0.3333,1.0000,0.0000,1,2
514,1063,update.java,M,25,1,0,0.0000,1.0000,0,bwelling,1,1.0000,1.0000,1.0000,1,0
514,1064,update.java,M,25,1,0,0.0000,1.0000,0,bwelling,1,1.0000,1.0000,1.0000,1,0
515,835,Cache.java,M,6,10,344,0.9582,0.0279,358,bwelling,1,0.0000,0.0000,0.0000,0,1
515,836,Cache.java,M,5,6,345,0.9610,0.0167,358,bwelling,2,0.0000,0.0000,0.0000,0,2
515,841,Cache.java,M,10,6,351,0.9832,0.0168,356,bwelling,5,0.0000,0.0000,0.0000,0,5
515,1009,Cache.java,M,5,7,221,0.9693,0.0307,227,bwelling,1,0.0000,0.0000,0.0000,0,1
516,575,CERTRecord.java,M,11,4,470,0.9895,0.0084,474,bwelling,2,0.0002,0.0003,0.0000,0,2
516,583,CERTRecord.java,M,12,4,470,0.9895,0.0084,474,bwelling,1,0.0000,0.0000,0.0000,0,1
524,462,SRVRecord.java,M,7,4,486,0.9898,0.0081,490,bwelling,0,0.0000,0.0000,0.0000,0,0
528,1039,Name.java,M,5,5,137,0.9648,0.0352,141,bwelling,2,0.0000,0.0000,0.0000,0,2
528,1040,Name.java,M,5,4,137,0.9648,0.0282,141,bwelling,2,0.0000,0.0000,0.0000,0,2
535,742,DClass.java,M,10,1,439,0.9932,0.0023,441,bwelling,1,0.0000,0.0000,0.0000,0,1
535,749,Type.java,M,11,1,439,0.9932,0.0023,441,bwelling,2,0.0000,0.0000,0.0000,0,2
535,773,Record.java,M,5,2,197,0.4624,0.0047,425,bwelling,1,0.0000,0.0000,0.0000,0,1
541,710,jnamed.java,M,11,7,466,0.9769,0.0147,476,bwelling,1,0.9201,0.9201,0.9201,1,0
541,821,jnamed.java,M,9,9,392,0.9776,0.0224,400,bwelling,5,0.1766,0.8829,0.0000,1,4
541,1017,jnamed.java,M,19,6,248,0.9764,0.0236,253,bwelling,5,0.1766,0.8829,0.0000,1,4
541,1071,jnamed.java,M,8,1,0,0.0000,1.0000,0,bwelling,2,0.0000,0.0000,0.0000,0,2
542,710,jnamed.java,M,11,8,466,0.9749,0.0167,477,bwelling,1,0.9562,0.9562,0.9562,1,0
542,711,jnamed.java,M,11,6,466,0.9749,0.0126,477,bwelling,1,0.9562,0.9562,0.9562,1,0
542,783,jnamed.java,M,8,6,324,0.7660,0.0142,422,bwelling,0,0.0000,0.0000,0.0000,0,0
542,835,Cache.java,M,6,11,370,0.9585,0.0285,385,bwelling,1,0.0000,0.0000,0.0000,0,1
542,836,Cache.java,M,5,7,371,0.9611,0.0181,385,bwelling,2,0.0000,0.0000,0.0000,0,2
542,1071,jnamed.java,M,8,2,0,0.0000,1.0000,1,bwelling,2,0.0000,0.0000,0.0000,0,2
542,1072,dns.java,M,7,1,0,0.0000,1.0000,0,bwelling,6,0.0000,0.0000,0.0000,0,6
542,1073,NameSet.java,M,6,1,0,0.0000,1.0000,0,bwelling,1,0.0000,0.0000,0.0000,0,1
546,710,jnamed.java,M,11,9,469,0.9730,0.0187,481,bwelling,1,0.9710,0.9710,0.9710,1,0
546,711,jnamed.java,M,11,7,469,0.9730,0.0145,481,bwelling,1,0.9710,0.9710,0.9710,1,0
548,835,Cache.java,M,6,12,375,0.9566,0.0306,391,bwelling,1,0.0000,0.0000,0.0000,0,1
548,836,Cache.java,M,5,8,376,0.9592,0.0204,391,bwelling,1,0.0000,0.0000,0.0000,0,1
548,1039,Name.java,M,5,6,156,0.9630,0.0370,161,bwelling,0,0.0000,0.0000,0.0000,0,0
548,1040,Name.java,M,5,5,156,0.9630,0.0309,161,bwelling,4,0.0000,0.0000,0.0000,0,4
548,1074,Zone.java,M,11,1,0,0.0000,1.0000,0,bwelling,0,0.0000,0.0000,0.0000,0,0
549,710,jnamed.java,M,11,10,471,0.9711,0.0206,484,bwelling,1,0.7758,0.7758,0.7758,1,0
549,711,jnamed.java,M,11,8,470,0.9691,0.0165,484,bwelling,1,0.7758,0.7758,0.7758,1,0
549,835,Cache.java,M,6,13,375,0.9542,0.0331,392,bwelling,1,0.0000,0.0000,0.0000,0,1
550,710,jnamed.java,M,11,11,471,0.9691,0.0226,485,bwelling,1,0.8163,0.8163,0.8163,1,0
550,711,jnamed.java,M,11,9,470,0.9671,0.0185,485,bwelling,1,0.8163,0.8163,0.8163,1,0
550,1071,jnamed.java,M,8,3,7,0.7000,0.3000,9,bwelling,2,0.0000,0.0000,0.0000,0,2
551,348,Message.java,M,5,11,520,0.9774,0.0207,531,bwelling,3,0.0000,0.0000,0.0000,0,3
551,1071,jnamed.java,M,8,4,7,0.6364,0.3636,10,bwelling,2,0.0000,0.0000,0.0000,0,2
554,1076,jnamed.java,M,9,1,0,0.0000,1.0000,0,bwelling,7,0.0000,0.0000,0.0000,0,7
555,835,Cache.java,M,6,14,380,0.9524,0.0351,398,bwelling,1,0.0000,0.0000,0.0000,0,1
555,836,Cache.java,M,5,9,382,0.9574,0.0226,398,bwelling,1,0.0000,0.0000,0.0000,0,1
556,835,Cache.java,M,6,15,380,0.9500,0.0375,399,bwelling,1,0.0000,0.0000,0.0000,0,1
556,836,Cache.java,M,5,10,382,0.9550,0.0250,399,bwelling,1,0.0000,0.0000,0.0000,0,1
560,801,DataByteOutputStream.java,M,9,2,354,0.8176,0.0046,432,bwelling,2,0.0000,0.0000,0.0000,0,2
560,1039,Name.java,M,5,7,167,0.9598,0.0402,173,bwelling,0,0.0000,0.0000,0.0000,0,0
560,1040,Name.java,M,5,6,167,0.9598,0.0345,173,bwelling,4,0.0000,0.0000,0.0000,0,4
561,154,Record.java,M,5,6,553,0.9875,0.0107,559,bwelling,5,0.3989,0.9993,0.0000,2,3
561,477,Record.java,M,5,7,513,0.9846,0.0134,520,bwelling,5,0.3983,0.9958,0.0000,2,3
561,479,Record.java,M,5,5,515,0.9885,0.0096,520,bwelling,5,0.3991,0.9993,0.0000,2,3
564,1039,Name.java,M,5,8,170,0.9551,0.0449,177,bwelling,0,0.0000,0.0000,0.0000,0,0
564,1040,Name.java,M,5,7,170,0.9551,0.0393,177,bwelling,4,0.0000,0.0000,0.0000,0,4
569,648,Name.java,M,14,2,257,0.4923,0.0038,521,bwelling,6,0.0000,0.0000,0.0000,0,6
569,1039,Name.java,M,5,9,174,0.9508,0.0492,182,bwelling,0,0.0000,0.0000,0.0000,0,0
569,1040,Name.java,M,5,8,174,0.9508,0.0437,182,bwelling,4,0.0000,0.0000,0.0000,0,4
572,1074,Zone.java,M,11,2,23,0.9200,0.0800,24,bwelling,0,0.0000,0.0000,0.0000,0,0
576,141,Record.java,M,5,2,570,0.9913,0.0035,574,bwelling,1,0.0000,0.0000,0.0000,0,1
576,154,Record.java,M,5,7,567,0.9861,0.0122,574,bwelling,6,0.3330,0.9997,0.0000,2,4
576,257,Record.java,M,8,2,77,0.1344,0.0035,572,bwelling,2,0.0000,0.0000,0.0000,0,2
576,477,Record.java,M,5,8,527,0.9832,0.0149,535,bwelling,6,0.3328,0.9983,0.0000,2,4
576,479,Record.java,M,5,6,529,0.9869,0.0112,535,bwelling,6,0.3330,0.9997,0.0000,2,4
576,771,Record.java,M,12,1,240,0.5139,0.0021,466,bwelling,0,0.0000,0.0000,0.0000,0,0
578,1074,Zone.java,M,11,3,28,0.9032,0.0968,30,bwelling,0,0.0000,0.0000,0.0000,0,0
580,832,Cache.java,M,11,2,36,0.0849,0.0047,423,bwelling,6,0.0000,0.0000,0.0000,0,6
582,836,Cache.java,M,5,11,407,0.9554,0.0258,425,bwelling,1,0.0000,0.0000,0.0000,0,1
582,1077,Cache.java,M,8,1,0,0.0000,1.0000,0,bwelling,0,0.0000,0.0000,0.0000,0,0
582,1078,Cache.java,M,5,1,0,0.0000,1.0000,0,bwelling,1,0.0000,0.0000,0.0000,0,1
583,835,Cache.java,M,6,16,406,0.9508,0.0375,426,bwelling,1,0.0000,0.0000,0.0000,0,1
583,836,Cache.java,M,5,12,407,0.9532,0.0281,426,bwelling,1,0.0000,0.0000,0.0000,0,1
583,1077,Cache.java,M,8,2,0,0.0000,1.0000,1,bwelling,0,0.0000,0.0000,0.0000,0,0
586,835,Cache.java,M,6,17,408,0.9488,0.0395,429,bwelling,1,0.0000,0.0000,0.0000,0,1
586,1077,Cache.java,M,8,3,2,0.4000,0.6000,4,bwelling,0,0.0000,0.0000,0.0000,0,0
586,1079,Cache.java,M,6,1,0,0.0000,1.0000,0,bwelling,1,0.0000,0.0000,0.0000,0,1
590,868,dns.java,M,7,3,144,0.3380,0.0070,425,bwelling,3,0.0000,0.0000,0.0000,0,3
590,1072,dns.java,M,7,2,47,0.9592,0.0408,48,bwelling,4,0.0000,0.0000,0.0000,0,4
599,232,SOARecord.java,M,6,4,456,0.7625,0.0067,597,bwelling,0,0.0000,0.0000,0.0000,0,0
599,458,SRVRecord.java,M,13,3,562,0.9929,0.0053,565,bwelling,5,0.4000,1.0000,0.0000,2,3
599,475,ARecord.java,M,5,3,556,0.9946,0.0054,558,bwelling,6,0.0000,0.0000,0.0000,0,6
599,492,HINFORecord.java,M,8,1,556,0.9946,0.0018,558,bwelling,4,0.0000,0.0000,0.0000,0,4
599,583,CERTRecord.java,M,12,5,552,0.9892,0.0090,557,bwelling,1,0.0000,0.0000,0.0000,0,1
599,1056,A6Record.java,M,10,2,139,0.9789,0.0141,141,bwelling,4,0.2462,0.9848,0.0000,1,3
599,1060,AAAARecord.java,M,5,1,105,0.9813,0.0093,106,bwelling,5,0.4000,1.0000,0.0000,2,3
599,1065,NAPTRRecord.java,M,19,1,71,0.9726,0.0137,72,bwelling,1,0.0000,0.0000,0.0000,0,1
602,375,TSIG.java,M,7,10,567,0.9827,0.0173,576,bwelling,1,0.9745,0.9745,0.9745,1,0
602,376,TSIG.java,M,7,9,568,0.9844,0.0156,576,bwelling,1,0.9745,0.9745,0.9745,1,0
602,380,TSIG.java,M,7,10,567,0.9827,0.0173,576,bwelling,0,0.0000,0.0000,0.0000,0,0
603,449,SimpleResolver.java,M,7,15,432,0.7566,0.0263,570,bwelling,0,0.0000,0.0000,0.0000,0,0
603,807,SimpleResolver.java,M,9,10,459,0.9745,0.0212,470,bwelling,4,0.0001,0.0002,0.0000,0,4
604,648,Name.java,M,14,3,291,0.5224,0.0054,556,bwelling,5,0.0000,0.0000,0.0000,0,5
604,1039,Name.java,M,5,10,208,0.9541,0.0459,217,bwelling,0,0.0000,0.0000,0.0000,0,0
604,1040,Name.java,M,5,9,208,0.9541,0.0413,217,bwelling,4,0.0000,0.0000,0.0000,0,4
615,898,OPTRecord.java,M,7,4,375,0.8907,0.0095,420,bwelling,3,0.0000,0.0000,0.0000,0,3
617,1075,SimpleResolver.java,M,5,1,66,0.9851,0.0149,66,bwelling,4,0.0000,0.0000,0.0000,0,4
621,710,jnamed.java,M,11,12,541,0.9713,0.0215,556,bwelling,1,0.2999,0.2999,0.2999,0,0
631,1039,Name.java,M,5,11,234,0.9551,0.0449,244,bwelling,0,0.0000,0.0000,0.0000,0,0
631,1040,Name.java,M,5,10,234,0.9551,0.0408,244,bwelling,4,0.0000,0.0000,0.0000,0,4
637,1039,Name.java,M,5,12,239,0.9522,0.0478,250,bwelling,0,0.0000,0.0000,0.0000,0,0
637,1040,Name.java,M,5,11,239,0.9522,0.0438,250,bwelling,4,0.0000,0.0000,0.0000,0,4
638,710,jnamed.java,M,11,13,557,0.9704,0.0226,573,bwelling,1,0.6371,0.6371,0.6371,1,0
638,711,jnamed.java,M,11,10,556,0.9686,0.0174,573,bwelling,1,0.6371,0.6371,0.6371,1,0
638,1071,jnamed.java,M,8,5,93,0.9490,0.0510,97,bwelling,2,0.0000,0.0000,0.0000,0,2
645,232,SOARecord.java,M,6,5,501,0.7780,0.0078,643,bwelling,0,0.0000,0.0000,0.0000,0,0
646,634,update.java,M,10,9,593,0.9834,0.0149,602,bwelling,3,0.3333,1.0000,0.0000,1,2
646,637,update.java,M,10,8,594,0.9851,0.0133,602,bwelling,3,0.3333,1.0000,0.0000,1,2
653,251,TXTRecord.java,M,9,4,647,0.9923,0.0061,651,bwelling,0,0.0000,0.0000,0.0000,0,0
654,710,jnamed.java,M,11,14,572,0.9695,0.0237,589,bwelling,1,0.7959,0.7959,0.7959,1,0
654,711,jnamed.java,M,11,11,571,0.9678,0.0186,589,bwelling,1,0.7959,0.7959,0.7959,1,0
654,783,jnamed.java,M,8,7,435,0.8131,0.0131,534,bwelling,0,0.0000,0.0000,0.0000,0,0
654,1071,jnamed.java,M,8,6,108,0.9474,0.0526,113,bwelling,2,0.0000,0.0000,0.0000,0,2
657,809,DataByteInputStream.java,M,5,3,519,0.9924,0.0057,522,bwelling,0,0.0000,0.0000,0.0000,0,0
657,810,DataByteInputStream.java,M,6,3,519,0.9924,0.0057,522,bwelling,1,0.0000,0.0000,0.0000,0,1
657,820,DataByteInputStream.java,M,8,2,418,0.7992,0.0038,522,bwelling,0,0.0000,0.0000,0.0000,0,0
659,710,jnamed.java,M,11,15,576,0.9681,0.0252,594,bwelling,1,0.8647,0.8647,0.8647,1,0
659,711,jnamed.java,M,11,12,575,0.9664,0.0202,594,bwelling,1,0.8647,0.8647,0.8647,1,0
660,836,Cache.java,M,5,13,483,0.9583,0.0258,503,bwelling,3,0.0000,0.0000,0.0000,0,3
660,1079,Cache.java,M,6,2,73,0.9733,0.0267,74,bwelling,0,0.0000,0.0000,0.0000,0,0
662,477,Record.java,M,5,9,549,0.8826,0.0145,621,bwelling,5,0.0442,0.1105,0.0000,0,5
666,710,jnamed.java,M,11,16,582,0.9668,0.0266,601,bwelling,1,0.6107,0.6107,0.6107,1,0
670,375,TSIG.java,M,7,11,634,0.9829,0.0171,644,bwelling,1,0.1149,0.1149,0.1149,0,1
670,380,TSIG.java,M,7,11,634,0.9829,0.0171,644,bwelling,0,0.0000,0.0000,0.0000,0,0
670,1080,TSIG.java,M,9,1,0,0.0000,1.0000,0,bwelling,3,0.0000,0.0000,0.0000,0,3
675,568,NS_CNAME_PTRRecord.java,M,5,1,632,0.9968,0.0016,633,bwelling,5,0.0371,0.0928,0.0000,0,5
675,1034,MX_KXRecord.java,M,5,1,341,0.9942,0.0029,342,bwelling,1,0.0000,0.0000,0.0000,0,1
675,1039,Name.java,M,5,13,276,0.9550,0.0450,288,bwelling,0,0.0000,0.0000,0.0000,0,0
677,1085,WorkerThread.java,M,5,1,0,0.0000,1.0000,0,bwelling,3,0.0000,0.0000,0.0000,0,3
678,154,Record.java,M,5,8,668,0.9867,0.0118,676,bwelling,5,0.3270,1.0000,0.0000,2,3
678,257,Record.java,M,8,3,178,0.2637,0.0044,674,bwelling,3,0.0000,0.0000,0.0000,0,3
678,477,Record.java,M,5,10,564,0.8840,0.0157,637,bwelling,5,0.2540,0.6350,0.0000,2,3
678,479,Record.java,M,5,7,630,0.9875,0.0110,637,bwelling,5,0.3270,1.0000,0.0000,2,3
679,154,Record.java,M,5,9,668,0.9853,0.0133,677,bwelling,5,0.3546,1.0000,0.0000,2,3
679,257,Record.java,M,8,4,178,0.2633,0.0059,675,bwelling,3,0.0000,0.0000,0.0000,0,3
679,477,Record.java,M,5,11,564,0.8826,0.0172,638,bwelling,5,0.3092,0.7730,0.0000,2,3
679,479,Record.java,M,5,8,630,0.9859,0.0125,638,bwelling,5,0.3546,1.0000,0.0000,2,3
679,771,Record.java,M,12,2,342,0.6000,0.0035,569,bwelling,0,0.0000,0.0000,0.0000,0,0
681,777,RRset.java,M,5,3,560,0.9825,0.0053,569,bwelling,3,0.1542,0.4626,0.0000,0,2
682,257,Record.java,M,8,5,180,0.2651,0.0074,678,bwelling,3,0.0000,0.0000,0.0000,0,3
683,1086,ARecord.java,M,10,1,0,0.0000,1.0000,0,bwelling,2,0.0000,0.0000,0.0000,0,2
684,1074,Zone.java,M,11,4,133,0.9708,0.0292,136,bwelling,0,0.0000,0.0000,0.0000,0,0
686,710,jnamed.java,M,11,17,601,0.9662,0.0273,621,bwelling,1,0.7464,0.7464,0.7464,1,0
686,711,jnamed.java,M,11,13,601,0.9662,0.0209,621,bwelling,1,0.7464,0.7464,0.7464,1,0
686,1071,jnamed.java,M,8,7,139,0.9521,0.0479,145,bwelling,2,0.0000,0.0000,0.0000,0,2
691,634,update.java,M,10,10,637,0.9830,0.0154,647,bwelling,3,0.3333,1.0000,0.0000,1,2
691,637,update.java,M,10,9,638,0.9846,0.0139,647,bwelling,3,0.3333,1.0000,0.0000,1,2
691,1063,update.java,M,25,2,176,0.9888,0.0112,177,bwelling,1,0.0049,0.0049,0.0049,0,1
691,1087,update.java,M,7,1,0,0.0000,1.0000,0,bwelling,5,0.0000,0.0000,0.0000,0,5
693,121,Name.java,M,8,4,303,0.4379,0.0058,691,bwelling,2,0.0000,0.0000,0.0000,0,2
693,648,Name.java,M,14,4,323,0.5000,0.0062,645,bwelling,6,0.0000,0.0000,0.0000,0,6
693,1039,Name.java,M,5,14,293,0.9544,0.0456,306,bwelling,0,0.0000,0.0000,0.0000,0,0
693,1040,Name.java,M,5,12,294,0.9577,0.0391,306,bwelling,4,0.0000,0.0000,0.0000,0,4
694,1063,update.java,M,25,3,178,0.9834,0.0166,180,bwelling,1,0.5236,0.5236,0.5236,1,0
694,1064,update.java,M,25,2,179,0.9890,0.0110,180,bwelling,1,0.5236,0.5236,0.5236,1,0
697,429,SimpleResolver.java,M,13,14,651,0.9789,0.0211,664,bwelling,4,0.2359,0.9435,0.0000,1,3
697,1039,Name.java,M,5,15,296,0.9518,0.0482,310,bwelling,0,0.0000,0.0000,0.0000,0,0
697,1040,Name.java,M,5,13,297,0.9550,0.0418,310,bwelling,4,0.0000,0.0000,0.0000,0,4
697,1050,SimpleResolver.java,M,7,2,276,0.9928,0.0072,277,bwelling,5,0.3739,0.9525,0.0000,2,3
697,1061,FindServer.java,M,6,3,201,0.9853,0.0147,203,bwelling,2,0.0000,0.0000,0.0000,0,2
697,1072,dns.java,M,7,3,153,0.9808,0.0192,155,bwelling,5,0.3673,0.9525,0.0000,2,3
697,1075,SimpleResolver.java,M,5,2,145,0.9864,0.0136,146,bwelling,5,0.3602,0.9168,0.0000,2,3
697,1088,Name.java,M,8,1,0,0.0000,1.0000,0,bwelling,2,0.0000,0.0000,0.0000,0,2
699,1039,Name.java,M,5,16,297,0.9489,0.0511,312,bwelling,0,0.0000,0.0000,0.0000,0,0
699,1040,Name.java,M,5,14,298,0.9521,0.0447,312,bwelling,4,0.0000,0.0000,0.0000,0,4
699,1088,Name.java,M,8,2,1,0.3333,0.6667,2,bwelling,2,0.0000,0.0000,0.0000,0,2
701,1039,Name.java,M,5,17,298,0.9460,0.0540,314,bwelling,0,0.0000,0.0000,0.0000,0,0
701,1040,Name.java,M,5,15,299,0.9492,0.0476,314,bwelling,4,0.0000,0.0000,0.0000,0,4
703,1063,update.java,M,25,4,186,0.9789,0.0211,189,bwelling,1,0.7169,0.7169,0.7169,1,0
703,1064,update.java,M,25,3,187,0.9842,0.0158,189,bwelling,1,0.7169,0.7169,0.7169,1,0
704,848,NameSet.java,M,5,6,271,0.4963,0.0110,545,bwelling,5,0.0000,0.0000,0.0000,0,5
704,933,Message.java,M,8,2,117,0.2402,0.0041,486,bwelling,2,0.0000,0.0000,0.0000,0,2
704,1021,SetResponse.java,M,6,1,242,0.5961,0.0025,405,bwelling,4,0.0536,0.2146,0.0000,0,3
704,1039,Name.java,M,5,18,300,0.9434,0.0566,317,bwelling,0,0.0000,0.0000,0.0000,0,0
704,1040,Name.java,M,5,16,301,0.9465,0.0503,317,bwelling,4,0.0536,0.2146,0.0000,0,3
704,1088,Name.java,M,8,3,5,0.6250,0.3750,7,bwelling,2,0.0000,0.0000,0.0000,0,2
707,710,jnamed.java,M,11,18,621,0.9658,0.0280,642,bwelling,1,0.8467,0.8467,0.8467,1,0
707,711,jnamed.java,M,11,14,621,0.9658,0.0218,642,bwelling,1,0.8467,0.8467,0.8467,1,0
713,776,RRset.java,M,5,4,595,0.9884,0.0066,601,bwelling,3,0.2588,0.7764,0.0000,1,2
713,777,RRset.java,M,5,4,591,0.9817,0.0066,601,bwelling,3,0.2588,0.7764,0.0000,1,2
713,778,RRset.java,M,5,2,366,0.6080,0.0033,601,bwelling,1,0.0000,0.0000,0.0000,0,1
713,1071,jnamed.java,M,8,8,165,0.9538,0.0462,172,bwelling,2,0.0000,0.0000,0.0000,0,2
716,974,FindServer.java,M,6,2,57,0.1226,0.0043,464,bwelling,5,0.0000,0.0000,0.0000,0,5
716,1061,FindServer.java,M,6,4,219,0.9821,0.0179,222,bwelling,2,0.0000,0.0000,0.0000,0,2
718,1072,dns.java,M,7,4,173,0.9774,0.0226,176,bwelling,5,0.1348,0.3416,0.0000,0,3
721,1049,SimpleResolver.java,M,8,2,300,0.9934,0.0066,301,bwelling,2,0.0000,0.0000,0.0000,0,2
727,1091,Type.java,M,5,1,0,0.0000,1.0000,0,bwelling,1,0.0000,0.0000,0.0000,0,1
731,1071,jnamed.java,M,8,9,182,0.9529,0.0471,190,bwelling,2,0.0000,0.0000,0.0000,0,2
732,956,ExtendedResolver.java,M,5,3,78,0.1554,0.0060,501,bwelling,3,0.0000,0.0000,0.0000,0,3
732,957,ExtendedResolver.java,M,6,8,494,0.9841,0.0159,501,bwelling,6,0.0000,0.0000,0.0000,0,6
732,958,ExtendedResolver.java,M,8,8,494,0.9841,0.0159,501,bwelling,2,0.5000,0.9999,0.0000,1,1
732,979,ExtendedResolver.java,M,8,4,470,0.9916,0.0084,473,bwelling,2,0.5000,0.9999,0.0000,1,1
733,771,Record.java,M,12,3,395,0.6330,0.0048,623,bwelling,0,0.0000,0.0000,0.0000,0,0
736,710,jnamed.java,M,11,19,649,0.9658,0.0283,671,bwelling,1,0.5544,0.5544,0.5544,1,0
736,711,jnamed.java,M,11,15,649,0.9658,0.0223,671,bwelling,1,0.5544,0.5544,0.5544,1,0
744,1039,Name.java,M,5,19,339,0.9469,0.0531,357,bwelling,0,0.0000,0.0000,0.0000,0,0
744,1040,Name.java,M,5,17,340,0.9497,0.0475,357,bwelling,3,0.0000,0.0000,0.0000,0,3
747,1039,Name.java,M,5,20,341,0.9446,0.0554,360,bwelling,0,0.0000,0.0000,0.0000,0,0
747,1040,Name.java,M,5,18,342,0.9474,0.0499,360,bwelling,3,0.0000,0.0000,0.0000,0,3
748,1039,Name.java,M,5,21,341,0.9420,0.0580,361,bwelling,0,0.0000,0.0000,0.0000,0,0
748,1040,Name.java,M,5,19,342,0.9448,0.0525,361,bwelling,3,0.0000,0.0000,0.0000,0,3
750,1039,Name.java,M,5,22,342,0.9396,0.0604,363,bwelling,0,0.0000,0.0000,0.0000,0,0
750,1040,Name.java,M,5,20,343,0.9423,0.0549,363,bwelling,3,0.0000,0.0000,0.0000,0,3
753,242,TXTRecord.java,M,5,5,746,0.9920,0.0066,751,bwelling,1,0.9526,0.9526,0.9526,1,0
753,250,TXTRecord.java,M,5,4,747,0.9934,0.0053,751,bwelling,1,0.9526,0.9526,0.9526,1,0
753,251,TXTRecord.java,M,9,5,746,0.9920,0.0066,751,bwelling,0,0.0000,0.0000,0.0000,0,0
753,561,TXTRecord.java,M,5,5,706,0.9902,0.0070,712,bwelling,1,0.0000,0.0000,0.0000,0,1
753,898,OPTRecord.java,M,7,5,467,0.8354,0.0089,558,bwelling,3,0.0000,0.0000,0.0000,0,3
755,1085,WorkerThread.java,M,5,2,77,0.9747,0.0253,78,bwelling,3,0.0000,0.0000,0.0000,0,3
756,58,KEYRecord.java,M,7,4,750,0.9934,0.0053,754,bwelling,1,1.0000,1.0000,1.0000,1,0
756,124,NXTRecord.java,M,5,5,749,0.9921,0.0066,754,bwelling,7,0.9848,1.0000,0.9115,7,0
756,141,Record.java,M,5,3,749,0.9921,0.0040,754,bwelling,1,0.0000,0.0000,0.0000,0,1
756,212,SOARecord.java,M,10,5,749,0.9921,0.0066,754,bwelling,1,0.0000,0.0000,0.0000,0,1
756,213,TSIGRecord.java,M,10,6,748,0.9907,0.0079,754,bwelling,6,0.0000,0.0000,0.0000,0,6
756,224,SIGRecord.java,M,10,2,750,0.9934,0.0026,754,bwelling,4,0.5000,1.0000,0.0000,2,2
756,298,HINFORecord.java,M,5,3,744,0.9947,0.0040,747,bwelling,7,0.9848,1.0000,0.9115,7,0
756,307,HINFORecord.java,M,11,2,745,0.9960,0.0027,747,bwelling,0,0.0000,0.0000,0.0000,0,0
756,458,SRVRecord.java,M,13,4,718,0.9931,0.0055,722,bwelling,7,0.9834,1.0000,0.9198,7,0
756,462,SRVRecord.java,M,7,5,717,0.9917,0.0069,722,bwelling,0,0.0000,0.0000,0.0000,0,0
756,468,SRVRecord.java,M,6,5,272,0.3762,0.0069,722,bwelling,4,0.2500,1.0000,0.0000,1,3
756,477,Record.java,M,5,12,640,0.8939,0.0168,715,bwelling,6,0.4496,0.9528,0.0000,3,3
756,479,Record.java,M,5,9,706,0.9860,0.0126,715,bwelling,6,0.4640,0.9528,0.0000,3,3
756,482,ARecord.java,M,5,3,268,0.3743,0.0042,715,bwelling,7,0.9848,1.0000,0.9115,7,0
756,489,HINFORecord.java,M,5,7,709,0.9902,0.0098,715,bwelling,5,0.0000,0.0000,0.0000,0,5
756,505,KEYRecord.java,M,10,6,263,0.3673,0.0084,715,bwelling,4,0.7476,1.0000,0.0000,3,1
756,509,SRVRecord.java,M,6,5,709,0.9902,0.0070,715,bwelling,6,0.1667,1.0000,0.0000,1,5
756,524,NXTRecord.java,M,12,8,706,0.9860,0.0112,715,bwelling,6,0.4372,1.0000,0.0000,3,3
756,526,NXTRecord.java,M,12,8,706,0.9860,0.0112,715,bwelling,6,0.4372,1.0000,0.0000,3,3
756,553,SIGRecord.java,M,10,1,711,0.9930,0.0014,715,bwelling,4,0.5000,1.0000,0.0000,2,2
756,568,NS_CNAME_PTRRecord.java,M,5,2,712,0.9958,0.0028,714,bwelling,7,0.9265,1.0000,0.9115,7,0
756,571,CERTRecord.java,M,7,3,711,0.9944,0.0042,714,bwelling,1,1.0000,1.0000,1.0000,1,0
756,580,CERTRecord.java,M,9,3,266,0.3720,0.0042,714,bwelling,4,0.7476,1.0000,0.0000,3,1
756,583,CERTRecord.java,M,12,6,708,0.9902,0.0084,714,bwelling,4,0.7452,1.0000,0.0000,3,1
756,898,OPTRecord.java,M,7,6,469,0.8345,0.0107,561,bwelling,3,0.0000,0.0000,0.0000,0,3
756,998,SOARecord.java,M,10,1,477,0.9958,0.0021,478,bwelling,4,0.5000,1.0000,0.0000,2,2
756,1034,MX_KXRecord.java,M,5,2,421,0.9929,0.0047,423,bwelling,2,0.9595,1.0000,0.9191,2,0
756,1037,LOCRecord.java,M,9,3,411,0.9904,0.0072,414,bwelling,0,0.0000,0.0000,0.0000,0,0
756,1046,RPRecord.java,M,10,1,339,0.9941,0.0029,340,bwelling,4,0.2500,0.9999,0.0000,1,3
756,1048,RPRecord.java,M,5,1,339,0.9941,0.0029,340,bwelling,7,0.9848,1.0000,0.9115,7,0
756,1055,A6Record.java,M,6,1,297,0.9933,0.0033,298,bwelling,2,0.9595,1.0000,0.9191,2,0
756,1056,A6Record.java,M,10,3,295,0.9866,0.0100,298,bwelling,4,0.2500,0.9999,0.0000,1,3
756,1057,TKEYRecord.java,M,12,2,282,0.9895,0.0070,284,bwelling,2,0.0000,0.0000,0.0000,0,2
756,1060,AAAARecord.java,M,5,2,261,0.9886,0.0076,263,bwelling,7,0.9834,1.0000,0.9198,7,0
756,1066,NAPTRRecord.java,M,6,1,228,0.9913,0.0043,229,bwelling,6,0.1667,1.0000,0.0000,1,5
756,1081,DSRecord.java,M,7,1,81,0.9759,0.0120,82,bwelling,1,0.0000,0.0000,0.0000,0,1
756,1092,AAAARecord.java,M,9,1,0,0.0000,1.0000,0,bwelling,2,1.0000,1.0000,1.0000,2,0
756,1093,RPRecord.java,M,8,1,0,0.0000,1.0000,0,bwelling,7,1.0000,1.0000,1.0000,7,0
756,1094,DSRecord.java,M,6,1,0,0.0000,1.0000,0,bwelling,4,0.2500,1.0000,0.0000,1,3
756,1095,NAPTRRecord.java,M,5,1,0,0.0000,1.0000,0,bwelling,4,0.0000,0.0000,0.0000,0,4
756,1096,DSRecord.java,M,9,1,0,0.0000,1.0000,0,bwelling,4,0.7500,1.0000,0.0000,3,1
758,58,KEYRecord.java,M,7,5,751,0.9921,0.0066,756,bwelling,1,1.0000,1.0000,1.0000,1,0
758,124,NXTRecord.java,M,5,6,750,0.9908,0.0079,756,bwelling,6,0.5665,1.0000,0.4632,1,0
758,212,SOARecord.java,M,10,6,750,0.9908,0.0079,756,bwelling,1,0.0000,0.0000,0.0000,0,1
758,213,TSIGRecord.java,M,10,7,749,0.9894,0.0092,756,bwelling,6,0.0000,0.0000,0.0000,0,6
758,462,SRVRecord.java,M,7,6,718,0.9903,0.0083,724,bwelling,0,0.0000,0.0000,0.0000,0,0
758,571,CERTRecord.java,M,7,4,712,0.9930,0.0056,716,bwelling,1,1.0000,1.0000,1.0000,1,0
758,1048,RPRecord.java,M,5,2,340,0.9913,0.0058,342,bwelling,6,0.5665,1.0000,0.4632,1,0
758,1055,A6Record.java,M,6,2,298,0.9900,0.0066,300,bwelling,2,0.4751,0.4850,0.4651,0,0
758,1057,TKEYRecord.java,M,12,3,283,0.9861,0.0105,286,bwelling,2,0.0000,0.0000,0.0000,0,2
758,1081,DSRecord.java,M,7,2,82,0.9647,0.0235,84,bwelling,1,0.0000,0.0000,0.0000,0,1
759,141,Record.java,M,5,4,751,0.9908,0.0053,757,bwelling,1,0.0000,0.0000,0.0000,0,1
759,1030,ResolveThread.java,M,6,2,444,0.9933,0.0045,446,bwelling,3,0.0000,0.0000,0.0000,0,3
760,1065,NAPTRRecord.java,M,19,2,231,0.9872,0.0085,233,bwelling,0,0.0000,0.0000,0.0000,0,0
767,1039,Name.java,M,5,23,358,0.9396,0.0604,380,bwelling,0,0.0000,0.0000,0.0000,0,0
767,1040,Name.java,M,5,21,359,0.9423,0.0551,380,bwelling,3,0.0000,0.0000,0.0000,0,3
769,429,SimpleResolver.java,M,13,15,722,0.9796,0.0204,736,bwelling,5,0.3780,0.9938,0.0000,2,3
769,947,ExtendedResolver.java,M,13,7,532,0.9852,0.0130,539,bwelling,5,0.3574,0.8962,0.0000,2,3
769,1049,SimpleResolver.java,M,8,3,347,0.9914,0.0086,349,bwelling,2,0.0000,0.0000,0.0000,0,2
769,1050,SimpleResolver.java,M,7,3,347,0.9914,0.0086,349,bwelling,4,0.0216,0.0862,0.0000,0,4
771,429,SimpleResolver.java,M,13,16,723,0.9783,0.0217,738,bwelling,5,0.3887,0.9968,0.0000,2,3
771,449,SimpleResolver.java,M,7,16,599,0.8106,0.0217,738,bwelling,0,0.0000,0.0000,0.0000,0,0
771,807,SimpleResolver.java,M,9,11,626,0.9797,0.0172,638,bwelling,5,0.3881,0.9968,0.0000,2,3
771,947,ExtendedResolver.java,M,13,8,533,0.9834,0.0148,541,bwelling,5,0.3781,0.9468,0.0000,2,3
771,1049,SimpleResolver.java,M,8,4,348,0.9886,0.0114,351,bwelling,2,0.0000,0.0000,0.0000,0,2
771,1050,SimpleResolver.java,M,7,4,348,0.9886,0.0114,351,bwelling,4,0.0120,0.0481,0.0000,0,4
782,232,SOARecord.java,M,6,6,637,0.8156,0.0077,780,bwelling,4,0.0000,0.0000,0.0000,0,4
795,1040,Name.java,M,5,22,386,0.9438,0.0538,408,bwelling,3,0.0000,0.0000,0.0000,0,3
797,1040,Name.java,M,5,23,387,0.9416,0.0560,410,bwelling,3,0.0000,0.0000,0.0000,0,3
801,1040,Name.java,M,5,24,390,0.9398,0.0578,414,bwelling,3,0.0000,0.0000,0.0000,0,3
802,974,FindServer.java,M,6,3,142,0.2577,0.0054,550,bwelling,4,0.0000,0.0000,0.0000,0,4
802,1061,FindServer.java,M,6,5,304,0.9838,0.0162,308,bwelling,2,0.0000,0.0000,0.0000,0,2
803,835,Cache.java,M,6,18,624,0.9645,0.0278,646,bwelling,4,0.0000,0.0000,0.0000,0,4
803,836,Cache.java,M,5,14,625,0.9660,0.0216,646,bwelling,3,0.0000,0.0000,0.0000,0,3
808,468,SRVRecord.java,M,6,6,323,0.4168,0.0077,774,bwelling,4,0.0434,0.1736,0.0000,0,4
808,506,SRVRecord.java,M,7,6,759,0.9883,0.0078,767,bwelling,1,0.0000,0.0000,0.0000,0,1
812,974,FindServer.java,M,6,4,151,0.2692,0.0071,560,bwelling,4,0.0000,0.0000,0.0000,0,4
815,1061,FindServer.java,M,6,6,316,0.9814,0.0186,321,bwelling,2,0.0000,0.0000,0.0000,0,2
816,836,Cache.java,M,5,15,637,0.9652,0.0227,659,bwelling,3,0.0000,0.0000,0.0000,0,3
817,1021,SetResponse.java,M,6,2,253,0.4875,0.0039,518,bwelling,5,0.2017,1.0000,0.0000,1,4
817,1097,SetResponse.java,M,6,1,0,0.0000,1.0000,0,bwelling,5,0.2000,1.0000,0.0000,1,4
822,776,RRset.java,M,5,5,703,0.9887,0.0070,710,bwelling,3,0.0158,0.0474,0.0000,0,3
826,1040,Name.java,M,5,25,414,0.9409,0.0568,439,bwelling,5,0.0013,0.0065,0.0000,0,5
827,25,dns.java,M,8,4,85,0.1029,0.0048,825,bwelling,5,0.0000,0.0000,0.0000,0,5
828,835,Cache.java,M,6,19,648,0.9643,0.0283,671,bwelling,4,0.0000,0.0000,0.0000,0,4
828,836,Cache.java,M,5,16,637,0.9479,0.0238,671,bwelling,3,0.0000,0.0000,0.0000,0,3
828,1009,Cache.java,M,5,8,250,0.4621,0.0148,540,bwelling,2,0.0000,0.0000,0.0000,0,2
828,1077,Cache.java,M,8,4,243,0.9838,0.0162,246,bwelling,1,0.0000,0.0000,0.0000,0,1
828,1079,Cache.java,M,6,3,240,0.9877,0.0123,242,bwelling,0,0.0000,0.0000,0.0000,0,0
829,26,dns.java,M,10,4,85,0.1027,0.0048,827,bwelling,5,0.0000,0.0000,0.0000,0,5
829,116,Name.java,M,7,7,301,0.3635,0.0085,827,bwelling,1,1.0000,1.0000,1.0000,1,0
829,120,Name.java,M,8,4,303,0.3659,0.0048,827,bwelling,1,1.0000,1.0000,1.0000,1,0
829,809,DataByteInputStream.java,M,5,4,690,0.9928,0.0058,694,bwelling,0,0.0000,0.0000,0.0000,0,0
829,810,DataByteInputStream.java,M,6,4,690,0.9928,0.0058,694,bwelling,1,0.0000,0.0000,0.0000,0,1
829,820,DataByteInputStream.java,M,8,3,589,0.8475,0.0043,694,bwelling,0,0.0000,0.0000,0.0000,0,0
831,116,Name.java,M,7,8,302,0.3639,0.0096,829,bwelling,1,1.0000,1.0000,1.0000,1,0
831,120,Name.java,M,8,5,304,0.3663,0.0060,829,bwelling,1,1.0000,1.0000,1.0000,1,0
832,1090,Zone.java,M,8,1,118,0.9833,0.0083,119,bwelling,0,0.0000,0.0000,0.0000,0,0
834,1097,SetResponse.java,M,6,2,16,0.8889,0.1111,17,bwelling,4,0.0938,0.3752,0.0000,0,3
838,836,Cache.java,M,5,17,646,0.9472,0.0249,681,bwelling,3,0.0000,0.0000,0.0000,0,3
838,840,Cache.java,M,5,1,432,0.6334,0.0015,681,bwelling,4,0.2500,1.0000,0.0000,1,3
838,842,Cache.java,M,10,5,148,0.2176,0.0074,679,bwelling,4,0.2500,1.0000,0.0000,1,3
838,1009,Cache.java,M,5,9,259,0.4701,0.0163,550,bwelling,2,0.0000,0.0000,0.0000,0,2
839,836,Cache.java,M,5,18,646,0.9458,0.0264,682,bwelling,3,0.0000,0.0000,0.0000,0,3
839,1009,Cache.java,M,5,10,259,0.4692,0.0181,551,bwelling,2,0.0000,0.0000,0.0000,0,2
839,1077,Cache.java,M,8,5,253,0.9806,0.0194,257,bwelling,1,0.0000,0.0000,0.0000,0,1
839,1079,Cache.java,M,6,4,250,0.9843,0.0157,253,bwelling,0,0.0000,0.0000,0.0000,0,0
840,836,Cache.java,M,5,19,646,0.9444,0.0278,683,bwelling,3,0.0000,0.0000,0.0000,0,3
840,840,Cache.java,M,5,2,433,0.6330,0.0029,683,bwelling,5,0.3030,1.0000,0.0000,2,3
840,844,Cache.java,M,5,5,175,0.2566,0.0073,681,bwelling,5,0.3030,1.0000,0.0000,2,3
840,1009,Cache.java,M,5,11,259,0.4684,0.0199,552,bwelling,2,0.0000,0.0000,0.0000,0,2
840,1077,Cache.java,M,8,6,253,0.9768,0.0232,258,bwelling,1,0.0000,0.0000,0.0000,0,1
840,1079,Cache.java,M,6,5,250,0.9804,0.0196,254,bwelling,0,0.0000,0.0000,0.0000,0,0
840,1098,Cache.java,M,5,1,0,0.0000,1.0000,0,bwelling,5,0.4000,1.0000,0.0000,2,3
843,836,Cache.java,M,5,20,648,0.9432,0.0291,686,bwelling,3,0.0000,0.0000,0.0000,0,3
843,839,Cache.java,M,10,4,146,0.2125,0.0058,686,bwelling,7,0.1428,0.9999,0.0000,1,6
843,840,Cache.java,M,5,3,435,0.6332,0.0044,686,bwelling,3,0.0000,0.0000,0.0000,0,3
843,841,Cache.java,M,10,7,390,0.5693,0.0102,684,bwelling,7,0.1428,0.9999,0.0000,1,6
843,1009,Cache.java,M,5,12,261,0.4694,0.0216,555,bwelling,2,0.0000,0.0000,0.0000,0,2
843,1077,Cache.java,M,8,7,255,0.9733,0.0267,261,bwelling,1,0.0000,0.0000,0.0000,0,1
843,1079,Cache.java,M,6,6,252,0.9767,0.0233,257,bwelling,0,0.0000,0.0000,0.0000,0,0
843,1099,Cache.java,M,5,1,0,0.0000,1.0000,0,bwelling,3,0.0000,0.0000,0.0000,0,3
844,840,Cache.java,M,5,4,435,0.6323,0.0058,687,bwelling,4,0.0677,0.2708,0.0000,0,3
844,841,Cache.java,M,10,8,390,0.5685,0.0117,685,bwelling,7,0.0704,0.4925,0.0000,0,6
844,846,Cache.java,M,5,8,455,0.6633,0.0117,685,bwelling,4,0.0677,0.2708,0.0000,0,3
844,1099,Cache.java,M,5,2,0,0.0000,1.0000,1,bwelling,3,0.0000,0.0000,0.0000,0,3
845,120,Name.java,M,8,6,317,0.3756,0.0071,843,bwelling,1,0.5606,0.5606,0.5606,1,0
850,836,Cache.java,M,5,21,654,0.9424,0.0303,693,bwelling,3,0.0000,0.0000,0.0000,0,3
850,1009,Cache.java,M,5,13,267,0.4742,0.0231,562,bwelling,2,0.0000,0.0000,0.0000,0,2
850,1077,Cache.java,M,8,8,261,0.9703,0.0297,268,bwelling,1,0.0000,0.0000,0.0000,0,1
850,1079,Cache.java,M,6,7,258,0.9736,0.0264,264,bwelling,0,0.0000,0.0000,0.0000,0,0
853,840,Cache.java,M,5,5,443,0.6356,0.0072,696,bwelling,3,0.0000,0.0000,0.0000,0,3
853,1009,Cache.java,M,5,14,269,0.4753,0.0247,565,bwelling,2,0.0000,0.0000,0.0000,0,2
855,836,Cache.java,M,5,22,658,0.9413,0.0315,698,bwelling,3,0.0000,0.0000,0.0000,0,3
855,840,Cache.java,M,5,6,444,0.6352,0.0086,698,bwelling,3,0.0000,0.0000,0.0000,0,3
855,1009,Cache.java,M,5,15,270,0.4754,0.0264,567,bwelling,2,0.0000,0.0000,0.0000,0,2
858,997,SOARecord.java,M,6,1,578,0.9948,0.0017,580,bwelling,6,0.0000,0.0000,0.0000,0,6
858,998,SOARecord.java,M,10,2,578,0.9948,0.0034,580,bwelling,4,0.0218,0.0448,0.0000,0,4
858,1070,SIG0Signer.java,M,9,1,318,0.9938,0.0031,319,bwelling,3,0.0000,0.0000,0.0000,0,3
858,1095,NAPTRRecord.java,M,5,2,101,0.9806,0.0194,102,bwelling,4,0.0000,0.0000,0.0000,0,4
858,1096,DSRecord.java,M,9,2,101,0.9806,0.0194,102,bwelling,3,0.0448,0.0448,0.0448,0,3
864,836,Cache.java,M,5,23,666,0.9407,0.0325,707,bwelling,3,0.0000,0.0000,0.0000,0,3
864,840,Cache.java,M,5,7,452,0.6384,0.0099,707,bwelling,3,0.0000,0.0000,0.0000,0,3
866,224,SIGRecord.java,M,10,3,859,0.9931,0.0035,864,bwelling,4,0.3774,0.9555,0.0000,2,2
866,477,Record.java,M,5,13,749,0.9068,0.0157,825,bwelling,5,0.5973,0.9979,0.0000,3,2
866,479,Record.java,M,5,10,815,0.9867,0.0121,825,bwelling,5,0.5981,0.9979,0.0000,3,2
866,506,SRVRecord.java,M,7,7,816,0.9879,0.0085,825,bwelling,3,0.0000,0.0000,0.0000,0,3
866,509,SRVRecord.java,M,6,6,817,0.9891,0.0073,825,bwelling,6,0.4188,0.9644,0.0000,3,3
866,524,NXTRecord.java,M,12,9,815,0.9867,0.0109,825,bwelling,5,0.5967,1.0000,0.0000,3,2
866,526,NXTRecord.java,M,12,9,815,0.9867,0.0109,825,bwelling,5,0.5967,1.0000,0.0000,3,2
866,553,SIGRecord.java,M,10,2,820,0.9927,0.0024,825,bwelling,4,0.3810,0.9555,0.0000,2,2
866,587,CERTRecord.java,M,6,7,815,0.9879,0.0085,824,bwelling,6,0.4207,1.0000,0.0000,3,3
866,997,SOARecord.java,M,6,2,585,0.9932,0.0034,588,bwelling,6,0.2780,0.5597,0.0000,3,3
866,998,SOARecord.java,M,10,3,585,0.9932,0.0051,588,bwelling,4,0.2806,0.5686,0.0000,2,2
866,1032,MX_KXRecord.java,M,5,1,532,0.9963,0.0019,533,bwelling,4,0.5000,1.0000,0.0000,2,2
866,1047,RPRecord.java,M,5,1,448,0.9933,0.0022,450,bwelling,4,0.5000,1.0000,0.0000,2,2
866,1083,DSRecord.java,M,6,1,190,0.9845,0.0052,192,bwelling,6,0.4207,1.0000,0.0000,3,3
866,1084,KEYRecord.java,M,7,1,191,0.9896,0.0052,192,bwelling,0,0.0000,0.0000,0.0000,0,0
866,1103,AAAARecord.java,M,5,1,0,0.0000,1.0000,0,bwelling,4,0.5000,1.0000,0.0000,2,2
867,342,Header.java,M,5,7,841,0.9917,0.0083,847,bwelling,5,0.0000,0.0000,0.0000,0,5
867,375,TSIG.java,M,7,12,830,0.9857,0.0143,841,bwelling,1,0.9973,0.9973,0.9973,1,0
867,376,TSIG.java,M,7,10,832,0.9881,0.0119,841,bwelling,1,0.9973,0.9973,0.9973,1,0
867,380,TSIG.java,M,7,12,830,0.9857,0.0143,841,bwelling,0,0.0000,0.0000,0.0000,0,0
867,710,jnamed.java,M,11,20,779,0.9701,0.0249,802,bwelling,1,0.9719,0.9719,0.9719,1,0
867,711,jnamed.java,M,11,16,779,0.9701,0.0199,802,bwelling,1,0.9719,0.9719,0.9719,1,0
868,342,Header.java,M,5,8,841,0.9906,0.0094,848,bwelling,5,0.0000,0.0000,0.0000,0,5
871,154,Record.java,M,5,10,859,0.9874,0.0115,869,bwelling,4,0.2517,1.0000,0.0000,1,3
871,489,HINFORecord.java,M,5,8,823,0.9904,0.0096,830,bwelling,4,0.0000,0.0000,0.0000,0,4
871,509,SRVRecord.java,M,6,7,821,0.9880,0.0084,830,bwelling,4,0.4916,0.9832,0.0000,2,2
871,587,CERTRecord.java,M,6,8,819,0.9867,0.0096,829,bwelling,4,0.4958,1.0000,0.0000,2,2
871,1083,DSRecord.java,M,6,2,194,0.9798,0.0101,197,bwelling,4,0.4958,1.0000,0.0000,2,2
871,1084,KEYRecord.java,M,7,2,195,0.9848,0.0101,197,bwelling,0,0.0000,0.0000,0.0000,0,0
871,1104,Name.java,M,5,1,0,0.0000,1.0000,0,bwelling,4,0.2500,1.0000,0.0000,1,3
882,375,TSIG.java,M,7,13,844,0.9848,0.0152,856,bwelling,1,0.3890,0.3890,0.3890,0,0
882,380,TSIG.java,M,7,13,844,0.9848,0.0152,856,bwelling,0,0.0000,0.0000,0.0000,0,0
884,1100,Name.java,M,5,1,20,0.9524,0.0476,20,bwelling,2,0.0000,0.0000,0.0000,0,2
884,1104,Name.java,M,5,2,12,0.8571,0.1429,13,bwelling,4,0.1009,0.4037,0.0000,0,3
887,1035,MyStringTokenizer.java,M,5,4,547,0.9927,0.0073,550,bwelling,0,0.0000,0.0000,0.0000,0,0
889,1089,Zone.java,M,5,1,176,0.9944,0.0056,176,bwelling,2,0.0000,0.0000,0.0000,0,2
894,1085,WorkerThread.java,M,5,3,215,0.9862,0.0138,217,bwelling,4,0.0000,0.0000,0.0000,0,4
894,1107,WorkerThread.java,M,6,1,0,0.0000,1.0000,0,bwelling,1,0.0000,0.0000,0.0000,0,1
896,1108,Opcode.java,M,10,1,0,0.0000,1.0000,0,bwelling,2,0.0000,0.0000,0.0000,0,2
903,1102,NameSet.java,M,6,1,38,0.9500,0.0250,39,bwelling,2,0.0000,0.0000,0.0000,0,2
907,1109,Lookup.java,M,8,1,0,0.0000,0.5000,1,bwelling,3,0.0000,0.0000,0.0000,0,3
907,1112,Lookup.java,M,5,1,0,0.0000,0.5000,1,bwelling,2,0.5000,1.0000,0.0000,1,1
907,1113,Lookup.java,M,5,1,0,0.0000,0.5000,1,bwelling,2,0.5000,1.0000,0.0000,1,1
907,1116,Lookup.java,M,6,1,0,0.0000,1.0000,0,bwelling,1,0.0000,0.0000,0.0000,0,1
907,1117,Lookup.java,M,9,1,0,0.0000,1.0000,0,bwelling,1,1.0000,1.0000,1.0000,1,0
907,1118,Lookup.java,M,9,1,0,0.0000,1.0000,0,bwelling,1,1.0000,1.0000,1.0000,1,0
908,1111,Lookup.java,M,5,1,0,0.0000,0.3333,2,bwelling,0,0.0000,0.0000,0.0000,0,0
908,1112,Lookup.java,M,5,2,0,0.0000,0.6667,2,bwelling,2,0.5000,1.0000,0.0000,1,1
908,1113,Lookup.java,M,5,2,0,0.0000,0.6667,2,bwelling,2,0.5000,1.0000,0.0000,1,1
909,719,dns.java,M,10,4,172,0.2050,0.0048,838,bwelling,6,0.1658,0.9950,0.0000,1,5
909,1072,dns.java,M,7,5,363,0.9864,0.0136,367,bwelling,6,0.1658,0.9950,0.0000,1,5
911,1111,Lookup.java,M,5,2,2,0.3333,0.3333,5,bwelling,0,0.0000,0.0000,0.0000,0,0
912,1009,Cache.java,M,5,16,326,0.5216,0.0256,624,bwelling,2,0.0000,0.0000,0.0000,0,2
917,1111,Lookup.java,M,5,3,7,0.5833,0.2500,11,bwelling,0,0.0000,0.0000,0.0000,0,0
919,1111,Lookup.java,M,5,4,8,0.5714,0.2857,13,bwelling,1,1.0000,1.0000,1.0000,1,0
919,1112,Lookup.java,M,5,3,10,0.7143,0.2143,13,bwelling,2,0.5000,1.0000,0.0000,1,1
919,1113,Lookup.java,M,5,3,10,0.7143,0.2143,13,bwelling,2,0.5000,1.0000,0.0000,1,1
919,1119,Lookup.java,M,5,1,0,0.0000,1.0000,0,bwelling,1,1.0000,1.0000,1.0000,1,0
924,429,SimpleResolver.java,M,13,17,730,0.8184,0.0191,891,bwelling,4,0.0048,0.0193,0.0000,0,4
926,710,jnamed.java,M,11,21,837,0.9710,0.0244,861,bwelling,1,0.8635,0.8635,0.8635,1,0
926,711,jnamed.java,M,11,17,837,0.9710,0.0197,861,bwelling,1,0.8635,0.8635,0.8635,1,0
926,1079,Cache.java,M,6,8,260,0.7625,0.0235,340,bwelling,1,1.0000,1.0000,1.0000,1,0
926,1120,Cache.java,M,6,1,0,0.0000,1.0000,0,bwelling,1,1.0000,1.0000,1.0000,1,0
932,710,jnamed.java,M,11,22,842,0.9700,0.0253,867,bwelling,1,0.9274,0.9274,0.9274,1,0
934,375,TSIG.java,M,7,14,895,0.9846,0.0154,908,bwelling,1,0.0997,0.0997,0.0997,0,1
934,380,TSIG.java,M,7,14,895,0.9846,0.0154,908,bwelling,0,0.0000,0.0000,0.0000,0,0
935,1122,Message.java,M,11,1,0,0.0000,1.0000,0,bwelling,2,0.5000,1.0000,0.0000,1,1
935,1123,Message.java,M,11,1,0,0.0000,1.0000,0,bwelling,2,0.5000,1.0000,0.0000,1,1
936,710,jnamed.java,M,11,23,845,0.9690,0.0264,871,bwelling,1,0.9524,0.9524,0.9524,1,0
936,711,jnamed.java,M,11,18,846,0.9702,0.0206,871,bwelling,1,0.9524,0.9524,0.9524,1,0
937,1121,Message.java,M,6,1,1,0.3333,0.3333,2,bwelling,5,0.0000,0.0000,0.0000,0,5
938,1125,Message.java,M,5,1,0,0.0000,1.0000,0,bwelling,6,0.0000,0.0000,0.0000,0,6
939,710,jnamed.java,M,11,24,847,0.9680,0.0274,874,bwelling,1,0.9655,0.9655,0.9655,1,0
939,711,jnamed.java,M,11,19,848,0.9691,0.0217,874,bwelling,1,0.9655,0.9655,0.9655,1,0
950,1121,Message.java,M,6,2,13,0.8125,0.1250,15,bwelling,5,0.0000,0.0000,0.0000,0,5
950,1122,Message.java,M,11,2,14,0.8750,0.1250,15,bwelling,2,0.5000,1.0000,0.0000,1,1
950,1123,Message.java,M,11,2,14,0.8750,0.1250,15,bwelling,2,0.5000,1.0000,0.0000,1,1
950,1124,Message.java,M,5,1,12,0.9231,0.0769,12,bwelling,6,0.0982,0.5890,0.0000,1,5
950,1125,Message.java,M,5,2,11,0.8462,0.1538,12,bwelling,6,0.0982,0.5890,0.0000,1,5
950,1126,Message.java,M,5,1,0,0.0000,1.0000,0,bwelling,2,0.0000,0.0000,0.0000,0,2
950,1128,Message.java,M,6,1,0,0.0000,1.0000,0,bwelling,4,0.0000,0.0000,0.0000,0,4
954,836,Cache.java,M,5,24,755,0.9461,0.0301,797,bwelling,1,0.0000,0.0000,0.0000,0,1
954,840,Cache.java,M,5,8,541,0.6779,0.0100,797,bwelling,1,0.0000,0.0000,0.0000,0,1
954,1009,Cache.java,M,5,17,367,0.5502,0.0255,666,bwelling,2,0.0000,0.0000,0.0000,0,2
954,1120,Cache.java,M,6,2,27,0.9310,0.0690,28,bwelling,1,0.3015,0.3015,0.3015,0,0
955,1100,Name.java,M,5,2,90,0.9783,0.0217,91,bwelling,2,0.0000,0.0000,0.0000,0,2
955,1104,Name.java,M,5,3,82,0.9647,0.0353,84,bwelling,6,0.0112,0.0671,0.0000,0,6
957,947,ExtendedResolver.java,M,13,9,718,0.9863,0.0124,727,bwelling,4,0.0013,0.0053,0.0000,0,4
957,957,ExtendedResolver.java,M,6,9,718,0.9876,0.0124,726,bwelling,4,0.0000,0.0000,0.0000,0,4
957,958,ExtendedResolver.java,M,8,9,718,0.9876,0.0124,726,bwelling,2,0.0006,0.0012,0.0000,0,2
957,1131,ExtendedResolver.java,M,8,1,0,0.0000,1.0000,0,bwelling,2,0.0000,0.0000,0.0000,0,2
958,957,ExtendedResolver.java,M,6,10,718,0.9863,0.0137,727,bwelling,4,0.0000,0.0000,0.0000,0,4
958,958,ExtendedResolver.java,M,8,10,718,0.9863,0.0137,727,bwelling,2,0.2539,0.5078,0.0000,1,1
958,979,ExtendedResolver.java,M,8,5,695,0.9929,0.0071,699,bwelling,2,0.2539,0.5078,0.0000,1,1
960,1132,ExtendedResolver.java,M,8,1,0,0.0000,1.0000,0,bwelling,3,0.0000,0.0000,0.0000,0,3
961,957,ExtendedResolver.java,M,6,11,720,0.9850,0.0150,730,bwelling,4,0.0000,0.0000,0.0000,0,4
961,958,ExtendedResolver.java,M,8,11,720,0.9850,0.0150,730,bwelling,2,0.2538,0.5076,0.0000,1,1
961,979,ExtendedResolver.java,M,8,6,697,0.9915,0.0085,702,bwelling,2,0.2538,0.5076,0.0000,1,1
961,1131,ExtendedResolver.java,M,8,2,3,0.6000,0.4000,4,bwelling,2,0.0000,0.0000,0.0000,0,2
972,1102,NameSet.java,M,6,2,106,0.9725,0.0183,108,bwelling,2,0.0000,0.0000,0.0000,0,2
975,1120,Cache.java,M,6,3,47,0.9400,0.0600,49,bwelling,1,0.1305,0.1305,0.1305,0,1
977,568,NS_CNAME_PTRRecord.java,M,5,3,932,0.9957,0.0032,935,bwelling,5,0.0011,0.0013,0.0000,0,5
977,583,CERTRecord.java,M,12,7,928,0.9915,0.0075,935,bwelling,3,0.3251,0.9727,0.0013,1,2
977,1036,LOCRecord.java,M,8,3,632,0.9937,0.0047,635,bwelling,1,1.0000,1.0000,1.0000,1,0
977,1037,LOCRecord.java,M,9,4,631,0.9921,0.0063,635,bwelling,0,0.0000,0.0000,0.0000,0,0
977,1096,DSRecord.java,M,9,3,219,0.9865,0.0135,221,bwelling,3,0.3251,0.9727,0.0013,1,2
977,1130,MX_KXRecord.java,M,6,1,22,0.9565,0.0435,22,bwelling,1,1.0000,1.0000,1.0000,1,0
978,583,CERTRecord.java,M,12,8,928,0.9904,0.0085,936,bwelling,3,0.3292,0.9863,0.0006,1,2
978,773,Record.java,M,5,3,319,0.3671,0.0035,868,bwelling,3,0.0000,0.0000,0.0000,0,3
978,1096,DSRecord.java,M,9,4,219,0.9821,0.0179,222,bwelling,3,0.3292,0.9863,0.0006,1,2
982,1108,Opcode.java,M,10,2,85,0.9770,0.0230,86,bwelling,2,0.0000,0.0000,0.0000,0,2
983,376,TSIG.java,M,7,11,947,0.9885,0.0115,957,bwelling,1,0.0235,0.0235,0.0235,0,1
983,380,TSIG.java,M,7,15,943,0.9843,0.0157,957,bwelling,2,0.0000,0.0000,0.0000,0,2
983,1133,TSIG.java,M,15,1,0,0.0000,1.0000,0,bwelling,5,0.0000,0.0000,0.0000,0,5
986,1061,FindServer.java,M,6,7,486,0.9858,0.0142,492,bwelling,2,0.0000,0.0000,0.0000,0,2
988,380,TSIG.java,M,7,16,947,0.9834,0.0166,962,bwelling,2,0.0000,0.0000,0.0000,0,2
991,85,Message.java,M,7,6,958,0.9677,0.0061,989,bwelling,2,0.5000,1.0000,0.0000,1,1
991,311,Message.java,M,7,4,954,0.9705,0.0041,982,bwelling,2,0.5000,1.0000,0.0000,1,1
991,1121,Message.java,M,6,3,53,0.9298,0.0526,56,bwelling,5,0.0000,0.0000,0.0000,0,5
991,1122,Message.java,M,11,3,54,0.9474,0.0526,56,bwelling,2,0.5000,1.0000,0.0000,1,1
991,1123,Message.java,M,11,3,54,0.9474,0.0526,56,bwelling,2,0.5000,1.0000,0.0000,1,1
991,1124,Message.java,M,5,2,52,0.9630,0.0370,53,bwelling,6,0.1440,0.8637,0.0000,1,5
991,1125,Message.java,M,5,3,51,0.9444,0.0556,53,bwelling,6,0.1440,0.8637,0.0000,1,5
991,1126,Message.java,M,5,2,40,0.9524,0.0476,41,bwelling,2,0.0000,0.0000,0.0000,0,2
991,1128,Message.java,M,6,2,40,0.9524,0.0476,41,bwelling,4,0.0000,0.0000,0.0000,0,4
995,1050,SimpleResolver.java,M,7,5,360,0.6250,0.0087,575,bwelling,7,0.0000,0.0001,0.0000,0,7
996,141,Record.java,M,5,5,987,0.9920,0.0050,994,bwelling,0,0.0000,0.0000,0.0000,0,0
996,154,Record.java,M,5,11,983,0.9879,0.0111,994,bwelling,6,0.3220,0.9574,0.0000,2,4
996,307,HINFORecord.java,M,11,3,984,0.9960,0.0030,987,bwelling,2,0.5000,1.0000,0.0000,1,1
996,477,Record.java,M,5,14,878,0.9184,0.0146,955,bwelling,6,0.3262,1.0000,0.0000,2,4
996,479,Record.java,M,5,11,944,0.9874,0.0115,955,bwelling,6,0.3262,1.0000,0.0000,2,4
996,771,Record.java,M,12,4,417,0.4701,0.0045,886,bwelling,1,0.0000,0.0000,0.0000,0,1
996,773,Record.java,M,5,4,336,0.3788,0.0045,886,bwelling,3,0.0000,0.0000,0.0000,0,3
996,1095,NAPTRRecord.java,M,5,3,238,0.9876,0.0124,240,bwelling,2,0.0000,0.0000,0.0000,0,2
996,1127,MyStringTokenizer.java,M,5,1,46,0.9787,0.0213,46,bwelling,2,0.5000,1.0000,0.0000,1,1
998,514,SOARecord.java,M,13,6,263,0.2745,0.0063,957,bwelling,5,0.2000,1.0000,0.0000,1,4
998,1141,CERTRecord.java,M,11,1,0,0.0000,1.0000,0,bwelling,1,1.0000,1.0000,1.0000,1,0
998,1142,KEYRecord.java,M,11,1,0,0.0000,1.0000,0,bwelling,1,1.0000,1.0000,1.0000,1,0
998,1143,SOARecord.java,M,13,1,0,0.0000,1.0000,0,bwelling,5,0.2000,1.0000,0.0000,1,4
1001,710,jnamed.java,M,11,25,908,0.9691,0.0267,936,bwelling,1,0.9875,0.9875,0.9875,1,0
1001,711,jnamed.java,M,11,20,909,0.9701,0.0213,936,bwelling,1,0.9875,0.9875,0.9875,1,0
1003,116,Name.java,M,7,9,473,0.4721,0.0090,1001,bwelling,2,0.4957,0.9914,0.0000,1,1
1003,120,Name.java,M,8,7,474,0.4731,0.0070,1001,bwelling,2,0.4957,0.9914,0.0000,1,1
1003,1100,Name.java,M,5,3,137,0.9786,0.0214,139,bwelling,2,0.0000,0.0000,0.0000,0,2
1003,1104,Name.java,M,5,4,129,0.9699,0.0301,132,bwelling,6,0.0015,0.0091,0.0000,0,6
1004,154,Record.java,M,5,12,990,0.9870,0.0120,1002,bwelling,6,0.1450,0.4319,0.0000,0,4
1006,1110,Inet6Address.java,M,5,1,100,0.9901,0.0099,100,bwelling,2,0.0000,0.0000,0.0000,0,2
1013,509,SRVRecord.java,M,6,8,962,0.9887,0.0082,972,bwelling,4,0.0128,0.0256,0.0000,0,4
1013,561,TXTRecord.java,M,5,6,882,0.9065,0.0062,972,bwelling,3,0.3333,1.0000,0.0000,1,2
1013,583,CERTRecord.java,M,12,9,962,0.9897,0.0093,971,bwelling,3,0.3316,0.9944,0.0003,1,2
1013,1036,LOCRecord.java,M,8,4,667,0.9926,0.0060,671,bwelling,0,0.0000,0.0000,0.0000,0,0
1013,1063,update.java,M,25,5,495,0.9900,0.0100,499,bwelling,3,0.3333,0.9999,0.0000,1,2
1013,1064,update.java,M,25,4,496,0.9920,0.0080,499,bwelling,3,0.3333,0.9999,0.0000,1,2
1013,1096,DSRecord.java,M,9,5,253,0.9806,0.0194,257,bwelling,3,0.3316,0.9944,0.0003,1,2
1013,1100,Name.java,M,5,4,146,0.9733,0.0267,149,bwelling,2,0.0000,0.0000,0.0000,0,2
1013,1104,Name.java,M,5,5,138,0.9650,0.0350,142,bwelling,7,0.0006,0.0043,0.0000,0,7
1013,1145,Master.java,M,5,1,0,0.0000,1.0000,0,bwelling,2,0.0000,0.0000,0.0000,0,2
1013,1157,update.java,M,5,1,0,0.0000,1.0000,0,bwelling,3,0.3333,1.0000,0.0000,1,2
1013,1158,update.java,M,5,1,0,0.0000,1.0000,0,bwelling,1,1.0000,1.0000,1.0000,1,0
1013,1159,update.java,M,5,1,0,0.0000,1.0000,0,bwelling,1,1.0000,1.0000,1.0000,1,0
1014,492,HINFORecord.java,M,8,2,951,0.9764,0.0021,973,bwelling,0,0.0000,0.0000,0.0000,0,0
1014,771,Record.java,M,12,5,434,0.4796,0.0055,904,bwelling,1,0.0000,0.0000,0.0000,0,1
1015,1089,Zone.java,M,5,2,301,0.9934,0.0066,302,bwelling,2,0.0000,0.0000,0.0000,0,2
1015,1090,Zone.java,M,8,2,300,0.9901,0.0066,302,bwelling,2,0.0000,0.0000,0.0000,0,2
1024,1149,Tokenizer.java,M,7,1,10,0.8333,0.0833,11,bwelling,4,0.2500,1.0000,0.0000,1,3
1024,1150,Tokenizer.java,M,7,1,10,0.8333,0.0833,11,bwelling,4,0.2500,1.0000,0.0000,1,3
1024,1151,Tokenizer.java,M,10,1,10,0.8333,0.0833,11,bwelling,3,0.0000,0.0000,0.0000,0,3
1024,1152,Tokenizer.java,M,10,1,10,0.8333,0.0833,11,bwelling,3,0.0000,0.0000,0.0000,0,3
1024,1160,A6Record.java,M,11,1,0,0.0000,1.0000,0,bwelling,3,0.3333,1.0000,0.0000,1,2
1024,1161,AAAARecord.java,M,11,1,0,0.0000,1.0000,0,bwelling,3,0.3333,1.0000,0.0000,1,2
1026,1157,update.java,M,5,2,12,0.8571,0.1429,13,bwelling,3,0.1346,0.4037,0.0000,0,2
1027,1100,Name.java,M,5,5,159,0.9695,0.0305,163,bwelling,2,0.0000,0.0000,0.0000,0,2
1027,1104,Name.java,M,5,6,151,0.9618,0.0382,156,bwelling,7,0.0004,0.0029,0.0000,0,7
1027,1140,Name.java,M,12,1,31,0.9688,0.0313,31,bwelling,1,0.0000,0.0000,0.0000,0,1
1033,1164,Record.java,M,6,1,0,0.0000,1.0000,0,bwelling,1,0.0000,0.0000,0.0000,0,1
1040,561,TXTRecord.java,M,5,7,908,0.9080,0.0070,999,bwelling,3,0.0705,0.2116,0.0000,0,2
1040,771,Record.java,M,12,6,459,0.4930,0.0064,930,bwelling,1,0.0000,0.0000,0.0000,0,1
1040,1163,Record.java,M,6,1,7,0.8750,0.1250,7,bwelling,1,0.5523,0.5523,0.5523,1,0
1040,1164,Record.java,M,6,2,6,0.7500,0.2500,7,bwelling,1,0.5523,0.5523,0.5523,1,0
1040,1166,Record.java,M,6,1,0,0.0000,1.0000,0,bwelling,7,0.0000,0.0000,0.0000,0,7
1042,494,HINFORecord.java,M,11,1,268,0.2675,0.0010,1001,bwelling,4,0.0000,0.0000,0.0000,0,4
1044,1145,Master.java,M,5,2,30,0.9375,0.0625,31,bwelling,2,0.0000,0.0000,0.0000,0,2
1045,120,Name.java,M,8,8,515,0.4933,0.0077,1043,bwelling,1,0.0000,0.0000,0.0000,0,1
1045,1100,Name.java,M,5,6,176,0.9670,0.0330,181,bwelling,2,0.0000,0.0000,0.0000,0,2
1045,1104,Name.java,M,5,7,168,0.9600,0.0400,174,bwelling,7,0.0003,0.0019,0.0000,0,7
1045,1167,Name.java,M,5,1,5,0.8333,0.1667,5,bwelling,2,0.0000,0.0000,0.0000,0,2
1046,1159,update.java,M,5,2,32,0.9412,0.0588,33,bwelling,1,0.2709,0.2709,0.2709,0,0
1046,1168,DClass.java,M,16,1,0,0.0000,1.0000,0,bwelling,2,0.5000,1.0000,0.0000,1,1
1046,1169,Type.java,M,16,1,0,0.0000,1.0000,0,bwelling,2,0.5000,1.0000,0.0000,1,1
1047,742,DClass.java,M,10,2,949,0.9948,0.0021,953,bwelling,1,0.0000,0.0000,0.0000,0,1
1047,1091,Type.java,M,5,2,319,0.9938,0.0062,320,bwelling,1,0.0000,0.0000,0.0000,0,1
1047,1170,DClass.java,M,5,1,0,0.0000,1.0000,0,bwelling,2,0.0000,0.0000,0.0000,0,2
1048,124,NXTRecord.java,M,5,7,1039,0.9924,0.0067,1046,bwelling,4,0.2501,1.0000,0.0001,1,3
1048,653,NS_CNAME_PTRRecord.java,M,6,3,297,0.2967,0.0030,1000,bwelling,7,0.0000,0.0000,0.0000,0,7
1048,1048,RPRecord.java,M,5,3,629,0.9937,0.0047,632,bwelling,4,0.2501,1.0000,0.0001,1,3
1049,1159,update.java,M,5,3,34,0.9189,0.0811,36,bwelling,1,0.1507,0.1507,0.1507,0,1
1054,1034,MX_KXRecord.java,M,5,3,718,0.9945,0.0042,721,bwelling,4,0.0000,0.0001,0.0000,0,4
1054,1115,TKEYRecord.java,M,17,1,148,0.9933,0.0067,148,bwelling,2,0.0000,0.0000,0.0000,0,2
1056,154,Record.java,M,5,13,1041,0.9867,0.0123,1054,bwelling,6,0.2811,0.8427,0.0000,2,4
1056,477,Record.java,M,5,15,937,0.9222,0.0148,1015,bwelling,6,0.3071,1.0000,0.0000,2,4
1056,479,Record.java,M,5,12,1003,0.9872,0.0118,1015,bwelling,6,0.3071,1.0000,0.0000,2,4
1056,1163,Record.java,M,6,2,22,0.9167,0.0833,23,bwelling,1,0.7634,0.7634,0.7634,1,0
1056,1164,Record.java,M,6,3,21,0.8750,0.1250,23,bwelling,1,0.7634,0.7634,0.7634,1,0
1056,1166,Record.java,M,6,2,15,0.8824,0.1176,16,bwelling,7,0.0000,0.0000,0.0000,0,7
1057,1041,DSAPubKey.java,M,5,1,417,0.6252,0.0015,666,bwelling,3,0.0000,0.0000,0.0000,0,3
1067,1072,dns.java,M,7,6,520,0.9886,0.0114,525,bwelling,7,0.0000,0.0000,0.0000,0,7
1079,1164,Record.java,M,6,4,43,0.9149,0.0851,46,bwelling,1,0.3935,0.3935,0.3935,0,0
1081,1164,Record.java,M,6,5,44,0.8980,0.1020,48,bwelling,1,0.2598,0.2598,0.2598,0,0
1082,1164,Record.java,M,6,6,44,0.8800,0.1200,49,bwelling,1,0.1924,0.1924,0.1924,0,1
1083,1111,Lookup.java,M,5,5,171,0.9607,0.0281,177,bwelling,0,0.0000,0.0000,0.0000,0,0
1083,1112,Lookup.java,M,5,4,173,0.9719,0.0225,177,bwelling,3,0.3333,1.0000,0.0000,1,2
1083,1113,Lookup.java,M,5,4,173,0.9719,0.0225,177,bwelling,3,0.3333,1.0000,0.0000,1,2
1095,1100,Name.java,M,5,7,225,0.9698,0.0302,231,bwelling,2,0.0000,0.0000,0.0000,0,2
1095,1104,Name.java,M,5,8,217,0.9644,0.0356,224,bwelling,6,0.0001,0.0006,0.0000,0,6
1096,69,TSIGRecord.java,M,22,3,22,0.0201,0.0027,1094,bwelling,2,0.0000,0.0000,0.0000,0,2
1096,124,NXTRecord.java,M,5,8,1086,0.9918,0.0073,1094,bwelling,4,0.2500,1.0000,0.0000,1,3
1096,213,TSIGRecord.java,M,10,8,1085,0.9909,0.0073,1094,bwelling,7,0.1429,1.0000,0.0000,1,6
1096,455,SRVRecord.java,M,6,3,274,0.2578,0.0028,1062,bwelling,4,0.5000,1.0000,0.0000,2,2
1096,585,CERTRecord.java,M,6,4,265,0.2512,0.0038,1054,bwelling,4,0.5000,1.0000,0.0000,2,2
1096,820,DataByteInputStream.java,M,8,4,855,0.8888,0.0042,961,bwelling,1,0.0000,0.0000,0.0000,0,1
1096,1048,RPRecord.java,M,5,4,676,0.9927,0.0059,680,bwelling,4,0.2500,1.0000,0.0000,1,3
1096,1082,DSRecord.java,M,6,1,81,0.1915,0.0024,422,bwelling,4,0.5000,1.0000,0.0000,2,2
1096,1142,KEYRecord.java,M,11,2,97,0.9798,0.0202,98,bwelling,2,0.0251,0.0502,0.0000,0,2
1096,1172,TKEYRecord.java,M,10,1,42,0.9767,0.0233,42,bwelling,7,0.1429,1.0000,0.0000,1,6
1101,809,DataByteInputStream.java,M,5,5,961,0.9938,0.0052,966,bwelling,0,0.0000,0.0000,0.0000,0,0
1104,1153,Tokenizer.java,M,10,1,90,0.9783,0.0109,91,bwelling,1,0.0000,0.0000,0.0000,0,1
1105,375,TSIG.java,M,7,15,1065,0.9861,0.0139,1079,bwelling,1,0.9682,0.9682,0.9682,1,0
1105,376,TSIG.java,M,7,12,1068,0.9889,0.0111,1079,bwelling,1,0.9682,0.9682,0.9682,1,0
1105,500,KEYRecord.java,M,12,6,333,0.3127,0.0056,1064,bwelling,5,0.3807,1.0000,0.0000,2,3
1105,580,CERTRecord.java,M,9,4,614,0.5771,0.0038,1063,bwelling,5,0.3807,1.0000,0.0000,2,3
1105,583,CERTRecord.java,M,12,10,1053,0.9897,0.0094,1063,bwelling,5,0.3807,0.9034,0.0000,2,3
1105,1095,NAPTRRecord.java,M,5,4,346,0.9886,0.0114,349,bwelling,0,0.0000,0.0000,0.0000,0,0
1105,1160,A6Record.java,M,11,2,80,0.9756,0.0244,81,bwelling,4,0.0202,0.0809,0.0000,0,4
1106,1096,DSRecord.java,M,9,6,345,0.9829,0.0171,350,bwelling,5,0.0100,0.0500,0.0000,0,5
1107,154,Record.java,M,5,14,1091,0.9864,0.0127,1105,bwelling,6,0.0648,0.1942,0.0000,0,6
1107,771,Record.java,M,12,7,525,0.5261,0.0070,997,bwelling,1,0.0000,0.0000,0.0000,0,1
1107,1163,Record.java,M,6,3,72,0.9600,0.0400,74,bwelling,1,0.4786,0.4786,0.4786,0,0
1107,1164,Record.java,M,6,7,68,0.9067,0.0933,74,bwelling,1,0.4786,0.4786,0.4786,0,0
1107,1166,Record.java,M,6,3,65,0.9559,0.0441,67,bwelling,7,0.0000,0.0000,0.0000,0,7
1108,836,Cache.java,M,5,25,908,0.9538,0.0263,951,bwelling,2,0.0000,0.0000,0.0000,0,2
1108,1009,Cache.java,M,5,18,520,0.6334,0.0219,820,bwelling,2,0.0000,0.0000,0.0000,0,2
1108,1120,Cache.java,M,6,4,179,0.9781,0.0219,182,bwelling,1,0.0041,0.0041,0.0041,0,1
1109,836,Cache.java,M,5,26,908,0.9528,0.0273,952,bwelling,2,0.0000,0.0000,0.0000,0,2
1109,1079,Cache.java,M,6,9,442,0.8435,0.0172,523,bwelling,1,0.5015,0.5015,0.5015,1,0
1109,1120,Cache.java,M,6,5,179,0.9728,0.0272,183,bwelling,1,0.5015,0.5015,0.5015,1,0
1110,1176,SOARecord.java,M,9,1,5,0.8333,0.1667,5,bwelling,5,0.0000,0.0000,0.0000,0,5
1115,1114,Lookup.java,M,17,1,206,0.9810,0.0048,209,bwelling,2,0.0000,0.0000,0.0000,0,2
1126,1072,dns.java,M,7,7,578,0.9880,0.0120,584,bwelling,7,0.0000,0.0000,0.0000,0,7
1129,1121,Message.java,M,6,4,190,0.9744,0.0205,194,bwelling,7,0.0000,0.0000,0.0000,0,7
1129,1122,Message.java,M,11,4,191,0.9795,0.0205,194,bwelling,1,1.0000,1.0000,1.0000,1,0
1129,1123,Message.java,M,11,4,191,0.9795,0.0205,194,bwelling,1,1.0000,1.0000,1.0000,1,0
1129,1124,Message.java,M,5,3,189,0.9844,0.0156,191,bwelling,6,0.1661,0.9968,0.0000,1,5
1129,1125,Message.java,M,5,4,188,0.9792,0.0208,191,bwelling,6,0.1661,0.9968,0.0000,1,5
1129,1128,Message.java,M,6,3,177,0.9833,0.0167,179,bwelling,4,0.0000,0.0000,0.0000,0,4
1130,1100,Name.java,M,5,8,259,0.9700,0.0300,266,bwelling,2,0.0000,0.0000,0.0000,0,2
1130,1104,Name.java,M,5,9,251,0.9654,0.0346,259,bwelling,6,0.0000,0.0002,0.0000,0,6
1131,121,Name.java,M,8,5,495,0.4381,0.0044,1129,bwelling,2,0.0000,0.0000,0.0000,0,2
1131,1100,Name.java,M,5,9,259,0.9664,0.0336,267,bwelling,2,0.0000,0.0000,0.0000,0,2
1131,1104,Name.java,M,5,10,251,0.9617,0.0383,260,bwelling,6,0.0000,0.0001,0.0000,0,6
1131,1167,Name.java,M,5,2,90,0.9783,0.0217,91,bwelling,2,0.0000,0.0000,0.0000,0,2
1140,1145,Master.java,M,5,3,125,0.9766,0.0234,127,bwelling,2,0.0000,0.0000,0.0000,0,2
1145,1079,Cache.java,M,6,10,477,0.8518,0.0179,559,bwelling,1,0.2030,0.2030,0.2030,0,0
1150,1145,Master.java,M,5,4,134,0.9710,0.0290,137,bwelling,2,0.0000,0.0000,0.0000,0,2
1153,1091,Type.java,M,5,3,424,0.9930,0.0070,426,bwelling,1,0.0000,0.0000,0.0000,0,1
1153,1171,Type.java,M,5,1,106,0.9907,0.0093,106,bwelling,2,0.0000,0.0000,0.0000,0,2
1153,1177,Type.java,M,6,1,0,0.0000,1.0000,0,bwelling,1,0.0000,0.0000,0.0000,0,1
1156,1121,Message.java,M,6,5,216,0.9730,0.0225,221,bwelling,7,0.0000,0.0000,0.0000,0,7
1158,957,ExtendedResolver.java,M,6,12,916,0.9871,0.0129,927,bwelling,4,0.0000,0.0000,0.0000,0,4
1158,958,ExtendedResolver.java,M,8,12,916,0.9871,0.0129,927,bwelling,2,0.4975,0.9950,0.0000,1,1
1158,979,ExtendedResolver.java,M,8,7,893,0.9922,0.0078,899,bwelling,2,0.4975,0.9950,0.0000,1,1
1158,1131,ExtendedResolver.java,M,8,3,199,0.9851,0.0149,201,bwelling,1,0.0000,0.0000,0.0000,0,1
1160,500,KEYRecord.java,M,12,7,387,0.3455,0.0063,1119,bwelling,5,0.3706,0.9831,0.0000,2,3
1160,583,CERTRecord.java,M,12,11,1107,0.9893,0.0098,1118,bwelling,5,0.3730,0.9831,0.0000,2,3
1160,771,Record.java,M,12,8,577,0.5490,0.0076,1050,bwelling,1,0.0000,0.0000,0.0000,0,1
1160,1096,DSRecord.java,M,9,7,398,0.9827,0.0173,404,bwelling,5,0.2865,0.7235,0.0000,2,3
1160,1163,Record.java,M,6,4,124,0.9688,0.0313,127,bwelling,1,0.8096,0.8096,0.8096,1,0
1160,1164,Record.java,M,6,8,120,0.9375,0.0625,127,bwelling,1,0.8096,0.8096,0.8096,1,0
1160,1166,Record.java,M,6,4,117,0.9669,0.0331,120,bwelling,7,0.0000,0.0000,0.0000,0,7
1163,500,KEYRecord.java,M,12,8,389,0.3464,0.0071,1122,bwelling,5,0.2949,0.9911,0.0000,1,3
1163,583,CERTRecord.java,M,12,12,1109,0.9884,0.0107,1121,bwelling,5,0.2964,0.9911,0.0000,1,3
1163,1180,DNSSEC.java,M,5,1,0,0.0000,1.0000,0,bwelling,5,0.2000,1.0000,0.0000,1,4
1163,1181,DNSSEC.java,M,10,1,0,0.0000,1.0000,0,bwelling,2,0.0000,0.0000,0.0000,0,2
1163,1182,DNSSEC.java,M,5,1,0,0.0000,1.0000,0,bwelling,5,0.2000,1.0000,0.0000,1,4
1164,1185,KEYRecord.java,M,22,1,0,0.0000,1.0000,0,bwelling,1,0.0000,0.0000,0.0000,0,1
1166,1186,Mnemonic.java,M,10,1,0,0.0000,0.5000,1,bwelling,1,0.0000,0.0000,0.0000,0,1
1167,1187,Mnemonic.java,M,6,1,1,0.3333,0.3333,2,bwelling,3,0.0000,0.0000,0.0000,0,3
1167,1189,Mnemonic.java,M,7,1,0,0.0000,1.0000,0,bwelling,1,0.0000,0.0000,0.0000,0,1
1169,742,DClass.java,M,10,3,1070,0.9944,0.0028,1075,bwelling,3,0.0000,0.0000,0.0000,0,3
1171,1181,DNSSEC.java,M,10,2,7,0.7778,0.2222,8,bwelling,3,0.0000,0.0000,0.0000,0,3
1172,1108,Opcode.java,M,10,3,152,0.5487,0.0108,276,bwelling,3,0.0000,0.0000,0.0000,0,3
1175,1121,Message.java,M,6,6,234,0.9710,0.0249,240,bwelling,7,0.0000,0.0000,0.0000,0,7
1177,1181,DNSSEC.java,M,10,3,12,0.8000,0.2000,14,bwelling,3,0.0000,0.0000,0.0000,0,3
1178,578,CERTRecord.java,M,10,4,265,0.2331,0.0035,1136,bwelling,4,0.0000,0.0000,0.0000,0,4
1178,580,CERTRecord.java,M,9,5,686,0.6033,0.0044,1136,bwelling,3,0.0000,0.0000,0.0000,0,3
1178,585,CERTRecord.java,M,6,5,346,0.3043,0.0044,1136,bwelling,5,0.0315,0.0787,0.0000,0,5
1178,1184,CERTRecord.java,M,10,1,14,0.9333,0.0667,14,bwelling,8,0.0000,0.0000,0.0000,0,8
1179,44,Header.java,M,9,3,1128,0.9576,0.0025,1177,bwelling,2,0.0000,0.0000,0.0000,0,2
1181,750,Flags.java,M,10,2,1084,0.9963,0.0018,1087,bwelling,4,0.0000,0.0000,0.0000,0,4
1183,1021,SetResponse.java,M,6,3,618,0.6983,0.0034,884,bwelling,7,0.1429,1.0000,0.0000,1,6
1183,1097,SetResponse.java,M,6,3,364,0.9918,0.0082,366,bwelling,7,0.1429,1.0000,0.0000,1,6
1185,778,RRset.java,M,5,3,837,0.7793,0.0028,1073,bwelling,2,0.0000,0.0000,0.0000,0,2
1185,1029,RRset.java,M,5,2,472,0.5388,0.0023,875,bwelling,0,0.0000,0.0000,0.0000,0,0
1185,1194,KEYConverter.java,M,5,1,0,0.0000,1.0000,0,bwelling,3,0.3333,1.0000,0.0000,1,2
1185,1195,KEYConverter.java,M,5,1,0,0.0000,1.0000,0,bwelling,3,0.3333,1.0000,0.0000,1,2
1193,1145,Master.java,M,5,5,176,0.9724,0.0276,180,bwelling,0,0.0000,0.0000,0.0000,0,0
1195,1163,Record.java,M,6,5,158,0.9693,0.0307,162,bwelling,1,0.9323,0.9323,0.9323,1,0
1195,1164,Record.java,M,6,9,154,0.9448,0.0552,162,bwelling,1,0.9323,0.9323,0.9323,1,0
1202,1145,Master.java,M,5,6,184,0.9684,0.0316,189,bwelling,0,0.0000,0.0000,0.0000,0,0
1208,307,HINFORecord.java,M,11,4,1195,0.9958,0.0033,1199,bwelling,0,0.0000,0.0000,0.0000,0,0
1208,468,SRVRecord.java,M,6,7,722,0.6145,0.0060,1174,bwelling,7,0.5714,1.0000,0.0000,4,3
1208,482,ARecord.java,M,5,4,275,0.2354,0.0034,1167,bwelling,4,0.0000,0.0000,0.0000,0,4
1208,569,UNKRecord.java,M,6,2,267,0.2288,0.0017,1166,bwelling,1,0.0000,0.0000,0.0000,0,1
1208,580,CERTRecord.java,M,9,6,715,0.6127,0.0051,1166,bwelling,2,0.0000,0.0000,0.0000,0,2
1208,1034,MX_KXRecord.java,M,5,4,871,0.9943,0.0046,875,bwelling,4,0.2476,0.9902,0.0000,1,3
1208,1092,AAAARecord.java,M,9,2,451,0.9956,0.0044,452,bwelling,4,0.2476,0.9902,0.0000,1,3
1208,1094,DSRecord.java,M,6,2,451,0.9956,0.0044,452,bwelling,7,0.5714,1.0000,0.0000,4,3
1208,1095,NAPTRRecord.java,M,5,5,448,0.9890,0.0110,452,bwelling,0,0.0000,0.0000,0.0000,0,0
1208,1175,SOARecord.java,M,6,1,103,0.9904,0.0096,103,bwelling,7,0.5714,1.0000,0.0000,4,3
1208,1191,KEYBase.java,M,6,1,22,0.9167,0.0417,23,bwelling,7,0.5714,1.0000,0.0000,4,3
1208,1195,KEYConverter.java,M,5,2,22,0.9167,0.0833,23,bwelling,1,0.3340,0.3340,0.3340,0,0
1208,1196,SIGBase.java,M,6,1,0,0.0000,1.0000,0,bwelling,7,0.5714,1.0000,0.0000,4,3
1210,154,Record.java,M,5,15,1193,0.9868,0.0124,1208,bwelling,6,0.3183,0.9550,0.0000,2,4
1210,213,TSIGRecord.java,M,10,9,1198,0.9909,0.0074,1208,bwelling,7,0.1429,1.0000,0.0000,1,6
1210,232,SOARecord.java,M,6,7,850,0.7031,0.0058,1208,bwelling,8,0.6523,0.9683,0.5150,8,0
1210,307,HINFORecord.java,M,11,5,1196,0.9950,0.0042,1201,bwelling,0,0.0000,0.0000,0.0000,0,0
1210,455,SRVRecord.java,M,6,4,387,0.3288,0.0034,1176,bwelling,8,0.6570,1.0000,0.5065,8,0
1210,468,SRVRecord.java,M,6,8,723,0.6143,0.0068,1176,bwelling,8,0.7440,1.0000,0.4242,7,0
1210,477,Record.java,M,5,16,1090,0.9316,0.0137,1169,bwelling,6,0.3258,1.0000,0.0000,2,4
1210,479,Record.java,M,5,13,1156,0.9880,0.0111,1169,bwelling,6,0.3258,1.0000,0.0000,2,4
1210,492,HINFORecord.java,M,8,3,1146,0.9795,0.0026,1169,bwelling,0,0.0000,0.0000,0.0000,0,0
1210,509,SRVRecord.java,M,6,9,1158,0.9897,0.0077,1169,bwelling,5,0.3989,0.9973,0.0000,2,3
1210,514,SOARecord.java,M,13,7,474,0.4051,0.0060,1169,bwelling,3,0.3333,1.0000,0.0000,1,2
1210,568,NS_CNAME_PTRRecord.java,M,5,4,1164,0.9957,0.0034,1168,bwelling,3,0.6531,0.9991,0.0000,2,1
1210,585,CERTRecord.java,M,6,6,377,0.3225,0.0051,1168,bwelling,8,0.5593,0.7295,0.4242,5,0
1210,587,CERTRecord.java,M,6,9,1156,0.9889,0.0077,1168,bwelling,5,0.3995,1.0000,0.0000,2,3
1210,1031,MX_KXRecord.java,M,9,1,876,0.9977,0.0011,877,bwelling,1,0.0000,0.0000,0.0000,0,1
1210,1034,MX_KXRecord.java,M,5,5,872,0.9932,0.0057,877,bwelling,2,0.9976,1.0000,0.9952,2,0
1210,1036,LOCRecord.java,M,8,5,863,0.9931,0.0058,868,bwelling,0,0.0000,0.0000,0.0000,0,0
1210,1046,RPRecord.java,M,10,2,792,0.9962,0.0025,794,bwelling,10,0.3000,1.0000,0.0000,3,7
1210,1048,RPRecord.java,M,5,5,789,0.9925,0.0063,794,bwelling,3,0.6534,0.9611,0.0389,2,1
1210,1056,A6Record.java,M,10,4,748,0.9934,0.0053,752,bwelling,10,0.3000,1.0000,0.0000,3,7
1210,1060,AAAARecord.java,M,5,3,714,0.9944,0.0042,717,bwelling,3,0.6534,0.9991,0.0000,2,1
1210,1082,DSRecord.java,M,6,2,194,0.3613,0.0037,536,bwelling,8,0.6570,1.0000,0.5065,8,0
1210,1083,DSRecord.java,M,6,3,531,0.9888,0.0056,536,bwelling,5,0.3995,1.0000,0.0000,2,3
1210,1092,AAAARecord.java,M,9,3,452,0.9934,0.0066,454,bwelling,2,0.9976,1.0000,0.9952,2,0
1210,1094,DSRecord.java,M,6,3,452,0.9934,0.0066,454,bwelling,8,0.7440,1.0000,0.4242,7,0
1210,1095,NAPTRRecord.java,M,5,6,449,0.9868,0.0132,454,bwelling,0,0.0000,0.0000,0.0000,0,0
1210,1115,TKEYRecord.java,M,17,2,303,0.9934,0.0066,304,bwelling,2,0.0000,0.0000,0.0000,0,2
1210,1143,SOARecord.java,M,13,2,211,0.9906,0.0094,212,bwelling,3,0.3333,1.0000,0.0000,1,2
1210,1163,Record.java,M,6,6,172,0.9663,0.0337,177,bwelling,1,0.9663,0.9663,0.9663,1,0
1210,1164,Record.java,M,6,10,168,0.9438,0.0562,177,bwelling,1,0.9663,0.9663,0.9663,1,0
1210,1166,Record.java,M,6,5,166,0.9708,0.0292,170,bwelling,7,0.0000,0.0000,0.0000,0,7
1210,1172,TKEYRecord.java,M,10,2,155,0.9873,0.0127,156,bwelling,7,0.1429,1.0000,0.0000,1,6
1210,1173,DSRecord.java,M,10,1,155,0.9936,0.0064,155,bwelling,10,0.3000,1.0000,0.0000,3,7
1210,1175,SOARecord.java,M,6,2,104,0.9811,0.0189,105,bwelling,8,0.7469,1.0000,0.4302,7,0
1210,1190,NSECRecord.java,M,10,1,24,0.9231,0.0385,25,bwelling,10,0.3000,1.0000,0.0000,3,7
1210,1191,KEYBase.java,M,6,2,23,0.8846,0.0769,25,bwelling,8,0.7575,1.0000,0.5150,8,0
1210,1196,SIGBase.java,M,6,2,1,0.3333,0.6667,2,bwelling,8,0.7575,1.0000,0.5150,8,0
1210,1199,A6Record.java,M,9,1,0,0.0000,1.0000,0,bwelling,2,1.0000,1.0000,1.0000,2,0
1211,154,Record.java,M,5,16,1193,0.9860,0.0132,1209,bwelling,6,0.3257,0.9772,0.0000,2,4
1211,477,Record.java,M,5,17,1090,0.9308,0.0145,1170,bwelling,6,0.3295,1.0000,0.0000,2,4
1211,479,Record.java,M,5,14,1156,0.9872,0.0120,1170,bwelling,6,0.3295,1.0000,0.0000,2,4
1211,1163,Record.java,M,6,7,172,0.9609,0.0391,178,bwelling,1,0.9778,0.9778,0.9778,1,0
1211,1164,Record.java,M,6,11,168,0.9385,0.0615,178,bwelling,1,0.9778,0.9778,0.9778,1,0
1211,1166,Record.java,M,6,6,166,0.9651,0.0349,171,bwelling,7,0.0000,0.0000,0.0000,0,7
1211,1191,KEYBase.java,M,6,3,23,0.8519,0.1111,26,bwelling,8,0.4949,0.6533,0.3364,4,0
1212,514,SOARecord.java,M,13,8,475,0.4053,0.0068,1171,bwelling,3,0.3333,1.0000,0.0000,1,2
1212,771,Record.java,M,12,9,628,0.5694,0.0082,1102,bwelling,1,0.0000,0.0000,0.0000,0,1
1212,1031,MX_KXRecord.java,M,9,2,877,0.9966,0.0023,879,bwelling,1,0.0000,0.0000,0.0000,0,1
1212,1046,RPRecord.java,M,10,3,793,0.9950,0.0038,796,bwelling,10,0.3949,1.0000,0.0000,4,5
1212,1056,A6Record.java,M,10,5,749,0.9921,0.0066,754,bwelling,10,0.3949,1.0000,0.0000,4,5
1212,1143,SOARecord.java,M,13,3,212,0.9860,0.0140,214,bwelling,3,0.3333,1.0000,0.0000,1,2
1212,1163,Record.java,M,6,8,172,0.9556,0.0444,179,bwelling,1,0.9836,0.9836,0.9836,1,0
1212,1164,Record.java,M,6,12,168,0.9333,0.0667,179,bwelling,1,0.9836,0.9836,0.9836,1,0
1212,1166,Record.java,M,6,7,166,0.9595,0.0405,172,bwelling,7,0.0000,0.0000,0.0000,0,7
1212,1173,DSRecord.java,M,10,2,156,0.9873,0.0127,157,bwelling,10,0.3949,1.0000,0.0000,4,5
1212,1184,CERTRecord.java,M,10,2,47,0.9592,0.0408,48,bwelling,10,0.2818,1.0000,0.0000,2,5
1212,1190,NSECRecord.java,M,10,2,25,0.8929,0.0714,27,bwelling,10,0.4030,1.0000,0.0000,5,5
1212,1192,KEYBase.java,M,10,1,26,0.9286,0.0357,27,bwelling,10,0.3060,1.0000,0.0000,5,5
1216,154,Record.java,M,5,17,1197,0.9852,0.0140,1214,bwelling,6,0.5034,0.9855,0.3402,2,0
1216,342,Header.java,M,5,9,1188,0.9925,0.0075,1196,bwelling,6,0.5719,0.9302,0.0000,3,1
1216,375,TSIG.java,M,7,16,1175,0.9866,0.0134,1190,bwelling,1,0.9989,0.9989,0.9989,1,0
1216,376,TSIG.java,M,7,13,1178,0.9891,0.0109,1190,bwelling,1,0.9989,0.9989,0.9989,1,0
1216,477,Record.java,M,5,18,1094,0.9303,0.0153,1175,bwelling,6,0.5083,0.9855,0.3449,2,0
1216,489,HINFORecord.java,M,5,9,947,0.8053,0.0077,1175,bwelling,3,0.0000,0.0000,0.0000,0,3
1216,509,SRVRecord.java,M,6,10,1163,0.9889,0.0085,1175,bwelling,5,0.5085,0.9988,0.0000,3,2
1216,587,CERTRecord.java,M,6,10,1161,0.9881,0.0085,1174,bwelling,5,0.5087,1.0000,0.0000,3,2
1216,1083,DSRecord.java,M,6,4,536,0.9871,0.0074,542,bwelling,5,0.5087,1.0000,0.0000,3,2
1216,1100,Name.java,M,5,10,343,0.9717,0.0283,352,bwelling,2,0.0000,0.0000,0.0000,0,2
1216,1104,Name.java,M,5,11,335,0.9682,0.0318,345,bwelling,6,0.5164,0.8374,0.0000,3,1
1216,1122,Message.java,M,11,5,277,0.9823,0.0177,281,bwelling,1,1.0000,1.0000,1.0000,1,0
1216,1123,Message.java,M,11,5,277,0.9823,0.0177,281,bwelling,1,1.0000,1.0000,1.0000,1,0
1216,1124,Message.java,M,5,4,275,0.9857,0.0143,278,bwelling,6,0.5720,0.9998,0.0000,3,1
1216,1125,Message.java,M,5,5,274,0.9821,0.0179,278,bwelling,6,0.5719,0.9998,0.0000,3,1
1216,1163,Record.java,M,6,9,175,0.9511,0.0489,183,bwelling,1,0.9873,0.9873,0.9873,1,0
1216,1164,Record.java,M,6,13,171,0.9293,0.0707,183,bwelling,1,0.9873,0.9873,0.9873,1,0
1216,1166,Record.java,M,6,8,169,0.9548,0.0452,176,bwelling,7,0.0000,0.0000,0.0000,0,7
1216,1193,KEYBase.java,M,6,1,30,0.9375,0.0313,31,bwelling,5,0.3269,0.5449,0.0000,3,2
1216,1194,KEYConverter.java,M,5,2,30,0.9375,0.0625,31,bwelling,1,0.6394,0.6394,0.6394,1,0
1216,1195,KEYConverter.java,M,5,3,29,0.9063,0.0938,31,bwelling,1,0.6394,0.6394,0.6394,1,0
1219,1163,Record.java,M,6,10,177,0.9465,0.0535,186,bwelling,1,0.9898,0.9898,0.9898,1,0
1219,1164,Record.java,M,6,14,173,0.9251,0.0749,186,bwelling,1,0.9898,0.9898,0.9898,1,0
1221,124,NXTRecord.java,M,5,9,1210,0.9918,0.0074,1219,bwelling,4,0.6472,1.0000,0.0000,3,1
1221,213,TSIGRecord.java,M,10,10,1208,0.9902,0.0082,1219,bwelling,7,0.1429,1.0000,0.0000,1,6
1221,1034,MX_KXRecord.java,M,5,6,873,0.9820,0.0067,888,bwelling,5,0.6831,1.0000,0.4162,3,0
1221,1048,RPRecord.java,M,5,6,799,0.9913,0.0074,805,bwelling,4,0.6472,1.0000,0.0000,3,1
1221,1055,A6Record.java,M,6,3,552,0.7225,0.0039,763,bwelling,5,0.4832,1.0000,0.0000,2,2
1221,1172,TKEYRecord.java,M,10,3,165,0.9821,0.0179,167,bwelling,7,0.1429,1.0000,0.0000,1,6
1221,1212,PXRecord.java,M,5,1,0,0.0000,0.5000,1,bwelling,4,0.7500,1.0000,0.0000,3,1
1221,1213,AFSDBRecord.java,M,5,1,0,0.0000,0.5000,1,bwelling,5,0.6000,1.0000,0.0000,3,2
1221,1214,RTRecord.java,M,5,1,0,0.0000,0.5000,1,bwelling,5,0.6000,1.0000,0.0000,3,2
1221,1215,MINFORecord.java,M,5,1,0,0.0000,0.5000,1,bwelling,4,0.7500,1.0000,0.0000,3,1
1222,124,NXTRecord.java,M,5,10,1210,0.9910,0.0082,1220,bwelling,5,0.7498,1.0000,0.5003,5,0
1222,213,TSIGRecord.java,M,10,11,1208,0.9894,0.0090,1220,bwelling,7,0.1429,1.0000,0.0000,1,6
1222,470,SRVRecord.java,M,5,5,272,0.2288,0.0042,1188,bwelling,5,0.5772,1.0000,0.3709,4,0
1222,1034,MX_KXRecord.java,M,5,7,873,0.9809,0.0079,889,bwelling,5,0.6519,1.0000,0.2615,3,0
1222,1048,RPRecord.java,M,5,7,799,0.9901,0.0087,806,bwelling,5,0.7239,1.0000,0.3709,4,0
1222,1055,A6Record.java,M,6,4,552,0.7216,0.0052,764,bwelling,5,0.5183,1.0000,0.0000,3,2
1222,1172,TKEYRecord.java,M,10,4,165,0.9763,0.0237,168,bwelling,7,0.1429,1.0000,0.0000,1,6
1222,1212,PXRecord.java,M,5,2,0,0.0000,0.6667,2,bwelling,5,0.8030,1.0000,0.5075,5,0
1222,1213,AFSDBRecord.java,M,5,2,0,0.0000,0.6667,2,bwelling,5,0.6000,1.0000,0.0000,3,2
1222,1214,RTRecord.java,M,5,2,0,0.0000,0.6667,2,bwelling,5,0.6000,1.0000,0.0000,3,2
1222,1215,MINFORecord.java,M,5,2,0,0.0000,0.6667,2,bwelling,5,0.8030,1.0000,0.5075,5,0
1222,1216,KEYBase.java,M,5,1,1,0.5000,0.5000,1,bwelling,5,0.6060,1.0000,0.5075,5,0
1229,1221,X25Record.java,M,5,1,1,0.5000,0.5000,1,bwelling,1,0.0000,0.0000,0.0000,0,1
1234,1226,Type.java,M,44,1,3,0.7500,0.2500,3,bwelling,1,0.0000,0.0000,0.0000,0,1
1241,1199,A6Record.java,M,9,2,30,0.9375,0.0625,31,bwelling,5,0.0880,0.2829,0.0000,0,4
1243,1235,GPOSRecord.java,M,8,1,2,0.5000,0.2500,3,bwelling,2,0.5000,1.0000,0.0000,1,1
1243,1236,ISDNRecord.java,M,8,1,3,0.7500,0.2500,3,bwelling,2,0.5000,1.0000,0.0000,1,1
1258,1164,Record.java,M,6,15,211,0.9336,0.0664,225,bwelling,1,0.6033,0.6033,0.6033,1,0
1270,1178,Tokenizer.java,M,10,1,109,0.9820,0.0090,110,bwelling,1,1.0000,1.0000,1.0000,1,0
1270,1179,Tokenizer.java,M,10,1,109,0.9820,0.0090,110,bwelling,1,1.0000,1.0000,1.0000,1,0
1280,496,KEYRecord.java,M,10,3,268,0.2161,0.0024,1239,bwelling,5,0.0000,0.0000,0.0000,0,5
1280,1192,KEYBase.java,M,10,2,93,0.9688,0.0208,95,bwelling,16,0.0331,0.1151,0.0000,0,16
1280,1193,KEYBase.java,M,6,2,93,0.9688,0.0208,95,bwelling,10,0.0347,0.1155,0.0000,0,10
1283,1246,APLRecord.java,M,5,1,0,0.0000,0.5000,1,bwelling,0,0.0000,0.0000,0.0000,0,0
1287,1153,Tokenizer.java,M,10,2,272,0.9891,0.0073,274,bwelling,1,0.0000,0.0000,0.0000,0,1
1287,1178,Tokenizer.java,M,10,2,125,0.9766,0.0156,127,bwelling,1,1.0000,1.0000,1.0000,1,0
1287,1179,Tokenizer.java,M,10,2,125,0.9766,0.0156,127,bwelling,1,1.0000,1.0000,1.0000,1,0
1287,1228,Tokenizer.java,M,8,1,48,0.9412,0.0196,50,bwelling,2,0.0000,0.0000,0.0000,0,2
1289,1248,LOCRecord.java,M,8,1,0,0.0000,1.0000,0,bwelling,1,0.0000,0.0000,0.0000,0,1
1295,121,Name.java,M,8,6,658,0.5085,0.0046,1293,bwelling,0,0.0000,0.0000,0.0000,0,0
1295,1100,Name.java,M,5,11,421,0.9745,0.0255,431,bwelling,2,0.0000,0.0000,0.0000,0,2
1295,1104,Name.java,M,5,12,413,0.9718,0.0282,424,bwelling,5,0.0650,0.0841,0.0000,0,5
1295,1167,Name.java,M,5,3,253,0.9883,0.0117,255,bwelling,2,0.0000,0.0000,0.0000,0,2
1300,1229,Master.java,M,9,1,62,0.9841,0.0159,62,bwelling,1,1.0000,1.0000,1.0000,1,0
1300,1230,Master.java,M,9,1,62,0.9841,0.0159,62,bwelling,1,1.0000,1.0000,1.0000,1,0
1302,1145,Master.java,M,5,7,282,0.9724,0.0241,289,bwelling,0,0.0000,0.0000,0.0000,0,0
1302,1146,Tokenizer.java,M,5,1,288,0.9931,0.0034,289,bwelling,3,0.0000,0.0000,0.0000,0,3
1302,1147,Tokenizer.java,M,5,1,288,0.9931,0.0034,289,bwelling,2,0.5000,1.0000,0.0000,1,1
1302,1148,Tokenizer.java,M,5,1,288,0.9931,0.0034,289,bwelling,2,0.5000,1.0000,0.0000,1,1
1302,1149,Tokenizer.java,M,7,2,287,0.9897,0.0069,289,bwelling,4,0.9998,1.0000,0.9998,4,0
1302,1150,Tokenizer.java,M,7,2,287,0.9897,0.0069,289,bwelling,4,0.9998,1.0000,0.9998,4,0
1302,1151,Tokenizer.java,M,10,2,287,0.9897,0.0069,289,bwelling,1,0.6096,0.6096,0.6096,1,0
1302,1153,Tokenizer.java,M,10,3,286,0.9862,0.0103,289,bwelling,1,0.6096,0.6096,0.6096,1,0
1302,1154,Tokenizer.java,M,5,1,288,0.9931,0.0034,289,bwelling,4,0.9999,1.0000,0.9998,4,0
1302,1155,Tokenizer.java,M,5,1,288,0.9931,0.0034,289,bwelling,4,0.9999,1.0000,0.9998,4,0
1302,1156,Tokenizer.java,M,5,1,288,0.9931,0.0034,289,bwelling,4,0.9999,1.0000,0.9998,4,0
1302,1178,Tokenizer.java,M,10,3,139,0.9720,0.0210,142,bwelling,1,1.0000,1.0000,1.0000,1,0
1302,1179,Tokenizer.java,M,10,3,139,0.9720,0.0210,142,bwelling,1,1.0000,1.0000,1.0000,1,0
1303,1145,Master.java,M,5,8,282,0.9691,0.0275,290,bwelling,0,0.0000,0.0000,0.0000,0,0
1305,1145,Master.java,M,5,9,283,0.9659,0.0307,292,bwelling,0,0.0000,0.0000,0.0000,0,0
1309,1251,Generator.java,M,9,1,5,0.7143,0.1429,6,bwelling,1,1.0000,1.0000,1.0000,1,0
1309,1252,Generator.java,M,9,1,5,0.7143,0.1429,6,bwelling,1,1.0000,1.0000,1.0000,1,0
1310,1145,Master.java,M,5,10,287,0.9631,0.0336,297,bwelling,0,0.0000,0.0000,0.0000,0,0
1313,1121,Message.java,M,6,7,371,0.9789,0.0185,378,bwelling,8,0.0000,0.0000,0.0000,0,8
1316,1112,Lookup.java,M,5,5,405,0.9854,0.0122,410,bwelling,3,0.3333,1.0000,0.0000,1,2
1316,1113,Lookup.java,M,5,5,405,0.9854,0.0122,410,bwelling,3,0.3333,1.0000,0.0000,1,2
1316,1116,Lookup.java,M,6,2,408,0.9951,0.0049,409,bwelling,0,0.0000,0.0000,0.0000,0,0
1316,1118,Lookup.java,M,9,2,408,0.9951,0.0049,409,bwelling,1,0.0000,0.0000,0.0000,0,1
1316,1119,Lookup.java,M,5,2,162,0.4070,0.0050,397,bwelling,1,0.8051,0.8051,0.8051,1,0
1318,477,Record.java,M,5,19,1195,0.9351,0.0149,1277,bwelling,5,0.2223,0.9584,0.0286,1,4
1318,479,Record.java,M,5,15,1262,0.9875,0.0117,1277,bwelling,5,0.1917,0.9584,0.0000,1,4
1318,1166,Record.java,M,6,9,270,0.9677,0.0323,278,bwelling,8,0.0000,0.0000,0.0000,0,8
1324,1253,Options.java,M,8,1,0,0.0000,1.0000,0,bwelling,3,0.0000,0.0000,0.0000,0,3
1326,1111,Lookup.java,M,5,6,413,0.9810,0.0143,420,bwelling,1,0.9066,0.9066,0.9066,1,0
1326,1112,Lookup.java,M,5,6,414,0.9834,0.0143,420,bwelling,3,0.3333,1.0000,0.0000,1,2
1326,1113,Lookup.java,M,5,6,414,0.9834,0.0143,420,bwelling,3,0.3333,1.0000,0.0000,1,2
1326,1119,Lookup.java,M,5,3,171,0.4191,0.0074,407,bwelling,1,0.9066,0.9066,0.9066,1,0
1327,1121,Message.java,M,6,8,384,0.9771,0.0204,392,bwelling,8,0.0000,0.0000,0.0000,0,8
1327,1124,Message.java,M,5,5,385,0.9872,0.0128,389,bwelling,5,0.2157,1.0000,0.0000,1,4
1327,1125,Message.java,M,5,6,384,0.9846,0.0154,389,bwelling,5,0.2157,1.0000,0.0000,1,4
1327,1128,Message.java,M,6,4,374,0.9894,0.0106,377,bwelling,10,0.0000,0.0000,0.0000,0,10
1329,1254,ResolverConfig.java,M,8,1,3,0.6000,0.2000,4,bwelling,4,0.0000,0.0000,0.0000,0,4
1329,1257,ResolverConfig.java,M,6,1,3,0.6000,0.2000,4,bwelling,2,1.0000,1.0000,1.0000,2,0
1329,1258,ResolverConfig.java,M,6,1,3,0.6000,0.2000,4,bwelling,2,1.0000,1.0000,1.0000,2,0
1329,1259,ResolverConfig.java,M,6,1,3,0.6000,0.2000,4,bwelling,2,1.0000,1.0000,1.0000,2,0
1333,1069,TSIG.java,M,6,1,794,0.9987,0.0013,794,bwelling,8,0.0000,0.0000,0.0000,0,8
1335,375,TSIG.java,M,7,17,1293,0.9870,0.0130,1309,bwelling,1,0.0283,0.0283,0.0283,0,1
1335,1069,TSIG.java,M,6,2,795,0.9975,0.0025,796,bwelling,8,0.0000,0.0000,0.0000,0,8
1342,1145,Master.java,M,5,11,318,0.9636,0.0333,329,bwelling,0,0.0000,0.0000,0.0000,0,0
1342,1260,Master.java,M,5,1,0,0.0000,1.0000,0,bwelling,3,0.0000,0.0000,0.0000,0,3
1344,1229,Master.java,M,9,2,105,0.9813,0.0187,106,bwelling,1,0.2108,0.2108,0.2108,0,0
1345,776,RRset.java,M,5,6,1225,0.9927,0.0049,1233,bwelling,3,0.3333,1.0000,0.0000,1,2
1345,777,RRset.java,M,5,5,1222,0.9903,0.0041,1233,bwelling,3,0.3333,1.0000,0.0000,1,2
1348,1246,APLRecord.java,M,5,2,64,0.9552,0.0299,66,bwelling,0,0.0000,0.0000,0.0000,0,0
1349,1261,Address.java,M,53,1,0,0.0000,1.0000,0,bwelling,1,0.0000,0.0000,0.0000,0,1
1349,1263,Address.java,M,6,1,0,0.0000,1.0000,0,bwelling,9,0.0000,0.0000,0.0000,0,9
1351,1056,A6Record.java,M,10,6,887,0.9922,0.0067,893,bwelling,17,0.0068,0.0291,0.0000,0,17
1351,1092,AAAARecord.java,M,9,4,592,0.9933,0.0067,595,bwelling,1,0.9649,0.9649,0.9649,1,0
1351,1199,A6Record.java,M,9,3,139,0.9789,0.0211,141,bwelling,1,0.9649,0.9649,0.9649,1,0
1351,1266,AAAARecord.java,M,5,1,0,0.0000,1.0000,0,bwelling,8,0.0000,0.0000,0.0000,0,8
1354,1267,ARecord.java,M,8,1,0,0.0000,1.0000,0,bwelling,2,0.5000,1.0000,0.0000,1,1
1354,1268,WKSRecord.java,M,8,1,0,0.0000,1.0000,0,bwelling,2,0.5000,1.0000,0.0000,1,1
1361,1134,ZoneTransferIn.java,M,6,1,371,0.9946,0.0027,372,bwelling,1,1.0000,1.0000,1.0000,1,0
1361,1135,ZoneTransferIn.java,M,6,1,371,0.9946,0.0027,372,bwelling,1,1.0000,1.0000,1.0000,1,0
1361,1136,ZoneTransferIn.java,M,7,1,371,0.9946,0.0027,372,bwelling,3,0.6667,1.0000,0.0000,2,1
1361,1137,ZoneTransferIn.java,M,7,1,371,0.9946,0.0027,372,bwelling,3,0.6667,1.0000,0.0000,2,1
1361,1138,ZoneTransferIn.java,M,5,1,371,0.9946,0.0027,372,bwelling,1,1.0000,1.0000,1.0000,1,0
1361,1139,ZoneTransferIn.java,M,5,1,371,0.9946,0.0027,372,bwelling,1,1.0000,1.0000,1.0000,1,0
1361,1273,ZoneTransferIn.java,M,5,1,0,0.0000,1.0000,0,bwelling,3,0.6667,1.0000,0.0000,2,1
1362,1134,ZoneTransferIn.java,M,6,2,371,0.9920,0.0053,373,bwelling,1,1.0000,1.0000,1.0000,1,0
1362,1135,ZoneTransferIn.java,M,6,2,371,0.9920,0.0053,373,bwelling,1,1.0000,1.0000,1.0000,1,0
1362,1136,ZoneTransferIn.java,M,7,2,371,0.9920,0.0053,373,bwelling,3,0.4975,1.0000,0.0000,1,1
1362,1137,ZoneTransferIn.java,M,7,2,371,0.9920,0.0053,373,bwelling,3,0.4975,1.0000,0.0000,1,1
1362,1138,ZoneTransferIn.java,M,5,2,371,0.9920,0.0053,373,bwelling,1,1.0000,1.0000,1.0000,1,0
1362,1139,ZoneTransferIn.java,M,5,2,371,0.9920,0.0053,373,bwelling,1,1.0000,1.0000,1.0000,1,0
1363,1134,ZoneTransferIn.java,M,6,3,371,0.9893,0.0080,374,bwelling,1,1.0000,1.0000,1.0000,1,0
1363,1135,ZoneTransferIn.java,M,6,3,371,0.9893,0.0080,374,bwelling,1,1.0000,1.0000,1.0000,1,0
1363,1136,ZoneTransferIn.java,M,7,3,371,0.9893,0.0080,374,bwelling,3,0.6700,1.0000,0.3434,2,0
1363,1137,ZoneTransferIn.java,M,7,3,371,0.9893,0.0080,374,bwelling,3,0.6700,1.0000,0.3434,2,0
1363,1138,ZoneTransferIn.java,M,5,3,371,0.9893,0.0080,374,bwelling,1,1.0000,1.0000,1.0000,1,0
1363,1139,ZoneTransferIn.java,M,5,3,371,0.9893,0.0080,374,bwelling,1,1.0000,1.0000,1.0000,1,0
1363,1273,ZoneTransferIn.java,M,5,2,1,0.3333,0.6667,2,bwelling,3,0.6162,0.6668,0.5150,3,0
1363,1274,ZoneTransferIn.java,M,5,1,2,0.6667,0.3333,2,bwelling,3,0.4006,0.5150,0.3434,1,0
1365,1134,ZoneTransferIn.java,M,6,4,372,0.9867,0.0106,376,bwelling,1,0.7328,0.7328,0.7328,1,0
1365,1138,ZoneTransferIn.java,M,5,4,372,0.9867,0.0106,376,bwelling,1,1.0000,1.0000,1.0000,1,0
1365,1139,ZoneTransferIn.java,M,5,4,372,0.9867,0.0106,376,bwelling,1,1.0000,1.0000,1.0000,1,0
1370,342,Header.java,M,5,10,1341,0.9926,0.0074,1350,bwelling,5,0.0064,0.0088,0.0000,0,5
1372,1138,ZoneTransferIn.java,M,5,5,378,0.9844,0.0130,383,bwelling,1,1.0000,1.0000,1.0000,1,0
1372,1139,ZoneTransferIn.java,M,5,5,378,0.9844,0.0130,383,bwelling,1,1.0000,1.0000,1.0000,1,0
1373,1275,TCPClient.java,M,11,1,0,0.0000,1.0000,0,bwelling,2,0.0000,0.0000,0.0000,0,2
1373,1276,UDPClient.java,M,12,1,0,0.0000,1.0000,0,bwelling,0,0.0000,0.0000,0.0000,0,0
1380,375,TSIG.java,M,7,18,1337,0.9867,0.0133,1354,bwelling,1,0.7954,0.7954,0.7954,1,0
1380,376,TSIG.java,M,7,14,1341,0.9897,0.0103,1354,bwelling,1,0.7954,0.7954,0.7954,1,0
1385,836,Cache.java,M,5,27,1183,0.9626,0.0220,1228,bwelling,0,0.0000,0.0000,0.0000,0,0
1385,1009,Cache.java,M,5,19,796,0.7250,0.0173,1097,bwelling,2,0.0000,0.0000,0.0000,0,2
1385,1079,Cache.java,M,6,11,716,0.8950,0.0138,799,bwelling,1,0.9990,0.9990,0.9990,1,0
1385,1120,Cache.java,M,6,6,454,0.9870,0.0130,459,bwelling,1,0.9990,0.9990,0.9990,1,0
1386,1134,ZoneTransferIn.java,M,6,5,392,0.9849,0.0126,397,bwelling,1,0.8221,0.8221,0.8221,1,0
1386,1135,ZoneTransferIn.java,M,6,4,393,0.9874,0.0101,397,bwelling,1,0.8221,0.8221,0.8221,1,0
1386,1136,ZoneTransferIn.java,M,7,4,393,0.9874,0.0101,397,bwelling,3,0.5332,1.0000,0.2038,1,0
1386,1137,ZoneTransferIn.java,M,7,4,393,0.9874,0.0101,397,bwelling,3,0.5332,1.0000,0.2038,1,0
1386,1138,ZoneTransferIn.java,M,5,6,391,0.9824,0.0151,397,bwelling,1,0.8435,0.8435,0.8435,1,0
1386,1139,ZoneTransferIn.java,M,5,6,391,0.9824,0.0151,397,bwelling,1,0.8435,0.8435,0.8435,1,0
1387,1089,Zone.java,M,5,3,672,0.9956,0.0044,674,bwelling,2,0.0000,0.0000,0.0000,0,2
1387,1090,Zone.java,M,8,3,671,0.9941,0.0044,674,bwelling,2,0.0000,0.0000,0.0000,0,2
1387,1277,Zone.java,M,10,1,0,0.0000,1.0000,0,bwelling,4,0.2500,1.0000,0.0000,1,3
1387,1278,Zone.java,M,10,1,0,0.0000,1.0000,0,bwelling,4,0.2500,1.0000,0.0000,1,3
1390,767,Zone.java,M,11,7,300,0.2340,0.0055,1281,bwelling,0,0.0000,0.0000,0.0000,0,0
1390,836,Cache.java,M,5,28,1187,0.9619,0.0227,1233,bwelling,3,0.3333,1.0000,0.0000,1,2
1390,1009,Cache.java,M,5,20,800,0.7253,0.0181,1102,bwelling,3,0.4534,1.0000,0.0000,1,1
1390,1079,Cache.java,M,6,12,720,0.8944,0.0149,804,bwelling,1,0.9995,0.9995,0.9995,1,0
1390,1089,Zone.java,M,5,4,674,0.9941,0.0059,677,bwelling,3,0.4534,1.0000,0.0000,1,1
1390,1120,Cache.java,M,6,7,458,0.9849,0.0151,464,bwelling,1,0.9995,0.9995,0.9995,1,0
1390,1279,Cache.java,M,15,1,0,0.0000,1.0000,0,bwelling,2,1.0000,1.0000,1.0000,2,0
1390,1280,Cache.java,M,5,1,0,0.0000,1.0000,0,bwelling,2,1.0000,1.0000,1.0000,2,0
1390,1281,Zone.java,M,5,1,0,0.0000,1.0000,0,bwelling,2,1.0000,1.0000,1.0000,2,0
1390,1282,Cache.java,M,30,1,0,0.0000,1.0000,0,bwelling,1,1.0000,1.0000,1.0000,1,0
1390,1283,Zone.java,M,30,1,0,0.0000,1.0000,0,bwelling,1,1.0000,1.0000,1.0000,1,0
1390,1284,Zone.java,M,6,1,0,0.0000,1.0000,0,bwelling,3,0.6667,1.0000,0.0000,2,1
1390,1285,Cache.java,M,22,1,0,0.0000,1.0000,0,bwelling,1,1.0000,1.0000,1.0000,1,0
1390,1286,Zone.java,M,22,1,0,0.0000,1.0000,0,bwelling,1,1.0000,1.0000,1.0000,1,0
1390,1288,Zone.java,M,5,1,0,0.0000,1.0000,0,bwelling,1,0.0000,0.0000,0.0000,0,1
1390,1291,Zone.java,M,5,1,0,0.0000,1.0000,0,bwelling,3,0.3333,1.0000,0.0000,1,2
1391,1009,Cache.java,M,5,21,800,0.7246,0.0190,1103,bwelling,3,0.2518,0.4925,0.0000,0,1
1391,1120,Cache.java,M,6,8,458,0.9828,0.0172,465,bwelling,1,0.6434,0.6434,0.6434,1,0
1391,1280,Cache.java,M,5,2,0,0.0000,1.0000,1,bwelling,1,0.4925,0.4925,0.4925,0,0
1392,836,Cache.java,M,5,29,1188,0.9612,0.0235,1235,bwelling,3,0.1617,0.4850,0.0000,0,2
1392,1009,Cache.java,M,5,22,800,0.7240,0.0199,1104,bwelling,3,0.1763,0.3234,0.0000,0,1
1392,1079,Cache.java,M,6,13,721,0.8934,0.0161,806,bwelling,1,0.7392,0.7392,0.7392,1,0
1392,1120,Cache.java,M,6,9,458,0.9807,0.0193,466,bwelling,1,0.7392,0.7392,0.7392,1,0
1392,1280,Cache.java,M,5,3,0,0.0000,1.0000,2,bwelling,1,0.3234,0.3234,0.3234,0,0
1392,1282,Cache.java,M,30,2,1,0.3333,0.6667,2,bwelling,1,0.4850,0.4850,0.4850,0,0
1392,1285,Cache.java,M,22,2,1,0.3333,0.6667,2,bwelling,1,0.4850,0.4850,0.4850,0,0
1402,1267,ARecord.java,M,8,2,47,0.9592,0.0408,48,bwelling,1,0.1915,0.1915,0.1915,0,1
1408,836,Cache.java,M,5,30,1203,0.9609,0.0240,1251,bwelling,3,0.0882,0.2647,0.0000,0,2
1408,839,Cache.java,M,10,5,710,0.5671,0.0040,1251,bwelling,15,0.0667,1.0000,0.0000,1,14
1408,841,Cache.java,M,10,9,953,0.7624,0.0072,1249,bwelling,15,0.0667,1.0000,0.0000,1,14
1408,1009,Cache.java,M,5,23,815,0.7270,0.0205,1120,bwelling,3,0.1200,0.2080,0.0000,0,2
1408,1079,Cache.java,M,6,14,736,0.8943,0.0170,822,bwelling,1,0.5155,0.5155,0.5155,1,0
1408,1280,Cache.java,M,5,4,15,0.7895,0.2105,18,bwelling,1,0.2080,0.2080,0.2080,0,0
1408,1282,Cache.java,M,30,3,16,0.8421,0.1579,18,bwelling,1,0.2647,0.2647,0.2647,0,0
1409,776,RRset.java,M,5,7,1288,0.9923,0.0054,1297,bwelling,3,0.3333,1.0000,0.0000,1,2
1409,777,RRset.java,M,5,6,1285,0.9900,0.0046,1297,bwelling,3,0.3333,1.0000,0.0000,1,2
1411,771,Record.java,M,12,10,826,0.6344,0.0077,1301,bwelling,1,0.9324,0.9324,0.9324,1,0
1411,1140,Name.java,M,12,2,414,0.9952,0.0048,415,bwelling,1,0.9324,0.9324,0.9324,1,0
1417,154,Record.java,M,5,18,1238,0.8743,0.0127,1415,bwelling,6,0.1607,0.9514,0.0019,1,5
1417,477,Record.java,M,5,20,1293,0.9390,0.0145,1376,bwelling,6,0.1687,0.9514,0.0018,1,5
1417,1163,Record.java,M,6,11,374,0.9714,0.0286,384,bwelling,1,0.9916,0.9916,0.9916,1,0
1417,1164,Record.java,M,6,16,369,0.9584,0.0416,384,bwelling,1,0.9916,0.9916,0.9916,1,0
1417,1166,Record.java,M,6,10,368,0.9735,0.0265,377,bwelling,8,0.0000,0.0000,0.0000,0,8
1417,1239,Record.java,M,10,1,146,0.9932,0.0068,146,bwelling,15,0.0000,0.0000,0.0000,0,15
1421,28,Header.java,M,5,5,304,0.2141,0.0035,1419,bwelling,1,0.0000,0.0000,0.0000,0,1
1421,38,Header.java,M,5,5,304,0.2141,0.0035,1419,bwelling,2,0.5000,1.0000,0.0000,1,1
1421,50,Header.java,M,5,3,304,0.2141,0.0021,1419,bwelling,2,0.5000,1.0000,0.0000,1,1
1425,1163,Record.java,M,6,12,381,0.9695,0.0305,392,bwelling,1,0.9962,0.9962,0.9962,1,0
1425,1164,Record.java,M,6,17,376,0.9567,0.0433,392,bwelling,1,0.9962,0.9962,0.9962,1,0
1428,776,RRset.java,M,5,8,1306,0.9916,0.0061,1316,bwelling,3,0.3333,1.0000,0.0000,1,2
1428,777,RRset.java,M,5,7,1303,0.9894,0.0053,1316,bwelling,3,0.3333,1.0000,0.0000,1,2
1428,778,RRset.java,M,5,4,996,0.7563,0.0030,1316,bwelling,3,0.0000,0.0000,0.0000,0,3
1429,776,RRset.java,M,5,9,1306,0.9909,0.0068,1317,bwelling,3,0.3333,1.0000,0.0000,1,2
1429,777,RRset.java,M,5,8,1303,0.9886,0.0061,1317,bwelling,3,0.3333,1.0000,0.0000,1,2
1429,778,RRset.java,M,5,5,996,0.7557,0.0038,1317,bwelling,3,0.0000,0.0000,0.0000,0,3
1432,778,RRset.java,M,5,6,998,0.7555,0.0045,1320,bwelling,3,0.0000,0.0000,0.0000,0,3
1434,1153,Tokenizer.java,M,10,4,417,0.9882,0.0095,421,bwelling,1,0.0185,0.0185,0.0185,0,1
1437,1175,SOARecord.java,M,6,3,330,0.9910,0.0090,332,bwelling,10,0.0013,0.0021,0.0000,0,10
1437,1178,Tokenizer.java,M,10,4,273,0.9820,0.0144,277,bwelling,1,1.0000,1.0000,1.0000,1,0
1437,1179,Tokenizer.java,M,10,4,273,0.9820,0.0144,277,bwelling,1,1.0000,1.0000,1.0000,1,0
1437,1296,Tokenizer.java,M,10,1,0,0.0000,1.0000,0,bwelling,2,0.0000,0.0000,0.0000,0,2
1444,1235,GPOSRecord.java,M,8,2,202,0.9854,0.0098,204,bwelling,2,0.0012,0.0024,0.0000,0,2
1453,778,RRset.java,M,5,7,1018,0.7586,0.0052,1341,bwelling,3,0.0000,0.0000,0.0000,0,3
1453,1029,RRset.java,M,5,3,653,0.5708,0.0026,1143,bwelling,1,0.0000,0.0000,0.0000,0,1
1454,1128,Message.java,M,6,5,500,0.9901,0.0099,504,bwelling,10,0.0000,0.0000,0.0000,0,10
1458,154,Record.java,M,5,19,1278,0.8771,0.0130,1456,bwelling,6,0.2926,0.9885,0.0005,2,4
1458,477,Record.java,M,5,21,1333,0.9401,0.0148,1417,bwelling,6,0.2945,0.9885,0.0005,2,4
1458,479,Record.java,M,5,16,1401,0.9880,0.0113,1417,bwelling,6,0.2568,0.7762,0.0000,2,4
1458,771,Record.java,M,12,11,872,0.6464,0.0082,1348,bwelling,1,0.1571,0.1571,0.1571,0,1
1458,1163,Record.java,M,6,13,413,0.9695,0.0305,425,bwelling,1,0.9985,0.9985,0.9985,1,0
1458,1164,Record.java,M,6,18,408,0.9577,0.0423,425,bwelling,1,0.9985,0.9985,0.9985,1,0
1458,1166,Record.java,M,6,11,408,0.9737,0.0263,418,bwelling,8,0.0000,0.0000,0.0000,0,8
1458,1239,Record.java,M,10,2,186,0.9894,0.0106,187,bwelling,15,0.0000,0.0000,0.0000,0,15
1461,1151,Tokenizer.java,M,10,3,445,0.9911,0.0067,448,bwelling,2,0.6820,0.6913,0.6726,2,0
1461,1153,Tokenizer.java,M,10,5,443,0.9866,0.0111,448,bwelling,2,0.6820,0.6913,0.6726,2,0
1461,1296,Tokenizer.java,M,10,2,23,0.9200,0.0800,24,bwelling,2,0.6726,0.6726,0.6726,2,0
1465,1254,ResolverConfig.java,M,8,2,138,0.9787,0.0142,140,bwelling,100,0.0000,0.0000,0.0000,0,100
1465,1255,ResolverConfig.java,M,6,1,139,0.9858,0.0071,140,bwelling,1,1.0000,1.0000,1.0000,1,0
1465,1256,ResolverConfig.java,M,6,1,139,0.9858,0.0071,140,bwelling,1,1.0000,1.0000,1.0000,1,0
1465,1257,ResolverConfig.java,M,6,2,138,0.9787,0.0142,140,bwelling,4,0.7500,1.0000,0.0000,3,1
1465,1258,ResolverConfig.java,M,6,2,138,0.9787,0.0142,140,bwelling,4,0.7500,1.0000,0.0000,3,1
1465,1259,ResolverConfig.java,M,6,2,138,0.9787,0.0142,140,bwelling,4,0.7500,1.0000,0.0000,3,1
1465,1725,ResolverConfig.java,M,5,1,0,0.0000,1.0000,0,bwelling,4,0.7500,1.0000,0.0000,3,1
1470,1092,AAAARecord.java,M,9,5,710,0.9930,0.0070,714,bwelling,1,0.9990,0.9990,0.9990,1,0
1470,1199,A6Record.java,M,9,4,257,0.9847,0.0153,260,bwelling,1,0.9990,0.9990,0.9990,1,0
1474,1727,Zone.java,M,5,1,0,0.0000,1.0000,0,bwelling,2,0.0000,0.0000,0.0000,0,2
1475,1074,Zone.java,M,11,5,336,0.3621,0.0054,927,bwelling,0,0.0000,0.0000,0.0000,0,0
1475,1220,NSAPRecord.java,M,5,1,246,0.9919,0.0040,247,bwelling,1,0.9994,0.9994,0.9994,1,0
1475,1221,X25Record.java,M,5,2,246,0.9919,0.0081,247,bwelling,1,0.9994,0.9994,0.9994,1,0
1475,1224,NSECRecord.java,M,9,1,244,0.9959,0.0041,244,bwelling,1,0.0000,0.0000,0.0000,0,1
1475,1283,Zone.java,M,30,2,84,0.9767,0.0233,85,bwelling,1,0.0603,0.0603,0.0603,0,1
1476,1254,ResolverConfig.java,M,8,3,148,0.9737,0.0197,151,bwelling,100,0.0000,0.0000,0.0000,0,100
1476,1255,ResolverConfig.java,M,6,2,149,0.9803,0.0132,151,bwelling,1,1.0000,1.0000,1.0000,1,0
1476,1256,ResolverConfig.java,M,6,2,149,0.9803,0.0132,151,bwelling,1,1.0000,1.0000,1.0000,1,0
1476,1257,ResolverConfig.java,M,6,3,148,0.9737,0.0197,151,bwelling,4,0.8954,1.0000,0.5818,4,0
1476,1258,ResolverConfig.java,M,6,3,148,0.9737,0.0197,151,bwelling,4,0.8954,1.0000,0.5818,4,0
1476,1259,ResolverConfig.java,M,6,3,148,0.9737,0.0197,151,bwelling,4,0.8954,1.0000,0.5818,4,0
1476,1724,ResolverConfig.java,M,5,1,11,0.9167,0.0833,11,bwelling,4,0.5818,0.5818,0.5818,4,0
1476,1725,ResolverConfig.java,M,5,2,10,0.8333,0.1667,11,bwelling,4,0.8954,1.0000,0.5818,4,0
1477,1254,ResolverConfig.java,M,8,4,148,0.9673,0.0261,152,bwelling,99,0.0000,0.0000,0.0000,0,99
1477,1259,ResolverConfig.java,M,6,4,148,0.9673,0.0261,152,bwelling,2,0.6269,0.6269,0.6269,2,0
1479,1361,HeaderTest.java,M,8,1,31,0.9394,0.0303,32,bwelling,99,0.0000,0.0000,0.0000,0,99
1482,1728,Address.java,M,8,1,0,0.0000,1.0000,0,bwelling,1,1.0000,1.0000,1.0000,1,0
1482,1729,Address.java,M,8,1,0,0.0000,1.0000,0,bwelling,1,1.0000,1.0000,1.0000,1,0
1483,1092,AAAARecord.java,M,9,6,722,0.9918,0.0082,727,bwelling,1,0.9996,0.9996,0.9996,1,0
1483,1199,A6Record.java,M,9,5,269,0.9818,0.0182,273,bwelling,1,0.9996,0.9996,0.9996,1,0
1485,710,jnamed.java,M,11,26,1391,0.9789,0.0183,1420,bwelling,1,0.9999,0.9999,0.9999,1,0
1485,711,jnamed.java,M,11,21,1392,0.9796,0.0148,1420,bwelling,1,0.9999,0.9999,0.9999,1,0
1490,1092,AAAARecord.java,M,9,7,728,0.9905,0.0095,734,bwelling,1,0.9998,0.9998,0.9998,1,0
1490,1199,A6Record.java,M,9,6,275,0.9786,0.0214,280,bwelling,1,0.9998,0.9998,0.9998,1,0
1492,1115,TKEYRecord.java,M,17,3,584,0.9949,0.0051,586,bwelling,1,0.0000,0.0000,0.0000,0,1
1494,1289,ExtendedResolver.java,M,5,1,104,0.9905,0.0095,104,bwelling,3,0.0000,0.0000,0.0000,0,3
1500,836,Cache.java,M,5,31,1294,0.9628,0.0231,1343,bwelling,3,0.1796,0.5064,0.0000,1,2
1500,1009,Cache.java,M,5,24,906,0.7469,0.0198,1212,bwelling,2,0.0148,0.0297,0.0000,0,2
1500,1079,Cache.java,M,6,15,827,0.9038,0.0164,914,bwelling,1,0.9162,0.9162,0.9162,1,0
1500,1120,Cache.java,M,6,10,565,0.9826,0.0174,574,bwelling,1,0.9162,0.9162,0.9162,1,0
1500,1134,ZoneTransferIn.java,M,6,6,505,0.9863,0.0117,511,bwelling,1,0.9841,0.9841,0.9841,1,0
1500,1135,ZoneTransferIn.java,M,6,5,506,0.9883,0.0098,511,bwelling,1,0.9841,0.9841,0.9841,1,0
1500,1136,ZoneTransferIn.java,M,7,5,506,0.9883,0.0098,511,bwelling,1,1.0000,1.0000,1.0000,1,0
1500,1137,ZoneTransferIn.java,M,7,5,506,0.9883,0.0098,511,bwelling,1,1.0000,1.0000,1.0000,1,0
1500,1138,ZoneTransferIn.java,M,5,7,504,0.9844,0.0137,511,bwelling,1,0.9806,0.9806,0.9806,1,0
1500,1139,ZoneTransferIn.java,M,5,7,504,0.9844,0.0137,511,bwelling,1,0.9806,0.9806,0.9806,1,0
1500,1280,Cache.java,M,5,5,106,0.9550,0.0450,110,bwelling,2,0.0157,0.0313,0.0000,0,2
1500,1289,ExtendedResolver.java,M,5,2,109,0.9820,0.0180,110,bwelling,3,0.1688,0.5064,0.0000,1,2
