gcid,author,num_authors,filePath,total_own_changes,pair_events,dep_events,indep_events,dep_ratio,same_file_frac,mean_depth,behavior
25,Slava Pestov,1,jEdit.java,2,2,1,1,0.5,0.0,1.0,Mixed
26,Slava Pestov,1,jOpen.java,1,2,1,1,0.5,0.0,1.0,Mixed
1,Slava Pestov,1,Buffer.java,1,1,1,0,1.0,1.0,0.0,Mostly Dependent
2,Slava Pestov,1,Buffer.java,1,1,1,0,1.0,1.0,0.0,Mostly Dependent
10,Slava Pestov,1,Cmd_clear.java,1,11,11,0,1.0,0.0,1.0,Mostly Dependent
11,Slava Pestov,1,Cmd_new_file.java,1,11,11,0,1.0,0.0,1.0,Mostly Dependent
12,Slava Pestov,1,Cmd_new_view.java,1,11,11,0,1.0,0.0,1.0,Mostly Dependent
13,Slava Pestov,1,Cmd_close_file.java,1,11,11,0,1.0,0.0,1.0,Mostly Dependent
14,Slava Pestov,1,Cmd_paste.java,1,11,11,0,1.0,0.0,1.0,Mostly Dependent
15,Slava Pestov,1,Cmd_copy.java,1,11,11,0,1.0,0.0,1.0,Mostly Dependent
16,Slava Pestov,1,Cmd_save.java,1,2,1,1,0.5,0.0,1.0,Mixed
17,Slava Pestov,1,Cmd_cut.java,1,11,11,0,1.0,0.0,1.0,Mostly Dependent
18,Slava Pestov,1,Cmd_select_all.java,1,11,11,0,1.0,0.0,1.0,Mostly Dependent
19,Slava Pestov,1,Cmd_close_view.java,1,11,11,0,1.0,0.0,1.0,Mostly Dependent
21,Slava Pestov,1,Cmd_goto_marker.java,1,2,0,2,0.0,0.0,1.0,Mostly Independent
22,Slava Pestov,1,Cmd_set_marker.java,3,3,2,1,0.666667,0.0,3.0,Mostly Dependent
23,Slava Pestov,1,Cmd_redo.java,2,7,4,3,0.571429,0.0,1.1429,Mostly Dependent
24,Slava Pestov,1,Cmd_undo.java,2,7,4,3,0.571429,0.0,1.1429,Mostly Dependent
31,Slava Pestov,1,Cmd_print.java,1,11,11,0,1.0,0.0,1.0,Mostly Dependent
34,Slava Pestov,1,Cmd_goto_line.java,1,5,2,3,0.4,0.0,1.0,Mixed
35,Slava Pestov,1,Cmd_select_buffer.java,1,2,1,1,0.5,0.0,1.0,Mixed
41,Slava Pestov,1,jEdit.java,2,4,2,2,0.5,0.0,2.0,Mixed
40,Slava Pestov,1,Cmd_options.java,1,2,0,2,0.0,0.0,1.0,Mostly Independent
8,Slava Pestov,1,BufferMgr.java,4,2,0,2,0.0,0.0,4.0,Mostly Independent
20,Slava Pestov,1,Cmd_clear_marker.java,2,6,0,6,0.0,0.0,1.0,Mostly Independent
29,Slava Pestov,1,View.java,14,66,2,64,0.030303,0.0,6.0,Mostly Independent
72,Slava Pestov,1,Cmd_reverse.java,1,7,2,5,0.285714,0.0,5.1429,Mixed
73,Slava Pestov,1,Cmd_to_upper.java,1,2,2,0,1.0,0.0,1.5,Mostly Dependent
74,Slava Pestov,1,Cmd_to_lower.java,1,2,2,0,1.0,0.0,1.5,Mostly Dependent
75,Slava Pestov,1,Cmd_rot13.java,1,7,2,5,0.285714,0.0,5.1429,Mixed
76,Slava Pestov,3,Buffer.java,86,290,80,210,0.275862,0.624138,5.3759,Mixed
78,Slava Pestov,1,CommandMgr.java,1,3,1,2,0.333333,0.0,2.6667,Mixed
81,Slava Pestov,1,CommandMgr.java,1,4,4,0,1.0,0.5,0.5,Mostly Dependent
104,Slava Pestov,1,HyperSearch.java,6,38,8,30,0.210526,0.131579,4.2895,Mixed
105,Slava Pestov,1,SearchAndReplace.java,9,49,8,41,0.163265,0.0,4.6735,Mixed
108,Slava Pestov,1,Server.java,2,4,2,2,0.5,0.0,2.0,Mixed
109,Slava Pestov,1,View.java,3,11,1,10,0.090909,0.0,4.5455,Mostly Independent
130,Slava Pestov,1,expand_abbrev.java,1,6,0,6,0.0,0.0,5.3333,Mostly Independent
124,Slava Pestov,4,Buffer.java,200,669,21,648,0.03139,0.0,1.0,Mostly Independent
125,Slava Pestov,1,Buffer.java,224,458,16,442,0.034934,0.054585,5.0153,Mostly Independent
126,Slava Pestov,1,Buffer.java,43,205,43,162,0.209756,0.580488,0.9659,Mixed
127,Slava Pestov,1,Buffer.java,160,498,23,475,0.046185,0.0,1.0,Mostly Independent
140,Slava Pestov,1,Buffer.java,45,27,2,25,0.074074,0.0,1.2963,Mostly Independent
111,Slava Pestov,1,autoindent.java,1,4,0,4,0.0,0.0,4.75,Mostly Independent
166,Slava Pestov,1,HTMLTokenMarker.java,9,16,8,8,0.5,0.6875,0.625,Mixed
169,Slava Pestov,1,HTMLTokenMarker.java,8,16,8,8,0.5,0.6875,0.625,Mixed
147,Slava Pestov,1,locate_bracket.java,1,7,1,6,0.142857,0.142857,2.5714,Mixed
148,Slava Pestov,1,locate_bracket.java,1,7,1,6,0.142857,0.142857,2.5714,Mixed
149,Slava Pestov,1,locate_bracket.java,2,10,2,8,0.2,0.2,2.0,Mixed
150,Slava Pestov,1,locate_bracket.java,2,10,2,8,0.2,0.2,2.0,Mixed
151,Slava Pestov,1,locate_bracket.java,2,10,2,8,0.2,0.2,3.2,Mixed
152,Slava Pestov,1,locate_bracket.java,2,10,2,8,0.2,0.2,3.2,Mixed
156,Slava Pestov,1,ShellScriptTokenMarker.java,3,13,1,12,0.076923,0.0,1.9231,Mostly Independent
158,Slava Pestov,1,ShellScriptTokenMarker.java,5,187,107,80,0.572193,0.187166,0.893,Mostly Dependent
159,Slava Pestov,1,TeXTokenMarker.java,2,24,7,17,0.291667,0.125,1.5,Mixed
160,Slava Pestov,1,MakefileTokenMarker.java,5,107,34,73,0.317757,0.074766,1.3738,Mixed
161,Slava Pestov,1,BatchFileTokenMarker.java,5,106,41,65,0.386792,0.09434,1.3208,Mixed
162,Slava Pestov,1,HTMLTokenMarker.java,6,124,36,88,0.290323,0.0,1.5484,Mixed
164,Slava Pestov,1,HTMLTokenMarker.java,9,316,114,202,0.360759,0.047468,1.0,Mixed
170,Slava Pestov,1,ShellScriptTokenMarker.java,8,259,124,135,0.478764,0.220077,0.8378,Mixed
173,Slava Pestov,1,BatchFileTokenMarker.java,5,106,41,65,0.386792,0.09434,1.3208,Mixed
174,Slava Pestov,1,MakefileTokenMarker.java,7,128,44,84,0.34375,0.0625,1.4297,Mixed
175,Slava Pestov,1,ShellScriptTokenMarker.java,8,245,140,105,0.571429,0.208163,0.8531,Mostly Dependent
176,Slava Pestov,1,MakefileTokenMarker.java,8,243,141,102,0.580247,0.106996,0.9547,Mostly Dependent
177,Slava Pestov,1,ShellScriptTokenMarker.java,7,250,116,134,0.464,0.2,0.86,Mixed
183,Slava Pestov,1,TeXTokenMarker.java,2,25,8,17,0.32,0.12,1.48,Mixed
185,Slava Pestov,1,TeXTokenMarker.java,5,215,110,105,0.511628,0.055814,1.014,Mostly Dependent
186,Slava Pestov,1,TeXTokenMarker.java,5,229,94,135,0.41048,0.056769,1.0087,Mixed
187,Slava Pestov,1,HTMLTokenMarker.java,8,271,129,142,0.476015,0.055351,1.0,Mixed
188,Slava Pestov,1,ShellScriptTokenMarker.java,2,43,8,35,0.186047,0.0,1.4884,Mixed
189,Slava Pestov,1,ShellScriptTokenMarker.java,7,240,127,113,0.529167,0.2,0.8625,Mostly Dependent
190,Slava Pestov,1,BatchFileTokenMarker.java,7,257,108,149,0.420233,0.0,1.0584,Mixed
191,Slava Pestov,1,ShellScriptTokenMarker.java,7,241,124,117,0.514523,0.207469,0.8548,Mostly Dependent
192,Slava Pestov,1,MakefileTokenMarker.java,6,238,108,130,0.453782,0.105042,0.958,Mixed
193,Slava Pestov,1,ShellScriptTokenMarker.java,6,236,110,126,0.466102,0.199153,0.8644,Mixed
194,Slava Pestov,1,MakefileTokenMarker.java,8,247,138,109,0.558704,0.101215,0.9595,Mostly Dependent
195,Slava Pestov,1,TeXTokenMarker.java,6,229,115,114,0.502183,0.056769,1.0087,Mostly Dependent
197,Slava Pestov,1,TeXTokenMarker.java,1,2,0,2,0.0,0.0,1.0,Mostly Independent
196,Slava Pestov,1,MakefileTokenMarker.java,7,241,123,118,0.510373,0.099585,0.9627,Mostly Dependent
205,Slava Pestov,1,ShellScriptTokenMarker.java,1,1,0,1,0.0,0.0,1.0,Mostly Independent
210,Slava Pestov,1,CTokenMarker.java,4,14,10,4,0.714286,0.357143,0.6429,Mostly Dependent
209,Slava Pestov,1,CTokenMarker.java,4,14,10,4,0.714286,0.357143,0.6429,Mostly Dependent
211,Slava Pestov,1,format.java,1,2,0,2,0.0,0.0,8.0,Mostly Independent
107,Slava Pestov,4,jEdit.java,33,62,9,53,0.145161,0.564516,5.3548,Mixed
179,Slava Pestov,1,HTMLTokenMarker.java,10,2,0,2,0.0,0.0,2.0,Mostly Independent
216,Slava Pestov,1,Buffer.java,19,28,15,13,0.535714,0.892857,0.1071,Mostly Dependent
217,Slava Pestov,4,Buffer.java,34,79,2,77,0.025316,0.0,3.1013,Mostly Independent
220,Slava Pestov,1,CommandMgr.java,1,5,1,4,0.2,0.2,0.8,Mixed
221,Slava Pestov,1,CommandMgr.java,1,5,1,4,0.2,0.2,0.8,Mixed
224,Slava Pestov,1,java_mode.java,3,12,4,8,0.333333,0.0,1.4167,Mixed
226,Slava Pestov,1,HTMLTokenMarker.java,3,12,10,2,0.833333,0.333333,0.6667,Mostly Dependent
230,Slava Pestov,1,Buffer.java,3,4,1,3,0.25,0.75,0.25,Mixed
231,Slava Pestov,1,Buffer.java,1,4,1,3,0.25,0.75,0.25,Mixed
232,Slava Pestov,1,Buffer.java,56,226,47,179,0.207965,0.561947,1.1106,Mixed
207,Slava Pestov,1,TokenMarker.java,1,6,1,5,0.166667,0.166667,0.8333,Mixed
208,Slava Pestov,1,TokenMarker.java,1,6,1,5,0.166667,0.166667,0.8333,Mixed
233,Slava Pestov,1,Buffer.java,19,5,0,5,0.0,0.0,1.8,Mostly Independent
255,Slava Pestov,1,HyperSearch.java,2,20,0,20,0.0,0.25,4.25,Mostly Independent
256,Slava Pestov,1,SearchAndReplace.java,7,20,0,20,0.0,0.0,1.0,Mostly Independent
257,Slava Pestov,1,TeXTokenMarker.java,1,1,0,1,0.0,0.0,1.0,Mostly Independent
258,Slava Pestov,4,View.java,37,37,27,10,0.72973,1.0,0.0,Mostly Dependent
259,Slava Pestov,2,View.java,51,29,9,20,0.310345,0.931034,0.069,Mixed
266,Slava Pestov,1,delete_no_indent.java,3,10,5,5,0.5,0.0,1.0,Mixed
234,Slava Pestov,1,expand_abbrev.java,3,30,4,26,0.133333,0.133333,1.2667,Mixed
235,Slava Pestov,1,expand_abbrev.java,4,32,4,28,0.125,0.125,1.2812,Mixed
268,Slava Pestov,1,format.java,2,2,0,2,0.0,0.0,1.0,Mostly Independent
271,Slava Pestov,1,select_anchor.java,2,103,1,102,0.009709,0.0,2.0583,Mostly Independent
272,Slava Pestov,1,select_next_paragraph.java,4,28,8,20,0.285714,0.0,1.4643,Mixed
273,Slava Pestov,1,select_prev_paragraph.java,3,27,7,20,0.259259,0.0,1.4815,Mixed
275,Slava Pestov,1,Buffer.java,10,3,0,3,0.0,0.0,2.3333,Mostly Independent
281,Slava Pestov,1,Buffer.java,5,5,0,5,0.0,0.0,1.0,Mostly Independent
285,Slava Pestov,1,SyntaxTextArea.java,5,7,5,2,0.714286,0.714286,0.2857,Mostly Dependent
287,Slava Pestov,1,Buffer.java,3,5,0,5,0.0,0.0,4.2,Mostly Independent
286,Slava Pestov,1,SyntaxTextArea.java,4,6,5,1,0.833333,0.833333,0.1667,Mostly Dependent
288,Slava Pestov,2,Buffer.java,51,263,52,211,0.197719,0.81749,1.1521,Mixed
295,Slava Pestov,1,Options.java,1,3,0,3,0.0,0.0,1.0,Mostly Independent
167,Slava Pestov,1,BatchFileTokenMarker.java,6,9,3,6,0.333333,0.0,1.3333,Mixed
184,Slava Pestov,1,BatchFileTokenMarker.java,3,95,23,72,0.242105,0.105263,1.2526,Mixed
202,Slava Pestov,1,CTokenMarker.java,6,133,28,105,0.210526,0.12782,1.3459,Mixed
204,Slava Pestov,1,CTokenMarker.java,5,235,103,132,0.438298,0.038298,1.0255,Mixed
223,Slava Pestov,1,c.java,2,11,4,7,0.363636,0.0,1.3636,Mixed
225,Slava Pestov,1,HTMLTokenMarker.java,5,176,73,103,0.414773,0.056818,1.0114,Mixed
228,Slava Pestov,1,CTokenMarker.java,2,8,2,6,0.25,0.0,1.125,Mixed
229,Slava Pestov,1,HTMLTokenMarker.java,3,9,2,7,0.222222,0.0,1.1111,Mixed
260,Slava Pestov,1,HelpTokenMarker.java,1,13,7,6,0.538462,0.0,1.6923,Mostly Dependent
298,Slava Pestov,1,join_lines.java,1,2,0,2,0.0,0.0,1.0,Mostly Independent
306,Slava Pestov,1,execute.java,1,5,1,4,0.2,0.0,6.8,Mixed
310,Slava Pestov,1,SyntaxTextArea.java,2,2,0,2,0.0,1.0,0.0,Mostly Independent
312,Slava Pestov,1,SyntaxTextArea.java,1,2,1,1,0.5,0.5,1.0,Mixed
313,Slava Pestov,1,SyntaxTextArea.java,1,2,1,1,0.5,0.5,1.0,Mixed
316,Slava Pestov,1,compile.java,1,4,0,4,0.0,0.0,8.25,Mostly Independent
318,Slava Pestov,1,make.java,2,6,4,2,0.666667,0.0,1.0,Mostly Dependent
329,Slava Pestov,1,jEdit.java,2,11,0,11,0.0,0.181818,0.8182,Mostly Independent
200,Slava Pestov,1,CTokenMarker.java,9,293,109,184,0.372014,0.030717,1.0102,Mixed
203,Slava Pestov,1,CTokenMarker.java,5,20,10,10,0.5,0.0,1.2,Mixed
274,Slava Pestov,3,Buffer.java,38,222,58,164,0.261261,0.792793,1.964,Mixed
317,Slava Pestov,1,compile.java,1,5,4,1,0.8,0.2,0.8,Mostly Dependent
322,Slava Pestov,7,jEdit.java,154,354,111,243,0.313559,0.446328,0.5537,Mixed
330,Slava Pestov,1,jEdit.java,5,1,1,0,1.0,1.0,0.0,Mostly Dependent
331,Slava Pestov,7,jEdit.java,144,267,118,149,0.441948,0.580524,0.4195,Mixed
332,Slava Pestov,7,jEdit.java,128,263,119,144,0.452471,0.589354,0.4106,Mixed
333,Slava Pestov,7,jEdit.java,198,1,0,1,0.0,0.0,1.0,Mostly Independent
334,Slava Pestov,7,View.java,93,37,27,10,0.72973,1.0,0.0,Mostly Dependent
337,Slava Pestov,1,browser_open_url.java,1,4,3,1,0.75,0.0,1.0,Mostly Dependent
338,Slava Pestov,1,compile.java,1,4,3,1,0.75,0.25,0.75,Mostly Dependent
339,Slava Pestov,1,Buffer.java,10,1,0,1,0.0,0.0,1.0,Mostly Independent
342,Slava Pestov,1,jEdit.java,7,7,0,7,0.0,0.142857,0.8571,Mostly Independent
294,Slava Pestov,1,SendDialog.java,6,11,0,11,0.0,0.0,2.0,Mostly Independent
347,Slava Pestov,1,CommandOutput.java,1,7,0,7,0.0,0.285714,0.7143,Mostly Independent
349,Slava Pestov,1,SendDialog.java,5,2,0,2,0.0,0.0,2.0,Mostly Independent
198,Slava Pestov,1,CTokenMarker.java,6,127,26,101,0.204724,0.125984,1.4252,Mixed
199,Slava Pestov,1,CTokenMarker.java,8,147,40,107,0.272109,0.115646,1.4422,Mixed
356,Slava Pestov,1,Colors2OptionPane.java,3,16,2,14,0.125,0.0,1.625,Mixed
357,Slava Pestov,1,CTokenMarker.java,1,6,0,6,0.0,0.0,1.0,Mostly Independent
222,Slava Pestov,1,KeywordMap.java,7,1009,4,1005,0.003964,0.006938,3.1526,Mostly Independent
227,Slava Pestov,1,HTMLTokenMarker.java,2,12,10,2,0.833333,0.333333,0.6667,Mostly Dependent
366,Slava Pestov,1,KeywordMap.java,3,743,3,740,0.004038,0.009421,2.5922,Mostly Independent
371,Slava Pestov,1,TSQLTokenMarker.java,1,4,2,2,0.5,0.75,0.25,Mixed
373,Slava Pestov,1,TSQLTokenMarker.java,1,4,2,2,0.5,0.75,0.25,Mixed
374,Slava Pestov,1,TSQLTokenMarker.java,1,6,3,3,0.5,1.0,0.0,Mixed
375,Slava Pestov,1,TSQLTokenMarker.java,2,2,2,0,1.0,1.0,0.0,Mostly Dependent
376,Slava Pestov,1,TSQLTokenMarker.java,1,4,2,2,0.5,0.75,0.25,Mixed
377,Slava Pestov,1,TSQLTokenMarker.java,2,8,2,6,0.25,0.25,0.75,Mixed
378,Slava Pestov,1,TSQLTokenMarker.java,2,2,2,0,1.0,1.0,0.0,Mostly Dependent
379,Slava Pestov,1,TSQLTokenMarker.java,2,8,2,6,0.25,0.25,0.75,Mixed
381,Slava Pestov,1,TSQLTokenMarker.java,2,10,7,3,0.7,1.0,0.0,Mostly Dependent
382,Slava Pestov,1,TSQLTokenMarker.java,2,10,7,3,0.7,1.0,0.0,Mostly Dependent
384,Slava Pestov,1,TSQLTokenMarker.java,2,11,3,8,0.272727,0.0,2.0,Mixed
385,Slava Pestov,1,TSQLTokenMarker.java,2,10,7,3,0.7,1.0,0.0,Mostly Dependent
387,Slava Pestov,1,TSQLTokenMarker.java,2,6,2,4,0.333333,0.333333,1.3333,Mixed
388,Slava Pestov,1,TSQLTokenMarker.java,2,6,2,4,0.333333,0.333333,1.3333,Mixed
389,Slava Pestov,1,tsql.java,3,17,3,14,0.176471,0.0,1.7647,Mixed
392,Slava Pestov,1,jEdit.java,3,3,2,1,0.666667,1.0,0.0,Mostly Dependent
396,Slava Pestov,1,HTMLTokenMarker.java,1,5,4,1,0.8,0.4,0.6,Mostly Dependent
391,Slava Pestov,1,GeneralOptionPane.java,2,15,0,15,0.0,0.0,1.6667,Mostly Independent
397,Slava Pestov,1,PastePredefined.java,1,19,1,18,0.052632,0.105263,0.9474,Mostly Independent
398,Slava Pestov,1,PastePrevious.java,2,19,3,16,0.157895,0.0,1.0526,Mixed
315,Slava Pestov,1,javascript.java,1,14,0,14,0.0,0.0,1.7143,Mostly Independent
383,Slava Pestov,1,TSQLTokenMarker.java,1,8,4,4,0.5,1.0,0.0,Mixed
386,Slava Pestov,1,TSQLTokenMarker.java,1,8,4,4,0.5,1.0,0.0,Mixed
393,Slava Pestov,1,jEdit.java,2,3,2,1,0.666667,1.0,0.0,Mostly Dependent
400,Slava Pestov,1,jEdit.java,1,2,0,2,0.0,0.5,0.5,Mostly Independent
401,Slava Pestov,1,cc.java,1,8,2,6,0.25,0.0,1.375,Mixed
402,Slava Pestov,1,TSQLTokenMarker.java,1,4,0,4,0.0,0.0,1.0,Mostly Independent
291,Slava Pestov,1,Buffer.java,4,8,0,8,0.0,0.0,7.0,Mostly Independent
425,Slava Pestov,1,jEdit.java,1,3,0,3,0.0,0.333333,0.6667,Mostly Independent
267,Slava Pestov,1,select_no_indent.java,2,10,5,5,0.5,0.0,1.0,Mixed
279,Slava Pestov,1,pipe_selection.java,1,15,0,15,0.0,0.0,1.0667,Mostly Independent
289,Slava Pestov,1,HyperSearch.java,8,4,0,4,0.0,0.0,2.0,Mostly Independent
290,Slava Pestov,1,Buffer.java,3,6,0,6,0.0,0.0,1.0,Mostly Independent
292,Slava Pestov,1,HyperSearch.java,1,4,2,2,0.5,0.0,4.5,Mixed
308,Slava Pestov,1,CommandOutput.java,1,4,2,2,0.5,0.25,4.25,Mixed
320,Slava Pestov,1,shift_left.java,9,17,9,8,0.529412,0.0,1.4706,Mostly Dependent
321,Slava Pestov,1,shift_right.java,9,17,9,8,0.529412,0.0,1.4706,Mostly Dependent
341,Slava Pestov,1,goto_end_indent.java,2,9,4,5,0.444444,0.0,1.0,Mixed
343,Slava Pestov,1,CommandOutput.java,1,4,2,2,0.5,0.25,4.25,Mixed
405,Slava Pestov,1,jEdit.java,2,1,0,1,0.0,0.0,1.0,Mostly Independent
346,Slava Pestov,1,CommandOutput.java,1,7,0,7,0.0,0.285714,0.7143,Mostly Independent
433,Slava Pestov,1,GUIUtilities.java,8,18,1,17,0.055556,0.0,1.4444,Mostly Independent
418,Slava Pestov,1,CTokenMarker.java,5,5,4,1,0.8,0.0,1.0,Mostly Dependent
435,Slava Pestov,1,make.java,1,1,0,1,0.0,0.0,1.0,Mostly Independent
441,Slava Pestov,1,jEdit.java,7,23,5,18,0.217391,0.217391,0.7826,Mixed
340,Slava Pestov,4,jEdit.java,13,60,4,56,0.066667,0.166667,2.2,Mostly Independent
446,Slava Pestov,1,jEdit.java,23,38,2,36,0.052632,0.0,1.9474,Mostly Independent
447,Slava Pestov,1,jEdit.java,3,13,0,13,0.0,0.0,1.0,Mostly Independent
448,Slava Pestov,1,jEdit.java,47,42,1,41,0.02381,0.0,2.7143,Mostly Independent
407,Slava Pestov,1,SQLTokenMarker.java,3,3,0,3,0.0,0.0,1.0,Mostly Independent
408,Slava Pestov,1,SQLTokenMarker.java,3,9,3,6,0.333333,0.333333,0.8889,Mixed
409,Slava Pestov,1,SQLTokenMarker.java,4,16,3,13,0.1875,0.25,1.5,Mixed
410,Slava Pestov,1,SQLTokenMarker.java,3,9,3,6,0.333333,0.333333,0.8889,Mixed
411,Slava Pestov,1,SQLTokenMarker.java,2,4,0,4,0.0,0.0,2.0,Mostly Independent
422,Slava Pestov,1,SQLTokenMarker.java,2,3,2,1,0.666667,0.666667,0.3333,Mostly Dependent
423,Slava Pestov,1,SQLTokenMarker.java,2,3,2,1,0.666667,0.666667,0.3333,Mostly Dependent
77,Slava Pestov,1,RE.java,2,7,0,7,0.0,0.0,8.0,Mostly Independent
96,Slava Pestov,1,RE.java,2,21,0,21,0.0,0.0,7.0,Mostly Independent
307,Slava Pestov,1,compile.java,1,10,0,10,0.0,0.0,1.0,Mostly Independent
344,Slava Pestov,1,next_error.java,1,1,1,0,1.0,0.0,1.0,Mostly Dependent
345,Slava Pestov,1,prev_error.java,1,1,1,0,1.0,0.0,1.0,Mostly Dependent
436,Slava Pestov,1,Console.java,6,3,0,3,0.0,0.0,1.0,Mostly Independent
442,Slava Pestov,1,Console.java,12,59,15,44,0.254237,0.59322,2.1017,Mixed
443,Slava Pestov,1,Console.java,10,49,15,34,0.306122,0.632653,2.0,Mixed
456,Slava Pestov,3,jEdit.java,122,312,109,203,0.349359,0.50641,0.4936,Mixed
457,Slava Pestov,1,jEdit.java,16,15,9,6,0.6,0.666667,0.3333,Mostly Dependent
458,Slava Pestov,3,jEdit.java,78,14,3,11,0.214286,0.0,1.0,Mixed
461,Slava Pestov,1,View.java,16,29,9,20,0.310345,0.931034,0.069,Mixed
453,Slava Pestov,1,EditorEvent.java,1,6,0,6,0.0,0.0,1.1667,Mostly Independent
137,Slava Pestov,1,Marker.java,5,853,1,852,0.001172,0.002345,2.1512,Mostly Independent
426,Slava Pestov,4,GUIUtilities.java,8,34,0,34,0.0,0.0,1.8235,Mostly Independent
362,Slava Pestov,1,PropsTokenMarker.java,3,79,27,52,0.341772,0.0,1.3544,Mixed
363,Slava Pestov,1,PropsTokenMarker.java,4,172,96,76,0.55814,0.023256,1.064,Mostly Dependent
364,Slava Pestov,1,PropsTokenMarker.java,4,172,96,76,0.55814,0.023256,1.064,Mostly Dependent
365,Slava Pestov,1,PropsTokenMarker.java,3,4,0,4,0.0,0.0,1.0,Mostly Independent
412,Slava Pestov,1,SQLTokenMarker.java,1,3,0,3,0.0,0.0,1.0,Mostly Independent
413,Slava Pestov,1,SQLTokenMarker.java,3,16,3,13,0.1875,0.25,1.5,Mixed
414,Slava Pestov,1,SQLTokenMarker.java,2,1,0,1,0.0,0.0,2.0,Mostly Independent
415,Slava Pestov,1,SQLTokenMarker.java,2,7,1,6,0.142857,0.0,1.8571,Mixed
416,Slava Pestov,1,SQLTokenMarker.java,3,163,86,77,0.527607,0.018405,1.0736,Mostly Dependent
417,Slava Pestov,1,SQLTokenMarker.java,2,159,70,89,0.440252,0.018868,1.0755,Mixed
420,Slava Pestov,1,SQLTokenMarker.java,2,14,3,11,0.214286,0.142857,2.3571,Mixed
421,Slava Pestov,1,SQLTokenMarker.java,2,14,3,11,0.214286,0.142857,2.3571,Mixed
438,Slava Pestov,1,Console.java,4,1,0,1,0.0,0.0,2.0,Mostly Independent
444,Slava Pestov,1,Console.java,4,33,10,23,0.30303,0.727273,1.4848,Mixed
201,Slava Pestov,5,TokenMarker.java,24,30,4,26,0.133333,0.0,2.0,Mixed
464,Slava Pestov,3,MiscUtilities.java,31,13,0,13,0.0,0.0,1.0,Mostly Independent
473,Slava Pestov,1,TokenMarker.java,1,1,1,0,1.0,1.0,0.0,Mostly Dependent
474,Slava Pestov,1,TokenMarker.java,1,1,1,0,1.0,1.0,0.0,Mostly Dependent
358,Slava Pestov,1,SelectLineRange.java,1,6,0,6,0.0,0.0,1.6667,Mostly Independent
359,Slava Pestov,1,SelectLineRange.java,4,9,0,9,0.0,0.0,1.0,Mostly Independent
483,Slava Pestov,1,Options.java,1,1,0,1,0.0,0.0,1.0,Mostly Independent
454,Slava Pestov,1,BufferEvent.java,1,5,0,5,0.0,0.0,1.6,Mostly Independent
482,Slava Pestov,1,ClippingEditor.java,2,9,2,7,0.222222,0.0,1.0,Mixed
484,Slava Pestov,1,GlobalOptions.java,3,10,2,8,0.2,0.0,1.0,Mixed
487,Slava Pestov,1,BufferOptions.java,3,3,0,3,0.0,0.0,2.0,Mostly Independent
489,Slava Pestov,1,HistoryTextField.java,2,5,2,3,0.4,0.6,0.4,Mixed
490,Slava Pestov,1,HistoryTextField.java,3,6,2,4,0.333333,0.5,0.5,Mixed
247,Slava Pestov,1,tab.java,2,28,3,25,0.107143,0.0,1.3214,Mixed
248,Slava Pestov,1,untab.java,2,28,3,25,0.107143,0.0,1.3214,Mixed
249,Slava Pestov,1,to_lower.java,2,12,2,10,0.166667,0.0,4.8333,Mixed
250,Slava Pestov,1,to_upper.java,2,12,2,10,0.166667,0.0,4.8333,Mixed
508,Slava Pestov,1,next_error.java,1,14,1,13,0.071429,0.0,1.3571,Mostly Independent
509,Slava Pestov,1,prev_error.java,1,14,1,13,0.071429,0.0,1.3571,Mostly Independent
480,Slava Pestov,1,ColorTableOptionPane.java,4,88,6,82,0.068182,0.056818,2.0227,Mostly Independent
335,Slava Pestov,1,reverse.java,1,3,1,2,0.333333,0.0,5.3333,Mixed
336,Slava Pestov,1,rot13.java,1,3,1,2,0.333333,0.0,5.3333,Mixed
449,Slava Pestov,1,accents.java,1,2,1,1,0.5,0.0,3.0,Mixed
451,Slava Pestov,1,entities.java,1,2,1,1,0.5,0.0,3.0,Mixed
510,Slava Pestov,1,HyperSearch.java,1,5,0,5,0.0,0.0,1.6,Mostly Independent
419,Slava Pestov,1,SQLTokenMarker.java,2,18,8,10,0.444444,0.0,1.1667,Mixed
492,Slava Pestov,1,DefaultSyntaxDocument.java,2,9,0,9,0.0,0.0,2.0,Mostly Independent
515,Slava Pestov,1,TokenMarker.java,10,71,2,69,0.028169,0.0,2.0,Mostly Independent
445,Slava Pestov,1,Console.java,2,28,6,22,0.214286,0.857143,0.8571,Mixed
465,Slava Pestov,4,MiscUtilities.java,28,70,5,65,0.071429,0.042857,0.9571,Mostly Independent
512,Slava Pestov,1,jEdit.java,26,104,0,104,0.0,0.0,4.2885,Mostly Independent
519,Slava Pestov,1,JARClassLoader.java,2,3,1,2,0.333333,1.0,0.0,Mixed
521,Slava Pestov,2,jEdit.java,28,33,12,21,0.363636,1.0,0.0,Mixed
522,Slava Pestov,1,jEdit.java,5,20,5,15,0.25,0.25,0.75,Mixed
523,Slava Pestov,1,jEdit.java,9,16,9,7,0.5625,0.625,0.375,Mostly Dependent
524,Slava Pestov,1,CCTokenMarker.java,3,22,2,20,0.090909,0.0,1.0,Mostly Independent
525,Slava Pestov,4,jEdit.java,74,1874,40,1834,0.021345,0.0,3.0,Mostly Independent
505,Slava Pestov,1,SyntaxTextArea.java,1,11,0,11,0.0,0.090909,1.5455,Mostly Independent
468,Slava Pestov,1,JavaTokenMarker.java,1,14,2,12,0.142857,0.0,1.0,Mixed
469,Slava Pestov,1,CTokenMarker.java,1,14,2,12,0.142857,0.0,1.0,Mixed
481,Slava Pestov,1,ColorTableOptionPane.java,3,79,3,76,0.037975,0.063291,1.9494,Mostly Independent
533,Slava Pestov,1,HistoryTextField.java,3,7,0,7,0.0,0.0,6.5714,Mostly Independent
529,Slava Pestov,1,KeyTableOptionPane.java,4,19,2,17,0.105263,0.0,2.7895,Mixed
534,Slava Pestov,1,JARClassLoader.java,9,59,9,50,0.152542,0.576271,0.4237,Mixed
535,Slava Pestov,2,JARClassLoader.java,10,10,7,3,0.7,0.8,0.2,Mostly Dependent
536,Slava Pestov,1,JARClassLoader.java,18,52,15,37,0.288462,0.519231,0.4808,Mixed
537,Slava Pestov,5,GUIUtilities.java,65,98,7,91,0.071429,0.142857,1.051,Mostly Independent
538,Slava Pestov,1,JARClassLoader.java,1,3,1,2,0.333333,1.0,0.0,Mixed
539,Slava Pestov,1,HistoryTextField.java,6,17,6,11,0.352941,0.352941,1.2941,Mixed
540,Slava Pestov,1,HistoryTextField.java,6,17,6,11,0.352941,0.352941,1.2941,Mixed
541,Slava Pestov,1,HistoryTextField.java,9,53,9,44,0.169811,0.226415,1.1509,Mixed
546,Slava Pestov,1,find_selection.java,3,21,5,16,0.238095,0.0,1.4286,Mixed
99,Slava Pestov,1,RETokenOneOf.java,1,41,0,41,0.0,0.0,7.3902,Mostly Independent
102,Slava Pestov,1,REMatch.java,5,71,13,58,0.183099,0.183099,4.169,Mixed
103,Slava Pestov,1,REMatch.java,4,53,11,42,0.207547,0.207547,4.1887,Mixed
236,Slava Pestov,1,find_next.java,4,25,7,18,0.28,0.0,1.4,Mixed
360,Slava Pestov,1,replace_in_selection.java,4,22,7,15,0.318182,0.0,1.3636,Mixed
548,Slava Pestov,1,replace_all.java,4,23,8,15,0.347826,0.0,1.3913,Mixed
550,Slava Pestov,1,SearchAndReplace.java,29,113,3,110,0.026549,0.0,1.9469,Mostly Independent
551,Slava Pestov,1,SearchAndReplace.java,24,116,20,96,0.172414,0.603448,0.7931,Mixed
553,Slava Pestov,1,PerlTokenMarker.java,2,44,19,25,0.431818,0.409091,0.7273,Mixed
554,Slava Pestov,1,PerlTokenMarker.java,3,20,1,19,0.05,0.0,1.7,Mostly Independent
557,Slava Pestov,1,PerlTokenMarker.java,2,44,19,25,0.431818,0.409091,0.7273,Mixed
559,Slava Pestov,1,PerlTokenMarker.java,4,81,21,60,0.259259,0.222222,1.0494,Mixed
561,Slava Pestov,1,PerlTokenMarker.java,1,22,11,11,0.5,0.409091,0.7273,Mixed
562,Slava Pestov,1,PerlTokenMarker.java,2,44,19,25,0.431818,0.409091,0.7273,Mixed
563,Slava Pestov,1,PerlTokenMarker.java,2,44,19,25,0.431818,0.409091,0.7273,Mixed
564,Slava Pestov,1,PerlTokenMarker.java,5,21,8,13,0.380952,0.0,1.1905,Mixed
565,Slava Pestov,1,PerlTokenMarker.java,5,13,10,3,0.769231,0.692308,0.3077,Mostly Dependent
567,Slava Pestov,1,PerlTokenMarker.java,1,2,0,2,0.0,0.0,1.5,Mostly Independent
570,Slava Pestov,1,PerlTokenMarker.java,1,1,1,0,1.0,0.0,1.0,Mostly Dependent
571,Slava Pestov,1,ShellScriptTokenMarker.java,1,1,1,0,1.0,0.0,1.0,Mostly Dependent
552,Slava Pestov,1,PerlTokenMarker.java,4,38,1,37,0.026316,0.078947,0.9211,Mostly Independent
555,Slava Pestov,1,PerlTokenMarker.java,1,34,8,26,0.235294,0.441176,0.6471,Mixed
556,Slava Pestov,1,PerlTokenMarker.java,1,34,8,26,0.235294,0.441176,0.6471,Mixed
560,Slava Pestov,1,PerlTokenMarker.java,1,34,8,26,0.235294,0.441176,0.6471,Mixed
575,Slava Pestov,1,PerlTokenMarker.java,1,22,8,14,0.363636,0.409091,0.7273,Mixed
577,Slava Pestov,1,PerlTokenMarker.java,3,13,10,3,0.769231,0.692308,0.3077,Mostly Dependent
578,Slava Pestov,1,PerlTokenMarker.java,4,14,10,4,0.714286,0.714286,0.2857,Mostly Dependent
583,Slava Pestov,1,SearchDialog.java,2,2,0,2,0.0,0.0,2.0,Mostly Independent
587,Slava Pestov,1,BufferListSet.java,2,2,0,2,0.0,0.0,1.0,Mostly Independent
600,Slava Pestov,1,jEdit.java,1,1,1,0,1.0,1.0,0.0,Mostly Dependent
604,Slava Pestov,1,RemoteEditorImpl.java,2,2,1,1,0.5,1.0,0.0,Mixed
605,Slava Pestov,1,RemoteEditorImpl.java,2,3,2,1,0.666667,0.666667,1.0,Mostly Dependent
606,Slava Pestov,1,RemoteEditorImpl.java,2,3,2,1,0.666667,0.666667,1.0,Mostly Dependent
608,Slava Pestov,4,jEdit.java,66,91,1,90,0.010989,0.0,1.0,Mostly Independent
609,Slava Pestov,2,jEdit.java,13,33,12,21,0.363636,1.0,0.0,Mixed
589,Slava Pestov,1,StyleOptionPane.java,2,16,0,16,0.0,0.0,1.125,Mostly Independent
594,Slava Pestov,1,StyleOptionPane.java,3,4,0,4,0.0,0.0,4.0,Mostly Independent
595,Slava Pestov,1,StyleOptionPane.java,1,5,0,5,0.0,0.0,2.2,Mostly Independent
597,Slava Pestov,1,StyleOptionPane.java,3,12,2,10,0.166667,0.0,1.8333,Mixed
598,Slava Pestov,1,StyleOptionPane.java,1,8,0,8,0.0,0.0,2.25,Mostly Independent
576,Slava Pestov,1,ShellScriptTokenMarker.java,2,105,63,42,0.6,0.133333,1.0095,Mostly Dependent
617,Slava Pestov,1,SyntaxStyle.java,4,35,0,35,0.0,0.0,1.4286,Mostly Independent
601,Slava Pestov,1,RemoteBufferImpl.java,1,2,0,2,0.0,1.0,0.0,Mostly Independent
622,Slava Pestov,4,JEditTextArea.java,39,428,8,420,0.018692,0.007009,2.3902,Mostly Independent
623,Slava Pestov,3,JEditTextArea.java,13,13,7,6,0.538462,1.0,0.0,Mostly Dependent
625,Slava Pestov,1,TextAreaModel.java,4,9,4,5,0.444444,0.555556,0.8889,Mixed
626,Slava Pestov,1,TextAreaModel.java,5,10,4,6,0.4,0.5,1.0,Mixed
629,Slava Pestov,1,TextAreaPainter.java,21,1159,5,1154,0.004314,0.0,4.6713,Mostly Independent
630,Slava Pestov,1,JEditTextArea.java,1,7,0,7,0.0,0.0,2.0,Mostly Independent
624,Slava Pestov,1,TextAreaModel.java,1,8,0,8,0.0,0.0,2.0,Mostly Independent
633,Slava Pestov,1,TextAreaModel.java,4,32,4,28,0.125,0.125,1.75,Mixed
634,Slava Pestov,1,TextAreaModel.java,4,32,4,28,0.125,0.125,1.75,Mixed
628,Slava Pestov,1,TextAreaPainter.java,11,25,2,23,0.08,0.0,1.0,Mostly Independent
635,Slava Pestov,1,TextAreaModel.java,1,2,1,1,0.5,0.5,1.0,Mixed
636,Slava Pestov,1,TextAreaModel.java,1,2,1,1,0.5,0.5,1.0,Mixed
470,Slava Pestov,1,SyntaxUtilities.java,1,4,1,3,0.25,0.25,1.5,Mixed
471,Slava Pestov,1,SyntaxUtilities.java,1,4,1,3,0.25,0.25,1.5,Mixed
643,Slava Pestov,1,SearchAndReplace.java,4,26,3,23,0.115385,0.038462,3.7692,Mixed
644,Slava Pestov,1,copy.java,1,2,1,1,0.5,0.0,1.5,Mixed
645,Slava Pestov,1,cut.java,1,2,1,1,0.5,0.0,1.5,Mixed
646,Slava Pestov,1,PastePredefined.java,2,5,2,3,0.4,0.4,0.8,Mixed
650,Slava Pestov,1,StyleOptionPane.java,4,5,0,5,0.0,0.0,2.0,Mostly Independent
651,Slava Pestov,1,StyleOptionPane.java,5,219,4,215,0.018265,0.0,2.5434,Mostly Independent
602,Slava Pestov,1,RemoteBufferImpl.java,1,2,0,2,0.0,1.0,0.0,Mostly Independent
603,Slava Pestov,1,RemoteEditorImpl.java,1,2,1,1,0.5,1.0,0.0,Mixed
641,Slava Pestov,3,JEditTextArea.java,62,77,43,34,0.558442,0.987013,0.026,Mostly Dependent
642,Slava Pestov,1,JEditTextArea.java,111,1065,81,984,0.076056,0.11831,2.6338,Mostly Independent
648,Slava Pestov,1,JEditTextArea.java,38,46,27,19,0.586957,1.0,0.0,Mostly Dependent
664,Slava Pestov,1,JEditTextArea.java,33,52,0,52,0.0,0.0,3.3077,Mostly Independent
665,Slava Pestov,4,JEditTextArea.java,60,2077,184,1893,0.088589,0.223399,4.4805,Mostly Independent
668,Slava Pestov,1,JEditTextArea.java,40,46,27,19,0.586957,1.0,0.0,Mostly Dependent
671,Slava Pestov,3,JEditTextArea.java,121,677,248,429,0.366322,0.661743,0.6765,Mixed
673,Slava Pestov,1,View.java,15,10,0,10,0.0,0.0,1.0,Mostly Independent
674,Slava Pestov,6,jEdit.java,171,866,30,836,0.034642,0.0,2.403,Mostly Independent
678,Slava Pestov,1,RemoteEditorImpl.java,1,2,1,1,0.5,0.5,2.0,Mixed
679,Slava Pestov,1,RemoteEditorImpl.java,1,2,1,1,0.5,0.5,2.0,Mixed
681,Slava Pestov,1,RemoteViewImpl.java,1,8,3,5,0.375,0.25,2.125,Mixed
682,Slava Pestov,1,RemoteViewImpl.java,1,8,3,5,0.375,0.25,2.125,Mixed
683,Slava Pestov,1,RemoteViewImpl.java,1,8,3,5,0.375,0.25,2.125,Mixed
686,Slava Pestov,2,JEditTextArea.java,120,229,71,158,0.310044,0.563319,0.8734,Mixed
687,Slava Pestov,3,JEditTextArea.java,122,724,258,466,0.356354,0.66989,0.6602,Mixed
689,Slava Pestov,1,TextAreaPainter.java,2,48,1,47,0.020833,0.041667,1.9167,Mostly Independent
647,Slava Pestov,4,JEditTextArea.java,92,102,0,102,0.0,0.0,2.0,Mostly Independent
669,Slava Pestov,3,JEditTextArea.java,70,77,43,34,0.558442,0.987013,0.026,Mostly Dependent
670,Slava Pestov,1,JEditTextArea.java,24,14,1,13,0.071429,0.0,2.0,Mostly Independent
691,Slava Pestov,1,GUIUtilities.java,3,4,0,4,0.0,0.0,2.0,Mostly Independent
251,Slava Pestov,1,delete_end_line.java,1,4,1,3,0.25,0.0,1.0,Mixed
252,Slava Pestov,1,delete_start_line.java,1,4,1,3,0.25,0.0,1.0,Mixed
585,Slava Pestov,1,BufferListSet.java,3,11,0,11,0.0,0.0,4.7273,Mostly Independent
593,Slava Pestov,1,KeyTableOptionPane.java,2,2,0,2,0.0,0.0,3.0,Mostly Independent
596,Slava Pestov,1,KeyTableOptionPane.java,2,5,0,5,0.0,0.0,2.4,Mostly Independent
654,Slava Pestov,1,DefaultInputHandler.java,11,176,5,171,0.028409,0.0,1.2273,Mostly Independent
655,Slava Pestov,1,DefaultInputHandler.java,3,15,7,8,0.466667,0.266667,1.2667,Mixed
656,Slava Pestov,1,DefaultInputHandler.java,3,15,7,8,0.466667,0.266667,1.2667,Mixed
658,Slava Pestov,1,DefaultInputHandler.java,5,9,1,8,0.111111,0.0,1.0,Mixed
659,Slava Pestov,1,DefaultInputHandler.java,3,3,3,0,1.0,1.0,0.0,Mostly Dependent
660,Slava Pestov,1,DefaultInputHandler.java,3,3,3,0,1.0,1.0,0.0,Mostly Dependent
661,Slava Pestov,1,DefaultInputHandler.java,3,6,3,3,0.5,0.5,1.0,Mixed
663,Slava Pestov,1,DefaultInputHandler.java,4,4,4,0,1.0,1.0,0.0,Mostly Dependent
688,Slava Pestov,1,TextAreaPainter.java,1,25,1,24,0.04,0.08,1.84,Mostly Independent
692,Slava Pestov,1,select_block.java,2,37,0,37,0.0,0.0,2.0,Mostly Independent
694,Slava Pestov,1,DefaultInputHandler.java,4,7,1,6,0.142857,0.0,1.0,Mixed
695,Slava Pestov,4,JEditTextArea.java,80,2784,253,2531,0.090876,0.16056,4.9271,Mostly Independent
701,Slava Pestov,1,LiteralSearchMatcher.java,1,3,0,3,0.0,0.333333,1.3333,Mostly Independent
702,Slava Pestov,1,LiteralSearchMatcher.java,1,1,1,0,1.0,1.0,0.0,Mostly Dependent
704,Slava Pestov,1,LiteralSearchMatcher.java,1,3,1,2,0.333333,0.333333,0.6667,Mixed
709,Slava Pestov,4,JEditTextArea.java,112,13,7,6,0.538462,1.0,0.0,Mostly Dependent
710,Slava Pestov,1,JEditTextArea.java,45,26,0,26,0.0,0.0,2.0,Mostly Independent
711,Slava Pestov,1,TextUtilities.java,1,1,1,0,1.0,1.0,0.0,Mostly Dependent
712,Slava Pestov,1,TextUtilities.java,1,1,1,0,1.0,1.0,0.0,Mostly Dependent
690,Slava Pestov,1,TextAreaPainter.java,13,30,7,23,0.233333,0.266667,0.7333,Mixed
612,Slava Pestov,1,help.java,3,6,0,6,0.0,0.0,8.0,Mostly Independent
716,Slava Pestov,1,JARClassLoader.java,4,5,1,4,0.2,0.8,0.2,Mixed
269,Slava Pestov,1,next_paragraph.java,2,26,6,20,0.230769,0.0,1.5,Mixed
270,Slava Pestov,1,prev_paragraph.java,1,25,5,20,0.2,0.0,1.52,Mixed
532,Slava Pestov,4,View.java,43,1660,13,1647,0.007831,0.0,2.8651,Mostly Independent
543,Slava Pestov,1,HistoryTextField.java,12,58,11,47,0.189655,0.224138,1.2931,Mixed
544,Slava Pestov,1,HistoryTextField.java,12,58,11,47,0.189655,0.224138,1.2931,Mixed
545,Slava Pestov,1,View.java,2,3,0,3,0.0,0.0,1.0,Mostly Independent
580,Slava Pestov,1,SyntaxStyle.java,4,827,1,826,0.001209,0.0,2.8549,Mostly Independent
581,Slava Pestov,1,OptionsDialog.java,6,6,0,6,0.0,0.0,4.6667,Mostly Independent
584,Slava Pestov,1,SearchDialog.java,7,161,9,152,0.055901,0.043478,1.1988,Mostly Independent
652,Slava Pestov,1,SyntaxStyle.java,2,2,0,2,0.0,0.0,1.0,Mostly Independent
662,Slava Pestov,1,DefaultInputHandler.java,1,4,3,1,0.75,0.75,0.5,Mostly Dependent
719,Slava Pestov,4,JEditTextArea.java,103,2832,249,2583,0.087924,0.16596,4.9241,Mostly Independent
733,Slava Pestov,1,delete_paragraph.java,1,10,2,8,0.2,0.1,2.1,Mixed
735,Slava Pestov,1,ClippingEditor.java,1,5,1,4,0.2,0.0,1.0,Mixed
738,Slava Pestov,1,tab.java,2,8,3,5,0.375,0.0,1.75,Mixed
739,Slava Pestov,1,untab.java,1,6,3,3,0.5,0.0,1.6667,Mixed
740,Slava Pestov,1,SearchAndReplace.java,29,514,24,490,0.046693,0.0,1.9591,Mostly Independent
741,Slava Pestov,1,JEditTextArea.java,1,3,2,1,0.666667,0.0,2.0,Mostly Dependent
743,Slava Pestov,1,KeyTableOptionPane.java,2,2,0,2,0.0,0.0,2.0,Mostly Independent
744,Slava Pestov,1,JARClassLoader.java,2,7,0,7,0.0,0.0,2.1429,Mostly Independent
745,Slava Pestov,1,JARClassLoader.java,5,37,0,37,0.0,0.0,2.0811,Mostly Independent
746,Slava Pestov,1,jEdit.java,1,1,0,1,0.0,1.0,0.0,Mostly Independent
747,Slava Pestov,1,jEdit.java,22,2,1,1,0.5,0.0,1.0,Mixed
748,Slava Pestov,5,jEdit.java,93,71,6,65,0.084507,0.0,1.0,Mostly Independent
753,Slava Pestov,1,PerlTokenMarker.java,2,10,8,2,0.8,0.6,0.4,Mostly Dependent
763,Slava Pestov,1,DefaultInputHandler.java,1,3,1,2,0.333333,0.333333,1.3333,Mixed
764,Slava Pestov,1,DefaultInputHandler.java,1,3,1,2,0.333333,0.333333,1.3333,Mixed
765,Slava Pestov,1,JEditTextArea.java,17,19,0,19,0.0,0.0,2.0,Mostly Independent
783,Slava Pestov,1,goto_line.java,2,11,0,11,0.0,0.0,2.6364,Mostly Independent
785,Slava Pestov,1,PastePredefined.java,2,2,2,0,1.0,0.0,1.0,Mostly Dependent
786,Slava Pestov,1,PastePrevious.java,2,2,2,0,1.0,0.0,1.0,Mostly Dependent
520,Slava Pestov,1,JARClassLoader.java,2,25,2,23,0.08,0.0,1.0,Mostly Independent
666,Slava Pestov,1,DefaultInputHandler.java,1,4,4,0,1.0,1.0,0.0,Mostly Dependent
788,Slava Pestov,1,FileFilterOptionPane.java,1,3,0,3,0.0,0.0,1.0,Mostly Independent
790,Slava Pestov,1,MiscUtilities.java,5,10,2,8,0.2,0.0,1.0,Mixed
789,Slava Pestov,2,JARClassLoader.java,14,35,0,35,0.0,0.0,1.9143,Mostly Independent
696,Slava Pestov,1,KeyTableOptionPane.java,2,4,1,3,0.25,0.75,0.5,Mixed
697,Slava Pestov,1,KeyTableOptionPane.java,2,4,1,3,0.25,0.75,0.5,Mixed
778,Slava Pestov,1,ViewRegisters.java,1,5,0,5,0.0,0.0,1.2,Mostly Independent
791,Slava Pestov,1,Macros.java,3,2,0,2,0.0,0.0,1.0,Mostly Independent
792,Slava Pestov,1,Macros.java,3,5,0,5,0.0,0.0,1.0,Mostly Independent
721,Slava Pestov,1,append_string_register.java,7,14,12,2,0.857143,0.0,1.0,Mostly Dependent
722,Slava Pestov,1,copy_string_register.java,6,13,12,1,0.923077,0.0,1.0,Mostly Dependent
725,Slava Pestov,1,cut_string_register.java,6,13,12,1,0.923077,0.0,1.0,Mostly Dependent
808,Slava Pestov,2,Buffer.java,22,6,0,6,0.0,0.0,1.0,Mostly Independent
807,Slava Pestov,1,View.java,9,4,0,4,0.0,0.0,6.0,Mostly Independent
820,Slava Pestov,2,Mode.java,3,1,1,0,1.0,0.0,1.0,Mostly Dependent
823,Slava Pestov,1,edit_macro.java,3,6,0,6,0.0,0.0,1.0,Mostly Independent
773,Slava Pestov,1,EditServer.java,4,29,2,27,0.068966,0.0,1.0,Mostly Independent
821,Slava Pestov,1,load_session.java,1,2,0,2,0.0,0.0,1.0,Mostly Independent
824,Slava Pestov,1,EditServer.java,2,27,1,26,0.037037,0.518519,0.5185,Mostly Independent
693,Slava Pestov,1,EditAction.java,1,6,0,6,0.0,0.0,1.0,Mostly Independent
715,Slava Pestov,1,HelpViewer.java,3,23,0,23,0.0,0.0,3.7391,Mostly Independent
751,Slava Pestov,1,PythonTokenMarker.java,2,114,55,59,0.482456,0.070175,1.0526,Mixed
752,Slava Pestov,1,PythonTokenMarker.java,2,114,55,59,0.482456,0.070175,1.0526,Mixed
768,Slava Pestov,1,EditServer.java,3,14,2,12,0.142857,0.285714,1.0,Mixed
774,Slava Pestov,1,EditServer.java,5,19,0,19,0.0,0.0,1.4211,Mostly Independent
775,Slava Pestov,1,EditServer.java,6,36,5,31,0.138889,0.388889,0.7222,Mixed
787,Slava Pestov,1,Macros.java,46,344,30,314,0.087209,0.078488,0.9215,Mostly Independent
799,Slava Pestov,1,CTokenMarker.java,3,15,5,10,0.333333,0.0,1.0,Mixed
714,Slava Pestov,1,TextAreaPainter.java,4,9,0,9,0.0,0.0,3.0,Mostly Independent
843,Slava Pestov,1,Log.java,1,1,0,1,0.0,0.0,2.0,Mostly Independent
839,Slava Pestov,1,SwingInstall.java,3,12,0,12,0.0,0.0,2.3333,Mostly Independent
840,Slava Pestov,1,SwingInstall.java,1,6,0,6,0.0,0.166667,2.5,Mostly Independent
841,Slava Pestov,1,SwingInstall.java,1,2,0,2,0.0,1.0,0.0,Mostly Independent
852,Slava Pestov,1,HelpViewer.java,4,28,0,28,0.0,0.0,1.3571,Mostly Independent
857,Slava Pestov,1,EditAction.java,1,4,0,4,0.0,0.0,1.0,Mostly Independent
862,Slava Pestov,1,EnhancedMenuItem.java,10,14,6,8,0.428571,0.0,1.1429,Mixed
427,Slava Pestov,1,GUIUtilities.java,11,243,11,232,0.045267,0.032922,0.9671,Mostly Independent
798,Slava Pestov,1,EiffelTokenMarker.java,1,14,0,14,0.0,0.0,1.0,Mostly Independent
810,Slava Pestov,1,InputHandler.java,1,13,1,12,0.076923,0.076923,1.2308,Mostly Independent
811,Slava Pestov,1,InputHandler.java,1,13,1,12,0.076923,0.076923,1.2308,Mostly Independent
812,Slava Pestov,1,InputHandler.java,4,16,4,12,0.25,0.375,1.25,Mixed
813,Slava Pestov,1,InputHandler.java,6,20,4,16,0.2,0.3,1.4,Mixed
814,Slava Pestov,1,InputHandler.java,5,13,5,8,0.384615,0.384615,4.3077,Mixed
816,Slava Pestov,1,InputHandler.java,1,4,3,1,0.75,0.75,0.5,Mostly Dependent
817,Slava Pestov,1,InputHandler.java,1,4,3,1,0.75,0.75,0.5,Mostly Dependent
818,Slava Pestov,1,InputHandler.java,1,40,3,37,0.075,0.075,1.85,Mostly Independent
819,Slava Pestov,1,InputHandler.java,1,40,3,37,0.075,0.075,1.85,Mostly Independent
850,Slava Pestov,1,Sessions.java,3,11,2,9,0.181818,0.272727,0.7273,Mixed
853,Slava Pestov,1,Macros.java,13,171,16,155,0.093567,0.157895,0.8421,Mostly Independent
858,Slava Pestov,1,InputHandler.java,1,4,0,4,0.0,0.0,1.5,Mostly Independent
860,Slava Pestov,2,EnhancedMenuItem.java,10,12,8,4,0.666667,0.0,1.0,Mostly Dependent
869,Slava Pestov,1,InputHandler.java,1,4,3,1,0.75,0.75,0.5,Mostly Dependent
870,Slava Pestov,1,InputHandler.java,1,38,3,35,0.078947,0.078947,1.8421,Mostly Independent
542,Slava Pestov,1,HistoryTextField.java,11,54,9,45,0.166667,0.222222,1.1667,Mixed
872,Slava Pestov,1,expand_abbrev.java,1,1,0,1,0.0,0.0,2.0,Mostly Independent
873,Slava Pestov,1,block_comment.java,1,1,0,1,0.0,0.0,1.0,Mostly Independent
848,Slava Pestov,1,Registers.java,6,4,0,4,0.0,0.0,5.0,Mostly Independent
849,Slava Pestov,1,Sessions.java,2,11,2,9,0.181818,0.272727,0.7273,Mixed
815,Slava Pestov,1,InputHandler.java,4,13,5,8,0.384615,0.384615,4.3077,Mixed
892,Slava Pestov,1,expand_abbrev.java,2,3,2,1,0.666667,1.0,0.0,Mostly Dependent
893,Slava Pestov,1,expand_abbrev.java,3,3,2,1,0.666667,1.0,0.0,Mostly Dependent
894,Slava Pestov,1,expand_abbrev.java,2,8,1,7,0.125,0.375,0.625,Mixed
895,Slava Pestov,1,expand_abbrev.java,2,7,2,5,0.285714,0.428571,0.5714,Mixed
896,Slava Pestov,1,InputHandler.java,2,17,1,16,0.058824,0.117647,2.2353,Mostly Independent
899,Slava Pestov,1,InputHandler.java,7,36,6,30,0.166667,0.222222,0.9444,Mixed
900,Slava Pestov,1,InputHandler.java,8,8,7,1,0.875,1.0,0.0,Mostly Dependent
901,Slava Pestov,1,InputHandler.java,7,8,7,1,0.875,1.0,0.0,Mostly Dependent
902,Slava Pestov,1,InputHandler.java,4,6,4,2,0.666667,0.666667,2.3333,Mostly Dependent
903,Slava Pestov,1,InputHandler.java,4,6,4,2,0.666667,0.666667,2.3333,Mostly Dependent
854,Slava Pestov,6,HelpViewer.java,24,69,18,51,0.26087,0.304348,1.3768,Mixed
856,Slava Pestov,1,HelpViewer.java,13,46,0,46,0.0,0.0,5.4783,Mostly Independent
898,Slava Pestov,1,InputHandler.java,7,36,7,29,0.194444,0.222222,0.9722,Mixed
906,Slava Pestov,1,JEditTextArea.java,9,19,4,15,0.210526,0.0,1.0,Mixed
907,Slava Pestov,2,JEditTextArea.java,86,205,150,55,0.731707,0.878049,0.2439,Mostly Dependent
713,Slava Pestov,1,HyperSearch.java,3,1,0,1,0.0,0.0,1.0,Mostly Independent
910,Slava Pestov,1,play_temp_macro.java,1,3,0,3,0.0,0.0,1.6667,Mostly Independent
911,Slava Pestov,1,record_macro.java,8,25,8,17,0.32,0.0,1.64,Mixed
912,Slava Pestov,1,record_temp_macro.java,8,25,8,17,0.32,0.0,1.64,Mixed
859,Slava Pestov,2,EnhancedCheckBoxMenuItem.java,10,12,8,4,0.666667,0.0,1.0,Mostly Dependent
864,Slava Pestov,1,EnhancedMenuItem.java,6,9,2,7,0.222222,0.0,1.0,Mixed
914,Slava Pestov,1,GUIUtilities.java,1,2,0,2,0.0,0.0,1.0,Mostly Independent
915,Slava Pestov,1,GUIUtilities.java,4,16,4,12,0.25,0.25,0.75,Mixed
916,Slava Pestov,1,GUIUtilities.java,4,16,4,12,0.25,0.25,0.75,Mixed
828,Slava Pestov,1,MultiFileSearchDialog.java,3,2,0,2,0.0,0.0,1.0,Mostly Independent
590,Slava Pestov,1,KeyTableOptionPane.java,1,4,0,4,0.0,0.0,2.0,Mostly Independent
928,Slava Pestov,1,EditAction.java,2,2,0,2,0.0,0.0,1.0,Mostly Independent
908,Slava Pestov,1,reload_all.java,4,103,50,53,0.485437,0.0,1.9515,Mixed
761,Slava Pestov,1,SyntaxDocument.java,2,6,2,4,0.333333,0.333333,0.6667,Mixed
762,Slava Pestov,1,SyntaxDocument.java,2,6,2,4,0.333333,0.333333,0.6667,Mixed
726,Slava Pestov,1,set_caret_register.java,5,13,10,3,0.769231,0.0,1.1538,Mostly Dependent
728,Slava Pestov,1,set_filename_register.java,5,13,10,3,0.769231,0.0,1.1538,Mostly Dependent
803,Slava Pestov,1,clear_register.java,6,14,10,4,0.714286,0.0,1.1429,Mostly Dependent
875,Slava Pestov,1,EditBus.java,4,61,4,57,0.065574,0.04918,1.2131,Mostly Independent
927,Slava Pestov,1,goto_register.java,1,1,0,1,0.0,0.0,1.0,Mostly Independent
776,Slava Pestov,1,IDLTokenMarker.java,1,15,0,15,0.0,0.0,1.0,Mostly Independent
930,Slava Pestov,1,PHPTokenMarker.java,2,6,5,1,0.833333,0.666667,0.3333,Mostly Dependent
931,Slava Pestov,1,PHPTokenMarker.java,2,6,5,1,0.833333,0.666667,0.3333,Mostly Dependent
932,Slava Pestov,1,PHPTokenMarker.java,2,6,5,1,0.833333,0.666667,0.3333,Mostly Dependent
933,Slava Pestov,1,PHPTokenMarker.java,2,106,55,51,0.518868,0.169811,0.9245,Mostly Dependent
937,Slava Pestov,1,PHPTokenMarker.java,2,106,55,51,0.518868,0.169811,0.9245,Mostly Dependent
938,Slava Pestov,1,PHPTokenMarker.java,2,106,55,51,0.518868,0.169811,0.9245,Mostly Dependent
939,Slava Pestov,1,PHPTokenMarker.java,2,106,55,51,0.518868,0.169811,0.9245,Mostly Dependent
940,Slava Pestov,1,PHPTokenMarker.java,2,106,55,51,0.518868,0.169811,0.9245,Mostly Dependent
941,Slava Pestov,1,PHPTokenMarker.java,2,106,55,51,0.518868,0.169811,0.9245,Mostly Dependent
942,Slava Pestov,1,PHPTokenMarker.java,2,106,55,51,0.518868,0.169811,0.9245,Mostly Dependent
943,Slava Pestov,1,PHPTokenMarker.java,1,14,0,14,0.0,0.0,1.0,Mostly Independent
945,Slava Pestov,1,PHPTokenMarker.java,2,14,6,8,0.428571,0.0,1.1429,Mixed
947,Slava Pestov,1,PHPTokenMarker.java,2,8,1,7,0.125,0.0,1.625,Mixed
929,Marcelo Vanzin,5,Mode.java,11,27,0,27,0.0,0.0,1.0,Mostly Independent
723,Slava Pestov,1,select_caret_register.java,4,13,8,5,0.615385,0.0,1.0769,Mostly Dependent
724,Slava Pestov,1,goto_register.java,7,15,9,6,0.6,0.0,1.0667,Mostly Dependent
727,Slava Pestov,1,exchange_caret_register.java,5,13,9,4,0.692308,0.0,1.0769,Mostly Dependent
804,Slava Pestov,2,CloseDialog.java,3,3,0,3,0.0,1.0,0.0,Mostly Independent
965,Slava Pestov,1,SearchAndReplace.java,6,85,15,70,0.176471,0.482353,1.0353,Mixed
966,Slava Pestov,1,SearchAndReplace.java,1,103,2,101,0.019417,0.019417,1.9612,Mostly Independent
967,Slava Pestov,1,SearchAndReplace.java,1,103,2,101,0.019417,0.019417,1.9612,Mostly Independent
968,Slava Pestov,1,SearchAndReplace.java,1,103,2,101,0.019417,0.019417,1.9612,Mostly Independent
969,Slava Pestov,1,View.java,8,8,0,8,0.0,0.0,2.0,Mostly Independent
971,Slava Pestov,1,AbbrevsOptionPane.java,1,1,0,1,0.0,0.0,1.0,Mostly Independent
972,Slava Pestov,1,AbbrevsOptionPane.java,6,9,2,7,0.222222,0.222222,0.8889,Mixed
973,Slava Pestov,1,AbbrevsOptionPane.java,6,111,1,110,0.009009,0.0,1.5225,Mostly Independent
974,Slava Pestov,2,AbbrevsOptionPane.java,11,11,11,0,1.0,1.0,0.0,Mostly Dependent
975,Slava Pestov,2,AbbrevsOptionPane.java,11,11,11,0,1.0,1.0,0.0,Mostly Dependent
977,Slava Pestov,1,Abbrevs.java,2,4,0,4,0.0,0.0,6.0,Mostly Independent
981,Slava Pestov,1,SearchDialog.java,7,136,8,128,0.058824,0.051471,1.2353,Mostly Independent
985,Slava Pestov,2,OptionsDialog.java,3,4,0,4,0.0,0.0,1.25,Mostly Independent
770,Slava Pestov,1,EditServer.java,4,36,1,35,0.027778,0.0,1.2222,Mostly Independent
861,Slava Pestov,1,EnhancedCheckBoxMenuItem.java,8,14,6,8,0.428571,0.0,1.1429,Mixed
918,Slava Pestov,1,MenuModel.java,2,22,1,21,0.045455,0.0,1.5909,Mostly Independent
986,Slava Pestov,1,EnhancedMenuItem.java,1,38,0,38,0.0,0.0,2.0,Mostly Independent
987,Slava Pestov,3,JEditTextArea.java,108,328,152,176,0.463415,0.75,0.5,Mixed
988,Slava Pestov,2,JEditTextArea.java,131,355,162,193,0.456338,0.729577,0.5408,Mixed
844,Slava Pestov,5,Log.java,9,281,13,268,0.046263,0.02847,2.4377,Mostly Independent
897,Slava Pestov,1,InputHandler.java,1,11,1,10,0.090909,0.181818,1.9091,Mostly Independent
996,Slava Pestov,1,next_buffer.java,1,7,1,6,0.142857,0.0,1.8571,Mixed
997,Slava Pestov,1,prev_buffer.java,1,7,1,6,0.142857,0.0,1.8571,Mixed
999,Slava Pestov,1,Log.java,1,8,0,8,0.0,0.0,6.0,Mostly Independent
1000,Slava Pestov,7,View.java,99,1432,9,1423,0.006285,0.0,2.595,Mostly Independent
836,Slava Pestov,1,ConsoleInstall.java,1,5,0,5,0.0,0.2,1.6,Mostly Independent
842,Slava Pestov,1,SwingInstall.java,1,2,0,2,0.0,1.0,0.0,Mostly Independent
1001,Slava Pestov,6,View.java,91,6865,50,6815,0.007283,0.006264,3.2948,Mostly Independent
1003,Slava Pestov,1,View.java,1,2,0,2,0.0,0.0,1.0,Mostly Independent
888,Slava Pestov,1,ViewUpdate.java,3,755,1,754,0.001325,0.0,2.7073,Mostly Independent
946,Slava Pestov,1,HTMLTokenMarker.java,2,8,1,7,0.125,0.0,1.625,Mixed
989,Slava Pestov,1,PostScriptTokenMarker.java,2,104,52,52,0.5,0.057692,1.0192,Mixed
990,Slava Pestov,1,PostScriptTokenMarker.java,2,104,52,52,0.5,0.057692,1.0192,Mixed
991,Slava Pestov,1,PostScriptTokenMarker.java,2,104,52,52,0.5,0.057692,1.0192,Mixed
992,Slava Pestov,1,PostScriptTokenMarker.java,2,104,52,52,0.5,0.057692,1.0192,Mixed
994,Slava Pestov,1,PostScriptTokenMarker.java,2,6,3,3,0.5,0.0,1.0,Mixed
995,Slava Pestov,1,PostScriptTokenMarker.java,2,14,6,8,0.428571,0.0,1.1429,Mixed
588,Slava Pestov,1,StyleOptionPane.java,4,109,3,106,0.027523,0.0,2.0459,Mostly Independent
699,Slava Pestov,1,StyleOptionPane.java,4,8,0,8,0.0,0.0,1.5,Mostly Independent
1015,Slava Pestov,1,Gutter.java,22,877,8,869,0.009122,0.0,2.8278,Mostly Independent
1017,Slava Pestov,2,OptionsDialog.java,11,37,4,33,0.108108,0.162162,1.6486,Mixed
959,Slava Pestov,3,ShortcutsOptionPane.java,5,40,0,40,0.0,0.0,2.775,Mostly Independent
963,Slava Pestov,1,ShortcutsOptionPane.java,3,5,0,5,0.0,0.0,3.6,Mostly Independent
964,Slava Pestov,1,ShortcutsOptionPane.java,2,4,0,4,0.0,0.0,2.25,Mostly Independent
1052,Slava Pestov,1,JEditTextArea.java,22,24,4,20,0.166667,0.25,1.5,Mixed
1057,Slava Pestov,3,MiscUtilities.java,44,84,41,43,0.488095,0.571429,0.4286,Mixed
865,Slava Pestov,1,EnhancedCheckBoxMenuItem.java,2,62,0,62,0.0,0.0,1.3387,Mostly Independent
1059,Slava Pestov,1,EnhancedCheckBoxMenuItem.java,6,196,5,191,0.02551,0.0,1.0816,Mostly Independent
1060,Slava Pestov,1,EnhancedMenuItem.java,1,1,0,1,0.0,0.0,1.0,Mostly Independent
1033,Slava Pestov,1,UpdatePluginsDialog.java,1,2,0,2,0.0,0.0,4.0,Mostly Independent
1044,Slava Pestov,1,PluginManagerPlugin.java,5,15,2,13,0.133333,0.4,3.6,Mixed
1048,Slava Pestov,1,PluginManagerPlugin.java,2,5,0,5,0.0,0.0,4.4,Mostly Independent
1065,Slava Pestov,1,PluginDownloadThread.java,2,3,0,3,0.0,0.0,3.0,Mostly Independent
1045,Slava Pestov,1,PluginManagerPlugin.java,3,13,2,11,0.153846,0.461538,3.2308,Mixed
1047,Slava Pestov,1,PluginManagerPlugin.java,1,11,0,11,0.0,0.0,6.8182,Mostly Independent
327,Slava Pestov,1,Buffer.java,4,12,0,12,0.0,0.0,1.3333,Mostly Independent
953,Slava Pestov,1,complete_word.java,1,1,1,0,1.0,1.0,0.0,Mostly Dependent
1069,Slava Pestov,1,complete_word.java,1,1,1,0,1.0,1.0,0.0,Mostly Dependent
749,Slava Pestov,1,PythonTokenMarker.java,1,80,54,26,0.675,0.075,1.075,Mostly Dependent
750,Slava Pestov,1,PythonTokenMarker.java,1,80,54,26,0.675,0.075,1.075,Mostly Dependent
754,Slava Pestov,1,PythonTokenMarker.java,1,80,54,26,0.675,0.075,1.075,Mostly Dependent
755,Slava Pestov,1,PythonTokenMarker.java,1,5,4,1,0.8,0.0,1.0,Mostly Dependent
756,Slava Pestov,1,PythonTokenMarker.java,1,12,8,4,0.666667,0.0,1.1667,Mostly Dependent
757,Slava Pestov,1,PythonTokenMarker.java,1,3,1,2,0.333333,0.333333,3.3333,Mixed
758,Slava Pestov,1,PythonTokenMarker.java,1,3,1,2,0.333333,0.333333,3.3333,Mixed
772,Slava Pestov,1,EditServer.java,5,34,4,30,0.117647,0.411765,0.7059,Mixed
793,Slava Pestov,1,EiffelTokenMarker.java,1,75,49,26,0.653333,0.053333,1.1067,Mostly Dependent
794,Slava Pestov,1,EiffelTokenMarker.java,1,75,49,26,0.653333,0.053333,1.1067,Mostly Dependent
795,Slava Pestov,1,EiffelTokenMarker.java,1,75,49,26,0.653333,0.053333,1.1067,Mostly Dependent
796,Slava Pestov,1,EiffelTokenMarker.java,1,75,49,26,0.653333,0.053333,1.1067,Mostly Dependent
797,Slava Pestov,1,EiffelTokenMarker.java,1,75,49,26,0.653333,0.053333,1.1067,Mostly Dependent
800,Slava Pestov,1,EiffelTokenMarker.java,1,7,5,2,0.714286,0.0,1.0,Mostly Dependent
802,Slava Pestov,1,EiffelTokenMarker.java,1,10,6,4,0.6,0.0,1.2,Mostly Dependent
934,Slava Pestov,1,PHPTokenMarker.java,1,67,49,18,0.731343,0.238806,0.8806,Mostly Dependent
935,Slava Pestov,1,PHPTokenMarker.java,1,67,49,18,0.731343,0.238806,0.8806,Mostly Dependent
936,Slava Pestov,1,PHPTokenMarker.java,1,67,49,18,0.731343,0.238806,0.8806,Mostly Dependent
944,Slava Pestov,1,PHPTokenMarker.java,1,4,3,1,0.75,0.0,1.0,Mostly Dependent
948,Slava Pestov,1,PHPTokenMarker.java,1,5,1,4,0.2,0.2,4.0,Mixed
949,Slava Pestov,1,PHPTokenMarker.java,1,5,1,4,0.2,0.2,4.0,Mixed
950,Slava Pestov,1,PHPTokenMarker.java,1,3,1,2,0.333333,0.333333,5.3333,Mixed
951,Slava Pestov,1,PHPTokenMarker.java,1,3,1,2,0.333333,0.333333,5.3333,Mixed
1055,Slava Pestov,2,JEditTextArea.java,95,215,157,58,0.730233,0.855814,0.2884,Mostly Dependent
1073,Slava Pestov,3,TokenMarker.java,18,50,2,48,0.04,0.0,1.9,Mostly Independent
1074,Slava Pestov,1,TokenMarker.java,14,177,21,156,0.118644,0.0,1.3842,Mixed
1011,Slava Pestov,1,Gutter.java,5,125,5,120,0.04,0.0,1.32,Mostly Independent
1016,Slava Pestov,2,Gutter.java,30,34,20,14,0.588235,1.0,0.0,Mostly Dependent
1076,Slava Pestov,1,Gutter.java,3,3,0,3,0.0,0.0,3.0,Mostly Independent
1078,Slava Pestov,2,Gutter.java,26,34,20,14,0.588235,1.0,0.0,Mostly Dependent
1077,Slava Pestov,1,Gutter.java,19,915,47,868,0.051366,0.012022,2.9497,Mostly Independent
1093,Slava Pestov,1,XModeHandler.java,2,14,1,13,0.071429,0.142857,0.8571,Mostly Independent
1098,Slava Pestov,1,XModeHandler.java,2,24,0,24,0.0,0.0,3.5,Mostly Independent
1099,Slava Pestov,3,XModeHandler.java,6,10,0,10,0.0,0.0,1.0,Mostly Independent
1100,Slava Pestov,1,XModeHandler.java,4,7,0,7,0.0,0.0,1.0,Mostly Independent
1080,Slava Pestov,1,ParserRuleSet.java,3,27,0,27,0.0,0.0,2.5556,Mostly Independent
1084,Slava Pestov,1,ParserRuleFactory.java,2,51,4,47,0.078431,0.039216,2.1765,Mostly Independent
1085,Slava Pestov,1,ParserRuleFactory.java,2,51,4,47,0.078431,0.039216,2.1765,Mostly Independent
1086,Slava Pestov,1,ParserRuleFactory.java,2,12,8,4,0.666667,0.916667,0.0833,Mostly Dependent
1087,Slava Pestov,1,ParserRuleFactory.java,3,13,10,3,0.769231,0.923077,0.0769,Mostly Dependent
1088,Slava Pestov,1,ParserRuleFactory.java,3,13,10,3,0.769231,0.923077,0.0769,Mostly Dependent
1089,Slava Pestov,1,ParserRuleFactory.java,2,12,8,4,0.666667,0.916667,0.0833,Mostly Dependent
1090,Slava Pestov,1,ParserRuleFactory.java,3,13,10,3,0.769231,0.923077,0.0769,Mostly Dependent
1091,Slava Pestov,1,ParserRuleFactory.java,2,35,0,35,0.0,0.0,1.0,Mostly Independent
1092,Slava Pestov,1,XModeHandler.java,1,9,1,8,0.111111,0.222222,0.7778,Mixed
1094,Slava Pestov,1,XModeHandler.java,5,113,15,98,0.132743,0.088496,0.9115,Mixed
1095,Slava Pestov,1,XModeHandler.java,11,11,7,4,0.636364,0.818182,1.0,Mostly Dependent
1096,Slava Pestov,1,XModeHandler.java,5,113,15,98,0.132743,0.088496,0.9115,Mixed
1097,Slava Pestov,1,XModeHandler.java,5,113,15,98,0.132743,0.088496,0.9115,Mixed
1101,Slava Pestov,1,SyntaxDocument.java,2,22,0,22,0.0,0.0,4.7273,Mostly Independent
1102,Slava Pestov,1,SyntaxDocument.java,4,2,2,0,1.0,1.0,0.0,Mostly Dependent
574,Slava Pestov,1,SearchDialog.java,3,9,1,8,0.111111,0.222222,1.3333,Mixed
1107,Slava Pestov,2,JARClassLoader.java,8,10,7,3,0.7,0.8,0.2,Mostly Dependent
1108,Slava Pestov,1,SearchAndReplace.java,5,80,16,64,0.2,0.475,1.05,Mixed
1109,Slava Pestov,1,SearchAndReplace.java,6,82,18,64,0.219512,0.47561,1.0488,Mixed
1111,Slava Pestov,1,JARClassLoader.java,1,1,0,1,0.0,0.0,1.0,Mostly Independent
1112,Slava Pestov,1,JARClassLoader.java,20,80,18,62,0.225,0.3625,0.6375,Mixed
1113,Slava Pestov,1,JARClassLoader.java,1,2,0,2,0.0,0.0,1.0,Mostly Independent
1114,Slava Pestov,1,JARClassLoader.java,4,16,0,16,0.0,0.0,1.0,Mostly Independent
1115,Slava Pestov,1,XModeHandler.java,2,8,0,8,0.0,0.0,1.0,Mostly Independent
1079,Slava Pestov,1,ParserRule.java,2,135,0,135,0.0,0.0,1.9037,Mostly Independent
1116,Slava Pestov,1,BufferOptions.java,5,3,3,0,1.0,0.333333,1.3333,Mostly Dependent
1014,Slava Pestov,1,Gutter.java,3,10,0,10,0.0,0.0,2.0,Mostly Independent
1075,Slava Pestov,1,PluginList.java,2,4,0,4,0.0,0.0,3.75,Mostly Independent
998,Slava Pestov,1,GUIUtilities.java,18,2,0,2,0.0,0.0,5.0,Mostly Independent
1162,Slava Pestov,1,ParserRuleSet.java,1,3,0,3,0.0,0.0,1.0,Mostly Independent
1177,Slava Pestov,1,Mode.java,3,8,3,5,0.375,0.375,0.625,Mixed
1178,Slava Pestov,1,Mode.java,3,8,3,5,0.375,0.375,0.625,Mixed
1072,Slava Pestov,1,SyntaxDocument.java,2,2,2,0,1.0,1.0,0.0,Mostly Dependent
1054,Slava Pestov,1,GUIUtilities.java,16,177,7,170,0.039548,0.0,1.0,Mostly Independent
1043,Slava Pestov,1,GUIUtilities.java,12,37,1,36,0.027027,0.0,1.0,Mostly Independent
1018,Slava Pestov,2,OptionsDialog.java,15,16,10,6,0.625,0.9375,0.125,Mostly Dependent
1019,Slava Pestov,2,OptionsDialog.java,10,16,10,6,0.625,0.9375,0.125,Mostly Dependent
1161,Slava Pestov,4,MiscUtilities.java,49,90,41,49,0.455556,0.533333,0.4667,Mixed
1185,Slava Pestov,1,IORequest.java,8,24,6,18,0.25,0.458333,0.7917,Mixed
1191,Slava Pestov,1,FileVFS.java,15,62,1,61,0.016129,0.0,2.8387,Mostly Independent
1194,Slava Pestov,1,IORequest.java,2,4,1,3,0.25,0.5,1.0,Mixed
1195,Slava Pestov,1,IORequest.java,1,3,1,2,0.333333,0.666667,0.6667,Mixed
1207,Slava Pestov,1,WorkThread.java,2,4,0,4,0.0,0.0,3.0,Mostly Independent
1209,Slava Pestov,1,IORequest.java,1,6,1,5,0.166667,0.333333,1.1667,Mixed
1211,Slava Pestov,1,WorkThread.java,3,10,0,10,0.0,0.0,6.8,Mostly Independent
1212,Slava Pestov,1,WorkThread.java,3,9,2,7,0.222222,0.111111,2.0,Mixed
1183,Slava Pestov,1,FileVFS.java,2,14,2,12,0.142857,0.0,1.5714,Mixed
1192,Slava Pestov,1,FileVFS.java,8,8,6,2,0.75,1.0,0.0,Mostly Dependent
1193,Slava Pestov,1,FileVFS.java,6,8,6,2,0.75,1.0,0.0,Mostly Dependent
1210,Slava Pestov,1,WorkThread.java,3,6,0,6,0.0,0.0,3.0,Mostly Independent
1223,Slava Pestov,1,redo.java,1,2,1,1,0.5,0.0,1.5,Mixed
1224,Slava Pestov,1,undo.java,1,2,1,1,0.5,0.0,1.5,Mixed
1186,Slava Pestov,1,IORequest.java,7,22,7,15,0.318182,0.5,0.7273,Mixed
1205,Slava Pestov,1,JEditTextArea.java,13,15,1,14,0.066667,0.0,1.6667,Mostly Independent
1206,Slava Pestov,1,JEditTextArea.java,56,47,40,7,0.851064,1.0,0.0,Mostly Dependent
1217,Slava Pestov,1,FtpVFS.java,7,31,2,29,0.064516,0.0,4.1935,Mostly Independent
1219,Slava Pestov,1,FtpVFS.java,12,25,9,16,0.36,0.52,1.2,Mixed
1220,Slava Pestov,1,FtpVFS.java,5,25,5,20,0.2,0.24,3.92,Mixed
1221,Slava Pestov,1,FtpVFS.java,5,25,5,20,0.2,0.24,3.92,Mixed
1222,Slava Pestov,1,FtpVFS.java,5,16,0,16,0.0,0.0,3.875,Mostly Independent
1226,Slava Pestov,1,LoginDialog.java,6,4,2,2,0.5,0.0,1.0,Mixed
1229,Slava Pestov,1,View.java,1,2,1,1,0.5,0.0,1.0,Mixed
1230,Slava Pestov,1,copy.java,1,1,1,0,1.0,0.0,1.0,Mostly Dependent
1231,Slava Pestov,1,cut.java,1,1,1,0,1.0,0.0,1.0,Mostly Dependent
1235,Slava Pestov,1,FtpVFS.java,2,8,0,8,0.0,0.0,5.0,Mostly Independent
1236,Slava Pestov,1,FtpVFS.java,4,3,1,2,0.333333,1.0,0.0,Mixed
1237,Slava Pestov,1,View.java,1,2,1,1,0.5,0.0,1.0,Mixed
909,Slava Pestov,1,save_all.java,2,65,1,64,0.015385,0.0,1.9231,Mostly Independent
1238,Slava Pestov,1,EditServer.java,9,35,3,32,0.085714,0.257143,1.4286,Mostly Independent
1204,Slava Pestov,1,IORequest.java,2,1,1,0,1.0,1.0,0.0,Mostly Dependent
1208,Slava Pestov,1,IORequest.java,1,8,4,4,0.5,0.25,1.125,Mixed
1215,Slava Pestov,1,FtpVFS.java,9,10,9,1,0.9,1.0,0.0,Mostly Dependent
1216,Slava Pestov,1,FtpVFS.java,10,10,9,1,0.9,1.0,0.0,Mostly Dependent
1241,Slava Pestov,1,WorkThread.java,3,16,4,12,0.25,0.0,3.0,Mixed
1244,Slava Pestov,1,WorkThread.java,1,4,1,3,0.25,0.25,1.75,Mixed
1232,Slava Pestov,1,DefaultInputHandler.java,1,2,1,1,0.5,1.0,0.0,Mixed
1239,Slava Pestov,1,FtpBrowser.java,3,17,4,13,0.235294,0.117647,1.6471,Mixed
1240,Slava Pestov,1,FtpBrowser.java,2,15,4,11,0.266667,0.133333,1.6667,Mixed
1242,Slava Pestov,1,FtpBrowser.java,5,5,1,4,0.2,0.0,2.0,Mixed
1245,Slava Pestov,1,DefaultInputHandler.java,1,2,1,1,0.5,1.0,0.0,Mixed
1246,Slava Pestov,4,DefaultInputHandler.java,20,7,0,7,0.0,0.0,2.0,Mostly Independent
1248,Slava Pestov,1,DefaultInputHandler.java,2,6,0,6,0.0,0.0,2.1667,Mostly Independent
1250,Slava Pestov,1,FtpBrowser.java,3,12,3,9,0.25,0.25,4.0,Mixed
1252,Slava Pestov,1,JEditTextArea.java,19,104,9,95,0.086538,0.25,1.8077,Mostly Independent
1253,Slava Pestov,1,WorkThread.java,3,5,1,4,0.2,0.4,1.8,Mixed
1254,Slava Pestov,1,WorkThread.java,1,9,0,9,0.0,0.0,3.0,Mostly Independent
1200,Slava Pestov,1,Macros.java,29,193,4,189,0.020725,0.0,2.6995,Mostly Independent
829,Slava Pestov,1,SwingInstall.java,3,3,0,3,0.0,0.0,3.6667,Mostly Independent
830,Slava Pestov,1,ConsoleInstall.java,4,36,6,30,0.166667,0.138889,2.2778,Mixed
834,Slava Pestov,1,ConsoleInstall.java,5,37,6,31,0.162162,0.135135,2.2703,Mixed
837,Slava Pestov,1,SwingInstall.java,2,3,0,3,0.0,0.0,3.0,Mostly Independent
1067,Slava Pestov,1,next_split.java,1,2,1,1,0.5,0.0,1.5,Mixed
1068,Slava Pestov,1,prev_split.java,1,2,1,1,0.5,0.0,1.5,Mixed
1233,Slava Pestov,1,InputHandler.java,1,2,1,1,0.5,0.5,0.5,Mixed
1234,Slava Pestov,1,InputHandler.java,1,2,1,1,0.5,0.5,0.5,Mixed
1272,Slava Pestov,1,BufferTabs.java,1,4,0,4,0.0,0.0,6.5,Mostly Independent
1290,Slava Pestov,1,BufferTabs.java,3,1,0,1,0.0,0.0,1.0,Mostly Independent
1273,Slava Pestov,1,EditPane.java,7,73,0,73,0.0,0.0,4.5616,Mostly Independent
1274,Slava Pestov,1,EditPane.java,3,14,0,14,0.0,0.0,3.5714,Mostly Independent
1279,Slava Pestov,1,FindAccessory.java,1,13,0,13,0.0,0.0,2.2308,Mostly Independent
1292,Slava Pestov,4,Buffer.java,88,1320,9,1311,0.006818,0.0,1.8061,Mostly Independent
1293,Slava Pestov,2,Mode.java,4,36,1,35,0.027778,0.0,1.7222,Mostly Independent
1275,Slava Pestov,1,EditPane.java,5,21,0,21,0.0,0.0,1.0,Mostly Independent
1298,Slava Pestov,1,HyperSearch.java,2,10,0,10,0.0,0.0,8.0,Mostly Independent
1301,Slava Pestov,1,BufferListSet.java,1,10,1,9,0.1,0.0,3.0,Mostly Independent
1302,Slava Pestov,1,BufferListSet.java,1,13,0,13,0.0,0.0,1.3846,Mostly Independent
1304,Slava Pestov,1,MenuItemModel.java,1,2,0,2,0.0,0.0,1.0,Mostly Independent
1303,Slava Pestov,1,ToolBarOptionPane.java,6,17,0,17,0.0,0.0,2.0,Mostly Independent
1307,Slava Pestov,1,ToolBarOptionPane.java,2,4,0,4,0.0,0.0,1.0,Mostly Independent
1310,Slava Pestov,2,ToolBarOptionPane.java,5,11,0,11,0.0,0.0,1.7273,Mostly Independent
1313,Slava Pestov,1,ContextOptionPane.java,2,14,0,14,0.0,0.0,1.6429,Mostly Independent
1321,Slava Pestov,1,GUIUtilities.java,2,2,0,2,0.0,0.0,1.0,Mostly Independent
1325,Slava Pestov,2,ToolBarOptionPane.java,4,8,3,5,0.375,0.625,0.75,Mixed
1326,Slava Pestov,1,PluginManager.java,2,22,2,20,0.090909,0.136364,5.3182,Mostly Independent
1327,Slava Pestov,1,PluginManager.java,3,24,2,22,0.083333,0.125,5.4167,Mostly Independent
1283,Slava Pestov,1,FindAccessory.java,2,4,2,2,0.5,0.5,3.5,Mixed
1284,Slava Pestov,1,FindAccessory.java,2,4,2,2,0.5,0.5,3.5,Mixed
1322,Slava Pestov,3,ToolBarOptionPane.java,7,39,6,33,0.153846,0.153846,1.6923,Mixed
1329,Slava Pestov,3,ToolBarOptionPane.java,8,18,0,18,0.0,0.0,2.0,Mostly Independent
1082,Slava Pestov,1,Registers.java,6,24,1,23,0.041667,0.0,1.0,Mostly Independent
1337,Slava Pestov,1,next_marker.java,1,3,1,2,0.333333,0.0,1.6667,Mixed
1338,Slava Pestov,1,prev_marker.java,1,3,1,2,0.333333,0.0,1.6667,Mixed
1249,Slava Pestov,1,FtpBrowser.java,2,2,0,2,0.0,0.0,8.0,Mostly Independent
1070,Slava Pestov,1,CompleteWord.java,1,5,0,5,0.0,0.0,3.2,Mostly Independent
1339,Slava Pestov,1,SelectLineRange.java,2,4,2,2,0.5,0.0,1.0,Mixed
1341,Slava Pestov,1,SelectLineRange.java,3,9,0,9,0.0,0.0,1.1111,Mostly Independent
855,Slava Pestov,1,SendDialog.java,1,5,1,4,0.2,0.0,2.0,Mixed
1056,Slava Pestov,1,SendDialog.java,1,10,0,10,0.0,0.0,3.0,Mostly Independent
1251,Slava Pestov,1,FtpBrowser.java,1,7,3,4,0.428571,0.428571,2.5714,Mixed
1340,Slava Pestov,1,LoginDialog.java,1,4,0,4,0.0,0.0,2.0,Mostly Independent
1027,Slava Pestov,1,UpdatePluginsDialog.java,1,8,2,6,0.25,0.125,4.625,Mixed
1028,Slava Pestov,1,UpdatePluginsDialog.java,1,8,2,6,0.25,0.125,4.625,Mixed
1029,Slava Pestov,1,InstallPluginsDialog.java,1,8,2,6,0.25,0.125,4.625,Mixed
1034,Slava Pestov,1,PluginDownloadProgress.java,1,20,1,19,0.05,0.05,6.65,Mostly Independent
1035,Slava Pestov,1,PluginDownloadProgress.java,1,20,1,19,0.05,0.05,6.65,Mostly Independent
1037,Slava Pestov,1,PluginDownloadProgress.java,1,15,2,13,0.133333,0.266667,4.6,Mixed
1038,Slava Pestov,1,PluginDownloadProgress.java,1,15,2,13,0.133333,0.266667,4.6,Mixed
1039,Slava Pestov,1,PluginDownloadProgress.java,1,15,2,13,0.133333,0.266667,4.6,Mixed
1041,Slava Pestov,1,PluginDownloadProgress.java,1,4,0,4,0.0,0.0,5.75,Mostly Independent
1187,Slava Pestov,1,PluginManager.java,1,3,0,3,0.0,0.0,6.0,Mostly Independent
1342,Slava Pestov,1,InstallPluginsDialog.java,3,7,2,5,0.285714,0.0,2.1429,Mixed
1343,Slava Pestov,1,UpdatePluginsDialog.java,2,5,2,3,0.4,0.0,1.8,Mixed
1344,Slava Pestov,1,end.java,2,3,2,1,0.666667,0.0,1.0,Mostly Dependent
1345,Slava Pestov,1,home.java,3,3,2,1,0.666667,0.0,1.0,Mostly Dependent
1347,Slava Pestov,1,WorkThread.java,2,4,1,3,0.25,0.5,1.5,Mixed
1350,Slava Pestov,1,Autosave.java,1,3,0,3,0.0,0.0,5.3333,Mostly Independent
1352,Slava Pestov,2,Registers.java,5,535,3,532,0.005607,0.0,2.6879,Mostly Independent
1199,Slava Pestov,2,WorkThread.java,4,212,1,211,0.004717,0.0,2.5849,Mostly Independent
1289,Slava Pestov,1,TextAreaPainter.java,11,25,0,25,0.0,0.0,1.64,Mostly Independent
1356,Slava Pestov,1,WorkThread.java,2,4,1,3,0.25,0.5,1.5,Mixed
825,Slava Pestov,1,SwingProgress.java,1,22,0,22,0.0,0.181818,3.4545,Mostly Independent
1359,Slava Pestov,1,HelpViewer.java,2,11,0,11,0.0,0.0,2.0,Mostly Independent
1181,Slava Pestov,1,ContextOptionPane.java,2,4,0,4,0.0,0.0,1.5,Mostly Independent
1362,Slava Pestov,1,play_macro.java,1,13,0,13,0.0,0.0,1.8462,Mostly Independent
1365,Slava Pestov,3,ToolBarOptionPane.java,6,39,6,33,0.153846,0.153846,1.6923,Mixed
904,Slava Pestov,1,TextUtilities.java,4,3,0,3,0.0,0.0,1.0,Mostly Independent
905,Slava Pestov,1,TextUtilities.java,11,7,0,7,0.0,0.0,2.8571,Mostly Independent
1367,Slava Pestov,1,TextUtilities.java,1,5,0,5,0.0,0.2,0.8,Mostly Independent
1368,Slava Pestov,1,Wizard.java,1,5,0,5,0.0,0.2,3.6,Mostly Independent
1294,Slava Pestov,1,BufferOptions.java,7,16,1,15,0.0625,0.0,3.5,Mostly Independent
976,Slava Pestov,1,Abbrevs.java,7,39,0,39,0.0,0.0,4.7949,Mostly Independent
1006,Slava Pestov,1,Abbrevs.java,8,324,0,324,0.0,0.0,2.2222,Mostly Independent
1196,Slava Pestov,1,IORequest.java,3,11,1,10,0.090909,0.0,1.4545,Mostly Independent
1355,Slava Pestov,1,WorkThread.java,1,3,1,2,0.333333,0.666667,1.0,Mixed
1372,Slava Pestov,1,IORequest.java,1,1,1,0,1.0,1.0,0.0,Mostly Dependent
1371,Slava Pestov,1,IORequest.java,1,1,0,1,0.0,1.0,0.0,Mostly Independent
1373,Slava Pestov,1,IORequest.java,2,8,4,4,0.5,1.0,0.0,Mixed
1375,Slava Pestov,1,IORequest.java,3,9,5,4,0.555556,1.0,0.0,Mostly Dependent
1376,Slava Pestov,1,IORequest.java,1,8,2,6,0.25,1.0,0.0,Mixed
1377,Slava Pestov,1,IORequest.java,3,3,0,3,0.0,0.0,2.0,Mostly Independent
1166,Slava Pestov,1,delete.java,1,1,0,1,0.0,0.0,1.0,Mostly Independent
1172,Slava Pestov,1,next_word.java,1,2,0,2,0.0,0.0,1.0,Mostly Independent
1175,Slava Pestov,1,next_word.java,1,1,1,0,1.0,0.0,1.0,Mostly Dependent
1176,Slava Pestov,1,prev_word.java,1,1,1,0,1.0,0.0,1.0,Mostly Dependent
1188,Slava Pestov,1,VFSManager.java,3,21,0,21,0.0,0.0,2.0,Mostly Independent
1374,Slava Pestov,1,IORequest.java,2,9,3,6,0.333333,1.0,0.0,Mixed
1384,Slava Pestov,1,WorkThreadPool.java,3,5,3,2,0.6,1.0,0.0,Mostly Dependent
1386,Slava Pestov,1,Autosave.java,1,658,1,657,0.00152,0.0,1.6945,Mostly Independent
1387,Slava Pestov,1,Buffer.java,27,18,0,18,0.0,0.0,5.0,Mostly Independent
1390,Slava Pestov,1,StatusBar.java,2,15,2,13,0.133333,0.2,2.9333,Mixed
1393,Slava Pestov,1,WorkThreadPool.java,3,198,1,197,0.005051,0.010101,3.0505,Mostly Independent
1277,Slava Pestov,1,FindAccessory.java,1,10,0,10,0.0,0.0,3.2,Mostly Independent
1278,Slava Pestov,1,FindAccessory.java,1,2,1,1,0.5,0.0,3.0,Mixed
1282,Slava Pestov,1,FindAccessory.java,1,4,0,4,0.0,0.25,1.25,Mostly Independent
1285,Slava Pestov,1,FindAccessory.java,1,5,2,3,0.4,0.6,1.2,Mixed
1286,Slava Pestov,1,FindAccessory.java,1,5,2,3,0.4,0.6,1.2,Mixed
1287,Slava Pestov,1,FindAccessory.java,1,5,2,3,0.4,0.6,1.2,Mixed
1396,Slava Pestov,1,CurrentDirectoryMenu.java,7,31,1,30,0.032258,0.0,2.129,Mostly Independent
1397,Slava Pestov,1,FtpBrowser.java,1,5,0,5,0.0,0.0,6.2,Mostly Independent
1218,Slava Pestov,1,FtpVFS.java,10,23,9,14,0.391304,0.565217,1.087,Mixed
1391,Slava Pestov,1,StatusBar.java,2,13,4,9,0.307692,0.230769,3.0769,Mixed
1179,Slava Pestov,1,FirewallOptionPane.java,1,10,0,10,0.0,0.0,7.0,Mostly Independent
1197,Slava Pestov,1,UrlVFS.java,7,53,7,46,0.132075,0.132075,1.6604,Mixed
1198,Slava Pestov,1,UrlVFS.java,4,45,6,39,0.133333,0.155556,1.6222,Mixed
1418,Slava Pestov,1,VFS.java,17,244,10,234,0.040984,0.0,1.6803,Mostly Independent
1420,Slava Pestov,1,IORequest.java,1,1,0,1,0.0,1.0,0.0,Mostly Independent
1422,Slava Pestov,2,VFS.java,13,1181,9,1172,0.007621,0.00508,3.7206,Mostly Independent
1423,Slava Pestov,1,Buffer.java,1,2,1,1,0.5,0.0,1.0,Mixed
1425,Slava Pestov,3,VFSFileChooserDialog.java,12,18,4,14,0.222222,0.333333,4.0,Mixed
1427,Slava Pestov,1,HelpfulJList.java,3,17,3,14,0.176471,0.176471,1.4706,Mixed
1430,Slava Pestov,1,HelpfulJList.java,1,8,0,8,0.0,0.0,1.75,Mostly Independent
1428,Slava Pestov,3,VFSBrowser.java,47,101,47,54,0.465347,0.584158,1.1782,Mixed
1429,Slava Pestov,4,VFSBrowser.java,58,105,47,58,0.447619,0.561905,1.2857,Mixed
1433,Slava Pestov,3,VFSFileChooserDialog.java,7,127,0,127,0.0,0.0,2.7244,Mostly Independent
1214,Slava Pestov,1,LoginDialog.java,1,8,0,8,0.0,0.0,6.25,Mostly Independent
1295,Slava Pestov,1,EditorOptionPane.java,1,4,0,4,0.0,0.0,5.0,Mostly Independent
1417,Slava Pestov,1,BrowserIORequest.java,4,850,3,847,0.003529,0.0,2.9706,Mostly Independent
1437,Slava Pestov,1,FavoritesVFS.java,1,1,0,1,0.0,0.0,7.0,Mostly Independent
1438,Slava Pestov,1,BrowserIORequest.java,5,52,2,50,0.038462,0.0,2.1731,Mostly Independent
1443,Slava Pestov,1,VFSBrowser.java,9,17,4,13,0.235294,0.294118,1.1765,Mixed
1445,Slava Pestov,1,VFSBrowser.java,2,4,1,3,0.25,0.25,1.0,Mixed
1447,Slava Pestov,1,GeneralOptionPane.java,2,7,1,6,0.142857,0.0,1.8571,Mixed
1424,Slava Pestov,1,FileCellRenderer.java,6,48,6,42,0.125,0.145833,5.0417,Mixed
1440,Slava Pestov,1,BrowserIORequest.java,6,25,0,25,0.0,0.08,5.36,Mostly Independent
1442,Slava Pestov,1,BrowserIORequest.java,1,7,0,7,0.0,0.0,2.4286,Mostly Independent
1450,Slava Pestov,1,BrowserIORequest.java,2,58,1,57,0.017241,0.0,2.2586,Mostly Independent
1451,Slava Pestov,1,IORequest.java,2,17,0,17,0.0,0.0,2.4118,Mostly Independent
1457,Slava Pestov,1,FileCellRenderer.java,8,51,6,45,0.117647,0.137255,4.8627,Mixed
1464,Slava Pestov,1,MenuModel.java,1,1,0,1,0.0,0.0,2.0,Mostly Independent
1463,Slava Pestov,1,FontSelector.java,4,9,0,9,0.0,0.0,1.1111,Mostly Independent
1466,Slava Pestov,1,BrowserTreeView.java,2,4,0,4,0.0,0.0,2.0,Mostly Independent
1444,Slava Pestov,1,Macros.java,1,7,0,7,0.0,0.0,1.0,Mostly Independent
1458,Slava Pestov,1,HelpfulJList.java,2,12,2,10,0.166667,0.0,1.5,Mixed
1459,Slava Pestov,1,HelpfulJTree.java,2,12,2,10,0.166667,0.0,1.5,Mixed
1477,Slava Pestov,1,FtpVFS.java,2,3,1,2,0.333333,1.0,0.0,Mixed
1182,Slava Pestov,1,IORequest.java,1,6,0,6,0.0,0.0,4.3333,Mostly Independent
1213,Slava Pestov,1,FtpAddress.java,1,13,1,12,0.076923,0.0,1.1538,Mostly Independent
1467,Slava Pestov,5,DockableWindowManager.java,24,47,0,47,0.0,0.0,2.1064,Mostly Independent
1472,Slava Pestov,1,DockableWindowContainer.java,1,3,0,3,0.0,0.0,6.3333,Mostly Independent
1475,Slava Pestov,5,DockableWindowManager.java,39,7,5,2,0.714286,0.0,1.4286,Mostly Dependent
1454,Slava Pestov,1,BrowserTreeView.java,2,12,2,10,0.166667,0.0,1.3333,Mixed
1483,Slava Pestov,1,FileVFS.java,3,6,0,6,0.0,0.0,8.0,Mostly Independent
1484,Slava Pestov,1,FileVFS.java,18,47,17,30,0.361702,0.404255,0.8511,Mixed
1486,Slava Pestov,1,FileVFS.java,18,45,17,28,0.377778,0.422222,0.8222,Mixed
1488,Slava Pestov,3,VFSBrowser.java,30,25,0,25,0.0,0.0,2.44,Mostly Independent
1491,Slava Pestov,1,FavoritesVFS.java,3,1,0,1,0.0,0.0,2.0,Mostly Independent
1496,Slava Pestov,1,WorkThreadPool.java,3,188,3,185,0.015957,0.015957,2.5957,Mostly Independent
1497,Slava Pestov,1,VFSFileChooserDialog.java,9,64,0,64,0.0,0.0,3.3281,Mostly Independent
1485,Slava Pestov,1,FileVFS.java,9,17,1,16,0.058824,0.0,1.7647,Mostly Independent
1489,Slava Pestov,1,VFSManager.java,3,25,0,25,0.0,0.0,2.24,Mostly Independent
1490,Slava Pestov,1,FavoritesVFS.java,3,10,0,10,0.0,0.0,7.6,Mostly Independent
1510,Slava Pestov,4,VFSBrowser.java,39,718,4,714,0.005571,0.0,2.4136,Mostly Independent
1511,Slava Pestov,1,VFSBrowser.java,5,25,0,25,0.0,0.0,4.28,Mostly Independent
1512,Slava Pestov,1,VFSBrowser.java,1,4,0,4,0.0,0.0,5.25,Mostly Independent
1256,Slava Pestov,1,FtpClient.java,1,52,9,43,0.173077,0.173077,5.6538,Mixed
1260,Slava Pestov,1,FtpClient.java,1,52,9,43,0.173077,0.173077,5.6538,Mixed
1263,Slava Pestov,1,FtpClient.java,1,7,2,5,0.285714,0.285714,4.1429,Mixed
1264,Slava Pestov,1,FtpClient.java,1,7,2,5,0.285714,0.285714,4.1429,Mixed
1267,Slava Pestov,1,FtpClient.java,1,4,1,3,0.25,0.25,3.75,Mixed
1268,Slava Pestov,1,FtpClient.java,1,4,1,3,0.25,0.25,3.75,Mixed
1514,Slava Pestov,1,FtpClient.java,1,49,9,40,0.183673,0.183673,5.551,Mixed
1515,Slava Pestov,1,FtpClient.java,1,49,9,40,0.183673,0.183673,5.551,Mixed
1516,Slava Pestov,1,FtpClient.java,1,49,9,40,0.183673,0.183673,5.551,Mixed
1517,Slava Pestov,1,FtpClient.java,1,49,9,40,0.183673,0.183673,5.551,Mixed
1518,Slava Pestov,1,FtpClient.java,1,49,9,40,0.183673,0.183673,5.551,Mixed
1519,Slava Pestov,1,FtpClient.java,1,49,9,40,0.183673,0.183673,5.551,Mixed
1520,Slava Pestov,1,FtpClient.java,1,49,9,40,0.183673,0.183673,5.551,Mixed
1521,Slava Pestov,1,FtpClient.java,1,49,9,40,0.183673,0.183673,5.551,Mixed
1522,Slava Pestov,1,FtpClient.java,1,7,2,5,0.285714,0.285714,4.1429,Mixed
1523,Slava Pestov,1,FtpClient.java,1,2,1,1,0.5,0.5,4.0,Mixed
1524,Slava Pestov,1,FtpClient.java,1,2,1,1,0.5,0.5,4.0,Mixed
1525,Slava Pestov,1,FtpClient.java,1,13,0,13,0.0,0.0,6.4615,Mostly Independent
1498,Slava Pestov,5,BufferIORequest.java,9,1476,21,1455,0.014228,0.0,3.5589,Mostly Independent
1526,Slava Pestov,1,VFSBrowser.java,10,30,9,21,0.3,0.4,1.7667,Mixed
1527,Slava Pestov,5,VFSBrowser.java,41,48,28,20,0.583333,0.833333,0.6875,Mostly Dependent
1528,Slava Pestov,1,VFSBrowser.java,9,30,9,21,0.3,0.4,1.9333,Mixed
1297,Slava Pestov,1,EditPlugin.java,8,229,12,217,0.052402,0.0,1.2271,Mostly Independent
1300,Slava Pestov,1,EditPlugin.java,6,173,3,170,0.017341,0.0,1.9306,Mostly Independent
1436,Slava Pestov,6,Log.java,11,27,0,27,0.0,0.0,3.6296,Mostly Independent
1453,Slava Pestov,1,BrowserListView.java,2,9,1,8,0.111111,0.111111,1.7778,Mixed
1487,Slava Pestov,1,BrowserTreeView.java,1,7,0,7,0.0,0.0,1.5714,Mostly Independent
1531,Marcelo Vanzin,5,Log.java,6,249,13,236,0.052209,0.032129,2.4297,Mostly Independent
1532,Slava Pestov,1,next_page.java,1,10,2,8,0.2,0.0,1.9,Mixed
1533,Slava Pestov,1,prev_page.java,1,10,2,8,0.2,0.0,1.9,Mixed
1534,Slava Pestov,1,BrowserListView.java,1,9,0,9,0.0,0.0,1.6667,Mostly Independent
1389,Slava Pestov,2,StatusBar.java,6,908,19,889,0.020925,0.024229,3.402,Mostly Independent
1530,Slava Pestov,1,View.java,1,5,0,5,0.0,0.0,1.0,Mostly Independent
1543,Slava Pestov,1,EditAction.java,1,1,0,1,0.0,1.0,0.0,Mostly Independent
1544,Slava Pestov,1,EditAction.java,1,2,1,1,0.5,0.5,0.5,Mixed
1545,Slava Pestov,1,EditAction.java,1,2,1,1,0.5,0.5,0.5,Mixed
1324,Slava Pestov,2,ToolBarOptionPane.java,4,8,3,5,0.375,0.625,0.75,Mixed
1529,Slava Pestov,5,VFSBrowser.java,42,516,4,512,0.007752,0.0,2.6163,Mostly Independent
1535,Slava Pestov,1,CommandLine.java,3,1,0,1,0.0,0.0,7.0,Mostly Independent
1536,Slava Pestov,1,CommandLine.java,3,6,0,6,0.0,0.0,8.0,Mostly Independent
1538,Slava Pestov,1,CommandLine.java,2,6,0,6,0.0,0.0,2.3333,Mostly Independent
1546,Slava Pestov,1,CommandLine.java,1,3,1,2,0.333333,0.333333,3.0,Mixed
1547,Slava Pestov,1,CommandLine.java,1,3,1,2,0.333333,0.333333,3.0,Mixed
1548,Slava Pestov,1,CommandLine.java,4,20,4,16,0.2,0.2,1.35,Mixed
1549,Slava Pestov,1,CommandLine.java,4,20,4,16,0.2,0.2,1.35,Mixed
1550,Slava Pestov,1,CommandLine.java,3,9,0,9,0.0,0.0,2.0,Mostly Independent
1552,Slava Pestov,1,CommandLine.java,1,7,1,6,0.142857,0.285714,1.4286,Mixed
1553,Slava Pestov,1,CommandLine.java,2,9,1,8,0.111111,0.222222,1.5556,Mixed
1554,Slava Pestov,1,CommandLine.java,4,21,8,13,0.380952,0.380952,1.0476,Mixed
1555,Slava Pestov,1,CommandLine.java,3,18,7,11,0.388889,0.444444,0.9444,Mixed
1556,Slava Pestov,1,CommandLine.java,4,21,8,13,0.380952,0.380952,1.0476,Mixed
1469,Slava Pestov,1,DockableWindowContainer.java,10,39,9,30,0.230769,0.282051,4.3077,Mixed
1470,Slava Pestov,1,DockableWindowContainer.java,10,39,9,30,0.230769,0.282051,4.3077,Mixed
1559,Slava Pestov,1,CommandLine.java,2,3,1,2,0.333333,0.333333,0.6667,Mixed
1561,Slava Pestov,1,CommandLine.java,4,20,2,18,0.1,0.2,1.6,Mostly Independent
1562,Slava Pestov,1,CommandLine.java,3,19,3,16,0.157895,0.157895,1.6842,Mixed
1563,Slava Pestov,1,CommandLine.java,3,19,3,16,0.157895,0.157895,1.6842,Mixed
1567,Slava Pestov,1,CommandLine.java,1,2,1,1,0.5,0.5,0.5,Mixed
1568,Slava Pestov,1,CommandLine.java,1,2,0,2,0.0,0.0,4.5,Mostly Independent
1462,Slava Pestov,1,HelpfulJTree.java,2,16,0,16,0.0,0.125,1.625,Mostly Independent
1569,Slava Pestov,1,BrowserListView.java,1,5,1,4,0.2,0.2,1.6,Mixed
1358,Slava Pestov,1,Wizard.java,1,14,1,13,0.071429,0.428571,2.5714,Mostly Independent
1402,Slava Pestov,1,EditBuddyPlugin.java,1,3,1,2,0.333333,0.333333,2.3333,Mixed
1403,Slava Pestov,1,EditBuddyPlugin.java,1,3,1,2,0.333333,0.333333,2.3333,Mixed
1409,Slava Pestov,1,Wizard.java,1,11,1,10,0.090909,0.545455,5.9091,Mostly Independent
1411,Slava Pestov,1,Wizard.java,1,2,0,2,0.0,0.5,6.5,Mostly Independent
1481,Slava Pestov,4,JEditTextArea.java,162,196,126,70,0.642857,0.928571,0.0714,Mostly Dependent
98,Slava Pestov,1,RE.java,1,4,0,4,0.0,0.0,6.25,Mostly Independent
1571,Slava Pestov,1,RE.java,1,2,0,2,0.0,0.0,7.0,Mostly Independent
1573,Slava Pestov,1,RE.java,1,26,2,24,0.076923,0.038462,5.8077,Mostly Independent
1574,Slava Pestov,1,RE.java,1,26,2,24,0.076923,0.038462,5.8077,Mostly Independent
1575,Slava Pestov,1,Gutter.java,4,13,4,9,0.307692,0.307692,1.0,Mixed
1576,Slava Pestov,1,Gutter.java,3,11,4,7,0.363636,0.363636,0.9091,Mixed
1577,Slava Pestov,1,Gutter.java,1,1,0,1,0.0,0.0,2.0,Mostly Independent
1378,Slava Pestov,1,WorkThreadPool.java,2,184,4,180,0.021739,0.016304,2.587,Mostly Independent
1383,Slava Pestov,1,WorkThreadPool.java,1,2,1,1,0.5,1.0,0.0,Mixed
1385,Slava Pestov,1,WorkThreadPool.java,4,5,3,2,0.6,1.0,0.0,Mostly Dependent
1399,Slava Pestov,1,WorkThreadPool.java,2,2,1,1,0.5,1.0,0.0,Mixed
591,Slava Pestov,1,StyleOptionPane.java,3,29,1,28,0.034483,0.0,1.7931,Mostly Independent
1560,Slava Pestov,1,CommandLine.java,2,10,2,8,0.2,0.4,1.2,Mixed
1570,Slava Pestov,1,BrowserPopupMenu.java,3,1,0,1,0.0,0.0,1.0,Mostly Independent
1580,Slava Pestov,1,CommandLine.java,1,4,1,3,0.25,0.25,1.25,Mixed
1581,Slava Pestov,1,CommandLine.java,1,4,1,3,0.25,0.25,1.25,Mixed
1582,Slava Pestov,1,BrowserOptionPane.java,1,2,0,2,0.0,0.0,5.0,Mostly Independent
573,Slava Pestov,1,SearchDialog.java,1,5,1,4,0.2,0.4,1.0,Mixed
1110,Slava Pestov,1,SearchAndReplace.java,6,84,17,67,0.202381,0.47619,1.0476,Mixed
1499,Slava Pestov,1,BufferIORequest.java,19,122,23,99,0.188525,0.377049,1.8607,Mixed
1502,Slava Pestov,1,BufferIORequest.java,1,15,2,13,0.133333,0.6,1.0,Mixed
1504,Slava Pestov,1,BufferIORequest.java,3,22,4,18,0.181818,0.5,1.5,Mixed
1509,Slava Pestov,1,BufferIORequest.java,6,51,11,40,0.215686,0.45098,1.6471,Mixed
1588,Slava Pestov,1,BufferIORequest.java,16,107,23,84,0.214953,0.411215,1.7196,Mixed
1589,Slava Pestov,1,BufferIORequest.java,3,21,4,17,0.190476,0.52381,1.4762,Mixed
1590,Slava Pestov,1,FileVFS.java,1,11,2,9,0.181818,0.0,1.0,Mixed
1600,Slava Pestov,1,hypersearch_selection.java,1,7,2,5,0.285714,0.0,1.2857,Mixed
1609,Slava Pestov,1,HyperSearch.java,1,3,1,2,0.333333,0.0,1.6667,Mixed
1610,Slava Pestov,1,SearchDialog.java,1,3,1,2,0.333333,0.0,1.6667,Mixed
1611,Slava Pestov,1,SearchDialog.java,7,17,4,13,0.235294,0.529412,0.9412,Mixed
1612,Slava Pestov,1,SearchDialog.java,6,16,4,12,0.25,0.5625,0.875,Mixed
1613,Slava Pestov,1,BufferIORequest.java,6,19,4,15,0.210526,0.315789,0.6842,Mixed
1614,Slava Pestov,1,BufferIORequest.java,3,13,4,9,0.307692,0.461538,0.5385,Mixed
1585,Slava Pestov,3,BrowserView.java,19,37,1,36,0.027027,0.0,1.7568,Mostly Independent
1586,Slava Pestov,1,BrowserView.java,13,1,0,1,0.0,0.0,1.0,Mostly Independent
1587,Slava Pestov,2,BrowserView.java,10,27,7,20,0.259259,0.592593,0.7037,Mixed
1615,Slava Pestov,1,VFS.java,4,14,0,14,0.0,0.0,1.0,Mostly Independent
984,Slava Pestov,1,insert_char.java,1,1,0,1,0.0,0.0,1.0,Mostly Independent
1616,Slava Pestov,1,format_paragraph.java,1,3,0,3,0.0,0.0,1.0,Mostly Independent
1624,Slava Pestov,1,format_paragraph.java,1,1,0,1,0.0,0.0,1.0,Mostly Independent
1625,Slava Pestov,1,format_paragraph.java,1,4,1,3,0.25,0.25,1.25,Mixed
1626,Slava Pestov,1,format_paragraph.java,1,4,1,3,0.25,0.25,1.25,Mixed
1630,Slava Pestov,1,JEditTextArea.java,3,9,0,9,0.0,0.666667,0.6667,Mostly Independent
1640,Slava Pestov,1,TextAreaOptionPane.java,3,42,1,41,0.02381,0.0,1.8095,Mostly Independent
1578,Slava Pestov,2,VFS.java,8,9,6,3,0.666667,0.888889,0.2222,Mostly Dependent
1579,Slava Pestov,1,VFS.java,1,13,0,13,0.0,0.0,1.0,Mostly Independent
1647,Slava Pestov,1,EditPane.java,3,16,0,16,0.0,0.0625,4.8125,Mostly Independent
1649,Slava Pestov,1,JEditTextArea.java,11,54,14,40,0.259259,0.388889,1.2222,Mixed
1651,Slava Pestov,1,JEditTextArea.java,1,3,0,3,0.0,0.0,8.0,Mostly Independent
1659,Slava Pestov,1,JEditTextArea.java,3,3,0,3,0.0,0.0,2.0,Mostly Independent
1661,Slava Pestov,1,JEditTextArea.java,2,2,0,2,0.0,0.0,2.0,Mostly Independent
1668,Slava Pestov,1,Registers.java,2,4,0,4,0.0,0.0,1.0,Mostly Independent
1670,Slava Pestov,1,Buffer.java,1,2,0,2,0.0,0.0,1.0,Mostly Independent
1671,Slava Pestov,1,Registers.java,6,8,4,4,0.5,1.0,0.0,Mixed
1673,Slava Pestov,1,jEdit.java,21,48,0,48,0.0,0.0,3.7083,Mostly Independent
1674,Slava Pestov,3,EditPane.java,7,41,1,40,0.02439,0.0,1.0,Mostly Independent
1675,Slava Pestov,3,EditPane.java,8,307,6,301,0.019544,0.016287,1.4593,Mostly Independent
1676,Slava Pestov,2,Registers.java,6,8,4,4,0.5,1.0,0.0,Mixed
1677,Slava Pestov,1,Registers.java,4,7,1,6,0.142857,0.0,1.0,Mixed
1678,Slava Pestov,1,JEditTextArea.java,2,33,3,30,0.090909,0.0,2.9394,Mostly Independent
1679,Slava Pestov,1,JEditTextArea.java,5,36,8,28,0.222222,0.583333,0.8333,Mixed
1680,Slava Pestov,1,JEditTextArea.java,6,26,0,26,0.0,0.0,2.0,Mostly Independent
1681,Slava Pestov,3,JEditTextArea.java,34,37,26,11,0.702703,1.0,0.0,Mostly Dependent
1682,Slava Pestov,5,View.java,32,34,31,3,0.911765,1.0,0.0,Mostly Dependent
1683,Slava Pestov,5,View.java,33,34,31,3,0.911765,1.0,0.0,Mostly Dependent
1628,Slava Pestov,4,EditPane.java,41,75,6,69,0.08,0.0,1.0,Mostly Independent
1656,Slava Pestov,3,ActionListHandler.java,5,203,6,197,0.029557,0.0,1.4089,Mostly Independent
1665,Slava Pestov,1,JEditTextArea.java,2,4,0,4,0.0,0.0,1.5,Mostly Independent
1672,Slava Pestov,1,BeanShell.java,3,16,1,15,0.0625,0.0,1.0,Mostly Independent
1684,Slava Pestov,1,EditPane.java,4,5,0,5,0.0,0.0,1.0,Mostly Independent
1686,Slava Pestov,1,JEditTextArea.java,2,2,0,2,0.0,0.0,2.0,Mostly Independent
1687,Slava Pestov,1,JEditTextArea.java,2,2,0,2,0.0,0.0,2.0,Mostly Independent
1689,Slava Pestov,1,Registers.java,1,1,0,1,0.0,0.0,1.0,Mostly Independent
1691,Slava Pestov,1,JEditTextArea.java,2,6,0,6,0.0,0.0,1.3333,Mostly Independent
1695,Slava Pestov,1,Registers.java,1,1,0,1,0.0,0.0,1.0,Mostly Independent
1696,Slava Pestov,1,Sessions.java,1,3,1,2,0.333333,0.333333,0.6667,Mixed
1697,Slava Pestov,1,Sessions.java,1,3,1,2,0.333333,0.333333,0.6667,Mixed
1699,Slava Pestov,1,JEditTextArea.java,2,4,0,4,0.0,0.0,1.5,Mostly Independent
1701,Slava Pestov,1,JEditTextArea.java,2,12,0,12,0.0,0.0,1.8333,Mostly Independent
1704,Slava Pestov,1,jEdit.java,1,2,0,2,0.0,0.0,1.0,Mostly Independent
1706,Slava Pestov,1,TextUtilities.java,1,2,0,2,0.0,0.0,1.0,Mostly Independent
1710,Slava Pestov,1,JEditTextArea.java,2,4,0,4,0.0,0.0,5.0,Mostly Independent
1712,Slava Pestov,1,JEditTextArea.java,2,6,0,6,0.0,0.0,2.0,Mostly Independent
1713,Slava Pestov,1,Buffer.java,25,145,23,122,0.158621,0.17931,2.2552,Mixed
1714,Slava Pestov,1,Buffer.java,24,143,23,120,0.160839,0.181818,2.2168,Mixed
1720,Slava Pestov,1,JEditTextArea.java,3,6,1,5,0.166667,0.0,1.5,Mixed
1721,Slava Pestov,1,JEditTextArea.java,49,134,2,132,0.014925,0.0,1.1791,Mostly Independent
1722,Slava Pestov,1,JEditTextArea.java,9,47,12,35,0.255319,0.425532,1.1489,Mixed
1723,Slava Pestov,3,JEditTextArea.java,85,196,75,121,0.382653,0.469388,1.0612,Mixed
1724,Slava Pestov,1,JEditTextArea.java,10,26,0,26,0.0,0.0,2.0,Mostly Independent
1725,Slava Pestov,1,JEditTextArea.java,86,211,71,140,0.336493,0.611374,0.7773,Mixed
1726,Slava Pestov,2,JEditTextArea.java,69,526,211,315,0.401141,0.71673,0.5665,Mixed
1727,Slava Pestov,2,JEditTextArea.java,88,200,75,125,0.375,0.46,1.08,Mixed
1728,Slava Pestov,1,View.java,4,11,1,10,0.090909,0.181818,0.8182,Mostly Independent
1621,Slava Pestov,1,View.java,1,1,0,1,0.0,0.0,1.0,Mostly Independent
1729,Slava Pestov,1,Macros.java,5,16,3,13,0.1875,0.3125,0.6875,Mixed
1730,Slava Pestov,1,Macros.java,3,12,3,9,0.25,0.416667,0.5833,Mixed
1731,Slava Pestov,1,InputHandler.java,3,8,0,8,0.0,0.0,5.5,Mostly Independent
1732,Slava Pestov,1,Macros.java,1,1,1,0,1.0,1.0,0.0,Mostly Dependent
1733,Slava Pestov,1,Macros.java,1,1,1,0,1.0,1.0,0.0,Mostly Dependent
1734,Slava Pestov,1,InputHandler.java,1,1,1,0,1.0,0.0,1.0,Mostly Dependent
1735,Slava Pestov,1,Macros.java,1,1,1,0,1.0,0.0,1.0,Mostly Dependent
1738,Slava Pestov,1,JEditTextArea.java,1,1,0,1,0.0,0.0,2.0,Mostly Independent
1739,Slava Pestov,1,JEditTextArea.java,7,14,0,14,0.0,0.428571,1.1429,Mostly Independent
1740,Slava Pestov,1,BeanShell.java,2,4,0,4,0.0,0.0,3.0,Mostly Independent
1747,Slava Pestov,3,InputHandler.java,14,45,7,38,0.155556,0.0,1.5778,Mixed
1748,Slava Pestov,3,JEditTextArea.java,67,518,214,304,0.413127,0.714286,0.5714,Mixed
1749,Slava Pestov,1,JEditTextArea.java,27,33,9,24,0.272727,0.272727,1.4545,Mixed
1750,Slava Pestov,1,JEditTextArea.java,8,18,0,18,0.0,0.0,4.2222,Mostly Independent
1751,Slava Pestov,1,JEditTextArea.java,5,28,8,20,0.285714,0.178571,1.25,Mixed
1752,Slava Pestov,1,JEditTextArea.java,5,28,8,20,0.285714,0.178571,1.25,Mixed
1753,Slava Pestov,1,JEditTextArea.java,58,54,41,13,0.759259,1.0,0.0,Mostly Dependent
1755,Slava Pestov,2,JEditTextArea.java,44,117,41,76,0.350427,0.42735,1.1453,Mixed
1756,Slava Pestov,2,JEditTextArea.java,47,123,41,82,0.333333,0.406504,1.187,Mixed
1757,Slava Pestov,1,JEditTextArea.java,42,219,6,213,0.027397,0.0,2.0,Mostly Independent
1758,Slava Pestov,1,JEditTextArea.java,8,29,1,28,0.034483,0.0,1.7241,Mostly Independent
1759,Slava Pestov,1,JEditTextArea.java,54,57,31,26,0.54386,0.596491,0.807,Mostly Dependent
1760,Slava Pestov,3,JEditTextArea.java,57,37,26,11,0.702703,1.0,0.0,Mostly Dependent
1761,Slava Pestov,4,JEditTextArea.java,91,138,3,135,0.021739,0.0,2.0,Mostly Independent
1762,Slava Pestov,1,JEditTextArea.java,31,57,31,26,0.54386,0.596491,0.807,Mostly Dependent
1764,Slava Pestov,1,BeanShell.java,2,5,1,4,0.2,0.4,2.6,Mixed
1765,Slava Pestov,1,BeanShellAction.java,3,87,1,86,0.011494,0.0,1.2529,Mostly Independent
1741,Slava Pestov,1,BeanShell.java,28,346,13,333,0.037572,0.0,1.5896,Mostly Independent
1742,Slava Pestov,1,BeanShell.java,17,143,13,130,0.090909,0.0,4.6643,Mostly Independent
1743,Slava Pestov,1,BeanShell.java,7,17,2,15,0.117647,0.411765,2.9412,Mixed
1744,Slava Pestov,1,BeanShell.java,14,295,0,295,0.0,0.0,4.9729,Mostly Independent
1763,Slava Pestov,1,BeanShell.java,1,4,1,3,0.25,0.5,1.75,Mixed
1767,Slava Pestov,1,WorkThreadPool.java,4,96,0,96,0.0,0.0,3.0312,Mostly Independent
1557,Slava Pestov,1,LatestVersionPlugin.java,3,140,0,140,0.0,0.0,3.6786,Mostly Independent
1694,Slava Pestov,1,TextUtilities.java,19,4,0,4,0.0,0.0,1.0,Mostly Independent
2245,Slava Pestov,4,TextUtilities.java,11,356,29,327,0.081461,0.064607,2.2275,Mostly Independent
2321,Slava Pestov,1,DirectoryListSet.java,1,7,0,7,0.0,0.0,2.5714,Mostly Independent
2320,Slava Pestov,1,SearchDialog.java,2,4,0,4,0.0,0.0,1.0,Mostly Independent
2322,Slava Pestov,2,SearchDialog.java,28,215,10,205,0.046512,0.032558,1.9349,Mostly Independent
2332,Slava Pestov,1,BatchSearchRequest.java,1,3,0,3,0.0,0.0,1.0,Mostly Independent
2336,Slava Pestov,6,HelpViewer.java,20,69,18,51,0.26087,0.304348,1.3768,Mixed
2337,Slava Pestov,1,JEditTextArea.java,2,6,2,4,0.333333,0.333333,0.6667,Mixed
2338,Slava Pestov,1,JEditTextArea.java,2,6,2,4,0.333333,0.333333,0.6667,Mixed
1007,Slava Pestov,1,EditBus.java,2,30,0,30,0.0,0.0,2.1667,Mostly Independent
2340,Slava Pestov,1,EditBus.java,3,37,3,34,0.081081,0.081081,1.3514,Mostly Independent
2341,Slava Pestov,1,EditBus.java,2,63,0,63,0.0,0.0,1.0635,Mostly Independent
2342,Slava Pestov,1,EditBus.java,1,8,0,8,0.0,0.0,5.0,Mostly Independent
2334,Slava Pestov,1,EditPane.java,2,19,0,19,0.0,0.0,1.4211,Mostly Independent
1410,Slava Pestov,1,Wizard.java,1,10,0,10,0.0,0.5,2.7,Mostly Independent
2350,Slava Pestov,1,Wizard.java,1,2,0,2,0.0,0.5,6.5,Mostly Independent
2351,Slava Pestov,1,EditBuddyPlugin.java,1,1,1,0,1.0,1.0,0.0,Mostly Dependent
2353,Slava Pestov,1,EditBuddyPlugin.java,1,2,1,1,0.5,0.5,3.0,Mixed
1020,Slava Pestov,1,OptionsDialog.java,5,65,11,54,0.169231,0.230769,0.9077,Mixed
2357,Slava Pestov,1,WorkThreadPool.java,3,43,1,42,0.023256,0.0,2.2093,Mostly Independent
769,Slava Pestov,1,EditServer.java,4,19,2,17,0.105263,0.210526,1.6316,Mixed
2358,Slava Pestov,1,TipOfTheDay.java,1,23,0,23,0.0,0.0,5.7826,Mostly Independent
2361,Slava Pestov,1,EditServer.java,1,3,0,3,0.0,0.0,1.0,Mostly Independent
1364,Slava Pestov,1,MenuItemModel.java,1,11,0,11,0.0,0.0,2.0,Mostly Independent
1030,Slava Pestov,1,InstallPluginsDialog.java,1,10,1,9,0.1,0.0,6.4,Mostly Independent
1031,Slava Pestov,1,UpdatePluginsDialog.java,1,10,1,9,0.1,0.0,6.4,Mostly Independent
2366,Slava Pestov,1,DockableWindowManager.java,4,7,3,4,0.428571,0.571429,1.8571,Mixed
2367,Slava Pestov,1,DockableWindowManager.java,3,7,3,4,0.428571,0.571429,1.8571,Mixed
1653,Slava Pestov,1,XModeHandler.java,4,73,3,70,0.041096,0.0,2.2192,Mostly Independent
1655,Slava Pestov,4,XModeHandler.java,8,167,7,160,0.041916,0.041916,1.9162,Mostly Independent
2370,Slava Pestov,1,DockableWindowManager.java,8,84,7,77,0.083333,0.059524,1.7738,Mostly Independent
2372,Slava Pestov,3,XModeHandler.java,17,2,1,1,0.5,1.0,0.0,Mixed
2373,Slava Pestov,1,XModeHandler.java,4,40,1,39,0.025,0.0,1.2,Mostly Independent
2374,Slava Pestov,1,XModeHandler.java,7,12,7,5,0.583333,0.75,0.8333,Mostly Dependent
1641,Slava Pestov,1,GutterOptionPane.java,3,33,1,32,0.030303,0.0,1.7576,Mostly Independent
1645,Slava Pestov,1,Gutter.java,1,1,1,0,1.0,1.0,0.0,Mostly Dependent
1646,Slava Pestov,1,Gutter.java,1,1,1,0,1.0,1.0,0.0,Mostly Dependent
2369,Slava Pestov,3,XModeHandler.java,16,7,4,3,0.571429,1.0,0.0,Mostly Dependent
2377,Slava Pestov,1,XModeHandler.java,1,1,0,1,0.0,0.0,2.0,Mostly Independent
2378,Slava Pestov,1,GUIUtilities.java,6,123,4,119,0.03252,0.065041,0.935,Mostly Independent
2379,Slava Pestov,1,jEdit.java,28,45,2,43,0.044444,0.0,1.0,Mostly Independent
2380,Slava Pestov,1,jEdit.java,28,146,12,134,0.082192,0.0,1.6301,Mostly Independent
1635,Slava Pestov,1,ColorOptionPane.java,6,82,2,80,0.02439,0.0,1.1829,Mostly Independent
1719,Slava Pestov,1,JEditTextArea.java,4,10,0,10,0.0,0.0,2.0,Mostly Independent
2362,Slava Pestov,1,JEditTextArea.java,2,5,4,1,0.8,1.0,0.0,Mostly Dependent
2363,Slava Pestov,1,JEditTextArea.java,2,5,4,1,0.8,1.0,0.0,Mostly Dependent
2371,Slava Pestov,4,JEditTextArea.java,91,3149,256,2893,0.081296,0.149889,4.9689,Mostly Independent
2384,Slava Pestov,1,Buffer.java,58,342,14,328,0.040936,0.0,2.9123,Mostly Independent
2381,Slava Pestov,4,Buffer.java,152,400,41,359,0.1025,0.555,1.095,Mixed
2382,Slava Pestov,3,Buffer.java,123,167,8,159,0.047904,0.0,1.0,Mostly Independent
2383,Slava Pestov,1,Buffer.java,38,49,0,49,0.0,0.0,3.6122,Mostly Independent
2387,Slava Pestov,1,Buffer.java,47,197,8,189,0.040609,0.0,1.6497,Mostly Independent
2388,Slava Pestov,1,Buffer.java,1,1,1,0,1.0,1.0,0.0,Mostly Dependent
2389,Slava Pestov,1,Buffer.java,1,1,1,0,1.0,1.0,0.0,Mostly Dependent
2391,Slava Pestov,1,Buffer.java,12,11,0,11,0.0,0.0,3.1818,Mostly Independent
2392,Slava Pestov,1,Buffer.java,9,35,7,28,0.2,0.285714,3.5714,Mixed
2393,Slava Pestov,1,Buffer.java,8,25,7,18,0.28,0.4,3.0,Mixed
2395,Slava Pestov,1,Buffer.java,76,389,12,377,0.030848,0.0,2.2545,Mostly Independent
2394,Slava Pestov,1,Buffer.java,80,262,0,262,0.0,0.0,3.4885,Mostly Independent
2396,Slava Pestov,1,TextAreaPainter.java,30,340,13,327,0.038235,0.070588,3.1794,Mostly Independent
2397,Slava Pestov,1,JEditTextArea.java,26,883,1,882,0.001133,0.0,6.1178,Mostly Independent
2399,Slava Pestov,5,Buffer.java,85,62,0,62,0.0,0.0,3.8387,Mostly Independent
1639,Slava Pestov,1,PrintOptionPane.java,2,2,0,2,0.0,0.0,1.0,Mostly Independent
2398,Slava Pestov,1,Buffer.java,7,5,0,5,0.0,0.0,5.0,Mostly Independent
2401,Slava Pestov,4,Buffer.java,88,3412,30,3382,0.008792,0.0,3.1076,Mostly Independent
2402,Slava Pestov,1,Buffer.java,11,240,0,240,0.0,0.0,4.6708,Mostly Independent
2403,Slava Pestov,1,PrintOptionPane.java,1,1,0,1,0.0,0.0,1.0,Mostly Independent
2409,Slava Pestov,1,JEditTextArea.java,6,10,2,8,0.2,0.0,1.0,Mixed
2410,Slava Pestov,1,JEditTextArea.java,27,56,0,56,0.0,0.0,2.4643,Mostly Independent
2411,Slava Pestov,2,JEditTextArea.java,40,423,157,266,0.371158,0.770686,0.4586,Mixed
2412,Slava Pestov,1,JEditTextArea.java,14,2,0,2,0.0,0.0,2.0,Mostly Independent
2413,Slava Pestov,1,JEditTextArea.java,27,35,25,10,0.714286,1.0,0.0,Mostly Dependent
2414,Slava Pestov,1,JEditTextArea.java,33,35,25,10,0.714286,1.0,0.0,Mostly Dependent
863,Slava Pestov,1,EnhancedCheckBoxMenuItem.java,5,9,2,7,0.222222,0.0,1.0,Mixed
1369,Slava Pestov,1,AbbrevsOptionPane.java,2,9,2,7,0.222222,0.222222,0.8889,Mixed
2405,Slava Pestov,1,AbbrevEditor.java,2,25,2,23,0.08,0.08,1.44,Mostly Independent
2406,Slava Pestov,1,AbbrevEditor.java,2,25,2,23,0.08,0.08,1.44,Mostly Independent
2407,Slava Pestov,1,CommandShortcutsOptionPane.java,1,1,1,0,1.0,0.0,1.0,Mostly Dependent
2408,Slava Pestov,1,PluginShortcutsOptionPane.java,1,1,1,0,1.0,0.0,1.0,Mostly Dependent
2415,Slava Pestov,2,ShortcutsOptionPane.java,2,89,1,88,0.011236,0.022472,1.4607,Mostly Independent
2416,Slava Pestov,1,AddAbbrevDialog.java,4,7,3,4,0.428571,0.0,1.2857,Mixed
2419,Slava Pestov,1,EnhancedMenuItem.java,5,164,5,159,0.030488,0.0,1.0976,Mostly Independent
2421,Slava Pestov,1,EditServer.java,8,290,4,286,0.013793,0.0,1.331,Mostly Independent
2424,Slava Pestov,1,JEditTextArea.java,6,7,0,7,0.0,0.0,2.0,Mostly Independent
1642,Slava Pestov,1,LoadSaveOptionPane.java,2,31,0,31,0.0,0.0,1.7419,Mostly Independent
2426,Slava Pestov,1,JEditTextArea.java,2,18,0,18,0.0,0.0,6.1111,Mostly Independent
1603,Slava Pestov,1,BrowserIORequest.java,5,32,7,25,0.21875,0.21875,1.4375,Mixed
2427,Slava Pestov,1,BrowserIORequest.java,10,62,5,57,0.080645,0.241935,3.1774,Mostly Independent
88,Slava Pestov,1,RETokenRepeated.java,2,649,21,628,0.032357,0.0,7.1757,Mostly Independent
547,Slava Pestov,1,RETokenOneOf.java,1,4,1,3,0.25,0.0,2.0,Mixed
1126,Slava Pestov,1,REMatchEnumeration.java,2,604,15,589,0.024834,0.0,6.1142,Mostly Independent
1328,Slava Pestov,1,REMatchEnumeration.java,1,4,0,4,0.0,0.0,7.0,Mostly Independent
2428,Slava Pestov,1,RE.java,5,725,36,689,0.049655,0.01931,5.8303,Mostly Independent
2429,Slava Pestov,1,RETokenRepeated.java,2,104,0,104,0.0,0.0,3.5385,Mostly Independent
2430,Slava Pestov,1,RE.java,5,6,0,6,0.0,0.0,3.0,Mostly Independent
2431,Slava Pestov,1,RE.java,5,725,36,689,0.049655,0.01931,5.8303,Mostly Independent
2435,Slava Pestov,1,RE.java,4,696,26,670,0.037356,0.020115,5.8606,Mostly Independent
2448,Slava Pestov,1,RE.java,2,8,2,6,0.25,0.5,1.5,Mixed
2449,Slava Pestov,1,RE.java,4,14,2,12,0.142857,0.285714,2.1429,Mixed
2459,Slava Pestov,1,RETokenOneOf.java,1,7,0,7,0.0,0.0,2.7143,Mostly Independent
2460,Slava Pestov,1,RETokenRepeated.java,1,2,0,2,0.0,0.0,3.0,Mostly Independent
2461,Slava Pestov,1,RETokenRepeated.java,1,4,1,3,0.25,0.25,1.75,Mixed
2462,Slava Pestov,1,Macros.java,5,13,0,13,0.0,0.0,5.0,Mostly Independent
82,Slava Pestov,1,CharIndexedInputStream.java,1,629,5,624,0.007949,0.00159,7.8474,Mostly Independent
83,Slava Pestov,1,CharIndexedInputStream.java,1,629,5,624,0.007949,0.00159,7.8474,Mostly Independent
84,Slava Pestov,1,CharIndexedInputStream.java,1,14,3,11,0.214286,0.071429,4.2143,Mixed
85,Slava Pestov,1,CharIndexedInputStream.java,1,14,3,11,0.214286,0.071429,4.2143,Mixed
87,Slava Pestov,1,RETokenPOSIX.java,1,614,10,604,0.016287,0.0,7.2638,Mostly Independent
89,Slava Pestov,1,RETokenAny.java,1,614,10,604,0.016287,0.0,7.2638,Mostly Independent
90,Slava Pestov,1,RETokenOneOf.java,1,614,10,604,0.016287,0.0,7.2638,Mostly Independent
91,Slava Pestov,1,RETokenBackRef.java,1,614,10,604,0.016287,0.0,7.2638,Mostly Independent
93,Slava Pestov,1,REException.java,1,614,10,604,0.016287,0.0,7.2638,Mostly Independent
2432,Slava Pestov,1,RETokenWordBoundary.java,1,540,16,524,0.02963,0.0,6.1722,Mostly Independent
2433,Slava Pestov,1,REFilterReader.java,1,540,16,524,0.02963,0.0,6.1722,Mostly Independent
2434,Slava Pestov,1,REFilterInputStream.java,1,540,16,524,0.02963,0.0,6.1722,Mostly Independent
2438,Slava Pestov,1,CharIndexedInputStream.java,1,6,1,5,0.166667,0.0,5.3333,Mixed
2440,Slava Pestov,1,CharIndexedInputStream.java,1,25,1,24,0.04,0.0,3.08,Mostly Independent
2441,Slava Pestov,1,CharIndexedReader.java,1,25,1,24,0.04,0.0,3.08,Mostly Independent
2443,Slava Pestov,1,CharIndexedReader.java,1,12,2,10,0.166667,0.0,4.1667,Mixed
2446,Slava Pestov,1,CharIndexedReader.java,1,563,5,558,0.008881,0.001776,6.8224,Mostly Independent
2447,Slava Pestov,1,CharIndexedReader.java,1,563,5,558,0.008881,0.001776,6.8224,Mostly Independent
2450,Slava Pestov,1,REFilterInputStream.java,1,6,1,5,0.166667,0.0,2.6667,Mixed
2451,Slava Pestov,1,REFilterReader.java,1,6,1,5,0.166667,0.0,2.6667,Mixed
2467,Slava Pestov,1,CharIndexedString.java,1,563,5,558,0.008881,0.0,6.8242,Mostly Independent
2470,Slava Pestov,1,RE.java,2,581,5,576,0.008606,0.0,6.7608,Mostly Independent
2471,Slava Pestov,1,CharIndexedReader.java,1,6,1,5,0.166667,0.0,5.3333,Mixed
2476,Slava Pestov,1,SearchAndReplace.java,5,32,3,29,0.09375,0.0,2.0,Mostly Independent
2477,Slava Pestov,2,SearchBar.java,6,390,8,382,0.020513,0.0,1.9462,Mostly Independent
2294,Slava Pestov,2,NameSpace.java,8,11,1,10,0.090909,0.0,2.6364,Mostly Independent
2295,Slava Pestov,1,NameSpace.java,1,15,1,14,0.066667,0.066667,5.0667,Mostly Independent
2296,Slava Pestov,1,NameSpace.java,1,15,1,14,0.066667,0.066667,5.0667,Mostly Independent
2299,Slava Pestov,1,NameSpace.java,1,4,0,4,0.0,0.0,5.0,Mostly Independent
2300,Slava Pestov,1,NameSpace.java,1,5,0,5,0.0,0.0,2.0,Mostly Independent
1501,Slava Pestov,1,BufferIORequest.java,11,133,7,126,0.052632,0.105263,4.1654,Mostly Independent
1505,Slava Pestov,1,BufferIORequest.java,2,17,2,15,0.117647,0.647059,0.8235,Mixed
1604,Slava Pestov,1,BufferIORequest.java,10,54,13,41,0.240741,0.425926,1.9259,Mixed
2425,Slava Pestov,2,JEditTextArea.java,85,211,157,54,0.744076,0.853081,0.2938,Mostly Dependent
2478,Slava Pestov,2,Registers.java,8,34,2,32,0.058824,0.0,2.4118,Mostly Independent
2481,Slava Pestov,1,Buffer.java,40,292,45,247,0.15411,0.424658,1.5616,Mixed
2483,Slava Pestov,1,JEditTextArea.java,55,822,69,753,0.083942,0.153285,2.2567,Mostly Independent
2484,Slava Pestov,1,JEditTextArea.java,63,260,5,255,0.019231,0.0,1.8769,Mostly Independent
2485,Slava Pestov,2,BoyerMooreSearchMatcher.java,5,8,0,8,0.0,0.0,5.0,Mostly Independent
2486,Slava Pestov,1,RESearchMatcher.java,2,3,0,3,0.0,0.0,1.0,Mostly Independent
2487,Slava Pestov,1,JEditTextArea.java,40,47,40,7,0.851064,1.0,0.0,Mostly Dependent
2488,Slava Pestov,4,JEditTextArea.java,164,198,126,72,0.636364,0.919192,0.0808,Mostly Dependent
2489,Slava Pestov,1,JEditTextArea.java,44,380,41,339,0.107895,0.236842,2.7868,Mixed
2494,Slava Pestov,4,JEditTextArea.java,99,3433,276,3157,0.080396,0.141858,5.0594,Mostly Independent
2495,Slava Pestov,3,JEditTextArea.java,99,653,14,639,0.02144,0.039816,2.2511,Mostly Independent
2496,Slava Pestov,1,SearchBar.java,2,7,2,5,0.285714,0.285714,1.4286,Mixed
2498,Slava Pestov,1,JEditTextArea.java,1,5,1,4,0.2,0.2,1.6,Mixed
2499,Slava Pestov,1,JEditTextArea.java,1,5,1,4,0.2,0.2,1.6,Mixed
2500,Slava Pestov,1,JEditTextArea.java,8,17,8,9,0.470588,0.529412,0.9412,Mixed
2501,Slava Pestov,3,JEditTextArea.java,77,140,0,140,0.0,0.0,3.0,Mostly Independent
2503,Slava Pestov,3,JEditTextArea.java,54,32,0,32,0.0,0.0,1.0625,Mostly Independent
2504,Slava Pestov,4,JEditTextArea.java,97,349,120,229,0.34384,0.65043,0.6991,Mixed
2507,Slava Pestov,1,PluginManager.java,2,2,0,2,0.0,1.0,7.0,Mostly Independent
2511,Slava Pestov,1,PluginManager.java,4,16,2,14,0.125,0.125,5.375,Mixed
2514,Slava Pestov,1,PluginManager.java,1,3,0,3,0.0,0.0,5.0,Mostly Independent
2516,Slava Pestov,1,PluginManager.java,1,1,0,1,0.0,0.0,7.0,Mostly Independent
1780,Slava Pestov,1,BshMethod.java,4,810,21,789,0.025926,0.001235,5.0778,Mostly Independent
2454,Slava Pestov,1,REMatch.java,3,46,10,36,0.217391,0.217391,3.1087,Mixed
2455,Slava Pestov,1,REMatch.java,3,46,10,36,0.217391,0.217391,3.1087,Mixed
2518,Slava Pestov,1,SwingInstall.java,2,2,1,1,0.5,1.0,0.0,Mixed
1503,Slava Pestov,1,BufferIORequest.java,12,104,18,86,0.173077,0.423077,1.6154,Mixed
2531,Slava Pestov,1,View.java,2,11,1,10,0.090909,0.181818,0.8182,Mostly Independent
2542,Slava Pestov,1,EditPane.java,1,5,1,4,0.2,0.0,1.8,Mixed
2533,Slava Pestov,3,PluginListHandler.java,4,6,0,6,0.0,0.0,2.6667,Mostly Independent
2534,Slava Pestov,1,PluginListHandler.java,3,8,0,8,0.0,0.0,6.75,Mostly Independent
2535,Slava Pestov,3,PluginListHandler.java,6,46,1,45,0.021739,0.0,2.2391,Mostly Independent
2546,Slava Pestov,2,StatusBar.java,4,738,12,726,0.01626,0.02168,3.229,Mostly Independent
2548,Slava Pestov,1,PluginList.java,4,86,3,83,0.034884,0.05814,0.9419,Mostly Independent
2549,Slava Pestov,1,PluginListHandler.java,1,4,0,4,0.0,0.0,2.0,Mostly Independent
2547,Slava Pestov,3,PluginList.java,12,166,3,163,0.018072,0.03012,0.9819,Mostly Independent
2469,Slava Pestov,1,HelpViewer.java,12,171,12,159,0.070175,0.0,1.7661,Mostly Independent
2473,Slava Pestov,1,HelpViewer.java,8,9,0,9,0.0,0.0,6.0,Mostly Independent
2474,Slava Pestov,1,HelpViewer.java,9,122,0,122,0.0,0.0,6.0,Mostly Independent
2475,Slava Pestov,1,HelpViewer.java,10,13,2,11,0.153846,0.076923,4.0769,Mixed
2510,Slava Pestov,1,HelpViewer.java,7,32,1,31,0.03125,0.0,2.5625,Mostly Independent
2558,Slava Pestov,1,Macros.java,8,14,7,7,0.5,0.571429,0.4286,Mixed
2559,Slava Pestov,1,Macros.java,7,13,7,6,0.538462,0.615385,0.3846,Mostly Dependent
2560,Slava Pestov,1,jEdit.java,10,35,2,33,0.057143,0.0,1.0,Mostly Independent
2561,Slava Pestov,1,jEdit.java,12,3,1,2,0.333333,0.333333,0.6667,Mixed
2537,Slava Pestov,4,PluginList.java,14,1835,14,1821,0.007629,0.008719,3.7798,Mostly Independent
2545,Slava Pestov,4,PluginList.java,10,1586,13,1573,0.008197,0.010088,3.6103,Mostly Independent
2552,Slava Pestov,3,PluginList.java,11,67,0,67,0.0,0.0,2.4179,Mostly Independent
2553,Slava Pestov,1,PluginList.java,1,4,0,4,0.0,0.0,1.75,Mostly Independent
2555,Slava Pestov,3,PluginList.java,14,14,12,2,0.857143,1.0,0.0,Mostly Dependent
2556,Slava Pestov,2,PluginList.java,11,14,12,2,0.857143,1.0,0.0,Mostly Dependent
2562,Slava Pestov,1,PluginListDownloadProgress.java,2,10,0,10,0.0,0.0,1.8,Mostly Independent
2550,Slava Pestov,2,Roster.java,7,29,0,29,0.0,0.0,1.5172,Mostly Independent
2571,Slava Pestov,1,Roster.java,2,20,0,20,0.0,0.0,2.95,Mostly Independent
2566,Slava Pestov,1,PluginManagerProgress.java,2,2,1,1,0.5,1.0,0.0,Mixed
2567,Slava Pestov,2,PluginManagerProgress.java,5,245,8,237,0.032653,0.04898,1.7673,Mostly Independent
2570,Slava Pestov,1,PluginManagerProgress.java,2,7,0,7,0.0,0.0,2.0,Mostly Independent
2580,Slava Pestov,4,InputHandler.java,12,112,22,90,0.196429,0.232143,1.5179,Mixed
2581,Slava Pestov,4,InputHandler.java,12,112,22,90,0.196429,0.232143,1.5179,Mixed
2565,Slava Pestov,1,Roster.java,11,407,3,404,0.007371,0.0,2.199,Mostly Independent
1627,Slava Pestov,1,EditPane.java,6,77,0,77,0.0,0.0,3.4935,Mostly Independent
2583,Slava Pestov,2,JEditTextArea.java,21,24,0,24,0.0,0.0,2.0,Mostly Independent
2345,Slava Pestov,1,HyperSearchRequest.java,2,20,1,19,0.05,0.0,1.15,Mostly Independent
771,Slava Pestov,1,EditServer.java,1,24,0,24,0.0,0.375,0.7917,Mostly Independent
1508,Slava Pestov,1,BufferIORequest.java,6,49,10,39,0.204082,0.44898,1.7959,Mixed
1605,Slava Pestov,1,BrowserIORequest.java,4,47,5,42,0.106383,0.319149,2.2766,Mixed
1606,Slava Pestov,1,BrowserIORequest.java,4,29,7,22,0.241379,0.241379,1.4138,Mixed
2343,Slava Pestov,1,BufferIORequest.java,2,35,1,34,0.028571,0.0,4.5714,Mostly Independent
2585,Slava Pestov,1,BufferIORequest.java,5,5,0,5,0.0,0.0,2.0,Mostly Independent
2422,Slava Pestov,1,BrowserPopupMenu.java,1,3,1,2,0.333333,0.333333,1.3333,Mixed
2423,Slava Pestov,1,BrowserPopupMenu.java,1,3,1,2,0.333333,0.333333,1.3333,Mixed
2588,Slava Pestov,1,BufferHistory.java,1,9,0,9,0.0,0.0,2.1111,Mostly Independent
2589,Slava Pestov,4,BufferHistory.java,12,19,11,8,0.578947,0.789474,0.2105,Mostly Dependent
2590,Slava Pestov,4,BufferHistory.java,14,20,11,9,0.55,0.75,0.25,Mostly Dependent
2453,Slava Pestov,1,REFilterReader.java,1,70,1,69,0.014286,0.0,6.3143,Mostly Independent
2592,Slava Pestov,1,RE.java,1,120,1,119,0.008333,0.008333,5.925,Mostly Independent
2593,Slava Pestov,1,RE.java,1,120,1,119,0.008333,0.008333,5.925,Mostly Independent
2594,Slava Pestov,1,RETokenRepeated.java,1,7,0,7,0.0,0.0,2.7143,Mostly Independent
2595,Slava Pestov,1,RETokenRepeated.java,1,4,0,4,0.0,0.25,1.75,Mostly Independent
2526,Slava Pestov,1,MarkersMenu.java,4,5,0,5,0.0,0.0,1.2,Mostly Independent
2523,Slava Pestov,1,CurrentDirectoryMenu.java,3,42,0,42,0.0,0.0,4.9524,Mostly Independent
2524,Slava Pestov,1,MarkersMenu.java,2,6,2,4,0.333333,0.0,1.6667,Mixed
2525,Slava Pestov,1,MarkersMenu.java,2,19,1,18,0.052632,0.0,1.6842,Mostly Independent
2527,Slava Pestov,1,MarkersMenu.java,3,6,0,6,0.0,0.0,1.0,Mostly Independent
2528,Slava Pestov,1,MarkersMenu.java,2,65,0,65,0.0,0.0,1.5077,Mostly Independent
2598,Slava Pestov,1,BeanShell.java,8,10,2,8,0.2,0.7,0.3,Mixed
1717,Slava Pestov,1,DefaultInputHandler.java,2,16,0,16,0.0,0.0,2.1875,Mostly Independent
1770,Slava Pestov,1,BSHBinaryExpression.java,2,3,1,2,0.333333,0.666667,1.0,Mixed
1771,Slava Pestov,1,BSHBinaryExpression.java,1,3,1,2,0.333333,0.666667,1.0,Mixed
1776,Slava Pestov,1,BSHLHSPrimarySuffix.java,1,398,11,387,0.027638,0.0,5.7387,Mostly Independent
1777,Slava Pestov,1,BSHPrimarySuffix.java,1,398,11,387,0.027638,0.0,5.7387,Mostly Independent
1778,Slava Pestov,1,BSHLHSPrimarySuffix.java,1,8,1,7,0.125,0.0,5.375,Mixed
1779,Slava Pestov,1,BSHPrimarySuffix.java,1,8,1,7,0.125,0.0,5.375,Mixed
1782,Slava Pestov,1,BSHUnaryExpression.java,1,5,1,4,0.2,0.0,2.2,Mixed
1783,Slava Pestov,2,Primitive.java,2,5,1,4,0.2,0.0,2.2,Mixed
1784,Slava Pestov,1,Interpreter.java,3,7,0,7,0.0,0.0,4.1429,Mostly Independent
1786,Slava Pestov,1,Interpreter.java,4,67,13,54,0.19403,0.179104,3.0299,Mixed
1787,Slava Pestov,1,Interpreter.java,4,67,13,54,0.19403,0.179104,3.0299,Mixed
1788,Slava Pestov,1,Interpreter.java,4,67,13,54,0.19403,0.179104,3.0299,Mixed
1789,Slava Pestov,1,Interpreter.java,3,55,11,44,0.2,0.218182,2.9273,Mixed
1832,Slava Pestov,2,Interpreter.java,7,23,13,10,0.565217,0.304348,2.4348,Mostly Dependent
1921,Slava Pestov,2,Interpreter.java,7,23,13,10,0.565217,0.304348,2.4348,Mostly Dependent
2279,Slava Pestov,1,TargetError.java,3,18,1,17,0.055556,0.0,4.1111,Mostly Independent
2285,Slava Pestov,1,LHS.java,2,730,17,713,0.023288,0.008219,5.1836,Mostly Independent
2286,Slava Pestov,1,LHS.java,2,730,17,713,0.023288,0.008219,5.1836,Mostly Independent
2287,Slava Pestov,1,LHS.java,2,730,17,713,0.023288,0.008219,5.1836,Mostly Independent
2288,Slava Pestov,1,LHS.java,2,730,17,713,0.023288,0.008219,5.1836,Mostly Independent
2290,Slava Pestov,1,LHS.java,2,18,1,17,0.055556,0.0,4.1111,Mostly Independent
2291,Slava Pestov,1,Name.java,2,3,0,3,0.0,0.0,6.0,Mostly Independent
2303,Slava Pestov,1,Primitive.java,2,9,5,4,0.555556,0.888889,0.6667,Mostly Dependent
2304,Slava Pestov,1,Primitive.java,3,10,6,4,0.6,0.9,0.6,Mostly Dependent
2306,Slava Pestov,1,Primitive.java,2,9,5,4,0.555556,0.888889,0.6667,Mostly Dependent
2307,Slava Pestov,2,Primitive.java,3,80,3,77,0.0375,0.0375,5.075,Mostly Independent
2308,Slava Pestov,2,Primitive.java,3,80,3,77,0.0375,0.0375,5.075,Mostly Independent
2309,Slava Pestov,2,Primitive.java,3,97,3,94,0.030928,0.030928,4.9691,Mostly Independent
2314,Slava Pestov,1,Reflect.java,4,21,11,10,0.52381,0.190476,1.5238,Mostly Dependent
2315,Slava Pestov,1,Reflect.java,4,21,11,10,0.52381,0.190476,1.5238,Mostly Dependent
2318,Slava Pestov,1,SimpleNode.java,2,29,0,29,0.0,0.0,5.6552,Mostly Independent
2339,Slava Pestov,1,BSHTryStatement.java,1,34,0,34,0.0,0.0,5.7059,Mostly Independent
2603,Slava Pestov,1,BSHLHSPrimarySuffix.java,1,5,1,4,0.2,0.0,3.2,Mixed
2609,Slava Pestov,2,Interpreter.java,5,7,3,4,0.428571,1.0,0.0,Mixed
2610,Slava Pestov,1,Interpreter.java,1,15,2,13,0.133333,0.0,4.1333,Mixed
2611,Slava Pestov,1,Interpreter.java,5,8,5,3,0.625,0.75,0.75,Mostly Dependent
2612,Slava Pestov,2,Interpreter.java,6,8,5,3,0.625,0.75,0.75,Mostly Dependent
2613,Slava Pestov,1,Interpreter.java,1,5,1,4,0.2,0.2,4.0,Mixed
2614,Slava Pestov,1,Interpreter.java,1,5,1,4,0.2,0.2,4.0,Mixed
2615,Slava Pestov,1,Reflect.java,1,2,2,0,1.0,0.0,1.0,Mostly Dependent
2617,Slava Pestov,2,Interpreter.java,7,810,23,787,0.028395,0.0,5.0074,Mostly Independent
2621,Slava Pestov,1,This.java,1,72,4,68,0.055556,0.0,4.75,Mostly Independent
2622,Slava Pestov,3,NameSpace.java,11,812,15,797,0.018473,0.0,4.9286,Mostly Independent
2623,Slava Pestov,1,NameSpace.java,1,10,6,4,0.6,0.0,1.9,Mostly Dependent
2686,Slava Pestov,1,Reflect.java,5,36,12,24,0.333333,0.0,1.8611,Mixed
2687,Slava Pestov,3,NameSpace.java,11,17,6,11,0.352941,0.411765,3.5294,Mixed
2688,Slava Pestov,1,NameSpace.java,4,45,6,39,0.133333,0.155556,4.9111,Mixed
2689,Slava Pestov,1,NameSpace.java,6,45,6,39,0.133333,0.155556,4.9111,Mixed
3211,Slava Pestov,2,Reflect.java,7,704,23,681,0.03267,0.004261,5.0213,Mostly Independent
3216,Slava Pestov,4,InputHandler.java,14,88,22,66,0.25,0.318182,1.3636,Mixed
3217,Slava Pestov,1,TextRenderingManager.java,1,1,0,1,0.0,1.0,0.0,Mostly Independent
3219,Slava Pestov,1,TextRenderingManager.java,1,1,1,0,1.0,1.0,0.0,Mostly Dependent
3225,Slava Pestov,1,HyperSearchResults.java,4,141,2,139,0.014184,0.0,2.4184,Mostly Independent
2606,Slava Pestov,1,Capabilities.java,1,29,0,29,0.0,0.0,6.0,Mostly Independent
2616,Slava Pestov,1,Reflect.java,3,42,1,41,0.02381,0.0,4.7143,Mostly Independent
2690,Slava Pestov,4,NameSpace.java,12,22,9,13,0.409091,0.545455,2.4091,Mixed
2691,Slava Pestov,4,NameSpace.java,8,21,9,12,0.428571,0.571429,2.2857,Mixed
3230,Slava Pestov,1,BSHPrimarySuffix.java,3,12,2,10,0.166667,0.0,3.25,Mixed
3233,Slava Pestov,2,ShortcutsOptionPane.java,6,299,3,296,0.010033,0.0,2.1873,Mostly Independent
3232,Slava Pestov,1,JEditTextArea.java,6,12,0,12,0.0,0.0,4.5,Mostly Independent
3234,Slava Pestov,4,GrabKeyDialog.java,6,1078,3,1075,0.002783,0.0,3.0325,Mostly Independent
3235,Slava Pestov,4,GrabKeyDialog.java,13,185,1,184,0.005405,0.0,3.2,Mostly Independent
3236,Slava Pestov,1,PluginListDownloadProgress.java,1,19,0,19,0.0,0.0,3.0,Mostly Independent
3238,Slava Pestov,1,BeanShellAction.java,1,2,0,2,0.0,0.0,3.0,Mostly Independent
3213,Slava Pestov,1,EditPane.java,6,171,3,168,0.017544,0.005848,1.7193,Mostly Independent
3239,Slava Pestov,1,ConsoleInstall.java,5,5,4,1,0.8,0.0,1.0,Mostly Dependent
1622,Slava Pestov,1,ColorOptionPane.java,2,105,3,102,0.028571,0.0,2.0857,Mostly Independent
2529,Slava Pestov,4,BufferHistory.java,15,62,1,61,0.016129,0.0,1.0,Mostly Independent
2557,Slava Pestov,1,DockableWindowContainer.java,2,2,0,2,0.0,0.0,3.5,Mostly Independent
2582,Slava Pestov,1,GeneralOptionPane.java,2,5,0,5,0.0,0.0,6.0,Mostly Independent
3241,Slava Pestov,1,StatusBar.java,2,16,1,15,0.0625,0.0,5.375,Mostly Independent
3243,Slava Pestov,1,IOProgressMonitor.java,2,197,2,195,0.010152,0.015228,1.5939,Mostly Independent
3244,Slava Pestov,2,IOProgressMonitor.java,2,205,2,203,0.009756,0.014634,1.6098,Mostly Independent
3246,Slava Pestov,1,WorkThreadPool.java,2,200,0,200,0.0,0.01,3.09,Mostly Independent
3247,Slava Pestov,1,BufferHistory.java,5,83,10,73,0.120482,0.0,1.3373,Mixed
846,Slava Pestov,2,SplashScreen.java,2,2,0,2,0.0,0.0,1.0,Mostly Independent
3250,Slava Pestov,2,SplashScreen.java,2,2,0,2,0.0,1.0,0.0,Mostly Independent
3252,Slava Pestov,7,jEdit.java,103,170,11,159,0.064706,0.205882,1.8235,Mostly Independent
3253,Slava Pestov,1,jEdit.java,52,126,4,122,0.031746,0.0,2.6508,Mostly Independent
1478,Shlomy Reinstein,4,DockingOptionPane.java,17,182,11,171,0.06044,0.076923,1.2692,Mostly Independent
1500,Slava Pestov,1,BufferIORequest.java,10,130,7,123,0.053846,0.107692,4.0462,Mostly Independent
2375,Slava Pestov,1,ActionListHandler.java,2,305,0,305,0.0,0.0,1.0787,Mostly Independent
2400,Slava Pestov,1,DockingOptionPane.java,2,3,0,3,0.0,0.0,4.3333,Mostly Independent
2599,Slava Pestov,1,PluginsMenu.java,1,1,0,1,0.0,0.0,6.0,Mostly Independent
3258,Slava Pestov,1,PluginsMenu.java,1,5,0,5,0.0,0.0,1.0,Mostly Independent
3261,Slava Pestov,1,DockableWindowManager.java,1,15,1,14,0.066667,0.0,5.6667,Mostly Independent
3259,Slava Pestov,1,PanelWindowContainer.java,1,1,0,1,0.0,0.0,6.0,Mostly Independent
3262,Slava Pestov,1,PanelWindowContainer.java,7,82,7,75,0.085366,0.097561,1.7561,Mostly Independent
3263,Slava Pestov,1,PanelWindowContainer.java,7,83,6,77,0.072289,0.096386,1.747,Mostly Independent
3264,Slava Pestov,2,PanelWindowContainer.java,29,35,19,16,0.542857,1.0,0.0,Mostly Dependent
3265,Slava Pestov,1,PanelWindowContainer.java,4,17,1,16,0.058824,0.058824,3.5294,Mostly Independent
3266,Slava Pestov,1,PanelWindowContainer.java,28,262,0,262,0.0,0.0,2.0,Mostly Independent
3268,Slava Pestov,2,PanelWindowContainer.java,22,40,14,26,0.35,0.45,1.1,Mixed
3270,Slava Pestov,1,PanelWindowContainer.java,6,6,0,6,0.0,0.0,2.0,Mostly Independent
2538,Slava Pestov,1,PluginListHandler.java,1,84,0,84,0.0,0.0,2.381,Mostly Independent
3271,Slava Pestov,2,DockableWindowManager.java,37,168,5,163,0.029762,0.0,1.0536,Mostly Independent
3272,Slava Pestov,1,DockableWindowManager.java,5,58,7,51,0.12069,0.086207,1.9483,Mixed
1314,Slava Pestov,1,ToolBarOptionPane.java,2,54,1,53,0.018519,0.0,1.3704,Mostly Independent
1473,Slava Pestov,1,DockableWindowManager.java,10,59,0,59,0.0,0.0,2.3729,Mostly Independent
2347,Slava Pestov,1,HyperSearchResults.java,2,20,4,16,0.2,0.1,1.05,Mixed
3273,Slava Pestov,1,DockableWindowManager.java,12,369,8,361,0.02168,0.0,2.2683,Mostly Independent
3274,Slava Pestov,1,DockableWindowManager.java,9,165,7,158,0.042424,0.0,1.5333,Mostly Independent
3275,Slava Pestov,1,DockableWindowManager.java,5,8,0,8,0.0,0.0,6.0,Mostly Independent
3277,Slava Pestov,1,DockableWindowManager.java,12,125,0,125,0.0,0.0,2.208,Mostly Independent
3280,Slava Pestov,1,DockableWindowManager.java,8,65,0,65,0.0,0.0,2.8308,Mostly Independent
3281,Slava Pestov,1,DockableWindowManager.java,12,30,0,30,0.0,0.0,2.0,Mostly Independent
3282,Slava Pestov,2,DockableWindowManager.java,14,1581,13,1568,0.008223,0.0,3.6667,Mostly Independent
3283,Slava Pestov,1,DockableWindowManager.java,8,77,0,77,0.0,0.0,2.1039,Mostly Independent
3285,Slava Pestov,2,ToolBarOptionPane.java,3,8,2,6,0.25,0.0,1.0,Mixed
3287,Slava Pestov,1,TextAreaPainter.java,19,52,2,50,0.038462,0.0,2.0,Mostly Independent
3288,Slava Pestov,1,AddAbbrevDialog.java,1,13,0,13,0.0,0.076923,1.8462,Mostly Independent
3290,Slava Pestov,1,Gutter.java,3,20,7,13,0.35,0.2,0.8,Mixed
3291,Slava Pestov,1,Gutter.java,3,21,7,14,0.333333,0.190476,0.8095,Mixed
3292,Slava Pestov,1,TextAreaPainter.java,3,20,7,13,0.35,0.4,0.6,Mixed
1479,Slava Pestov,3,DockingOptionPane.java,11,10,1,9,0.1,0.0,2.0,Mostly Independent
1480,Slava Pestov,1,DockingOptionPane.java,3,44,0,44,0.0,0.0,1.8182,Mostly Independent
2344,Slava Pestov,3,HyperSearchRequest.java,6,1124,1,1123,0.00089,0.0,3.3612,Mostly Independent
3293,Slava Pestov,5,VFS.java,15,73,0,73,0.0,0.0,2.3562,Mostly Independent
3298,Slava Pestov,1,TokenMarker.java,2,2,0,2,0.0,0.0,6.0,Mostly Independent
3306,Slava Pestov,1,HyperSearchRequest.java,1,6,1,5,0.166667,0.0,1.3333,Mixed
3307,Slava Pestov,1,SearchAndReplace.java,2,9,1,8,0.111111,0.0,1.4444,Mixed
2512,Slava Pestov,1,MiscUtilities.java,3,4,0,4,0.0,0.0,1.0,Mostly Independent
3284,Slava Pestov,2,ContextOptionPane.java,2,8,2,6,0.25,0.0,1.0,Mixed
3296,Slava Pestov,3,TokenMarker.java,18,88,1,87,0.011364,0.0,2.7273,Mostly Independent
3308,Slava Pestov,1,Gutter.java,14,24,1,23,0.041667,0.0,4.6667,Mostly Independent
1629,Slava Pestov,1,EditingOptionPane.java,1,7,1,6,0.142857,0.0,3.7143,Mixed
1631,Slava Pestov,1,ColorOptionPane.java,1,12,2,10,0.166667,0.0,1.8333,Mixed
1632,Slava Pestov,1,ColorOptionPane.java,1,10,1,9,0.1,0.0,2.8,Mostly Independent
1633,Slava Pestov,1,ColorOptionPane.java,1,118,4,114,0.033898,0.0,2.0847,Mostly Independent
1634,Slava Pestov,1,ColorOptionPane.java,1,5,0,5,0.0,0.0,1.0,Mostly Independent
1636,Slava Pestov,1,ColorOptionPane.java,1,10,0,10,0.0,0.0,1.7,Mostly Independent
1637,Slava Pestov,1,ColorOptionPane.java,1,39,1,38,0.025641,0.0,1.7949,Mostly Independent
2346,Slava Pestov,1,HyperSearchResults.java,1,18,3,15,0.166667,0.111111,1.0556,Mixed
3286,Slava Pestov,1,Gutter.java,1,2,0,2,0.0,0.0,1.0,Mostly Independent
3297,Slava Pestov,1,Buffer.java,3,13,4,9,0.307692,0.384615,1.5385,Mixed
3310,Slava Pestov,1,Buffer.java,1,2,0,2,0.0,0.0,3.0,Mostly Independent
885,Slava Pestov,1,BufferUpdate.java,1,706,0,706,0.0,0.0,2.5212,Mostly Independent
3317,Slava Pestov,1,Buffer.java,8,28,4,24,0.142857,0.428571,1.7143,Mixed
3318,Slava Pestov,1,Buffer.java,1,1,0,1,0.0,0.0,5.0,Mostly Independent
3327,Slava Pestov,1,Buffer.java,2,10,0,10,0.0,0.0,5.0,Mostly Independent
3328,Slava Pestov,1,PanelWindowContainer.java,2,10,0,10,0.0,0.1,3.1,Mostly Independent
3329,Slava Pestov,1,PanelWindowContainer.java,2,4,0,4,0.0,0.0,4.0,Mostly Independent
3331,Slava Pestov,1,FoldVisibilityManager.java,2,2,1,1,0.5,1.0,0.0,Mixed
3332,Slava Pestov,1,FoldVisibilityManager.java,2,10,2,8,0.2,0.2,1.6,Mixed
3333,Slava Pestov,1,FoldVisibilityManager.java,2,10,2,8,0.2,0.2,1.6,Mixed
3334,Slava Pestov,1,FoldVisibilityManager.java,1,2,1,1,0.5,1.0,0.0,Mixed
3335,Slava Pestov,1,FoldVisibilityManager.java,2,2,1,1,0.5,1.0,0.0,Mixed
3336,Slava Pestov,1,FoldVisibilityManager.java,2,6,0,6,0.0,0.0,1.6667,Mostly Independent
3337,Slava Pestov,1,FoldVisibilityManager.java,7,7,4,3,0.571429,1.0,0.0,Mostly Dependent
3322,Slava Pestov,1,FoldVisibilityManager.java,9,19,9,10,0.473684,0.578947,0.4211,Mixed
3338,Slava Pestov,1,FoldVisibilityManager.java,11,124,30,94,0.241935,0.314516,2.2661,Mixed
3340,Slava Pestov,1,FoldVisibilityManager.java,12,127,34,93,0.267717,0.299213,2.4173,Mixed
3341,Slava Pestov,1,FoldVisibilityManager.java,12,127,34,93,0.267717,0.299213,2.4173,Mixed
3342,Slava Pestov,1,PanelWindowContainer.java,9,22,0,22,0.0,0.0,2.0,Mostly Independent
3343,Slava Pestov,2,PanelWindowContainer.java,17,34,19,15,0.558824,1.0,0.0,Mostly Dependent
3344,Slava Pestov,1,FoldVisibilityManager.java,7,39,6,33,0.153846,0.179487,0.8205,Mixed
3345,Slava Pestov,1,FoldVisibilityManager.java,6,39,6,33,0.153846,0.179487,0.8205,Mixed
3347,Slava Pestov,1,FoldVisibilityManager.java,11,21,9,12,0.428571,0.52381,0.4762,Mixed
3348,Slava Pestov,1,FoldVisibilityManager.java,9,113,30,83,0.265487,0.309735,2.1947,Mixed
3349,Slava Pestov,1,FoldVisibilityManager.java,6,20,6,14,0.3,0.6,0.4,Mixed
3350,Slava Pestov,1,FoldVisibilityManager.java,12,20,6,14,0.3,0.6,0.4,Mixed
2551,Slava Pestov,1,TokenMarker.java,3,6,0,6,0.0,0.0,2.0,Mostly Independent
3330,Slava Pestov,1,FoldVisibilityManager.java,1,2,1,1,0.5,1.0,0.0,Mixed
3339,Slava Pestov,1,FoldVisibilityManager.java,1,7,3,4,0.428571,0.142857,1.2857,Mixed
3346,Slava Pestov,1,FoldVisibilityManager.java,6,7,4,3,0.571429,1.0,0.0,Mostly Dependent
3351,Slava Pestov,1,FoldVisibilityManager.java,1,7,3,4,0.428571,0.142857,1.2857,Mixed
3353,Slava Pestov,1,Buffer.java,1,6,1,5,0.166667,0.166667,4.1667,Mixed
3354,Slava Pestov,1,Buffer.java,1,6,1,5,0.166667,0.166667,4.1667,Mixed
2497,Slava Pestov,1,SearchBar.java,1,6,1,5,0.166667,0.333333,1.3333,Mixed
3316,Slava Pestov,1,Buffer.java,1,14,1,13,0.071429,0.785714,0.5,Mostly Independent
3359,Slava Pestov,5,ContentManager.java,11,61,4,57,0.065574,0.04918,1.0492,Mostly Independent
3362,Slava Pestov,1,ContentManager.java,3,734,2,732,0.002725,0.004087,2.8106,Mostly Independent
3363,Slava Pestov,1,Buffer.java,49,341,39,302,0.11437,0.457478,1.7155,Mixed
3364,Slava Pestov,1,Buffer.java,1,32,0,32,0.0,0.0,4.75,Mostly Independent
3365,Slava Pestov,1,Buffer.java,2,4,0,4,0.0,0.0,3.0,Mostly Independent
2530,Slava Pestov,1,VFS.java,7,9,6,3,0.666667,0.888889,0.2222,Mostly Dependent
3358,Slava Pestov,4,ContentManager.java,9,65,1,64,0.015385,0.0,3.5846,Mostly Independent
3367,Slava Pestov,1,JEditTextArea.java,46,54,41,13,0.759259,1.0,0.0,Mostly Dependent
3368,Slava Pestov,3,JEditTextArea.java,100,200,72,128,0.36,0.56,0.44,Mixed
3369,Slava Pestov,3,JEditTextArea.java,84,166,72,94,0.433735,0.674699,0.3253,Mixed
2480,Slava Pestov,1,RE.java,2,600,14,586,0.023333,0.016667,6.0883,Mostly Independent
3352,Slava Pestov,1,RE.java,2,101,0,101,0.0,0.0,6.2277,Mostly Independent
2586,Slava Pestov,1,BufferIORequest.java,1,22,0,22,0.0,0.0,2.0909,Mostly Independent
3355,Slava Pestov,1,ContentManager.java,2,681,2,679,0.002937,0.004405,2.6241,Mostly Independent
3372,Slava Pestov,1,Buffer.java,49,32,24,8,0.75,0.9375,0.0625,Mostly Dependent
3374,Slava Pestov,1,FoldVisibilityManager.java,3,7,3,4,0.428571,0.428571,0.5714,Mixed
3375,Slava Pestov,1,FoldVisibilityManager.java,3,7,3,4,0.428571,0.428571,0.5714,Mixed
3376,Slava Pestov,1,FoldVisibilityManager.java,6,72,5,67,0.069444,0.083333,1.8333,Mostly Independent
3377,Slava Pestov,1,FoldVisibilityManager.java,5,65,5,60,0.076923,0.092308,1.8154,Mostly Independent
3378,Slava Pestov,2,ReadWriteLock.java,5,23,5,18,0.217391,0.26087,4.5652,Mixed
3379,Slava Pestov,1,ReadWriteLock.java,4,19,5,14,0.263158,0.315789,4.1579,Mixed
2493,Slava Pestov,1,Selection.java,2,9,0,9,0.0,0.0,1.0,Mostly Independent
3384,Slava Pestov,1,HyperSearchResult.java,1,5,0,5,0.0,0.0,2.0,Mostly Independent
3385,Slava Pestov,4,Selection.java,15,17,11,6,0.647059,1.0,0.0,Mostly Dependent
1785,Slava Pestov,1,Interpreter.java,5,7,3,4,0.428571,1.0,0.0,Mixed
2284,Slava Pestov,1,XThis.java,1,39,0,39,0.0,0.0,5.3846,Mostly Independent
2630,Slava Pestov,1,Parser.java,5,952,29,923,0.030462,0.010504,4.9905,Mostly Independent
2643,Slava Pestov,1,Parser.java,5,182,105,77,0.576923,0.917582,0.3681,Mostly Dependent
2654,Slava Pestov,1,Parser.java,4,164,90,74,0.54878,0.914634,0.3902,Mostly Dependent
2656,Slava Pestov,1,Parser.java,3,17,10,7,0.588235,0.941176,0.3529,Mostly Dependent
2659,Slava Pestov,1,Parser.java,3,76,28,48,0.368421,0.776316,1.2763,Mixed
2666,Slava Pestov,1,Parser.java,4,174,79,95,0.454023,0.91954,0.3678,Mixed
2693,Slava Pestov,1,Parser.java,3,23,8,15,0.347826,0.434783,1.3043,Mixed
2696,Slava Pestov,1,Parser.java,2,18,6,12,0.333333,0.444444,1.2778,Mixed
2698,Slava Pestov,1,Parser.java,2,17,4,13,0.235294,0.352941,2.8824,Mixed
2699,Slava Pestov,1,Parser.java,3,24,11,13,0.458333,0.875,0.6667,Mixed
2701,Slava Pestov,1,Parser.java,3,24,11,13,0.458333,0.875,0.6667,Mixed
2703,Slava Pestov,1,Parser.java,1,4,1,3,0.25,0.25,2.25,Mixed
2704,Slava Pestov,1,Parser.java,2,17,4,13,0.235294,0.352941,2.8824,Mixed
2709,Slava Pestov,1,Parser.java,1,4,1,3,0.25,0.25,2.25,Mixed
2713,Slava Pestov,1,Parser.java,1,8,3,5,0.375,0.75,0.75,Mixed
2717,Slava Pestov,1,Parser.java,1,4,2,2,0.5,0.5,1.5,Mixed
2718,Slava Pestov,1,Parser.java,3,7,4,3,0.571429,0.571429,1.0,Mostly Dependent
2722,Slava Pestov,1,Parser.java,1,8,3,5,0.375,0.75,0.75,Mixed
2724,Slava Pestov,1,Parser.java,1,8,3,5,0.375,0.75,0.75,Mixed
2727,Slava Pestov,1,Parser.java,2,8,2,6,0.25,0.25,2.0,Mixed
2736,Slava Pestov,1,Parser.java,1,8,3,5,0.375,0.75,0.75,Mixed
2737,Slava Pestov,1,Parser.java,5,50,15,35,0.3,0.52,2.54,Mixed
2739,Slava Pestov,1,Parser.java,1,4,2,2,0.5,0.5,1.5,Mixed
2746,Slava Pestov,1,Parser.java,4,147,61,86,0.414966,0.92517,0.3741,Mixed
2747,Slava Pestov,1,Parser.java,3,130,50,80,0.384615,0.915385,0.4231,Mixed
2749,Slava Pestov,1,Parser.java,3,131,50,81,0.381679,0.908397,0.458,Mixed
2779,Slava Pestov,1,Parser.java,5,16,7,9,0.4375,0.625,1.875,Mixed
2780,Slava Pestov,1,Parser.java,4,16,6,10,0.375,0.625,1.875,Mixed
2789,Slava Pestov,1,Parser.java,5,39,21,18,0.538462,0.641026,2.1538,Mostly Dependent
2791,Slava Pestov,1,Parser.java,4,38,18,20,0.473684,0.631579,2.2105,Mixed
2792,Slava Pestov,1,Parser.java,5,39,21,18,0.538462,0.641026,2.1538,Mostly Dependent
2793,Slava Pestov,1,Parser.java,5,39,21,18,0.538462,0.641026,2.1538,Mostly Dependent
2794,Slava Pestov,1,Parser.java,2,4,0,4,0.0,0.0,3.0,Mostly Independent
2795,Slava Pestov,1,Parser.java,3,50,1,49,0.02,0.06,5.4,Mostly Independent
2798,Slava Pestov,1,Parser.java,5,9,7,2,0.777778,1.0,0.0,Mostly Dependent
2810,Slava Pestov,1,Parser.java,4,63,36,27,0.571429,0.888889,0.6667,Mostly Dependent
2820,Slava Pestov,1,Parser.java,3,18,3,15,0.166667,0.444444,2.9444,Mixed
2821,Slava Pestov,1,Parser.java,4,48,0,48,0.0,0.0,5.5208,Mostly Independent
2822,Slava Pestov,1,Parser.java,4,16,0,16,0.0,0.0,5.4375,Mostly Independent
2823,Slava Pestov,1,Parser.java,4,18,0,18,0.0,0.0,5.5556,Mostly Independent
2824,Slava Pestov,1,Parser.java,4,50,12,38,0.24,0.52,2.54,Mixed
2825,Slava Pestov,1,Parser.java,2,122,0,122,0.0,0.0,5.3443,Mostly Independent
2826,Slava Pestov,1,Parser.java,5,11,0,11,0.0,0.0,6.0,Mostly Independent
2845,Slava Pestov,1,Parser.java,4,40,4,36,0.1,0.125,5.175,Mostly Independent
2846,Slava Pestov,1,Parser.java,5,42,4,38,0.095238,0.119048,5.2143,Mostly Independent
2863,Slava Pestov,2,Parser.java,6,104,81,23,0.778846,0.923077,0.4615,Mostly Dependent
2864,Slava Pestov,2,Parser.java,6,104,81,23,0.778846,0.923077,0.4615,Mostly Dependent
2875,Slava Pestov,1,Parser.java,4,190,136,54,0.715789,0.989474,0.0632,Mostly Dependent
2876,Slava Pestov,1,Parser.java,5,27,13,14,0.481481,0.333333,2.1481,Mixed
2877,Slava Pestov,1,Parser.java,3,126,42,84,0.333333,0.388889,3.2143,Mixed
2878,Slava Pestov,1,Parser.java,3,130,42,88,0.323077,0.376923,3.2923,Mixed
2879,Slava Pestov,1,Parser.java,5,196,167,29,0.852041,0.989796,0.0612,Mostly Dependent
2880,Slava Pestov,1,Parser.java,3,130,42,88,0.323077,0.376923,3.2923,Mixed
2881,Slava Pestov,1,Parser.java,2,118,29,89,0.245763,0.398305,3.1695,Mixed
2882,Slava Pestov,1,Parser.java,4,78,0,78,0.0,0.0,5.141,Mostly Independent
2884,Slava Pestov,1,Parser.java,4,60,37,23,0.616667,0.783333,1.1167,Mostly Dependent
2885,Slava Pestov,1,Parser.java,3,130,42,88,0.323077,0.376923,3.2923,Mixed
2886,Slava Pestov,1,Parser.java,3,130,42,88,0.323077,0.376923,3.2923,Mixed
2887,Slava Pestov,1,Parser.java,3,130,42,88,0.323077,0.376923,3.2923,Mixed
2888,Slava Pestov,1,Parser.java,3,71,60,11,0.84507,1.0,0.0,Mostly Dependent
2889,Slava Pestov,1,Parser.java,3,48,29,19,0.604167,0.75,1.2917,Mostly Dependent
2890,Slava Pestov,1,Parser.java,5,150,132,18,0.88,1.0,0.0,Mostly Dependent
2891,Slava Pestov,1,Parser.java,2,18,8,10,0.444444,1.0,0.0,Mixed
2892,Slava Pestov,1,Parser.java,4,190,136,54,0.715789,0.989474,0.0632,Mostly Dependent
2894,Slava Pestov,1,Parser.java,2,118,29,89,0.245763,0.398305,3.1695,Mixed
2895,Slava Pestov,1,Parser.java,3,25,17,8,0.68,0.8,1.0,Mostly Dependent
2896,Slava Pestov,1,Parser.java,3,130,42,88,0.323077,0.376923,3.2923,Mixed
2898,Slava Pestov,1,Parser.java,2,118,29,89,0.245763,0.398305,3.1695,Mixed
2899,Slava Pestov,1,Parser.java,1,28,14,14,0.5,0.642857,1.7857,Mixed
2900,Slava Pestov,1,Parser.java,3,71,60,11,0.84507,1.0,0.0,Mostly Dependent
2901,Slava Pestov,1,Parser.java,1,10,4,6,0.4,0.7,1.5,Mixed
2902,Slava Pestov,1,Parser.java,3,57,28,29,0.491228,0.789474,1.0877,Mixed
2903,Slava Pestov,1,Parser.java,5,150,132,18,0.88,1.0,0.0,Mostly Dependent
2904,Slava Pestov,1,Parser.java,2,70,38,32,0.542857,1.0,0.0,Mostly Dependent
2905,Slava Pestov,1,Parser.java,3,71,60,11,0.84507,1.0,0.0,Mostly Dependent
2907,Slava Pestov,1,Parser.java,3,130,42,88,0.323077,0.376923,3.2923,Mixed
2912,Slava Pestov,1,Parser.java,1,3,2,1,0.666667,0.666667,1.6667,Mostly Dependent
2914,Slava Pestov,1,Parser.java,5,196,167,29,0.852041,0.989796,0.0612,Mostly Dependent
2916,Slava Pestov,1,Parser.java,3,20,9,11,0.45,0.4,1.6,Mixed
2917,Slava Pestov,1,Parser.java,3,71,60,11,0.84507,1.0,0.0,Mostly Dependent
2918,Slava Pestov,1,Parser.java,1,28,14,14,0.5,0.642857,1.7857,Mixed
2919,Slava Pestov,1,Parser.java,4,149,104,45,0.697987,1.0,0.0,Mostly Dependent
2920,Slava Pestov,1,Parser.java,4,59,37,22,0.627119,0.79661,1.0508,Mostly Dependent
2928,Slava Pestov,1,Parser.java,3,25,17,8,0.68,0.8,1.0,Mostly Dependent
2929,Slava Pestov,1,Parser.java,5,19,0,19,0.0,0.0,6.0,Mostly Independent
2930,Slava Pestov,1,Parser.java,5,150,132,18,0.88,1.0,0.0,Mostly Dependent
2931,Slava Pestov,1,Parser.java,5,10,10,0,1.0,1.0,0.0,Mostly Dependent
2932,Slava Pestov,1,Parser.java,4,149,104,45,0.697987,1.0,0.0,Mostly Dependent
2933,Slava Pestov,1,Parser.java,3,25,17,8,0.68,0.8,1.0,Mostly Dependent
2934,Slava Pestov,1,Parser.java,3,57,29,28,0.508772,0.789474,1.0877,Mostly Dependent
2935,Slava Pestov,1,Parser.java,5,22,5,17,0.227273,0.227273,3.9545,Mixed
2936,Slava Pestov,1,Parser.java,3,71,60,11,0.84507,1.0,0.0,Mostly Dependent
2937,Slava Pestov,1,Parser.java,5,196,167,29,0.852041,0.989796,0.0612,Mostly Dependent
2938,Slava Pestov,1,Parser.java,5,196,167,29,0.852041,0.989796,0.0612,Mostly Dependent
2939,Slava Pestov,1,Parser.java,5,150,132,18,0.88,1.0,0.0,Mostly Dependent
2940,Slava Pestov,1,Parser.java,4,193,134,59,0.694301,0.989637,0.0622,Mostly Dependent
2941,Slava Pestov,1,Parser.java,5,196,167,29,0.852041,0.989796,0.0612,Mostly Dependent
2942,Slava Pestov,1,Parser.java,3,300,219,81,0.73,0.986667,0.08,Mostly Dependent
2943,Slava Pestov,1,Parser.java,5,150,132,18,0.88,1.0,0.0,Mostly Dependent
2944,Slava Pestov,1,Parser.java,3,71,60,11,0.84507,1.0,0.0,Mostly Dependent
2945,Slava Pestov,1,Parser.java,5,196,167,29,0.852041,0.989796,0.0612,Mostly Dependent
2946,Slava Pestov,1,Parser.java,3,130,42,88,0.323077,0.376923,3.2923,Mixed
2947,Slava Pestov,1,Parser.java,4,192,132,60,0.6875,0.989583,0.0625,Mostly Dependent
2948,Slava Pestov,1,Parser.java,4,193,134,59,0.694301,0.989637,0.0622,Mostly Dependent
2949,Slava Pestov,1,Parser.java,5,150,132,18,0.88,1.0,0.0,Mostly Dependent
2950,Slava Pestov,1,Parser.java,3,300,219,81,0.73,0.986667,0.08,Mostly Dependent
2951,Slava Pestov,1,Parser.java,5,150,132,18,0.88,1.0,0.0,Mostly Dependent
2952,Slava Pestov,1,Parser.java,5,196,167,29,0.852041,0.989796,0.0612,Mostly Dependent
2953,Slava Pestov,1,Parser.java,5,196,167,29,0.852041,0.989796,0.0612,Mostly Dependent
2954,Slava Pestov,1,Parser.java,3,71,60,11,0.84507,1.0,0.0,Mostly Dependent
2955,Slava Pestov,1,Parser.java,5,150,132,18,0.88,1.0,0.0,Mostly Dependent
2956,Slava Pestov,1,Parser.java,2,70,39,31,0.557143,1.0,0.0,Mostly Dependent
2957,Slava Pestov,1,Parser.java,5,150,132,18,0.88,1.0,0.0,Mostly Dependent
2958,Slava Pestov,1,Parser.java,4,146,107,39,0.732877,1.0,0.0,Mostly Dependent
2960,Slava Pestov,1,Parser.java,3,56,29,27,0.517857,0.785714,1.1071,Mostly Dependent
2962,Slava Pestov,1,Parser.java,5,150,132,18,0.88,1.0,0.0,Mostly Dependent
2963,Slava Pestov,1,Parser.java,5,196,167,29,0.852041,0.989796,0.0612,Mostly Dependent
2964,Slava Pestov,1,Parser.java,4,4,0,4,0.0,0.0,6.0,Mostly Independent
2965,Slava Pestov,1,Parser.java,3,71,60,11,0.84507,1.0,0.0,Mostly Dependent
2967,Slava Pestov,1,Parser.java,5,15,7,8,0.466667,0.466667,3.0,Mixed
2968,Slava Pestov,1,Parser.java,3,71,60,11,0.84507,1.0,0.0,Mostly Dependent
2970,Slava Pestov,1,Parser.java,1,2,0,2,0.0,0.0,1.0,Mostly Independent
2971,Slava Pestov,1,Parser.java,5,196,167,29,0.852041,0.989796,0.0612,Mostly Dependent
2972,Slava Pestov,1,Parser.java,5,196,167,29,0.852041,0.989796,0.0612,Mostly Dependent
2973,Slava Pestov,1,Parser.java,5,196,167,29,0.852041,0.989796,0.0612,Mostly Dependent
2974,Slava Pestov,1,Parser.java,5,196,167,29,0.852041,0.989796,0.0612,Mostly Dependent
2975,Slava Pestov,1,Parser.java,4,114,4,110,0.035088,0.04386,5.1667,Mostly Independent
2976,Slava Pestov,1,Parser.java,4,60,37,23,0.616667,0.783333,1.1167,Mostly Dependent
2977,Slava Pestov,1,Parser.java,5,196,167,29,0.852041,0.989796,0.0612,Mostly Dependent
2978,Slava Pestov,1,Parser.java,4,6,4,2,0.666667,0.833333,1.0,Mostly Dependent
2979,Slava Pestov,1,Parser.java,5,150,132,18,0.88,1.0,0.0,Mostly Dependent
2980,Slava Pestov,1,Parser.java,3,71,60,11,0.84507,1.0,0.0,Mostly Dependent
2981,Slava Pestov,1,Parser.java,5,196,167,29,0.852041,0.989796,0.0612,Mostly Dependent
2984,Slava Pestov,1,Parser.java,5,150,132,18,0.88,1.0,0.0,Mostly Dependent
2985,Slava Pestov,1,Parser.java,5,196,167,29,0.852041,0.989796,0.0612,Mostly Dependent
2986,Slava Pestov,1,Parser.java,3,71,60,11,0.84507,1.0,0.0,Mostly Dependent
2987,Slava Pestov,1,Parser.java,4,59,37,22,0.627119,0.79661,1.0508,Mostly Dependent
2988,Slava Pestov,1,Parser.java,3,71,60,11,0.84507,1.0,0.0,Mostly Dependent
2989,Slava Pestov,1,Parser.java,3,25,17,8,0.68,0.8,1.0,Mostly Dependent
2992,Slava Pestov,1,Parser.java,3,71,60,11,0.84507,1.0,0.0,Mostly Dependent
2993,Slava Pestov,1,Parser.java,5,150,132,18,0.88,1.0,0.0,Mostly Dependent
2994,Slava Pestov,1,Parser.java,3,6,3,3,0.5,1.0,0.0,Mixed
2995,Slava Pestov,1,Parser.java,3,71,60,11,0.84507,1.0,0.0,Mostly Dependent
2996,Slava Pestov,1,Parser.java,5,8,0,8,0.0,0.0,6.0,Mostly Independent
2997,Slava Pestov,1,Parser.java,3,71,60,11,0.84507,1.0,0.0,Mostly Dependent
2998,Slava Pestov,1,Parser.java,2,70,38,32,0.542857,1.0,0.0,Mostly Dependent
2999,Slava Pestov,1,Parser.java,4,146,107,39,0.732877,1.0,0.0,Mostly Dependent
3000,Slava Pestov,2,Parser.java,5,104,66,38,0.634615,0.923077,0.4615,Mostly Dependent
3002,Slava Pestov,1,Parser.java,3,300,219,81,0.73,0.986667,0.08,Mostly Dependent
3003,Slava Pestov,1,Parser.java,1,257,65,192,0.252918,0.992218,0.0467,Mixed
3004,Slava Pestov,1,Parser.java,4,29,10,19,0.344828,0.310345,2.4138,Mixed
3005,Slava Pestov,1,Parser.java,2,273,147,126,0.538462,0.989011,0.0659,Mostly Dependent
3007,Slava Pestov,1,Parser.java,2,284,137,147,0.482394,0.989437,0.0634,Mixed
3008,Slava Pestov,1,Parser.java,4,5,0,5,0.0,0.0,4.2,Mostly Independent
3009,Slava Pestov,1,Parser.java,3,300,219,81,0.73,0.986667,0.08,Mostly Dependent
3010,Slava Pestov,1,Parser.java,3,300,219,81,0.73,0.986667,0.08,Mostly Dependent
3013,Slava Pestov,1,Parser.java,3,300,219,81,0.73,0.986667,0.08,Mostly Dependent
3014,Slava Pestov,1,Parser.java,3,300,219,81,0.73,0.986667,0.08,Mostly Dependent
3016,Slava Pestov,1,Parser.java,3,300,219,81,0.73,0.986667,0.08,Mostly Dependent
3017,Slava Pestov,1,Parser.java,5,15,7,8,0.466667,0.466667,3.0,Mixed
3018,Slava Pestov,1,Parser.java,2,273,147,126,0.538462,0.989011,0.0659,Mostly Dependent
3020,Slava Pestov,1,Parser.java,3,300,219,81,0.73,0.986667,0.08,Mostly Dependent
3024,Slava Pestov,1,Parser.java,3,300,219,81,0.73,0.986667,0.08,Mostly Dependent
3025,Slava Pestov,1,Parser.java,2,273,147,126,0.538462,0.989011,0.0659,Mostly Dependent
3027,Slava Pestov,1,Parser.java,5,196,167,29,0.852041,0.989796,0.0612,Mostly Dependent
3029,Slava Pestov,1,Parser.java,5,6,4,2,0.666667,0.833333,1.0,Mostly Dependent
3033,Slava Pestov,1,Parser.java,4,192,132,60,0.6875,0.989583,0.0625,Mostly Dependent
3034,Slava Pestov,1,Parser.java,2,273,147,126,0.538462,0.989011,0.0659,Mostly Dependent
3035,Slava Pestov,1,Parser.java,3,300,219,81,0.73,0.986667,0.08,Mostly Dependent
3036,Slava Pestov,1,Parser.java,3,300,219,81,0.73,0.986667,0.08,Mostly Dependent
3038,Slava Pestov,1,Parser.java,2,273,147,126,0.538462,0.989011,0.0659,Mostly Dependent
3039,Slava Pestov,1,Parser.java,3,300,219,81,0.73,0.986667,0.08,Mostly Dependent
3044,Slava Pestov,1,Parser.java,2,284,137,147,0.482394,0.989437,0.0634,Mixed
3045,Slava Pestov,1,Parser.java,3,300,219,81,0.73,0.986667,0.08,Mostly Dependent
3047,Slava Pestov,1,Parser.java,2,284,137,147,0.482394,0.989437,0.0634,Mixed
3049,Slava Pestov,1,Parser.java,2,284,137,147,0.482394,0.989437,0.0634,Mixed
3051,Slava Pestov,1,Parser.java,3,300,219,81,0.73,0.986667,0.08,Mostly Dependent
3053,Slava Pestov,1,Parser.java,2,284,137,147,0.482394,0.989437,0.0634,Mixed
3056,Slava Pestov,1,Parser.java,3,300,219,81,0.73,0.986667,0.08,Mostly Dependent
3058,Slava Pestov,1,Parser.java,2,273,147,126,0.538462,0.989011,0.0659,Mostly Dependent
3061,Slava Pestov,1,Parser.java,3,57,29,28,0.508772,0.789474,1.0877,Mostly Dependent
3069,Slava Pestov,1,Parser.java,2,273,147,126,0.538462,0.989011,0.0659,Mostly Dependent
3070,Slava Pestov,1,Parser.java,5,196,167,29,0.852041,0.989796,0.0612,Mostly Dependent
3072,Slava Pestov,1,Parser.java,3,300,219,81,0.73,0.986667,0.08,Mostly Dependent
3073,Slava Pestov,1,Parser.java,3,130,42,88,0.323077,0.376923,3.2923,Mixed
3074,Slava Pestov,1,Parser.java,2,273,147,126,0.538462,0.989011,0.0659,Mostly Dependent
3075,Slava Pestov,1,Parser.java,2,273,147,126,0.538462,0.989011,0.0659,Mostly Dependent
3076,Slava Pestov,1,Parser.java,1,257,65,192,0.252918,0.992218,0.0467,Mixed
3079,Slava Pestov,1,Parser.java,2,284,137,147,0.482394,0.989437,0.0634,Mixed
3080,Slava Pestov,1,Parser.java,3,300,219,81,0.73,0.986667,0.08,Mostly Dependent
3081,Slava Pestov,1,Parser.java,5,150,132,18,0.88,1.0,0.0,Mostly Dependent
3082,Slava Pestov,1,Parser.java,4,6,4,2,0.666667,0.833333,0.1667,Mostly Dependent
3083,Slava Pestov,1,Parser.java,2,273,147,126,0.538462,0.989011,0.0659,Mostly Dependent
3084,Slava Pestov,1,Parser.java,4,2,0,2,0.0,0.0,5.0,Mostly Independent
3085,Slava Pestov,1,Parser.java,1,257,65,192,0.252918,0.992218,0.0467,Mixed
3086,Slava Pestov,1,Parser.java,5,150,132,18,0.88,1.0,0.0,Mostly Dependent
3090,Slava Pestov,1,Parser.java,3,186,101,85,0.543011,0.989247,0.0645,Mostly Dependent
3091,Slava Pestov,1,Parser.java,3,300,219,81,0.73,0.986667,0.08,Mostly Dependent
3092,Slava Pestov,1,Parser.java,5,196,167,29,0.852041,0.989796,0.0612,Mostly Dependent
3093,Slava Pestov,1,Parser.java,3,300,219,81,0.73,0.986667,0.08,Mostly Dependent
3094,Slava Pestov,1,Parser.java,3,187,103,84,0.550802,0.989305,0.0642,Mostly Dependent
3095,Slava Pestov,1,Parser.java,4,20,5,15,0.25,0.25,4.0,Mixed
3096,Slava Pestov,1,Parser.java,2,273,147,126,0.538462,0.989011,0.0659,Mostly Dependent
3097,Slava Pestov,1,Parser.java,3,300,219,81,0.73,0.986667,0.08,Mostly Dependent
3098,Slava Pestov,1,Parser.java,4,147,106,41,0.721088,1.0,0.0,Mostly Dependent
3099,Slava Pestov,1,Parser.java,3,56,29,27,0.517857,0.785714,1.1071,Mostly Dependent
3101,Slava Pestov,1,Parser.java,4,147,106,41,0.721088,1.0,0.0,Mostly Dependent
3102,Slava Pestov,1,Parser.java,3,300,219,81,0.73,0.986667,0.08,Mostly Dependent
3103,Slava Pestov,1,Parser.java,3,300,219,81,0.73,0.986667,0.08,Mostly Dependent
3104,Slava Pestov,1,Parser.java,2,273,147,126,0.538462,0.989011,0.0659,Mostly Dependent
3106,Slava Pestov,1,Parser.java,2,273,147,126,0.538462,0.989011,0.0659,Mostly Dependent
3107,Slava Pestov,1,Parser.java,3,300,219,81,0.73,0.986667,0.08,Mostly Dependent
3108,Slava Pestov,1,Parser.java,2,273,147,126,0.538462,0.989011,0.0659,Mostly Dependent
3109,Slava Pestov,1,Parser.java,2,273,147,126,0.538462,0.989011,0.0659,Mostly Dependent
3110,Slava Pestov,1,Parser.java,3,300,219,81,0.73,0.986667,0.08,Mostly Dependent
3111,Slava Pestov,1,Parser.java,3,57,29,28,0.508772,0.789474,1.0877,Mostly Dependent
3112,Slava Pestov,1,Parser.java,5,114,4,110,0.035088,0.04386,5.1667,Mostly Independent
3114,Slava Pestov,1,Parser.java,3,300,219,81,0.73,0.986667,0.08,Mostly Dependent
3115,Slava Pestov,1,Parser.java,4,32,3,29,0.09375,0.0,4.0,Mostly Independent
3116,Slava Pestov,1,Parser.java,4,146,107,39,0.732877,1.0,0.0,Mostly Dependent
3117,Slava Pestov,1,Parser.java,4,147,106,41,0.721088,1.0,0.0,Mostly Dependent
3119,Slava Pestov,1,Parser.java,3,143,81,62,0.566434,1.0,0.0,Mostly Dependent
3120,Slava Pestov,1,Parser.java,3,300,219,81,0.73,0.986667,0.08,Mostly Dependent
3121,Slava Pestov,1,Parser.java,2,273,147,126,0.538462,0.989011,0.0659,Mostly Dependent
3123,Slava Pestov,1,Parser.java,3,300,219,81,0.73,0.986667,0.08,Mostly Dependent
3125,Slava Pestov,1,Parser.java,1,257,65,192,0.252918,0.992218,0.0467,Mixed
3126,Slava Pestov,1,Parser.java,2,53,20,33,0.377358,0.792453,1.0755,Mixed
3127,Slava Pestov,1,Parser.java,3,300,219,81,0.73,0.986667,0.08,Mostly Dependent
3129,Slava Pestov,1,Parser.java,3,8,3,5,0.375,1.0,0.0,Mixed
3130,Slava Pestov,1,Parser.java,3,300,219,81,0.73,0.986667,0.08,Mostly Dependent
3131,Slava Pestov,1,Parser.java,3,300,219,81,0.73,0.986667,0.08,Mostly Dependent
3132,Slava Pestov,1,Parser.java,3,300,219,81,0.73,0.986667,0.08,Mostly Dependent
3133,Slava Pestov,1,Parser.java,3,300,219,81,0.73,0.986667,0.08,Mostly Dependent
3134,Slava Pestov,1,Parser.java,2,273,147,126,0.538462,0.989011,0.0659,Mostly Dependent
3135,Slava Pestov,1,Parser.java,2,273,147,126,0.538462,0.989011,0.0659,Mostly Dependent
3136,Slava Pestov,1,Parser.java,3,300,219,81,0.73,0.986667,0.08,Mostly Dependent
3138,Slava Pestov,1,Parser.java,4,192,132,60,0.6875,0.989583,0.0625,Mostly Dependent
3140,Slava Pestov,1,Parser.java,3,300,219,81,0.73,0.986667,0.08,Mostly Dependent
3141,Slava Pestov,1,Parser.java,3,300,219,81,0.73,0.986667,0.08,Mostly Dependent
3142,Slava Pestov,1,Parser.java,3,300,219,81,0.73,0.986667,0.08,Mostly Dependent
3143,Slava Pestov,1,Parser.java,3,187,99,88,0.529412,0.989305,0.0642,Mostly Dependent
3144,Slava Pestov,1,Parser.java,3,186,101,85,0.543011,0.989247,0.0645,Mostly Dependent
3145,Slava Pestov,1,Parser.java,2,201,137,64,0.681592,0.985075,0.0896,Mostly Dependent
3146,Slava Pestov,1,Parser.java,5,196,167,29,0.852041,0.989796,0.0612,Mostly Dependent
3153,Slava Pestov,1,Parser.java,1,3,2,1,0.666667,0.666667,1.6667,Mostly Dependent
3164,Slava Pestov,1,Parser.java,3,22,15,7,0.681818,0.681818,1.5909,Mostly Dependent
3165,Slava Pestov,1,Parser.java,3,22,15,7,0.681818,0.681818,1.5909,Mostly Dependent
3166,Slava Pestov,1,Parser.java,3,22,15,7,0.681818,0.681818,1.5909,Mostly Dependent
3167,Slava Pestov,1,Parser.java,3,22,15,7,0.681818,0.681818,1.5909,Mostly Dependent
3168,Slava Pestov,1,Parser.java,3,22,15,7,0.681818,0.681818,1.5909,Mostly Dependent
3169,Slava Pestov,1,Parser.java,3,22,15,7,0.681818,0.681818,1.5909,Mostly Dependent
3170,Slava Pestov,1,Parser.java,3,76,0,76,0.0,0.0,5.6579,Mostly Independent
3180,Slava Pestov,1,ParserTokenManager.java,2,569,9,560,0.015817,0.033392,5.587,Mostly Independent
3208,Slava Pestov,1,ParserTokenManager.java,2,28,3,25,0.107143,0.071429,4.0714,Mixed
3209,Slava Pestov,1,ParserTokenManager.java,1,5,1,4,0.2,0.2,4.8,Mixed
3210,Slava Pestov,1,ParserTokenManager.java,1,5,1,4,0.2,0.2,4.8,Mixed
3229,Slava Pestov,1,BSHLHSPrimarySuffix.java,2,10,2,8,0.2,0.0,3.1,Mixed
3386,Slava Pestov,1,EvalError.java,1,116,0,116,0.0,0.0,5.7414,Mostly Independent
3387,Slava Pestov,1,NameSpace.java,2,4,0,4,0.0,0.0,5.75,Mostly Independent
3389,Slava Pestov,1,ParseException.java,2,2,2,0,1.0,1.0,0.0,Mostly Dependent
3392,Slava Pestov,1,Parser.java,2,10,1,9,0.1,0.2,2.8,Mostly Independent
3393,Slava Pestov,1,Parser.java,5,196,167,29,0.852041,0.989796,0.0612,Mostly Dependent
3394,Slava Pestov,1,Parser.java,1,3,2,1,0.666667,0.666667,1.6667,Mostly Dependent
3395,Slava Pestov,1,XThis.java,1,11,2,9,0.181818,0.0,3.7273,Mixed
3383,Slava Pestov,3,VFSFileChooserDialog.java,5,13,4,9,0.307692,0.461538,3.2308,Mixed
3399,Slava Pestov,1,Buffer.java,15,50,0,50,0.0,0.0,5.0,Mostly Independent
3400,Slava Pestov,2,Buffer.java,22,60,0,60,0.0,0.0,1.0,Mostly Independent
3403,Slava Pestov,1,UndoManager.java,4,14,3,11,0.214286,0.285714,1.4286,Mixed
3404,Slava Pestov,1,UndoManager.java,3,13,3,10,0.230769,0.307692,1.3846,Mixed
3405,Slava Pestov,1,UndoManager.java,5,107,5,102,0.046729,0.065421,1.6262,Mostly Independent
3406,Slava Pestov,1,UndoManager.java,7,115,5,110,0.043478,0.06087,1.7565,Mostly Independent
3407,Slava Pestov,1,UndoManager.java,6,22,6,16,0.272727,0.318182,1.2273,Mixed
3408,Slava Pestov,1,UndoManager.java,6,21,6,15,0.285714,0.333333,1.1429,Mixed
3409,Slava Pestov,1,UndoManager.java,3,6,3,3,0.5,0.666667,0.3333,Mixed
3410,Slava Pestov,1,UndoManager.java,4,6,3,3,0.5,0.666667,0.3333,Mixed
1572,Slava Pestov,1,Install.java,5,745,2,743,0.002685,0.0,5.0161,Mostly Independent
2579,Slava Pestov,1,InputHandler.java,3,6,0,6,0.0,0.0,1.0,Mostly Independent
3413,Slava Pestov,1,SearchDialog.java,6,79,2,77,0.025316,0.0,2.0,Mostly Independent
3415,Matthieu Casanova,3,SearchDialog.java,9,912,1,911,0.001096,0.0,3.4846,Mostly Independent
3381,Slava Pestov,1,OffsetManager.java,2,3,1,2,0.333333,1.0,0.0,Mixed
3215,John Gellene,1,QuickNotepad.java,1,21,0,21,0.0,0.0,6.1429,Mostly Independent
2417,Slava Pestov,1,EditAbbrevDialog.java,3,7,3,4,0.428571,0.0,1.2857,Mixed
1506,Slava Pestov,1,BufferIORequest.java,1,322,0,322,0.0,0.0,6.0,Mostly Independent
1507,Slava Pestov,1,BufferIORequest.java,1,57,1,56,0.017544,0.0,2.2632,Mostly Independent
3417,Slava Pestov,1,VFSFileChooserDialog.java,2,1,0,1,0.0,0.0,1.0,Mostly Independent
3418,Slava Pestov,5,DockableWindowManager.java,41,29,25,4,0.862069,0.931034,0.1379,Mostly Dependent
3420,Slava Pestov,1,RecentFilesMenu.java,3,4,3,1,0.75,0.0,1.0,Mostly Dependent
3421,Slava Pestov,1,MiscUtilities.java,4,15,1,14,0.066667,0.0,1.0,Mostly Independent
3426,Slava Pestov,6,VFSBrowser.java,37,50,28,22,0.56,0.8,0.96,Mostly Dependent
3429,Slava Pestov,1,VFSBrowser.java,1,2,0,2,0.0,0.0,3.5,Mostly Independent
3430,Slava Pestov,5,VFSBrowser.java,25,21,0,21,0.0,0.0,2.1429,Mostly Independent
3294,Slava Pestov,1,BrowserColorsOptionPane.java,2,602,2,600,0.003322,0.0,2.3821,Mostly Independent
3299,Slava Pestov,1,BrowserColorsOptionPane.java,2,23,0,23,0.0,0.0,1.4348,Mostly Independent
3300,Slava Pestov,1,BrowserColorsOptionPane.java,2,89,2,87,0.022472,0.033708,1.4719,Mostly Independent
3302,Slava Pestov,1,BrowserColorsOptionPane.java,2,11,0,11,0.0,0.0,1.6364,Mostly Independent
3397,Slava Pestov,3,UndoManager.java,14,1670,17,1653,0.01018,0.008982,3.7383,Mostly Independent
3398,Slava Pestov,3,UndoManager.java,14,1671,16,1655,0.009575,0.008977,3.7373,Mostly Independent
3411,Slava Pestov,3,UndoManager.java,10,23,1,22,0.043478,0.0,1.7826,Mostly Independent
3412,Slava Pestov,1,UndoManager.java,5,52,0,52,0.0,0.0,2.5385,Mostly Independent
3427,Slava Pestov,4,VFSBrowser.java,44,1902,19,1883,0.009989,0.0,3.6362,Mostly Independent
3431,Slava Pestov,1,VFSBrowser.java,36,218,1,217,0.004587,0.0,2.3991,Mostly Independent
3432,Slava Pestov,5,VFSBrowser.java,41,64,0,64,0.0,0.0,1.9375,Mostly Independent
3433,Slava Pestov,1,CurrentDirectoryMenu.java,3,3,0,3,0.0,0.0,6.0,Mostly Independent
3434,Slava Pestov,1,BufferIORequest.java,2,2,1,1,0.5,1.0,0.0,Mixed
3436,Slava Pestov,2,BrowserView.java,14,19,7,12,0.368421,0.842105,0.1579,Mixed
3382,Slava Pestov,1,OffsetManager.java,1,3,1,2,0.333333,1.0,0.0,Mixed
3437,Slava Pestov,1,FoldVisibilityManager.java,4,35,1,34,0.028571,0.0,1.4571,Mostly Independent
3438,Slava Pestov,1,FoldVisibilityManager.java,8,20,3,17,0.15,0.25,1.5,Mixed
3440,Slava Pestov,1,TextUtilities.java,11,22,10,12,0.454545,0.5,0.5,Mixed
3441,Slava Pestov,1,TextUtilities.java,10,22,10,12,0.454545,0.5,0.5,Mixed
3442,Slava Pestov,1,SwingInstall.java,2,2,1,1,0.5,1.0,0.0,Mixed
2597,Slava Pestov,1,OpenWithEncodingMenu.java,1,81,1,80,0.012346,0.0,2.037,Mostly Independent
3401,Slava Pestov,3,UndoManager.java,12,26,13,13,0.5,0.5,0.5385,Mixed
3402,Slava Pestov,3,UndoManager.java,13,26,13,13,0.5,0.5,0.5385,Mixed
3419,Slava Pestov,1,RecentDirectoriesMenu.java,3,4,3,1,0.75,0.0,1.0,Mostly Dependent
3444,Slava Pestov,1,UndoManager.java,5,29,0,29,0.0,0.0,5.3793,Mostly Independent
3445,Slava Pestov,1,TextUtilities.java,1,3,1,2,0.333333,0.333333,0.6667,Mixed
3446,Slava Pestov,1,TextUtilities.java,1,3,1,2,0.333333,0.333333,0.6667,Mixed
1643,Slava Pestov,1,ModeOptionPane.java,1,11,0,11,0.0,0.0,2.0,Mostly Independent
1644,Slava Pestov,1,WorkThreadPool.java,1,50,0,50,0.0,0.0,2.76,Mostly Independent
3248,Slava Pestov,1,BrowserOptionPane.java,1,2,0,2,0.0,0.0,1.0,Mostly Independent
3435,Slava Pestov,1,BufferIORequest.java,1,2,1,1,0.5,1.0,0.0,Mixed
3449,Slava Pestov,1,PanelWindowContainer.java,2,6,2,4,0.333333,0.333333,4.0,Mixed
3450,Slava Pestov,1,PanelWindowContainer.java,2,6,2,4,0.333333,0.333333,4.0,Mixed
3451,Slava Pestov,2,PanelWindowContainer.java,15,36,14,22,0.388889,0.5,1.0,Mixed
3452,Slava Pestov,1,VFSManager.java,1,1,0,1,0.0,0.0,2.0,Mostly Independent
3453,Slava Pestov,1,JARClassLoader.java,8,164,3,161,0.018293,0.0,1.3171,Mostly Independent
3454,Slava Pestov,1,CurrentDirectoryMenu.java,1,4,0,4,0.0,0.0,2.75,Mostly Independent
3295,Slava Pestov,1,TokenMarker.java,12,233,4,229,0.017167,0.0,2.9227,Mostly Independent
3388,Slava Pestov,1,DefaultInputHandler.java,1,3,0,3,0.0,0.0,6.0,Mostly Independent
3396,Slava Pestov,4,TokenMarker.java,27,19,0,19,0.0,0.0,1.5789,Mostly Independent
3456,Slava Pestov,1,Token.java,1,591,1,590,0.001692,0.0,2.3536,Mostly Independent
3457,Slava Pestov,1,ParserRuleSet.java,1,36,1,35,0.027778,0.0,2.7778,Mostly Independent
3458,Slava Pestov,1,OffsetManager.java,22,109,20,89,0.183486,0.238532,2.4037,Mixed
3459,Slava Pestov,1,OffsetManager.java,24,118,20,98,0.169492,0.220339,2.4407,Mixed
3460,Slava Pestov,1,OffsetManager.java,13,131,17,114,0.129771,0.129771,2.0611,Mixed
3461,Slava Pestov,1,OffsetManager.java,16,146,17,129,0.116438,0.116438,2.1575,Mixed
3462,Slava Pestov,1,Macros.java,1,3,1,2,0.333333,0.333333,0.6667,Mixed
3463,Slava Pestov,1,Macros.java,1,3,1,2,0.333333,0.333333,0.6667,Mixed
3414,Slava Pestov,3,SearchBar.java,3,2,0,2,0.0,0.0,3.5,Mostly Independent
3465,Slava Pestov,1,SearchBar.java,3,31,2,29,0.064516,0.0,3.1613,Mostly Independent
3466,Slava Pestov,1,DirectoryListSet.java,1,213,1,212,0.004695,0.0,2.0141,Mostly Independent
3473,Slava Pestov,1,KeywordMap.java,2,56,0,56,0.0,0.0,2.0,Mostly Independent
3474,Slava Pestov,1,BufferListSet.java,2,3,2,1,0.666667,1.0,0.0,Mostly Dependent
3475,Slava Pestov,1,BufferListSet.java,3,3,2,1,0.666667,1.0,0.0,Mostly Dependent
3477,Slava Pestov,1,JEditTextArea.java,6,6,0,6,0.0,0.0,1.0,Mostly Independent
3478,Slava Pestov,2,JEditTextArea.java,41,76,64,12,0.842105,1.0,0.0,Mostly Dependent
3479,Slava Pestov,1,CharIndexedSegment.java,2,573,0,573,0.0,0.0,2.6736,Mostly Independent
3464,Slava Pestov,1,BrowserView.java,10,216,2,214,0.009259,0.0,2.713,Mostly Independent
3481,Slava Pestov,5,MiscUtilities.java,43,138,40,98,0.289855,0.376812,0.6232,Mixed
2575,Slava Pestov,1,PluginManagerProgress.java,1,158,3,155,0.018987,0.050633,1.4747,Mostly Independent
2576,Slava Pestov,2,PluginManagerProgress.java,3,222,7,215,0.031532,0.045045,1.6396,Mostly Independent
2577,Slava Pestov,1,PluginManagerProgress.java,1,2,1,1,0.5,1.0,0.0,Mixed
3482,Slava Pestov,2,HistoryTextField.java,4,227,3,224,0.013216,0.0,1.7665,Mostly Independent
3486,Slava Pestov,1,TextAreaPainter.java,7,166,7,159,0.042169,0.144578,2.1024,Mostly Independent
3476,Slava Pestov,1,BufferOptions.java,3,7,3,4,0.428571,0.142857,1.1429,Mixed
3487,Slava Pestov,2,CompleteWord.java,6,10,3,7,0.3,0.5,0.5,Mixed
3480,Slava Pestov,5,MiscUtilities.java,45,140,40,100,0.285714,0.371429,0.6286,Mixed
3491,Slava Pestov,2,CompleteWord.java,4,10,3,7,0.3,0.5,0.5,Mixed
3496,Slava Pestov,1,PrintOptionPane.java,3,6,0,6,0.0,0.0,1.3333,Mostly Independent
3500,Slava Pestov,1,TextUtilities.java,1,6,2,4,0.333333,0.166667,0.8333,Mixed
3501,Slava Pestov,1,TextUtilities.java,1,6,2,4,0.333333,0.166667,0.8333,Mixed
3497,Slava Pestov,1,BufferPrintable.java,9,84,6,78,0.071429,0.107143,1.7857,Mostly Independent
3504,Slava Pestov,1,TextUtilities.java,1,3,0,3,0.0,0.333333,0.6667,Mostly Independent
2482,Slava Pestov,1,jEdit.java,3,4,0,4,0.0,0.0,1.0,Mostly Independent
3507,Slava Pestov,3,jEdit.java,5,34,4,30,0.117647,0.235294,2.5,Mixed
3448,Slava Pestov,4,GrabKeyDialog.java,6,19,0,19,0.0,0.0,1.0,Mostly Independent
3508,Slava Pestov,1,ChunkCache.java,2,5,0,5,0.0,0.6,0.8,Mostly Independent
1021,Slava Pestov,1,OptionsDialog.java,1,56,5,51,0.089286,0.142857,1.0179,Mostly Independent
1022,Slava Pestov,1,OptionsDialog.java,1,56,5,51,0.089286,0.142857,1.0179,Mostly Independent
1023,Slava Pestov,1,OptionsDialog.java,2,57,7,50,0.122807,0.157895,1.0,Mixed
3510,Slava Pestov,1,GrabKeyDialog.java,3,11,0,11,0.0,0.0,1.0909,Mostly Independent
3512,Slava Pestov,1,ChunkCache.java,1,2,0,2,0.0,0.0,2.0,Mostly Independent
3313,Slava Pestov,1,FoldVisibilityManager.java,2,86,1,85,0.011628,0.0,1.4186,Mostly Independent
3514,Slava Pestov,1,FoldVisibilityManager.java,5,17,3,14,0.176471,0.294118,1.4118,Mixed
3511,Slava Pestov,1,JEditTextArea.java,3,8,0,8,0.0,0.0,1.0,Mostly Independent
3515,Slava Pestov,1,ChunkCache.java,1,2,0,2,0.0,0.0,2.0,Mostly Independent
3516,Slava Pestov,1,Gutter.java,1,1,1,0,1.0,0.0,1.0,Mostly Dependent
3517,Slava Pestov,1,TextAreaPainter.java,1,1,1,0,1.0,0.0,1.0,Mostly Dependent
3519,Slava Pestov,2,ChunkCache.java,6,227,0,227,0.0,0.044053,1.8546,Mostly Independent
3522,Slava Pestov,1,JEditTextArea.java,1,1,0,1,0.0,0.0,2.0,Mostly Independent
3523,Slava Pestov,1,JEditTextArea.java,4,34,4,30,0.117647,0.764706,0.2353,Mixed
3518,Slava Pestov,3,ChunkCache.java,30,34,13,21,0.382353,1.0,0.0,Mixed
3528,Slava Pestov,1,ChunkCache.java,4,1,1,0,1.0,1.0,0.0,Mostly Dependent
1228,Slava Pestov,1,AbstractOptionPane.java,2,85,1,84,0.011765,0.0,1.6,Mostly Independent
3534,Slava Pestov,1,ChunkCache.java,22,113,1,112,0.00885,0.0,2.1504,Mostly Independent
3536,Slava Pestov,1,HelpViewer.java,1,4,1,3,0.25,0.25,3.25,Mixed
3520,Slava Pestov,2,ChunkCache.java,17,34,13,21,0.382353,1.0,0.0,Mixed
3539,Slava Pestov,1,ChunkCache.java,34,249,3,246,0.012048,0.0,2.4056,Mostly Independent
3537,Slava Pestov,3,ChunkCache.java,14,839,15,824,0.017878,0.0,3.621,Mostly Independent
3545,Slava Pestov,1,Install.java,4,30,2,28,0.066667,0.0,5.0,Mostly Independent
3309,Slava Pestov,1,IndentFoldHandler.java,2,8,0,8,0.0,0.0,2.75,Mostly Independent
3546,Slava Pestov,1,JEditTextArea.java,28,417,8,409,0.019185,0.0,3.1319,Mostly Independent
3547,Slava Pestov,1,OffsetManager.java,17,68,13,55,0.191176,0.191176,2.7353,Mixed
3544,Slava Pestov,1,ChunkCache.java,3,54,2,52,0.037037,0.0,3.8148,Mostly Independent
3548,Slava Pestov,1,ChunkCache.java,3,5,1,4,0.2,1.0,0.0,Mixed
3549,Slava Pestov,1,ChunkCache.java,3,5,1,4,0.2,1.0,0.0,Mixed
3542,Matthieu Casanova,6,jEdit.java,41,39,35,4,0.897436,1.0,0.0,Mostly Dependent
3505,Slava Pestov,2,CompleteWord.java,9,304,0,304,0.0,0.0,2.2237,Mostly Independent
3551,Slava Pestov,1,SearchDialog.java,1,8,0,8,0.0,0.0,5.375,Mostly Independent
3552,Slava Pestov,3,JEditTextArea.java,78,355,0,355,0.0,0.0,6.6423,Mostly Independent
3555,Slava Pestov,1,JEditTextArea.java,2,30,3,27,0.1,0.866667,0.1333,Mostly Independent
3556,Slava Pestov,2,JEditTextArea.java,35,73,66,7,0.90411,1.0,0.0,Mostly Dependent
1652,Slava Pestov,2,ActionListHandler.java,3,13,1,12,0.076923,0.0,3.1538,Mostly Independent
2376,Slava Pestov,1,ModeCatalogHandler.java,1,66,2,64,0.030303,0.0,1.2424,Mostly Independent
2539,Slava Pestov,1,PluginListHandler.java,1,66,2,64,0.030303,0.0,2.1515,Mostly Independent
2587,Slava Pestov,2,BufferHistory.java,7,56,2,54,0.035714,0.142857,0.8571,Mostly Independent
3559,Slava Pestov,1,GUIUtilities.java,15,1193,9,1184,0.007544,0.0,3.6228,Mostly Independent
3562,Slava Pestov,7,GUIUtilities.java,23,540,1,539,0.001852,0.0,1.6315,Mostly Independent
3565,Slava Pestov,1,ChunkCache.java,10,20,0,20,0.0,0.0,2.0,Mostly Independent
3422,Slava Pestov,1,BrowserCommandsMenu.java,1,1,0,1,0.0,1.0,0.0,Mostly Independent
3566,Slava Pestov,1,Marker.java,1,582,0,582,0.0,0.003436,1.5842,Mostly Independent
1654,Slava Pestov,2,ActionListHandler.java,2,20,1,19,0.05,0.0,5.1,Mostly Independent
3276,Slava Pestov,1,ActionListHandler.java,1,20,0,20,0.0,0.0,1.8,Mostly Independent
3278,Slava Pestov,1,ActionListHandler.java,1,31,0,31,0.0,0.0,1.7742,Mostly Independent
3279,Slava Pestov,1,ActionListHandler.java,2,16,0,16,0.0,0.0,2.5,Mostly Independent
3557,Slava Pestov,2,JEditTextArea.java,33,73,64,9,0.876712,1.0,0.0,Mostly Dependent
3567,Slava Pestov,4,JEditTextArea.java,65,75,33,42,0.44,0.493333,0.5067,Mixed
3301,Slava Pestov,1,AbbrevsOptionPane.java,3,34,0,34,0.0,0.0,1.0,Mostly Independent
3570,Slava Pestov,4,JEditTextArea.java,59,2358,105,2253,0.044529,0.134012,4.8545,Mostly Independent
3572,Slava Pestov,1,JEditTextArea.java,4,8,0,8,0.0,0.0,2.0,Mostly Independent
3573,Slava Pestov,2,Gutter.java,10,734,23,711,0.031335,0.014986,3.3229,Mostly Independent
3574,Slava Pestov,1,JEditTextArea.java,26,98,3,95,0.030612,0.469388,0.5306,Mostly Independent
3575,Slava Pestov,1,JEditTextArea.java,4,16,2,14,0.125,1.0,0.0,Mixed
3558,Slava Pestov,3,SearchDialog.java,16,2199,7,2192,0.003183,0.003183,3.714,Mostly Independent
3577,Slava Pestov,1,TextUtilities.java,1,1,1,0,1.0,1.0,0.0,Mostly Dependent
3578,Slava Pestov,1,TextUtilities.java,1,1,1,0,1.0,1.0,0.0,Mostly Dependent
3576,Slava Pestov,2,StatusBar.java,19,2107,17,2090,0.008068,0.016137,3.7565,Mostly Independent
3579,Slava Pestov,1,StatusBar.java,1,4,0,4,0.0,0.0,4.75,Mostly Independent
1566,Slava Pestov,1,KeyEventWorkaround.java,1,19,0,19,0.0,0.0,3.0,Mostly Independent
3581,Slava Pestov,1,ChunkCache.java,3,6,0,6,0.0,0.5,1.0,Mostly Independent
3582,Slava Pestov,1,ChunkCache.java,1,1,1,0,1.0,1.0,0.0,Mostly Dependent
3472,Slava Pestov,1,Roster.java,4,58,0,58,0.0,0.0,2.0,Mostly Independent
3584,Slava Pestov,1,BeanShell.java,13,15,12,3,0.8,1.0,0.0,Mostly Dependent
3585,Slava Pestov,1,BeanShell.java,13,15,12,3,0.8,1.0,0.0,Mostly Dependent
3586,Slava Pestov,1,OffsetManager.java,8,144,0,144,0.0,0.0,5.9722,Mostly Independent
3587,Slava Pestov,1,UndoManager.java,1,2,0,2,0.0,0.0,6.0,Mostly Independent
2456,Slava Pestov,1,RESyntax.java,1,569,13,556,0.022847,0.003515,6.1265,Mostly Independent
2457,Slava Pestov,1,RESyntax.java,1,569,13,556,0.022847,0.003515,6.1265,Mostly Independent
2458,Slava Pestov,1,RESyntax.java,1,569,13,556,0.022847,0.003515,6.1265,Mostly Independent
3588,Slava Pestov,1,RE.java,1,482,7,475,0.014523,0.008299,6.2905,Mostly Independent
3589,Slava Pestov,1,KeyEventWorkaround.java,1,4,0,4,0.0,0.0,1.5,Mostly Independent
3592,Slava Pestov,1,RESearchMatcher.java,1,34,0,34,0.0,0.0,1.9412,Mostly Independent
1299,Slava Pestov,1,WorkThread.java,2,7,0,7,0.0,0.0,3.4286,Mostly Independent
3593,Slava Pestov,1,FirewallOptionPane.java,1,5,0,5,0.0,0.0,1.2,Mostly Independent
3603,Slava Pestov,4,TextAreaPainter.java,21,28,18,10,0.642857,1.0,0.0,Mostly Dependent
3604,Slava Pestov,4,TextAreaPainter.java,24,28,18,10,0.642857,1.0,0.0,Mostly Dependent
3498,Slava Pestov,1,BufferPrintable.java,4,74,6,68,0.081081,0.121622,1.7568,Mostly Independent
3597,Slava Pestov,1,BufferPrinter1_3.java,1,5,0,5,0.0,0.0,2.0,Mostly Independent
3598,Slava Pestov,1,BufferPrinter1_4.java,1,3,0,3,0.0,0.0,1.6667,Mostly Independent
3599,Slava Pestov,1,BufferPrinter1_3.java,3,9,3,6,0.333333,0.0,1.6667,Mixed
3600,Slava Pestov,1,BufferPrinter1_4.java,3,9,3,6,0.333333,0.0,1.6667,Mixed
3602,Slava Pestov,1,BufferPrinter1_4.java,1,4,2,2,0.5,0.0,1.0,Mixed
3606,Slava Pestov,1,Java14.java,2,4,0,4,0.0,0.5,0.5,Mostly Independent
3607,Slava Pestov,1,Buffer.java,10,185,2,183,0.010811,0.0,2.3514,Mostly Independent
3601,Slava Pestov,1,BufferPrinter1_3.java,1,4,2,2,0.5,0.0,1.0,Mixed
3564,Slava Pestov,1,FoldHandler.java,1,6,0,6,0.0,0.0,2.0,Mostly Independent
3610,Slava Pestov,1,AboutDialog.java,1,5,0,5,0.0,0.0,2.4,Mostly Independent
3613,Slava Pestov,4,TextUtilities.java,8,294,29,265,0.098639,0.081633,1.7619,Mostly Independent
3614,Slava Pestov,1,DefaultTokenHandler.java,1,20,2,18,0.1,0.05,3.45,Mostly Independent
3615,Slava Pestov,1,DefaultTokenHandler.java,1,20,3,17,0.15,0.05,3.45,Mixed
3617,Slava Pestov,2,ChunkCache.java,4,14,0,14,0.0,0.0,1.7143,Mostly Independent
3618,Slava Pestov,1,TokenMarker.java,1,2,1,1,0.5,0.5,0.5,Mixed
3619,Slava Pestov,1,TokenMarker.java,1,2,1,1,0.5,0.5,0.5,Mixed
3620,Slava Pestov,1,TokenMarker.java,3,5,0,5,0.0,0.0,1.0,Mostly Independent
3621,Slava Pestov,3,TokenMarker.java,18,60,14,46,0.233333,0.283333,4.5,Mixed
3622,Slava Pestov,1,ParserRule.java,3,79,2,77,0.025316,0.0,2.4051,Mostly Independent
3623,Slava Pestov,3,TokenMarker.java,20,66,14,52,0.212121,0.257576,4.6667,Mixed
3467,Slava Pestov,1,KeywordMap.java,1,10,0,10,0.0,0.0,1.7,Mostly Independent
3625,Slava Pestov,1,AboutDialog.java,2,518,1,517,0.001931,0.0,2.6062,Mostly Independent
3609,Slava Pestov,2,StatusBar.java,14,21,1,20,0.047619,0.0,1.9524,Mostly Independent
3626,Slava Pestov,1,Chunk.java,1,16,1,15,0.0625,0.0625,3.9375,Mostly Independent
3632,Slava Pestov,2,ChunkCache.java,9,211,0,211,0.0,0.047393,2.0142,Mostly Independent
3637,Slava Pestov,4,VFSFileChooserDialog.java,7,29,3,26,0.103448,0.206897,1.5862,Mixed
3638,Slava Pestov,1,VFSBrowser.java,4,17,4,13,0.235294,0.294118,1.1765,Mixed
3639,Slava Pestov,1,VFSFileChooserDialog.java,2,3,0,3,0.0,0.0,2.0,Mostly Independent
2602,Slava Pestov,1,CallStack.java,2,612,8,604,0.013072,0.001634,5.0637,Mostly Independent
2624,Slava Pestov,1,Parser.java,2,125,62,63,0.496,0.904,0.464,Mixed
2625,Slava Pestov,1,Parser.java,4,897,29,868,0.03233,0.010033,5.0524,Mostly Independent
2626,Slava Pestov,1,Parser.java,1,20,1,19,0.05,0.05,5.35,Mostly Independent
2627,Slava Pestov,1,Parser.java,3,808,25,783,0.030941,0.011139,5.13,Mostly Independent
2628,Slava Pestov,1,Parser.java,2,34,2,32,0.058824,0.117647,4.7059,Mostly Independent
2629,Slava Pestov,1,Parser.java,1,20,1,19,0.05,0.05,5.35,Mostly Independent
2631,Slava Pestov,1,Parser.java,4,151,103,48,0.682119,0.907285,0.4238,Mostly Dependent
2633,Slava Pestov,1,Parser.java,3,61,41,20,0.672131,0.754098,1.4098,Mostly Dependent
2635,Slava Pestov,1,Parser.java,3,61,41,20,0.672131,0.754098,1.4098,Mostly Dependent
2636,Slava Pestov,1,Parser.java,3,133,88,45,0.661654,0.902256,0.4586,Mostly Dependent
2638,Slava Pestov,1,Parser.java,2,125,62,63,0.496,0.904,0.464,Mixed
2639,Slava Pestov,1,Parser.java,4,151,103,48,0.682119,0.907285,0.4238,Mostly Dependent
2640,Slava Pestov,1,Parser.java,3,61,41,20,0.672131,0.754098,1.4098,Mostly Dependent
2642,Slava Pestov,1,Parser.java,3,133,88,45,0.661654,0.902256,0.4586,Mostly Dependent
2644,Slava Pestov,1,Parser.java,4,151,103,48,0.682119,0.907285,0.4238,Mostly Dependent
2645,Slava Pestov,1,Parser.java,3,133,88,45,0.661654,0.902256,0.4586,Mostly Dependent
2646,Slava Pestov,1,Parser.java,3,133,88,45,0.661654,0.902256,0.4586,Mostly Dependent
2647,Slava Pestov,1,Parser.java,2,60,28,32,0.466667,0.75,1.4333,Mixed
2648,Slava Pestov,1,Parser.java,4,151,103,48,0.682119,0.907285,0.4238,Mostly Dependent
2649,Slava Pestov,1,Parser.java,2,125,62,63,0.496,0.904,0.464,Mixed
2650,Slava Pestov,1,Parser.java,4,151,103,48,0.682119,0.907285,0.4238,Mostly Dependent
2651,Slava Pestov,1,Parser.java,4,6,6,0,1.0,1.0,0.0,Mostly Dependent
2653,Slava Pestov,1,Parser.java,3,61,41,20,0.672131,0.754098,1.4098,Mostly Dependent
2655,Slava Pestov,1,Parser.java,3,133,88,45,0.661654,0.902256,0.4586,Mostly Dependent
2657,Slava Pestov,1,Parser.java,3,61,41,20,0.672131,0.754098,1.4098,Mostly Dependent
2658,Slava Pestov,1,Parser.java,3,61,41,20,0.672131,0.754098,1.4098,Mostly Dependent
2660,Slava Pestov,1,Parser.java,4,151,103,48,0.682119,0.907285,0.4238,Mostly Dependent
2661,Slava Pestov,1,Parser.java,3,61,41,20,0.672131,0.754098,1.4098,Mostly Dependent
2662,Slava Pestov,1,Parser.java,3,61,41,20,0.672131,0.754098,1.4098,Mostly Dependent
2663,Slava Pestov,1,Parser.java,3,61,41,20,0.672131,0.754098,1.4098,Mostly Dependent
2664,Slava Pestov,1,Parser.java,3,61,41,20,0.672131,0.754098,1.4098,Mostly Dependent
2665,Slava Pestov,1,Parser.java,3,143,77,66,0.538462,0.909091,0.4266,Mostly Dependent
2667,Slava Pestov,1,Parser.java,2,125,62,63,0.496,0.904,0.464,Mixed
2668,Slava Pestov,1,Parser.java,3,133,88,45,0.661654,0.902256,0.4586,Mostly Dependent
2669,Slava Pestov,1,Parser.java,3,143,77,66,0.538462,0.909091,0.4266,Mostly Dependent
2670,Slava Pestov,1,Parser.java,3,133,88,45,0.661654,0.902256,0.4586,Mostly Dependent
2671,Slava Pestov,1,Parser.java,3,61,41,20,0.672131,0.754098,1.4098,Mostly Dependent
2672,Slava Pestov,1,Parser.java,4,151,103,48,0.682119,0.907285,0.4238,Mostly Dependent
2673,Slava Pestov,1,Parser.java,3,133,88,45,0.661654,0.902256,0.4586,Mostly Dependent
2674,Slava Pestov,1,Parser.java,4,151,103,48,0.682119,0.907285,0.4238,Mostly Dependent
2675,Slava Pestov,1,Parser.java,3,133,88,45,0.661654,0.902256,0.4586,Mostly Dependent
2677,Slava Pestov,1,Parser.java,4,151,103,48,0.682119,0.907285,0.4238,Mostly Dependent
2678,Slava Pestov,1,Parser.java,2,61,27,34,0.442623,0.754098,1.4098,Mixed
2680,Slava Pestov,1,Parser.java,3,133,88,45,0.661654,0.902256,0.4586,Mostly Dependent
2681,Slava Pestov,1,Parser.java,4,151,103,48,0.682119,0.907285,0.4238,Mostly Dependent
2682,Slava Pestov,1,Parser.java,4,8,4,4,0.5,1.0,0.0,Mixed
2683,Slava Pestov,1,Parser.java,3,61,41,20,0.672131,0.754098,1.4098,Mostly Dependent
2694,Slava Pestov,1,Parser.java,1,11,3,8,0.272727,0.454545,2.4545,Mixed
2695,Slava Pestov,1,Parser.java,3,22,12,10,0.545455,0.909091,0.5,Mostly Dependent
2697,Slava Pestov,1,Parser.java,3,26,8,18,0.307692,0.923077,0.4231,Mixed
2706,Slava Pestov,1,Parser.java,2,20,10,10,0.5,0.9,0.55,Mixed
2708,Slava Pestov,1,Parser.java,3,22,12,10,0.545455,0.909091,0.5,Mostly Dependent
2711,Slava Pestov,1,Parser.java,3,44,12,32,0.272727,0.5,2.6591,Mixed
2719,Slava Pestov,1,Parser.java,2,41,9,32,0.219512,0.463415,2.8537,Mixed
2725,Slava Pestov,1,Parser.java,1,11,3,8,0.272727,0.454545,2.4545,Mixed
2728,Slava Pestov,1,Parser.java,2,41,9,32,0.219512,0.463415,2.8537,Mixed
2738,Slava Pestov,1,Parser.java,1,12,5,7,0.416667,0.5,0.8333,Mixed
2740,Slava Pestov,1,Parser.java,1,3,0,3,0.0,0.0,3.0,Mostly Independent
2741,Slava Pestov,1,Parser.java,4,44,2,42,0.045455,0.090909,4.8182,Mostly Independent
2742,Slava Pestov,1,Parser.java,3,113,67,46,0.59292,0.902655,0.4867,Mostly Dependent
2743,Slava Pestov,1,Parser.java,4,130,78,52,0.6,0.915385,0.4231,Mostly Dependent
2744,Slava Pestov,1,Parser.java,3,121,59,62,0.487603,0.909091,0.4545,Mixed
2748,Slava Pestov,1,Parser.java,2,104,48,56,0.461538,0.894231,0.5288,Mixed
2751,Slava Pestov,1,Parser.java,2,104,48,56,0.461538,0.894231,0.5288,Mixed
2752,Slava Pestov,1,Parser.java,3,121,59,62,0.487603,0.909091,0.4545,Mixed
2753,Slava Pestov,1,Parser.java,2,104,48,56,0.461538,0.894231,0.5288,Mixed
2754,Slava Pestov,1,Parser.java,4,130,78,52,0.6,0.915385,0.4231,Mostly Dependent
2756,Slava Pestov,1,Parser.java,3,113,67,46,0.59292,0.902655,0.4867,Mostly Dependent
2757,Slava Pestov,1,Parser.java,3,113,67,46,0.59292,0.902655,0.4867,Mostly Dependent
2758,Slava Pestov,1,Parser.java,2,104,48,56,0.461538,0.894231,0.5288,Mixed
2760,Slava Pestov,1,Parser.java,3,113,67,46,0.59292,0.902655,0.4867,Mostly Dependent
2762,Slava Pestov,1,Parser.java,4,130,78,52,0.6,0.915385,0.4231,Mostly Dependent
2763,Slava Pestov,1,Parser.java,4,6,6,0,1.0,1.0,0.0,Mostly Dependent
2764,Slava Pestov,1,Parser.java,4,130,78,52,0.6,0.915385,0.4231,Mostly Dependent
2765,Slava Pestov,1,Parser.java,3,113,67,46,0.59292,0.902655,0.4867,Mostly Dependent
2767,Slava Pestov,1,Parser.java,3,113,67,46,0.59292,0.902655,0.4867,Mostly Dependent
2768,Slava Pestov,1,Parser.java,3,113,67,46,0.59292,0.902655,0.4867,Mostly Dependent
2770,Slava Pestov,1,Parser.java,3,121,59,62,0.487603,0.909091,0.4545,Mixed
2771,Slava Pestov,1,Parser.java,3,113,67,46,0.59292,0.902655,0.4867,Mostly Dependent
2775,Slava Pestov,1,Parser.java,3,5,0,5,0.0,0.0,5.0,Mostly Independent
2776,Slava Pestov,1,Parser.java,1,33,0,33,0.0,0.030303,5.0606,Mostly Independent
2777,Slava Pestov,1,Parser.java,2,52,2,50,0.038462,0.076923,5.3462,Mostly Independent
2778,Slava Pestov,1,Parser.java,2,2,0,2,0.0,0.0,2.0,Mostly Independent
2781,Slava Pestov,1,Parser.java,3,16,5,11,0.3125,0.625,1.875,Mixed
2782,Slava Pestov,1,Parser.java,3,7,0,7,0.0,0.0,5.0,Mostly Independent
2784,Slava Pestov,1,Parser.java,3,15,12,3,0.8,0.933333,0.4,Mostly Dependent
2785,Slava Pestov,1,Parser.java,3,15,12,3,0.8,0.933333,0.4,Mostly Dependent
2786,Slava Pestov,1,Parser.java,3,15,12,3,0.8,0.933333,0.4,Mostly Dependent
2788,Slava Pestov,1,Parser.java,3,35,15,20,0.428571,0.657143,2.0571,Mixed
2790,Slava Pestov,1,Parser.java,4,36,18,18,0.5,0.666667,2.0,Mixed
2797,Slava Pestov,1,Parser.java,3,9,6,3,0.666667,1.0,0.0,Mostly Dependent
2799,Slava Pestov,1,Parser.java,3,14,0,14,0.0,0.0,5.7857,Mostly Independent
2800,Slava Pestov,1,Parser.java,3,6,0,6,0.0,0.0,2.0,Mostly Independent
2801,Slava Pestov,1,Parser.java,3,8,0,8,0.0,0.0,6.0,Mostly Independent
2802,Slava Pestov,1,Parser.java,3,81,0,81,0.0,0.0,5.8148,Mostly Independent
2803,Slava Pestov,1,Parser.java,3,25,0,25,0.0,0.0,5.84,Mostly Independent
2804,Slava Pestov,1,Parser.java,2,46,27,19,0.586957,0.869565,0.7826,Mostly Dependent
2805,Slava Pestov,1,Parser.java,3,50,36,14,0.72,0.88,0.72,Mostly Dependent
2806,Slava Pestov,1,Parser.java,2,46,27,19,0.586957,0.869565,0.7826,Mostly Dependent
2807,Slava Pestov,1,Parser.java,3,50,36,14,0.72,0.88,0.72,Mostly Dependent
2808,Slava Pestov,1,Parser.java,3,50,36,14,0.72,0.88,0.72,Mostly Dependent
2809,Slava Pestov,1,Parser.java,3,50,36,14,0.72,0.88,0.72,Mostly Dependent
2811,Slava Pestov,1,Parser.java,2,46,27,19,0.586957,0.869565,0.7826,Mostly Dependent
2812,Slava Pestov,1,Parser.java,2,46,27,19,0.586957,0.869565,0.7826,Mostly Dependent
2813,Slava Pestov,1,Parser.java,2,46,27,19,0.586957,0.869565,0.7826,Mostly Dependent
2815,Slava Pestov,1,Parser.java,3,50,36,14,0.72,0.88,0.72,Mostly Dependent
2816,Slava Pestov,1,Parser.java,3,50,36,14,0.72,0.88,0.72,Mostly Dependent
2817,Slava Pestov,1,Parser.java,3,50,36,14,0.72,0.88,0.72,Mostly Dependent
2818,Slava Pestov,1,Parser.java,2,14,3,11,0.214286,0.5,2.6429,Mixed
2819,Slava Pestov,1,Parser.java,3,16,4,12,0.25,0.4375,2.8125,Mixed
2827,Slava Pestov,1,Parser.java,3,3,0,3,0.0,0.0,6.0,Mostly Independent
2828,Slava Pestov,1,Parser.java,3,62,0,62,0.0,0.0,6.0,Mostly Independent
2829,Slava Pestov,1,Parser.java,3,77,0,77,0.0,0.0,6.0,Mostly Independent
2830,Slava Pestov,1,Parser.java,4,129,4,125,0.031008,0.031008,5.3178,Mostly Independent
2831,Slava Pestov,1,Parser.java,4,129,4,125,0.031008,0.031008,5.3178,Mostly Independent
2832,Slava Pestov,1,Parser.java,4,42,0,42,0.0,0.0,5.9762,Mostly Independent
2833,Slava Pestov,1,Parser.java,4,7,0,7,0.0,0.0,6.0,Mostly Independent
2834,Slava Pestov,1,Parser.java,4,1,0,1,0.0,0.0,6.0,Mostly Independent
2835,Slava Pestov,1,Parser.java,4,1,0,1,0.0,0.0,6.0,Mostly Independent
2836,Slava Pestov,1,Parser.java,3,4,0,4,0.0,0.0,6.0,Mostly Independent
2837,Slava Pestov,1,Parser.java,4,6,0,6,0.0,0.0,6.0,Mostly Independent
2838,Slava Pestov,1,Parser.java,3,1,0,1,0.0,0.0,6.0,Mostly Independent
2841,Slava Pestov,1,Parser.java,4,5,0,5,0.0,0.0,5.6,Mostly Independent
2843,Slava Pestov,1,Parser.java,3,14,0,14,0.0,0.0,6.0,Mostly Independent
2847,Slava Pestov,1,Parser.java,4,22,0,22,0.0,0.0,5.6818,Mostly Independent
2848,Slava Pestov,2,Parser.java,5,90,79,11,0.877778,0.922222,0.4667,Mostly Dependent
2850,Slava Pestov,2,Parser.java,5,90,79,11,0.877778,0.922222,0.4667,Mostly Dependent
2851,Slava Pestov,1,Parser.java,4,144,109,35,0.756944,1.0,0.0,Mostly Dependent
2852,Slava Pestov,2,Parser.java,5,90,79,11,0.877778,0.922222,0.4667,Mostly Dependent
2853,Slava Pestov,2,Parser.java,5,90,79,11,0.877778,0.922222,0.4667,Mostly Dependent
2854,Slava Pestov,2,Parser.java,5,90,79,11,0.877778,0.922222,0.4667,Mostly Dependent
2855,Slava Pestov,2,Parser.java,5,90,79,11,0.877778,0.922222,0.4667,Mostly Dependent
2857,Slava Pestov,2,Parser.java,5,90,79,11,0.877778,0.922222,0.4667,Mostly Dependent
2858,Slava Pestov,2,Parser.java,5,90,79,11,0.877778,0.922222,0.4667,Mostly Dependent
2859,Slava Pestov,1,Parser.java,2,17,15,2,0.882353,1.0,0.0,Mostly Dependent
2860,Slava Pestov,1,Parser.java,4,28,0,28,0.0,0.0,6.0,Mostly Independent
2861,Slava Pestov,2,Parser.java,5,90,79,11,0.877778,0.922222,0.4667,Mostly Dependent
2862,Slava Pestov,2,Parser.java,5,90,79,11,0.877778,0.922222,0.4667,Mostly Dependent
2865,Slava Pestov,2,Parser.java,5,90,79,11,0.877778,0.922222,0.4667,Mostly Dependent
2866,Slava Pestov,1,Parser.java,2,17,15,2,0.882353,1.0,0.0,Mostly Dependent
2867,Slava Pestov,1,Parser.java,2,17,15,2,0.882353,1.0,0.0,Mostly Dependent
2868,Slava Pestov,2,Parser.java,5,90,79,11,0.877778,0.922222,0.4667,Mostly Dependent
2869,Slava Pestov,1,Parser.java,2,17,15,2,0.882353,1.0,0.0,Mostly Dependent
2870,Slava Pestov,2,Parser.java,5,90,79,11,0.877778,0.922222,0.4667,Mostly Dependent
2871,Slava Pestov,1,Parser.java,2,17,15,2,0.882353,1.0,0.0,Mostly Dependent
2872,Slava Pestov,2,Parser.java,5,90,79,11,0.877778,0.922222,0.4667,Mostly Dependent
2873,Slava Pestov,1,Parser.java,2,17,15,2,0.882353,1.0,0.0,Mostly Dependent
2874,Slava Pestov,1,Parser.java,2,17,15,2,0.882353,1.0,0.0,Mostly Dependent
2883,Slava Pestov,1,Parser.java,2,124,28,96,0.225806,0.370968,3.3306,Mixed
2893,Slava Pestov,1,Parser.java,4,144,109,35,0.756944,1.0,0.0,Mostly Dependent
2897,Slava Pestov,1,Parser.java,2,65,43,22,0.661538,1.0,0.0,Mostly Dependent
2906,Slava Pestov,1,Parser.java,2,22,13,9,0.590909,0.818182,0.9091,Mostly Dependent
2908,Slava Pestov,1,Parser.java,1,10,8,2,0.8,1.0,0.0,Mostly Dependent
2909,Slava Pestov,1,Parser.java,2,65,43,22,0.661538,1.0,0.0,Mostly Dependent
2915,Slava Pestov,1,Parser.java,2,150,66,84,0.44,0.986667,0.08,Mixed
2959,Slava Pestov,1,Parser.java,2,65,43,22,0.661538,1.0,0.0,Mostly Dependent
2961,Slava Pestov,1,Parser.java,2,65,43,22,0.661538,1.0,0.0,Mostly Dependent
2966,Slava Pestov,1,Parser.java,1,64,22,42,0.34375,1.0,0.0,Mixed
2969,Slava Pestov,1,Parser.java,1,42,22,20,0.52381,1.0,0.0,Mostly Dependent
2982,Slava Pestov,1,Parser.java,3,187,99,88,0.529412,0.989305,0.0642,Mostly Dependent
2983,Slava Pestov,1,Parser.java,4,144,109,35,0.756944,1.0,0.0,Mostly Dependent
2990,Slava Pestov,1,Parser.java,2,124,28,96,0.225806,0.370968,3.3306,Mixed
2991,Slava Pestov,1,Parser.java,2,65,43,22,0.661538,1.0,0.0,Mostly Dependent
3001,Slava Pestov,1,Parser.java,2,266,154,112,0.578947,0.988722,0.0677,Mostly Dependent
3006,Slava Pestov,1,Parser.java,4,144,109,35,0.756944,1.0,0.0,Mostly Dependent
3011,Slava Pestov,1,Parser.java,1,250,72,178,0.288,0.992,0.048,Mixed
3019,Slava Pestov,1,Parser.java,2,266,154,112,0.578947,0.988722,0.0677,Mostly Dependent
3021,Slava Pestov,1,Parser.java,3,140,84,56,0.6,1.0,0.0,Mostly Dependent
3022,Slava Pestov,1,Parser.java,2,124,28,96,0.225806,0.370968,3.3306,Mixed
3023,Slava Pestov,1,Parser.java,2,266,154,112,0.578947,0.988722,0.0677,Mostly Dependent
3026,Slava Pestov,1,Parser.java,2,266,154,112,0.578947,0.988722,0.0677,Mostly Dependent
3028,Slava Pestov,1,Parser.java,1,250,72,178,0.288,0.992,0.048,Mixed
3031,Slava Pestov,1,Parser.java,1,250,72,178,0.288,0.992,0.048,Mixed
3037,Slava Pestov,1,Parser.java,3,50,0,50,0.0,0.0,6.0,Mostly Independent
3040,Slava Pestov,1,Parser.java,4,144,109,35,0.756944,1.0,0.0,Mostly Dependent
3042,Slava Pestov,1,Parser.java,2,266,154,112,0.578947,0.988722,0.0677,Mostly Dependent
3043,Slava Pestov,1,Parser.java,2,266,154,112,0.578947,0.988722,0.0677,Mostly Dependent
3046,Slava Pestov,1,Parser.java,2,266,154,112,0.578947,0.988722,0.0677,Mostly Dependent
3048,Slava Pestov,1,Parser.java,3,187,99,88,0.529412,0.989305,0.0642,Mostly Dependent
3050,Slava Pestov,1,Parser.java,2,266,154,112,0.578947,0.988722,0.0677,Mostly Dependent
3052,Slava Pestov,1,Parser.java,4,144,109,35,0.756944,1.0,0.0,Mostly Dependent
3054,Slava Pestov,1,Parser.java,2,266,154,112,0.578947,0.988722,0.0677,Mostly Dependent
3055,Slava Pestov,1,Parser.java,2,266,154,112,0.578947,0.988722,0.0677,Mostly Dependent
3059,Slava Pestov,1,Parser.java,2,266,154,112,0.578947,0.988722,0.0677,Mostly Dependent
3060,Slava Pestov,1,Parser.java,2,22,13,9,0.590909,0.818182,0.9091,Mostly Dependent
3062,Slava Pestov,1,Parser.java,3,187,103,84,0.550802,0.989305,0.0642,Mostly Dependent
3063,Slava Pestov,1,Parser.java,2,266,154,112,0.578947,0.988722,0.0677,Mostly Dependent
3065,Slava Pestov,1,Parser.java,2,266,154,112,0.578947,0.988722,0.0677,Mostly Dependent
3066,Slava Pestov,1,Parser.java,2,266,154,112,0.578947,0.988722,0.0677,Mostly Dependent
3067,Slava Pestov,1,Parser.java,2,266,154,112,0.578947,0.988722,0.0677,Mostly Dependent
3068,Slava Pestov,1,Parser.java,2,266,154,112,0.578947,0.988722,0.0677,Mostly Dependent
3071,Slava Pestov,1,Parser.java,2,266,154,112,0.578947,0.988722,0.0677,Mostly Dependent
3077,Slava Pestov,1,Parser.java,4,190,136,54,0.715789,0.989474,0.0632,Mostly Dependent
3078,Slava Pestov,1,Parser.java,2,266,154,112,0.578947,0.988722,0.0677,Mostly Dependent
3087,Slava Pestov,1,Parser.java,4,190,136,54,0.715789,0.989474,0.0632,Mostly Dependent
3088,Slava Pestov,1,Parser.java,4,6,4,2,0.666667,0.833333,0.1667,Mostly Dependent
3089,Slava Pestov,1,Parser.java,2,266,154,112,0.578947,0.988722,0.0677,Mostly Dependent
3100,Slava Pestov,1,Parser.java,2,22,13,9,0.590909,0.818182,0.9091,Mostly Dependent
3105,Slava Pestov,1,Parser.java,2,266,154,112,0.578947,0.988722,0.0677,Mostly Dependent
3113,Slava Pestov,1,Parser.java,2,266,154,112,0.578947,0.988722,0.0677,Mostly Dependent
3122,Slava Pestov,1,Parser.java,2,266,154,112,0.578947,0.988722,0.0677,Mostly Dependent
3124,Slava Pestov,1,Parser.java,1,250,72,178,0.288,0.992,0.048,Mixed
3128,Slava Pestov,1,Parser.java,1,250,72,178,0.288,0.992,0.048,Mixed
3137,Slava Pestov,1,Parser.java,2,266,154,112,0.578947,0.988722,0.0677,Mostly Dependent
3139,Slava Pestov,1,Parser.java,2,266,154,112,0.578947,0.988722,0.0677,Mostly Dependent
3181,Slava Pestov,1,ParserTokenManager.java,1,6,5,1,0.833333,1.0,0.0,Mostly Dependent
3182,Slava Pestov,1,ParserTokenManager.java,1,6,5,1,0.833333,1.0,0.0,Mostly Dependent
3183,Slava Pestov,1,ParserTokenManager.java,1,6,5,1,0.833333,1.0,0.0,Mostly Dependent
3184,Slava Pestov,1,ParserTokenManager.java,1,6,5,1,0.833333,1.0,0.0,Mostly Dependent
3185,Slava Pestov,1,ParserTokenManager.java,1,6,5,1,0.833333,1.0,0.0,Mostly Dependent
3186,Slava Pestov,1,ParserTokenManager.java,1,6,5,1,0.833333,1.0,0.0,Mostly Dependent
3391,Slava Pestov,1,Parser.java,1,6,1,5,0.166667,0.333333,2.3333,Mixed
3468,Slava Pestov,1,Parser.java,2,5,0,5,0.0,0.0,5.0,Mostly Independent
3641,Slava Pestov,1,Parser.java,4,8,7,1,0.875,1.0,0.0,Mostly Dependent
3642,Slava Pestov,1,Parser.java,4,57,36,21,0.631579,0.982456,0.1053,Mostly Dependent
3643,Slava Pestov,1,Parser.java,1,8,7,1,0.875,0.875,0.625,Mostly Dependent
3644,Slava Pestov,1,MiscUtilities.java,8,144,0,144,0.0,0.0,5.6111,Mostly Independent
3645,Slava Pestov,1,ToolBarManager.java,1,507,0,507,0.0,0.0,2.2604,Mostly Independent
3646,Slava Pestov,1,BufferPrinter1_3.java,1,36,1,35,0.027778,0.0,5.8889,Mostly Independent
3647,Slava Pestov,1,BufferPrinter1_4.java,1,36,1,35,0.027778,0.0,5.8889,Mostly Independent
3648,Slava Pestov,1,BufferPrintable.java,1,151,0,151,0.0,0.0,1.5894,Mostly Independent
3634,Slava Pestov,1,DirectoryMenu.java,1,2,2,0,1.0,0.5,0.5,Mostly Dependent
3635,Slava Pestov,1,DirectoryMenu.java,1,2,2,0,1.0,0.5,0.5,Mostly Dependent
3636,Slava Pestov,1,DirectoryMenu.java,1,14,1,13,0.071429,0.0,1.8571,Mostly Independent
3653,Slava Pestov,1,SoftWrapTokenHandler.java,1,48,0,48,0.0,0.0,2.0625,Mostly Independent
3655,Slava Pestov,5,Selection.java,16,13,12,1,0.923077,1.0,0.0,Mostly Dependent
3656,Slava Pestov,5,Selection.java,14,17,11,6,0.647059,1.0,0.0,Mostly Dependent
3657,Slava Pestov,2,BufferPrintable.java,7,46,0,46,0.0,0.0,2.0,Mostly Independent
3658,Slava Pestov,1,Chunk.java,1,7,0,7,0.0,0.0,1.0,Mostly Independent
3659,Slava Pestov,1,Chunk.java,4,95,4,91,0.042105,0.042105,1.9158,Mostly Independent
3660,Slava Pestov,1,Chunk.java,4,95,4,91,0.042105,0.042105,1.9158,Mostly Independent
3661,Slava Pestov,3,ParserRuleSet.java,5,20,0,20,0.0,0.0,2.0,Mostly Independent
3554,Slava Pestov,2,EnhancedMenuItem.java,5,14,4,10,0.285714,0.0,1.2857,Mixed
3662,Slava Pestov,1,OperatingSystem.java,3,5,2,3,0.4,1.0,0.0,Mixed
3663,Slava Pestov,1,OperatingSystem.java,4,6,0,6,0.0,0.0,2.0,Mostly Independent
3649,Slava Pestov,1,HyperSearchRequest.java,3,185,1,184,0.005405,0.005405,1.773,Mostly Independent
3664,Slava Pestov,1,DirectoryListSet.java,2,167,1,166,0.005988,0.0,1.6826,Mostly Independent
3563,Slava Pestov,1,GUIUtilities.java,11,44,8,36,0.181818,0.318182,0.9318,Mixed
3260,Slava Pestov,1,FloatingWindowContainer.java,1,17,1,16,0.058824,0.0,5.7059,Mostly Independent
3665,Slava Pestov,1,Macros.java,1,28,0,28,0.0,0.0,1.8929,Mostly Independent
3666,Slava Pestov,1,Macros.java,2,34,0,34,0.0,0.0,1.0,Mostly Independent
3667,Slava Pestov,1,Macros.java,4,3,0,3,0.0,0.0,1.0,Mostly Independent
3668,Slava Pestov,1,Macros.java,1,2,1,1,0.5,0.5,0.5,Mixed
3669,Slava Pestov,1,Macros.java,1,2,1,1,0.5,0.5,0.5,Mixed
3571,Slava Pestov,1,DockingOptionPane.java,1,3,0,3,0.0,0.0,2.0,Mostly Independent
1419,Slava Pestov,1,VFSBrowser.java,1,12,1,11,0.083333,0.916667,0.0833,Mostly Independent
3671,Slava Pestov,3,VFSBrowser.java,11,57,3,54,0.052632,0.0,2.5789,Mostly Independent
3672,Slava Pestov,1,BrowserView.java,4,4,0,4,0.0,0.0,2.0,Mostly Independent
3674,Shlomy Reinstein,4,VFSBrowser.java,11,12,1,11,0.083333,0.916667,0.0833,Mostly Independent
3304,Slava Pestov,1,BrowserColorsOptionPane.java,2,92,3,89,0.032609,0.032609,1.4783,Mostly Independent
3305,Slava Pestov,1,ColorOptionPane.java,1,10,1,9,0.1,0.0,1.5,Mostly Independent
3686,Slava Pestov,1,Buffer.java,14,149,4,145,0.026846,0.0,1.5638,Mostly Independent
3687,Slava Pestov,1,BrowserCommandsMenu.java,1,6,0,6,0.0,0.0,6.0,Mostly Independent
3688,Shlomy Reinstein,4,DockingOptionPane.java,11,111,11,100,0.099099,0.126126,1.1081,Mostly Independent
3689,Shlomy Reinstein,4,DockingOptionPane.java,11,38,0,38,0.0,0.0,1.3947,Mostly Independent
3690,Slava Pestov,1,RolloverButton.java,3,277,2,275,0.00722,0.0,3.8375,Mostly Independent
3693,Slava Pestov,3,TextAreaOptionPane.java,7,22,1,21,0.045455,0.0,1.2273,Mostly Independent
3695,Slava Pestov,1,VFSFileChooserDialog.java,1,2,0,2,0.0,0.0,1.0,Mostly Independent
3676,Slava Pestov,1,BrowserCommandsMenu.java,4,41,1,40,0.02439,0.02439,2.7561,Mostly Independent
3696,Slava Pestov,2,DefaultInputHandler.java,3,10,0,10,0.0,0.0,1.0,Mostly Independent
3697,Slava Pestov,2,AbstractOptionPane.java,6,8,6,2,0.75,0.75,0.25,Mostly Dependent
3698,Slava Pestov,2,AbstractOptionPane.java,6,8,6,2,0.75,0.75,0.25,Mostly Dependent
3699,Slava Pestov,1,XModeHandler.java,2,6,2,4,0.333333,0.666667,0.6667,Mixed
3700,Slava Pestov,2,XModeHandler.java,7,19,0,19,0.0,0.0,2.0,Mostly Independent
3701,Slava Pestov,1,XModeHandler.java,1,2,1,1,0.5,0.5,1.0,Mixed
3702,Slava Pestov,1,XModeHandler.java,1,2,1,1,0.5,0.5,1.0,Mixed
3692,Slava Pestov,1,GutterOptionPane.java,4,16,1,15,0.0625,0.0,1.1875,Mostly Independent
3488,Slava Pestov,1,CompleteWord.java,1,18,1,17,0.055556,0.055556,2.3333,Mostly Independent
3489,Slava Pestov,1,CompleteWord.java,1,18,1,17,0.055556,0.055556,2.3333,Mostly Independent
3533,Slava Pestov,1,ExtensionManager.java,1,1,0,1,0.0,1.0,0.0,Mostly Independent
3703,Slava Pestov,1,ExtensionManager.java,2,27,0,27,0.0,0.0,1.2593,Mostly Independent
2564,Slava Pestov,1,JCheckBoxList.java,1,92,0,92,0.0,0.0,2.0,Mostly Independent
3256,Slava Pestov,2,JCheckBoxList.java,4,29,0,29,0.0,0.0,2.0,Mostly Independent
3704,Slava Pestov,1,PluginManager.java,6,21,0,21,0.0,0.0,1.0,Mostly Independent
3711,Slava Pestov,1,DockableWindowManager.java,4,35,3,32,0.085714,0.114286,1.4571,Mostly Independent
3712,Slava Pestov,2,ToolBarOptionPane.java,2,8,2,6,0.25,0.25,1.0,Mixed
3713,Slava Pestov,2,ToolBarOptionPane.java,2,8,2,6,0.25,0.25,1.0,Mixed
3708,Slava Pestov,1,HelpIndex.java,3,82,0,82,0.0,0.0,2.0,Mostly Independent
3714,Slava Pestov,1,EnhancedButton.java,1,2,0,2,0.0,0.0,6.0,Mostly Independent
3678,Slava Pestov,2,SyntaxHiliteOptionPane.java,2,669,0,669,0.0,0.0,2.6756,Mostly Independent
3681,Slava Pestov,1,SyntaxHiliteOptionPane.java,1,36,0,36,0.0,0.0,1.3889,Mostly Independent
3682,Slava Pestov,2,SyntaxHiliteOptionPane.java,2,23,0,23,0.0,0.0,1.3913,Mostly Independent
3715,Slava Pestov,2,HelpTOCPanel.java,5,31,0,31,0.0,0.0,5.4194,Mostly Independent
3718,Slava Pestov,1,HelpTOCPanel.java,1,2,1,1,0.5,0.0,4.0,Mixed
3705,Slava Pestov,1,HelpIndex.java,4,11,0,11,0.0,0.0,3.0,Mostly Independent
3706,Slava Pestov,1,HelpIndex.java,2,12,1,11,0.083333,0.0,1.6667,Mostly Independent
923,Slava Pestov,1,EnhancedDialog.java,2,5,2,3,0.4,0.4,0.6,Mixed
924,Slava Pestov,1,EnhancedDialog.java,2,5,2,3,0.4,0.4,0.6,Mixed
3691,Slava Pestov,2,RolloverButton.java,7,125,0,125,0.0,0.0,1.832,Mostly Independent
3757,Slava Pestov,1,BufferPrintable.java,3,23,0,23,0.0,0.0,2.0,Mostly Independent
3758,Slava Pestov,1,ReadWriteLock.java,1,1,1,0,1.0,1.0,0.0,Mostly Dependent
3759,Slava Pestov,1,ReadWriteLock.java,1,1,1,0,1.0,1.0,0.0,Mostly Dependent
1736,Slava Pestov,1,Macros.java,2,4,0,4,0.0,0.0,1.0,Mostly Independent
3761,Slava Pestov,1,HyperSearchResults.java,2,33,0,33,0.0,0.0,3.2424,Mostly Independent
3762,Slava Pestov,2,HyperSearchResults.java,3,17,1,16,0.058824,0.294118,1.4118,Mostly Independent
3763,Slava Pestov,1,HelpIndex.java,1,1,0,1,0.0,0.0,6.0,Mostly Independent
3764,Slava Pestov,2,StatusBar.java,4,722,14,708,0.019391,0.030471,3.1371,Mostly Independent
3765,Slava Pestov,1,StatusBar.java,1,4,0,4,0.0,0.0,6.0,Mostly Independent
3766,Slava Pestov,2,StatusBar.java,5,842,17,825,0.02019,0.026128,3.2993,Mostly Independent
3772,Slava Pestov,1,HelpSearchPanel.java,1,7,0,7,0.0,0.0,1.5714,Mostly Independent
3360,Slava Pestov,2,ReadWriteLock.java,4,87,8,79,0.091954,0.045977,2.8621,Mostly Independent
3361,Slava Pestov,1,ReadWriteLock.java,2,87,8,79,0.091954,0.045977,2.8621,Mostly Independent
3591,Slava Pestov,1,BoyerMooreSearchMatcher.java,1,36,0,36,0.0,0.0,1.9444,Mostly Independent
3774,Slava Pestov,4,GrabKeyDialog.java,9,316,0,316,0.0,0.0,2.2627,Mostly Independent
3775,Slava Pestov,2,Macros.java,6,704,5,699,0.007102,0.0,2.2457,Mostly Independent
3776,Slava Pestov,1,PluginManager.java,2,6,2,4,0.333333,0.333333,4.0,Mixed
3777,Slava Pestov,1,PluginManager.java,1,5,2,3,0.4,0.2,1.2,Mixed
3778,Slava Pestov,1,PluginManager.java,1,5,2,3,0.4,0.2,1.2,Mixed
3781,Slava Pestov,2,OptionsDialog.java,5,18,4,14,0.222222,0.333333,1.2778,Mixed
3709,Slava Pestov,1,GlobalOptions.java,1,2,0,2,0.0,0.0,3.5,Mostly Independent
3783,Slava Pestov,2,AbstractOptionPane.java,6,36,1,35,0.027778,0.166667,4.1667,Mostly Independent
3799,Slava Pestov,2,JEditTextArea.java,7,260,4,256,0.015385,0.0,3.9846,Mostly Independent
1781,Slava Pestov,1,Name.java,2,6,1,5,0.166667,0.0,3.8333,Mixed
3800,Slava Pestov,2,PluginManagerProgress.java,3,171,5,166,0.02924,0.046784,1.7076,Mostly Independent
3801,Slava Pestov,1,ChunkCache.java,2,2,0,2,0.0,0.0,2.0,Mostly Independent
3802,Slava Pestov,5,TextUtilities.java,13,1174,56,1118,0.0477,0.006814,2.6976,Mostly Independent
3804,Slava Pestov,1,BrowserIORequest.java,2,37,4,33,0.108108,0.216216,2.4054,Mixed
3807,Slava Pestov,1,BrowserIORequest.java,1,11,0,11,0.0,0.181818,1.6364,Mostly Independent
3808,Slava Pestov,1,AnimatedIcon.java,1,523,0,523,0.0,0.0,2.2409,Mostly Independent
3240,Slava Pestov,1,NonInteractiveInstall.java,2,5,4,1,0.8,0.0,1.0,Mostly Dependent
3810,Slava Pestov,3,GUIUtilities.java,16,58,13,45,0.224138,0.310345,0.7069,Mixed
3811,Slava Pestov,3,GUIUtilities.java,15,54,13,41,0.240741,0.333333,0.6852,Mixed
3790,Slava Pestov,1,EditingOptionPane.java,1,11,0,11,0.0,0.0,1.9091,Mostly Independent
1434,Slava Pestov,1,InstallThread.java,1,702,0,702,0.0,0.0,3.2792,Mostly Independent
3443,Slava Pestov,1,SwingInstall.java,1,2,1,1,0.5,1.0,0.0,Mixed
3813,Slava Pestov,1,OperatingSystem.java,5,5,2,3,0.4,1.0,0.0,Mixed
3822,Slava Pestov,2,HyperSearchResults.java,6,60,0,60,0.0,0.0,2.75,Mostly Independent
3825,Slava Pestov,2,HyperSearchResults.java,5,17,1,16,0.058824,0.294118,1.4118,Mostly Independent
3251,Slava Pestov,1,BufferHistory.java,5,54,1,53,0.018519,0.0,2.1852,Mostly Independent
3827,Slava Pestov,1,OperatingSystem.java,1,6,1,5,0.166667,0.333333,0.6667,Mixed
3828,Slava Pestov,1,OperatingSystem.java,2,8,1,7,0.125,0.25,0.75,Mixed
3710,Slava Pestov,1,DockableWindowManager.java,3,32,3,29,0.09375,0.125,1.3438,Mostly Independent
3782,Slava Pestov,1,AbstractOptionPane.java,1,18,1,17,0.055556,0.333333,3.3333,Mostly Independent
2463,Slava Pestov,2,VariableGridLayout.java,2,3,2,1,0.666667,1.0,0.0,Mostly Dependent
2464,Slava Pestov,2,VariableGridLayout.java,2,3,2,1,0.666667,1.0,0.0,Mostly Dependent
3895,Slava Pestov,1,VFSFileChooserDialog.java,1,4,0,4,0.0,0.0,7.0,Mostly Independent
3896,Slava Pestov,4,VFSFileChooserDialog.java,10,1470,7,1463,0.004762,0.0,3.5884,Mostly Independent
3756,Marcelo Vanzin,5,ContentManager.java,8,21,0,21,0.0,0.0,2.0,Mostly Independent
3898,Slava Pestov,1,OffsetManager.java,13,56,13,43,0.232143,0.232143,2.5357,Mixed
3899,Slava Pestov,1,OffsetManager.java,2,7,0,7,0.0,0.0,2.7143,Mostly Independent
3902,Slava Pestov,1,HistoryModel.java,3,10,1,9,0.1,0.0,1.0,Mostly Independent
3903,Slava Pestov,1,OperatingSystem.java,2,360,0,360,0.0,0.0,1.9111,Mostly Independent
1064,Slava Pestov,3,LogViewer.java,7,981,5,976,0.005097,0.0,3.4261,Mostly Independent
3911,Slava Pestov,1,Registers.java,3,23,0,23,0.0,0.0,1.0,Mostly Independent
3912,Slava Pestov,1,Registers.java,3,10,0,10,0.0,0.0,1.0,Mostly Independent
3920,Kris Kopicki,1,MacOSMenu.java,1,1,0,1,0.0,0.0,9.0,Mostly Independent
3922,Slava Pestov,2,PanelWindowContainer.java,8,19,14,5,0.736842,1.0,0.0,Mostly Dependent
3923,Slava Pestov,2,PanelWindowContainer.java,6,10,0,10,0.0,0.0,2.0,Mostly Independent
3915,Kris Kopicki,5,Delegate.java,11,23,8,15,0.347826,0.478261,0.5217,Mixed
3916,Kris Kopicki,5,Delegate.java,10,1048,62,986,0.05916,0.02958,6.6345,Mostly Independent
3917,Kris Kopicki,5,Delegate.java,11,1070,62,1008,0.057944,0.028972,6.6131,Mostly Independent
3918,Kris Kopicki,4,Delegate.java,8,26,7,19,0.269231,0.346154,0.6538,Mixed
3919,Marcelo Vanzin,4,Delegate.java,7,23,8,15,0.347826,0.391304,0.6087,Mixed
3927,Kris Kopicki,4,Delegate.java,8,20,8,12,0.4,0.55,0.45,Mixed
3929,Slava Pestov,3,EditPane.java,5,214,4,210,0.018692,0.023364,1.5467,Mostly Independent
3931,Slava Pestov,2,SearchBar.java,3,3,1,2,0.333333,0.0,2.0,Mixed
3611,Marcelo Vanzin,4,TextUtilities.java,7,275,28,247,0.101818,0.083636,1.5855,Mixed
3612,Marcelo Vanzin,4,TextUtilities.java,6,267,27,240,0.101124,0.082397,1.6067,Mixed
3905,Marcelo Vanzin,6,Log.java,9,49,9,40,0.183673,0.183673,2.449,Mixed
3935,Marcelo Vanzin,6,Log.java,9,49,9,40,0.183673,0.183673,2.449,Mixed
3936,Kris Kopicki,5,Delegate.java,10,1044,61,983,0.058429,0.028736,6.6389,Mostly Independent
3939,Kris Kopicki,5,Delegate.java,9,1003,59,944,0.058824,0.02991,6.6451,Mostly Independent
3940,Slava Pestov,1,ParserRule.java,1,33,0,33,0.0,0.0,1.4545,Mostly Independent
3941,Marcelo Vanzin,4,XModeHandler.java,7,151,7,144,0.046358,0.046358,1.9073,Mostly Independent
1063,Slava Pestov,1,LogViewer.java,1,20,0,20,0.0,0.0,2.0,Mostly Independent
3925,Slava Pestov,1,JEditTextArea.java,27,66,24,42,0.363636,0.424242,0.5758,Mixed
3926,Slava Pestov,1,JEditTextArea.java,22,61,24,37,0.393443,0.459016,0.541,Mixed
3946,Matthieu Casanova,3,MiscUtilities.java,12,65,0,65,0.0,0.0,1.0154,Mostly Independent
3949,Matthieu Casanova,3,LogViewer.java,6,174,1,173,0.005747,0.0,2.0287,Mostly Independent
3950,Slava Pestov,1,jEdit.java,1,1,1,0,1.0,1.0,0.0,Mostly Dependent
3951,Slava Pestov,1,ChunkCache.java,6,6,5,1,0.833333,1.0,0.0,Mostly Dependent
3952,Slava Pestov,1,ChunkCache.java,5,6,5,1,0.833333,1.0,0.0,Mostly Dependent
3954,Slava Pestov,1,PluginManager.java,1,7,0,7,0.0,0.0,4.5714,Mostly Independent
3958,Slava Pestov,3,InstallPanel.java,4,169,1,168,0.005917,0.0,2.2367,Mostly Independent
3959,Slava Pestov,1,InstallPanel.java,1,14,0,14,0.0,0.0,1.5,Mostly Independent
3961,Matthieu Casanova,4,InstallPanel.java,17,100,23,77,0.23,0.18,0.84,Mixed
3964,Matthieu Casanova,4,InstallPanel.java,17,98,25,73,0.255102,0.183673,0.8367,Mixed
3965,Slava Pestov,4,InstallPanel.java,13,1236,8,1228,0.006472,0.0,3.4328,Mostly Independent
3966,Slava Pestov,2,ManagePanel.java,10,88,4,84,0.045455,0.0,1.2727,Mostly Independent
3967,Slava Pestov,3,InstallPanel.java,10,31,2,29,0.064516,0.0,1.2903,Mostly Independent
3978,Slava Pestov,1,OffsetManager.java,5,15,0,15,0.0,0.0,4.6667,Mostly Independent
3979,Slava Pestov,1,OffsetManager.java,3,8,0,8,0.0,0.125,3.75,Mostly Independent
3980,Slava Pestov,1,Buffer.java,24,32,24,8,0.75,0.9375,0.0625,Mostly Dependent
3982,Slava Pestov,1,OptionsDialog.java,1,110,2,108,0.018182,0.0,3.8818,Mostly Independent
3983,Slava Pestov,3,PluginManager.java,4,829,5,824,0.006031,0.0,3.2027,Mostly Independent
3984,Slava Pestov,1,OffsetManager.java,2,22,0,22,0.0,0.0,2.0,Mostly Independent
3981,Slava Pestov,1,DisplayManager.java,2,172,2,170,0.011628,0.0,4.6628,Mostly Independent
3985,Slava Pestov,2,DisplayManager.java,15,432,2,430,0.00463,0.0,2.9745,Mostly Independent
3986,Slava Pestov,1,DisplayManager.java,7,56,0,56,0.0,0.0,6.1607,Mostly Independent
3987,Slava Pestov,2,DisplayManager.java,12,273,14,259,0.051282,0.098901,2.0659,Mostly Independent
3988,Slava Pestov,2,DisplayManager.java,9,254,12,242,0.047244,0.102362,1.9606,Mostly Independent
3989,Slava Pestov,1,DisplayManager.java,8,222,14,208,0.063063,0.103604,1.9865,Mostly Independent
3991,Slava Pestov,1,DisplayManager.java,5,21,0,21,0.0,0.0,1.7143,Mostly Independent
3993,Slava Pestov,1,DisplayManager.java,2,6,2,4,0.333333,0.333333,1.1667,Mixed
3994,Slava Pestov,1,DisplayManager.java,2,6,2,4,0.333333,0.333333,1.1667,Mixed
3995,Slava Pestov,1,DisplayManager.java,2,9,3,6,0.333333,0.333333,1.3333,Mixed
3996,Slava Pestov,1,DisplayManager.java,2,9,3,6,0.333333,0.333333,1.3333,Mixed
3999,Slava Pestov,1,DisplayManager.java,5,23,4,19,0.173913,0.217391,1.2174,Mixed
4000,Slava Pestov,1,DisplayManager.java,4,21,4,17,0.190476,0.238095,1.1429,Mixed
4004,Slava Pestov,1,DisplayManager.java,1,2,0,2,0.0,0.0,2.0,Mostly Independent
4005,Slava Pestov,1,DisplayManager.java,3,10,1,9,0.1,0.4,1.2,Mostly Independent
4006,Slava Pestov,1,DisplayManager.java,3,10,1,9,0.1,0.4,1.2,Mostly Independent
4007,Slava Pestov,1,DockableWindowManager.java,7,51,7,44,0.137255,0.137255,2.2353,Mixed
4008,Slava Pestov,1,DockableWindowManager.java,7,51,7,44,0.137255,0.137255,2.2353,Mixed
4009,Slava Pestov,1,DockableWindowManager.java,9,12,0,12,0.0,0.0,1.1667,Mostly Independent
3943,Slava Pestov,1,PerspectiveManager.java,3,44,0,44,0.0,0.0,1.4545,Mostly Independent
4013,Matthieu Casanova,5,Selection.java,12,13,12,1,0.923077,1.0,0.0,Mostly Dependent
4011,Slava Pestov,1,DisplayManager.java,7,152,11,141,0.072368,0.164474,1.9145,Mostly Independent
4016,Slava Pestov,1,EnhancedCheckBoxMenuItem.java,2,2,0,2,0.0,0.0,1.0,Mostly Independent
4017,Slava Pestov,1,EnhancedCheckBoxMenuItem.java,2,2,0,2,0.0,0.0,1.0,Mostly Independent
4018,Slava Pestov,2,EnhancedMenuItem.java,3,8,5,3,0.625,0.0,1.0,Mostly Dependent
4020,Slava Pestov,2,EnhancedCheckBoxMenuItem.java,3,8,5,3,0.625,0.0,1.0,Mostly Dependent
3953,Slava Pestov,1,ActionBar.java,2,214,0,214,0.0,0.0,2.4019,Mostly Independent
4021,Slava Pestov,2,ActionBar.java,7,1080,4,1076,0.003704,0.0,3.4037,Mostly Independent
4022,Slava Pestov,2,PanelWindowContainer.java,8,21,8,13,0.380952,0.380952,1.0,Mixed
4023,Slava Pestov,2,PanelWindowContainer.java,8,21,8,13,0.380952,0.380952,1.0,Mixed
4025,Slava Pestov,1,RolloverButton.java,1,30,0,30,0.0,0.0,2.6333,Mostly Independent
4026,Slava Pestov,1,DisplayManager.java,4,11,4,7,0.363636,1.0,0.0,Mixed
4027,Slava Pestov,1,DisplayManager.java,4,12,3,9,0.25,1.0,0.0,Mixed
4010,Slava Pestov,1,OffsetManager.java,1,6,0,6,0.0,0.166667,3.0,Mostly Independent
4029,Slava Pestov,1,OffsetManager.java,2,3,0,3,0.0,0.0,6.0,Mostly Independent
4030,Slava Pestov,1,DisplayManager.java,11,245,25,220,0.102041,0.179592,1.8816,Mixed
4031,Slava Pestov,1,DisplayManager.java,22,23,0,23,0.0,0.0,2.0,Mostly Independent
4019,Slava Pestov,3,jEdit.java,4,4,0,4,0.0,0.0,1.0,Mostly Independent
4028,Slava Pestov,1,DisplayManager.java,24,435,35,400,0.08046,0.131034,2.1241,Mostly Independent
4032,Slava Pestov,1,DisplayManager.java,9,214,16,198,0.074766,0.191589,1.8178,Mostly Independent
4033,Slava Pestov,3,DisplayManager.java,9,43,8,35,0.186047,0.162791,0.8372,Mixed
3942,Slava Pestov,6,View.java,23,2829,42,2787,0.014846,0.0152,3.0103,Mostly Independent
3212,Slava Pestov,2,QuickNotepad.java,2,756,6,750,0.007937,0.0,6.1971,Mostly Independent
4034,Slava Pestov,2,FloatingWindowContainer.java,4,10,1,9,0.1,0.0,1.5,Mostly Independent
4035,Slava Pestov,1,PanelWindowContainer.java,2,10,1,9,0.1,0.0,1.5,Mostly Independent
4036,Slava Pestov,2,FilesChangedDialog.java,4,29,0,29,0.0,0.0,2.0,Mostly Independent
4037,Slava Pestov,1,ActionSet.java,4,46,0,46,0.0,0.0,1.7826,Mostly Independent
3524,Slava Pestov,1,BrowserOptionPane.java,1,6,0,6,0.0,0.0,1.3333,Mostly Independent
3956,Slava Pestov,4,ManagePanel.java,24,509,2,507,0.003929,0.0,2.1965,Mostly Independent
3962,Matthieu Casanova,4,ManagePanel.java,26,109,31,78,0.284404,0.266055,0.7431,Mixed
3963,Matthieu Casanova,4,ManagePanel.java,27,109,33,76,0.302752,0.266055,0.7431,Mixed
4041,Slava Pestov,1,VFSFileNameField.java,6,37,3,34,0.081081,0.135135,3.1351,Mostly Independent
4043,Slava Pestov,1,DisplayManager.java,4,17,4,13,0.235294,0.647059,0.3529,Mixed
4044,Slava Pestov,2,DisplayManager.java,5,30,0,30,0.0,0.0,1.4,Mostly Independent
4045,Slava Pestov,1,VFSFileChooserDialog.java,1,1,0,1,0.0,0.0,3.0,Mostly Independent
4047,Slava Pestov,1,VFSFileNameField.java,4,29,3,26,0.103448,0.172414,2.9655,Mixed
4049,Slava Pestov,1,LogViewer.java,3,39,0,39,0.0,0.0,2.3846,Mostly Independent
4054,Slava Pestov,1,DisplayManager.java,11,26,3,23,0.115385,0.153846,1.6923,Mixed
4050,Slava Pestov,1,VFSFileNameField.java,3,9,0,9,0.0,0.0,3.3333,Mostly Independent
4024,Slava Pestov,1,FileCellRenderer.java,1,23,1,22,0.043478,0.0,1.6087,Mostly Independent
4058,Slava Pestov,1,VFSDirectoryEntryTableModel.java,1,2,0,2,0.0,0.0,3.5,Mostly Independent
4060,Slava Pestov,1,VFS.java,4,752,4,748,0.005319,0.007979,3.2447,Mostly Independent
4042,Slava Pestov,1,DisplayManager.java,3,16,3,13,0.1875,0.625,0.375,Mixed
4055,Slava Pestov,1,DisplayManager.java,6,33,5,28,0.151515,0.090909,1.8182,Mixed
4056,Slava Pestov,1,DisplayManager.java,2,10,1,9,0.1,0.0,6.3,Mostly Independent
4062,Slava Pestov,5,DockableWindowManager.java,25,27,25,2,0.925926,1.0,0.0,Mostly Dependent
4039,Slava Pestov,1,ActionSet.java,7,59,1,58,0.016949,0.0,2.2203,Mostly Independent
4080,Slava Pestov,1,DisplayManager.java,8,60,16,44,0.266667,0.6,0.45,Mixed
4081,Slava Pestov,1,DisplayManager.java,7,59,16,43,0.271186,0.610169,0.4407,Mixed
4038,Slava Pestov,2,ActionSet.java,4,5,1,4,0.2,0.0,4.2,Mixed
4067,Slava Pestov,1,ServiceManager.java,1,9,0,9,0.0,0.0,2.2222,Mostly Independent
4072,Slava Pestov,1,ActionSet.java,2,4,0,4,0.0,0.0,3.0,Mostly Independent
4082,Slava Pestov,1,ActionSet.java,1,7,0,7,0.0,0.0,4.7143,Mostly Independent
4084,Slava Pestov,1,PluginJAR.java,8,12,0,12,0.0,0.0,1.0,Mostly Independent
4085,Slava Pestov,3,PluginJAR.java,13,21,13,8,0.619048,0.666667,0.3333,Mostly Dependent
4087,Slava Pestov,1,PluginJAR.java,7,16,3,13,0.1875,0.0,1.0,Mixed
4088,Slava Pestov,3,PluginJAR.java,13,21,13,8,0.619048,0.666667,0.3333,Mostly Dependent
4089,Slava Pestov,4,PluginJAR.java,17,2216,6,2210,0.002708,0.0,3.0903,Mostly Independent
4091,Slava Pestov,1,PluginJAR.java,1,9,0,9,0.0,0.0,1.6667,Mostly Independent
4093,Slava Pestov,4,PluginJAR.java,10,7,3,4,0.428571,1.0,0.0,Mixed
4094,Slava Pestov,1,VFSFileNameField.java,3,6,0,6,0.0,0.0,6.0,Mostly Independent
4095,Slava Pestov,1,VFSFileNameField.java,3,4,0,4,0.0,0.0,6.0,Mostly Independent
1790,Slava Pestov,1,XModeHandler.java,1,160,0,160,0.0,0.0,1.2812,Mostly Independent
3677,Slava Pestov,1,BrowserCommandsMenu.java,2,4,0,4,0.0,0.0,6.0,Mostly Independent
4100,Slava Pestov,1,BeanShellAction.java,2,120,2,118,0.016667,0.0,1.3417,Mostly Independent
4103,Slava Pestov,1,EditPlugin.java,2,6,1,5,0.166667,0.333333,3.3333,Mixed
2465,Slava Pestov,2,VariableGridLayout.java,2,16,2,14,0.125,0.125,1.6875,Mixed
2466,Slava Pestov,2,VariableGridLayout.java,2,16,2,14,0.125,0.125,1.6875,Mixed
3819,Slava Pestov,1,VariableGridLayout.java,1,38,0,38,0.0,0.0,2.3158,Mostly Independent
4104,Slava Pestov,3,PluginJAR.java,8,27,0,27,0.0,0.0,1.0,Mostly Independent
3924,Slava Pestov,1,PluginOptions.java,1,26,0,26,0.0,0.0,2.0,Mostly Independent
4105,Slava Pestov,2,OptionGroup.java,3,11,0,11,0.0,0.0,1.0,Mostly Independent
4065,Slava Pestov,2,ServiceListHandler.java,2,508,5,503,0.009843,0.0,2.002,Mostly Independent
4070,Slava Pestov,1,ServiceListHandler.java,1,4,0,4,0.0,0.0,4.0,Mostly Independent
4076,Slava Pestov,1,ServiceManager.java,1,3,0,3,0.0,0.0,1.0,Mostly Independent
4114,Slava Pestov,2,PluginJAR.java,12,115,9,106,0.078261,0.113043,1.7739,Mostly Independent
4117,Slava Pestov,2,PluginJAR.java,10,105,9,96,0.085714,0.12381,1.6762,Mostly Independent
4119,Slava Pestov,4,PluginJAR.java,19,19,19,0,1.0,1.0,0.0,Mostly Dependent
4120,Slava Pestov,4,PluginJAR.java,18,19,19,0,1.0,1.0,0.0,Mostly Dependent
4124,Slava Pestov,4,PluginJAR.java,25,1794,33,1761,0.018395,0.015608,2.9431,Mostly Independent
4125,Slava Pestov,1,PluginJAR.java,2,5,1,4,0.2,0.0,2.6,Mixed
4126,Slava Pestov,1,PluginJAR.java,1,3,0,3,0.0,0.333333,0.6667,Mostly Independent
3553,Slava Pestov,1,EnhancedButton.java,1,7,3,4,0.428571,0.142857,0.8571,Mixed
3580,Slava Pestov,2,EnhancedCheckBoxMenuItem.java,2,12,4,8,0.333333,0.0,1.1667,Mixed
4074,Slava Pestov,1,ServiceManager.java,1,27,1,26,0.037037,0.0,1.8889,Mostly Independent
4077,Slava Pestov,1,ServiceManager.java,1,3,1,2,0.333333,0.333333,0.6667,Mixed
4078,Slava Pestov,1,ServiceManager.java,1,3,1,2,0.333333,0.333333,0.6667,Mixed
4102,Slava Pestov,1,EditPlugin.java,1,4,1,3,0.25,0.5,2.5,Mixed
4113,Slava Pestov,1,ActionSet.java,2,11,0,11,0.0,0.0,1.7273,Mostly Independent
4123,Slava Pestov,1,PluginJAR.java,1,3,0,3,0.0,0.333333,0.6667,Mostly Independent
4129,Slava Pestov,1,EnhancedButton.java,1,8,3,5,0.375,0.0,1.125,Mixed
4112,Slava Pestov,4,PluginJAR.java,23,1726,35,1691,0.020278,0.016222,2.8934,Mostly Independent
4121,Slava Pestov,4,PluginJAR.java,14,15,13,2,0.866667,1.0,0.0,Mostly Dependent
4122,Slava Pestov,4,PluginJAR.java,10,15,13,2,0.866667,1.0,0.0,Mostly Dependent
3928,Kris Kopicki,1,MacOSPlugin.java,1,21,0,21,0.0,0.0,1.0,Mostly Independent
2305,Slava Pestov,1,Primitive.java,2,10,4,6,0.4,0.9,0.6,Mixed
2637,Slava Pestov,1,Parser.java,3,146,75,71,0.513699,0.910959,0.4178,Mostly Dependent
2652,Slava Pestov,1,Parser.java,2,138,49,89,0.355072,0.913043,0.4203,Mixed
2755,Slava Pestov,1,Parser.java,3,120,59,61,0.491667,0.916667,0.4167,Mixed
2759,Slava Pestov,1,Parser.java,3,120,59,61,0.491667,0.916667,0.4167,Mixed
2761,Slava Pestov,1,Parser.java,2,111,40,71,0.36036,0.90991,0.4505,Mixed
2772,Slava Pestov,1,Parser.java,3,120,59,61,0.491667,0.916667,0.4167,Mixed
2842,Slava Pestov,1,Parser.java,3,25,0,25,0.0,0.0,6.0,Mostly Independent
2844,Slava Pestov,1,Parser.java,3,21,0,21,0.0,0.0,6.0,Mostly Independent
2856,Slava Pestov,1,Parser.java,1,17,7,10,0.411765,1.0,0.0,Mixed
3012,Slava Pestov,1,Parser.java,1,239,82,157,0.343096,0.991632,0.0502,Mixed
3015,Slava Pestov,1,Parser.java,1,239,82,157,0.343096,0.991632,0.0502,Mixed
3030,Slava Pestov,1,Parser.java,1,239,82,157,0.343096,0.991632,0.0502,Mixed
3032,Slava Pestov,1,Parser.java,1,53,8,45,0.150943,0.792453,1.0566,Mixed
3057,Slava Pestov,1,Parser.java,3,184,105,79,0.570652,0.98913,0.0652,Mostly Dependent
3064,Slava Pestov,1,Parser.java,2,2,0,2,0.0,0.0,5.0,Mostly Independent
3118,Slava Pestov,1,Parser.java,1,239,82,157,0.343096,0.991632,0.0502,Mixed
4157,Slava Pestov,1,NameSpace.java,1,10,2,8,0.2,0.2,4.6,Mixed
4158,Slava Pestov,1,BSHAmbiguousName.java,2,3,1,2,0.333333,0.666667,0.3333,Mixed
4159,Slava Pestov,1,BSHLHSPrimaryExpression.java,1,2,0,2,0.0,0.0,4.0,Mostly Independent
4160,Slava Pestov,1,BSHAmbiguousName.java,1,3,1,2,0.333333,0.666667,0.3333,Mixed
4161,Slava Pestov,2,NameSpace.java,3,678,14,664,0.020649,0.0,5.1032,Mostly Independent
4162,Slava Pestov,1,BshClassManager.java,1,4,0,4,0.0,0.5,2.0,Mostly Independent
4163,Slava Pestov,1,BshClassManager.java,1,10,0,10,0.0,0.0,5.5,Mostly Independent
4166,Slava Pestov,1,EvalError.java,1,469,4,465,0.008529,0.0,5.3028,Mostly Independent
4170,Slava Pestov,1,Parser.java,1,5,2,3,0.4,0.4,1.4,Mixed
4171,Slava Pestov,1,Parser.java,2,22,8,14,0.363636,0.681818,1.7273,Mixed
4172,Slava Pestov,1,Parser.java,1,35,13,22,0.371429,0.457143,2.9143,Mixed
3969,Slava Pestov,1,ManagePanel.java,1,2,1,1,0.5,1.0,0.0,Mixed
3970,Slava Pestov,1,ManagePanel.java,2,2,1,1,0.5,1.0,0.0,Mixed
4173,Slava Pestov,4,PluginJAR.java,11,156,0,156,0.0,0.0,2.4167,Mostly Independent
4174,Slava Pestov,1,Roster.java,1,4,2,2,0.5,0.5,3.0,Mixed
4175,Slava Pestov,1,Roster.java,1,4,2,2,0.5,0.5,3.0,Mixed
4176,Slava Pestov,1,Roster.java,1,4,2,2,0.5,0.5,3.0,Mixed
4177,Slava Pestov,1,PluginManagerProgress.java,1,2,0,2,0.0,0.0,6.0,Mostly Independent
4181,Slava Pestov,4,PluginJAR.java,9,13,7,6,0.538462,0.692308,0.3077,Mostly Dependent
4183,Slava Pestov,1,PanelWindowContainer.java,1,3,0,3,0.0,0.666667,0.3333,Mostly Independent
3526,Slava Pestov,1,BufferHistory.java,1,2,0,2,0.0,0.0,3.0,Mostly Independent
3907,Slava Pestov,1,Registers.java,3,48,5,43,0.104167,0.0,1.25,Mixed
3944,Slava Pestov,1,PerspectiveManager.java,1,39,5,34,0.128205,0.0,1.2051,Mixed
4097,Slava Pestov,2,Registers.java,9,4,0,4,0.0,0.0,1.0,Mostly Independent
4184,Slava Pestov,1,AppearanceOptionPane.java,1,2,1,1,0.5,0.0,2.0,Mixed
4185,Slava Pestov,1,HelpTOCPanel.java,2,46,2,44,0.043478,0.0,2.6957,Mostly Independent
4186,Slava Pestov,1,ActionSet.java,1,34,2,32,0.058824,0.0,1.7059,Mostly Independent
4189,Slava Pestov,1,PerspectiveManager.java,3,59,2,57,0.033898,0.0,2.2203,Mostly Independent
4190,Slava Pestov,2,BufferHistory.java,5,52,2,50,0.038462,0.153846,0.8462,Mostly Independent
4192,Slava Pestov,1,GeneralOptionPane.java,1,1,0,1,0.0,0.0,1.0,Mostly Independent
3720,Slava Pestov,1,HelpTOCPanel.java,2,35,0,35,0.0,0.0,2.2571,Mostly Independent
4202,Alan Ezust,5,HelpViewer.java,6,222,0,222,0.0,0.0,2.0315,Mostly Independent
4203,Slava Pestov,2,VFSDirectoryEntryTable.java,7,8,0,8,0.0,0.0,3.0,Mostly Independent
4205,Matthieu Casanova,3,LogViewer.java,7,38,0,38,0.0,0.0,1.4737,Mostly Independent
4211,Slava Pestov,1,DisplayManager.java,5,78,11,67,0.141026,0.141026,2.2564,Mixed
4212,Slava Pestov,1,DisplayManager.java,1,2,0,2,0.0,0.0,3.5,Mostly Independent
4214,Slava Pestov,1,DisplayManager.java,1,4,2,2,0.5,0.5,1.0,Mixed
4210,Slava Pestov,1,DisplayManager.java,1,4,0,4,0.0,0.0,6.5,Mostly Independent
4215,Slava Pestov,1,DisplayManager.java,1,5,2,3,0.4,0.6,0.8,Mixed
4219,Slava Pestov,1,DisplayManager.java,1,3,1,2,0.333333,0.333333,1.3333,Mixed
4220,Slava Pestov,1,DisplayManager.java,1,3,1,2,0.333333,0.333333,1.3333,Mixed
4223,Slava Pestov,6,MiscUtilities.java,34,34,0,34,0.0,0.0,1.0,Mostly Independent
4224,Slava Pestov,1,DisplayManager.java,14,30,0,30,0.0,0.0,1.4667,Mostly Independent
4226,Slava Pestov,1,DisplayManager.java,3,18,3,15,0.166667,0.166667,1.6667,Mixed
4227,Slava Pestov,1,PluginManager.java,2,32,0,32,0.0,0.0,3.125,Mostly Independent
4178,Slava Pestov,1,Roster.java,2,4,0,4,0.0,0.0,1.0,Mostly Independent
4188,Slava Pestov,1,Roster.java,2,63,0,63,0.0,0.0,1.8095,Mostly Independent
4229,Slava Pestov,1,ManagePanel.java,8,17,2,15,0.117647,0.0,1.4706,Mixed
4230,Slava Pestov,1,Roster.java,3,11,2,9,0.181818,0.0,1.1818,Mixed
4231,Slava Pestov,4,HyperSearchResults.java,8,1126,1,1125,0.000888,0.0,3.8757,Mostly Independent
4232,Slava Pestov,3,DisplayManager.java,11,60,10,50,0.166667,0.116667,0.8833,Mixed
4234,Slava Pestov,2,ExtensionManager.java,2,7,0,7,0.0,0.0,2.0,Mostly Independent
4235,Slava Pestov,1,DisplayManager.java,14,71,22,49,0.309859,0.591549,0.5352,Mixed
4236,Slava Pestov,1,DisplayManager.java,16,78,22,56,0.282051,0.589744,0.5385,Mixed
4217,Slava Pestov,1,DisplayManager.java,32,128,14,114,0.109375,0.132812,1.1172,Mixed
4187,Slava Pestov,4,jEdit.java,13,68,0,68,0.0,0.0,1.1765,Mostly Independent
4106,Slava Pestov,1,VFSFileChooserDialog.java,2,12,0,12,0.0,0.0,4.0833,Mostly Independent
4108,Slava Pestov,2,VFSFileChooserDialog.java,2,2,0,2,0.0,0.0,2.0,Mostly Independent
3906,Slava Pestov,1,Registers.java,2,38,0,38,0.0,0.0,1.4211,Mostly Independent
3908,Slava Pestov,1,Registers.java,6,100,2,98,0.02,0.0,1.6,Mostly Independent
4191,Slava Pestov,1,Registers.java,4,74,1,73,0.013514,0.0,2.2973,Mostly Independent
3319,Slava Pestov,2,HistoryModel.java,2,46,0,46,0.0,0.0,2.6957,Mostly Independent
4238,Alan Ezust,7,VFSBrowser.java,16,2125,4,2121,0.001882,0.0,3.8456,Mostly Independent
4239,Slava Pestov,1,JEditTextArea.java,26,85,0,85,0.0,0.0,4.4706,Mostly Independent
3803,Slava Pestov,1,BrowserIORequest.java,2,13,0,13,0.0,0.153846,5.0769,Mostly Independent
4222,Slava Pestov,4,JEditTextArea.java,42,89,35,54,0.393258,0.41573,0.5843,Mixed
4243,Slava Pestov,1,FavoritesVFS.java,1,42,1,41,0.02381,0.0,1.0,Mostly Independent
4179,Slava Pestov,3,Roster.java,3,111,0,111,0.0,0.0,1.8649,Mostly Independent
4245,Slava Pestov,1,Roster.java,1,1,1,0,1.0,1.0,0.0,Mostly Dependent
4246,Slava Pestov,1,Roster.java,1,1,1,0,1.0,1.0,0.0,Mostly Dependent
4247,Slava Pestov,3,UndoManager.java,3,1,0,1,0.0,0.0,2.0,Mostly Independent
4249,Slava Pestov,3,RecentFilesProvider.java,3,28,0,28,0.0,0.0,2.9286,Mostly Independent
4250,Slava Pestov,2,BufferHistory.java,4,4,0,4,0.0,0.0,1.0,Mostly Independent
3506,Slava Pestov,2,PluginManagerProgress.java,2,214,1,213,0.004673,0.0,1.9953,Mostly Independent
3968,Slava Pestov,4,ManagePanel.java,14,32,2,30,0.0625,0.0,1.3125,Mostly Independent
4143,Slava Pestov,1,RecentDirectoriesProvider.java,1,24,0,24,0.0,0.0,3.9167,Mostly Independent
3357,Slava Pestov,1,IntegerArray.java,1,30,0,30,0.0,0.0,2.2333,Mostly Independent
4254,Slava Pestov,1,PluginManager.java,1,103,0,103,0.0,0.0,1.5437,Mostly Independent
4256,Slava Pestov,2,AbbrevsOptionPane.java,2,288,0,288,0.0,0.0,3.0972,Mostly Independent
4258,Slava Pestov,2,SearchAndReplace.java,5,7,0,7,0.0,0.0,2.0,Mostly Independent
4259,Slava Pestov,1,SearchDialog.java,3,6,0,6,0.0,0.0,6.3333,Mostly Independent
4221,Slava Pestov,1,DisplayManager.java,2,3,1,2,0.333333,1.0,0.0,Mixed
4260,Slava Pestov,3,DisplayManager.java,11,1539,1,1538,0.00065,0.0,3.718,Mostly Independent
4261,Slava Pestov,1,KeywordMap.java,1,2,1,1,0.5,0.0,1.0,Mixed
4262,Slava Pestov,2,ParserRuleSet.java,2,2,1,1,0.5,0.0,1.0,Mixed
4264,Slava Pestov,3,KillRing.java,6,219,0,219,0.0,0.0,2.0411,Mostly Independent
3447,Shlomy Reinstein,4,ErrorListDialog.java,13,19,0,19,0.0,0.0,1.0,Mostly Independent
4116,Matthieu Casanova,4,PluginJAR.java,13,45,0,45,0.0,0.0,1.0,Mostly Independent
4265,Slava Pestov,1,ErrorListDialog.java,1,9,0,9,0.0,0.0,1.7778,Mostly Independent
4267,Slava Pestov,1,ManagePanel.java,1,8,0,8,0.0,0.0,1.5,Mostly Independent
3784,Slava Pestov,1,BufferPrintable.java,2,570,2,568,0.003509,0.007018,2.5123,Mostly Independent
3785,Slava Pestov,2,BufferPrintable.java,4,689,2,687,0.002903,0.005806,2.8026,Mostly Independent
4270,Slava Pestov,4,ManagePanel.java,9,22,0,22,0.0,0.0,2.0,Mostly Independent
4271,Slava Pestov,5,GUIUtilities.java,14,17,14,3,0.823529,1.0,0.0,Mostly Dependent
4272,Matthieu Casanova,7,GUIUtilities.java,17,17,14,3,0.823529,1.0,0.0,Mostly Dependent
4274,Slava Pestov,1,FontSelector.java,2,18,0,18,0.0,0.0,2.7778,Mostly Independent
4266,Slava Pestov,1,InstallPanel.java,2,12,0,12,0.0,0.0,1.5833,Mostly Independent
4277,Slava Pestov,1,DefaultInputHandler.java,4,11,1,10,0.090909,0.0,1.3636,Mostly Independent
4276,Slava Pestov,1,KeyEventTranslator.java,10,477,0,477,0.0,0.0,5.0566,Mostly Independent
4275,Slava Pestov,5,KeyEventTranslator.java,16,2032,5,2027,0.002461,0.0,3.8878,Mostly Independent
4282,Slava Pestov,1,PositionManager.java,1,3,0,3,0.0,0.0,2.0,Mostly Independent
4283,Slava Pestov,1,PositionManager.java,9,125,10,115,0.08,0.096,6.56,Mostly Independent
4287,Slava Pestov,1,PositionManager.java,8,112,10,102,0.089286,0.107143,6.4821,Mostly Independent
4240,Slava Pestov,1,PasteFromListDialog.java,2,12,0,12,0.0,0.0,1.0,Mostly Independent
4289,Slava Pestov,1,PositionManager.java,2,7,0,7,0.0,0.0,3.0,Mostly Independent
4290,Slava Pestov,1,PositionManager.java,7,42,10,32,0.238095,0.333333,2.0,Mixed
4291,Slava Pestov,1,PositionManager.java,7,42,10,32,0.238095,0.333333,2.0,Mixed
4292,Slava Pestov,1,PositionManager.java,2,16,6,10,0.375,0.5,1.5,Mixed
4293,Slava Pestov,1,PositionManager.java,2,16,6,10,0.375,0.5,1.5,Mixed
4294,Slava Pestov,1,PositionManager.java,13,22,6,16,0.272727,0.363636,3.8182,Mixed
4296,Slava Pestov,1,PositionManager.java,6,31,4,27,0.129032,0.225806,2.3226,Mixed
4297,Slava Pestov,1,PositionManager.java,4,8,3,5,0.375,0.5,3.0,Mixed
4298,Slava Pestov,1,PositionManager.java,3,7,3,4,0.428571,0.571429,2.5714,Mixed
4300,Slava Pestov,1,TextAreaPainter.java,1,6,1,5,0.166667,0.166667,0.8333,Mixed
4301,Slava Pestov,1,TextAreaPainter.java,1,6,1,5,0.166667,0.166667,0.8333,Mixed
4295,Slava Pestov,1,PositionManager.java,5,27,4,23,0.148148,0.259259,2.2222,Mixed
4302,Slava Pestov,1,PositionManager.java,1,5,1,4,0.2,0.2,5.2,Mixed
4303,Slava Pestov,1,PositionManager.java,1,5,1,4,0.2,0.2,5.2,Mixed
4278,Slava Pestov,1,KeyEventTranslator.java,1,8,1,7,0.125,0.0,1.125,Mixed
4268,Slava Pestov,1,InstallPanel.java,1,2,0,2,0.0,0.0,2.0,Mostly Independent
4299,Slava Pestov,1,StructureMatcher.java,1,439,0,439,0.0,0.0,2.3941,Mostly Independent
4288,Slava Pestov,1,PositionManager.java,1,2,0,2,0.0,0.0,6.0,Mostly Independent
4304,Slava Pestov,1,PositionManager.java,3,41,6,35,0.146341,0.146341,6.2439,Mixed
4305,Slava Pestov,1,PositionManager.java,6,15,6,9,0.4,0.533333,2.8,Mixed
4306,Slava Pestov,1,PositionManager.java,3,12,5,7,0.416667,0.666667,2.0,Mixed
4307,Slava Pestov,1,PositionManager.java,5,14,5,9,0.357143,0.571429,2.5714,Mixed
4308,Slava Pestov,1,PositionManager.java,3,18,2,16,0.111111,0.222222,3.3333,Mixed
4309,Slava Pestov,1,PositionManager.java,3,18,2,16,0.111111,0.222222,3.3333,Mixed
4310,Slava Pestov,1,SearchAndReplace.java,1,2,1,1,0.5,0.5,0.5,Mixed
2301,Slava Pestov,1,ParseException.java,1,2,0,2,0.0,0.0,3.5,Mostly Independent
2310,Slava Pestov,2,Primitive.java,2,96,3,93,0.03125,0.03125,4.9688,Mostly Independent
2632,Slava Pestov,1,Parser.java,2,128,60,68,0.46875,0.90625,0.4531,Mixed
2634,Slava Pestov,1,Parser.java,2,128,60,68,0.46875,0.90625,0.4531,Mixed
2641,Slava Pestov,1,Parser.java,2,60,27,33,0.45,0.766667,1.3333,Mixed
2676,Slava Pestov,1,Parser.java,2,128,60,68,0.46875,0.90625,0.4531,Mixed
2766,Slava Pestov,1,Parser.java,2,103,48,55,0.466019,0.902913,0.4854,Mixed
2769,Slava Pestov,1,Parser.java,2,103,48,55,0.466019,0.902913,0.4854,Mixed
2773,Slava Pestov,1,Parser.java,2,103,48,55,0.466019,0.902913,0.4854,Mixed
2783,Slava Pestov,1,Parser.java,2,8,0,8,0.0,0.0,5.25,Mostly Independent
2796,Slava Pestov,1,Parser.java,2,3,0,3,0.0,0.0,5.6667,Mostly Independent
2814,Slava Pestov,1,Parser.java,2,50,23,27,0.46,0.88,0.72,Mixed
3172,Slava Pestov,1,ParserTokenManager.java,1,544,9,535,0.016544,0.020221,5.7188,Mostly Independent
3173,Slava Pestov,1,ParserTokenManager.java,1,544,9,535,0.016544,0.020221,5.7188,Mostly Independent
3176,Slava Pestov,1,ParserTokenManager.java,1,544,9,535,0.016544,0.020221,5.7188,Mostly Independent
3177,Slava Pestov,1,ParserTokenManager.java,1,544,9,535,0.016544,0.020221,5.7188,Mostly Independent
3179,Slava Pestov,1,ParserTokenManager.java,1,544,9,535,0.016544,0.020221,5.7188,Mostly Independent
3189,Slava Pestov,1,ParserTokenManager.java,1,23,2,21,0.086957,0.086957,5.3478,Mostly Independent
3190,Slava Pestov,1,ParserTokenManager.java,1,23,2,21,0.086957,0.086957,5.3478,Mostly Independent
3191,Slava Pestov,1,ParserTokenManager.java,1,23,2,21,0.086957,0.086957,5.3478,Mostly Independent
3192,Slava Pestov,1,ParserTokenManager.java,1,169,1,168,0.005917,0.005917,5.2604,Mostly Independent
3199,Slava Pestov,1,ParserTokenManager.java,1,169,1,168,0.005917,0.005917,5.2604,Mostly Independent
3205,Slava Pestov,1,ParserTokenManager.java,1,2,1,1,0.5,0.5,3.0,Mixed
3206,Slava Pestov,1,ParserTokenManager.java,1,2,1,1,0.5,0.5,3.0,Mixed
3207,Slava Pestov,1,ParserTokenManager.java,1,28,2,26,0.071429,0.071429,4.0714,Mostly Independent
3390,Slava Pestov,1,ParseException.java,1,2,2,0,1.0,1.0,0.0,Mostly Dependent
4313,Slava Pestov,1,BshClassManager.java,2,7,2,5,0.285714,0.428571,2.2857,Mixed
4314,Slava Pestov,1,BshClassManager.java,2,7,2,5,0.285714,0.428571,2.2857,Mixed
4316,Slava Pestov,1,BshMethod.java,2,524,17,507,0.032443,0.001908,5.1813,Mostly Independent
4319,Slava Pestov,1,BSHPrimarySuffix.java,1,3,0,3,0.0,0.0,3.0,Mostly Independent
4321,Slava Pestov,1,Name.java,1,219,7,212,0.031963,0.0,5.4247,Mostly Independent
4322,Slava Pestov,1,ParserTokenManager.java,1,219,7,212,0.031963,0.045662,5.379,Mostly Independent
4324,Slava Pestov,1,This.java,1,15,1,14,0.066667,0.0,5.0667,Mostly Independent
4331,Slava Pestov,2,NameSpace.java,3,18,0,18,0.0,0.0,5.7222,Mostly Independent
4332,Slava Pestov,1,Parser.java,1,1,1,0,1.0,1.0,0.0,Mostly Dependent
4333,Slava Pestov,1,Parser.java,1,1,1,0,1.0,1.0,0.0,Mostly Dependent
4334,Slava Pestov,1,Parser.java,1,2,0,2,0.0,0.0,2.0,Mostly Independent
4335,Slava Pestov,1,Parser.java,1,7,4,3,0.571429,0.571429,1.0,Mostly Dependent
4336,Slava Pestov,1,Parser.java,1,12,6,6,0.5,0.833333,0.8333,Mixed
4337,Slava Pestov,1,Parser.java,1,7,4,3,0.571429,0.571429,1.0,Mostly Dependent
4338,Slava Pestov,1,Parser.java,1,7,4,3,0.571429,0.571429,1.0,Mostly Dependent
4339,Slava Pestov,1,Parser.java,1,7,4,3,0.571429,0.571429,1.0,Mostly Dependent
4340,Slava Pestov,1,Parser.java,2,69,60,9,0.869565,0.985507,0.0435,Mostly Dependent
4341,Slava Pestov,1,Parser.java,1,3,1,2,0.333333,0.333333,1.3333,Mixed
4342,Slava Pestov,1,Parser.java,1,3,1,2,0.333333,0.333333,1.3333,Mixed
4343,Slava Pestov,1,Parser.java,1,11,1,10,0.090909,0.090909,4.9091,Mostly Independent
4344,Slava Pestov,1,Parser.java,2,12,6,6,0.5,1.0,0.0,Mixed
4345,Slava Pestov,1,Parser.java,2,10,10,0,1.0,1.0,0.0,Mostly Dependent
4346,Slava Pestov,1,Parser.java,2,10,10,0,1.0,1.0,0.0,Mostly Dependent
4347,Slava Pestov,1,Parser.java,1,4,1,3,0.25,0.0,2.25,Mixed
4349,Slava Pestov,1,Parser.java,2,27,2,25,0.074074,0.111111,5.3333,Mostly Independent
4350,Slava Pestov,1,Parser.java,2,4,4,0,1.0,1.0,0.0,Mostly Dependent
4351,Slava Pestov,1,Parser.java,2,83,72,11,0.86747,0.975904,0.1446,Mostly Dependent
4352,Slava Pestov,1,Parser.java,2,83,72,11,0.86747,0.975904,0.1446,Mostly Dependent
4353,Slava Pestov,1,Parser.java,2,10,10,0,1.0,1.0,0.0,Mostly Dependent
4354,Slava Pestov,1,Parser.java,2,10,10,0,1.0,1.0,0.0,Mostly Dependent
4355,Slava Pestov,1,Parser.java,2,10,10,0,1.0,1.0,0.0,Mostly Dependent
4356,Slava Pestov,1,Parser.java,2,10,10,0,1.0,1.0,0.0,Mostly Dependent
4357,Slava Pestov,1,Parser.java,2,10,10,0,1.0,1.0,0.0,Mostly Dependent
4358,Slava Pestov,1,Parser.java,2,4,4,0,1.0,1.0,0.0,Mostly Dependent
4360,Slava Pestov,1,ParserTokenManager.java,1,9,9,0,1.0,1.0,0.0,Mostly Dependent
4361,Slava Pestov,1,ParserTokenManager.java,1,9,9,0,1.0,1.0,0.0,Mostly Dependent
4362,Slava Pestov,1,ParserTokenManager.java,1,9,9,0,1.0,1.0,0.0,Mostly Dependent
4363,Slava Pestov,1,ParserTokenManager.java,1,9,9,0,1.0,1.0,0.0,Mostly Dependent
4364,Slava Pestov,1,ParserTokenManager.java,1,9,9,0,1.0,1.0,0.0,Mostly Dependent
4365,Slava Pestov,1,ParserTokenManager.java,1,9,9,0,1.0,1.0,0.0,Mostly Dependent
4366,Slava Pestov,1,ParserTokenManager.java,1,9,9,0,1.0,1.0,0.0,Mostly Dependent
4367,Slava Pestov,1,ParserTokenManager.java,1,9,9,0,1.0,1.0,0.0,Mostly Dependent
4368,Slava Pestov,1,ParserTokenManager.java,1,9,9,0,1.0,1.0,0.0,Mostly Dependent
4369,Slava Pestov,1,ParserTokenManager.java,1,9,9,0,1.0,1.0,0.0,Mostly Dependent
4372,Slava Pestov,1,Reflect.java,1,8,1,7,0.125,0.125,5.25,Mixed
4373,Slava Pestov,1,Reflect.java,1,8,1,7,0.125,0.125,5.25,Mixed
4374,Slava Pestov,1,XThis.java,1,17,0,17,0.0,0.0,5.3529,Mostly Independent
4169,Slava Pestov,4,NameSpace.java,5,8,6,2,0.75,0.875,0.75,Mostly Dependent
4315,Slava Pestov,1,NameSpace.java,1,7,0,7,0.0,0.0,5.4286,Mostly Independent
4376,Slava Pestov,1,KillRing.java,1,28,1,27,0.035714,0.0,2.5,Mostly Independent
4378,Slava Pestov,1,KillRing.java,4,36,1,35,0.027778,0.0,2.5,Mostly Independent
4379,Slava Pestov,1,KillRing.java,3,26,2,24,0.076923,0.0,1.7692,Mostly Independent
4380,Slava Pestov,2,KillRing.java,7,16,2,14,0.125,0.0,1.0,Mixed
4263,Slava Pestov,4,KillRing.java,6,5,0,5,0.0,0.0,2.0,Mostly Independent
4377,Slava Pestov,1,KillRing.java,3,27,0,27,0.0,0.0,2.0741,Mostly Independent
4381,Slava Pestov,2,SearchDialog.java,3,458,4,454,0.008734,0.015284,3.4476,Mostly Independent
4384,Slava Pestov,1,PositionManager.java,1,3,0,3,0.0,0.666667,2.0,Mostly Independent
4385,Slava Pestov,1,PositionManager.java,1,4,3,1,0.75,0.75,1.5,Mostly Dependent
4386,Slava Pestov,1,PositionManager.java,1,4,3,1,0.75,0.75,1.5,Mostly Dependent
4387,Slava Pestov,1,DisplayManager.java,1,2,1,1,0.5,1.0,0.0,Mixed
4388,Slava Pestov,1,DisplayManager.java,2,3,2,1,0.666667,1.0,0.0,Mostly Dependent
4389,Matthieu Casanova,2,PositionManager.java,6,11,6,5,0.545455,0.545455,0.5455,Mostly Dependent
4390,Matthieu Casanova,2,PositionManager.java,6,11,6,5,0.545455,0.545455,0.5455,Mostly Dependent
4392,Slava Pestov,1,CompleteWord.java,2,11,1,10,0.090909,0.363636,0.6364,Mostly Independent
4396,Slava Pestov,2,TextUtilities.java,2,8,2,6,0.25,0.25,0.75,Mixed
4397,Slava Pestov,2,TextUtilities.java,2,8,2,6,0.25,0.25,0.75,Mixed
4391,Slava Pestov,2,HyperSearchResult.java,3,1,1,0,1.0,0.0,1.0,Mostly Dependent
4398,Slava Pestov,2,SettingsReloader.java,2,15,0,15,0.0,0.0,1.0,Mostly Independent
4399,Slava Pestov,1,Java14.java,2,6,0,6,0.0,0.0,5.0,Mostly Independent
4402,Slava Pestov,1,VFSFileNameField.java,2,8,0,8,0.0,0.125,3.25,Mostly Independent
4403,Slava Pestov,1,ManagePanel.java,4,8,0,8,0.0,0.0,1.75,Mostly Independent
4404,Matthieu Casanova,6,MiscUtilities.java,32,2499,55,2444,0.022009,0.0,3.0076,Mostly Independent
4406,Slava Pestov,1,ActionBar.java,1,4,0,4,0.0,0.0,3.0,Mostly Independent
4180,Slava Pestov,4,PluginJAR.java,7,13,7,6,0.538462,0.692308,0.3077,Mostly Dependent
4408,Shlomy Reinstein,4,Selection.java,6,15,1,14,0.066667,0.0,2.0,Mostly Independent
4409,Slava Pestov,6,View.java,11,22,0,22,0.0,0.0,1.0,Mostly Independent
4410,Slava Pestov,1,DisplayManager.java,2,31,2,29,0.064516,0.064516,1.1613,Mostly Independent
4411,Slava Pestov,1,DisplayManager.java,2,31,2,29,0.064516,0.064516,1.1613,Mostly Independent
4115,Slava Pestov,1,VFSManager.java,2,26,0,26,0.0,0.0,1.4231,Mostly Independent
4412,Slava Pestov,1,InstallPanel.java,2,3,0,3,0.0,0.0,2.3333,Mostly Independent
4413,Slava Pestov,1,FilesChangedDialog.java,1,1,0,1,0.0,0.0,1.0,Mostly Independent
3824,Slava Pestov,1,CompleteWord.java,2,36,0,36,0.0,0.0,2.1944,Mostly Independent
3948,Slava Pestov,1,CompleteWord.java,2,9,1,8,0.111111,0.0,1.7778,Mixed
3934,Slava Pestov,2,CompleteWord.java,3,14,1,13,0.071429,0.285714,0.7143,Mostly Independent
4415,Slava Pestov,1,BufferIORequest.java,1,1,0,1,0.0,0.0,6.0,Mostly Independent
4416,Slava Pestov,1,HistoryModel.java,2,48,0,48,0.0,0.020833,1.8958,Mostly Independent
3424,Slava Pestov,1,BrowserCommandsMenu.java,2,17,0,17,0.0,0.0,3.2941,Mostly Independent
4417,Slava Pestov,1,BrowserCommandsMenu.java,1,10,1,9,0.1,0.1,2.8,Mostly Independent
3755,Kris Kopicki,1,ShowRecentMenu.java,1,17,1,16,0.058824,0.0,1.0,Mostly Independent
4419,Marcelo Vanzin,2,Delegate.java,3,43,0,43,0.0,0.0,7.4419,Mostly Independent
4244,Slava Pestov,1,FileRootsVFS.java,2,42,3,39,0.071429,0.0,1.0,Mostly Independent
4420,Slava Pestov,1,FileRootsVFS.java,1,2,1,1,0.5,0.5,0.5,Mixed
4421,Slava Pestov,1,FileRootsVFS.java,1,2,1,1,0.5,0.5,0.5,Mixed
4418,Slava Pestov,2,BufferIORequest.java,4,13,1,12,0.076923,0.076923,3.3846,Mostly Independent
4423,Slava Pestov,1,FontSelector.java,1,3,0,3,0.0,0.333333,1.3333,Mostly Independent
4424,Slava Pestov,1,DockableWindowManager.java,1,4,1,3,0.25,0.25,1.0,Mixed
4425,Slava Pestov,1,DockableWindowManager.java,1,4,1,3,0.25,0.25,1.0,Mixed
4426,Slava Pestov,2,PanelWindowContainer.java,2,10,2,8,0.2,0.2,1.0,Mixed
4427,Slava Pestov,2,PanelWindowContainer.java,2,10,2,8,0.2,0.2,1.0,Mixed
4428,Slava Pestov,1,FilesChangedDialog.java,2,3,0,3,0.0,0.0,1.0,Mostly Independent
2745,Slava Pestov,1,Parser.java,1,120,2,118,0.016667,0.025,5.2917,Mostly Independent
2750,Slava Pestov,1,Parser.java,1,94,29,65,0.308511,0.893617,0.5319,Mixed
4312,Slava Pestov,1,BlockNameSpace.java,1,4,1,3,0.25,0.0,1.0,Mixed
4370,Slava Pestov,2,Primitive.java,2,4,2,2,0.5,0.5,0.5,Mixed
4429,Slava Pestov,1,BSHAllocationExpression.java,1,2,0,2,0.0,0.0,1.0,Mostly Independent
4432,Slava Pestov,2,Reflect.java,2,442,12,430,0.027149,0.006787,5.1154,Mostly Independent
4436,Slava Pestov,1,BSHFormalParameters.java,1,1,1,0,1.0,1.0,0.0,Mostly Dependent
4438,Slava Pestov,1,BSHType.java,1,29,0,29,0.0,0.0,4.8276,Mostly Independent
4439,Slava Pestov,1,Reflect.java,1,2,0,2,0.0,0.0,4.0,Mostly Independent
4449,Slava Pestov,2,Primitive.java,2,8,1,7,0.125,0.0,4.125,Mixed
4450,Slava Pestov,2,NameSpace.java,2,5,3,2,0.6,0.0,1.0,Mostly Dependent
4453,Slava Pestov,1,Parser.java,1,1,1,0,1.0,1.0,0.0,Mostly Dependent
4454,Slava Pestov,1,Parser.java,1,1,1,0,1.0,1.0,0.0,Mostly Dependent
4455,Slava Pestov,1,Parser.java,1,2,0,2,0.0,0.0,2.0,Mostly Independent
4456,Slava Pestov,1,Parser.java,1,2,0,2,0.0,0.0,2.0,Mostly Independent
4457,Slava Pestov,1,Parser.java,1,7,3,4,0.428571,1.0,0.0,Mixed
4458,Slava Pestov,1,Parser.java,1,13,2,11,0.153846,0.153846,5.0769,Mixed
4459,Slava Pestov,1,Parser.java,1,43,37,6,0.860465,0.953488,0.2791,Mostly Dependent
4460,Slava Pestov,2,Reflect.java,2,18,3,15,0.166667,0.0,4.7222,Mixed
4053,Slava Pestov,1,Selection.java,1,1,0,1,0.0,1.0,0.0,Mostly Independent
4515,Slava Pestov,1,Selection.java,1,6,0,6,0.0,0.0,1.0,Mostly Independent
4516,Slava Pestov,1,EditPane.java,1,6,0,6,0.0,0.0,1.0,Mostly Independent
4518,Slava Pestov,1,Java14.java,1,1,0,1,0.0,0.0,1.0,Mostly Independent
4519,Slava Pestov,2,BrowserView.java,2,113,1,112,0.00885,0.0,1.7257,Mostly Independent
4109,Slava Pestov,1,ReadWriteLock.java,1,9,0,9,0.0,0.111111,3.5556,Mostly Independent
4441,Slava Pestov,2,ClassGeneratorUtil.java,2,179,3,176,0.01676,0.0,5.8827,Mostly Independent
4442,Slava Pestov,1,ClassGeneratorUtil.java,1,1,1,0,1.0,1.0,0.0,Mostly Dependent
4443,Slava Pestov,1,ClassGeneratorUtil.java,1,1,1,0,1.0,1.0,0.0,Mostly Dependent
4448,Slava Pestov,1,ClassGeneratorUtil.java,1,7,1,6,0.142857,0.0,3.8571,Mixed
4521,Matthieu Casanova,6,jEdit.java,37,39,35,4,0.897436,1.0,0.0,Mostly Dependent
4132,Matthieu Casanova,2,PluginJAR.java,4,7,3,4,0.428571,1.0,0.0,Mixed
4526,Shlomy Reinstein,5,DockableWindowManager.java,22,25,0,25,0.0,0.0,1.16,Mostly Independent
4527,Alan Ezust,5,DockableWindowManager.java,12,16,11,5,0.6875,0.875,0.125,Mostly Dependent
4528,Alan Ezust,5,DockableWindowManager.java,12,16,11,5,0.6875,0.875,0.125,Mostly Dependent
3795,Slava Pestov,1,EditingOptionPane.java,2,7,0,7,0.0,0.0,2.0,Mostly Independent
4531,Slava Pestov,1,EditingOptionPane.java,1,3,3,0,1.0,0.333333,1.3333,Mostly Dependent
4532,Slava Pestov,1,EditingOptionPane.java,1,3,3,0,1.0,0.333333,1.3333,Mostly Dependent
4522,Slava Pestov,1,PropertyManager.java,1,371,3,368,0.008086,0.0,1.8356,Mostly Independent
4096,Slava Pestov,2,QuickNotepad.java,4,4,0,4,0.0,0.0,8.0,Mostly Independent
4533,Slava Pestov,1,VFSFileNameField.java,1,5,0,5,0.0,0.2,2.4,Mostly Independent
4281,Slava Pestov,1,LineManager.java,1,17,0,17,0.0,0.0,1.8235,Mostly Independent
3945,Slava Pestov,1,PerspectiveManager.java,2,37,0,37,0.0,0.0,1.8649,Mostly Independent
4255,Alan Ezust,6,HelpViewer.java,8,204,21,183,0.102941,0.0,1.5196,Mixed
4535,Slava Pestov,2,AppearanceOptionPane.java,2,40,2,38,0.05,0.0,2.175,Mostly Independent
4536,Slava Pestov,1,HistoryModel.java,1,31,2,29,0.064516,0.032258,1.871,Mostly Independent
4538,Slava Pestov,3,AppearanceOptionPane.java,3,33,1,32,0.030303,0.0,1.7576,Mostly Independent
4517,Slava Pestov,1,GUIUtilities.java,1,6,0,6,0.0,0.0,1.0,Mostly Independent
4520,Slava Pestov,5,HyperSearchResults.java,8,28,0,28,0.0,0.0,2.0,Mostly Independent
4539,Slava Pestov,3,FileVFS.java,3,22,0,22,0.0,0.0,1.9091,Mostly Independent
3947,Slava Pestov,1,ActionBar.java,1,7,1,6,0.142857,0.0,1.7143,Mixed
4541,Slava Pestov,1,DisplayManager.java,6,36,5,31,0.138889,0.305556,1.0278,Mixed
4540,Slava Pestov,1,DisplayManager.java,10,52,5,47,0.096154,0.211538,1.1731,Mostly Independent
4280,Slava Pestov,1,LineManager.java,1,8,1,7,0.125,0.125,2.25,Mixed
4284,Slava Pestov,1,LineManager.java,1,2,2,0,1.0,1.0,0.0,Mostly Dependent
4285,Slava Pestov,1,LineManager.java,1,2,2,0,1.0,1.0,0.0,Mostly Dependent
4286,Slava Pestov,1,LineManager.java,1,2,2,0,1.0,1.0,0.0,Mostly Dependent
4576,Slava Pestov,1,LineManager.java,1,7,1,6,0.142857,0.142857,2.4286,Mixed
4582,Slava Pestov,1,DisplayManager.java,7,38,11,27,0.289474,0.447368,0.7368,Mixed
4569,Slava Pestov,1,HistoryText.java,2,2,2,0,1.0,1.0,0.0,Mostly Dependent
4570,Slava Pestov,1,HistoryText.java,2,2,2,0,1.0,1.0,0.0,Mostly Dependent
4571,Slava Pestov,1,HistoryText.java,1,5,1,4,0.2,0.2,4.8,Mixed
4572,Slava Pestov,1,HistoryText.java,1,5,1,4,0.2,0.2,4.8,Mixed
4585,Slava Pestov,1,DisplayManager.java,4,28,6,22,0.214286,0.571429,0.5714,Mixed
4586,Slava Pestov,1,DisplayManager.java,2,18,6,12,0.333333,0.666667,0.4444,Mixed
4588,Slava Pestov,1,BeanShell.java,1,3,0,3,0.0,0.0,3.6667,Mostly Independent
4592,Slava Pestov,2,SelectionManager.java,2,2,0,2,0.0,0.0,3.0,Mostly Independent
4525,Slava Pestov,1,PanelWindowContainer.java,1,406,0,406,0.0,0.0,2.4606,Mostly Independent
4587,Marcelo Vanzin,4,VFS.java,5,20,0,20,0.0,0.0,3.15,Mostly Independent
4591,Slava Pestov,1,VFSDirectoryEntryTable.java,1,5,0,5,0.0,0.0,2.0,Mostly Independent
4643,Slava Pestov,3,RegexpIndentRule.java,3,203,0,203,0.0,0.0,4.1724,Mostly Independent
4644,Marcelo Vanzin,5,IndentAction.java,8,21,6,15,0.285714,0.0,1.8095,Mixed
4534,Shlomy Reinstein,6,PerspectiveManager.java,18,77,0,77,0.0,0.0,1.3896,Mostly Independent
4651,Slava Pestov,2,MouseHandler.java,2,18,0,18,0.0,0.0,1.0,Mostly Independent
4652,Matthieu Casanova,3,RegisterViewer.java,4,13,1,12,0.076923,0.076923,0.9231,Mostly Independent
4241,Slava Pestov,1,VFSDirectoryEntryTableModel.java,1,3,1,2,0.333333,0.333333,1.3333,Mixed
4242,Slava Pestov,1,VFSDirectoryEntryTableModel.java,1,3,1,2,0.333333,0.333333,1.3333,Mixed
4182,Slava Pestov,1,PanelWindowContainer.java,1,3,0,3,0.0,0.666667,0.3333,Mostly Independent
4649,Matthieu Casanova,4,EditPane.java,18,19,18,1,0.947368,1.0,0.0,Mostly Dependent
4653,Slava Pestov,2,SelectionManager.java,2,53,0,53,0.0,0.0,1.1321,Mostly Independent
4625,Slava Pestov,2,VFSFile.java,2,5,0,5,0.0,0.0,1.0,Mostly Independent
4654,Martin Raspe,2,VFSDirectoryEntryTableModel.java,3,8,0,8,0.0,0.0,5.5,Mostly Independent
4655,Slava Pestov,1,VFSFile.java,1,2,0,2,0.0,0.0,2.0,Mostly Independent
4589,copy_paste,2,HyperSearchFileNode.java,2,7,0,7,0.0,0.0,2.0,Mostly Independent
4583,Slava Pestov,1,ScreenLineManager.java,1,135,2,133,0.014815,0.0,2.437,Mostly Independent
4657,Matthieu Casanova,5,JEditBuffer.java,11,1107,39,1068,0.03523,0.0,3.6477,Mostly Independent
4658,Matthieu Casanova,5,JEditBuffer.java,15,2091,35,2056,0.016738,0.0,3.901,Mostly Independent
4660,Marcelo Vanzin,5,JEditBuffer.java,11,145,76,69,0.524138,0.855172,0.2414,Mostly Dependent
4662,Matthieu Casanova,5,JEditBuffer.java,15,353,84,269,0.23796,0.184136,2.0652,Mixed
4663,Matthieu Casanova,6,JEditBuffer.java,13,319,77,242,0.241379,0.184953,2.0502,Mixed
4664,Matthieu Casanova,6,JEditBuffer.java,12,305,72,233,0.236066,0.190164,2.0295,Mixed
4665,Matthieu Casanova,5,JEditBuffer.java,10,271,71,200,0.261993,0.206642,1.9815,Mixed
4666,Matthieu Casanova,6,JEditBuffer.java,15,352,80,272,0.227273,0.176136,2.0795,Mixed
4675,Marcelo Vanzin,5,JEditBuffer.java,13,169,76,93,0.449704,0.852071,0.2426,Mixed
4687,Marcelo Vanzin,5,JEditBuffer.java,10,10,8,2,0.8,1.0,0.0,Mostly Dependent
4688,Marcelo Vanzin,5,JEditBuffer.java,13,27,12,15,0.444444,0.518519,0.963,Mixed
4689,Marcelo Vanzin,5,JEditBuffer.java,12,54,47,7,0.87037,1.0,0.0,Mostly Dependent
4690,Matthieu Casanova,5,JEditBuffer.java,13,27,12,15,0.444444,0.518519,0.963,Mixed
4691,Marcelo Vanzin,5,JEditBuffer.java,13,54,50,4,0.925926,1.0,0.0,Mostly Dependent
4692,Matthieu Casanova,4,JEditBuffer.java,13,56,48,8,0.857143,1.0,0.0,Mostly Dependent
4693,Matthieu Casanova,5,JEditBuffer.java,14,56,51,5,0.910714,1.0,0.0,Mostly Dependent
4694,Marcelo Vanzin,5,JEditBuffer.java,13,54,50,4,0.925926,1.0,0.0,Mostly Dependent
4699,Matthieu Casanova,4,EditPane.java,5,5,5,0,1.0,1.0,0.0,Mostly Dependent
4700,Matthieu Casanova,4,EditPane.java,5,5,5,0,1.0,1.0,0.0,Mostly Dependent
4624,Matthieu Casanova,3,VFS.java,3,5,0,5,0.0,0.0,1.0,Mostly Independent
4698,copy_paste,1,HyperSearchOperationNode.java,1,159,0,159,0.0,0.0,2.0881,Mostly Independent
4701,Nicholas O'Leary,1,TextAreaTransferHandler.java,1,11,0,11,0.0,0.0,3.0,Mostly Independent
4705,Alan Ezust,3,HelpViewer.java,5,14,4,10,0.285714,0.357143,1.1429,Mixed
4706,Marcelo Vanzin,3,HelpViewer.java,4,13,4,9,0.307692,0.384615,1.0769,Mixed
4704,Marcelo Vanzin,5,HistoryButton.java,6,709,44,665,0.062059,0.0,3.3371,Mostly Independent
4707,Marcelo Vanzin,5,HistoryButton.java,6,11,0,11,0.0,0.0,4.3636,Mostly Independent
4708,Marcelo Vanzin,5,HelpHistoryModel.java,6,153,21,132,0.137255,0.0,1.5229,Mixed
4626,Matthieu Casanova,2,BufferSaveRequest.java,2,29,0,29,0.0,0.0,3.069,Mostly Independent
4630,Matthieu Casanova,3,BufferSaveRequest.java,5,57,3,54,0.052632,0.105263,1.3333,Mostly Independent
4632,Matthieu Casanova,4,BufferSaveRequest.java,4,45,6,39,0.133333,0.133333,1.3111,Mixed
4640,Matthieu Casanova,3,BufferSaveRequest.java,4,29,2,27,0.068966,0.0,1.6897,Mostly Independent
4709,Marcelo Vanzin,3,BufferIORequest.java,7,368,4,364,0.01087,0.005435,4.7853,Mostly Independent
4710,Marcelo Vanzin,2,BufferIORequest.java,2,149,2,147,0.013423,0.013423,3.9463,Mostly Independent
4711,Marcelo Vanzin,1,BufferIORequest.java,1,2,1,1,0.5,0.5,3.0,Mixed
4099,Alan Ezust,1,ActionContext.java,1,398,0,398,0.0,0.0,1.907,Mostly Independent
1291,Alan Ezust,1,EditPaneUpdate.java,3,961,2,959,0.002081,0.0,3.0624,Mostly Independent
4645,Alan Ezust,4,TextUtilities.java,8,848,51,797,0.060142,0.009434,2.7028,Mostly Independent
3817,Alan Ezust,1,VariableGridLayout.java,1,8,0,8,0.0,0.125,6.0,Mostly Independent
4138,Xuân Baldauf,3,RecentFilesProvider.java,3,636,3,633,0.004717,0.009434,2.8223,Mostly Independent
4253,Xuân Baldauf,2,RecentFilesProvider.java,2,6,1,5,0.166667,0.0,1.6667,Mixed
4590,Xuân Baldauf,1,GrabKeyDialog.java,2,5,0,5,0.0,0.0,1.8,Mostly Independent
4763,Matthieu Casanova,2,SearchDialog.java,7,11,4,7,0.363636,0.636364,0.7273,Mixed
2368,Marcelo Vanzin,1,XModeHandler.java,1,2,0,2,0.0,0.0,1.0,Mostly Independent
2540,Marcelo Vanzin,1,PluginListHandler.java,1,13,1,12,0.076923,0.0,5.6154,Mostly Independent
3971,Marcelo Vanzin,1,MirrorListHandler.java,1,501,4,497,0.007984,0.0,2.4112,Mostly Independent
3974,Marcelo Vanzin,1,MirrorListHandler.java,1,17,0,17,0.0,0.0,3.5882,Mostly Independent
3976,Marcelo Vanzin,1,MirrorListHandler.java,1,8,0,8,0.0,0.0,4.125,Mostly Independent
4071,Marcelo Vanzin,1,ServiceListHandler.java,1,110,2,108,0.018182,0.0,1.2545,Mostly Independent
4194,Marcelo Vanzin,1,ServiceManager.java,1,480,1,479,0.002083,0.0,1.7396,Mostly Independent
4196,Marcelo Vanzin,2,ServiceManager.java,2,12,0,12,0.0,0.0,1.0,Mostly Independent
4199,Marcelo Vanzin,2,ServiceManager.java,2,73,2,71,0.027397,0.027397,0.9726,Mostly Independent
4200,Marcelo Vanzin,2,ServiceManager.java,2,73,2,71,0.027397,0.027397,0.9726,Mostly Independent
4201,Marcelo Vanzin,1,ServiceManager.java,1,10,0,10,0.0,0.0,1.0,Mostly Independent
4401,Marcelo Vanzin,2,HelpTOCPanel.java,4,10,1,9,0.1,0.0,2.0,Mostly Independent
4606,Alan Ezust,2,DockableWindowFactory.java,3,19,2,17,0.105263,0.0,2.4211,Mixed
4608,Alan Ezust,2,DockableWindowFactory.java,3,504,5,499,0.009921,0.0,2.9921,Mostly Independent
4614,Alan Ezust,3,DockableWindowFactory.java,4,146,2,144,0.013699,0.0,2.2329,Mostly Independent
4615,Alan Ezust,2,DockableWindowFactory.java,3,8,0,8,0.0,0.0,1.0,Mostly Independent
4617,Marcelo Vanzin,1,DockableWindowFactory.java,1,9,1,8,0.111111,0.0,1.0,Mixed
4770,Marcelo Vanzin,1,XModeHandler.java,1,9,1,8,0.111111,0.0,2.2222,Mixed
4772,Björn Kautler,4,XModeHandler.java,5,637,4,633,0.006279,0.0,3.3595,Mostly Independent
4775,Matthieu Casanova,2,PluginListHandler.java,3,6,1,5,0.166667,0.0,1.0,Mixed
4778,Marcelo Vanzin,1,ServiceListHandler.java,1,5,0,5,0.0,0.0,1.0,Mostly Independent
4779,Marcelo Vanzin,1,MirrorListHandler.java,1,1,0,1,0.0,0.0,6.0,Mostly Independent
4780,Marcelo Vanzin,1,KillRing.java,2,4,0,4,0.0,0.0,1.0,Mostly Independent
4781,Marcelo Vanzin,3,BufferHistory.java,5,2,2,0,1.0,0.0,1.0,Mostly Dependent
4782,Marcelo Vanzin,1,KillRing.java,1,21,0,21,0.0,0.0,2.1905,Mostly Independent
4784,Shlomy Reinstein,4,PerspectiveManager.java,11,38,1,37,0.026316,0.0,1.0,Mostly Independent
4785,Marcelo Vanzin,1,PluginListHandler.java,1,16,1,15,0.0625,0.0,1.1875,Mostly Independent
4786,Marcelo Vanzin,3,XModeHandler.java,6,7,4,3,0.571429,1.0,0.0,Mostly Dependent
4771,Matthieu Casanova,3,MiscUtilities.java,5,55,0,55,0.0,0.0,2.0909,Mostly Independent
4635,Kazutoshi Satoda,2,BufferLoadRequest.java,3,11,0,11,0.0,0.0,1.6364,Mostly Independent
4636,Matthieu Casanova,2,BufferLoadRequest.java,2,2,0,2,0.0,0.0,6.0,Mostly Independent
4637,Matthieu Casanova,1,BufferLoadRequest.java,1,2,0,2,0.0,0.0,6.0,Mostly Independent
4573,Matthieu Casanova,1,MouseHandler.java,1,44,0,44,0.0,0.0,1.7955,Mostly Independent
4578,Matthieu Casanova,1,SelectionManager.java,1,175,3,172,0.017143,0.0,2.1486,Mostly Independent
4646,Matthieu Casanova,3,TextUtilities.java,4,4,4,0,1.0,1.0,0.0,Mostly Dependent
4647,Matthieu Casanova,2,TextUtilities.java,3,4,4,0,1.0,1.0,0.0,Mostly Dependent
4668,Marcelo Vanzin,3,JEditBuffer.java,9,129,68,61,0.527132,0.868217,0.2248,Mostly Dependent
4681,Matthieu Casanova,4,JEditBuffer.java,8,10,6,4,0.6,1.0,0.0,Mostly Dependent
4682,Marcelo Vanzin,3,JEditBuffer.java,8,10,6,4,0.6,1.0,0.0,Mostly Dependent
4631,Matthieu Casanova,2,BufferInsertRequest.java,2,30,3,27,0.1,0.1,1.2333,Mostly Independent
4252,Matthieu Casanova,1,RecentDirectoriesProvider.java,1,4,1,3,0.25,0.0,1.5,Mixed
4789,Matthieu Casanova,1,IOUtilities.java,3,128,6,122,0.046875,0.070312,2.2266,Mostly Independent
4795,Alan Ezust,2,CaretChanging.java,2,492,3,489,0.006098,0.0,3.0224,Mostly Independent
4835,Alan Ezust,5,GUIUtilities.java,19,1756,13,1743,0.007403,0.0,3.0382,Mostly Independent
4838,Alan Ezust,2,FloatingWindowContainer.java,3,21,0,21,0.0,0.0,1.0476,Mostly Independent
1950,Matthieu Casanova,1,Interpreter.java,1,5,1,4,0.2,0.0,4.6,Mixed
4164,Matthieu Casanova,2,BshClassManager.java,2,605,20,585,0.033058,0.0,5.1818,Mostly Independent
4317,Matthieu Casanova,1,BSHEnhancedForStatement.java,1,1,0,1,0.0,0.0,1.0,Mostly Independent
4371,Matthieu Casanova,1,Primitive.java,1,4,1,3,0.25,0.5,0.5,Mixed
4430,Matthieu Casanova,2,BshClassManager.java,2,490,12,478,0.02449,0.0,5.1163,Mostly Independent
4445,Matthieu Casanova,1,ClassGeneratorUtil.java,1,7,5,2,0.714286,0.142857,0.8571,Mostly Dependent
4446,Matthieu Casanova,1,Types.java,1,7,5,2,0.714286,0.0,1.0,Mostly Dependent
4451,Matthieu Casanova,1,Primitive.java,1,4,2,2,0.5,0.25,0.75,Mixed
4843,Matthieu Casanova,2,BshClassManager.java,2,4,2,2,0.5,0.5,0.5,Mixed
4847,Matthieu Casanova,1,Reflect.java,1,329,7,322,0.021277,0.006079,5.1915,Mostly Independent
4854,Matthieu Casanova,1,BSHPrimarySuffix.java,1,8,0,8,0.0,0.0,4.5,Mostly Independent
4855,Matthieu Casanova,1,Reflect.java,1,25,0,25,0.0,0.0,4.8,Mostly Independent
4859,Matthieu Casanova,1,BeanShell.java,1,26,0,26,0.0,0.0,1.0,Mostly Independent
4650,Matthieu Casanova,3,EditPane.java,17,19,18,1,0.947368,1.0,0.0,Mostly Dependent
4988,Matthieu Casanova,2,RecentFilesProvider.java,3,3,0,3,0.0,0.0,1.0,Mostly Independent
4990,Matthieu Casanova,2,RecentFilesProvider.java,3,14,0,14,0.0,0.0,1.7857,Mostly Independent
4791,Marcelo Vanzin,4,StandardUtilities.java,6,7,0,7,0.0,0.0,3.0,Mostly Independent
4792,Marcelo Vanzin,3,StandardUtilities.java,4,4,3,1,0.75,1.0,0.0,Mostly Dependent
4793,Marcelo Vanzin,2,StandardUtilities.java,3,4,3,1,0.75,1.0,0.0,Mostly Dependent
4993,Marcelo Vanzin,1,StandardUtilities.java,1,5,0,5,0.0,0.0,2.4,Mostly Independent
4667,Matthieu Casanova,4,JEditBuffer.java,12,28,1,27,0.035714,0.0,3.3214,Mostly Independent
4679,Matthieu Casanova,2,JEditBuffer.java,4,15,6,9,0.4,0.466667,1.0667,Mixed
4680,Marcelo Vanzin,4,JEditBuffer.java,7,16,8,8,0.5,0.4375,1.125,Mixed
4683,Matthieu Casanova,4,JEditBuffer.java,13,13,12,1,0.923077,1.0,0.0,Mostly Dependent
4684,Matthieu Casanova,3,JEditBuffer.java,12,13,12,1,0.923077,1.0,0.0,Mostly Dependent
4997,Matthieu Casanova,4,JEditBuffer.java,12,15,14,1,0.933333,0.866667,0.1333,Mostly Dependent
4998,Matthieu Casanova,4,JEditBuffer.java,13,15,14,1,0.933333,0.866667,0.1333,Mostly Dependent
4407,Kazutoshi Satoda,3,SearchAndReplace.java,4,15,1,14,0.066667,0.0,2.0,Mostly Independent
4656,Marcelo Vanzin,3,VFSFileChooserDialog.java,5,6,3,3,0.5,1.0,0.0,Mixed
4861,Marcelo Vanzin,2,NameSpace.java,2,2,0,2,0.0,0.0,1.0,Mostly Independent
5006,Marcelo Vanzin,2,NameSpace.java,2,2,0,2,0.0,0.0,6.0,Mostly Independent
5008,Alan Ezust,2,GUIUtilities.java,2,5,0,5,0.0,0.0,1.0,Mostly Independent
5009,Alan Ezust,1,ManagePanel.java,1,5,0,5,0.0,0.0,2.0,Mostly Independent
5010,Alan Ezust,1,PluginManager.java,1,316,4,312,0.012658,0.003165,2.7468,Mostly Independent
4739,Alan Ezust,1,ActionContext.java,1,10,2,8,0.2,0.1,1.6,Mixed
4740,Alan Ezust,1,ActionContext.java,1,10,2,8,0.2,0.1,1.6,Mixed
4837,Björn Kautler,4,GUIUtilities.java,8,213,2,211,0.00939,0.0,1.4366,Mostly Independent
5011,Matthieu Casanova,3,GUIUtilities.java,4,11,3,8,0.272727,0.454545,0.5455,Mixed
5012,Alan Ezust,3,GUIUtilities.java,4,11,3,8,0.272727,0.454545,0.5455,Mixed
5015,Alan Ezust,2,InstallPanel.java,3,3,0,3,0.0,0.0,6.0,Mostly Independent
5016,Björn Kautler,2,InstallPanel.java,2,6,0,6,0.0,0.0,2.0,Mostly Independent
5017,Björn Kautler,2,ManagePanel.java,2,18,0,18,0.0,0.0,2.0,Mostly Independent
5018,Matthieu Casanova,2,InstallPanel.java,3,24,0,24,0.0,0.0,2.6667,Mostly Independent
5019,Matthieu Casanova,3,ManagePanel.java,4,5,0,5,0.0,0.0,1.0,Mostly Independent
5024,Matthieu Casanova,1,MirrorList.java,1,16,0,16,0.0,0.0,1.0,Mostly Independent
5026,Matthieu Casanova,1,MirrorList.java,1,3,1,2,0.333333,0.333333,1.3333,Mixed
5030,Matthieu Casanova,4,jEdit.java,12,39,9,30,0.230769,1.0,0.0,Mixed
5028,Martin Raspe,2,MarkersSaveRequest.java,2,486,1,485,0.002058,0.0,3.0329,Mostly Independent
4762,Alan Ezust,1,AntiAlias.java,1,80,0,80,0.0,0.0,3.5,Mostly Independent
5031,Marcelo Vanzin,3,jEdit.java,6,29,9,20,0.310345,1.0,0.0,Mixed
5036,Matthieu Casanova,1,InputHandler.java,3,117,4,113,0.034188,0.025641,1.3846,Mostly Independent
5037,Matthieu Casanova,1,InputHandler.java,3,117,4,113,0.034188,0.025641,1.3846,Mostly Independent
4669,Matthieu Casanova,3,JEditBuffer.java,6,105,56,49,0.533333,0.895238,0.1714,Mostly Dependent
4670,Matthieu Casanova,3,JEditBuffer.java,6,105,56,49,0.533333,0.895238,0.1714,Mostly Dependent
4671,Matthieu Casanova,4,JEditBuffer.java,6,119,45,74,0.378151,0.882353,0.1933,Mixed
4672,Marcelo Vanzin,4,JEditBuffer.java,6,118,46,72,0.389831,0.881356,0.1949,Mixed
4673,Marcelo Vanzin,4,JEditBuffer.java,8,118,68,50,0.576271,0.864407,0.2288,Mostly Dependent
4674,Marcelo Vanzin,3,JEditBuffer.java,7,112,63,49,0.5625,0.866071,0.2232,Mostly Dependent
4676,Marcelo Vanzin,4,JEditBuffer.java,10,133,75,58,0.56391,0.864662,0.2331,Mostly Dependent
4678,Marcelo Vanzin,2,JEditBuffer.java,3,99,29,70,0.292929,0.919192,0.1212,Mixed
4686,Matthieu Casanova,4,JEditBuffer.java,8,10,8,2,0.8,1.0,0.0,Mostly Dependent
4999,Marcelo Vanzin,4,JEditBuffer.java,11,12,0,12,0.0,0.0,1.0,Mostly Independent
5052,Matthieu Casanova,3,JEditTextArea.java,3,130,5,125,0.038462,0.023077,1.7462,Mostly Independent
5077,Matthieu Casanova,1,InputHandler.java,2,3,1,2,0.333333,0.0,2.0,Mixed
5079,Matthieu Casanova,1,InputHandler.java,1,3,1,2,0.333333,0.0,1.3333,Mixed
5090,Matthieu Casanova,2,JEditTextArea.java,2,18,1,17,0.055556,0.0,1.3889,Mostly Independent
5092,Matthieu Casanova,2,MouseHandler.java,2,3,1,2,0.333333,0.0,1.0,Mixed
5040,Matthieu Casanova,6,TextArea.java,29,59,56,3,0.949153,1.0,0.0,Mostly Dependent
5041,Matthieu Casanova,6,TextArea.java,28,58,56,2,0.965517,1.0,0.0,Mostly Dependent
5042,Matthieu Casanova,6,TextArea.java,29,59,56,3,0.949153,1.0,0.0,Mostly Dependent
5043,Matthieu Casanova,2,TextArea.java,9,391,16,375,0.040921,0.056266,5.1918,Mostly Independent
5044,Matthieu Casanova,3,TextArea.java,9,391,16,375,0.040921,0.056266,5.1918,Mostly Independent
5045,Matthieu Casanova,3,TextArea.java,11,466,18,448,0.038627,0.051502,5.2146,Mostly Independent
5046,Matthieu Casanova,3,TextArea.java,10,1471,45,1426,0.030591,0.053025,3.7573,Mostly Independent
5047,Matthieu Casanova,3,TextArea.java,7,1094,33,1061,0.030165,0.065814,3.6161,Mostly Independent
5048,Matthieu Casanova,2,TextArea.java,8,1225,36,1189,0.029388,0.062857,3.6596,Mostly Independent
5049,Matthieu Casanova,4,TextArea.java,9,1339,42,1297,0.031367,0.056759,3.7282,Mostly Independent
5050,Matthieu Casanova,3,TextArea.java,7,1091,32,1059,0.029331,0.068744,3.615,Mostly Independent
5051,Matthieu Casanova,6,TextArea.java,27,3482,59,3423,0.016944,0.045376,3.6941,Mostly Independent
5059,Matthieu Casanova,6,TextArea.java,31,647,72,575,0.111283,0.14374,1.9629,Mixed
5060,Matthieu Casanova,5,TextArea.java,14,333,65,268,0.195195,0.183183,1.8318,Mixed
5061,Matthieu Casanova,6,TextArea.java,19,52,14,38,0.269231,0.269231,5.8462,Mixed
5062,Matthieu Casanova,5,TextArea.java,14,42,14,28,0.333333,0.333333,5.3333,Mixed
5063,Matthieu Casanova,6,TextArea.java,29,76,0,76,0.0,0.0,2.0,Mostly Independent
5064,Matthieu Casanova,1,TextArea.java,1,2,0,2,0.0,0.0,6.0,Mostly Independent
5065,Matthieu Casanova,6,TextArea.java,29,2681,79,2602,0.029467,0.03357,3.7725,Mostly Independent
5067,Matthieu Casanova,4,TextArea.java,15,197,0,197,0.0,0.0,2.9391,Mostly Independent
5071,Matthieu Casanova,6,TextArea.java,22,82,23,59,0.280488,0.280488,1.0366,Mixed
5072,Matthieu Casanova,6,TextArea.java,23,85,23,62,0.270588,0.270588,1.0471,Mixed
5081,Matthieu Casanova,6,TextArea.java,26,43,29,14,0.674419,0.72093,0.8372,Mostly Dependent
5084,Matthieu Casanova,4,TextArea.java,12,13,0,13,0.0,0.0,1.0769,Mostly Independent
5085,Matthieu Casanova,6,TextArea.java,25,27,0,27,0.0,0.0,1.0,Mostly Independent
5086,Matthieu Casanova,4,TextArea.java,15,1402,77,1325,0.054922,0.043509,3.7318,Mostly Independent
5087,Matthieu Casanova,5,TextArea.java,14,1319,74,1245,0.056103,0.046247,3.7111,Mostly Independent
5088,Matthieu Casanova,6,TextArea.java,17,44,13,31,0.295455,0.454545,1.0909,Mixed
5089,Matthieu Casanova,6,TextArea.java,16,43,13,30,0.302326,0.465116,1.0698,Mixed
5098,Matthieu Casanova,3,TextArea.java,9,37,25,12,0.675676,1.0,0.0,Mostly Dependent
5099,Matthieu Casanova,4,TextArea.java,10,37,27,10,0.72973,1.0,0.0,Mostly Dependent
5100,Matthieu Casanova,4,TextArea.java,13,39,31,8,0.794872,1.0,0.0,Mostly Dependent
5101,Matthieu Casanova,4,TextArea.java,12,39,29,10,0.74359,1.0,0.0,Mostly Dependent
5104,Matthieu Casanova,4,TextArea.java,9,36,25,11,0.694444,1.0,0.0,Mostly Dependent
5107,Matthieu Casanova,4,TextArea.java,12,36,31,5,0.861111,1.0,0.0,Mostly Dependent
5128,Matthieu Casanova,4,TextArea.java,13,19,11,8,0.578947,0.684211,0.3158,Mostly Dependent
5129,Matthieu Casanova,3,TextArea.java,11,19,11,8,0.578947,0.684211,0.3158,Mostly Dependent
5135,Matthieu Casanova,6,TextArea.java,27,27,12,15,0.444444,1.0,0.0,Mixed
5148,Matthieu Casanova,6,TextArea.java,30,45,29,16,0.644444,0.688889,0.9333,Mostly Dependent
5035,Martin Raspe,1,VFSDirectoryEntryTableModel.java,1,52,0,52,0.0,0.0,5.0,Mostly Independent
5073,Matthieu Casanova,2,TextAreaInputHandler.java,3,27,3,24,0.111111,0.0,1.8889,Mixed
5075,Matthieu Casanova,1,TextAreaInputHandler.java,3,9,0,9,0.0,0.0,1.6667,Mostly Independent
5076,Matthieu Casanova,1,TextAreaInputHandler.java,4,2,1,1,0.5,0.0,2.0,Mixed
5150,Matthieu Casanova,5,TextArea.java,15,15,14,1,0.933333,1.0,0.0,Mostly Dependent
5151,Matthieu Casanova,5,TextArea.java,14,15,14,1,0.933333,1.0,0.0,Mostly Dependent
5002,Matthieu Casanova,5,VFSBrowser.java,8,8,0,8,0.0,0.0,1.0,Mostly Independent
5054,Matthieu Casanova,6,TextArea.java,23,472,30,442,0.063559,0.050847,1.9682,Mostly Independent
5055,Matthieu Casanova,6,TextArea.java,20,416,32,384,0.076923,0.057692,1.9471,Mostly Independent
5056,Matthieu Casanova,6,TextArea.java,23,23,21,2,0.913043,1.0,0.0,Mostly Dependent
5149,Matthieu Casanova,1,TextArea.java,1,2,0,2,0.0,0.0,1.0,Mostly Independent
5158,Matthieu Casanova,1,Roster.java,1,297,0,297,0.0,0.0,2.8519,Mostly Independent
5159,Martin Raspe,1,BufferOptions.java,1,1,0,1,0.0,0.0,1.0,Mostly Independent
5161,Martin Raspe,2,BufferOptions.java,2,8,0,8,0.0,0.0,1.0,Mostly Independent
5152,Björn Kautler,2,TextAreaMouseHandler.java,2,4,2,2,0.5,0.5,0.5,Mixed
5153,Björn Kautler,2,TextAreaMouseHandler.java,2,4,2,2,0.5,0.5,0.5,Mixed
5163,Björn Kautler,1,TextAreaMouseHandler.java,1,1,0,1,0.0,1.0,0.0,Mostly Independent
4237,Matthieu Casanova,1,SearchBar.java,1,37,0,37,0.0,0.0,1.8378,Mostly Independent
3857,Marcelo Vanzin,1,CBZip2InputStream.java,1,54,0,54,0.0,0.037037,4.7407,Mostly Independent
5091,Marcelo Vanzin,3,TextArea.java,5,24,5,19,0.208333,0.0,1.2917,Mixed
5144,Matthieu Casanova,4,TextArea.java,15,18,14,4,0.777778,1.0,0.0,Mostly Dependent
5168,Daniel Hahler,1,InstallPanel.java,1,3,0,3,0.0,0.0,2.0,Mostly Independent
5014,Matthieu Casanova,4,InstallPanel.java,8,12,1,11,0.083333,0.0,1.0,Mostly Independent
5171,Björn Kautler,1,XModeHandler.java,1,2,1,1,0.5,1.0,0.0,Mixed
4634,Alan Ezust,2,BufferInsertRequest.java,2,30,3,27,0.1,0.1,1.2333,Mostly Independent
4014,Matthieu Casanova,1,StatusBarOptionPane.java,1,13,0,13,0.0,0.0,1.3846,Mostly Independent
5023,Matthieu Casanova,2,InstallPanel.java,11,1608,15,1593,0.009328,0.006841,3.7233,Mostly Independent
5173,Björn Kautler,1,GUIUtilities.java,1,47,0,47,0.0,0.0,4.1702,Mostly Independent
5174,Björn Kautler,1,GUIUtilities.java,1,2,0,2,0.0,0.0,1.0,Mostly Independent
5013,Matthieu Casanova,2,ManagePanel.java,4,12,1,11,0.083333,0.0,1.0,Mostly Independent
5021,Matthieu Casanova,1,ManagePanel.java,2,8,0,8,0.0,0.0,1.0,Mostly Independent
5025,Matthieu Casanova,3,ManagePanel.java,15,16,0,16,0.0,0.0,1.0,Mostly Independent
5000,Matthieu Casanova,2,SearchDialog.java,7,47,0,47,0.0,0.0,2.0,Mostly Independent
5175,Matthieu Casanova,1,SearchDialog.java,1,17,0,17,0.0,0.0,2.0,Mostly Independent
3815,Björn Kautler,1,VariableGridLayout.java,1,1,0,1,0.0,1.0,6.0,Mostly Independent
5182,Björn Kautler,1,ReloadWithEncodingProvider.java,1,286,0,286,0.0,0.0,2.9021,Mostly Independent
4142,Alan Ezust,2,RecentFilesProvider.java,2,392,2,390,0.005102,0.012755,3.0434,Mostly Independent
5038,Matthieu Casanova,1,TextArea.java,5,630,20,610,0.031746,0.095238,3.3143,Mostly Independent
5053,Matthieu Casanova,6,TextArea.java,21,23,21,2,0.913043,1.0,0.0,Mostly Dependent
5058,Matthieu Casanova,5,TextArea.java,12,302,64,238,0.211921,0.195364,1.7947,Mixed
5069,Matthieu Casanova,4,TextArea.java,9,27,9,18,0.333333,0.333333,0.6667,Mixed
5070,Matthieu Casanova,4,TextArea.java,9,27,9,18,0.333333,0.333333,0.6667,Mixed
5105,Matthieu Casanova,4,TextArea.java,11,35,30,5,0.857143,1.0,0.0,Mostly Dependent
5106,Matthieu Casanova,4,TextArea.java,11,35,30,5,0.857143,1.0,0.0,Mostly Dependent
5113,Matthieu Casanova,4,TextArea.java,11,33,30,3,0.909091,1.0,0.0,Mostly Dependent
5114,Matthieu Casanova,4,TextArea.java,11,33,30,3,0.909091,1.0,0.0,Mostly Dependent
5115,Matthieu Casanova,4,TextArea.java,9,33,26,7,0.787879,1.0,0.0,Mostly Dependent
5119,Matthieu Casanova,3,TextArea.java,6,6,5,1,0.833333,1.0,0.0,Mostly Dependent
5121,Matthieu Casanova,3,TextArea.java,6,6,5,1,0.833333,1.0,0.0,Mostly Dependent
5130,Matthieu Casanova,4,TextArea.java,10,11,10,1,0.909091,1.0,0.0,Mostly Dependent
5131,Matthieu Casanova,4,TextArea.java,11,11,10,1,0.909091,1.0,0.0,Mostly Dependent
5133,Matthieu Casanova,3,TextArea.java,7,7,6,1,0.857143,1.0,0.0,Mostly Dependent
5134,Matthieu Casanova,5,TextArea.java,12,27,12,15,0.444444,1.0,0.0,Mixed
5136,Matthieu Casanova,3,TextArea.java,8,11,6,5,0.545455,1.0,0.0,Mostly Dependent
5137,Matthieu Casanova,3,TextArea.java,9,11,6,5,0.545455,1.0,0.0,Mostly Dependent
5138,Matthieu Casanova,3,TextArea.java,7,14,13,1,0.928571,1.0,0.0,Mostly Dependent
5139,Matthieu Casanova,3,TextArea.java,6,14,12,2,0.857143,1.0,0.0,Mostly Dependent
5140,Matthieu Casanova,3,TextArea.java,7,14,13,1,0.928571,1.0,0.0,Mostly Dependent
5141,Matthieu Casanova,5,TextArea.java,18,19,18,1,0.947368,1.0,0.0,Mostly Dependent
5142,Matthieu Casanova,6,TextArea.java,19,19,18,1,0.947368,1.0,0.0,Mostly Dependent
5143,Matthieu Casanova,5,TextArea.java,17,18,14,4,0.777778,1.0,0.0,Mostly Dependent
5145,Matthieu Casanova,6,TextArea.java,23,50,35,15,0.7,1.0,0.0,Mostly Dependent
5146,Matthieu Casanova,5,TextArea.java,18,47,33,14,0.702128,1.0,0.0,Mostly Dependent
5147,Matthieu Casanova,6,TextArea.java,21,47,36,11,0.765957,1.0,0.0,Mostly Dependent
5183,Matthieu Casanova,4,TextArea.java,9,9,8,1,0.888889,1.0,0.0,Mostly Dependent
5185,Matthieu Casanova,4,TextArea.java,12,64,33,31,0.515625,1.0,0.0,Mostly Dependent
5186,Matthieu Casanova,6,TextArea.java,25,75,48,27,0.64,1.0,0.0,Mostly Dependent
5187,Matthieu Casanova,6,TextArea.java,25,75,48,27,0.64,1.0,0.0,Mostly Dependent
5188,Matthieu Casanova,4,TextArea.java,11,64,31,33,0.484375,1.0,0.0,Mixed
4788,Matthieu Casanova,1,IOUtilities.java,2,118,5,113,0.042373,0.059322,2.3136,Mostly Independent
4790,Matthieu Casanova,2,IOUtilities.java,3,135,5,130,0.037037,0.059259,2.2741,Mostly Independent
5176,Björn Kautler,1,VariableGridLayout.java,1,2,0,2,0.0,1.0,0.0,Mostly Independent
5181,Björn Kautler,1,VariableGridLayout.java,1,1,0,1,0.0,1.0,0.0,Mostly Independent
5221,Alan Ezust,1,StringList.java,1,270,0,270,0.0,0.0,3.6074,Mostly Independent
4208,Alan Ezust,2,ViewOptionPane.java,5,5,5,0,1.0,1.0,0.0,Mostly Dependent
4209,Alan Ezust,2,ViewOptionPane.java,5,5,5,0,1.0,1.0,0.0,Mostly Dependent
4695,Matthieu Casanova,1,BufferHandler.java,1,19,1,18,0.052632,0.210526,0.7895,Mostly Independent
4696,Matthieu Casanova,2,BufferHandler.java,4,19,1,18,0.052632,0.210526,0.7895,Mostly Independent
4593,Matthieu Casanova,1,FirstLine.java,1,1,1,0,1.0,1.0,0.0,Mostly Dependent
4594,Matthieu Casanova,1,FirstLine.java,1,1,1,0,1.0,1.0,0.0,Mostly Dependent
4584,Matthieu Casanova,1,ScreenLineManager.java,1,7,0,7,0.0,0.0,2.7143,Mostly Independent
4661,Matthieu Casanova,1,BufferHandler.java,1,136,0,136,0.0,0.0,2.4485,Mostly Independent
4697,Matthieu Casanova,1,BufferHandler.java,3,29,0,29,0.0,0.0,1.0,Mostly Independent
5057,Matthieu Casanova,5,TextArea.java,12,302,64,238,0.211921,0.195364,1.7947,Mixed
5082,Matthieu Casanova,4,TextArea.java,9,42,9,33,0.214286,0.214286,1.3571,Mixed
5094,Matthieu Casanova,2,TextArea.java,4,5,4,1,0.8,1.0,0.0,Mostly Dependent
5095,Matthieu Casanova,2,TextArea.java,5,5,4,1,0.8,1.0,0.0,Mostly Dependent
5111,Matthieu Casanova,4,TextArea.java,8,10,5,5,0.5,1.0,0.0,Mixed
5112,Matthieu Casanova,4,TextArea.java,10,33,28,5,0.848485,1.0,0.0,Mostly Dependent
5169,Marcelo Vanzin,1,ParserRule.java,2,2,2,0,1.0,1.0,0.0,Mostly Dependent
5170,Marcelo Vanzin,1,ParserRule.java,2,2,2,0,1.0,1.0,0.0,Mostly Dependent
5225,Matthieu Casanova,1,RegisterViewer.java,1,1,0,1,0.0,0.0,2.0,Mostly Independent
5193,Björn Kautler,1,ExtendedGridLayout.java,1,2,1,1,0.5,0.5,3.0,Mixed
5194,Björn Kautler,1,ExtendedGridLayout.java,1,2,1,1,0.5,0.5,3.0,Mixed
5204,Björn Kautler,1,ExtendedGridLayout.java,1,1,0,1,0.0,0.0,1.0,Mostly Independent
5206,Björn Kautler,1,ExtendedGridLayout.java,1,1,1,0,1.0,1.0,0.0,Mostly Dependent
5207,Björn Kautler,1,ExtendedGridLayout.java,1,1,1,0,1.0,1.0,0.0,Mostly Dependent
5214,Björn Kautler,1,ExtendedGridLayout.java,1,2,1,1,0.5,1.0,0.0,Mixed
5216,Björn Kautler,1,ExtendedGridLayout.java,1,2,1,1,0.5,1.0,0.0,Mixed
5217,Björn Kautler,1,ExtendedGridLayout.java,1,4,1,3,0.25,0.25,1.25,Mixed
5228,Björn Kautler,1,ExtendedGridLayout.java,1,4,0,4,0.0,0.5,0.5,Mostly Independent
5229,Björn Kautler,1,ExtendedGridLayout.java,1,1,1,0,1.0,1.0,0.0,Mostly Dependent
5230,Björn Kautler,1,ExtendedGridLayout.java,1,1,1,0,1.0,1.0,0.0,Mostly Dependent
5232,Marcelo Vanzin,1,MiscUtilities.java,3,3,3,0,1.0,1.0,0.0,Mostly Dependent
5132,Marcelo Vanzin,3,TextArea.java,6,7,6,1,0.857143,1.0,0.0,Mostly Dependent
5234,Marcelo Vanzin,1,TextUtilities.java,2,6,0,6,0.0,0.333333,1.3333,Mostly Independent
4991,Marcelo Vanzin,4,StandardUtilities.java,6,9,5,4,0.555556,1.0,0.0,Mostly Dependent
4992,Marcelo Vanzin,4,StandardUtilities.java,8,9,5,4,0.555556,1.0,0.0,Mostly Dependent
5238,Marcelo Vanzin,2,ContentManager.java,5,5,0,5,0.0,1.0,0.0,Mostly Independent
5156,Marcelo Vanzin,4,Log.java,6,42,0,42,0.0,0.0,4.7143,Mostly Independent
5243,Marcelo Vanzin,3,Delegate.java,3,3,3,0,1.0,1.0,0.0,Mostly Dependent
5244,Marcelo Vanzin,3,Delegate.java,3,3,3,0,1.0,1.0,0.0,Mostly Dependent
5246,Björn Kautler,3,HelpHistoryModel.java,3,16,0,16,0.0,0.0,2.0,Mostly Independent
5248,Björn Kautler,3,HelpTOCPanel.java,3,3,3,0,1.0,1.0,0.0,Mostly Dependent
5249,Björn Kautler,3,HelpTOCPanel.java,3,3,3,0,1.0,1.0,0.0,Mostly Dependent
5252,Björn Kautler,3,HistoryButton.java,3,3,0,3,0.0,1.0,0.0,Mostly Independent
4677,Alan Ezust,3,JEditBuffer.java,5,104,46,58,0.442308,0.903846,0.1538,Mixed
5254,Alan Ezust,2,VFS.java,3,6,0,6,0.0,0.0,5.0,Mostly Independent
5083,Matthieu Casanova,4,TextArea.java,7,34,9,25,0.264706,0.264706,1.2647,Mixed
5102,Matthieu Casanova,3,TextArea.java,6,7,6,1,0.857143,1.0,0.0,Mostly Dependent
5103,Matthieu Casanova,4,TextArea.java,7,7,6,1,0.857143,1.0,0.0,Mostly Dependent
5108,Matthieu Casanova,4,TextArea.java,8,8,8,0,1.0,1.0,0.0,Mostly Dependent
5109,Matthieu Casanova,4,TextArea.java,8,8,8,0,1.0,1.0,0.0,Mostly Dependent
5118,Marcelo Vanzin,3,TextArea.java,5,6,5,1,0.833333,1.0,0.0,Mostly Dependent
5120,Marcelo Vanzin,3,TextArea.java,5,6,5,1,0.833333,1.0,0.0,Mostly Dependent
5184,Matthieu Casanova,4,TextArea.java,8,9,8,1,0.888889,1.0,0.0,Mostly Dependent
5255,Marcelo Vanzin,1,ContentManager.java,3,3,3,0,1.0,1.0,0.0,Mostly Dependent
5256,Marcelo Vanzin,1,ContentManager.java,2,4,4,0,1.0,0.0,1.0,Mostly Dependent
5257,Marcelo Vanzin,1,JEditBuffer.java,2,6,2,4,0.333333,0.333333,0.6667,Mixed
5258,Marcelo Vanzin,1,JEditBuffer.java,2,6,2,4,0.333333,0.333333,0.6667,Mixed
5110,Matthieu Casanova,3,TextArea.java,7,10,5,5,0.5,1.0,0.0,Mixed
4633,Kazutoshi Satoda,1,BufferLoadRequest.java,2,30,3,27,0.1,0.0,1.3333,Mostly Independent
4638,Kazutoshi Satoda,1,BufferLoadRequest.java,2,17,2,15,0.117647,0.0,1.5882,Mixed
4639,Kazutoshi Satoda,1,BufferInsertRequest.java,1,11,2,9,0.181818,0.0,1.4545,Mixed
4048,Björn Kautler,1,OperatingSystem.java,1,33,0,33,0.0,0.0,5.1212,Mostly Independent
5263,Matthieu Casanova,1,EditPlugin.java,1,1,1,0,1.0,1.0,0.0,Mostly Dependent
5264,Matthieu Casanova,1,EditPlugin.java,1,1,1,0,1.0,1.0,0.0,Mostly Dependent
5265,Björn Kautler,3,EditPlugin.java,4,38,0,38,0.0,0.0,1.5263,Mostly Independent
5266,Kazutoshi Satoda,1,BufferLoadRequest.java,1,3,0,3,0.0,0.0,2.0,Mostly Independent
5096,Matthieu Casanova,2,TextArea.java,3,3,3,0,1.0,1.0,0.0,Mostly Dependent
5097,Matthieu Casanova,2,TextArea.java,3,3,3,0,1.0,1.0,0.0,Mostly Dependent
5001,Marcelo Vanzin,1,PropertiesBean.java,1,379,2,377,0.005277,0.0,3.3061,Mostly Independent
5276,Alan Ezust,1,InstallPanel.java,2,14,0,14,0.0,0.0,3.5714,Mostly Independent
5277,Matthieu Casanova,2,InstallPanel.java,10,1380,15,1365,0.01087,0.007971,3.8203,Mostly Independent
5278,Matthieu Casanova,2,InstallPanel.java,3,5,0,5,0.0,0.0,1.0,Mostly Independent
4257,Alan Ezust,1,PluginManagerOptionPane.java,1,9,0,9,0.0,0.0,1.1111,Mostly Independent
5279,Alan Ezust,2,InstallPanel.java,3,3,1,2,0.333333,0.0,1.0,Mixed
5280,Alan Ezust,1,EncodingsOptionPane.java,1,1,0,1,0.0,0.0,6.0,Mostly Independent
5281,Alan Ezust,1,EncodingsOptionPane.java,1,1,0,1,0.0,0.0,6.0,Mostly Independent
5189,Matthieu Casanova,1,PluginList.java,2,84,0,84,0.0,0.0,6.0,Mostly Independent
5283,Kazutoshi Satoda,1,CompletionPopup.java,2,272,0,272,0.0,0.0,3.2904,Mostly Independent
5286,Kazutoshi Satoda,1,BufferAutosaveRequest.java,1,60,0,60,0.0,0.0,2.05,Mostly Independent
5287,Shlomy Reinstein,2,ShortcutsOptionPane.java,2,39,0,39,0.0,0.051282,1.0,Mostly Independent
5020,Matthieu Casanova,1,InstallPanel.java,4,4,1,3,0.25,0.0,1.0,Mixed
5289,Matthieu Casanova,3,InstallPanel.java,5,6,0,6,0.0,0.0,2.0,Mostly Independent
5291,Matthieu Casanova,1,TextAreaTransferHandler.java,2,33,0,33,0.0,0.060606,2.2121,Mostly Independent
5294,Matthieu Casanova,2,ToolBarOptionPane.java,2,2,0,2,0.0,0.0,2.0,Mostly Independent
5296,Matthieu Casanova,1,ShortcutsOptionPane.java,2,364,2,362,0.005495,0.0,3.1923,Mostly Independent
5297,Matthieu Casanova,1,ManagePanel.java,2,4,1,3,0.25,0.0,1.0,Mixed
4248,Matthieu Casanova,1,RecentFilesProvider.java,1,471,4,467,0.008493,0.010616,2.5987,Mostly Independent
5295,Matthieu Casanova,1,FilteredTableModel.java,1,175,1,174,0.005714,0.005714,2.92,Mostly Independent
5298,Matthieu Casanova,1,FilteredTableModel.java,1,171,1,170,0.005848,0.005848,2.9474,Mostly Independent
5299,Matthieu Casanova,1,PluginList.java,1,245,2,243,0.008163,0.008163,3.0041,Mostly Independent
4796,Björn Kautler,1,Deb.java,1,351,1,350,0.002849,0.005698,9.1197,Mostly Independent
4797,Björn Kautler,1,Deb.java,1,351,1,350,0.002849,0.005698,9.1197,Mostly Independent
4812,Björn Kautler,1,Deb.java,1,1,1,0,1.0,1.0,0.0,Mostly Dependent
4813,Björn Kautler,1,Deb.java,1,1,1,0,1.0,1.0,0.0,Mostly Dependent
4816,Björn Kautler,1,Deb.java,1,3,0,3,0.0,0.333333,4.6667,Mostly Independent
4761,Matthieu Casanova,1,ShortcutPrefixActiveEvent.java,1,395,1,394,0.002532,0.0,2.519,Mostly Independent
5302,Matthieu Casanova,2,SaveBackupOptionPane.java,3,80,0,80,0.0,0.0,1.525,Mostly Independent
5303,Matthieu Casanova,1,ManagePanel.java,5,10,0,10,0.0,0.0,1.4,Mostly Independent
5307,Kazutoshi Satoda,1,BufferHistory.java,2,4,0,4,0.0,0.0,3.0,Mostly Independent
4996,Kazutoshi Satoda,1,XMLUtilities.java,1,2,1,1,0.5,0.0,3.0,Mixed
5275,Kazutoshi Satoda,2,ModeProvider.java,2,2,1,1,0.5,0.0,3.0,Mixed
5033,Kazutoshi Satoda,1,JEditKillRing.java,1,1,0,1,0.0,0.0,1.0,Mostly Independent
5308,Kazutoshi Satoda,1,JEditKillRing.java,1,3,0,3,0.0,0.0,2.0,Mostly Independent
5309,Kazutoshi Satoda,1,JEditRegisterSaver.java,1,2,2,0,1.0,0.0,1.0,Mostly Dependent
5310,Kazutoshi Satoda,1,JEditKillRing.java,1,2,2,0,1.0,0.0,1.0,Mostly Dependent
5312,Kazutoshi Satoda,1,JEditRegisterSaver.java,1,19,1,18,0.052632,0.0,1.1053,Mostly Independent
5313,Kazutoshi Satoda,1,JEditKillRing.java,1,19,1,18,0.052632,0.0,1.1053,Mostly Independent
5269,Matthieu Casanova,1,ModeProvider.java,2,295,5,290,0.016949,0.0,3.2305,Mostly Independent
5078,Matthieu Casanova,1,TextAreaInputHandler.java,1,3,1,2,0.333333,0.0,2.0,Mixed
5317,Kazutoshi Satoda,1,AboutDialog.java,1,231,1,230,0.004329,0.008658,3.0043,Mostly Independent
5322,Matthieu Casanova,2,TextAreaInputHandler.java,2,342,7,335,0.020468,0.0,3.2807,Mostly Independent
5344,Matthieu Casanova,1,DefaultInputHandler.java,1,3,1,2,0.333333,0.0,2.0,Mixed
5345,Matthieu Casanova,2,TextAreaInputHandler.java,3,3,1,2,0.333333,0.0,2.0,Mixed
5347,Matthieu Casanova,2,InputHandler.java,2,2,1,1,0.5,0.0,2.0,Mixed
5348,Matthieu Casanova,1,TextAreaInputHandler.java,1,2,0,2,0.0,0.0,2.0,Mostly Independent
5341,Matthieu Casanova,1,JEditBeanShellAction.java,1,1,0,1,0.0,0.0,1.0,Mostly Independent
5343,Matthieu Casanova,1,JEditBeanShellAction.java,1,1,0,1,0.0,0.0,1.0,Mostly Independent
5360,Matthieu Casanova,1,RegisterViewer.java,1,1,1,0,1.0,1.0,0.0,Mostly Dependent
5361,Matthieu Casanova,1,RegisterViewer.java,1,3,0,3,0.0,0.0,1.6667,Mostly Independent
5363,Matthieu Casanova,2,TextArea.java,2,2,0,2,0.0,0.0,1.0,Mostly Independent
5364,Matthieu Casanova,2,TextArea.java,3,4,3,1,0.75,1.0,0.0,Mostly Dependent
5380,Matthieu Casanova,1,ManagePanel.java,1,117,0,117,0.0,0.0,3.4274,Mostly Independent
5381,Matthieu Casanova,2,ManagePanel.java,2,3,1,2,0.333333,0.0,1.0,Mixed
5267,Matthieu Casanova,1,StatusBar.java,2,3,0,3,0.0,0.0,2.0,Mostly Independent
5316,Alan Ezust,1,AppearanceOptionPane.java,1,210,2,208,0.009524,0.0,2.7429,Mostly Independent
5410,Alan Ezust,1,AppearanceOptionPane.java,1,6,0,6,0.0,0.0,1.0,Mostly Independent
5414,Matthieu Casanova,1,StatusBarOptionPane.java,2,7,0,7,0.0,0.0,1.5714,Mostly Independent
5415,Matthieu Casanova,1,StatusBarOptionPane.java,1,6,0,6,0.0,0.0,1.3333,Mostly Independent
5416,Matthieu Casanova,1,StatusBarOptionPane.java,1,5,1,4,0.2,0.2,0.8,Mixed
5369,Matthieu Casanova,1,FilteredListModel.java,1,141,0,141,0.0,0.007092,3.1348,Mostly Independent
5372,Matthieu Casanova,1,FilteredListModel.java,1,1,0,1,0.0,0.0,1.0,Mostly Independent
5419,Kazutoshi Satoda,1,EncodingWithBOM.java,1,1,0,1,0.0,1.0,0.0,Mostly Independent
5388,Kazutoshi Satoda,1,WrapWidgetFactory.java,1,10,0,10,0.0,0.0,1.0,Mostly Independent
5260,Marcelo Vanzin,1,CloseBracketIndentRule.java,1,3,0,3,0.0,0.0,4.6667,Mostly Independent
5422,Alan Ezust,1,ViewOptionPane.java,1,2,0,2,0.0,0.0,1.5,Mostly Independent
5235,Kazutoshi Satoda,1,BufferSegment.java,1,159,20,139,0.125786,0.0,3.3585,Mixed
5390,Matthieu Casanova,1,MultiSelectWidgetFactory.java,1,10,0,10,0.0,0.0,1.0,Mostly Independent
5423,Matthieu Casanova,1,MultiSelectWidgetFactory.java,1,19,0,19,0.0,0.0,2.0,Mostly Independent
5365,Matthieu Casanova,2,TextArea.java,3,4,3,1,0.75,1.0,0.0,Mostly Dependent
4325,Dale Anson,1,CollectionManager.java,1,2,0,2,0.0,0.0,6.0,Mostly Independent
4841,Dale Anson,1,BshClassManager.java,1,3,1,2,0.333333,0.666667,0.3333,Mixed
5353,Dale Anson,2,AbstractContextOptionPane.java,2,7,0,7,0.0,0.0,2.0,Mostly Independent
5354,Dale Anson,1,AbstractContextOptionPane.java,1,6,0,6,0.0,0.0,1.5,Mostly Independent
5355,Dale Anson,1,AbstractContextOptionPane.java,1,2,0,2,0.0,0.0,2.0,Mostly Independent
5320,Dale Anson,1,TextAreaInputHandler.java,1,1,1,0,1.0,1.0,0.0,Mostly Dependent
5321,Dale Anson,1,TextAreaInputHandler.java,1,1,1,0,1.0,1.0,0.0,Mostly Dependent
5427,Dale Anson,1,TextAreaInputHandler.java,1,37,0,37,0.0,0.0,5.1081,Mostly Independent
5413,Seph Soliman,1,ToolBarOptionPane.java,1,141,0,141,0.0,0.0,3.1844,Mostly Independent
5429,Seph Soliman,1,ToolBarOptionPane.java,1,2,0,2,0.0,0.0,1.5,Mostly Independent
5434,Seph Soliman,1,ToolBarOptionPane.java,1,3,0,3,0.0,0.0,1.6667,Mostly Independent
5431,Seph Soliman,1,AbstractContextOptionPane.java,1,2,0,2,0.0,0.0,2.0,Mostly Independent
5433,Seph Soliman,1,AbstractContextOptionPane.java,1,3,0,3,0.0,0.0,2.0,Mostly Independent
4405,Matthieu Casanova,2,VFSDirectoryEntryTable.java,2,29,0,29,0.0,0.0,1.6207,Mostly Independent
5438,Alan Ezust,2,VFSDirectoryEntryTable.java,3,68,0,68,0.0,0.0,1.5,Mostly Independent
5392,Matthieu Casanova,1,RectSelectWidgetFactory.java,1,9,1,8,0.111111,0.0,1.0,Mixed
5394,Matthieu Casanova,1,OverwriteWidgetFactory.java,1,9,1,8,0.111111,0.0,1.0,Mixed
5439,Matthieu Casanova,1,RectSelectWidgetFactory.java,1,19,0,19,0.0,0.0,2.0,Mostly Independent
4995,Matthieu Casanova,1,XMLUtilities.java,1,2,0,2,0.0,0.0,3.0,Mostly Independent
4769,Kazutoshi Satoda,1,SegmentCharSequence.java,1,378,1,377,0.002646,0.0,3.1455,Mostly Independent
5448,Matthieu Casanova,1,BufferSetManager.java,6,24,3,21,0.125,0.25,1.5,Mixed
5449,Matthieu Casanova,1,BufferSetManager.java,1,1,0,1,0.0,0.0,2.0,Mostly Independent
5288,Alan Ezust,1,VFSDirectoryEntryTable.java,1,6,0,6,0.0,0.0,2.0,Mostly Independent
5455,Alan Ezust,2,VFSFileNameField.java,3,3,0,3,0.0,0.0,2.0,Mostly Independent
5440,Matthieu Casanova,1,BufferSetManager.java,5,494,4,490,0.008097,0.010121,3.7206,Mostly Independent
5441,Matthieu Casanova,1,BufferSetManager.java,4,399,4,395,0.010025,0.012531,3.6967,Mostly Independent
5445,Matthieu Casanova,1,BufferSetManager.java,4,8,0,8,0.0,0.0,2.5,Mostly Independent
5444,Matthieu Casanova,1,BufferSet.java,2,1,0,1,0.0,1.0,0.0,Mostly Independent
5457,Matthieu Casanova,2,EditPane.java,5,5,0,5,0.0,0.0,1.0,Mostly Independent
5442,Matthieu Casanova,2,BufferSetManager.java,7,11,7,4,0.636364,1.0,0.0,Mostly Dependent
5459,Matthieu Casanova,1,BufferSetManager.java,7,6,3,3,0.5,1.0,0.0,Mixed
5411,Matthieu Casanova,1,StatusBarOptionPane.java,1,142,1,141,0.007042,0.007042,3.1761,Mostly Independent
5412,Matthieu Casanova,1,StatusBarOptionPane.java,1,142,1,141,0.007042,0.007042,3.1761,Mostly Independent
5432,Matthieu Casanova,1,StatusBarOptionPane.java,1,2,0,2,0.0,0.0,2.0,Mostly Independent
5461,Marcelo Vanzin,1,DeepIndentRule.java,1,1,0,1,0.0,0.0,6.0,Mostly Independent
5443,Matthieu Casanova,1,BufferSet.java,1,21,0,21,0.0,0.0,2.5238,Mostly Independent
5462,Matthieu Casanova,1,BufferSet.java,1,104,0,104,0.0,0.0,3.6154,Mostly Independent
5464,Matthieu Casanova,1,StandardUtilities.java,1,4,0,4,0.0,0.0,2.75,Mostly Independent
5273,Matthieu Casanova,1,ModeProvider.java,1,32,1,31,0.03125,0.0,1.3125,Mostly Independent
5357,Matthieu Casanova,1,BeanShellFacade.java,1,4,0,4,0.0,0.0,2.0,Mostly Independent
5465,Matthieu Casanova,1,SyntaxHiliteOptionPane.java,1,3,0,3,0.0,0.0,2.6667,Mostly Independent
4133,Matthieu Casanova,1,DirectoryProvider.java,1,509,0,509,0.0,0.003929,2.5501,Mostly Independent
5315,Seph Soliman,1,AboutDialog.java,1,214,1,213,0.004673,0.009346,2.5841,Mostly Independent
5165,Matthieu Casanova,1,ActionBar.java,1,315,0,315,0.0,0.0,2.8222,Mostly Independent
5172,Matthieu Casanova,1,SplashScreen.java,1,2,0,2,0.0,1.0,0.0,Mostly Independent
5446,Matthieu Casanova,1,BufferSetManager.java,1,1,1,0,1.0,1.0,0.0,Mostly Dependent
5447,Matthieu Casanova,1,BufferSetManager.java,1,1,1,0,1.0,1.0,0.0,Mostly Dependent
5450,Matthieu Casanova,1,BufferSet.java,1,2,0,2,0.0,0.5,0.5,Mostly Independent
5470,Matthieu Casanova,2,BufferSetManager.java,6,24,3,21,0.125,0.25,1.5,Mixed
5471,Kazutoshi Satoda,2,TextArea.java,4,503,1,502,0.001988,0.067594,3.2028,Mostly Independent
5468,Matthieu Casanova,1,BufferSet.java,1,111,0,111,0.0,0.0,3.5135,Mostly Independent
5472,Matthieu Casanova,2,BufferSetManager.java,5,5,4,1,0.8,1.0,0.0,Mostly Dependent
5093,Matthieu Casanova,1,TextAreaMouseHandler.java,1,3,1,2,0.333333,0.0,1.0,Mixed
5247,Shlomy Reinstein,3,DockingOptionPane.java,13,16,0,16,0.0,0.0,2.0,Mostly Independent
5477,Shlomy Reinstein,1,DockingOptionPane.java,3,12,0,12,0.0,0.0,1.0,Mostly Independent
4618,Shlomy Reinstein,1,DockableLayout.java,3,5,0,5,0.0,0.0,1.6,Mostly Independent
5479,Shlomy Reinstein,1,DockableWindowManagerImpl.java,1,2,0,2,0.0,0.0,1.5,Mostly Independent
5480,Shlomy Reinstein,1,DockableWindowManagerImpl.java,1,1,0,1,0.0,0.0,1.0,Mostly Independent
5482,Shlomy Reinstein,1,DockableWindowManagerImpl.java,1,2,2,0,1.0,1.0,0.0,Mostly Dependent
5483,Shlomy Reinstein,1,DockableWindowManagerImpl.java,1,2,2,0,1.0,1.0,0.0,Mostly Dependent
5484,Shlomy Reinstein,1,DockableWindowManagerImpl.java,1,2,2,0,1.0,1.0,0.0,Mostly Dependent
5485,Shlomy Reinstein,1,DockableWindowManagerImpl.java,1,2,1,1,0.5,1.0,0.0,Mixed
5486,Shlomy Reinstein,1,DockableWindowManagerImpl.java,1,2,1,1,0.5,1.0,0.0,Mixed
5487,Shlomy Reinstein,1,DockableWindowManagerImpl.java,1,3,3,0,1.0,0.333333,0.6667,Mostly Dependent
5488,Shlomy Reinstein,1,DockableWindowManagerImpl.java,1,3,3,0,1.0,0.333333,0.6667,Mostly Dependent
