gcid,all_authors,primary_author,num_authors,total_changes,first_revision,last_revision
1,Slava Pestov,Slava Pestov,1,1,4,4
2,Slava Pestov,Slava Pestov,1,1,4,4
8,Slava Pestov,Slava Pestov,1,4,9,16
9,Slava Pestov,Slava Pestov,1,5,9,36
10,Slava Pestov,Slava Pestov,1,1,4,4
11,Slava Pestov,Slava Pestov,1,1,4,4
12,Slava Pestov,Slava Pestov,1,1,4,4
13,Slava Pestov,Slava Pestov,1,1,4,4
14,Slava Pestov,Slava Pestov,1,1,4,4
15,Slava Pestov,Slava Pestov,1,1,4,4
16,Slava Pestov,Slava Pestov,1,1,4,4
17,Slava Pestov,Slava Pestov,1,1,4,4
18,Slava Pestov,Slava Pestov,1,1,4,4
19,Slava Pestov,Slava Pestov,1,1,4,4
20,Slava Pestov,Slava Pestov,1,2,9,14
21,Slava Pestov,Slava Pestov,1,1,4,4
22,Slava Pestov,Slava Pestov,1,3,4,9
23,Slava Pestov,Slava Pestov,1,2,4,16
24,Slava Pestov,Slava Pestov,1,2,4,16
25,Slava Pestov,Slava Pestov,1,2,3,6
26,Slava Pestov,Slava Pestov,1,1,3,3
29,Slava Pestov,Slava Pestov,1,14,11,1334
30,Slava Pestov,Slava Pestov,1,2,11,23
31,Slava Pestov,Slava Pestov,1,1,4,4
34,Slava Pestov,Slava Pestov,1,1,4,4
35,Slava Pestov,Slava Pestov,1,1,4,4
40,Slava Pestov,Slava Pestov,1,1,8,8
41,Slava Pestov,Slava Pestov,1,2,6,16
54,Slava Pestov,Slava Pestov,1,1,9,9
72,Slava Pestov,Slava Pestov,1,1,16,16
73,Slava Pestov,Slava Pestov,1,1,16,16
74,Slava Pestov,Slava Pestov,1,1,16,16
75,Slava Pestov,Slava Pestov,1,1,16,16
76,Alan Ezust; Matthieu Casanova; Slava Pestov,Slava Pestov,3,86,16,3457
77,Slava Pestov,Slava Pestov,1,2,135,695
78,Slava Pestov,Slava Pestov,1,1,16,16
81,Slava Pestov,Slava Pestov,1,1,16,16
82,Slava Pestov,Slava Pestov,1,1,774,774
83,Slava Pestov,Slava Pestov,1,1,774,774
84,Slava Pestov,Slava Pestov,1,1,774,774
85,Slava Pestov,Slava Pestov,1,1,774,774
87,Slava Pestov,Slava Pestov,1,1,774,774
88,Slava Pestov,Slava Pestov,1,2,773,774
89,Slava Pestov,Slava Pestov,1,1,774,774
90,Slava Pestov,Slava Pestov,1,1,774,774
91,Slava Pestov,Slava Pestov,1,1,774,774
93,Slava Pestov,Slava Pestov,1,1,774,774
96,Slava Pestov,Slava Pestov,1,2,135,695
98,Slava Pestov,Slava Pestov,1,1,695,695
99,Slava Pestov,Slava Pestov,1,1,267,267
102,Slava Pestov,Slava Pestov,1,5,267,943
103,Slava Pestov,Slava Pestov,1,4,267,943
104,Slava Pestov,Slava Pestov,1,6,16,107
105,Slava Pestov,Slava Pestov,1,9,16,157
106,Slava Pestov,Slava Pestov,1,13,38,812
107,Björn Kautler; Marcelo Vanzin; Matthieu Casanova; Slava Pestov,Slava Pestov,4,33,38,3512
108,Slava Pestov,Slava Pestov,1,2,16,34
109,Slava Pestov,Slava Pestov,1,3,16,36
111,Slava Pestov,Slava Pestov,1,1,25,25
124,Alan Ezust; Martin Raspe; Matthieu Casanova; Slava Pestov,Slava Pestov,4,200,20,3694
125,Slava Pestov,Slava Pestov,1,224,20,2269
126,Slava Pestov,Slava Pestov,1,43,20,1988
127,Slava Pestov,Slava Pestov,1,160,20,2248
130,Slava Pestov,Slava Pestov,1,1,18,18
137,Slava Pestov,Slava Pestov,1,5,143,1549
140,Slava Pestov,Slava Pestov,1,45,24,926
147,Slava Pestov,Slava Pestov,1,1,32,32
148,Slava Pestov,Slava Pestov,1,1,32,32
149,Slava Pestov,Slava Pestov,1,2,32,34
150,Slava Pestov,Slava Pestov,1,2,32,34
151,Slava Pestov,Slava Pestov,1,2,32,34
152,Slava Pestov,Slava Pestov,1,2,32,34
156,Slava Pestov,Slava Pestov,1,3,32,144
158,Slava Pestov,Slava Pestov,1,5,32,488
159,Slava Pestov,Slava Pestov,1,2,32,45
160,Slava Pestov,Slava Pestov,1,5,32,210
161,Slava Pestov,Slava Pestov,1,5,32,279
162,Slava Pestov,Slava Pestov,1,6,32,225
164,Slava Pestov,Slava Pestov,1,9,32,488
165,Slava Pestov,Slava Pestov,1,1,32,32
166,Slava Pestov,Slava Pestov,1,9,31,488
167,Slava Pestov,Slava Pestov,1,6,58,488
169,Slava Pestov,Slava Pestov,1,8,31,488
170,Slava Pestov,Slava Pestov,1,8,32,488
173,Slava Pestov,Slava Pestov,1,5,32,279
174,Slava Pestov,Slava Pestov,1,7,32,279
175,Slava Pestov,Slava Pestov,1,8,32,488
176,Slava Pestov,Slava Pestov,1,8,32,488
177,Slava Pestov,Slava Pestov,1,7,32,488
179,Slava Pestov,Slava Pestov,1,10,39,380
183,Slava Pestov,Slava Pestov,1,2,32,49
184,Slava Pestov,Slava Pestov,1,3,58,210
185,Slava Pestov,Slava Pestov,1,5,32,488
186,Slava Pestov,Slava Pestov,1,5,32,488
187,Slava Pestov,Slava Pestov,1,8,32,488
188,Slava Pestov,Slava Pestov,1,2,32,300
189,Slava Pestov,Slava Pestov,1,7,32,488
190,Slava Pestov,Slava Pestov,1,7,32,488
191,Slava Pestov,Slava Pestov,1,7,32,488
192,Slava Pestov,Slava Pestov,1,6,32,488
193,Slava Pestov,Slava Pestov,1,6,32,488
194,Slava Pestov,Slava Pestov,1,8,32,488
195,Slava Pestov,Slava Pestov,1,6,32,488
196,Slava Pestov,Slava Pestov,1,7,33,488
197,Slava Pestov,Slava Pestov,1,1,32,32
198,Slava Pestov,Slava Pestov,1,6,85,259
199,Slava Pestov,Slava Pestov,1,8,85,279
200,Slava Pestov,Slava Pestov,1,9,72,488
201,Alan Ezust; Björn Kautler; Marcelo Vanzin; Matthieu Casanova; Slava Pestov,Slava Pestov,5,24,146,3482
202,Slava Pestov,Slava Pestov,1,6,58,279
203,Slava Pestov,Slava Pestov,1,5,72,488
204,Slava Pestov,Slava Pestov,1,5,58,488
205,Slava Pestov,Slava Pestov,1,1,33,33
207,Slava Pestov,Slava Pestov,1,1,43,43
208,Slava Pestov,Slava Pestov,1,1,43,43
209,Slava Pestov,Slava Pestov,1,4,35,98
210,Slava Pestov,Slava Pestov,1,4,34,98
211,Slava Pestov,Slava Pestov,1,1,35,35
214,Slava Pestov,Slava Pestov,1,1,38,38
216,Slava Pestov,Slava Pestov,1,19,39,125
217,Alan Ezust; Martin Raspe; Matthieu Casanova; Slava Pestov,Slava Pestov,4,34,39,3694
220,Slava Pestov,Slava Pestov,1,1,39,39
221,Slava Pestov,Slava Pestov,1,1,39,39
222,Slava Pestov,Slava Pestov,1,7,87,2109
223,Slava Pestov,Slava Pestov,1,2,58,105
224,Slava Pestov,Slava Pestov,1,3,39,105
225,Slava Pestov,Slava Pestov,1,5,58,488
226,Slava Pestov,Slava Pestov,1,3,39,98
227,Slava Pestov,Slava Pestov,1,2,91,98
228,Slava Pestov,Slava Pestov,1,2,58,72
229,Slava Pestov,Slava Pestov,1,3,58,210
230,Slava Pestov,Slava Pestov,1,3,41,125
231,Slava Pestov,Slava Pestov,1,1,41,41
232,Slava Pestov,Slava Pestov,1,56,41,1988
233,Slava Pestov,Slava Pestov,1,19,45,1776
234,Slava Pestov,Slava Pestov,1,3,48,381
235,Slava Pestov,Slava Pestov,1,4,48,387
236,Slava Pestov,Slava Pestov,1,4,276,581
247,Slava Pestov,Slava Pestov,1,2,188,318
248,Slava Pestov,Slava Pestov,1,2,188,318
249,Slava Pestov,Slava Pestov,1,2,188,312
250,Slava Pestov,Slava Pestov,1,2,188,312
251,Slava Pestov,Slava Pestov,1,1,318,318
252,Slava Pestov,Slava Pestov,1,1,318,318
255,Slava Pestov,Slava Pestov,1,2,45,112
256,Slava Pestov,Slava Pestov,1,7,45,125
257,Slava Pestov,Slava Pestov,1,1,45,45
258,Kazutoshi Satoda; Matthieu Casanova; Shlomy Reinstein; Slava Pestov,Slava Pestov,4,37,45,3999
259,Slava Pestov; Xuân Baldauf,Slava Pestov,2,51,45,2774
260,Slava Pestov,Slava Pestov,1,1,58,58
266,Slava Pestov,Slava Pestov,1,3,47,146
267,Slava Pestov,Slava Pestov,1,2,112,146
268,Slava Pestov,Slava Pestov,1,2,48,55
269,Slava Pestov,Slava Pestov,1,2,328,644
270,Slava Pestov,Slava Pestov,1,1,328,328
271,Slava Pestov,Slava Pestov,1,2,49,322
272,Slava Pestov,Slava Pestov,1,4,49,644
273,Slava Pestov,Slava Pestov,1,3,49,328
274,Alan Ezust; Matthieu Casanova; Slava Pestov,Slava Pestov,3,38,73,3457
275,Slava Pestov,Slava Pestov,1,10,49,949
279,Slava Pestov,Slava Pestov,1,1,112,112
280,Slava Pestov,Slava Pestov,1,13,56,568
281,Slava Pestov,Slava Pestov,1,5,52,61
284,Slava Pestov,Slava Pestov,1,1,53,53
285,Slava Pestov,Slava Pestov,1,5,53,105
286,Slava Pestov,Slava Pestov,1,4,55,105
287,Slava Pestov,Slava Pestov,1,3,54,1602
288,Matthieu Casanova; Slava Pestov,Slava Pestov,2,51,55,3457
289,Slava Pestov,Slava Pestov,1,8,112,704
290,Slava Pestov,Slava Pestov,1,3,112,214
291,Slava Pestov,Slava Pestov,1,4,108,214
292,Slava Pestov,Slava Pestov,1,1,112,112
293,Slava Pestov,Slava Pestov,1,1,56,56
294,Slava Pestov,Slava Pestov,1,6,82,614
295,Slava Pestov,Slava Pestov,1,1,56,56
298,Slava Pestov,Slava Pestov,1,1,58,58
300,Slava Pestov,Slava Pestov,1,1,58,58
306,Slava Pestov,Slava Pestov,1,1,61,61
307,Slava Pestov,Slava Pestov,1,1,136,136
308,Slava Pestov,Slava Pestov,1,1,112,112
310,Slava Pestov,Slava Pestov,1,2,61,105
312,Slava Pestov,Slava Pestov,1,1,61,61
313,Slava Pestov,Slava Pestov,1,1,61,61
315,Slava Pestov,Slava Pestov,1,1,105,105
316,Slava Pestov,Slava Pestov,1,1,63,63
317,Slava Pestov,Slava Pestov,1,1,73,73
318,Slava Pestov,Slava Pestov,1,2,63,73
320,Slava Pestov,Slava Pestov,1,9,112,703
321,Slava Pestov,Slava Pestov,1,9,112,703
322,Alan Ezust; Björn Kautler; Kazutoshi Satoda; Marcelo Vanzin; Matthieu Casanova; Shlomy Reinstein; Slava Pestov,Slava Pestov,7,154,73,3999
327,Slava Pestov,Slava Pestov,1,4,486,1055
328,Slava Pestov,Slava Pestov,1,1,70,70
329,Slava Pestov,Slava Pestov,1,2,70,73
330,Slava Pestov,Slava Pestov,1,5,73,296
331,Alan Ezust; Björn Kautler; Kazutoshi Satoda; Marcelo Vanzin; Matthieu Casanova; Shlomy Reinstein; Slava Pestov,Slava Pestov,7,144,73,3999
332,Alan Ezust; Björn Kautler; Kazutoshi Satoda; Marcelo Vanzin; Matthieu Casanova; Shlomy Reinstein; Slava Pestov,Slava Pestov,7,128,73,3999
333,Alan Ezust; Björn Kautler; Kazutoshi Satoda; Marcelo Vanzin; Matthieu Casanova; Shlomy Reinstein; Slava Pestov,Slava Pestov,7,198,73,3999
334,Alan Ezust; Björn Kautler; Kazutoshi Satoda; Matthieu Casanova; Shlomy Reinstein; Slava Pestov; Xuân Baldauf,Slava Pestov,7,93,73,3999
335,Slava Pestov,Slava Pestov,1,1,199,199
336,Slava Pestov,Slava Pestov,1,1,199,199
337,Slava Pestov,Slava Pestov,1,1,73,73
338,Slava Pestov,Slava Pestov,1,1,73,73
339,Slava Pestov,Slava Pestov,1,10,73,125
340,Björn Kautler; Marcelo Vanzin; Matthieu Casanova; Slava Pestov,Slava Pestov,4,13,123,3512
341,Slava Pestov,Slava Pestov,1,2,112,146
342,Slava Pestov,Slava Pestov,1,7,79,318
343,Slava Pestov,Slava Pestov,1,1,112,112
344,Slava Pestov,Slava Pestov,1,1,136,136
345,Slava Pestov,Slava Pestov,1,1,136,136
346,Slava Pestov,Slava Pestov,1,1,119,119
347,Slava Pestov,Slava Pestov,1,1,82,82
348,Slava Pestov,Slava Pestov,1,6,82,1065
349,Slava Pestov,Slava Pestov,1,5,82,602
356,Slava Pestov,Slava Pestov,1,3,85,128
357,Slava Pestov,Slava Pestov,1,1,85,85
358,Slava Pestov,Slava Pestov,1,1,162,162
359,Slava Pestov,Slava Pestov,1,4,162,948
360,Slava Pestov,Slava Pestov,1,4,276,581
361,Slava Pestov,Slava Pestov,1,1,88,88
362,Slava Pestov,Slava Pestov,1,3,144,279
363,Slava Pestov,Slava Pestov,1,4,144,488
364,Slava Pestov,Slava Pestov,1,4,144,488
365,Slava Pestov,Slava Pestov,1,3,144,488
366,Slava Pestov,Slava Pestov,1,3,95,1270
371,Slava Pestov,Slava Pestov,1,1,96,96
373,Slava Pestov,Slava Pestov,1,1,96,96
374,Slava Pestov,Slava Pestov,1,1,96,96
375,Slava Pestov,Slava Pestov,1,2,96,105
376,Slava Pestov,Slava Pestov,1,1,96,96
377,Slava Pestov,Slava Pestov,1,2,96,105
378,Slava Pestov,Slava Pestov,1,2,96,105
379,Slava Pestov,Slava Pestov,1,2,96,105
381,Slava Pestov,Slava Pestov,1,2,96,105
382,Slava Pestov,Slava Pestov,1,2,96,105
383,Slava Pestov,Slava Pestov,1,1,105,105
384,Slava Pestov,Slava Pestov,1,2,96,97
385,Slava Pestov,Slava Pestov,1,2,96,105
386,Slava Pestov,Slava Pestov,1,1,105,105
387,Slava Pestov,Slava Pestov,1,2,96,105
388,Slava Pestov,Slava Pestov,1,2,96,105
389,Slava Pestov,Slava Pestov,1,3,96,129
391,Slava Pestov,Slava Pestov,1,2,101,136
392,Slava Pestov,Slava Pestov,1,3,98,110
393,Slava Pestov,Slava Pestov,1,2,105,110
395,Slava Pestov,Slava Pestov,1,2,98,210
396,Slava Pestov,Slava Pestov,1,1,98,98
397,Slava Pestov,Slava Pestov,1,1,103,103
398,Slava Pestov,Slava Pestov,1,2,103,328
400,Slava Pestov,Slava Pestov,1,1,105,105
401,Slava Pestov,Slava Pestov,1,1,105,105
402,Slava Pestov,Slava Pestov,1,1,105,105
405,Slava Pestov,Slava Pestov,1,2,117,141
407,Slava Pestov,Slava Pestov,1,3,128,210
408,Slava Pestov,Slava Pestov,1,3,128,488
409,Slava Pestov,Slava Pestov,1,4,128,488
410,Slava Pestov,Slava Pestov,1,3,128,488
411,Slava Pestov,Slava Pestov,1,2,128,144
412,Slava Pestov,Slava Pestov,1,1,144,144
413,Slava Pestov,Slava Pestov,1,3,144,488
414,Slava Pestov,Slava Pestov,1,2,144,210
415,Slava Pestov,Slava Pestov,1,2,144,210
416,Slava Pestov,Slava Pestov,1,3,144,488
417,Slava Pestov,Slava Pestov,1,2,144,488
418,Slava Pestov,Slava Pestov,1,5,121,488
419,Slava Pestov,Slava Pestov,1,2,210,488
420,Slava Pestov,Slava Pestov,1,2,144,488
421,Slava Pestov,Slava Pestov,1,2,144,488
422,Slava Pestov,Slava Pestov,1,2,128,488
423,Slava Pestov,Slava Pestov,1,2,128,488
425,Slava Pestov,Slava Pestov,1,1,110,110
426,Alan Ezust; Björn Kautler; Matthieu Casanova; Slava Pestov,Slava Pestov,4,8,143,3895
427,Slava Pestov,Slava Pestov,1,11,378,980
433,Slava Pestov,Slava Pestov,1,8,119,905
434,Slava Pestov,Slava Pestov,1,5,119,761
435,Slava Pestov,Slava Pestov,1,1,121,121
436,Slava Pestov,Slava Pestov,1,6,136,256
438,Slava Pestov,Slava Pestov,1,4,144,236
441,Slava Pestov,Slava Pestov,1,7,121,227
442,Slava Pestov,Slava Pestov,1,12,136,237
443,Slava Pestov,Slava Pestov,1,10,136,256
444,Slava Pestov,Slava Pestov,1,4,144,235
445,Slava Pestov,Slava Pestov,1,2,213,235
446,Slava Pestov,Slava Pestov,1,23,123,786
447,Slava Pestov,Slava Pestov,1,3,123,296
448,Slava Pestov,Slava Pestov,1,47,123,921
449,Slava Pestov,Slava Pestov,1,1,199,199
451,Slava Pestov,Slava Pestov,1,1,199,199
453,Slava Pestov,Slava Pestov,1,1,141,141
454,Slava Pestov,Slava Pestov,1,1,169,169
456,Alan Ezust; Matthieu Casanova; Slava Pestov,Slava Pestov,3,122,140,3998
457,Slava Pestov,Slava Pestov,1,16,140,318
458,Alan Ezust; Matthieu Casanova; Slava Pestov,Slava Pestov,3,78,140,2901
461,Slava Pestov,Slava Pestov,1,16,140,1685
462,Slava Pestov,Slava Pestov,1,3,140,205
464,Alan Ezust; Matthieu Casanova; Slava Pestov,Slava Pestov,3,31,146,2792
465,Alan Ezust; Marcelo Vanzin; Matthieu Casanova; Slava Pestov,Slava Pestov,4,28,214,3162
468,Slava Pestov,Slava Pestov,1,1,225,225
469,Slava Pestov,Slava Pestov,1,1,225,225
470,Slava Pestov,Slava Pestov,1,1,312,312
471,Slava Pestov,Slava Pestov,1,1,312,312
473,Slava Pestov,Slava Pestov,1,1,150,150
474,Slava Pestov,Slava Pestov,1,1,150,150
480,Slava Pestov,Slava Pestov,1,4,196,289
481,Slava Pestov,Slava Pestov,1,3,235,289
482,Slava Pestov,Slava Pestov,1,2,171,201
483,Slava Pestov,Slava Pestov,1,1,165,165
484,Slava Pestov,Slava Pestov,1,3,171,201
485,Slava Pestov,Slava Pestov,1,1,222,222
487,Slava Pestov,Slava Pestov,1,3,172,392
488,Slava Pestov,Slava Pestov,1,30,175,728
489,Slava Pestov,Slava Pestov,1,2,176,191
490,Slava Pestov,Slava Pestov,1,3,176,191
492,Slava Pestov,Slava Pestov,1,2,210,312
502,Slava Pestov,Slava Pestov,1,4,224,256
505,Slava Pestov,Slava Pestov,1,1,224,224
508,Slava Pestov,Slava Pestov,1,1,192,192
509,Slava Pestov,Slava Pestov,1,1,192,192
510,Slava Pestov,Slava Pestov,1,1,200,200
512,Slava Pestov,Slava Pestov,1,26,214,896
515,Slava Pestov,Slava Pestov,1,10,210,406
519,Slava Pestov,Slava Pestov,1,2,214,253
520,Slava Pestov,Slava Pestov,1,2,338,649
521,Matthieu Casanova; Slava Pestov,Slava Pestov,2,28,214,2901
522,Slava Pestov,Slava Pestov,1,5,214,227
523,Slava Pestov,Slava Pestov,1,9,218,325
524,Slava Pestov,Slava Pestov,1,3,220,259
525,Alan Ezust; Marcelo Vanzin; Matthieu Casanova; Slava Pestov,Slava Pestov,4,74,222,3512
529,Slava Pestov,Slava Pestov,1,4,247,379
532,Alan Ezust; Shlomy Reinstein; Slava Pestov; Xuân Baldauf,Slava Pestov,4,43,328,3999
533,Slava Pestov,Slava Pestov,1,3,246,652
534,Slava Pestov,Slava Pestov,1,9,250,1113
535,Marcelo Vanzin; Slava Pestov,Slava Pestov,2,10,250,2664
536,Slava Pestov,Slava Pestov,1,18,251,1722
537,Alan Ezust; Björn Kautler; Kazutoshi Satoda; Matthieu Casanova; Slava Pestov,Slava Pestov,5,65,252,3895
538,Slava Pestov,Slava Pestov,1,1,253,253
539,Slava Pestov,Slava Pestov,1,6,254,1026
540,Slava Pestov,Slava Pestov,1,6,254,1026
541,Slava Pestov,Slava Pestov,1,9,254,1907
542,Slava Pestov,Slava Pestov,1,11,381,1907
543,Slava Pestov,Slava Pestov,1,12,328,1907
544,Slava Pestov,Slava Pestov,1,12,328,1907
545,Slava Pestov,Slava Pestov,1,2,328,364
546,Slava Pestov,Slava Pestov,1,3,264,703
547,Slava Pestov,Slava Pestov,1,1,773,773
548,Slava Pestov,Slava Pestov,1,4,276,581
550,Slava Pestov,Slava Pestov,1,29,279,1959
551,Slava Pestov,Slava Pestov,1,24,279,1895
552,Slava Pestov,Slava Pestov,1,4,286,488
553,Slava Pestov,Slava Pestov,1,2,279,286
554,Slava Pestov,Slava Pestov,1,3,279,287
555,Slava Pestov,Slava Pestov,1,1,286,286
556,Slava Pestov,Slava Pestov,1,1,286,286
557,Slava Pestov,Slava Pestov,1,2,279,286
559,Slava Pestov,Slava Pestov,1,4,279,289
560,Slava Pestov,Slava Pestov,1,1,286,286
561,Slava Pestov,Slava Pestov,1,1,279,279
562,Slava Pestov,Slava Pestov,1,2,279,286
563,Slava Pestov,Slava Pestov,1,2,279,286
564,Slava Pestov,Slava Pestov,1,5,279,488
565,Slava Pestov,Slava Pestov,1,5,279,488
567,Slava Pestov,Slava Pestov,1,1,279,279
568,Slava Pestov,Slava Pestov,1,1,279,279
570,Slava Pestov,Slava Pestov,1,1,279,279
571,Slava Pestov,Slava Pestov,1,1,279,279
573,Slava Pestov,Slava Pestov,1,1,703,703
574,Slava Pestov,Slava Pestov,1,3,518,703
575,Slava Pestov,Slava Pestov,1,1,286,286
576,Slava Pestov,Slava Pestov,1,2,300,488
577,Slava Pestov,Slava Pestov,1,3,287,488
578,Slava Pestov,Slava Pestov,1,4,287,488
580,Slava Pestov,Slava Pestov,1,4,328,1622
581,Slava Pestov,Slava Pestov,1,6,328,565
583,Slava Pestov,Slava Pestov,1,2,291,293
584,Slava Pestov,Slava Pestov,1,7,328,723
585,Slava Pestov,Slava Pestov,1,3,318,594
587,Slava Pestov,Slava Pestov,1,2,293,331
588,Slava Pestov,Slava Pestov,1,4,463,927
589,Slava Pestov,Slava Pestov,1,2,298,463
590,Slava Pestov,Slava Pestov,1,1,398,398
591,Slava Pestov,Slava Pestov,1,3,701,927
592,Slava Pestov,Slava Pestov,1,3,701,927
593,Slava Pestov,Slava Pestov,1,2,318,398
594,Slava Pestov,Slava Pestov,1,3,298,927
595,Slava Pestov,Slava Pestov,1,1,298,298
596,Slava Pestov,Slava Pestov,1,2,318,398
597,Slava Pestov,Slava Pestov,1,3,298,927
598,Slava Pestov,Slava Pestov,1,1,298,298
600,Slava Pestov,Slava Pestov,1,1,296,296
601,Slava Pestov,Slava Pestov,1,1,303,303
602,Slava Pestov,Slava Pestov,1,1,314,314
603,Slava Pestov,Slava Pestov,1,1,314,314
604,Slava Pestov,Slava Pestov,1,2,297,314
605,Slava Pestov,Slava Pestov,1,2,297,314
606,Slava Pestov,Slava Pestov,1,2,297,314
608,Alan Ezust; Marcelo Vanzin; Matthieu Casanova; Slava Pestov,Slava Pestov,4,66,297,2901
609,Matthieu Casanova; Slava Pestov,Slava Pestov,2,13,297,2901
612,Slava Pestov,Slava Pestov,1,3,322,411
614,Slava Pestov,Slava Pestov,1,3,298,706
615,Slava Pestov,Slava Pestov,1,1,463,463
617,Slava Pestov,Slava Pestov,1,4,301,742
622,Alan Ezust; Kazutoshi Satoda; Matthieu Casanova; Slava Pestov,Slava Pestov,4,39,303,3810
623,Alan Ezust; Matthieu Casanova; Slava Pestov,Slava Pestov,3,13,303,3810
624,Slava Pestov,Slava Pestov,1,1,307,307
625,Slava Pestov,Slava Pestov,1,4,304,310
626,Slava Pestov,Slava Pestov,1,5,304,311
627,Slava Pestov,Slava Pestov,1,5,304,311
628,Slava Pestov,Slava Pestov,1,11,308,625
629,Slava Pestov,Slava Pestov,1,21,305,1628
630,Slava Pestov,Slava Pestov,1,1,305,305
633,Slava Pestov,Slava Pestov,1,4,307,311
634,Slava Pestov,Slava Pestov,1,4,307,311
635,Slava Pestov,Slava Pestov,1,1,310,310
636,Slava Pestov,Slava Pestov,1,1,310,310
641,Alan Ezust; Björn Kautler; Slava Pestov,Slava Pestov,3,62,314,2502
642,Slava Pestov,Slava Pestov,1,111,314,2182
643,Slava Pestov,Slava Pestov,1,4,312,417
644,Slava Pestov,Slava Pestov,1,1,312,312
645,Slava Pestov,Slava Pestov,1,1,312,312
646,Slava Pestov,Slava Pestov,1,2,312,328
647,Alan Ezust; Björn Kautler; Matthieu Casanova; Slava Pestov,Slava Pestov,4,92,315,2502
648,Slava Pestov,Slava Pestov,1,38,314,1639
649,Slava Pestov,Slava Pestov,1,1,318,318
650,Slava Pestov,Slava Pestov,1,4,312,705
651,Slava Pestov,Slava Pestov,1,5,312,927
652,Slava Pestov,Slava Pestov,1,2,328,535
654,Slava Pestov,Slava Pestov,1,11,318,1855
655,Slava Pestov,Slava Pestov,1,3,318,337
656,Slava Pestov,Slava Pestov,1,3,318,337
657,Slava Pestov,Slava Pestov,1,4,318,339
658,Slava Pestov,Slava Pestov,1,5,318,363
659,Slava Pestov,Slava Pestov,1,3,318,337
660,Slava Pestov,Slava Pestov,1,3,318,337
661,Slava Pestov,Slava Pestov,1,3,318,337
662,Slava Pestov,Slava Pestov,1,1,328,328
663,Slava Pestov,Slava Pestov,1,4,318,339
664,Slava Pestov,Slava Pestov,1,33,314,1323
665,Alan Ezust; Björn Kautler; Matthieu Casanova; Slava Pestov,Slava Pestov,4,60,314,2800
666,Slava Pestov,Slava Pestov,1,1,339,339
667,Slava Pestov,Slava Pestov,1,9,312,751
668,Slava Pestov,Slava Pestov,1,40,314,1639
669,Alan Ezust; Björn Kautler; Slava Pestov,Slava Pestov,3,70,315,2502
670,Slava Pestov,Slava Pestov,1,24,315,865
671,Alan Ezust; Matthieu Casanova; Slava Pestov,Slava Pestov,3,121,314,2379
672,Slava Pestov,Slava Pestov,1,25,314,1000
673,Slava Pestov,Slava Pestov,1,15,314,588
674,Alan Ezust; Kazutoshi Satoda; Marcelo Vanzin; Matthieu Casanova; Shlomy Reinstein; Slava Pestov,Slava Pestov,6,171,314,3999
678,Slava Pestov,Slava Pestov,1,1,314,314
679,Slava Pestov,Slava Pestov,1,1,314,314
681,Slava Pestov,Slava Pestov,1,1,314,314
682,Slava Pestov,Slava Pestov,1,1,314,314
683,Slava Pestov,Slava Pestov,1,1,314,314
686,Alan Ezust; Slava Pestov,Slava Pestov,2,120,314,2379
687,Alan Ezust; Matthieu Casanova; Slava Pestov,Slava Pestov,3,122,314,2379
688,Slava Pestov,Slava Pestov,1,1,318,318
689,Slava Pestov,Slava Pestov,1,2,314,318
690,Slava Pestov,Slava Pestov,1,13,321,1053
691,Slava Pestov,Slava Pestov,1,3,315,339
692,Slava Pestov,Slava Pestov,1,2,318,396
693,Slava Pestov,Slava Pestov,1,1,370,370
694,Slava Pestov,Slava Pestov,1,4,318,339
695,Alan Ezust; Björn Kautler; Matthieu Casanova; Slava Pestov,Slava Pestov,4,80,318,2502
696,Slava Pestov,Slava Pestov,1,2,352,378
697,Slava Pestov,Slava Pestov,1,2,352,398
698,Slava Pestov,Slava Pestov,1,1,463,463
699,Slava Pestov,Slava Pestov,1,4,463,927
701,Slava Pestov,Slava Pestov,1,1,318,318
702,Slava Pestov,Slava Pestov,1,1,318,318
704,Slava Pestov,Slava Pestov,1,1,318,318
708,Slava Pestov,Slava Pestov,1,1,318,318
709,Alan Ezust; Björn Kautler; Matthieu Casanova; Slava Pestov,Slava Pestov,4,112,318,3810
710,Slava Pestov,Slava Pestov,1,45,318,1000
711,Slava Pestov,Slava Pestov,1,1,318,318
712,Slava Pestov,Slava Pestov,1,1,318,318
713,Slava Pestov,Slava Pestov,1,3,390,400
714,Slava Pestov,Slava Pestov,1,4,373,530
715,Slava Pestov,Slava Pestov,1,3,370,631
716,Slava Pestov,Slava Pestov,1,4,322,351
719,Alan Ezust; Björn Kautler; Matthieu Casanova; Slava Pestov,Slava Pestov,4,103,328,2800
720,Slava Pestov,Slava Pestov,1,4,330,344
721,Slava Pestov,Slava Pestov,1,7,355,704
722,Slava Pestov,Slava Pestov,1,6,355,680
723,Slava Pestov,Slava Pestov,1,4,416,680
724,Slava Pestov,Slava Pestov,1,7,416,680
725,Slava Pestov,Slava Pestov,1,6,355,680
726,Slava Pestov,Slava Pestov,1,5,409,680
727,Slava Pestov,Slava Pestov,1,5,416,680
728,Slava Pestov,Slava Pestov,1,5,409,680
733,Slava Pestov,Slava Pestov,1,1,328,328
735,Slava Pestov,Slava Pestov,1,1,328,328
738,Slava Pestov,Slava Pestov,1,2,328,341
739,Slava Pestov,Slava Pestov,1,1,328,328
740,Slava Pestov,Slava Pestov,1,29,328,2050
741,Slava Pestov,Slava Pestov,1,1,328,328
742,Slava Pestov,Slava Pestov,1,1,328,328
743,Slava Pestov,Slava Pestov,1,2,328,398
744,Slava Pestov,Slava Pestov,1,2,328,1723
745,Slava Pestov,Slava Pestov,1,5,328,920
746,Slava Pestov,Slava Pestov,1,1,328,328
747,Slava Pestov,Slava Pestov,1,22,328,649
748,Kazutoshi Satoda; Marcelo Vanzin; Matthieu Casanova; Shlomy Reinstein; Slava Pestov,Slava Pestov,5,93,328,3999
749,Slava Pestov,Slava Pestov,1,1,488,488
750,Slava Pestov,Slava Pestov,1,1,488,488
751,Slava Pestov,Slava Pestov,1,2,370,488
752,Slava Pestov,Slava Pestov,1,2,370,488
753,Slava Pestov,Slava Pestov,1,2,328,488
754,Slava Pestov,Slava Pestov,1,1,488,488
755,Slava Pestov,Slava Pestov,1,1,488,488
756,Slava Pestov,Slava Pestov,1,1,488,488
757,Slava Pestov,Slava Pestov,1,1,488,488
758,Slava Pestov,Slava Pestov,1,1,488,488
761,Slava Pestov,Slava Pestov,1,2,405,406
762,Slava Pestov,Slava Pestov,1,2,405,406
763,Slava Pestov,Slava Pestov,1,1,328,328
764,Slava Pestov,Slava Pestov,1,1,328,328
765,Slava Pestov,Slava Pestov,1,17,328,754
766,Slava Pestov,Slava Pestov,1,21,328,1092
768,Slava Pestov,Slava Pestov,1,3,370,813
769,Slava Pestov,Slava Pestov,1,4,738,1043
770,Slava Pestov,Slava Pestov,1,4,433,740
771,Slava Pestov,Slava Pestov,1,1,812,812
772,Slava Pestov,Slava Pestov,1,5,488,770
773,Slava Pestov,Slava Pestov,1,4,368,2109
774,Slava Pestov,Slava Pestov,1,5,370,1055
775,Slava Pestov,Slava Pestov,1,6,370,740
776,Slava Pestov,Slava Pestov,1,1,413,413
778,Slava Pestov,Slava Pestov,1,1,354,354
783,Slava Pestov,Slava Pestov,1,2,337,680
784,Slava Pestov,Slava Pestov,1,8,339,400
785,Slava Pestov,Slava Pestov,1,2,337,351
786,Slava Pestov,Slava Pestov,1,2,337,351
787,Slava Pestov,Slava Pestov,1,46,370,2219
788,Slava Pestov,Slava Pestov,1,1,339,339
789,Alan Ezust; Slava Pestov,Slava Pestov,2,14,351,2382
790,Slava Pestov,Slava Pestov,1,5,344,1169
791,Slava Pestov,Slava Pestov,1,3,354,715
792,Slava Pestov,Slava Pestov,1,3,354,715
793,Slava Pestov,Slava Pestov,1,1,488,488
794,Slava Pestov,Slava Pestov,1,1,488,488
795,Slava Pestov,Slava Pestov,1,1,488,488
796,Slava Pestov,Slava Pestov,1,1,488,488
797,Slava Pestov,Slava Pestov,1,1,488,488
798,Slava Pestov,Slava Pestov,1,1,378,378
799,Slava Pestov,Slava Pestov,1,3,370,488
800,Slava Pestov,Slava Pestov,1,1,488,488
802,Slava Pestov,Slava Pestov,1,1,488,488
803,Slava Pestov,Slava Pestov,1,6,409,706
804,Alan Ezust; Slava Pestov,Slava Pestov,2,3,416,3437
807,Slava Pestov,Slava Pestov,1,9,364,1520
808,Matthieu Casanova; Slava Pestov,Slava Pestov,2,22,363,2918
810,Slava Pestov,Slava Pestov,1,1,378,378
811,Slava Pestov,Slava Pestov,1,1,378,378
812,Slava Pestov,Slava Pestov,1,4,378,416
813,Slava Pestov,Slava Pestov,1,6,378,416
814,Slava Pestov,Slava Pestov,1,5,378,514
815,Slava Pestov,Slava Pestov,1,4,387,514
816,Slava Pestov,Slava Pestov,1,1,378,378
817,Slava Pestov,Slava Pestov,1,1,378,378
818,Slava Pestov,Slava Pestov,1,1,378,378
819,Slava Pestov,Slava Pestov,1,1,378,378
820,Matthieu Casanova; Slava Pestov,Slava Pestov,2,3,364,3237
821,Slava Pestov,Slava Pestov,1,1,368,368
823,Slava Pestov,Slava Pestov,1,3,367,488
824,Slava Pestov,Slava Pestov,1,2,368,370
825,Slava Pestov,Slava Pestov,1,1,630,630
828,Slava Pestov,Slava Pestov,1,3,392,614
829,Slava Pestov,Slava Pestov,1,3,583,735
830,Slava Pestov,Slava Pestov,1,4,583,1559
834,Slava Pestov,Slava Pestov,1,5,583,1559
836,Slava Pestov,Slava Pestov,1,1,443,443
837,Slava Pestov,Slava Pestov,1,2,583,630
839,Slava Pestov,Slava Pestov,1,3,374,630
840,Slava Pestov,Slava Pestov,1,1,374,374
841,Slava Pestov,Slava Pestov,1,1,374,374
842,Slava Pestov,Slava Pestov,1,1,443,443
843,Slava Pestov,Slava Pestov,1,1,373,373
844,Alan Ezust; Björn Kautler; Marcelo Vanzin; Matthieu Casanova; Slava Pestov,Slava Pestov,5,9,438,3164
845,Slava Pestov,Slava Pestov,1,1,396,396
846,Alan Ezust; Slava Pestov,Slava Pestov,2,2,901,3652
848,Slava Pestov,Slava Pestov,1,6,384,1549
849,Slava Pestov,Slava Pestov,1,2,386,713
850,Slava Pestov,Slava Pestov,1,3,378,713
852,Slava Pestov,Slava Pestov,1,4,376,613
853,Slava Pestov,Slava Pestov,1,13,378,1549
854,Alan Ezust; Björn Kautler; Marcelo Vanzin; Matthieu Casanova; Nicholas O'Leary; Slava Pestov,Slava Pestov,6,24,388,3164
855,Slava Pestov,Slava Pestov,1,1,614,614
856,Slava Pestov,Slava Pestov,1,13,388,1584
857,Slava Pestov,Slava Pestov,1,1,376,376
858,Slava Pestov,Slava Pestov,1,1,378,378
859,Kazutoshi Satoda; Slava Pestov,Slava Pestov,2,10,391,3496
860,Kazutoshi Satoda; Slava Pestov,Slava Pestov,2,10,378,3496
861,Slava Pestov,Slava Pestov,1,8,433,1735
862,Slava Pestov,Slava Pestov,1,10,376,1664
863,Slava Pestov,Slava Pestov,1,5,757,1676
864,Slava Pestov,Slava Pestov,1,6,391,1333
865,Slava Pestov,Slava Pestov,1,2,480,1146
867,Slava Pestov,Slava Pestov,1,1,378,378
869,Slava Pestov,Slava Pestov,1,1,378,378
870,Slava Pestov,Slava Pestov,1,1,378,378
872,Slava Pestov,Slava Pestov,1,1,381,381
873,Slava Pestov,Slava Pestov,1,1,381,381
875,Slava Pestov,Slava Pestov,1,4,409,1546
885,Slava Pestov,Slava Pestov,1,1,928,928
888,Slava Pestov,Slava Pestov,1,3,447,1237
892,Slava Pestov,Slava Pestov,1,2,387,399
893,Slava Pestov,Slava Pestov,1,3,387,399
894,Slava Pestov,Slava Pestov,1,2,387,399
895,Slava Pestov,Slava Pestov,1,2,387,396
896,Slava Pestov,Slava Pestov,1,2,387,438
897,Slava Pestov,Slava Pestov,1,1,438,438
898,Slava Pestov,Slava Pestov,1,7,388,514
899,Slava Pestov,Slava Pestov,1,7,387,514
900,Slava Pestov,Slava Pestov,1,8,387,514
901,Slava Pestov,Slava Pestov,1,7,387,514
902,Slava Pestov,Slava Pestov,1,4,387,514
903,Slava Pestov,Slava Pestov,1,4,387,514
904,Slava Pestov,Slava Pestov,1,4,638,1010
905,Slava Pestov,Slava Pestov,1,11,638,1067
906,Slava Pestov,Slava Pestov,1,9,388,931
907,Alan Ezust; Slava Pestov,Slava Pestov,2,86,388,2379
908,Slava Pestov,Slava Pestov,1,4,403,575
909,Slava Pestov,Slava Pestov,1,2,575,682
910,Slava Pestov,Slava Pestov,1,1,390,390
911,Slava Pestov,Slava Pestov,1,8,390,702
912,Slava Pestov,Slava Pestov,1,8,390,702
914,Slava Pestov,Slava Pestov,1,1,391,391
915,Slava Pestov,Slava Pestov,1,4,391,688
916,Slava Pestov,Slava Pestov,1,4,391,688
918,Slava Pestov,Slava Pestov,1,2,433,559
922,Slava Pestov,Slava Pestov,1,1,392,392
923,Slava Pestov,Slava Pestov,1,2,1435,2178
924,Slava Pestov,Slava Pestov,1,2,1435,2178
926,Slava Pestov,Slava Pestov,1,1,403,403
927,Slava Pestov,Slava Pestov,1,1,409,409
928,Slava Pestov,Slava Pestov,1,2,401,402
929,Alan Ezust; Björn Kautler; Marcelo Vanzin; Matthieu Casanova; Slava Pestov,Marcelo Vanzin,5,11,415,3237
930,Slava Pestov,Slava Pestov,1,2,414,488
931,Slava Pestov,Slava Pestov,1,2,414,488
932,Slava Pestov,Slava Pestov,1,2,414,488
933,Slava Pestov,Slava Pestov,1,2,414,488
934,Slava Pestov,Slava Pestov,1,1,488,488
935,Slava Pestov,Slava Pestov,1,1,488,488
936,Slava Pestov,Slava Pestov,1,1,488,488
937,Slava Pestov,Slava Pestov,1,2,414,488
938,Slava Pestov,Slava Pestov,1,2,414,488
939,Slava Pestov,Slava Pestov,1,2,414,488
940,Slava Pestov,Slava Pestov,1,2,414,488
941,Slava Pestov,Slava Pestov,1,2,414,488
942,Slava Pestov,Slava Pestov,1,2,414,488
943,Slava Pestov,Slava Pestov,1,1,414,414
944,Slava Pestov,Slava Pestov,1,1,488,488
945,Slava Pestov,Slava Pestov,1,2,414,488
946,Slava Pestov,Slava Pestov,1,2,449,488
947,Slava Pestov,Slava Pestov,1,2,414,488
948,Slava Pestov,Slava Pestov,1,1,488,488
949,Slava Pestov,Slava Pestov,1,1,488,488
950,Slava Pestov,Slava Pestov,1,1,488,488
951,Slava Pestov,Slava Pestov,1,1,488,488
953,Slava Pestov,Slava Pestov,1,1,487,487
959,Matthieu Casanova; Shlomy Reinstein; Slava Pestov,Slava Pestov,3,5,475,3347
963,Slava Pestov,Slava Pestov,1,3,475,864
964,Slava Pestov,Slava Pestov,1,2,475,755
965,Slava Pestov,Slava Pestov,1,6,417,1553
966,Slava Pestov,Slava Pestov,1,1,417,417
967,Slava Pestov,Slava Pestov,1,1,417,417
968,Slava Pestov,Slava Pestov,1,1,417,417
969,Slava Pestov,Slava Pestov,1,8,417,489
971,Slava Pestov,Slava Pestov,1,1,420,420
972,Slava Pestov,Slava Pestov,1,6,420,1828
973,Slava Pestov,Slava Pestov,1,6,420,1828
974,Matthieu Casanova; Slava Pestov,Slava Pestov,2,11,420,3537
975,Matthieu Casanova; Slava Pestov,Slava Pestov,2,11,420,3537
976,Slava Pestov,Slava Pestov,1,7,641,1065
977,Slava Pestov,Slava Pestov,1,2,420,548
980,Slava Pestov,Slava Pestov,1,3,422,487
981,Slava Pestov,Slava Pestov,1,7,422,723
984,Slava Pestov,Slava Pestov,1,1,705,705
985,Alan Ezust; Slava Pestov,Slava Pestov,2,3,426,2837
986,Slava Pestov,Slava Pestov,1,1,433,433
987,Alan Ezust; Matthieu Casanova; Slava Pestov,Slava Pestov,3,108,433,2735
988,Matthieu Casanova; Slava Pestov,Slava Pestov,2,131,433,2735
989,Slava Pestov,Slava Pestov,1,2,449,488
990,Slava Pestov,Slava Pestov,1,2,449,488
991,Slava Pestov,Slava Pestov,1,2,449,488
992,Slava Pestov,Slava Pestov,1,2,449,488
994,Slava Pestov,Slava Pestov,1,2,449,488
995,Slava Pestov,Slava Pestov,1,2,449,488
996,Slava Pestov,Slava Pestov,1,1,438,438
997,Slava Pestov,Slava Pestov,1,1,438,438
998,Slava Pestov,Slava Pestov,1,18,535,848
999,Slava Pestov,Slava Pestov,1,1,438,438
1000,Alan Ezust; Björn Kautler; Kazutoshi Satoda; Matthieu Casanova; Shlomy Reinstein; Slava Pestov; Xuân Baldauf,Slava Pestov,7,99,438,3999
1001,Björn Kautler; Kazutoshi Satoda; Matthieu Casanova; Shlomy Reinstein; Slava Pestov; Xuân Baldauf,Slava Pestov,6,91,445,3999
1003,Slava Pestov,Slava Pestov,1,1,446,446
1006,Slava Pestov,Slava Pestov,1,8,641,1370
1007,Slava Pestov,Slava Pestov,1,2,728,920
1011,Slava Pestov,Slava Pestov,1,5,491,712
1014,Slava Pestov,Slava Pestov,1,3,530,688
1015,Slava Pestov,Slava Pestov,1,22,463,2166
1016,Matthieu Casanova; Slava Pestov,Slava Pestov,2,30,491,2808
1017,Alan Ezust; Slava Pestov,Slava Pestov,2,11,466,2837
1018,Alan Ezust; Slava Pestov,Slava Pestov,2,15,565,2837
1019,Alan Ezust; Slava Pestov,Slava Pestov,2,10,565,2837
1020,Slava Pestov,Slava Pestov,1,5,736,1739
1021,Slava Pestov,Slava Pestov,1,1,1055,1055
1022,Slava Pestov,Slava Pestov,1,1,1055,1055
1023,Slava Pestov,Slava Pestov,1,2,1055,1416
1027,Slava Pestov,Slava Pestov,1,1,616,616
1028,Slava Pestov,Slava Pestov,1,1,616,616
1029,Slava Pestov,Slava Pestov,1,1,616,616
1030,Slava Pestov,Slava Pestov,1,1,741,741
1031,Slava Pestov,Slava Pestov,1,1,741,741
1033,Slava Pestov,Slava Pestov,1,1,482,482
1034,Slava Pestov,Slava Pestov,1,1,616,616
1035,Slava Pestov,Slava Pestov,1,1,616,616
1037,Slava Pestov,Slava Pestov,1,1,616,616
1038,Slava Pestov,Slava Pestov,1,1,616,616
1039,Slava Pestov,Slava Pestov,1,1,616,616
1041,Slava Pestov,Slava Pestov,1,1,616,616
1043,Slava Pestov,Slava Pestov,1,12,558,666
1044,Slava Pestov,Slava Pestov,1,5,482,648
1045,Slava Pestov,Slava Pestov,1,3,485,648
1046,Slava Pestov,Slava Pestov,1,16,486,815
1047,Slava Pestov,Slava Pestov,1,1,485,485
1048,Slava Pestov,Slava Pestov,1,2,482,485
1052,Slava Pestov,Slava Pestov,1,22,475,752
1053,Slava Pestov,Slava Pestov,1,1,641,641
1054,Slava Pestov,Slava Pestov,1,16,556,1046
1055,Alan Ezust; Slava Pestov,Slava Pestov,2,95,488,2379
1056,Slava Pestov,Slava Pestov,1,1,614,614
1057,Alan Ezust; Matthieu Casanova; Slava Pestov,Slava Pestov,3,44,476,2978
1059,Slava Pestov,Slava Pestov,1,6,480,1722
1060,Slava Pestov,Slava Pestov,1,1,480,480
1063,Slava Pestov,Slava Pestov,1,1,1628,1628
1064,Dale Anson; Matthieu Casanova; Slava Pestov,Slava Pestov,3,7,1608,3837
1065,Slava Pestov,Slava Pestov,1,2,482,741
1067,Slava Pestov,Slava Pestov,1,1,585,585
1068,Slava Pestov,Slava Pestov,1,1,585,585
1069,Slava Pestov,Slava Pestov,1,1,487,487
1070,Slava Pestov,Slava Pestov,1,1,613,613
1072,Slava Pestov,Slava Pestov,1,2,555,636
1073,Björn Kautler; Marcelo Vanzin; Slava Pestov,Slava Pestov,3,18,488,3482
1074,Slava Pestov,Slava Pestov,1,14,488,736
1075,Slava Pestov,Slava Pestov,1,2,531,597
1076,Slava Pestov,Slava Pestov,1,3,491,530
1077,Slava Pestov,Slava Pestov,1,19,492,2166
1078,Matthieu Casanova; Slava Pestov,Slava Pestov,2,26,491,2808
1079,Slava Pestov,Slava Pestov,1,2,529,538
1080,Slava Pestov,Slava Pestov,1,3,506,1725
1082,Slava Pestov,Slava Pestov,1,6,604,776
1083,Slava Pestov,Slava Pestov,1,4,506,532
1084,Slava Pestov,Slava Pestov,1,2,506,538
1085,Slava Pestov,Slava Pestov,1,2,506,538
1086,Slava Pestov,Slava Pestov,1,2,506,538
1087,Slava Pestov,Slava Pestov,1,3,506,1258
1088,Slava Pestov,Slava Pestov,1,3,506,1258
1089,Slava Pestov,Slava Pestov,1,2,506,538
1090,Slava Pestov,Slava Pestov,1,3,506,1258
1091,Slava Pestov,Slava Pestov,1,2,506,538
1092,Slava Pestov,Slava Pestov,1,1,506,506
1093,Slava Pestov,Slava Pestov,1,2,497,506
1094,Slava Pestov,Slava Pestov,1,5,510,539
1095,Slava Pestov,Slava Pestov,1,11,510,1395
1096,Slava Pestov,Slava Pestov,1,5,510,539
1097,Slava Pestov,Slava Pestov,1,5,510,539
1098,Slava Pestov,Slava Pestov,1,2,497,500
1099,Daniel Hahler; Matthieu Casanova; Slava Pestov,Slava Pestov,3,6,497,3852
1100,Slava Pestov,Slava Pestov,1,4,497,539
1101,Slava Pestov,Slava Pestov,1,2,514,553
1102,Slava Pestov,Slava Pestov,1,4,514,636
1106,Slava Pestov,Slava Pestov,1,1,589,589
1107,Marcelo Vanzin; Slava Pestov,Slava Pestov,2,8,522,2664
1108,Slava Pestov,Slava Pestov,1,5,523,1828
1109,Slava Pestov,Slava Pestov,1,6,523,1828
1110,Slava Pestov,Slava Pestov,1,6,703,1828
1111,Slava Pestov,Slava Pestov,1,1,525,525
1112,Slava Pestov,Slava Pestov,1,20,525,1722
1113,Slava Pestov,Slava Pestov,1,1,525,525
1114,Slava Pestov,Slava Pestov,1,4,525,719
1115,Slava Pestov,Slava Pestov,1,2,527,539
1116,Slava Pestov,Slava Pestov,1,5,529,2072
1126,Slava Pestov,Slava Pestov,1,2,773,943
1160,Alan Ezust; Björn Kautler; Kazutoshi Satoda; Marcelo Vanzin; Matthieu Casanova; Slava Pestov,Slava Pestov,6,38,535,3895
1161,Alan Ezust; Marcelo Vanzin; Matthieu Casanova; Slava Pestov,Slava Pestov,4,49,569,2978
1162,Slava Pestov,Slava Pestov,1,1,538,538
1166,Slava Pestov,Slava Pestov,1,1,644,644
1172,Slava Pestov,Slava Pestov,1,1,644,644
1175,Slava Pestov,Slava Pestov,1,1,644,644
1176,Slava Pestov,Slava Pestov,1,1,644,644
1177,Slava Pestov,Slava Pestov,1,3,549,593
1178,Slava Pestov,Slava Pestov,1,3,549,593
1179,Slava Pestov,Slava Pestov,1,1,648,648
1181,Slava Pestov,Slava Pestov,1,2,635,919
1182,Slava Pestov,Slava Pestov,1,1,666,666
1183,Slava Pestov,Slava Pestov,1,2,573,649
1184,Slava Pestov,Slava Pestov,1,1,569,569
1185,Slava Pestov,Slava Pestov,1,8,570,655
1186,Slava Pestov,Slava Pestov,1,7,574,646
1187,Slava Pestov,Slava Pestov,1,1,616,616
1188,Slava Pestov,Slava Pestov,1,3,644,1000
1191,Slava Pestov,Slava Pestov,1,15,570,1636
1192,Slava Pestov,Slava Pestov,1,8,573,696
1193,Slava Pestov,Slava Pestov,1,6,573,696
1194,Slava Pestov,Slava Pestov,1,2,570,571
1195,Slava Pestov,Slava Pestov,1,1,570,570
1196,Slava Pestov,Slava Pestov,1,3,642,644
1197,Slava Pestov,Slava Pestov,1,7,649,1106
1198,Slava Pestov,Slava Pestov,1,4,649,1106
1199,Matthieu Casanova; Slava Pestov,Slava Pestov,2,4,625,3425
1200,Slava Pestov,Slava Pestov,1,29,582,2219
1203,Slava Pestov,Slava Pestov,1,5,570,605
1204,Slava Pestov,Slava Pestov,1,2,576,605
1205,Slava Pestov,Slava Pestov,1,13,574,727
1206,Slava Pestov,Slava Pestov,1,56,574,2285
1207,Slava Pestov,Slava Pestov,1,2,571,576
1208,Slava Pestov,Slava Pestov,1,1,576,576
1209,Slava Pestov,Slava Pestov,1,1,571,571
1210,Slava Pestov,Slava Pestov,1,3,573,621
1211,Slava Pestov,Slava Pestov,1,3,571,618
1212,Slava Pestov,Slava Pestov,1,3,571,576
1213,Slava Pestov,Slava Pestov,1,1,666,666
1214,Slava Pestov,Slava Pestov,1,1,654,654
1215,Slava Pestov,Slava Pestov,1,9,576,675
1216,Slava Pestov,Slava Pestov,1,10,576,679
1217,Slava Pestov,Slava Pestov,1,7,574,666
1218,Slava Pestov,Slava Pestov,1,10,647,671
1219,Slava Pestov,Slava Pestov,1,12,574,666
1220,Slava Pestov,Slava Pestov,1,5,574,651
1221,Slava Pestov,Slava Pestov,1,5,574,652
1222,Slava Pestov,Slava Pestov,1,5,574,651
1223,Slava Pestov,Slava Pestov,1,1,573,573
1224,Slava Pestov,Slava Pestov,1,1,573,573
1226,Slava Pestov,Slava Pestov,1,6,574,654
1228,Slava Pestov,Slava Pestov,1,2,1076,1549
1229,Slava Pestov,Slava Pestov,1,1,574,574
1230,Slava Pestov,Slava Pestov,1,1,574,574
1231,Slava Pestov,Slava Pestov,1,1,574,574
1232,Slava Pestov,Slava Pestov,1,1,577,577
1233,Slava Pestov,Slava Pestov,1,1,585,585
1234,Slava Pestov,Slava Pestov,1,1,585,585
1235,Slava Pestov,Slava Pestov,1,2,574,576
1236,Slava Pestov,Slava Pestov,1,4,574,678
1237,Slava Pestov,Slava Pestov,1,1,574,574
1238,Slava Pestov,Slava Pestov,1,9,575,795
1239,Slava Pestov,Slava Pestov,1,3,577,646
1240,Slava Pestov,Slava Pestov,1,2,577,614
1241,Slava Pestov,Slava Pestov,1,3,576,642
1242,Slava Pestov,Slava Pestov,1,5,577,646
1243,Slava Pestov,Slava Pestov,1,1,576,576
1244,Slava Pestov,Slava Pestov,1,1,576,576
1245,Slava Pestov,Slava Pestov,1,1,577,577
1246,Jeffrey Hoyt; Matthieu Casanova; Slava Pestov; Xuân Baldauf,Slava Pestov,4,20,577,3512
1248,Slava Pestov,Slava Pestov,1,2,577,680
1249,Slava Pestov,Slava Pestov,1,2,612,614
1250,Slava Pestov,Slava Pestov,1,3,577,646
1251,Slava Pestov,Slava Pestov,1,1,614,614
1252,Slava Pestov,Slava Pestov,1,19,577,931
1253,Slava Pestov,Slava Pestov,1,3,578,625
1254,Slava Pestov,Slava Pestov,1,1,578,578
1256,Slava Pestov,Slava Pestov,1,1,677,677
1260,Slava Pestov,Slava Pestov,1,1,677,677
1263,Slava Pestov,Slava Pestov,1,1,677,677
1264,Slava Pestov,Slava Pestov,1,1,677,677
1267,Slava Pestov,Slava Pestov,1,1,677,677
1268,Slava Pestov,Slava Pestov,1,1,677,677
1272,Slava Pestov,Slava Pestov,1,1,585,585
1273,Slava Pestov,Slava Pestov,1,7,592,927
1274,Slava Pestov,Slava Pestov,1,3,592,646
1275,Slava Pestov,Slava Pestov,1,5,594,731
1277,Slava Pestov,Slava Pestov,1,1,646,646
1278,Slava Pestov,Slava Pestov,1,1,646,646
1279,Slava Pestov,Slava Pestov,1,1,592,592
1282,Slava Pestov,Slava Pestov,1,1,646,646
1283,Slava Pestov,Slava Pestov,1,2,598,646
1284,Slava Pestov,Slava Pestov,1,2,598,646
1285,Slava Pestov,Slava Pestov,1,1,646,646
1286,Slava Pestov,Slava Pestov,1,1,646,646
1287,Slava Pestov,Slava Pestov,1,1,646,646
1289,Slava Pestov,Slava Pestov,1,11,625,1061
1290,Slava Pestov,Slava Pestov,1,3,590,636
1291,Alan Ezust,Alan Ezust,1,3,2378,2570
1292,Alan Ezust; Martin Raspe; Matthieu Casanova; Slava Pestov,Slava Pestov,4,88,593,3694
1293,Matthieu Casanova; Slava Pestov,Slava Pestov,2,4,593,3237
1294,Slava Pestov,Slava Pestov,1,7,640,1394
1295,Slava Pestov,Slava Pestov,1,1,655,655
1297,Slava Pestov,Slava Pestov,1,8,679,1722
1298,Slava Pestov,Slava Pestov,1,2,594,603
1299,Slava Pestov,Slava Pestov,1,2,1231,1618
1300,Slava Pestov,Slava Pestov,1,6,679,1419
1301,Slava Pestov,Slava Pestov,1,1,594,594
1302,Slava Pestov,Slava Pestov,1,1,594,594
1303,Slava Pestov,Slava Pestov,1,6,595,1416
1304,Slava Pestov,Slava Pestov,1,1,594,594
1307,Slava Pestov,Slava Pestov,1,2,595,681
1310,Seph Soliman; Slava Pestov,Slava Pestov,2,5,595,3722
1313,Slava Pestov,Slava Pestov,1,2,595,919
1314,Slava Pestov,Slava Pestov,1,2,920,1416
1321,Slava Pestov,Slava Pestov,1,2,595,598
1322,Matthieu Casanova; Seph Soliman; Slava Pestov,Slava Pestov,3,7,598,3722
1323,Slava Pestov,Slava Pestov,1,1,595,595
1324,Seph Soliman; Slava Pestov,Slava Pestov,2,4,681,3722
1325,Seph Soliman; Slava Pestov,Slava Pestov,2,4,595,3722
1326,Slava Pestov,Slava Pestov,1,2,597,616
1327,Slava Pestov,Slava Pestov,1,3,597,701
1328,Slava Pestov,Slava Pestov,1,1,773,773
1329,Matthieu Casanova; Seph Soliman; Slava Pestov,Slava Pestov,3,8,598,3722
1337,Slava Pestov,Slava Pestov,1,1,607,607
1338,Slava Pestov,Slava Pestov,1,1,607,607
1339,Slava Pestov,Slava Pestov,1,2,613,614
1340,Slava Pestov,Slava Pestov,1,1,614,614
1341,Slava Pestov,Slava Pestov,1,3,613,948
1342,Slava Pestov,Slava Pestov,1,3,616,778
1343,Slava Pestov,Slava Pestov,1,2,616,741
1344,Slava Pestov,Slava Pestov,1,2,618,622
1345,Slava Pestov,Slava Pestov,1,3,618,623
1347,Slava Pestov,Slava Pestov,1,2,618,625
1350,Slava Pestov,Slava Pestov,1,1,619,619
1351,Slava Pestov,Slava Pestov,1,2,619,776
1352,Matthieu Casanova; Slava Pestov,Slava Pestov,2,5,619,2825
1355,Slava Pestov,Slava Pestov,1,1,642,642
1356,Slava Pestov,Slava Pestov,1,2,625,642
1358,Slava Pestov,Slava Pestov,1,1,689,689
1359,Slava Pestov,Slava Pestov,1,2,631,713
1360,Slava Pestov,Slava Pestov,1,1,631,631
1362,Slava Pestov,Slava Pestov,1,1,635,635
1364,Slava Pestov,Slava Pestov,1,1,740,740
1365,Matthieu Casanova; Seph Soliman; Slava Pestov,Slava Pestov,3,6,635,3722
1367,Slava Pestov,Slava Pestov,1,1,638,638
1368,Slava Pestov,Slava Pestov,1,1,639,639
1369,Slava Pestov,Slava Pestov,1,2,757,1828
1370,Slava Pestov,Slava Pestov,1,2,641,757
1371,Slava Pestov,Slava Pestov,1,1,643,643
1372,Slava Pestov,Slava Pestov,1,1,642,642
1373,Slava Pestov,Slava Pestov,1,2,643,644
1374,Slava Pestov,Slava Pestov,1,2,644,645
1375,Slava Pestov,Slava Pestov,1,3,643,645
1376,Slava Pestov,Slava Pestov,1,1,643,643
1377,Slava Pestov,Slava Pestov,1,3,643,645
1378,Slava Pestov,Slava Pestov,1,2,698,1020
1383,Slava Pestov,Slava Pestov,1,1,698,698
1384,Slava Pestov,Slava Pestov,1,3,644,1020
1385,Slava Pestov,Slava Pestov,1,4,698,1220
1386,Slava Pestov,Slava Pestov,1,1,644,644
1387,Slava Pestov,Slava Pestov,1,27,644,926
1388,Slava Pestov,Slava Pestov,1,2,644,790
1389,Matthieu Casanova; Slava Pestov,Slava Pestov,2,6,680,2923
1390,Slava Pestov,Slava Pestov,1,2,644,680
1391,Slava Pestov,Slava Pestov,1,2,647,680
1393,Slava Pestov,Slava Pestov,1,3,644,698
1394,Slava Pestov,Slava Pestov,1,1,645,645
1396,Slava Pestov,Slava Pestov,1,7,646,1023
1397,Slava Pestov,Slava Pestov,1,1,646,646
1399,Slava Pestov,Slava Pestov,1,2,698,1020
1402,Slava Pestov,Slava Pestov,1,1,689,689
1403,Slava Pestov,Slava Pestov,1,1,689,689
1409,Slava Pestov,Slava Pestov,1,1,689,689
1410,Slava Pestov,Slava Pestov,1,1,735,735
1411,Slava Pestov,Slava Pestov,1,1,689,689
1417,Slava Pestov,Slava Pestov,1,4,655,2109
1418,Slava Pestov,Slava Pestov,1,17,649,1553
1419,Slava Pestov,Slava Pestov,1,1,1364,1364
1420,Slava Pestov,Slava Pestov,1,1,649,649
1421,Slava Pestov,Slava Pestov,1,6,651,678
1422,Marcelo Vanzin; Slava Pestov,Slava Pestov,2,13,649,3898
1423,Slava Pestov,Slava Pestov,1,1,651,651
1424,Slava Pestov,Slava Pestov,1,6,657,1055
1425,Alan Ezust; Marcelo Vanzin; Slava Pestov,Slava Pestov,3,12,652,3257
1427,Slava Pestov,Slava Pestov,1,3,652,690
1428,Alan Ezust; Marcelo Vanzin; Slava Pestov,Slava Pestov,3,47,653,3787
1429,Alan Ezust; Marcelo Vanzin; Shlomy Reinstein; Slava Pestov,Slava Pestov,4,58,653,3787
1430,Slava Pestov,Slava Pestov,1,1,652,652
1431,Slava Pestov,Slava Pestov,1,9,654,681
1433,Alan Ezust; Marcelo Vanzin; Slava Pestov,Slava Pestov,3,7,653,3257
1434,Slava Pestov,Slava Pestov,1,1,1521,1521
1436,Alan Ezust; Björn Kautler; Marcelo Vanzin; Matthieu Casanova; Slava Pestov; Xuân Baldauf,Slava Pestov,6,11,679,3164
1437,Slava Pestov,Slava Pestov,1,1,655,655
1438,Slava Pestov,Slava Pestov,1,5,655,1912
1440,Slava Pestov,Slava Pestov,1,6,657,1393
1441,Slava Pestov,Slava Pestov,1,4,814,1393
1442,Slava Pestov,Slava Pestov,1,1,657,657
1443,Slava Pestov,Slava Pestov,1,9,655,2109
1444,Slava Pestov,Slava Pestov,1,1,660,660
1445,Slava Pestov,Slava Pestov,1,2,655,675
1446,Slava Pestov,Slava Pestov,1,1,655,655
1447,Slava Pestov,Slava Pestov,1,2,655,658
1450,Slava Pestov,Slava Pestov,1,2,657,995
1451,Slava Pestov,Slava Pestov,1,2,657,666
1452,Slava Pestov,Slava Pestov,1,6,657,1393
1453,Slava Pestov,Slava Pestov,1,2,679,688
1454,Slava Pestov,Slava Pestov,1,2,671,679
1456,Slava Pestov,Slava Pestov,1,3,657,702
1457,Slava Pestov,Slava Pestov,1,8,657,1055
1458,Slava Pestov,Slava Pestov,1,2,665,666
1459,Slava Pestov,Slava Pestov,1,2,665,666
1462,Slava Pestov,Slava Pestov,1,2,688,690
1463,Slava Pestov,Slava Pestov,1,4,659,1989
1464,Slava Pestov,Slava Pestov,1,1,658,658
1466,Slava Pestov,Slava Pestov,1,2,659,663
1467,Alan Ezust; Kazutoshi Satoda; Matthieu Casanova; Shlomy Reinstein; Slava Pestov,Slava Pestov,5,24,667,3989
1469,Slava Pestov,Slava Pestov,1,10,684,908
1470,Slava Pestov,Slava Pestov,1,10,684,908
1471,Slava Pestov,Slava Pestov,1,6,684,705
1472,Slava Pestov,Slava Pestov,1,1,667,667
1473,Slava Pestov,Slava Pestov,1,10,920,1746
1475,Alan Ezust; Kazutoshi Satoda; Matthieu Casanova; Shlomy Reinstein; Slava Pestov,Slava Pestov,5,39,668,3996
1477,Slava Pestov,Slava Pestov,1,2,665,666
1478,Kazutoshi Satoda; Matthieu Casanova; Shlomy Reinstein; Slava Pestov,Shlomy Reinstein,4,17,905,3999
1479,Kazutoshi Satoda; Matthieu Casanova; Slava Pestov,Slava Pestov,3,11,922,3998
1480,Slava Pestov,Slava Pestov,1,3,922,1378
1481,Alan Ezust; Björn Kautler; Matthieu Casanova; Slava Pestov,Slava Pestov,4,162,690,2800
1483,Slava Pestov,Slava Pestov,1,3,671,678
1484,Slava Pestov,Slava Pestov,1,18,671,1389
1485,Slava Pestov,Slava Pestov,1,9,673,787
1486,Slava Pestov,Slava Pestov,1,18,671,1389
1487,Slava Pestov,Slava Pestov,1,1,679,679
1488,Alan Ezust; Marcelo Vanzin; Slava Pestov,Slava Pestov,3,30,671,3787
1489,Slava Pestov,Slava Pestov,1,3,675,1719
1490,Slava Pestov,Slava Pestov,1,3,675,999
1491,Slava Pestov,Slava Pestov,1,3,671,2236
1496,Slava Pestov,Slava Pestov,1,3,672,1020
1497,Slava Pestov,Slava Pestov,1,9,672,1880
1498,Alan Ezust; Björn Kautler; Kazutoshi Satoda; Matthieu Casanova; Slava Pestov,Slava Pestov,5,9,678,3164
1499,Slava Pestov,Slava Pestov,1,19,703,2012
1500,Slava Pestov,Slava Pestov,1,10,905,2194
1501,Slava Pestov,Slava Pestov,1,11,779,1988
1502,Slava Pestov,Slava Pestov,1,1,703,703
1503,Slava Pestov,Slava Pestov,1,12,787,1969
1504,Slava Pestov,Slava Pestov,1,3,703,779
1505,Slava Pestov,Slava Pestov,1,2,779,787
1506,Slava Pestov,Slava Pestov,1,1,995,995
1507,Slava Pestov,Slava Pestov,1,1,995,995
1508,Slava Pestov,Slava Pestov,1,6,814,1988
1509,Slava Pestov,Slava Pestov,1,6,703,2109
1510,Alan Ezust; Marcelo Vanzin; Shlomy Reinstein; Slava Pestov,Slava Pestov,4,39,675,3787
1511,Slava Pestov,Slava Pestov,1,5,675,765
1512,Slava Pestov,Slava Pestov,1,1,675,675
1514,Slava Pestov,Slava Pestov,1,1,677,677
1515,Slava Pestov,Slava Pestov,1,1,677,677
1516,Slava Pestov,Slava Pestov,1,1,677,677
1517,Slava Pestov,Slava Pestov,1,1,677,677
1518,Slava Pestov,Slava Pestov,1,1,677,677
1519,Slava Pestov,Slava Pestov,1,1,677,677
1520,Slava Pestov,Slava Pestov,1,1,677,677
1521,Slava Pestov,Slava Pestov,1,1,677,677
1522,Slava Pestov,Slava Pestov,1,1,677,677
1523,Slava Pestov,Slava Pestov,1,1,677,677
1524,Slava Pestov,Slava Pestov,1,1,677,677
1525,Slava Pestov,Slava Pestov,1,1,677,677
1526,Slava Pestov,Slava Pestov,1,10,678,995
1527,Alan Ezust; Marcelo Vanzin; Martin Raspe; Shlomy Reinstein; Slava Pestov,Slava Pestov,5,41,678,3636
1528,Slava Pestov,Slava Pestov,1,9,678,922
1529,Alan Ezust; Björn Kautler; Martin Raspe; Shlomy Reinstein; Slava Pestov,Slava Pestov,5,42,681,3781
1530,Slava Pestov,Slava Pestov,1,1,680,680
1531,Alan Ezust; Björn Kautler; Marcelo Vanzin; Matthieu Casanova; Slava Pestov,Marcelo Vanzin,5,6,679,3164
1532,Slava Pestov,Slava Pestov,1,1,679,679
1533,Slava Pestov,Slava Pestov,1,1,679,679
1534,Slava Pestov,Slava Pestov,1,1,679,679
1535,Slava Pestov,Slava Pestov,1,3,681,702
1536,Slava Pestov,Slava Pestov,1,3,681,702
1538,Slava Pestov,Slava Pestov,1,2,681,688
1543,Slava Pestov,Slava Pestov,1,1,680,680
1544,Slava Pestov,Slava Pestov,1,1,680,680
1545,Slava Pestov,Slava Pestov,1,1,680,680
1546,Slava Pestov,Slava Pestov,1,1,681,681
1547,Slava Pestov,Slava Pestov,1,1,681,681
1548,Slava Pestov,Slava Pestov,1,4,681,702
1549,Slava Pestov,Slava Pestov,1,4,681,702
1550,Slava Pestov,Slava Pestov,1,3,681,702
1552,Slava Pestov,Slava Pestov,1,1,681,681
1553,Slava Pestov,Slava Pestov,1,2,681,702
1554,Slava Pestov,Slava Pestov,1,4,681,702
1555,Slava Pestov,Slava Pestov,1,3,681,702
1556,Slava Pestov,Slava Pestov,1,4,681,702
1557,Slava Pestov,Slava Pestov,1,3,721,886
1559,Slava Pestov,Slava Pestov,1,2,684,685
1560,Slava Pestov,Slava Pestov,1,2,701,702
1561,Slava Pestov,Slava Pestov,1,4,684,702
1562,Slava Pestov,Slava Pestov,1,3,684,702
1563,Slava Pestov,Slava Pestov,1,3,684,702
1566,Slava Pestov,Slava Pestov,1,1,1151,1151
1567,Slava Pestov,Slava Pestov,1,1,685,685
1568,Slava Pestov,Slava Pestov,1,1,685,685
1569,Slava Pestov,Slava Pestov,1,1,688,688
1570,Slava Pestov,Slava Pestov,1,3,702,759
1571,Slava Pestov,Slava Pestov,1,1,695,695
1572,Slava Pestov,Slava Pestov,1,5,955,2142
1573,Slava Pestov,Slava Pestov,1,1,695,695
1574,Slava Pestov,Slava Pestov,1,1,695,695
1575,Slava Pestov,Slava Pestov,1,4,697,712
1576,Slava Pestov,Slava Pestov,1,3,697,706
1577,Slava Pestov,Slava Pestov,1,1,697,697
1578,Matthieu Casanova; Slava Pestov,Slava Pestov,2,8,709,2289
1579,Slava Pestov,Slava Pestov,1,1,709,709
1580,Slava Pestov,Slava Pestov,1,1,702,702
1581,Slava Pestov,Slava Pestov,1,1,702,702
1582,Slava Pestov,Slava Pestov,1,1,702,702
1585,Alan Ezust; Matthieu Casanova; Slava Pestov,Slava Pestov,3,19,704,3373
1586,Slava Pestov,Slava Pestov,1,13,704,1393
1587,Matthieu Casanova; Slava Pestov,Slava Pestov,2,10,704,3373
1588,Slava Pestov,Slava Pestov,1,16,703,2012
1589,Slava Pestov,Slava Pestov,1,3,703,780
1590,Slava Pestov,Slava Pestov,1,1,703,703
1600,Slava Pestov,Slava Pestov,1,1,703,703
1603,Slava Pestov,Slava Pestov,1,5,772,1393
1604,Slava Pestov,Slava Pestov,1,10,779,1989
1605,Slava Pestov,Slava Pestov,1,4,814,1493
1606,Slava Pestov,Slava Pestov,1,4,814,1393
1609,Slava Pestov,Slava Pestov,1,1,703,703
1610,Slava Pestov,Slava Pestov,1,1,703,703
1611,Slava Pestov,Slava Pestov,1,7,703,923
1612,Slava Pestov,Slava Pestov,1,6,703,922
1613,Slava Pestov,Slava Pestov,1,6,703,780
1614,Slava Pestov,Slava Pestov,1,3,703,773
1615,Slava Pestov,Slava Pestov,1,4,704,1000
1616,Slava Pestov,Slava Pestov,1,1,706,706
1621,Slava Pestov,Slava Pestov,1,1,715,715
1622,Slava Pestov,Slava Pestov,1,2,900,927
1624,Slava Pestov,Slava Pestov,1,1,706,706
1625,Slava Pestov,Slava Pestov,1,1,706,706
1626,Slava Pestov,Slava Pestov,1,1,706,706
1627,Slava Pestov,Slava Pestov,1,6,801,2025
1628,Alan Ezust; Dale Anson; Matthieu Casanova; Slava Pestov,Slava Pestov,4,41,713,3951
1629,Slava Pestov,Slava Pestov,1,1,927,927
1630,Slava Pestov,Slava Pestov,1,3,706,713
1631,Slava Pestov,Slava Pestov,1,1,927,927
1632,Slava Pestov,Slava Pestov,1,1,927,927
1633,Slava Pestov,Slava Pestov,1,1,927,927
1634,Slava Pestov,Slava Pestov,1,1,927,927
1635,Slava Pestov,Slava Pestov,1,6,749,1361
1636,Slava Pestov,Slava Pestov,1,1,927,927
1637,Slava Pestov,Slava Pestov,1,1,927,927
1638,Slava Pestov,Slava Pestov,1,2,706,713
1639,Slava Pestov,Slava Pestov,1,2,754,900
1640,Slava Pestov,Slava Pestov,1,3,706,1031
1641,Slava Pestov,Slava Pestov,1,3,747,1344
1642,Slava Pestov,Slava Pestov,1,2,770,1017
1643,Slava Pestov,Slava Pestov,1,1,1020,1020
1644,Slava Pestov,Slava Pestov,1,1,1020,1020
1645,Slava Pestov,Slava Pestov,1,1,747,747
1646,Slava Pestov,Slava Pestov,1,1,747,747
1647,Slava Pestov,Slava Pestov,1,3,709,1640
1648,Slava Pestov,Slava Pestov,1,1,709,709
1649,Slava Pestov,Slava Pestov,1,11,709,754
1651,Slava Pestov,Slava Pestov,1,1,712,712
1652,Marcelo Vanzin; Slava Pestov,Slava Pestov,2,3,1113,2495
1653,Slava Pestov,Slava Pestov,1,4,743,1454
1654,Marcelo Vanzin; Slava Pestov,Slava Pestov,2,2,1115,2495
1655,Björn Kautler; Daniel Hahler; Marcelo Vanzin; Slava Pestov,Slava Pestov,4,8,743,3330
1656,Marcelo Vanzin; Matthieu Casanova; Slava Pestov,Slava Pestov,3,5,713,3512
1659,Slava Pestov,Slava Pestov,1,3,712,716
1661,Slava Pestov,Slava Pestov,1,2,712,713
1665,Slava Pestov,Slava Pestov,1,2,713,716
1668,Slava Pestov,Slava Pestov,1,2,712,713
1670,Slava Pestov,Slava Pestov,1,1,712,712
1671,Slava Pestov,Slava Pestov,1,6,712,1054
1672,Slava Pestov,Slava Pestov,1,3,713,1177
1673,Slava Pestov,Slava Pestov,1,21,712,813
1674,Alan Ezust; Matthieu Casanova; Slava Pestov,Slava Pestov,3,7,712,3694
1675,Alan Ezust; Matthieu Casanova; Slava Pestov,Slava Pestov,3,8,712,3810
1676,Marcelo Vanzin; Slava Pestov,Slava Pestov,2,6,712,2495
1677,Slava Pestov,Slava Pestov,1,4,712,776
1678,Slava Pestov,Slava Pestov,1,2,712,750
1679,Slava Pestov,Slava Pestov,1,5,712,754
1680,Slava Pestov,Slava Pestov,1,6,712,755
1681,Alan Ezust; Matthieu Casanova; Slava Pestov,Slava Pestov,3,34,712,2810
1682,Kazutoshi Satoda; Matthieu Casanova; Shlomy Reinstein; Slava Pestov; Xuân Baldauf,Slava Pestov,5,32,712,3999
1683,Kazutoshi Satoda; Matthieu Casanova; Shlomy Reinstein; Slava Pestov; Xuân Baldauf,Slava Pestov,5,33,712,3999
1684,Slava Pestov,Slava Pestov,1,4,713,789
1686,Slava Pestov,Slava Pestov,1,2,713,716
1687,Slava Pestov,Slava Pestov,1,2,713,716
1689,Slava Pestov,Slava Pestov,1,1,713,713
1691,Slava Pestov,Slava Pestov,1,2,713,716
1694,Slava Pestov,Slava Pestov,1,19,722,1347
1695,Slava Pestov,Slava Pestov,1,1,713,713
1696,Slava Pestov,Slava Pestov,1,1,713,713
1697,Slava Pestov,Slava Pestov,1,1,713,713
1699,Slava Pestov,Slava Pestov,1,2,713,716
1701,Slava Pestov,Slava Pestov,1,2,713,716
1704,Slava Pestov,Slava Pestov,1,1,713,713
1706,Slava Pestov,Slava Pestov,1,1,713,713
1710,Slava Pestov,Slava Pestov,1,2,713,716
1712,Slava Pestov,Slava Pestov,1,2,713,716
1713,Slava Pestov,Slava Pestov,1,25,713,2241
1714,Slava Pestov,Slava Pestov,1,24,713,2241
1717,Slava Pestov,Slava Pestov,1,2,832,905
1719,Slava Pestov,Slava Pestov,1,4,750,790
1720,Slava Pestov,Slava Pestov,1,3,713,717
1721,Slava Pestov,Slava Pestov,1,49,713,2215
1722,Slava Pestov,Slava Pestov,1,9,713,754
1723,Alan Ezust; Matthieu Casanova; Slava Pestov,Slava Pestov,3,85,713,2624
1724,Slava Pestov,Slava Pestov,1,10,713,780
1725,Slava Pestov,Slava Pestov,1,86,713,2247
1726,Alan Ezust; Slava Pestov,Slava Pestov,2,69,713,2379
1727,Matthieu Casanova; Slava Pestov,Slava Pestov,2,88,713,2624
1728,Slava Pestov,Slava Pestov,1,4,713,787
1729,Slava Pestov,Slava Pestov,1,5,715,906
1730,Slava Pestov,Slava Pestov,1,3,715,875
1731,Slava Pestov,Slava Pestov,1,3,715,749
1732,Slava Pestov,Slava Pestov,1,1,715,715
1733,Slava Pestov,Slava Pestov,1,1,715,715
1734,Slava Pestov,Slava Pestov,1,1,715,715
1735,Slava Pestov,Slava Pestov,1,1,715,715
1736,Slava Pestov,Slava Pestov,1,2,1447,1549
1738,Slava Pestov,Slava Pestov,1,1,716,716
1739,Slava Pestov,Slava Pestov,1,7,716,736
1740,Slava Pestov,Slava Pestov,1,2,716,723
1741,Slava Pestov,Slava Pestov,1,28,719,2203
1742,Slava Pestov,Slava Pestov,1,17,719,1951
1743,Slava Pestov,Slava Pestov,1,7,719,1150
1744,Slava Pestov,Slava Pestov,1,14,719,1616
1747,Dale Anson; Matthieu Casanova; Slava Pestov,Slava Pestov,3,14,716,3715
1748,Alan Ezust; Matthieu Casanova; Slava Pestov,Slava Pestov,3,67,716,2624
1749,Slava Pestov,Slava Pestov,1,27,716,1110
1750,Slava Pestov,Slava Pestov,1,8,716,780
1751,Slava Pestov,Slava Pestov,1,5,716,755
1752,Slava Pestov,Slava Pestov,1,5,716,755
1753,Slava Pestov,Slava Pestov,1,58,716,1988
1754,Slava Pestov,Slava Pestov,1,6,716,780
1755,Alan Ezust; Slava Pestov,Slava Pestov,2,44,716,2379
1756,Alan Ezust; Slava Pestov,Slava Pestov,2,47,716,2379
1757,Slava Pestov,Slava Pestov,1,42,717,2285
1758,Slava Pestov,Slava Pestov,1,8,717,779
1759,Slava Pestov,Slava Pestov,1,54,717,1936
1760,Alan Ezust; Matthieu Casanova; Slava Pestov,Slava Pestov,3,57,717,2810
1761,Alan Ezust; Björn Kautler; Matthieu Casanova; Slava Pestov,Slava Pestov,4,91,717,2502
1762,Slava Pestov,Slava Pestov,1,31,717,1936
1763,Slava Pestov,Slava Pestov,1,1,719,719
1764,Slava Pestov,Slava Pestov,1,2,718,719
1765,Slava Pestov,Slava Pestov,1,3,718,1603
1766,Slava Pestov,Slava Pestov,1,2,718,723
1767,Slava Pestov,Slava Pestov,1,4,720,1220
1770,Slava Pestov,Slava Pestov,1,2,833,1896
1771,Slava Pestov,Slava Pestov,1,1,833,833
1776,Slava Pestov,Slava Pestov,1,1,833,833
1777,Slava Pestov,Slava Pestov,1,1,833,833
1778,Slava Pestov,Slava Pestov,1,1,833,833
1779,Slava Pestov,Slava Pestov,1,1,833,833
1780,Slava Pestov,Slava Pestov,1,4,785,2010
1781,Slava Pestov,Slava Pestov,1,2,1478,1758
1782,Slava Pestov,Slava Pestov,1,1,833,833
1783,Matthieu Casanova; Slava Pestov,Slava Pestov,2,2,833,2603
1784,Slava Pestov,Slava Pestov,1,3,833,1290
1785,Slava Pestov,Slava Pestov,1,5,950,2010
1786,Slava Pestov,Slava Pestov,1,4,833,1478
1787,Slava Pestov,Slava Pestov,1,4,833,1478
1788,Slava Pestov,Slava Pestov,1,4,833,1478
1789,Slava Pestov,Slava Pestov,1,3,833,1478
1790,Slava Pestov,Slava Pestov,1,1,1725,1725
1832,Matthieu Casanova; Slava Pestov,Slava Pestov,2,7,833,2603
1921,Matthieu Casanova; Slava Pestov,Slava Pestov,2,7,833,2603
1950,Matthieu Casanova,Matthieu Casanova,1,1,2603,2603
2245,Alan Ezust; Marcelo Vanzin; Matthieu Casanova; Slava Pestov,Slava Pestov,4,11,722,3164
2279,Slava Pestov,Slava Pestov,1,3,833,1758
2284,Slava Pestov,Slava Pestov,1,1,950,950
2285,Slava Pestov,Slava Pestov,1,2,833,1896
2286,Slava Pestov,Slava Pestov,1,2,833,1896
2287,Slava Pestov,Slava Pestov,1,2,833,1896
2288,Slava Pestov,Slava Pestov,1,2,833,1896
2289,Slava Pestov,Slava Pestov,1,2,778,785
2290,Slava Pestov,Slava Pestov,1,2,833,1896
2291,Slava Pestov,Slava Pestov,1,2,833,1478
2292,Slava Pestov,Slava Pestov,1,2,833,1478
2294,Dale Anson; Slava Pestov,Slava Pestov,2,8,778,3712
2295,Slava Pestov,Slava Pestov,1,1,778,778
2296,Slava Pestov,Slava Pestov,1,1,778,778
2299,Slava Pestov,Slava Pestov,1,1,778,778
2300,Slava Pestov,Slava Pestov,1,1,778,778
2301,Slava Pestov,Slava Pestov,1,1,1896,1896
2303,Slava Pestov,Slava Pestov,1,2,833,2010
2304,Slava Pestov,Slava Pestov,1,3,833,2010
2305,Slava Pestov,Slava Pestov,1,2,1758,2010
2306,Slava Pestov,Slava Pestov,1,2,833,2010
2307,Matthieu Casanova; Slava Pestov,Slava Pestov,2,3,833,2603
2308,Matthieu Casanova; Slava Pestov,Slava Pestov,2,3,833,2603
2309,Matthieu Casanova; Slava Pestov,Slava Pestov,2,3,833,2603
2310,Matthieu Casanova; Slava Pestov,Slava Pestov,2,2,1896,2603
2314,Slava Pestov,Slava Pestov,1,4,833,1758
2315,Slava Pestov,Slava Pestov,1,4,833,1758
2318,Slava Pestov,Slava Pestov,1,2,833,1758
2319,Slava Pestov,Slava Pestov,1,1,736,736
2320,Slava Pestov,Slava Pestov,1,2,723,1976
2321,Slava Pestov,Slava Pestov,1,1,722,722
2322,Matthieu Casanova; Slava Pestov,Slava Pestov,2,28,723,3792
2332,Slava Pestov,Slava Pestov,1,1,723,723
2334,Slava Pestov,Slava Pestov,1,2,731,747
2336,Alan Ezust; Björn Kautler; Marcelo Vanzin; Matthieu Casanova; Nicholas O'Leary; Slava Pestov,Slava Pestov,6,20,727,3164
2337,Slava Pestov,Slava Pestov,1,2,727,729
2338,Slava Pestov,Slava Pestov,1,2,727,729
2339,Slava Pestov,Slava Pestov,1,1,833,833
2340,Slava Pestov,Slava Pestov,1,3,728,1546
2341,Slava Pestov,Slava Pestov,1,2,728,1546
2342,Slava Pestov,Slava Pestov,1,1,728,728
2343,Slava Pestov,Slava Pestov,1,2,814,942
2344,Matthieu Casanova; Slava Pestov; copy_paste,Slava Pestov,3,6,922,3187
2345,Slava Pestov,Slava Pestov,1,2,806,847
2346,Slava Pestov,Slava Pestov,1,1,927,927
2347,Slava Pestov,Slava Pestov,1,2,920,927
2349,Slava Pestov,Slava Pestov,1,1,735,735
2350,Slava Pestov,Slava Pestov,1,1,735,735
2351,Slava Pestov,Slava Pestov,1,1,735,735
2353,Slava Pestov,Slava Pestov,1,1,735,735
2357,Slava Pestov,Slava Pestov,1,3,736,1020
2358,Slava Pestov,Slava Pestov,1,1,738,738
2361,Slava Pestov,Slava Pestov,1,1,738,738
2362,Slava Pestov,Slava Pestov,1,2,750,752
2363,Slava Pestov,Slava Pestov,1,2,750,752
2366,Slava Pestov,Slava Pestov,1,4,742,908
2367,Slava Pestov,Slava Pestov,1,3,742,908
2368,Marcelo Vanzin,Marcelo Vanzin,1,1,2495,2495
2369,Björn Kautler; Marcelo Vanzin; Slava Pestov,Slava Pestov,3,16,747,3650
2370,Slava Pestov,Slava Pestov,1,8,743,927
2371,Alan Ezust; Björn Kautler; Matthieu Casanova; Slava Pestov,Slava Pestov,4,91,750,2800
2372,Björn Kautler; Marcelo Vanzin; Slava Pestov,Slava Pestov,3,17,743,3120
2373,Slava Pestov,Slava Pestov,1,4,743,1258
2374,Slava Pestov,Slava Pestov,1,7,743,1395
2375,Slava Pestov,Slava Pestov,1,2,905,1115
2376,Slava Pestov,Slava Pestov,1,1,1113,1113
2377,Slava Pestov,Slava Pestov,1,1,747,747
2378,Slava Pestov,Slava Pestov,1,6,747,1113
2379,Slava Pestov,Slava Pestov,1,28,747,1696
2380,Slava Pestov,Slava Pestov,1,28,747,2141
2381,Alan Ezust; Martin Raspe; Matthieu Casanova; Slava Pestov,Slava Pestov,4,152,751,3695
2382,Alan Ezust; Matthieu Casanova; Slava Pestov,Slava Pestov,3,123,751,3457
2383,Slava Pestov,Slava Pestov,1,38,751,2108
2384,Slava Pestov,Slava Pestov,1,58,750,1690
2387,Slava Pestov,Slava Pestov,1,47,751,1988
2388,Slava Pestov,Slava Pestov,1,1,751,751
2389,Slava Pestov,Slava Pestov,1,1,751,751
2390,Slava Pestov,Slava Pestov,1,1,752,752
2391,Slava Pestov,Slava Pestov,1,12,752,926
2392,Slava Pestov,Slava Pestov,1,9,752,926
2393,Slava Pestov,Slava Pestov,1,8,752,926
2394,Slava Pestov,Slava Pestov,1,80,753,2023
2395,Slava Pestov,Slava Pestov,1,76,752,1637
2396,Slava Pestov,Slava Pestov,1,30,753,1241
2397,Slava Pestov,Slava Pestov,1,26,753,927
2398,Slava Pestov,Slava Pestov,1,7,754,922
2399,Alan Ezust; Marcelo Vanzin; Martin Raspe; Matthieu Casanova; Slava Pestov,Slava Pestov,5,85,753,3470
2400,Slava Pestov,Slava Pestov,1,2,905,922
2401,Alan Ezust; Martin Raspe; Matthieu Casanova; Slava Pestov,Slava Pestov,4,88,754,3695
2402,Slava Pestov,Slava Pestov,1,11,754,926
2403,Slava Pestov,Slava Pestov,1,1,754,754
2405,Slava Pestov,Slava Pestov,1,2,757,921
2406,Slava Pestov,Slava Pestov,1,2,757,921
2407,Slava Pestov,Slava Pestov,1,1,757,757
2408,Slava Pestov,Slava Pestov,1,1,757,757
2409,Slava Pestov,Slava Pestov,1,6,755,941
2410,Slava Pestov,Slava Pestov,1,27,755,2215
2411,Alan Ezust; Slava Pestov,Slava Pestov,2,40,755,2379
2412,Slava Pestov,Slava Pestov,1,14,755,1000
2413,Slava Pestov,Slava Pestov,1,27,755,2285
2414,Slava Pestov,Slava Pestov,1,33,755,2285
2415,Shlomy Reinstein; Slava Pestov,Slava Pestov,2,2,757,3347
2416,Slava Pestov,Slava Pestov,1,4,757,2127
2417,Slava Pestov,Slava Pestov,1,3,988,2127
2419,Slava Pestov,Slava Pestov,1,5,757,1722
2421,Slava Pestov,Slava Pestov,1,8,759,2109
2422,Slava Pestov,Slava Pestov,1,1,815,815
2423,Slava Pestov,Slava Pestov,1,1,815,815
2424,Slava Pestov,Slava Pestov,1,6,765,931
2425,Alan Ezust; Slava Pestov,Slava Pestov,2,85,780,2379
2426,Slava Pestov,Slava Pestov,1,2,770,771
2427,Slava Pestov,Slava Pestov,1,10,772,1828
2428,Slava Pestov,Slava Pestov,1,5,773,1184
2429,Slava Pestov,Slava Pestov,1,2,773,774
2430,Slava Pestov,Slava Pestov,1,5,773,1184
2431,Slava Pestov,Slava Pestov,1,5,773,1184
2432,Slava Pestov,Slava Pestov,1,1,774,774
2433,Slava Pestov,Slava Pestov,1,1,774,774
2434,Slava Pestov,Slava Pestov,1,1,774,774
2435,Slava Pestov,Slava Pestov,1,4,773,1184
2438,Slava Pestov,Slava Pestov,1,1,774,774
2440,Slava Pestov,Slava Pestov,1,1,774,774
2441,Slava Pestov,Slava Pestov,1,1,774,774
2443,Slava Pestov,Slava Pestov,1,1,774,774
2446,Slava Pestov,Slava Pestov,1,1,774,774
2447,Slava Pestov,Slava Pestov,1,1,774,774
2448,Slava Pestov,Slava Pestov,1,2,773,818
2449,Slava Pestov,Slava Pestov,1,4,773,943
2450,Slava Pestov,Slava Pestov,1,1,774,774
2451,Slava Pestov,Slava Pestov,1,1,774,774
2453,Slava Pestov,Slava Pestov,1,1,818,818
2454,Slava Pestov,Slava Pestov,1,3,785,943
2455,Slava Pestov,Slava Pestov,1,3,785,943
2456,Slava Pestov,Slava Pestov,1,1,1184,1184
2457,Slava Pestov,Slava Pestov,1,1,1184,1184
2458,Slava Pestov,Slava Pestov,1,1,1184,1184
2459,Slava Pestov,Slava Pestov,1,1,773,773
2460,Slava Pestov,Slava Pestov,1,1,773,773
2461,Slava Pestov,Slava Pestov,1,1,773,773
2462,Slava Pestov,Slava Pestov,1,5,773,1023
2463,Alan Ezust; Slava Pestov,Slava Pestov,2,2,1563,2408
2464,Alan Ezust; Slava Pestov,Slava Pestov,2,2,1563,2408
2465,Björn Kautler; Slava Pestov,Slava Pestov,2,2,1738,2939
2466,Björn Kautler; Slava Pestov,Slava Pestov,2,2,1738,2939
2467,Slava Pestov,Slava Pestov,1,1,774,774
2469,Slava Pestov,Slava Pestov,1,12,792,1426
2470,Slava Pestov,Slava Pestov,1,2,774,818
2471,Slava Pestov,Slava Pestov,1,1,774,774
2473,Slava Pestov,Slava Pestov,1,8,792,1076
2474,Slava Pestov,Slava Pestov,1,9,792,1091
2475,Slava Pestov,Slava Pestov,1,10,792,1426
2476,Slava Pestov,Slava Pestov,1,5,774,1553
2477,Matthieu Casanova; Slava Pestov,Slava Pestov,2,6,775,2877
2478,Matthieu Casanova; Slava Pestov,Slava Pestov,2,8,780,2825
2480,Slava Pestov,Slava Pestov,1,2,943,1184
2481,Slava Pestov,Slava Pestov,1,40,780,1988
2482,Slava Pestov,Slava Pestov,1,3,1053,1636
2483,Slava Pestov,Slava Pestov,1,55,780,2194
2484,Slava Pestov,Slava Pestov,1,63,780,2182
2485,Marcelo Vanzin; Slava Pestov,Slava Pestov,2,5,780,2495
2486,Slava Pestov,Slava Pestov,1,2,780,782
2487,Slava Pestov,Slava Pestov,1,40,780,2285
2488,Alan Ezust; Björn Kautler; Matthieu Casanova; Slava Pestov,Slava Pestov,4,164,780,2800
2489,Slava Pestov,Slava Pestov,1,44,780,1060
2493,Slava Pestov,Slava Pestov,1,2,948,1164
2494,Alan Ezust; Björn Kautler; Matthieu Casanova; Slava Pestov,Slava Pestov,4,99,781,2800
2495,Alan Ezust; Matthieu Casanova; Slava Pestov,Slava Pestov,3,99,781,2735
2496,Slava Pestov,Slava Pestov,1,2,781,935
2497,Slava Pestov,Slava Pestov,1,1,935,935
2498,Slava Pestov,Slava Pestov,1,1,781,781
2499,Slava Pestov,Slava Pestov,1,1,781,781
2500,Slava Pestov,Slava Pestov,1,8,781,941
2501,Alan Ezust; Matthieu Casanova; Slava Pestov,Slava Pestov,3,77,781,2624
2502,Alan Ezust; Slava Pestov,Slava Pestov,2,56,781,2379
2503,Alan Ezust; Matthieu Casanova; Slava Pestov,Slava Pestov,3,54,781,2690
2504,Alan Ezust; Björn Kautler; Matthieu Casanova; Slava Pestov,Slava Pestov,4,97,781,2735
2507,Slava Pestov,Slava Pestov,1,2,782,783
2510,Slava Pestov,Slava Pestov,1,7,792,934
2511,Slava Pestov,Slava Pestov,1,4,782,1470
2512,Slava Pestov,Slava Pestov,1,3,923,976
2514,Slava Pestov,Slava Pestov,1,1,783,783
2516,Slava Pestov,Slava Pestov,1,1,783,783
2518,Slava Pestov,Slava Pestov,1,2,785,919
2523,Slava Pestov,Slava Pestov,1,3,822,1023
2524,Slava Pestov,Slava Pestov,1,2,822,1317
2525,Slava Pestov,Slava Pestov,1,2,822,1317
2526,Slava Pestov,Slava Pestov,1,4,819,1055
2527,Slava Pestov,Slava Pestov,1,3,822,1055
2528,Slava Pestov,Slava Pestov,1,2,822,948
2529,Kazutoshi Satoda; Marcelo Vanzin; Matthieu Casanova; Slava Pestov,Slava Pestov,4,15,900,3460
2530,Slava Pestov,Slava Pestov,1,7,941,2238
2531,Slava Pestov,Slava Pestov,1,2,787,789
2533,Marcelo Vanzin; Matthieu Casanova; Slava Pestov,Slava Pestov,3,4,790,2958
2534,Slava Pestov,Slava Pestov,1,3,790,1113
2535,Marcelo Vanzin; Matthieu Casanova; Slava Pestov,Slava Pestov,3,6,790,3560
2537,Alan Ezust; Marcelo Vanzin; Matthieu Casanova; Slava Pestov,Slava Pestov,4,14,795,3395
2538,Slava Pestov,Slava Pestov,1,1,916,916
2539,Slava Pestov,Slava Pestov,1,1,1113,1113
2540,Marcelo Vanzin,Marcelo Vanzin,1,1,2495,2495
2542,Slava Pestov,Slava Pestov,1,1,789,789
2545,Alan Ezust; Marcelo Vanzin; Matthieu Casanova; Slava Pestov,Slava Pestov,4,10,795,3395
2546,Matthieu Casanova; Slava Pestov,Slava Pestov,2,4,790,2923
2547,Alan Ezust; Matthieu Casanova; Slava Pestov,Slava Pestov,3,12,791,3395
2548,Slava Pestov,Slava Pestov,1,4,790,805
2549,Slava Pestov,Slava Pestov,1,1,790,790
2550,Matthieu Casanova; Slava Pestov,Slava Pestov,2,7,797,2840
2551,Slava Pestov,Slava Pestov,1,3,933,1275
2552,Alan Ezust; Matthieu Casanova; Slava Pestov,Slava Pestov,3,11,795,3295
2553,Slava Pestov,Slava Pestov,1,1,795,795
2555,Alan Ezust; Matthieu Casanova; Slava Pestov,Slava Pestov,3,14,795,3395
2556,Matthieu Casanova; Slava Pestov,Slava Pestov,2,11,795,3395
2557,Slava Pestov,Slava Pestov,1,2,900,908
2558,Slava Pestov,Slava Pestov,1,8,792,1008
2559,Slava Pestov,Slava Pestov,1,7,792,1008
2560,Slava Pestov,Slava Pestov,1,10,794,1500
2561,Slava Pestov,Slava Pestov,1,12,794,1628
2562,Slava Pestov,Slava Pestov,1,2,795,800
2564,Slava Pestov,Slava Pestov,1,1,1412,1412
2565,Slava Pestov,Slava Pestov,1,11,800,2109
2566,Slava Pestov,Slava Pestov,1,2,799,1034
2567,Matthieu Casanova; Slava Pestov,Slava Pestov,2,5,799,2290
2569,Slava Pestov,Slava Pestov,1,2,799,1034
2570,Slava Pestov,Slava Pestov,1,2,799,1034
2571,Slava Pestov,Slava Pestov,1,2,797,800
2575,Slava Pestov,Slava Pestov,1,1,1034,1034
2576,Matthieu Casanova; Slava Pestov,Slava Pestov,2,3,1034,2290
2577,Slava Pestov,Slava Pestov,1,1,1034,1034
2578,Slava Pestov,Slava Pestov,1,1,1043,1043
2579,Slava Pestov,Slava Pestov,1,3,971,1043
2580,Alan Ezust; Dale Anson; Matthieu Casanova; Slava Pestov,Slava Pestov,4,12,799,3715
2581,Alan Ezust; Dale Anson; Matthieu Casanova; Slava Pestov,Slava Pestov,4,12,799,3715
2582,Slava Pestov,Slava Pestov,1,2,900,912
2583,Matthieu Casanova; Slava Pestov,Slava Pestov,2,21,801,2624
2584,Slava Pestov,Slava Pestov,1,6,1023,1346
2585,Slava Pestov,Slava Pestov,1,5,814,1388
2586,Slava Pestov,Slava Pestov,1,1,944,944
2587,Kazutoshi Satoda; Slava Pestov,Slava Pestov,2,7,1113,3460
2588,Slava Pestov,Slava Pestov,1,1,816,816
2589,Kazutoshi Satoda; Marcelo Vanzin; Matthieu Casanova; Slava Pestov,Slava Pestov,4,12,816,3460
2590,Kazutoshi Satoda; Marcelo Vanzin; Matthieu Casanova; Slava Pestov,Slava Pestov,4,14,816,3460
2592,Slava Pestov,Slava Pestov,1,1,818,818
2593,Slava Pestov,Slava Pestov,1,1,818,818
2594,Slava Pestov,Slava Pestov,1,1,818,818
2595,Slava Pestov,Slava Pestov,1,1,818,818
2597,Slava Pestov,Slava Pestov,1,1,1017,1017
2598,Slava Pestov,Slava Pestov,1,8,822,1177
2599,Slava Pestov,Slava Pestov,1,1,908,908
2602,Slava Pestov,Slava Pestov,1,2,1290,1758
2603,Slava Pestov,Slava Pestov,1,1,833,833
2606,Slava Pestov,Slava Pestov,1,1,861,861
2609,Matthieu Casanova; Slava Pestov,Slava Pestov,2,5,833,2603
2610,Slava Pestov,Slava Pestov,1,1,833,833
2611,Slava Pestov,Slava Pestov,1,5,833,2010
2612,Matthieu Casanova; Slava Pestov,Slava Pestov,2,6,833,2603
2613,Slava Pestov,Slava Pestov,1,1,833,833
2614,Slava Pestov,Slava Pestov,1,1,833,833
2615,Slava Pestov,Slava Pestov,1,1,833,833
2616,Slava Pestov,Slava Pestov,1,3,861,1290
2617,Matthieu Casanova; Slava Pestov,Slava Pestov,2,7,833,2603
2621,Slava Pestov,Slava Pestov,1,1,833,833
2622,Dale Anson; Marcelo Vanzin; Slava Pestov,Slava Pestov,3,11,833,3712
2623,Slava Pestov,Slava Pestov,1,1,833,833
2624,Slava Pestov,Slava Pestov,1,2,1290,2010
2625,Slava Pestov,Slava Pestov,1,4,1290,2010
2626,Slava Pestov,Slava Pestov,1,1,1290,1290
2627,Slava Pestov,Slava Pestov,1,3,1290,2010
2628,Slava Pestov,Slava Pestov,1,2,1290,2010
2629,Slava Pestov,Slava Pestov,1,1,1290,1290
2630,Slava Pestov,Slava Pestov,1,5,950,2010
2631,Slava Pestov,Slava Pestov,1,4,1290,2010
2632,Slava Pestov,Slava Pestov,1,2,1896,2010
2633,Slava Pestov,Slava Pestov,1,3,1290,2010
2634,Slava Pestov,Slava Pestov,1,2,1896,2010
2635,Slava Pestov,Slava Pestov,1,3,1290,2010
2636,Slava Pestov,Slava Pestov,1,3,1290,2010
2637,Slava Pestov,Slava Pestov,1,3,1758,2010
2638,Slava Pestov,Slava Pestov,1,2,1290,2010
2639,Slava Pestov,Slava Pestov,1,4,1290,2010
2640,Slava Pestov,Slava Pestov,1,3,1290,2010
2641,Slava Pestov,Slava Pestov,1,2,1896,2010
2642,Slava Pestov,Slava Pestov,1,3,1290,2010
2643,Slava Pestov,Slava Pestov,1,5,950,2010
2644,Slava Pestov,Slava Pestov,1,4,1290,2010
2645,Slava Pestov,Slava Pestov,1,3,1290,2010
2646,Slava Pestov,Slava Pestov,1,3,1290,2010
2647,Slava Pestov,Slava Pestov,1,2,1290,2010
2648,Slava Pestov,Slava Pestov,1,4,1290,2010
2649,Slava Pestov,Slava Pestov,1,2,1290,2010
2650,Slava Pestov,Slava Pestov,1,4,1290,2010
2651,Slava Pestov,Slava Pestov,1,4,1290,2010
2652,Slava Pestov,Slava Pestov,1,2,1758,2010
2653,Slava Pestov,Slava Pestov,1,3,1290,2010
2654,Slava Pestov,Slava Pestov,1,4,950,2010
2655,Slava Pestov,Slava Pestov,1,3,1290,2010
2656,Slava Pestov,Slava Pestov,1,3,950,2010
2657,Slava Pestov,Slava Pestov,1,3,1290,2010
2658,Slava Pestov,Slava Pestov,1,3,1290,2010
2659,Slava Pestov,Slava Pestov,1,3,950,2010
2660,Slava Pestov,Slava Pestov,1,4,1290,2010
2661,Slava Pestov,Slava Pestov,1,3,1290,2010
2662,Slava Pestov,Slava Pestov,1,3,1290,2010
2663,Slava Pestov,Slava Pestov,1,3,1290,2010
2664,Slava Pestov,Slava Pestov,1,3,1290,2010
2665,Slava Pestov,Slava Pestov,1,3,1290,2010
2666,Slava Pestov,Slava Pestov,1,4,950,2010
2667,Slava Pestov,Slava Pestov,1,2,1290,2010
2668,Slava Pestov,Slava Pestov,1,3,1290,2010
2669,Slava Pestov,Slava Pestov,1,3,1290,2010
2670,Slava Pestov,Slava Pestov,1,3,1290,2010
2671,Slava Pestov,Slava Pestov,1,3,1290,2010
2672,Slava Pestov,Slava Pestov,1,4,1290,2010
2673,Slava Pestov,Slava Pestov,1,3,1290,2010
2674,Slava Pestov,Slava Pestov,1,4,1290,2010
2675,Slava Pestov,Slava Pestov,1,3,1290,2010
2676,Slava Pestov,Slava Pestov,1,2,1896,2010
2677,Slava Pestov,Slava Pestov,1,4,1290,2010
2678,Slava Pestov,Slava Pestov,1,2,1290,1896
2680,Slava Pestov,Slava Pestov,1,3,1290,2010
2681,Slava Pestov,Slava Pestov,1,4,1290,2010
2682,Slava Pestov,Slava Pestov,1,4,1290,2010
2683,Slava Pestov,Slava Pestov,1,3,1290,2010
2686,Slava Pestov,Slava Pestov,1,5,833,1896
2687,Dale Anson; Marcelo Vanzin; Slava Pestov,Slava Pestov,3,11,833,3712
2688,Slava Pestov,Slava Pestov,1,4,833,1758
2689,Slava Pestov,Slava Pestov,1,6,833,1758
2690,Dale Anson; Marcelo Vanzin; Matthieu Casanova; Slava Pestov,Slava Pestov,4,12,861,3712
2691,Dale Anson; Marcelo Vanzin; Matthieu Casanova; Slava Pestov,Slava Pestov,4,8,861,3712
2693,Slava Pestov,Slava Pestov,1,3,950,1758
2694,Slava Pestov,Slava Pestov,1,1,1290,1290
2695,Slava Pestov,Slava Pestov,1,3,1290,1896
2696,Slava Pestov,Slava Pestov,1,2,950,1290
2697,Slava Pestov,Slava Pestov,1,3,1290,2010
2698,Slava Pestov,Slava Pestov,1,2,950,1290
2699,Slava Pestov,Slava Pestov,1,3,950,1896
2700,Slava Pestov,Slava Pestov,1,2,950,1290
2701,Slava Pestov,Slava Pestov,1,3,950,1896
2703,Slava Pestov,Slava Pestov,1,1,950,950
2704,Slava Pestov,Slava Pestov,1,2,950,1290
2706,Slava Pestov,Slava Pestov,1,2,1290,1896
2708,Slava Pestov,Slava Pestov,1,3,1290,1896
2709,Slava Pestov,Slava Pestov,1,1,950,950
2711,Slava Pestov,Slava Pestov,1,3,1290,2010
2713,Slava Pestov,Slava Pestov,1,1,950,950
2717,Slava Pestov,Slava Pestov,1,1,950,950
2718,Slava Pestov,Slava Pestov,1,3,950,1896
2719,Slava Pestov,Slava Pestov,1,2,1290,1896
2722,Slava Pestov,Slava Pestov,1,1,950,950
2724,Slava Pestov,Slava Pestov,1,1,950,950
2725,Slava Pestov,Slava Pestov,1,1,1290,1290
2727,Slava Pestov,Slava Pestov,1,2,950,1758
2728,Slava Pestov,Slava Pestov,1,2,1290,1896
2736,Slava Pestov,Slava Pestov,1,1,950,950
2737,Slava Pestov,Slava Pestov,1,5,950,2010
2738,Slava Pestov,Slava Pestov,1,1,1290,1290
2739,Slava Pestov,Slava Pestov,1,1,950,950
2740,Slava Pestov,Slava Pestov,1,1,1290,1290
2741,Slava Pestov,Slava Pestov,1,4,1290,2010
2742,Slava Pestov,Slava Pestov,1,3,1290,2010
2743,Slava Pestov,Slava Pestov,1,4,1290,2010
2744,Slava Pestov,Slava Pestov,1,3,1290,2010
2745,Slava Pestov,Slava Pestov,1,1,2010,2010
2746,Slava Pestov,Slava Pestov,1,4,950,2010
2747,Slava Pestov,Slava Pestov,1,3,950,2010
2748,Slava Pestov,Slava Pestov,1,2,1290,2010
2749,Slava Pestov,Slava Pestov,1,3,950,2010
2750,Slava Pestov,Slava Pestov,1,1,2010,2010
2751,Slava Pestov,Slava Pestov,1,2,1290,2010
2752,Slava Pestov,Slava Pestov,1,3,1290,2010
2753,Slava Pestov,Slava Pestov,1,2,1290,2010
2754,Slava Pestov,Slava Pestov,1,4,1290,2010
2755,Slava Pestov,Slava Pestov,1,3,1758,2010
2756,Slava Pestov,Slava Pestov,1,3,1290,2010
2757,Slava Pestov,Slava Pestov,1,3,1290,2010
2758,Slava Pestov,Slava Pestov,1,2,1290,2010
2759,Slava Pestov,Slava Pestov,1,3,1758,2010
2760,Slava Pestov,Slava Pestov,1,3,1290,2010
2761,Slava Pestov,Slava Pestov,1,2,1758,2010
2762,Slava Pestov,Slava Pestov,1,4,1290,2010
2763,Slava Pestov,Slava Pestov,1,4,1290,2010
2764,Slava Pestov,Slava Pestov,1,4,1290,2010
2765,Slava Pestov,Slava Pestov,1,3,1290,2010
2766,Slava Pestov,Slava Pestov,1,2,1896,2010
2767,Slava Pestov,Slava Pestov,1,3,1290,2010
2768,Slava Pestov,Slava Pestov,1,3,1290,2010
2769,Slava Pestov,Slava Pestov,1,2,1896,2010
2770,Slava Pestov,Slava Pestov,1,3,1290,2010
2771,Slava Pestov,Slava Pestov,1,3,1290,2010
2772,Slava Pestov,Slava Pestov,1,3,1758,2010
2773,Slava Pestov,Slava Pestov,1,2,1896,2010
2775,Slava Pestov,Slava Pestov,1,3,1290,2010
2776,Slava Pestov,Slava Pestov,1,1,1290,1290
2777,Slava Pestov,Slava Pestov,1,2,1290,1896
2778,Slava Pestov,Slava Pestov,1,2,1290,1896
2779,Slava Pestov,Slava Pestov,1,5,950,2010
2780,Slava Pestov,Slava Pestov,1,4,950,1896
2781,Slava Pestov,Slava Pestov,1,3,1290,2010
2782,Slava Pestov,Slava Pestov,1,3,1290,2010
2783,Slava Pestov,Slava Pestov,1,2,1896,2010
2784,Slava Pestov,Slava Pestov,1,3,1290,2010
2785,Slava Pestov,Slava Pestov,1,3,1290,2010
2786,Slava Pestov,Slava Pestov,1,3,1290,2010
2787,Slava Pestov,Slava Pestov,1,2,1896,2010
2788,Slava Pestov,Slava Pestov,1,3,1290,2010
2789,Slava Pestov,Slava Pestov,1,5,950,2010
2790,Slava Pestov,Slava Pestov,1,4,1290,2010
2791,Slava Pestov,Slava Pestov,1,4,950,2010
2792,Slava Pestov,Slava Pestov,1,5,950,2010
2793,Slava Pestov,Slava Pestov,1,5,950,2010
2794,Slava Pestov,Slava Pestov,1,2,950,1290
2795,Slava Pestov,Slava Pestov,1,3,950,1758
2796,Slava Pestov,Slava Pestov,1,2,1896,2010
2797,Slava Pestov,Slava Pestov,1,3,1290,2010
2798,Slava Pestov,Slava Pestov,1,5,950,2010
2799,Slava Pestov,Slava Pestov,1,3,1290,2010
2800,Slava Pestov,Slava Pestov,1,3,1290,2010
2801,Slava Pestov,Slava Pestov,1,3,1290,2010
2802,Slava Pestov,Slava Pestov,1,3,1290,2010
2803,Slava Pestov,Slava Pestov,1,3,1290,2010
2804,Slava Pestov,Slava Pestov,1,2,1290,1896
2805,Slava Pestov,Slava Pestov,1,3,1290,2010
2806,Slava Pestov,Slava Pestov,1,2,1290,1896
2807,Slava Pestov,Slava Pestov,1,3,1290,2010
2808,Slava Pestov,Slava Pestov,1,3,1290,2010
2809,Slava Pestov,Slava Pestov,1,3,1290,2010
2810,Slava Pestov,Slava Pestov,1,4,950,2010
2811,Slava Pestov,Slava Pestov,1,2,1290,1896
2812,Slava Pestov,Slava Pestov,1,2,1290,1896
2813,Slava Pestov,Slava Pestov,1,2,1290,1896
2814,Slava Pestov,Slava Pestov,1,2,1896,2010
2815,Slava Pestov,Slava Pestov,1,3,1290,2010
2816,Slava Pestov,Slava Pestov,1,3,1290,2010
2817,Slava Pestov,Slava Pestov,1,3,1290,2010
2818,Slava Pestov,Slava Pestov,1,2,1290,1896
2819,Slava Pestov,Slava Pestov,1,3,1290,2010
2820,Slava Pestov,Slava Pestov,1,3,950,2010
2821,Slava Pestov,Slava Pestov,1,4,950,2010
2822,Slava Pestov,Slava Pestov,1,4,950,2010
2823,Slava Pestov,Slava Pestov,1,4,950,2010
2824,Slava Pestov,Slava Pestov,1,4,950,2010
2825,Slava Pestov,Slava Pestov,1,2,950,1758
2826,Slava Pestov,Slava Pestov,1,5,950,2010
2827,Slava Pestov,Slava Pestov,1,3,1290,2010
2828,Slava Pestov,Slava Pestov,1,3,1290,2010
2829,Slava Pestov,Slava Pestov,1,3,1290,2010
2830,Slava Pestov,Slava Pestov,1,4,1290,2010
2831,Slava Pestov,Slava Pestov,1,4,1290,2010
2832,Slava Pestov,Slava Pestov,1,4,1290,2010
2833,Slava Pestov,Slava Pestov,1,4,1290,2010
2834,Slava Pestov,Slava Pestov,1,4,1290,2010
2835,Slava Pestov,Slava Pestov,1,4,1290,2010
2836,Slava Pestov,Slava Pestov,1,3,1290,2010
2837,Slava Pestov,Slava Pestov,1,4,1290,2010
2838,Slava Pestov,Slava Pestov,1,3,1290,2010
2839,Slava Pestov,Slava Pestov,1,4,1290,2010
2840,Slava Pestov,Slava Pestov,1,3,1290,2010
2841,Slava Pestov,Slava Pestov,1,4,1290,2010
2842,Slava Pestov,Slava Pestov,1,3,1758,2010
2843,Slava Pestov,Slava Pestov,1,3,1290,2010
2844,Slava Pestov,Slava Pestov,1,3,1758,2010
2845,Slava Pestov,Slava Pestov,1,4,950,1896
2846,Slava Pestov,Slava Pestov,1,5,950,2010
2847,Slava Pestov,Slava Pestov,1,4,1290,2010
2848,Matthieu Casanova; Slava Pestov,Slava Pestov,2,5,1290,2603
2850,Matthieu Casanova; Slava Pestov,Slava Pestov,2,5,1290,2603
2851,Slava Pestov,Slava Pestov,1,4,1290,2010
2852,Matthieu Casanova; Slava Pestov,Slava Pestov,2,5,1290,2603
2853,Matthieu Casanova; Slava Pestov,Slava Pestov,2,5,1290,2603
2854,Matthieu Casanova; Slava Pestov,Slava Pestov,2,5,1290,2603
2855,Matthieu Casanova; Slava Pestov,Slava Pestov,2,5,1290,2603
2856,Slava Pestov,Slava Pestov,1,1,1758,1758
2857,Matthieu Casanova; Slava Pestov,Slava Pestov,2,5,1290,2603
2858,Matthieu Casanova; Slava Pestov,Slava Pestov,2,5,1290,2603
2859,Slava Pestov,Slava Pestov,1,2,1290,1758
2860,Slava Pestov,Slava Pestov,1,4,1290,2010
2861,Matthieu Casanova; Slava Pestov,Slava Pestov,2,5,1290,2603
2862,Matthieu Casanova; Slava Pestov,Slava Pestov,2,5,1290,2603
2863,Matthieu Casanova; Slava Pestov,Slava Pestov,2,6,950,2603
2864,Matthieu Casanova; Slava Pestov,Slava Pestov,2,6,950,2603
2865,Matthieu Casanova; Slava Pestov,Slava Pestov,2,5,1290,2603
2866,Slava Pestov,Slava Pestov,1,2,1290,1758
2867,Slava Pestov,Slava Pestov,1,2,1290,1758
2868,Matthieu Casanova; Slava Pestov,Slava Pestov,2,5,1290,2603
2869,Slava Pestov,Slava Pestov,1,2,1290,1758
2870,Matthieu Casanova; Slava Pestov,Slava Pestov,2,5,1290,2603
2871,Slava Pestov,Slava Pestov,1,2,1290,1758
2872,Matthieu Casanova; Slava Pestov,Slava Pestov,2,5,1290,2603
2873,Slava Pestov,Slava Pestov,1,2,1290,1758
2874,Slava Pestov,Slava Pestov,1,2,1290,1758
2875,Slava Pestov,Slava Pestov,1,4,950,2010
2876,Slava Pestov,Slava Pestov,1,5,950,2010
2877,Slava Pestov,Slava Pestov,1,3,950,1758
2878,Slava Pestov,Slava Pestov,1,3,950,1758
2879,Slava Pestov,Slava Pestov,1,5,950,2010
2880,Slava Pestov,Slava Pestov,1,3,950,1758
2881,Slava Pestov,Slava Pestov,1,2,950,1290
2882,Slava Pestov,Slava Pestov,1,4,950,2010
2883,Slava Pestov,Slava Pestov,1,2,1290,1758
2884,Slava Pestov,Slava Pestov,1,4,950,1896
2885,Slava Pestov,Slava Pestov,1,3,950,1758
2886,Slava Pestov,Slava Pestov,1,3,950,1758
2887,Slava Pestov,Slava Pestov,1,3,950,1758
2888,Slava Pestov,Slava Pestov,1,3,950,1758
2889,Slava Pestov,Slava Pestov,1,3,950,1896
2890,Slava Pestov,Slava Pestov,1,5,950,2010
2891,Slava Pestov,Slava Pestov,1,2,950,1290
2892,Slava Pestov,Slava Pestov,1,4,950,2010
2893,Slava Pestov,Slava Pestov,1,4,1290,2010
2894,Slava Pestov,Slava Pestov,1,2,950,1290
2895,Slava Pestov,Slava Pestov,1,3,950,1758
2896,Slava Pestov,Slava Pestov,1,3,950,1758
2897,Slava Pestov,Slava Pestov,1,2,1290,1758
2898,Slava Pestov,Slava Pestov,1,2,950,1290
2899,Slava Pestov,Slava Pestov,1,1,950,950
2900,Slava Pestov,Slava Pestov,1,3,950,1758
2901,Slava Pestov,Slava Pestov,1,1,950,950
2902,Slava Pestov,Slava Pestov,1,3,950,1896
2903,Slava Pestov,Slava Pestov,1,5,950,2010
2904,Slava Pestov,Slava Pestov,1,2,950,1758
2905,Slava Pestov,Slava Pestov,1,3,950,1758
2906,Slava Pestov,Slava Pestov,1,2,1290,1758
2907,Slava Pestov,Slava Pestov,1,3,950,1758
2908,Slava Pestov,Slava Pestov,1,1,1290,1290
2909,Slava Pestov,Slava Pestov,1,2,1290,1758
2910,Slava Pestov,Slava Pestov,1,2,950,1290
2912,Slava Pestov,Slava Pestov,1,1,950,950
2914,Slava Pestov,Slava Pestov,1,5,950,2010
2915,Slava Pestov,Slava Pestov,1,2,1290,1896
2916,Slava Pestov,Slava Pestov,1,3,950,1896
2917,Slava Pestov,Slava Pestov,1,3,950,1758
2918,Slava Pestov,Slava Pestov,1,1,950,950
2919,Slava Pestov,Slava Pestov,1,4,950,1896
2920,Slava Pestov,Slava Pestov,1,4,950,1896
2928,Slava Pestov,Slava Pestov,1,3,950,1758
2929,Slava Pestov,Slava Pestov,1,5,950,2010
2930,Slava Pestov,Slava Pestov,1,5,950,2010
2931,Slava Pestov,Slava Pestov,1,5,950,2010
2932,Slava Pestov,Slava Pestov,1,4,950,1896
2933,Slava Pestov,Slava Pestov,1,3,950,1758
2934,Slava Pestov,Slava Pestov,1,3,950,1896
2935,Slava Pestov,Slava Pestov,1,5,950,2010
2936,Slava Pestov,Slava Pestov,1,3,950,1758
2937,Slava Pestov,Slava Pestov,1,5,950,2010
2938,Slava Pestov,Slava Pestov,1,5,950,2010
2939,Slava Pestov,Slava Pestov,1,5,950,2010
2940,Slava Pestov,Slava Pestov,1,4,950,2010
2941,Slava Pestov,Slava Pestov,1,5,950,2010
2942,Slava Pestov,Slava Pestov,1,3,950,1758
2943,Slava Pestov,Slava Pestov,1,5,950,2010
2944,Slava Pestov,Slava Pestov,1,3,950,1758
2945,Slava Pestov,Slava Pestov,1,5,950,2010
2946,Slava Pestov,Slava Pestov,1,3,950,1758
2947,Slava Pestov,Slava Pestov,1,4,950,2010
2948,Slava Pestov,Slava Pestov,1,4,950,2010
2949,Slava Pestov,Slava Pestov,1,5,950,2010
2950,Slava Pestov,Slava Pestov,1,3,950,1758
2951,Slava Pestov,Slava Pestov,1,5,950,2010
2952,Slava Pestov,Slava Pestov,1,5,950,2010
2953,Slava Pestov,Slava Pestov,1,5,950,2010
2954,Slava Pestov,Slava Pestov,1,3,950,1758
2955,Slava Pestov,Slava Pestov,1,5,950,2010
2956,Slava Pestov,Slava Pestov,1,2,950,1290
2957,Slava Pestov,Slava Pestov,1,5,950,2010
2958,Slava Pestov,Slava Pestov,1,4,950,2010
2959,Slava Pestov,Slava Pestov,1,2,1290,1758
2960,Slava Pestov,Slava Pestov,1,3,950,1758
2961,Slava Pestov,Slava Pestov,1,2,1290,1758
2962,Slava Pestov,Slava Pestov,1,5,950,2010
2963,Slava Pestov,Slava Pestov,1,5,950,2010
2964,Slava Pestov,Slava Pestov,1,4,950,1896
2965,Slava Pestov,Slava Pestov,1,3,950,1758
2966,Slava Pestov,Slava Pestov,1,1,1290,1290
2967,Slava Pestov,Slava Pestov,1,5,950,2010
2968,Slava Pestov,Slava Pestov,1,3,950,1758
2969,Slava Pestov,Slava Pestov,1,1,1290,1290
2970,Slava Pestov,Slava Pestov,1,1,950,950
2971,Slava Pestov,Slava Pestov,1,5,950,2010
2972,Slava Pestov,Slava Pestov,1,5,950,2010
2973,Slava Pestov,Slava Pestov,1,5,950,2010
2974,Slava Pestov,Slava Pestov,1,5,950,2010
2975,Slava Pestov,Slava Pestov,1,4,950,1896
2976,Slava Pestov,Slava Pestov,1,4,950,1896
2977,Slava Pestov,Slava Pestov,1,5,950,2010
2978,Slava Pestov,Slava Pestov,1,4,950,2010
2979,Slava Pestov,Slava Pestov,1,5,950,2010
2980,Slava Pestov,Slava Pestov,1,3,950,1758
2981,Slava Pestov,Slava Pestov,1,5,950,2010
2982,Slava Pestov,Slava Pestov,1,3,1290,1896
2983,Slava Pestov,Slava Pestov,1,4,1290,2010
2984,Slava Pestov,Slava Pestov,1,5,950,2010
2985,Slava Pestov,Slava Pestov,1,5,950,2010
2986,Slava Pestov,Slava Pestov,1,3,950,1758
2987,Slava Pestov,Slava Pestov,1,4,950,1896
2988,Slava Pestov,Slava Pestov,1,3,950,1758
2989,Slava Pestov,Slava Pestov,1,3,950,1758
2990,Slava Pestov,Slava Pestov,1,2,1290,1758
2991,Slava Pestov,Slava Pestov,1,2,1290,1758
2992,Slava Pestov,Slava Pestov,1,3,950,1758
2993,Slava Pestov,Slava Pestov,1,5,950,2010
2994,Slava Pestov,Slava Pestov,1,3,950,2010
2995,Slava Pestov,Slava Pestov,1,3,950,1758
2996,Slava Pestov,Slava Pestov,1,5,950,2010
2997,Slava Pestov,Slava Pestov,1,3,950,1758
2998,Slava Pestov,Slava Pestov,1,2,950,1758
2999,Slava Pestov,Slava Pestov,1,4,950,2010
3000,Matthieu Casanova; Slava Pestov,Slava Pestov,2,5,950,2603
3001,Slava Pestov,Slava Pestov,1,2,1290,1758
3002,Slava Pestov,Slava Pestov,1,3,950,1758
3003,Slava Pestov,Slava Pestov,1,1,950,950
3004,Slava Pestov,Slava Pestov,1,4,950,2010
3005,Slava Pestov,Slava Pestov,1,2,950,1758
3006,Slava Pestov,Slava Pestov,1,4,1290,2010
3007,Slava Pestov,Slava Pestov,1,2,950,1290
3008,Slava Pestov,Slava Pestov,1,4,950,1896
3009,Slava Pestov,Slava Pestov,1,3,950,1758
3010,Slava Pestov,Slava Pestov,1,3,950,1758
3011,Slava Pestov,Slava Pestov,1,1,1290,1290
3012,Slava Pestov,Slava Pestov,1,1,1758,1758
3013,Slava Pestov,Slava Pestov,1,3,950,1758
3014,Slava Pestov,Slava Pestov,1,3,950,1758
3015,Slava Pestov,Slava Pestov,1,1,1758,1758
3016,Slava Pestov,Slava Pestov,1,3,950,1758
3017,Slava Pestov,Slava Pestov,1,5,950,2010
3018,Slava Pestov,Slava Pestov,1,2,950,1758
3019,Slava Pestov,Slava Pestov,1,2,1290,1758
3020,Slava Pestov,Slava Pestov,1,3,950,1758
3021,Slava Pestov,Slava Pestov,1,3,1290,2010
3022,Slava Pestov,Slava Pestov,1,2,1290,1758
3023,Slava Pestov,Slava Pestov,1,2,1290,1758
3024,Slava Pestov,Slava Pestov,1,3,950,1758
3025,Slava Pestov,Slava Pestov,1,2,950,1758
3026,Slava Pestov,Slava Pestov,1,2,1290,1758
3027,Slava Pestov,Slava Pestov,1,5,950,2010
3028,Slava Pestov,Slava Pestov,1,1,1290,1290
3029,Slava Pestov,Slava Pestov,1,5,950,2010
3030,Slava Pestov,Slava Pestov,1,1,1758,1758
3031,Slava Pestov,Slava Pestov,1,1,1290,1290
3032,Slava Pestov,Slava Pestov,1,1,1758,1758
3033,Slava Pestov,Slava Pestov,1,4,950,2010
3034,Slava Pestov,Slava Pestov,1,2,950,1758
3035,Slava Pestov,Slava Pestov,1,3,950,1758
3036,Slava Pestov,Slava Pestov,1,3,950,1758
3037,Slava Pestov,Slava Pestov,1,3,1290,1896
3038,Slava Pestov,Slava Pestov,1,2,950,1758
3039,Slava Pestov,Slava Pestov,1,3,950,1758
3040,Slava Pestov,Slava Pestov,1,4,1290,2010
3042,Slava Pestov,Slava Pestov,1,2,1290,1758
3043,Slava Pestov,Slava Pestov,1,2,1290,1758
3044,Slava Pestov,Slava Pestov,1,2,950,1290
3045,Slava Pestov,Slava Pestov,1,3,950,1758
3046,Slava Pestov,Slava Pestov,1,2,1290,1758
3047,Slava Pestov,Slava Pestov,1,2,950,1290
3048,Slava Pestov,Slava Pestov,1,3,1290,1896
3049,Slava Pestov,Slava Pestov,1,2,950,1290
3050,Slava Pestov,Slava Pestov,1,2,1290,1758
3051,Slava Pestov,Slava Pestov,1,3,950,1758
3052,Slava Pestov,Slava Pestov,1,4,1290,2010
3053,Slava Pestov,Slava Pestov,1,2,950,1290
3054,Slava Pestov,Slava Pestov,1,2,1290,1758
3055,Slava Pestov,Slava Pestov,1,2,1290,1758
3056,Slava Pestov,Slava Pestov,1,3,950,1758
3057,Slava Pestov,Slava Pestov,1,3,1758,2010
3058,Slava Pestov,Slava Pestov,1,2,950,1758
3059,Slava Pestov,Slava Pestov,1,2,1290,1758
3060,Slava Pestov,Slava Pestov,1,2,1290,1758
3061,Slava Pestov,Slava Pestov,1,3,950,1896
3062,Slava Pestov,Slava Pestov,1,3,1290,2010
3063,Slava Pestov,Slava Pestov,1,2,1290,1758
3064,Slava Pestov,Slava Pestov,1,2,1758,1896
3065,Slava Pestov,Slava Pestov,1,2,1290,1758
3066,Slava Pestov,Slava Pestov,1,2,1290,1758
3067,Slava Pestov,Slava Pestov,1,2,1290,1758
3068,Slava Pestov,Slava Pestov,1,2,1290,1758
3069,Slava Pestov,Slava Pestov,1,2,950,1758
3070,Slava Pestov,Slava Pestov,1,5,950,2010
3071,Slava Pestov,Slava Pestov,1,2,1290,1758
3072,Slava Pestov,Slava Pestov,1,3,950,1758
3073,Slava Pestov,Slava Pestov,1,3,950,1758
3074,Slava Pestov,Slava Pestov,1,2,950,1758
3075,Slava Pestov,Slava Pestov,1,2,950,1758
3076,Slava Pestov,Slava Pestov,1,1,950,950
3077,Slava Pestov,Slava Pestov,1,4,1290,2010
3078,Slava Pestov,Slava Pestov,1,2,1290,1758
3079,Slava Pestov,Slava Pestov,1,2,950,1290
3080,Slava Pestov,Slava Pestov,1,3,950,1758
3081,Slava Pestov,Slava Pestov,1,5,950,2010
3082,Slava Pestov,Slava Pestov,1,4,950,2010
3083,Slava Pestov,Slava Pestov,1,2,950,1758
3084,Slava Pestov,Slava Pestov,1,4,950,1896
3085,Slava Pestov,Slava Pestov,1,1,950,950
3086,Slava Pestov,Slava Pestov,1,5,950,2010
3087,Slava Pestov,Slava Pestov,1,4,1290,2010
3088,Slava Pestov,Slava Pestov,1,4,1290,2010
3089,Slava Pestov,Slava Pestov,1,2,1290,1758
3090,Slava Pestov,Slava Pestov,1,3,950,2010
3091,Slava Pestov,Slava Pestov,1,3,950,1758
3092,Slava Pestov,Slava Pestov,1,5,950,2010
3093,Slava Pestov,Slava Pestov,1,3,950,1758
3094,Slava Pestov,Slava Pestov,1,3,950,2010
3095,Slava Pestov,Slava Pestov,1,4,950,2010
3096,Slava Pestov,Slava Pestov,1,2,950,1758
3097,Slava Pestov,Slava Pestov,1,3,950,1758
3098,Slava Pestov,Slava Pestov,1,4,950,2010
3099,Slava Pestov,Slava Pestov,1,3,950,1758
3100,Slava Pestov,Slava Pestov,1,2,1290,1758
3101,Slava Pestov,Slava Pestov,1,4,950,2010
3102,Slava Pestov,Slava Pestov,1,3,950,1758
3103,Slava Pestov,Slava Pestov,1,3,950,1758
3104,Slava Pestov,Slava Pestov,1,2,950,1758
3105,Slava Pestov,Slava Pestov,1,2,1290,1758
3106,Slava Pestov,Slava Pestov,1,2,950,1758
3107,Slava Pestov,Slava Pestov,1,3,950,1758
3108,Slava Pestov,Slava Pestov,1,2,950,1758
3109,Slava Pestov,Slava Pestov,1,2,950,1758
3110,Slava Pestov,Slava Pestov,1,3,950,1758
3111,Slava Pestov,Slava Pestov,1,3,950,1896
3112,Slava Pestov,Slava Pestov,1,5,950,2010
3113,Slava Pestov,Slava Pestov,1,2,1290,1758
3114,Slava Pestov,Slava Pestov,1,3,950,1758
3115,Slava Pestov,Slava Pestov,1,4,950,1896
3116,Slava Pestov,Slava Pestov,1,4,950,2010
3117,Slava Pestov,Slava Pestov,1,4,950,2010
3118,Slava Pestov,Slava Pestov,1,1,1758,1758
3119,Slava Pestov,Slava Pestov,1,3,950,2010
3120,Slava Pestov,Slava Pestov,1,3,950,1758
3121,Slava Pestov,Slava Pestov,1,2,950,1758
3122,Slava Pestov,Slava Pestov,1,2,1290,1758
3123,Slava Pestov,Slava Pestov,1,3,950,1758
3124,Slava Pestov,Slava Pestov,1,1,1290,1290
3125,Slava Pestov,Slava Pestov,1,1,950,950
3126,Slava Pestov,Slava Pestov,1,2,950,1758
3127,Slava Pestov,Slava Pestov,1,3,950,1758
3128,Slava Pestov,Slava Pestov,1,1,1290,1290
3129,Slava Pestov,Slava Pestov,1,3,950,1758
3130,Slava Pestov,Slava Pestov,1,3,950,1758
3131,Slava Pestov,Slava Pestov,1,3,950,1758
3132,Slava Pestov,Slava Pestov,1,3,950,1758
3133,Slava Pestov,Slava Pestov,1,3,950,1758
3134,Slava Pestov,Slava Pestov,1,2,950,1758
3135,Slava Pestov,Slava Pestov,1,2,950,1758
3136,Slava Pestov,Slava Pestov,1,3,950,1758
3137,Slava Pestov,Slava Pestov,1,2,1290,1758
3138,Slava Pestov,Slava Pestov,1,4,950,2010
3139,Slava Pestov,Slava Pestov,1,2,1290,1758
3140,Slava Pestov,Slava Pestov,1,3,950,1758
3141,Slava Pestov,Slava Pestov,1,3,950,1758
3142,Slava Pestov,Slava Pestov,1,3,950,1758
3143,Slava Pestov,Slava Pestov,1,3,950,1896
3144,Slava Pestov,Slava Pestov,1,3,950,2010
3145,Slava Pestov,Slava Pestov,1,2,950,1290
3146,Slava Pestov,Slava Pestov,1,5,950,2010
3147,Slava Pestov,Slava Pestov,1,2,950,1290
3153,Slava Pestov,Slava Pestov,1,1,950,950
3164,Slava Pestov,Slava Pestov,1,3,950,1758
3165,Slava Pestov,Slava Pestov,1,3,950,1758
3166,Slava Pestov,Slava Pestov,1,3,950,1758
3167,Slava Pestov,Slava Pestov,1,3,950,1758
3168,Slava Pestov,Slava Pestov,1,3,950,1758
3169,Slava Pestov,Slava Pestov,1,3,950,1758
3170,Slava Pestov,Slava Pestov,1,3,950,1758
3172,Slava Pestov,Slava Pestov,1,1,1896,1896
3173,Slava Pestov,Slava Pestov,1,1,1896,1896
3176,Slava Pestov,Slava Pestov,1,1,1896,1896
3177,Slava Pestov,Slava Pestov,1,1,1896,1896
3179,Slava Pestov,Slava Pestov,1,1,1896,1896
3180,Slava Pestov,Slava Pestov,1,2,950,1896
3181,Slava Pestov,Slava Pestov,1,1,1290,1290
3182,Slava Pestov,Slava Pestov,1,1,1290,1290
3183,Slava Pestov,Slava Pestov,1,1,1290,1290
3184,Slava Pestov,Slava Pestov,1,1,1290,1290
3185,Slava Pestov,Slava Pestov,1,1,1290,1290
3186,Slava Pestov,Slava Pestov,1,1,1290,1290
3189,Slava Pestov,Slava Pestov,1,1,1896,1896
3190,Slava Pestov,Slava Pestov,1,1,1896,1896
3191,Slava Pestov,Slava Pestov,1,1,1896,1896
3192,Slava Pestov,Slava Pestov,1,1,1896,1896
3199,Slava Pestov,Slava Pestov,1,1,1896,1896
3205,Slava Pestov,Slava Pestov,1,1,1896,1896
3206,Slava Pestov,Slava Pestov,1,1,1896,1896
3207,Slava Pestov,Slava Pestov,1,1,1896,1896
3208,Slava Pestov,Slava Pestov,1,2,950,1896
3209,Slava Pestov,Slava Pestov,1,1,950,950
3210,Slava Pestov,Slava Pestov,1,1,950,950
3211,Matthieu Casanova; Slava Pestov,Slava Pestov,2,7,833,2603
3212,Alan Ezust; Slava Pestov,Slava Pestov,2,2,1693,2588
3213,Slava Pestov,Slava Pestov,1,6,879,1547
3215,John Gellene,John Gellene,1,1,987,987
3216,Alan Ezust; Dale Anson; Matthieu Casanova; Slava Pestov,Slava Pestov,4,14,836,3715
3217,Slava Pestov,Slava Pestov,1,1,839,839
3219,Slava Pestov,Slava Pestov,1,1,841,841
3225,Slava Pestov,Slava Pestov,1,4,847,1421
3229,Slava Pestov,Slava Pestov,1,2,950,1758
3230,Slava Pestov,Slava Pestov,1,3,861,1758
3232,Slava Pestov,Slava Pestov,1,6,865,932
3233,Matthieu Casanova; Slava Pestov,Slava Pestov,2,6,864,2617
3234,Dale Anson; Matthieu Casanova; Slava Pestov; Xuân Baldauf,Slava Pestov,4,6,865,3857
3235,Dale Anson; Matthieu Casanova; Slava Pestov; Xuân Baldauf,Slava Pestov,4,13,865,3857
3236,Slava Pestov,Slava Pestov,1,1,865,865
3238,Slava Pestov,Slava Pestov,1,1,868,868
3239,Slava Pestov,Slava Pestov,1,5,881,1559
3240,Slava Pestov,Slava Pestov,1,2,1509,1559
3241,Slava Pestov,Slava Pestov,1,2,900,928
3242,Slava Pestov,Slava Pestov,1,6,900,930
3243,Slava Pestov,Slava Pestov,1,2,900,1289
3244,Matthieu Casanova; Slava Pestov,Slava Pestov,2,2,900,2411
3246,Slava Pestov,Slava Pestov,1,2,900,1020
3247,Slava Pestov,Slava Pestov,1,5,900,1905
3248,Slava Pestov,Slava Pestov,1,1,1020,1020
3249,Slava Pestov,Slava Pestov,1,2,900,1020
3250,Matthieu Casanova; Slava Pestov,Slava Pestov,2,2,901,2901
3251,Slava Pestov,Slava Pestov,1,5,1535,2253
3252,Alan Ezust; Björn Kautler; Kazutoshi Satoda; Marcelo Vanzin; Matthieu Casanova; Shlomy Reinstein; Slava Pestov,Slava Pestov,7,103,901,3999
3253,Slava Pestov,Slava Pestov,1,52,901,1725
3256,Matthieu Casanova; Slava Pestov,Slava Pestov,2,4,1412,3538
3257,Slava Pestov,Slava Pestov,1,1,907,907
3258,Slava Pestov,Slava Pestov,1,1,908,908
3259,Slava Pestov,Slava Pestov,1,1,914,914
3260,Slava Pestov,Slava Pestov,1,1,1353,1353
3261,Slava Pestov,Slava Pestov,1,1,912,912
3262,Slava Pestov,Slava Pestov,1,7,914,1020
3263,Slava Pestov,Slava Pestov,1,7,914,1020
3264,Matthieu Casanova; Slava Pestov,Slava Pestov,2,29,914,3112
3265,Slava Pestov,Slava Pestov,1,4,914,934
3266,Slava Pestov,Slava Pestov,1,28,914,2232
3268,Matthieu Casanova; Slava Pestov,Slava Pestov,2,22,915,3112
3270,Slava Pestov,Slava Pestov,1,6,915,1020
3271,Alan Ezust; Slava Pestov,Slava Pestov,2,37,919,2598
3272,Slava Pestov,Slava Pestov,1,5,919,927
3273,Slava Pestov,Slava Pestov,1,12,920,1768
3274,Slava Pestov,Slava Pestov,1,9,920,1716
3275,Slava Pestov,Slava Pestov,1,5,920,1717
3276,Slava Pestov,Slava Pestov,1,1,1115,1115
3277,Slava Pestov,Slava Pestov,1,12,920,1768
3278,Slava Pestov,Slava Pestov,1,1,1115,1115
3279,Slava Pestov,Slava Pestov,1,2,1115,1637
3280,Slava Pestov,Slava Pestov,1,8,920,2122
3281,Slava Pestov,Slava Pestov,1,12,920,1768
3282,Shlomy Reinstein; Slava Pestov,Slava Pestov,2,14,920,3989
3283,Slava Pestov,Slava Pestov,1,8,920,1741
3284,Matthieu Casanova; Slava Pestov,Slava Pestov,2,2,923,2539
3285,Matthieu Casanova; Slava Pestov,Slava Pestov,2,3,920,2539
3286,Slava Pestov,Slava Pestov,1,1,927,927
3287,Slava Pestov,Slava Pestov,1,19,921,1083
3288,Slava Pestov,Slava Pestov,1,1,921,921
3290,Slava Pestov,Slava Pestov,1,3,921,1010
3291,Slava Pestov,Slava Pestov,1,3,921,927
3292,Slava Pestov,Slava Pestov,1,3,921,1039
3293,Alan Ezust; Björn Kautler; Marcelo Vanzin; Matthieu Casanova; Slava Pestov,Slava Pestov,5,15,922,3011
3294,Slava Pestov,Slava Pestov,1,2,1000,1960
3295,Slava Pestov,Slava Pestov,1,12,1023,1419
3296,Björn Kautler; Marcelo Vanzin; Slava Pestov,Slava Pestov,3,18,923,3482
3297,Slava Pestov,Slava Pestov,1,3,927,933
3298,Slava Pestov,Slava Pestov,1,2,922,933
3299,Slava Pestov,Slava Pestov,1,2,1000,1960
3300,Slava Pestov,Slava Pestov,1,2,1000,1960
3301,Slava Pestov,Slava Pestov,1,3,1118,1828
3302,Slava Pestov,Slava Pestov,1,2,1000,1960
3304,Slava Pestov,Slava Pestov,1,2,1372,1960
3305,Slava Pestov,Slava Pestov,1,1,1372,1372
3306,Slava Pestov,Slava Pestov,1,1,922,922
3307,Slava Pestov,Slava Pestov,1,2,922,931
3308,Slava Pestov,Slava Pestov,1,14,923,1688
3309,Slava Pestov,Slava Pestov,1,2,1089,1182
3310,Slava Pestov,Slava Pestov,1,1,927,927
3313,Slava Pestov,Slava Pestov,1,2,1059,1065
3316,Slava Pestov,Slava Pestov,1,1,940,940
3317,Slava Pestov,Slava Pestov,1,8,928,942
3318,Slava Pestov,Slava Pestov,1,1,928,928
3319,Matthieu Casanova; Slava Pestov,Slava Pestov,2,2,1798,2824
3322,Slava Pestov,Slava Pestov,1,9,932,1081
3327,Slava Pestov,Slava Pestov,1,2,930,933
3328,Slava Pestov,Slava Pestov,1,2,930,932
3329,Slava Pestov,Slava Pestov,1,2,930,932
3330,Slava Pestov,Slava Pestov,1,1,933,933
3331,Slava Pestov,Slava Pestov,1,2,930,933
3332,Slava Pestov,Slava Pestov,1,2,930,931
3333,Slava Pestov,Slava Pestov,1,2,930,931
3334,Slava Pestov,Slava Pestov,1,1,930,930
3335,Slava Pestov,Slava Pestov,1,2,930,931
3336,Slava Pestov,Slava Pestov,1,2,930,931
3337,Slava Pestov,Slava Pestov,1,7,930,1025
3338,Slava Pestov,Slava Pestov,1,11,932,1081
3339,Slava Pestov,Slava Pestov,1,1,933,933
3340,Slava Pestov,Slava Pestov,1,12,932,1113
3341,Slava Pestov,Slava Pestov,1,12,932,1113
3342,Slava Pestov,Slava Pestov,1,9,932,1205
3343,Matthieu Casanova; Slava Pestov,Slava Pestov,2,17,932,3112
3344,Slava Pestov,Slava Pestov,1,7,932,1059
3345,Slava Pestov,Slava Pestov,1,6,932,1059
3346,Slava Pestov,Slava Pestov,1,6,933,1081
3347,Slava Pestov,Slava Pestov,1,11,932,1081
3348,Slava Pestov,Slava Pestov,1,9,932,1081
3349,Slava Pestov,Slava Pestov,1,6,932,1081
3350,Slava Pestov,Slava Pestov,1,12,932,1081
3351,Slava Pestov,Slava Pestov,1,1,933,933
3352,Slava Pestov,Slava Pestov,1,2,943,1184
3353,Slava Pestov,Slava Pestov,1,1,934,934
3354,Slava Pestov,Slava Pestov,1,1,934,934
3355,Slava Pestov,Slava Pestov,1,2,944,1599
3357,Slava Pestov,Slava Pestov,1,1,1822,1822
3358,Alan Ezust; Björn Kautler; Matthieu Casanova; Slava Pestov,Slava Pestov,4,9,941,3164
3359,Alan Ezust; Björn Kautler; Marcelo Vanzin; Matthieu Casanova; Slava Pestov,Slava Pestov,5,11,940,3681
3360,Marcelo Vanzin; Slava Pestov,Slava Pestov,2,4,1465,3162
3361,Slava Pestov,Slava Pestov,1,2,1465,2036
3362,Slava Pestov,Slava Pestov,1,3,940,1599
3363,Slava Pestov,Slava Pestov,1,49,940,2247
3364,Slava Pestov,Slava Pestov,1,1,940,940
3365,Slava Pestov,Slava Pestov,1,2,940,942
3367,Slava Pestov,Slava Pestov,1,46,941,1983
3368,Alan Ezust; Matthieu Casanova; Slava Pestov,Slava Pestov,3,100,941,2800
3369,Alan Ezust; Björn Kautler; Slava Pestov,Slava Pestov,3,84,941,2502
3372,Slava Pestov,Slava Pestov,1,49,944,2248
3373,Slava Pestov,Slava Pestov,1,1,944,944
3374,Slava Pestov,Slava Pestov,1,3,944,1059
3375,Slava Pestov,Slava Pestov,1,3,944,1059
3376,Slava Pestov,Slava Pestov,1,6,944,1059
3377,Slava Pestov,Slava Pestov,1,5,944,1059
3378,Marcelo Vanzin; Slava Pestov,Slava Pestov,2,5,944,3162
3379,Slava Pestov,Slava Pestov,1,4,944,2036
3380,Slava Pestov,Slava Pestov,1,3,947,975
3381,Slava Pestov,Slava Pestov,1,2,975,1010
3382,Slava Pestov,Slava Pestov,1,1,1009,1009
3383,Alan Ezust; Marcelo Vanzin; Slava Pestov,Slava Pestov,3,5,952,3257
3384,Slava Pestov,Slava Pestov,1,1,948,948
3385,Marcelo Vanzin; Matthieu Casanova; Shlomy Reinstein; Slava Pestov,Slava Pestov,4,15,948,3999
3386,Slava Pestov,Slava Pestov,1,1,950,950
3387,Slava Pestov,Slava Pestov,1,2,950,1290
3388,Slava Pestov,Slava Pestov,1,1,1023,1023
3389,Slava Pestov,Slava Pestov,1,2,950,1896
3390,Slava Pestov,Slava Pestov,1,1,1896,1896
3391,Slava Pestov,Slava Pestov,1,1,1290,1290
3392,Slava Pestov,Slava Pestov,1,2,950,1290
3393,Slava Pestov,Slava Pestov,1,5,950,2010
3394,Slava Pestov,Slava Pestov,1,1,950,950
3395,Slava Pestov,Slava Pestov,1,1,950,950
3396,Björn Kautler; Marcelo Vanzin; Matthieu Casanova; Slava Pestov,Slava Pestov,4,27,1023,3482
3397,Kazutoshi Satoda; Marcelo Vanzin; Slava Pestov,Slava Pestov,3,14,1000,3849
3398,Kazutoshi Satoda; Marcelo Vanzin; Slava Pestov,Slava Pestov,3,14,1000,3849
3399,Slava Pestov,Slava Pestov,1,15,953,1988
3400,Matthieu Casanova; Slava Pestov,Slava Pestov,2,22,953,2395
3401,Kazutoshi Satoda; Marcelo Vanzin; Slava Pestov,Slava Pestov,3,12,1017,3849
3402,Kazutoshi Satoda; Marcelo Vanzin; Slava Pestov,Slava Pestov,3,13,1017,3849
3403,Slava Pestov,Slava Pestov,1,4,954,1829
3404,Slava Pestov,Slava Pestov,1,3,954,1829
3405,Slava Pestov,Slava Pestov,1,5,954,1829
3406,Slava Pestov,Slava Pestov,1,7,954,1829
3407,Slava Pestov,Slava Pestov,1,6,954,1831
3408,Slava Pestov,Slava Pestov,1,6,954,1816
3409,Slava Pestov,Slava Pestov,1,3,954,2223
3410,Slava Pestov,Slava Pestov,1,4,954,2223
3411,Kazutoshi Satoda; Marcelo Vanzin; Slava Pestov,Slava Pestov,3,10,1000,3849
3412,Slava Pestov,Slava Pestov,1,5,1000,1535
3413,Slava Pestov,Slava Pestov,1,6,971,1233
3414,Matthieu Casanova; Seph Soliman; Slava Pestov,Slava Pestov,3,3,1025,3735
3415,Matthieu Casanova; Shlomy Reinstein; Slava Pestov,Matthieu Casanova,3,9,971,3792
3416,Slava Pestov,Slava Pestov,1,6,995,1388
3417,Slava Pestov,Slava Pestov,1,2,995,998
3418,Alan Ezust; Kazutoshi Satoda; Matthieu Casanova; Shlomy Reinstein; Slava Pestov,Slava Pestov,5,41,995,3989
3419,Slava Pestov,Slava Pestov,1,3,1017,1317
3420,Slava Pestov,Slava Pestov,1,3,995,1317
3421,Slava Pestov,Slava Pestov,1,4,995,1026
3422,Slava Pestov,Slava Pestov,1,1,1114,1114
3424,Slava Pestov,Slava Pestov,1,2,1981,2194
3426,Alan Ezust; Björn Kautler; Marcelo Vanzin; Martin Raspe; Shlomy Reinstein; Slava Pestov,Slava Pestov,6,37,999,3781
3427,Alan Ezust; Marcelo Vanzin; Shlomy Reinstein; Slava Pestov,Slava Pestov,4,44,1000,3787
3429,Slava Pestov,Slava Pestov,1,1,999,999
3430,Alan Ezust; Marcelo Vanzin; Martin Raspe; Shlomy Reinstein; Slava Pestov,Slava Pestov,5,25,999,3781
3431,Slava Pestov,Slava Pestov,1,36,1000,1762
3432,Alan Ezust; Björn Kautler; Martin Raspe; Shlomy Reinstein; Slava Pestov,Slava Pestov,5,41,1000,3781
3433,Slava Pestov,Slava Pestov,1,3,1000,1023
3434,Slava Pestov,Slava Pestov,1,2,1000,1020
3435,Slava Pestov,Slava Pestov,1,1,1020,1020
3436,Matthieu Casanova; Slava Pestov,Slava Pestov,2,14,1004,3373
3437,Slava Pestov,Slava Pestov,1,4,1009,1028
3438,Slava Pestov,Slava Pestov,1,8,1009,1081
3440,Slava Pestov,Slava Pestov,1,11,1010,1624
3441,Slava Pestov,Slava Pestov,1,10,1010,1624
3442,Slava Pestov,Slava Pestov,1,2,1016,1521
3443,Slava Pestov,Slava Pestov,1,1,1521,1521
3444,Slava Pestov,Slava Pestov,1,5,1017,1535
3445,Slava Pestov,Slava Pestov,1,1,1018,1018
3446,Slava Pestov,Slava Pestov,1,1,1018,1018
3447,Kazutoshi Satoda; Matthieu Casanova; Shlomy Reinstein; Slava Pestov,Shlomy Reinstein,4,13,1838,3999
3448,Dale Anson; Matthieu Casanova; Slava Pestov; Xuân Baldauf,Slava Pestov,4,6,1054,3857
3449,Slava Pestov,Slava Pestov,1,2,1020,1030
3450,Slava Pestov,Slava Pestov,1,2,1020,1030
3451,Matthieu Casanova; Slava Pestov,Slava Pestov,2,15,1020,3112
3452,Slava Pestov,Slava Pestov,1,1,1020,1020
3453,Slava Pestov,Slava Pestov,1,8,1020,1722
3454,Slava Pestov,Slava Pestov,1,1,1022,1022
3456,Slava Pestov,Slava Pestov,1,1,1023,1023
3457,Slava Pestov,Slava Pestov,1,1,1023,1023
3458,Slava Pestov,Slava Pestov,1,22,1023,1778
3459,Slava Pestov,Slava Pestov,1,24,1023,1778
3460,Slava Pestov,Slava Pestov,1,13,1023,1778
3461,Slava Pestov,Slava Pestov,1,16,1023,1778
3462,Slava Pestov,Slava Pestov,1,1,1023,1023
3463,Slava Pestov,Slava Pestov,1,1,1023,1023
3464,Slava Pestov,Slava Pestov,1,10,1031,1389
3465,Slava Pestov,Slava Pestov,1,3,1025,1334
3466,Slava Pestov,Slava Pestov,1,1,1026,1026
3467,Slava Pestov,Slava Pestov,1,1,1270,1270
3468,Slava Pestov,Slava Pestov,1,2,1290,1758
3470,Slava Pestov,Slava Pestov,1,4,1040,1968
3472,Slava Pestov,Slava Pestov,1,4,1166,1819
3473,Slava Pestov,Slava Pestov,1,2,1026,1831
3474,Slava Pestov,Slava Pestov,1,2,1026,1285
3475,Slava Pestov,Slava Pestov,1,3,1026,2038
3476,Slava Pestov,Slava Pestov,1,3,1040,1076
3477,Slava Pestov,Slava Pestov,1,6,1027,1061
3478,Alan Ezust; Slava Pestov,Slava Pestov,2,41,1027,2379
3479,Slava Pestov,Slava Pestov,1,2,1028,1399
3480,Alan Ezust; Kazutoshi Satoda; Marcelo Vanzin; Matthieu Casanova; Slava Pestov,Slava Pestov,5,45,1042,3883
3481,Alan Ezust; Kazutoshi Satoda; Marcelo Vanzin; Matthieu Casanova; Slava Pestov,Slava Pestov,5,43,1033,3883
3482,Alan Ezust; Slava Pestov,Slava Pestov,2,4,1034,3364
3486,Slava Pestov,Slava Pestov,1,7,1035,1157
3487,Kazutoshi Satoda; Slava Pestov,Slava Pestov,2,6,1040,3290
3488,Slava Pestov,Slava Pestov,1,1,1405,1405
3489,Slava Pestov,Slava Pestov,1,1,1405,1405
3491,Kazutoshi Satoda; Slava Pestov,Slava Pestov,2,4,1043,3290
3492,Slava Pestov,Slava Pestov,1,1,1043,1043
3496,Slava Pestov,Slava Pestov,1,3,1046,1841
3497,Slava Pestov,Slava Pestov,1,9,1051,2012
3498,Slava Pestov,Slava Pestov,1,4,1244,2012
3500,Slava Pestov,Slava Pestov,1,1,1049,1049
3501,Slava Pestov,Slava Pestov,1,1,1049,1049
3504,Slava Pestov,Slava Pestov,1,1,1052,1052
3505,Alan Ezust; Slava Pestov,Slava Pestov,2,9,1103,2629
3506,Matthieu Casanova; Slava Pestov,Slava Pestov,2,2,1819,2290
3507,Björn Kautler; Matthieu Casanova; Slava Pestov,Slava Pestov,3,5,1053,3512
3508,Slava Pestov,Slava Pestov,1,2,1054,1060
3510,Slava Pestov,Slava Pestov,1,3,1055,1831
3511,Slava Pestov,Slava Pestov,1,3,1060,1062
3512,Slava Pestov,Slava Pestov,1,1,1058,1058
3514,Slava Pestov,Slava Pestov,1,5,1059,1113
3515,Slava Pestov,Slava Pestov,1,1,1060,1060
3516,Slava Pestov,Slava Pestov,1,1,1061,1061
3517,Slava Pestov,Slava Pestov,1,1,1061,1061
3518,Alan Ezust; Matthieu Casanova; Slava Pestov,Slava Pestov,3,30,1064,2943
3519,Matthieu Casanova; Slava Pestov,Slava Pestov,2,6,1062,2943
3520,Matthieu Casanova; Slava Pestov,Slava Pestov,2,17,1081,2943
3521,Slava Pestov,Slava Pestov,1,13,1062,1657
3522,Slava Pestov,Slava Pestov,1,1,1062,1062
3523,Slava Pestov,Slava Pestov,1,4,1062,1475
3524,Slava Pestov,Slava Pestov,1,1,1700,1700
3526,Slava Pestov,Slava Pestov,1,1,1768,1768
3528,Slava Pestov,Slava Pestov,1,4,1067,1156
3529,Slava Pestov,Slava Pestov,1,4,1067,1084
3533,Slava Pestov,Slava Pestov,1,1,1411,1411
3534,Slava Pestov,Slava Pestov,1,22,1076,1786
3536,Slava Pestov,Slava Pestov,1,1,1076,1076
3537,Alan Ezust; Matthieu Casanova; Slava Pestov,Slava Pestov,3,14,1083,2689
3538,Slava Pestov,Slava Pestov,1,7,1076,1483
3539,Slava Pestov,Slava Pestov,1,34,1081,1969
3542,Alan Ezust; Kazutoshi Satoda; Marcelo Vanzin; Matthieu Casanova; Shlomy Reinstein; Slava Pestov,Matthieu Casanova,6,41,1100,3998
3543,Slava Pestov,Slava Pestov,1,1,1097,1097
3544,Slava Pestov,Slava Pestov,1,3,1097,1181
3545,Slava Pestov,Slava Pestov,1,4,1084,2142
3546,Slava Pestov,Slava Pestov,1,28,1091,1450
3547,Slava Pestov,Slava Pestov,1,17,1091,1778
3548,Slava Pestov,Slava Pestov,1,3,1097,1178
3549,Slava Pestov,Slava Pestov,1,3,1097,1193
3551,Slava Pestov,Slava Pestov,1,1,1110,1110
3552,Alan Ezust; Björn Kautler; Slava Pestov,Slava Pestov,3,78,1110,2502
3553,Slava Pestov,Slava Pestov,1,1,1743,1743
3554,Kazutoshi Satoda; Slava Pestov,Slava Pestov,2,5,1333,3496
3555,Slava Pestov,Slava Pestov,1,2,1110,1165
3556,Alan Ezust; Slava Pestov,Slava Pestov,2,35,1110,2379
3557,Alan Ezust; Slava Pestov,Slava Pestov,2,33,1115,2379
3558,Matthieu Casanova; Shlomy Reinstein; Slava Pestov,Slava Pestov,3,16,1139,3792
3559,Slava Pestov,Slava Pestov,1,15,1113,1629
3562,Alan Ezust; Björn Kautler; Dale Anson; Kazutoshi Satoda; Marcelo Vanzin; Matthieu Casanova; Slava Pestov,Slava Pestov,7,23,1113,3895
3563,Slava Pestov,Slava Pestov,1,11,1350,1678
3564,Slava Pestov,Slava Pestov,1,1,1255,1255
3565,Slava Pestov,Slava Pestov,1,10,1113,1475
3566,Slava Pestov,Slava Pestov,1,1,1114,1114
3567,Alan Ezust; Marcelo Vanzin; Matthieu Casanova; Slava Pestov,Slava Pestov,4,65,1115,2735
3568,Slava Pestov,Slava Pestov,1,9,1115,1475
3570,Alan Ezust; Björn Kautler; Matthieu Casanova; Slava Pestov,Slava Pestov,4,59,1118,2756
3571,Slava Pestov,Slava Pestov,1,1,1356,1356
3572,Slava Pestov,Slava Pestov,1,4,1118,1165
3573,Matthieu Casanova; Slava Pestov,Slava Pestov,2,10,1119,2510
3574,Slava Pestov,Slava Pestov,1,26,1119,1628
3575,Slava Pestov,Slava Pestov,1,4,1119,1630
3576,Matthieu Casanova; Slava Pestov,Slava Pestov,2,19,1145,3770
3577,Slava Pestov,Slava Pestov,1,1,1142,1142
3578,Slava Pestov,Slava Pestov,1,1,1142,1142
3579,Slava Pestov,Slava Pestov,1,1,1145,1145
3580,Kazutoshi Satoda; Slava Pestov,Slava Pestov,2,2,1743,3496
3581,Slava Pestov,Slava Pestov,1,3,1154,1193
3582,Slava Pestov,Slava Pestov,1,1,1156,1156
3584,Slava Pestov,Slava Pestov,1,13,1179,2203
3585,Slava Pestov,Slava Pestov,1,13,1179,2203
3586,Slava Pestov,Slava Pestov,1,8,1183,1639
3587,Slava Pestov,Slava Pestov,1,1,1183,1183
3588,Slava Pestov,Slava Pestov,1,1,1184,1184
3589,Slava Pestov,Slava Pestov,1,1,1189,1189
3590,Slava Pestov,Slava Pestov,1,1,1215,1215
3591,Slava Pestov,Slava Pestov,1,1,1466,1466
3592,Slava Pestov,Slava Pestov,1,1,1225,1225
3593,Slava Pestov,Slava Pestov,1,1,1234,1234
3597,Slava Pestov,Slava Pestov,1,1,1244,1244
3598,Slava Pestov,Slava Pestov,1,1,1244,1244
3599,Slava Pestov,Slava Pestov,1,3,1244,1312
3600,Slava Pestov,Slava Pestov,1,3,1244,1312
3601,Slava Pestov,Slava Pestov,1,1,1250,1250
3602,Slava Pestov,Slava Pestov,1,1,1244,1244
3603,Alan Ezust; Kazutoshi Satoda; Matthieu Casanova; Slava Pestov,Slava Pestov,4,21,1241,3922
3604,Alan Ezust; Kazutoshi Satoda; Matthieu Casanova; Slava Pestov,Slava Pestov,4,24,1241,3922
3605,Slava Pestov,Slava Pestov,1,1,1244,1244
3606,Slava Pestov,Slava Pestov,1,2,1246,1920
3607,Slava Pestov,Slava Pestov,1,10,1248,1400
3609,Matthieu Casanova; Slava Pestov,Slava Pestov,2,14,1273,2923
3610,Slava Pestov,Slava Pestov,1,1,1255,1255
3611,Alan Ezust; Marcelo Vanzin; Matthieu Casanova; Slava Pestov,Marcelo Vanzin,4,7,1624,3164
3612,Alan Ezust; Marcelo Vanzin; Matthieu Casanova; Slava Pestov,Marcelo Vanzin,4,6,1624,3164
3613,Alan Ezust; Marcelo Vanzin; Matthieu Casanova; Slava Pestov,Slava Pestov,4,8,1256,3164
3614,Slava Pestov,Slava Pestov,1,1,1257,1257
3615,Slava Pestov,Slava Pestov,1,1,1257,1257
3617,Matthieu Casanova; Slava Pestov,Slava Pestov,2,4,1258,2624
3618,Slava Pestov,Slava Pestov,1,1,1262,1262
3619,Slava Pestov,Slava Pestov,1,1,1262,1262
3620,Slava Pestov,Slava Pestov,1,3,1265,1268
3621,Björn Kautler; Marcelo Vanzin; Slava Pestov,Slava Pestov,3,18,1265,3482
3622,Slava Pestov,Slava Pestov,1,3,1267,1359
3623,Björn Kautler; Marcelo Vanzin; Slava Pestov,Slava Pestov,3,20,1269,3482
3624,Slava Pestov,Slava Pestov,1,3,1269,1275
3625,Slava Pestov,Slava Pestov,1,2,1271,1273
3626,Slava Pestov,Slava Pestov,1,1,1275,1275
3632,Matthieu Casanova; Slava Pestov,Slava Pestov,2,9,1277,2689
3633,Slava Pestov,Slava Pestov,1,7,1277,1517
3634,Slava Pestov,Slava Pestov,1,1,1317,1317
3635,Slava Pestov,Slava Pestov,1,1,1317,1317
3636,Slava Pestov,Slava Pestov,1,1,1317,1317
3637,Alan Ezust; Marcelo Vanzin; Matthieu Casanova; Slava Pestov,Slava Pestov,4,7,1282,3906
3638,Slava Pestov,Slava Pestov,1,4,1282,1735
3639,Slava Pestov,Slava Pestov,1,2,1284,1364
3641,Slava Pestov,Slava Pestov,1,4,1290,2010
3642,Slava Pestov,Slava Pestov,1,4,1290,2010
3643,Slava Pestov,Slava Pestov,1,1,1290,1290
3644,Slava Pestov,Slava Pestov,1,8,1304,1847
3645,Slava Pestov,Slava Pestov,1,1,1307,1307
3646,Slava Pestov,Slava Pestov,1,1,1311,1311
3647,Slava Pestov,Slava Pestov,1,1,1311,1311
3648,Slava Pestov,Slava Pestov,1,1,1314,1314
3649,Slava Pestov,Slava Pestov,1,3,1346,2070
3653,Slava Pestov,Slava Pestov,1,1,1317,1317
3655,Alan Ezust; Marcelo Vanzin; Matthieu Casanova; Shlomy Reinstein; Slava Pestov,Slava Pestov,5,16,1323,3999
3656,Alan Ezust; Marcelo Vanzin; Matthieu Casanova; Shlomy Reinstein; Slava Pestov,Slava Pestov,5,14,1323,3999
3657,Nicholas O'Leary; Slava Pestov,Slava Pestov,2,7,1326,2639
3658,Slava Pestov,Slava Pestov,1,1,1326,1326
3659,Slava Pestov,Slava Pestov,1,4,1326,1626
3660,Slava Pestov,Slava Pestov,1,4,1326,1626
3661,Björn Kautler; Matthieu Casanova; Slava Pestov,Slava Pestov,3,5,1327,2892
3662,Slava Pestov,Slava Pestov,1,3,1343,1532
3663,Slava Pestov,Slava Pestov,1,4,1343,1559
3664,Slava Pestov,Slava Pestov,1,2,1346,1638
3665,Slava Pestov,Slava Pestov,1,1,1355,1355
3666,Slava Pestov,Slava Pestov,1,2,1355,1549
3667,Slava Pestov,Slava Pestov,1,4,1355,2219
3668,Slava Pestov,Slava Pestov,1,1,1355,1355
3669,Slava Pestov,Slava Pestov,1,1,1355,1355
3671,Alan Ezust; Marcelo Vanzin; Slava Pestov,Slava Pestov,3,11,1364,3781
3672,Slava Pestov,Slava Pestov,1,4,1364,1393
3674,Kazutoshi Satoda; Matthieu Casanova; Shlomy Reinstein; Slava Pestov,Shlomy Reinstein,4,11,1364,3990
3676,Slava Pestov,Slava Pestov,1,4,1388,1981
3677,Slava Pestov,Slava Pestov,1,2,1735,2194
3678,Shlomy Reinstein; Slava Pestov,Slava Pestov,2,2,1425,3356
3681,Slava Pestov,Slava Pestov,1,1,1425,1425
3682,Shlomy Reinstein; Slava Pestov,Slava Pestov,2,2,1425,3356
3686,Slava Pestov,Slava Pestov,1,14,1373,1640
3687,Slava Pestov,Slava Pestov,1,1,1377,1377
3688,Kazutoshi Satoda; Matthieu Casanova; Shlomy Reinstein; Slava Pestov,Shlomy Reinstein,4,11,1378,3998
3689,Kazutoshi Satoda; Matthieu Casanova; Shlomy Reinstein; Slava Pestov,Shlomy Reinstein,4,11,1378,3999
3690,Slava Pestov,Slava Pestov,1,3,1382,1535
3691,Alan Ezust; Slava Pestov,Slava Pestov,2,7,1437,3636
3692,Slava Pestov,Slava Pestov,1,4,1404,1887
3693,Alan Ezust; Matthieu Casanova; Slava Pestov,Slava Pestov,3,7,1384,2803
3695,Slava Pestov,Slava Pestov,1,1,1386,1386
3696,Matthieu Casanova; Slava Pestov,Slava Pestov,2,3,1389,3477
3697,Alan Ezust; Slava Pestov,Slava Pestov,2,6,1389,2405
3698,Alan Ezust; Slava Pestov,Slava Pestov,2,6,1389,2405
3699,Slava Pestov,Slava Pestov,1,2,1395,1399
3700,Marcelo Vanzin; Slava Pestov,Slava Pestov,2,7,1395,2559
3701,Slava Pestov,Slava Pestov,1,1,1395,1395
3702,Slava Pestov,Slava Pestov,1,1,1395,1395
3703,Slava Pestov,Slava Pestov,1,2,1411,1790
3704,Slava Pestov,Slava Pestov,1,6,1412,1825
3705,Slava Pestov,Slava Pestov,1,4,1430,1459
3706,Slava Pestov,Slava Pestov,1,2,1431,1450
3708,Slava Pestov,Slava Pestov,1,3,1419,1786
3709,Slava Pestov,Slava Pestov,1,1,1473,1473
3710,Slava Pestov,Slava Pestov,1,3,1546,1616
3711,Slava Pestov,Slava Pestov,1,4,1416,1616
3712,Seph Soliman; Slava Pestov,Slava Pestov,2,2,1416,3722
3713,Seph Soliman; Slava Pestov,Slava Pestov,2,2,1416,3722
3714,Slava Pestov,Slava Pestov,1,1,1419,1419
3715,Marcelo Vanzin; Slava Pestov,Slava Pestov,2,5,1427,2495
3717,Slava Pestov,Slava Pestov,1,3,1427,1897
3718,Slava Pestov,Slava Pestov,1,1,1427,1427
3719,Slava Pestov,Slava Pestov,1,1,1427,1427
3720,Slava Pestov,Slava Pestov,1,2,1770,1897
3744,Slava Pestov,Slava Pestov,1,1,1431,1431
3755,Kris Kopicki,Kris Kopicki,1,1,1984,1984
3756,Alan Ezust; Björn Kautler; Marcelo Vanzin; Matthieu Casanova; Slava Pestov,Marcelo Vanzin,5,8,1599,3681
3757,Slava Pestov,Slava Pestov,1,3,1442,2012
3758,Slava Pestov,Slava Pestov,1,1,1442,1442
3759,Slava Pestov,Slava Pestov,1,1,1442,1442
3760,Slava Pestov,Slava Pestov,1,1,1447,1447
3761,Slava Pestov,Slava Pestov,1,2,1450,1781
3762,Slava Pestov; copy_paste,Slava Pestov,2,3,1450,2282
3763,Slava Pestov,Slava Pestov,1,1,1450,1450
3764,Matthieu Casanova; Slava Pestov,Slava Pestov,2,4,1455,2923
3765,Slava Pestov,Slava Pestov,1,1,1455,1455
3766,Matthieu Casanova; Slava Pestov,Slava Pestov,2,5,1455,2923
3771,Slava Pestov,Slava Pestov,1,1,1786,1786
3772,Slava Pestov,Slava Pestov,1,1,1459,1459
3774,Dale Anson; Matthieu Casanova; Slava Pestov; Xuân Baldauf,Slava Pestov,4,9,1468,3857
3775,Matthieu Casanova; Slava Pestov,Slava Pestov,2,6,1468,3384
3776,Slava Pestov,Slava Pestov,1,2,1468,1470
3777,Slava Pestov,Slava Pestov,1,1,1468,1468
3778,Slava Pestov,Slava Pestov,1,1,1468,1468
3781,Alan Ezust; Slava Pestov,Slava Pestov,2,5,1471,2837
3782,Slava Pestov,Slava Pestov,1,1,1549,1549
3783,Alan Ezust; Slava Pestov,Slava Pestov,2,6,1475,2405
3784,Slava Pestov,Slava Pestov,1,2,1840,2012
3785,Nicholas O'Leary; Slava Pestov,Slava Pestov,2,4,1840,2639
3790,Slava Pestov,Slava Pestov,1,1,1515,1515
3795,Slava Pestov,Slava Pestov,1,2,2072,2188
3796,Slava Pestov,Slava Pestov,1,2,1544,1553
3799,Alan Ezust; Slava Pestov,Slava Pestov,2,7,1475,3880
3800,Matthieu Casanova; Slava Pestov,Slava Pestov,2,3,1483,2290
3801,Slava Pestov,Slava Pestov,1,2,1483,1495
3802,Alan Ezust; Björn Kautler; Marcelo Vanzin; Matthieu Casanova; Slava Pestov,Slava Pestov,5,13,1488,3164
3803,Slava Pestov,Slava Pestov,1,2,1809,2236
3804,Slava Pestov,Slava Pestov,1,2,1493,1828
3807,Slava Pestov,Slava Pestov,1,1,1493,1493
3808,Slava Pestov,Slava Pestov,1,1,1499,1499
3810,Alan Ezust; Björn Kautler; Slava Pestov,Slava Pestov,3,16,1510,2753
3811,Alan Ezust; Björn Kautler; Slava Pestov,Slava Pestov,3,15,1510,2753
3813,Slava Pestov,Slava Pestov,1,5,1521,2275
3815,Björn Kautler,Björn Kautler,1,1,2939,2939
3817,Alan Ezust,Alan Ezust,1,1,2408,2408
3818,Slava Pestov,Slava Pestov,1,1,1738,1738
3819,Slava Pestov,Slava Pestov,1,1,1738,1738
3822,Slava Pestov; copy_paste,Slava Pestov,2,6,1522,2283
3823,Slava Pestov,Slava Pestov,1,1,1613,1613
3824,Slava Pestov,Slava Pestov,1,2,1968,2268
3825,Kazutoshi Satoda; Slava Pestov,Slava Pestov,2,5,1522,3436
3826,Slava Pestov,Slava Pestov,1,1,1528,1528
3827,Slava Pestov,Slava Pestov,1,1,1541,1541
3828,Slava Pestov,Slava Pestov,1,2,1541,1605
3857,Marcelo Vanzin,Marcelo Vanzin,1,1,2881,2881
3895,Slava Pestov,Slava Pestov,1,1,1576,1576
3896,Alan Ezust; Marcelo Vanzin; Matthieu Casanova; Slava Pestov,Slava Pestov,4,10,1576,3906
3898,Slava Pestov,Slava Pestov,1,13,1602,1778
3899,Slava Pestov,Slava Pestov,1,2,1602,1630
3902,Slava Pestov,Slava Pestov,1,3,1603,1798
3903,Slava Pestov,Slava Pestov,1,2,1605,2223
3905,Alan Ezust; Björn Kautler; Marcelo Vanzin; Matthieu Casanova; Slava Pestov; Xuân Baldauf,Marcelo Vanzin,6,9,1624,3164
3906,Slava Pestov,Slava Pestov,1,2,1797,1880
3907,Slava Pestov,Slava Pestov,1,3,1768,1905
3908,Slava Pestov,Slava Pestov,1,6,1797,2212
3911,Slava Pestov,Slava Pestov,1,3,1611,1880
3912,Slava Pestov,Slava Pestov,1,3,1611,1880
3915,Alan Ezust; Ian Davis; Kris Kopicki; Marcelo Vanzin; Matthieu Casanova,Kris Kopicki,5,11,1621,3337
3916,Alan Ezust; Ian Davis; Kris Kopicki; Marcelo Vanzin; Matthieu Casanova,Kris Kopicki,5,10,1621,3337
3917,Alan Ezust; Ian Davis; Kris Kopicki; Marcelo Vanzin; Matthieu Casanova,Kris Kopicki,5,11,1621,3337
3918,Alan Ezust; Kris Kopicki; Marcelo Vanzin; Matthieu Casanova,Kris Kopicki,4,8,1621,3164
3919,Alan Ezust; Kris Kopicki; Marcelo Vanzin; Matthieu Casanova,Marcelo Vanzin,4,7,1621,3164
3920,Kris Kopicki,Kris Kopicki,1,1,1614,1614
3922,Matthieu Casanova; Slava Pestov,Slava Pestov,2,8,1616,3112
3923,Matthieu Casanova; Slava Pestov,Slava Pestov,2,6,1616,3112
3924,Slava Pestov,Slava Pestov,1,1,1739,1739
3925,Slava Pestov,Slava Pestov,1,27,1628,1809
3926,Slava Pestov,Slava Pestov,1,22,1628,1809
3927,Alan Ezust; Kris Kopicki; Marcelo Vanzin; Matthieu Casanova,Kris Kopicki,4,8,1621,3164
3928,Kris Kopicki,Kris Kopicki,1,1,1751,1751
3929,Alan Ezust; Matthieu Casanova; Slava Pestov,Slava Pestov,3,5,1623,3810
3931,Alan Ezust; Slava Pestov,Slava Pestov,2,3,1623,3662
3934,Alan Ezust; Slava Pestov,Slava Pestov,2,3,1969,2629
3935,Alan Ezust; Björn Kautler; Marcelo Vanzin; Matthieu Casanova; Slava Pestov; Xuân Baldauf,Marcelo Vanzin,6,9,1624,3164
3936,Alan Ezust; Ian Davis; Kris Kopicki; Marcelo Vanzin; Matthieu Casanova,Kris Kopicki,5,10,1625,3337
3937,Kris Kopicki,Kris Kopicki,1,2,1625,1750
3939,Alan Ezust; Ian Davis; Kris Kopicki; Marcelo Vanzin; Matthieu Casanova,Kris Kopicki,5,9,1625,3337
3940,Slava Pestov,Slava Pestov,1,1,1626,1626
3941,Björn Kautler; Daniel Hahler; Marcelo Vanzin; Slava Pestov,Marcelo Vanzin,4,7,1626,3330
3942,Alan Ezust; Kazutoshi Satoda; Marcelo Vanzin; Matthieu Casanova; Slava Pestov; Xuân Baldauf,Slava Pestov,6,23,1690,3998
3943,Slava Pestov,Slava Pestov,1,3,1659,2252
3944,Slava Pestov,Slava Pestov,1,1,1768,1768
3945,Slava Pestov,Slava Pestov,1,2,2100,2252
3946,Alan Ezust; Matthieu Casanova; Slava Pestov,Matthieu Casanova,3,12,1628,2615
3947,Slava Pestov,Slava Pestov,1,1,2127,2127
3948,Slava Pestov,Slava Pestov,1,2,1968,2127
3949,Dale Anson; Matthieu Casanova; Slava Pestov,Matthieu Casanova,3,6,1628,3837
3950,Slava Pestov,Slava Pestov,1,1,1628,1628
3951,Slava Pestov,Slava Pestov,1,6,1631,1714
3952,Slava Pestov,Slava Pestov,1,5,1631,1677
3953,Slava Pestov,Slava Pestov,1,2,1668,1833
3954,Slava Pestov,Slava Pestov,1,1,1633,1633
3956,Alan Ezust; Björn Kautler; Matthieu Casanova; Slava Pestov,Slava Pestov,4,24,1700,3622
3957,Slava Pestov,Slava Pestov,1,4,1700,1838
3958,Alan Ezust; Matthieu Casanova; Slava Pestov,Slava Pestov,3,4,1636,3331
3959,Slava Pestov,Slava Pestov,1,1,1636,1636
3960,Alan Ezust; Björn Kautler; Matthieu Casanova; Slava Pestov,Slava Pestov,4,12,1780,3440
3961,Alan Ezust; Björn Kautler; Matthieu Casanova; Slava Pestov,Matthieu Casanova,4,17,1636,3874
3962,Alan Ezust; Björn Kautler; Matthieu Casanova; Slava Pestov,Matthieu Casanova,4,26,1700,3875
3963,Alan Ezust; Björn Kautler; Matthieu Casanova; Slava Pestov,Matthieu Casanova,4,27,1700,3875
3964,Alan Ezust; Björn Kautler; Matthieu Casanova; Slava Pestov,Matthieu Casanova,4,17,1636,3874
3965,Alan Ezust; Daniel Hahler; Matthieu Casanova; Slava Pestov,Slava Pestov,4,13,1636,3501
3966,Alan Ezust; Slava Pestov,Slava Pestov,2,10,1636,2705
3967,Alan Ezust; Matthieu Casanova; Slava Pestov,Slava Pestov,3,10,1636,3501
3968,Alan Ezust; Björn Kautler; Matthieu Casanova; Slava Pestov,Slava Pestov,4,14,1819,3440
3969,Slava Pestov,Slava Pestov,1,1,1762,1762
3970,Slava Pestov,Slava Pestov,1,2,1762,1780
3971,Marcelo Vanzin,Marcelo Vanzin,1,1,2495,2495
3974,Marcelo Vanzin,Marcelo Vanzin,1,1,2495,2495
3976,Marcelo Vanzin,Marcelo Vanzin,1,1,2495,2495
3978,Slava Pestov,Slava Pestov,1,5,1636,1683
3979,Slava Pestov,Slava Pestov,1,3,1636,1655
3980,Slava Pestov,Slava Pestov,1,24,1637,2248
3981,Slava Pestov,Slava Pestov,1,2,1640,1644
3982,Slava Pestov,Slava Pestov,1,1,1637,1637
3983,Björn Kautler; Matthieu Casanova; Slava Pestov,Slava Pestov,3,4,1637,3025
3984,Slava Pestov,Slava Pestov,1,2,1637,1638
3985,Matthieu Casanova; Slava Pestov,Slava Pestov,2,15,1640,3571
3986,Slava Pestov,Slava Pestov,1,7,1640,1829
3987,Matthieu Casanova; Slava Pestov,Slava Pestov,2,12,1640,3571
3988,Alan Ezust; Slava Pestov,Slava Pestov,2,9,1640,3669
3989,Slava Pestov,Slava Pestov,1,8,1640,2230
3990,Slava Pestov,Slava Pestov,1,7,1640,1829
3991,Slava Pestov,Slava Pestov,1,5,1640,1703
3993,Slava Pestov,Slava Pestov,1,2,1640,1773
3994,Slava Pestov,Slava Pestov,1,2,1640,1773
3995,Slava Pestov,Slava Pestov,1,2,1640,1773
3996,Slava Pestov,Slava Pestov,1,2,1640,1773
3999,Slava Pestov,Slava Pestov,1,5,1640,1829
4000,Slava Pestov,Slava Pestov,1,4,1640,1829
4004,Slava Pestov,Slava Pestov,1,1,1641,1641
4005,Slava Pestov,Slava Pestov,1,3,1641,1677
4006,Slava Pestov,Slava Pestov,1,3,1645,1677
4007,Slava Pestov,Slava Pestov,1,7,1652,1696
4008,Slava Pestov,Slava Pestov,1,7,1652,1696
4009,Slava Pestov,Slava Pestov,1,9,1652,1765
4010,Slava Pestov,Slava Pestov,1,1,1683,1683
4011,Slava Pestov,Slava Pestov,1,7,1664,2182
4013,Alan Ezust; Marcelo Vanzin; Matthieu Casanova; Shlomy Reinstein; Slava Pestov,Matthieu Casanova,5,12,1660,3999
4014,Matthieu Casanova,Matthieu Casanova,1,1,2923,2923
4016,Slava Pestov,Slava Pestov,1,2,1664,1735
4017,Slava Pestov,Slava Pestov,1,2,1664,1676
4018,Kazutoshi Satoda; Slava Pestov,Slava Pestov,2,3,1664,3496
4019,Björn Kautler; Marcelo Vanzin; Slava Pestov,Slava Pestov,3,4,1685,2659
4020,Kazutoshi Satoda; Slava Pestov,Slava Pestov,2,3,1664,3496
4021,Matthieu Casanova; Slava Pestov,Slava Pestov,2,7,1668,3888
4022,Matthieu Casanova; Slava Pestov,Slava Pestov,2,8,1668,3587
4023,Matthieu Casanova; Slava Pestov,Slava Pestov,2,8,1668,3587
4024,Slava Pestov,Slava Pestov,1,1,1708,1708
4025,Slava Pestov,Slava Pestov,1,1,1678,1678
4026,Slava Pestov,Slava Pestov,1,4,1679,1716
4027,Slava Pestov,Slava Pestov,1,4,1679,1716
4028,Slava Pestov,Slava Pestov,1,24,1685,2248
4029,Slava Pestov,Slava Pestov,1,2,1683,1711
4030,Slava Pestov,Slava Pestov,1,11,1683,2248
4031,Slava Pestov,Slava Pestov,1,22,1683,2227
4032,Slava Pestov,Slava Pestov,1,9,1685,2110
4033,Alan Ezust; Matthieu Casanova; Slava Pestov,Slava Pestov,3,9,1685,3669
4034,Alan Ezust; Slava Pestov,Slava Pestov,2,4,1693,2705
4035,Slava Pestov,Slava Pestov,1,2,1693,1765
4036,Matthieu Casanova; Slava Pestov,Slava Pestov,2,4,1695,2922
4037,Slava Pestov,Slava Pestov,1,4,1696,2103
4038,Matthieu Casanova; Slava Pestov,Slava Pestov,2,4,1722,3512
4039,Slava Pestov,Slava Pestov,1,7,1716,2103
4041,Slava Pestov,Slava Pestov,1,6,1700,2050
4042,Slava Pestov,Slava Pestov,1,3,1714,1776
4043,Slava Pestov,Slava Pestov,1,4,1700,1776
4044,Matthieu Casanova; Slava Pestov,Slava Pestov,2,5,1700,3068
4045,Slava Pestov,Slava Pestov,1,1,1701,1701
4047,Slava Pestov,Slava Pestov,1,4,1703,2012
4048,Björn Kautler,Björn Kautler,1,1,3207,3207
4049,Slava Pestov,Slava Pestov,1,3,1703,2090
4050,Slava Pestov,Slava Pestov,1,3,1705,1724
4053,Slava Pestov,Slava Pestov,1,1,2016,2016
4054,Slava Pestov,Slava Pestov,1,11,1704,1791
4055,Slava Pestov,Slava Pestov,1,6,1714,1784
4056,Slava Pestov,Slava Pestov,1,2,1714,1716
4058,Slava Pestov,Slava Pestov,1,1,1708,1708
4060,Slava Pestov,Slava Pestov,1,4,1710,1843
4062,Alan Ezust; Kazutoshi Satoda; Matthieu Casanova; Shlomy Reinstein; Slava Pestov,Slava Pestov,5,25,1714,3989
4065,Marcelo Vanzin; Slava Pestov,Slava Pestov,2,2,1741,2495
4067,Slava Pestov,Slava Pestov,1,1,1722,1722
4070,Slava Pestov,Slava Pestov,1,1,1741,1741
4071,Marcelo Vanzin,Marcelo Vanzin,1,1,2495,2495
4072,Slava Pestov,Slava Pestov,1,2,1722,1735
4074,Slava Pestov,Slava Pestov,1,1,1743,1743
4076,Slava Pestov,Slava Pestov,1,1,1741,1741
4077,Slava Pestov,Slava Pestov,1,1,1743,1743
4078,Slava Pestov,Slava Pestov,1,1,1743,1743
4080,Slava Pestov,Slava Pestov,1,8,1717,2205
4081,Slava Pestov,Slava Pestov,1,7,1717,2205
4082,Slava Pestov,Slava Pestov,1,1,1722,1722
4084,Slava Pestov,Slava Pestov,1,8,1724,2043
4085,Alan Ezust; Matthieu Casanova; Slava Pestov,Slava Pestov,3,13,1724,3029
4086,Slava Pestov,Slava Pestov,1,7,1724,1747
4087,Slava Pestov,Slava Pestov,1,7,1724,1747
4088,Alan Ezust; Matthieu Casanova; Slava Pestov,Slava Pestov,3,13,1724,3029
4089,Alan Ezust; Björn Kautler; Matthieu Casanova; Slava Pestov,Slava Pestov,4,17,1724,3440
4091,Slava Pestov,Slava Pestov,1,1,1724,1724
4093,Alan Ezust; Marcelo Vanzin; Matthieu Casanova; Slava Pestov,Slava Pestov,4,10,1724,3029
4094,Slava Pestov,Slava Pestov,1,3,1724,1880
4095,Slava Pestov,Slava Pestov,1,3,1724,1880
4096,Alan Ezust; Slava Pestov,Slava Pestov,2,4,2081,2588
4097,Nicholas O'Leary; Slava Pestov,Slava Pestov,2,9,1768,2309
4099,Alan Ezust,Alan Ezust,1,1,2347,2347
4100,Slava Pestov,Slava Pestov,1,2,1735,1759
4102,Slava Pestov,Slava Pestov,1,1,1743,1743
4103,Slava Pestov,Slava Pestov,1,2,1736,1743
4104,Alan Ezust; Matthieu Casanova; Slava Pestov,Slava Pestov,3,8,1738,3029
4105,Alan Ezust; Slava Pestov,Slava Pestov,2,3,1739,2837
4106,Slava Pestov,Slava Pestov,1,2,1794,1880
4108,Alan Ezust; Slava Pestov,Slava Pestov,2,2,1794,3257
4109,Slava Pestov,Slava Pestov,1,1,2036,2036
4112,Alan Ezust; Björn Kautler; Matthieu Casanova; Slava Pestov,Slava Pestov,4,23,1746,3440
4113,Slava Pestov,Slava Pestov,1,2,1743,2111
4114,Alan Ezust; Slava Pestov,Slava Pestov,2,12,1741,2707
4115,Slava Pestov,Slava Pestov,1,2,1964,2101
4116,Alan Ezust; Björn Kautler; Matthieu Casanova; Slava Pestov,Matthieu Casanova,4,13,1838,3440
4117,Alan Ezust; Slava Pestov,Slava Pestov,2,10,1741,2707
4118,Slava Pestov,Slava Pestov,1,7,1741,1838
4119,Alan Ezust; Björn Kautler; Matthieu Casanova; Slava Pestov,Slava Pestov,4,19,1742,3440
4120,Alan Ezust; Björn Kautler; Matthieu Casanova; Slava Pestov,Slava Pestov,4,18,1742,3440
4121,Alan Ezust; Björn Kautler; Matthieu Casanova; Slava Pestov,Slava Pestov,4,14,1746,3440
4122,Alan Ezust; Björn Kautler; Matthieu Casanova; Slava Pestov,Slava Pestov,4,10,1746,3207
4123,Slava Pestov,Slava Pestov,1,1,1743,1743
4124,Alan Ezust; Björn Kautler; Matthieu Casanova; Slava Pestov,Slava Pestov,4,25,1742,3440
4125,Slava Pestov,Slava Pestov,1,2,1742,1743
4126,Slava Pestov,Slava Pestov,1,1,1742,1742
4129,Slava Pestov,Slava Pestov,1,1,1743,1743
4132,Matthieu Casanova; Slava Pestov,Matthieu Casanova,2,4,2043,3029
4133,Matthieu Casanova,Matthieu Casanova,1,1,3873,3873
4138,Kazutoshi Satoda; Matthieu Casanova; Xuân Baldauf,Xuân Baldauf,3,3,2448,3443
4142,Alan Ezust; Matthieu Casanova,Alan Ezust,2,2,2944,3390
4143,Slava Pestov,Slava Pestov,1,1,1819,1819
4157,Slava Pestov,Slava Pestov,1,1,1758,1758
4158,Slava Pestov,Slava Pestov,1,2,1758,1896
4159,Slava Pestov,Slava Pestov,1,1,1758,1758
4160,Slava Pestov,Slava Pestov,1,1,1758,1758
4161,Dale Anson; Slava Pestov,Slava Pestov,2,3,1758,3712
4162,Slava Pestov,Slava Pestov,1,1,1758,1758
4163,Slava Pestov,Slava Pestov,1,1,1758,1758
4164,Dale Anson; Matthieu Casanova,Matthieu Casanova,2,2,2603,3712
4166,Slava Pestov,Slava Pestov,1,1,1758,1758
4169,Dale Anson; Marcelo Vanzin; Matthieu Casanova; Slava Pestov,Slava Pestov,4,5,1898,3712
4170,Slava Pestov,Slava Pestov,1,1,1758,1758
4171,Slava Pestov,Slava Pestov,1,2,1758,1896
4172,Slava Pestov,Slava Pestov,1,1,1758,1758
4173,Alan Ezust; Björn Kautler; Matthieu Casanova; Slava Pestov,Slava Pestov,4,11,1762,3440
4174,Slava Pestov,Slava Pestov,1,1,1762,1762
4175,Slava Pestov,Slava Pestov,1,1,1762,1762
4176,Slava Pestov,Slava Pestov,1,1,1762,1762
4177,Slava Pestov,Slava Pestov,1,1,1762,1762
4178,Slava Pestov,Slava Pestov,1,2,1780,1812
4179,Björn Kautler; Matthieu Casanova; Slava Pestov,Slava Pestov,3,3,1812,3207
4180,Alan Ezust; Marcelo Vanzin; Matthieu Casanova; Slava Pestov,Slava Pestov,4,7,1959,3252
4181,Alan Ezust; Marcelo Vanzin; Matthieu Casanova; Slava Pestov,Slava Pestov,4,9,1763,3252
4182,Slava Pestov,Slava Pestov,1,1,2265,2265
4183,Slava Pestov,Slava Pestov,1,1,1765,1765
4184,Slava Pestov,Slava Pestov,1,1,1768,1768
4185,Slava Pestov,Slava Pestov,1,2,1768,1770
4186,Slava Pestov,Slava Pestov,1,1,1768,1768
4187,Alan Ezust; Marcelo Vanzin; Matthieu Casanova; Slava Pestov,Slava Pestov,4,13,1791,2901
4188,Slava Pestov,Slava Pestov,1,2,1780,1819
4189,Slava Pestov,Slava Pestov,1,3,1768,2252
4190,Kazutoshi Satoda; Slava Pestov,Slava Pestov,2,5,1768,3445
4191,Slava Pestov,Slava Pestov,1,4,1797,2109
4192,Slava Pestov,Slava Pestov,1,1,1768,1768
4194,Marcelo Vanzin,Marcelo Vanzin,1,1,2495,2495
4196,Marcelo Vanzin; Matthieu Casanova,Marcelo Vanzin,2,2,2495,2674
4197,Slava Pestov,Slava Pestov,1,1,1769,1769
4199,Marcelo Vanzin; Matthieu Casanova,Marcelo Vanzin,2,2,2495,2674
4200,Marcelo Vanzin; Matthieu Casanova,Marcelo Vanzin,2,2,2495,2674
4201,Marcelo Vanzin,Marcelo Vanzin,1,1,2495,2495
4202,Alan Ezust; Björn Kautler; Matthieu Casanova; Nicholas O'Leary; Slava Pestov,Alan Ezust,5,6,1770,3164
4203,Alan Ezust; Slava Pestov,Slava Pestov,2,7,1770,3313
4205,Dale Anson; Matthieu Casanova; Slava Pestov,Matthieu Casanova,3,7,1770,3837
4208,Alan Ezust; Matthieu Casanova,Alan Ezust,2,5,3062,3932
4209,Alan Ezust; Matthieu Casanova,Alan Ezust,2,5,3062,3932
4210,Slava Pestov,Slava Pestov,1,1,1774,1774
4211,Slava Pestov,Slava Pestov,1,5,1773,2253
4212,Slava Pestov,Slava Pestov,1,1,1773,1773
4213,Slava Pestov,Slava Pestov,1,2,1773,1774
4214,Slava Pestov,Slava Pestov,1,1,1773,1773
4215,Slava Pestov,Slava Pestov,1,1,1774,1774
4217,Slava Pestov,Slava Pestov,1,32,1790,2229
4219,Slava Pestov,Slava Pestov,1,1,1776,1776
4220,Slava Pestov,Slava Pestov,1,1,1776,1776
4221,Slava Pestov,Slava Pestov,1,2,1829,1944
4222,Alan Ezust; Marcelo Vanzin; Matthieu Casanova; Slava Pestov,Slava Pestov,4,42,1809,2756
4223,Alan Ezust; Björn Kautler; Kazutoshi Satoda; Marcelo Vanzin; Matthieu Casanova; Slava Pestov,Slava Pestov,6,34,1777,3883
4224,Slava Pestov,Slava Pestov,1,14,1778,2229
4225,Slava Pestov,Slava Pestov,1,8,1778,1862
4226,Slava Pestov,Slava Pestov,1,3,1778,1784
4227,Slava Pestov,Slava Pestov,1,2,1779,1819
4229,Slava Pestov,Slava Pestov,1,8,1780,2219
4230,Slava Pestov,Slava Pestov,1,3,1780,1819
4231,Alan Ezust; Matthieu Casanova; Slava Pestov; copy_paste,Slava Pestov,4,8,1781,3432
4232,Alan Ezust; Matthieu Casanova; Slava Pestov,Slava Pestov,3,11,1781,3669
4234,Matthieu Casanova; Slava Pestov,Slava Pestov,2,2,1783,2684
4235,Slava Pestov,Slava Pestov,1,14,1789,2229
4236,Slava Pestov,Slava Pestov,1,16,1789,2229
4237,Matthieu Casanova,Matthieu Casanova,1,1,2877,2877
4238,Alan Ezust; Björn Kautler; Marcelo Vanzin; Martin Raspe; Matthieu Casanova; Shlomy Reinstein; Slava Pestov,Alan Ezust,7,16,1800,3799
4239,Slava Pestov,Slava Pestov,1,26,1803,2174
4240,Slava Pestov,Slava Pestov,1,2,1862,2223
4241,Slava Pestov,Slava Pestov,1,1,2258,2258
4242,Slava Pestov,Slava Pestov,1,1,2258,2258
4243,Slava Pestov,Slava Pestov,1,1,1811,1811
4244,Slava Pestov,Slava Pestov,1,2,1985,2174
4245,Slava Pestov,Slava Pestov,1,1,1812,1812
4246,Slava Pestov,Slava Pestov,1,1,1812,1812
4247,Kazutoshi Satoda; Marcelo Vanzin; Slava Pestov,Slava Pestov,3,3,1816,3849
4248,Matthieu Casanova,Matthieu Casanova,1,1,3390,3390
4249,Alan Ezust; Slava Pestov; Xuân Baldauf,Slava Pestov,3,3,1817,2944
4250,Marcelo Vanzin; Slava Pestov,Slava Pestov,2,4,1817,2495
4252,Matthieu Casanova,Matthieu Casanova,1,1,2539,2539
4253,Matthieu Casanova; Xuân Baldauf,Xuân Baldauf,2,2,2448,2539
4254,Slava Pestov,Slava Pestov,1,1,1825,1825
4255,Alan Ezust; Björn Kautler; Marcelo Vanzin; Matthieu Casanova; Nicholas O'Leary; Slava Pestov,Alan Ezust,6,8,2109,3164
4256,Matthieu Casanova; Slava Pestov,Slava Pestov,2,2,1828,2539
4257,Alan Ezust,Alan Ezust,1,1,3258,3258
4258,Björn Kautler; Slava Pestov,Slava Pestov,2,5,1828,3108
4259,Slava Pestov,Slava Pestov,1,3,1828,1880
4260,Alan Ezust; Matthieu Casanova; Slava Pestov,Slava Pestov,3,11,1829,3669
4261,Slava Pestov,Slava Pestov,1,1,1831,1831
4262,Matthieu Casanova; Slava Pestov,Slava Pestov,2,2,1831,2797
4263,Kazutoshi Satoda; Marcelo Vanzin; Matthieu Casanova; Slava Pestov,Slava Pestov,4,6,1908,3458
4264,Marcelo Vanzin; Matthieu Casanova; Slava Pestov,Slava Pestov,3,6,1834,2791
4265,Slava Pestov,Slava Pestov,1,1,1838,1838
4266,Slava Pestov,Slava Pestov,1,2,1855,2067
4267,Slava Pestov,Slava Pestov,1,1,1838,1838
4268,Slava Pestov,Slava Pestov,1,1,1887,1887
4270,Alan Ezust; Marcelo Vanzin; Matthieu Casanova; Slava Pestov,Slava Pestov,4,9,1840,3164
4271,Alan Ezust; Björn Kautler; Marcelo Vanzin; Matthieu Casanova; Slava Pestov,Slava Pestov,5,14,1842,3895
4272,Alan Ezust; Björn Kautler; Dale Anson; Kazutoshi Satoda; Marcelo Vanzin; Matthieu Casanova; Slava Pestov,Matthieu Casanova,7,17,1842,3895
4274,Slava Pestov,Slava Pestov,1,2,1847,1989
4275,Dale Anson; Kazutoshi Satoda; Matthieu Casanova; Slava Pestov; Xuân Baldauf,Slava Pestov,5,16,1859,3715
4276,Slava Pestov,Slava Pestov,1,10,1856,2008
4277,Slava Pestov,Slava Pestov,1,4,1855,2192
4278,Slava Pestov,Slava Pestov,1,1,1882,1882
4280,Slava Pestov,Slava Pestov,1,1,2184,2184
4281,Slava Pestov,Slava Pestov,1,1,2085,2085
4282,Slava Pestov,Slava Pestov,1,1,1861,1861
4283,Slava Pestov,Slava Pestov,1,9,1861,1903
4284,Slava Pestov,Slava Pestov,1,1,2184,2184
4285,Slava Pestov,Slava Pestov,1,1,2184,2184
4286,Slava Pestov,Slava Pestov,1,1,2184,2184
4287,Slava Pestov,Slava Pestov,1,8,1861,1903
4288,Slava Pestov,Slava Pestov,1,1,1888,1888
4289,Slava Pestov,Slava Pestov,1,2,1862,1874
4290,Slava Pestov,Slava Pestov,1,7,1862,1887
4291,Slava Pestov,Slava Pestov,1,7,1862,1887
4292,Slava Pestov,Slava Pestov,1,2,1862,1867
4293,Slava Pestov,Slava Pestov,1,2,1862,1867
4294,Slava Pestov,Slava Pestov,1,13,1867,1935
4295,Slava Pestov,Slava Pestov,1,5,1879,1888
4296,Slava Pestov,Slava Pestov,1,6,1867,1888
4297,Slava Pestov,Slava Pestov,1,4,1867,1888
4298,Slava Pestov,Slava Pestov,1,3,1867,1888
4299,Slava Pestov,Slava Pestov,1,1,1887,1887
4300,Slava Pestov,Slava Pestov,1,1,1877,1877
4301,Slava Pestov,Slava Pestov,1,1,1877,1877
4302,Slava Pestov,Slava Pestov,1,1,1879,1879
4303,Slava Pestov,Slava Pestov,1,1,1879,1879
4304,Slava Pestov,Slava Pestov,1,3,1890,1903
4305,Slava Pestov,Slava Pestov,1,6,1890,1933
4306,Slava Pestov,Slava Pestov,1,3,1890,1931
4307,Slava Pestov,Slava Pestov,1,5,1890,1931
4308,Slava Pestov,Slava Pestov,1,3,1890,1931
4309,Slava Pestov,Slava Pestov,1,3,1890,1918
4310,Slava Pestov,Slava Pestov,1,1,1895,1895
4312,Slava Pestov,Slava Pestov,1,1,2010,2010
4313,Slava Pestov,Slava Pestov,1,2,1896,2010
4314,Slava Pestov,Slava Pestov,1,2,1896,2010
4315,Slava Pestov,Slava Pestov,1,1,1898,1898
4316,Slava Pestov,Slava Pestov,1,2,1896,2010
4317,Matthieu Casanova,Matthieu Casanova,1,1,2603,2603
4319,Slava Pestov,Slava Pestov,1,1,1896,1896
4321,Slava Pestov,Slava Pestov,1,1,1896,1896
4322,Slava Pestov,Slava Pestov,1,1,1896,1896
4324,Slava Pestov,Slava Pestov,1,1,1896,1896
4325,Dale Anson,Dale Anson,1,1,3712,3712
4331,Dale Anson; Slava Pestov,Slava Pestov,2,3,1896,3712
4332,Slava Pestov,Slava Pestov,1,1,1896,1896
4333,Slava Pestov,Slava Pestov,1,1,1896,1896
4334,Slava Pestov,Slava Pestov,1,1,1896,1896
4335,Slava Pestov,Slava Pestov,1,1,1896,1896
4336,Slava Pestov,Slava Pestov,1,1,1896,1896
4337,Slava Pestov,Slava Pestov,1,1,1896,1896
4338,Slava Pestov,Slava Pestov,1,1,1896,1896
4339,Slava Pestov,Slava Pestov,1,1,1896,1896
4340,Slava Pestov,Slava Pestov,1,2,1896,2010
4341,Slava Pestov,Slava Pestov,1,1,1896,1896
4342,Slava Pestov,Slava Pestov,1,1,1896,1896
4343,Slava Pestov,Slava Pestov,1,1,1896,1896
4344,Slava Pestov,Slava Pestov,1,2,1896,2010
4345,Slava Pestov,Slava Pestov,1,2,1896,2010
4346,Slava Pestov,Slava Pestov,1,2,1896,2010
4347,Slava Pestov,Slava Pestov,1,1,1896,1896
4349,Slava Pestov,Slava Pestov,1,2,1896,2010
4350,Slava Pestov,Slava Pestov,1,2,1896,2010
4351,Slava Pestov,Slava Pestov,1,2,1896,2010
4352,Slava Pestov,Slava Pestov,1,2,1896,2010
4353,Slava Pestov,Slava Pestov,1,2,1896,2010
4354,Slava Pestov,Slava Pestov,1,2,1896,2010
4355,Slava Pestov,Slava Pestov,1,2,1896,2010
4356,Slava Pestov,Slava Pestov,1,2,1896,2010
4357,Slava Pestov,Slava Pestov,1,2,1896,2010
4358,Slava Pestov,Slava Pestov,1,2,1896,2010
4359,Slava Pestov,Slava Pestov,1,1,1896,1896
4360,Slava Pestov,Slava Pestov,1,1,1896,1896
4361,Slava Pestov,Slava Pestov,1,1,1896,1896
4362,Slava Pestov,Slava Pestov,1,1,1896,1896
4363,Slava Pestov,Slava Pestov,1,1,1896,1896
4364,Slava Pestov,Slava Pestov,1,1,1896,1896
4365,Slava Pestov,Slava Pestov,1,1,1896,1896
4366,Slava Pestov,Slava Pestov,1,1,1896,1896
4367,Slava Pestov,Slava Pestov,1,1,1896,1896
4368,Slava Pestov,Slava Pestov,1,1,1896,1896
4369,Slava Pestov,Slava Pestov,1,1,1896,1896
4370,Matthieu Casanova; Slava Pestov,Slava Pestov,2,2,2010,2603
4371,Matthieu Casanova,Matthieu Casanova,1,1,2603,2603
4372,Slava Pestov,Slava Pestov,1,1,1896,1896
4373,Slava Pestov,Slava Pestov,1,1,1896,1896
4374,Slava Pestov,Slava Pestov,1,1,1896,1896
4376,Slava Pestov,Slava Pestov,1,1,1905,1905
4377,Slava Pestov,Slava Pestov,1,3,1908,2223
4378,Slava Pestov,Slava Pestov,1,4,1905,2223
4379,Slava Pestov,Slava Pestov,1,3,1905,2252
4380,Marcelo Vanzin; Slava Pestov,Slava Pestov,2,7,1905,2620
4381,Matthieu Casanova; Slava Pestov,Slava Pestov,2,3,1914,3792
4383,Slava Pestov,Slava Pestov,1,20,1923,2174
4384,Slava Pestov,Slava Pestov,1,1,1929,1929
4385,Slava Pestov,Slava Pestov,1,1,1931,1931
4386,Slava Pestov,Slava Pestov,1,1,1931,1931
4387,Slava Pestov,Slava Pestov,1,1,1932,1932
4388,Slava Pestov,Slava Pestov,1,2,1932,1944
4389,Matthieu Casanova; Slava Pestov,Matthieu Casanova,2,6,1936,3957
4390,Matthieu Casanova; Slava Pestov,Matthieu Casanova,2,6,1936,3957
4391,Slava Pestov; copy_paste,Slava Pestov,2,3,1942,2297
4392,Slava Pestov,Slava Pestov,1,2,1937,1969
4396,Matthieu Casanova; Slava Pestov,Slava Pestov,2,2,1940,2723
4397,Matthieu Casanova; Slava Pestov,Slava Pestov,2,2,1940,2723
4398,Kazutoshi Satoda; Slava Pestov,Slava Pestov,2,2,1949,3168
4399,Slava Pestov,Slava Pestov,1,2,1949,1955
4400,Slava Pestov,Slava Pestov,1,1,1949,1949
4401,Marcelo Vanzin; Matthieu Casanova,Marcelo Vanzin,2,4,2495,3162
4402,Slava Pestov,Slava Pestov,1,2,1952,2050
4403,Slava Pestov,Slava Pestov,1,4,1956,1979
4404,Alan Ezust; Björn Kautler; Kazutoshi Satoda; Marcelo Vanzin; Matthieu Casanova; Slava Pestov,Matthieu Casanova,6,32,1957,3883
4405,Alan Ezust; Matthieu Casanova,Matthieu Casanova,2,2,3732,3781
4406,Slava Pestov,Slava Pestov,1,1,1958,1958
4407,Kazutoshi Satoda; Matthieu Casanova; Nicholas O'Leary,Kazutoshi Satoda,3,4,2641,3744
4408,Alan Ezust; Matthieu Casanova; Shlomy Reinstein; Slava Pestov,Shlomy Reinstein,4,6,1959,3999
4409,Alan Ezust; Björn Kautler; Kazutoshi Satoda; Matthieu Casanova; Slava Pestov; Xuân Baldauf,Slava Pestov,6,11,1962,3890
4410,Slava Pestov,Slava Pestov,1,2,1963,2230
4411,Slava Pestov,Slava Pestov,1,2,1963,2230
4412,Slava Pestov,Slava Pestov,1,2,1966,2067
4413,Slava Pestov,Slava Pestov,1,1,1966,1966
4415,Slava Pestov,Slava Pestov,1,1,1969,1969
4416,Slava Pestov,Slava Pestov,1,2,1975,1976
4417,Slava Pestov,Slava Pestov,1,1,1981,1981
4418,Marcelo Vanzin; Slava Pestov,Slava Pestov,2,4,1989,2323
4419,Kris Kopicki; Marcelo Vanzin,Marcelo Vanzin,2,3,1984,3162
4420,Slava Pestov,Slava Pestov,1,1,1985,1985
4421,Slava Pestov,Slava Pestov,1,1,1985,1985
4423,Slava Pestov,Slava Pestov,1,1,1989,1989
4424,Slava Pestov,Slava Pestov,1,1,2000,2000
4425,Slava Pestov,Slava Pestov,1,1,2000,2000
4426,Alan Ezust; Slava Pestov,Slava Pestov,2,2,2000,2408
4427,Alan Ezust; Slava Pestov,Slava Pestov,2,2,2000,2408
4428,Slava Pestov,Slava Pestov,1,2,2004,2016
4429,Slava Pestov,Slava Pestov,1,1,2010,2010
4430,Dale Anson; Matthieu Casanova,Matthieu Casanova,2,2,2603,3712
4432,Matthieu Casanova; Slava Pestov,Slava Pestov,2,2,2010,2603
4436,Slava Pestov,Slava Pestov,1,1,2010,2010
4438,Slava Pestov,Slava Pestov,1,1,2010,2010
4439,Slava Pestov,Slava Pestov,1,1,2010,2010
4441,Matthieu Casanova; Slava Pestov,Slava Pestov,2,2,2038,2603
4442,Slava Pestov,Slava Pestov,1,1,2038,2038
4443,Slava Pestov,Slava Pestov,1,1,2038,2038
4445,Matthieu Casanova,Matthieu Casanova,1,1,2603,2603
4446,Matthieu Casanova,Matthieu Casanova,1,1,2603,2603
4448,Slava Pestov,Slava Pestov,1,1,2038,2038
4449,Matthieu Casanova; Slava Pestov,Slava Pestov,2,2,2010,2603
4450,Dale Anson; Slava Pestov,Slava Pestov,2,2,2010,3712
4451,Matthieu Casanova,Matthieu Casanova,1,1,2603,2603
4453,Slava Pestov,Slava Pestov,1,1,2010,2010
4454,Slava Pestov,Slava Pestov,1,1,2010,2010
4455,Slava Pestov,Slava Pestov,1,1,2010,2010
4456,Slava Pestov,Slava Pestov,1,1,2010,2010
4457,Slava Pestov,Slava Pestov,1,1,2010,2010
4458,Slava Pestov,Slava Pestov,1,1,2010,2010
4459,Slava Pestov,Slava Pestov,1,1,2010,2010
4460,Matthieu Casanova; Slava Pestov,Slava Pestov,2,2,2010,2603
4515,Slava Pestov,Slava Pestov,1,1,2016,2016
4516,Slava Pestov,Slava Pestov,1,1,2025,2025
4517,Slava Pestov,Slava Pestov,1,1,2118,2118
4518,Slava Pestov,Slava Pestov,1,1,2025,2025
4519,Matthieu Casanova; Slava Pestov,Slava Pestov,2,2,2031,3373
4520,Alan Ezust; Kazutoshi Satoda; Matthieu Casanova; Slava Pestov; copy_paste,Slava Pestov,5,8,2121,3436
4521,Alan Ezust; Kazutoshi Satoda; Marcelo Vanzin; Matthieu Casanova; Shlomy Reinstein; Slava Pestov,Matthieu Casanova,6,37,2039,3999
4522,Slava Pestov,Slava Pestov,1,1,2080,2080
4523,Slava Pestov,Slava Pestov,1,1,2108,2108
4525,Slava Pestov,Slava Pestov,1,1,2232,2232
4526,Alan Ezust; Kazutoshi Satoda; Matthieu Casanova; Shlomy Reinstein; Slava Pestov,Shlomy Reinstein,5,22,2062,3989
4527,Alan Ezust; Kazutoshi Satoda; Matthieu Casanova; Shlomy Reinstein; Slava Pestov,Alan Ezust,5,12,2062,3985
4528,Alan Ezust; Kazutoshi Satoda; Matthieu Casanova; Shlomy Reinstein; Slava Pestov,Alan Ezust,5,12,2062,3980
4531,Slava Pestov,Slava Pestov,1,1,2072,2072
4532,Slava Pestov,Slava Pestov,1,1,2072,2072
4533,Slava Pestov,Slava Pestov,1,1,2082,2082
4534,Kazutoshi Satoda; Marcelo Vanzin; Martin Raspe; Matthieu Casanova; Shlomy Reinstein; Slava Pestov,Shlomy Reinstein,6,18,2252,3999
4535,Alan Ezust; Slava Pestov,Slava Pestov,2,2,2109,2403
4536,Slava Pestov,Slava Pestov,1,1,2109,2109
4537,Matthieu Casanova; Slava Pestov,Slava Pestov,2,2,2109,2901
4538,Alan Ezust; Matthieu Casanova; Slava Pestov,Slava Pestov,3,3,2109,3636
4539,Alan Ezust; Matthieu Casanova; Slava Pestov,Slava Pestov,3,3,2122,2980
4540,Slava Pestov,Slava Pestov,1,10,2170,2229
4541,Slava Pestov,Slava Pestov,1,6,2137,2229
4542,Matthieu Casanova,Matthieu Casanova,1,1,2732,2732
4563,Alan Ezust; Matthieu Casanova; Nicholas O'Leary,Matthieu Casanova,3,4,2294,3370
4569,Slava Pestov,Slava Pestov,1,2,2195,2206
4570,Slava Pestov,Slava Pestov,1,2,2195,2206
4571,Slava Pestov,Slava Pestov,1,1,2195,2195
4572,Slava Pestov,Slava Pestov,1,1,2195,2195
4573,Matthieu Casanova,Matthieu Casanova,1,1,2511,2511
4576,Slava Pestov,Slava Pestov,1,1,2184,2184
4577,Matthieu Casanova; Slava Pestov,Slava Pestov,2,2,2227,2511
4578,Matthieu Casanova,Matthieu Casanova,1,1,2511,2511
4581,Matthieu Casanova; Slava Pestov,Slava Pestov,2,2,2227,2511
4582,Slava Pestov,Slava Pestov,1,7,2188,2229
4583,Slava Pestov,Slava Pestov,1,1,2285,2285
4584,Matthieu Casanova,Matthieu Casanova,1,1,3075,3075
4585,Slava Pestov,Slava Pestov,1,4,2201,2223
4586,Slava Pestov,Slava Pestov,1,2,2205,2223
4587,Alan Ezust; Marcelo Vanzin; Matthieu Casanova; Slava Pestov,Marcelo Vanzin,4,5,2236,3324
4588,Slava Pestov,Slava Pestov,1,1,2210,2210
4589,Matthieu Casanova; copy_paste,copy_paste,2,2,2284,3233
4590,Xuân Baldauf,Xuân Baldauf,1,2,2461,2534
4591,Slava Pestov,Slava Pestov,1,1,2236,2236
4592,Matthieu Casanova; Slava Pestov,Slava Pestov,2,2,2227,2511
4593,Matthieu Casanova,Matthieu Casanova,1,1,3074,3074
4594,Matthieu Casanova,Matthieu Casanova,1,1,3074,3074
4606,Alan Ezust; Marcelo Vanzin,Alan Ezust,2,3,2495,2727
4608,Alan Ezust; Marcelo Vanzin,Alan Ezust,2,3,2495,3362
4614,Alan Ezust; Marcelo Vanzin; Matthieu Casanova,Alan Ezust,3,4,2495,3539
4615,Alan Ezust; Marcelo Vanzin,Alan Ezust,2,3,2495,3362
4617,Marcelo Vanzin,Marcelo Vanzin,1,1,2495,2495
4618,Shlomy Reinstein,Shlomy Reinstein,1,3,3991,3999
4624,Alan Ezust; Marcelo Vanzin; Matthieu Casanova,Matthieu Casanova,3,3,2289,2703
4625,Matthieu Casanova; Slava Pestov,Slava Pestov,2,2,2270,2980
4626,Matthieu Casanova; Slava Pestov,Matthieu Casanova,2,2,2318,2321
4630,Martin Raspe; Matthieu Casanova; Slava Pestov,Matthieu Casanova,3,5,2318,3024
4631,Kazutoshi Satoda; Matthieu Casanova,Matthieu Casanova,2,2,2538,3181
4632,Kazutoshi Satoda; Martin Raspe; Matthieu Casanova; Slava Pestov,Matthieu Casanova,4,4,2318,3181
4633,Kazutoshi Satoda,Kazutoshi Satoda,1,2,3181,3225
4634,Alan Ezust; Kazutoshi Satoda,Alan Ezust,2,2,2906,3181
4635,Kazutoshi Satoda; Matthieu Casanova,Kazutoshi Satoda,2,3,2501,3225
4636,Alan Ezust; Matthieu Casanova,Matthieu Casanova,2,2,2501,2906
4637,Matthieu Casanova,Matthieu Casanova,1,1,2501,2501
4638,Kazutoshi Satoda,Kazutoshi Satoda,1,2,3181,3225
4639,Kazutoshi Satoda,Kazutoshi Satoda,1,1,3181,3181
4640,Kazutoshi Satoda; Matthieu Casanova; Slava Pestov,Matthieu Casanova,3,4,2318,3181
4643,Alan Ezust; Marcelo Vanzin; Slava Pestov,Slava Pestov,3,3,2243,2495
4644,Alan Ezust; Björn Kautler; Marcelo Vanzin; Matthieu Casanova; Slava Pestov,Marcelo Vanzin,5,8,2249,3164
4645,Alan Ezust; Björn Kautler; Marcelo Vanzin; Matthieu Casanova,Alan Ezust,4,8,2379,3164
4646,Alan Ezust; Marcelo Vanzin; Matthieu Casanova,Matthieu Casanova,3,4,2537,3164
4647,Alan Ezust; Matthieu Casanova,Matthieu Casanova,2,3,2537,3164
4648,Slava Pestov,Slava Pestov,1,1,2253,2253
4649,Alan Ezust; Dale Anson; Matthieu Casanova; Slava Pestov,Matthieu Casanova,4,18,2266,3951
4650,Alan Ezust; Dale Anson; Matthieu Casanova,Matthieu Casanova,3,17,2604,3951
4651,Matthieu Casanova; Slava Pestov,Slava Pestov,2,2,2255,2511
4652,Matthieu Casanova; Shlomy Reinstein; Slava Pestov,Matthieu Casanova,3,4,2256,3528
4653,Matthieu Casanova; Slava Pestov,Slava Pestov,2,2,2266,2511
4654,Martin Raspe; Slava Pestov,Martin Raspe,2,3,2270,2819
4655,Slava Pestov,Slava Pestov,1,1,2270,2270
4656,Alan Ezust; Marcelo Vanzin; Matthieu Casanova,Marcelo Vanzin,3,5,2703,3906
4657,Alan Ezust; Björn Kautler; Marcelo Vanzin; Matthieu Casanova; Slava Pestov,Matthieu Casanova,5,11,2285,3681
4658,Alan Ezust; Björn Kautler; Marcelo Vanzin; Matthieu Casanova; Slava Pestov,Matthieu Casanova,5,15,2285,3681
4660,Alan Ezust; Björn Kautler; Marcelo Vanzin; Matthieu Casanova; Slava Pestov,Marcelo Vanzin,5,11,2285,3681
4661,Matthieu Casanova,Matthieu Casanova,1,1,3081,3081
4662,Alan Ezust; Björn Kautler; Marcelo Vanzin; Matthieu Casanova; Slava Pestov,Matthieu Casanova,5,15,2285,3741
4663,Alan Ezust; Björn Kautler; Daniel Hahler; Marcelo Vanzin; Matthieu Casanova; Slava Pestov,Matthieu Casanova,6,13,2285,3741
4664,Alan Ezust; Björn Kautler; Daniel Hahler; Marcelo Vanzin; Matthieu Casanova; Slava Pestov,Matthieu Casanova,6,12,2285,3741
4665,Alan Ezust; Björn Kautler; Marcelo Vanzin; Matthieu Casanova; Slava Pestov,Matthieu Casanova,5,10,2285,3741
4666,Alan Ezust; Björn Kautler; Daniel Hahler; Marcelo Vanzin; Matthieu Casanova; Slava Pestov,Matthieu Casanova,6,15,2285,3741
4667,Alan Ezust; Björn Kautler; Marcelo Vanzin; Matthieu Casanova,Matthieu Casanova,4,12,2626,3681
4668,Alan Ezust; Marcelo Vanzin; Matthieu Casanova,Marcelo Vanzin,3,9,2537,3681
4669,Alan Ezust; Marcelo Vanzin; Matthieu Casanova,Matthieu Casanova,3,6,2810,3164
4670,Alan Ezust; Marcelo Vanzin; Matthieu Casanova,Matthieu Casanova,3,6,2810,3164
4671,Alan Ezust; Björn Kautler; Marcelo Vanzin; Matthieu Casanova,Matthieu Casanova,4,6,2810,3681
4672,Alan Ezust; Björn Kautler; Marcelo Vanzin; Matthieu Casanova,Marcelo Vanzin,4,6,2810,3681
4673,Alan Ezust; Björn Kautler; Marcelo Vanzin; Matthieu Casanova,Marcelo Vanzin,4,8,2810,3681
4674,Alan Ezust; Marcelo Vanzin; Matthieu Casanova,Marcelo Vanzin,3,7,2810,3681
4675,Alan Ezust; Björn Kautler; Marcelo Vanzin; Matthieu Casanova; Slava Pestov,Marcelo Vanzin,5,13,2285,3681
4676,Alan Ezust; Björn Kautler; Marcelo Vanzin; Matthieu Casanova,Marcelo Vanzin,4,10,2810,3681
4677,Alan Ezust; Marcelo Vanzin; Matthieu Casanova,Alan Ezust,3,5,3148,3164
4678,Marcelo Vanzin; Matthieu Casanova,Marcelo Vanzin,2,3,2810,3162
4679,Marcelo Vanzin; Matthieu Casanova,Matthieu Casanova,2,4,2626,3162
4680,Alan Ezust; Björn Kautler; Marcelo Vanzin; Matthieu Casanova,Marcelo Vanzin,4,7,2626,3162
4681,Alan Ezust; Björn Kautler; Marcelo Vanzin; Matthieu Casanova,Matthieu Casanova,4,8,2537,3681
4682,Alan Ezust; Marcelo Vanzin; Matthieu Casanova,Marcelo Vanzin,3,8,2537,3681
4683,Alan Ezust; Björn Kautler; Marcelo Vanzin; Matthieu Casanova,Matthieu Casanova,4,13,2626,3681
4684,Alan Ezust; Marcelo Vanzin; Matthieu Casanova,Matthieu Casanova,3,12,2626,3681
4686,Alan Ezust; Björn Kautler; Marcelo Vanzin; Matthieu Casanova,Matthieu Casanova,4,8,2810,3470
4687,Alan Ezust; Björn Kautler; Marcelo Vanzin; Matthieu Casanova; Slava Pestov,Marcelo Vanzin,5,10,2285,3681
4688,Alan Ezust; Björn Kautler; Marcelo Vanzin; Matthieu Casanova; Slava Pestov,Marcelo Vanzin,5,13,2285,3681
4689,Alan Ezust; Björn Kautler; Marcelo Vanzin; Matthieu Casanova; Slava Pestov,Marcelo Vanzin,5,12,2285,3681
4690,Alan Ezust; Björn Kautler; Marcelo Vanzin; Matthieu Casanova; Slava Pestov,Matthieu Casanova,5,13,2285,3681
4691,Alan Ezust; Björn Kautler; Marcelo Vanzin; Matthieu Casanova; Slava Pestov,Marcelo Vanzin,5,13,2285,3681
4692,Alan Ezust; Marcelo Vanzin; Matthieu Casanova; Slava Pestov,Matthieu Casanova,4,13,2285,3681
4693,Alan Ezust; Björn Kautler; Marcelo Vanzin; Matthieu Casanova; Slava Pestov,Matthieu Casanova,5,14,2285,3681
4694,Alan Ezust; Björn Kautler; Marcelo Vanzin; Matthieu Casanova; Slava Pestov,Marcelo Vanzin,5,13,2285,3681
4695,Matthieu Casanova,Matthieu Casanova,1,1,3066,3066
4696,Alan Ezust; Matthieu Casanova,Matthieu Casanova,2,4,3066,3380
4697,Matthieu Casanova,Matthieu Casanova,1,3,3081,3380
4698,copy_paste,copy_paste,1,1,2297,2297
4699,Alan Ezust; Dale Anson; Matthieu Casanova; Slava Pestov,Matthieu Casanova,4,5,2285,3810
4700,Alan Ezust; Dale Anson; Matthieu Casanova; Slava Pestov,Matthieu Casanova,4,5,2285,3810
4701,Nicholas O'Leary,Nicholas O'Leary,1,1,2303,2303
4704,Alan Ezust; Björn Kautler; Marcelo Vanzin; Matthieu Casanova; Nicholas O'Leary,Marcelo Vanzin,5,6,2307,3164
4705,Alan Ezust; Marcelo Vanzin; Nicholas O'Leary,Alan Ezust,3,5,2306,3162
4706,Alan Ezust; Marcelo Vanzin; Nicholas O'Leary,Marcelo Vanzin,3,4,2306,3162
4707,Alan Ezust; Björn Kautler; Marcelo Vanzin; Matthieu Casanova; Nicholas O'Leary,Marcelo Vanzin,5,6,2307,3164
4708,Alan Ezust; Björn Kautler; Marcelo Vanzin; Matthieu Casanova; Nicholas O'Leary,Marcelo Vanzin,5,6,2308,3164
4709,Alan Ezust; Marcelo Vanzin; Matthieu Casanova,Marcelo Vanzin,3,7,2323,3162
4710,Marcelo Vanzin; Matthieu Casanova,Marcelo Vanzin,2,2,2323,2472
4711,Marcelo Vanzin,Marcelo Vanzin,1,1,2323,2323
4739,Alan Ezust,Alan Ezust,1,1,2727,2727
4740,Alan Ezust,Alan Ezust,1,1,2727,2727
4761,Matthieu Casanova,Matthieu Casanova,1,1,3430,3430
4762,Alan Ezust,Alan Ezust,1,1,2802,2802
4763,Alan Ezust; Matthieu Casanova,Matthieu Casanova,2,7,2478,3792
4769,Kazutoshi Satoda,Kazutoshi Satoda,1,1,3740,3740
4770,Marcelo Vanzin,Marcelo Vanzin,1,1,2495,2495
4771,Björn Kautler; Marcelo Vanzin; Matthieu Casanova,Matthieu Casanova,3,5,2497,2615
4772,Björn Kautler; Daniel Hahler; Marcelo Vanzin; Matthieu Casanova,Björn Kautler,4,5,2495,3330
4774,Marcelo Vanzin,Marcelo Vanzin,1,1,2495,2495
4775,Marcelo Vanzin; Matthieu Casanova,Matthieu Casanova,2,3,2495,3560
4778,Marcelo Vanzin,Marcelo Vanzin,1,1,2495,2495
4779,Marcelo Vanzin,Marcelo Vanzin,1,1,2495,2495
4780,Marcelo Vanzin,Marcelo Vanzin,1,2,2495,2620
4781,Kazutoshi Satoda; Marcelo Vanzin; Matthieu Casanova,Marcelo Vanzin,3,5,2495,3460
4782,Marcelo Vanzin,Marcelo Vanzin,1,1,2495,2495
4784,Marcelo Vanzin; Martin Raspe; Matthieu Casanova; Shlomy Reinstein,Shlomy Reinstein,4,11,2495,3999
4785,Marcelo Vanzin,Marcelo Vanzin,1,1,2495,2495
4786,Björn Kautler; Daniel Hahler; Marcelo Vanzin,Marcelo Vanzin,3,6,2495,3330
4787,Björn Kautler; Marcelo Vanzin; Matthieu Casanova,Matthieu Casanova,3,5,2497,2615
4788,Matthieu Casanova,Matthieu Casanova,1,2,3026,3597
4789,Matthieu Casanova,Matthieu Casanova,1,3,2539,3026
4790,Kazutoshi Satoda; Matthieu Casanova,Matthieu Casanova,2,3,3026,3597
4791,Alan Ezust; Björn Kautler; Marcelo Vanzin; Matthieu Casanova,Marcelo Vanzin,4,6,2618,3853
4792,Alan Ezust; Marcelo Vanzin; Matthieu Casanova,Marcelo Vanzin,3,4,2618,3853
4793,Alan Ezust; Marcelo Vanzin,Marcelo Vanzin,2,3,2618,3681
4795,Alan Ezust; Matthieu Casanova,Alan Ezust,2,2,2570,3430
4796,Björn Kautler,Björn Kautler,1,1,3414,3414
4797,Björn Kautler,Björn Kautler,1,1,3414,3414
4812,Björn Kautler,Björn Kautler,1,1,3414,3414
4813,Björn Kautler,Björn Kautler,1,1,3414,3414
4816,Björn Kautler,Björn Kautler,1,1,3414,3414
4835,Alan Ezust; Björn Kautler; Kazutoshi Satoda; Marcelo Vanzin; Matthieu Casanova,Alan Ezust,5,19,2591,3895
4837,Alan Ezust; Björn Kautler; Marcelo Vanzin; Matthieu Casanova,Björn Kautler,4,8,2730,3565
4838,Alan Ezust; Björn Kautler,Alan Ezust,2,3,2591,2727
4839,Alan Ezust,Alan Ezust,1,1,2728,2728
4841,Dale Anson,Dale Anson,1,1,3712,3712
4843,Dale Anson; Matthieu Casanova,Matthieu Casanova,2,2,2603,3712
4847,Matthieu Casanova,Matthieu Casanova,1,1,2603,2603
4854,Matthieu Casanova,Matthieu Casanova,1,1,2603,2603
4855,Matthieu Casanova,Matthieu Casanova,1,1,2603,2603
4859,Matthieu Casanova,Matthieu Casanova,1,1,2603,2603
4861,Dale Anson; Marcelo Vanzin,Marcelo Vanzin,2,2,2704,3712
4988,Alan Ezust; Matthieu Casanova,Matthieu Casanova,2,3,2614,3390
4990,Alan Ezust; Matthieu Casanova,Matthieu Casanova,2,3,2614,3390
4991,Alan Ezust; Björn Kautler; Marcelo Vanzin; Matthieu Casanova,Marcelo Vanzin,4,6,3125,3681
4992,Alan Ezust; Björn Kautler; Marcelo Vanzin; Matthieu Casanova,Marcelo Vanzin,4,8,3125,3853
4993,Marcelo Vanzin,Marcelo Vanzin,1,1,2618,2618
4995,Matthieu Casanova,Matthieu Casanova,1,1,3737,3737
4996,Kazutoshi Satoda,Kazutoshi Satoda,1,1,3452,3452
4997,Alan Ezust; Björn Kautler; Marcelo Vanzin; Matthieu Casanova,Matthieu Casanova,4,12,2626,3681
4998,Alan Ezust; Björn Kautler; Marcelo Vanzin; Matthieu Casanova,Matthieu Casanova,4,13,2626,3681
4999,Alan Ezust; Björn Kautler; Marcelo Vanzin; Matthieu Casanova,Marcelo Vanzin,4,11,2810,3681
5000,Matthieu Casanova; Shlomy Reinstein,Matthieu Casanova,2,7,2932,3792
5001,Marcelo Vanzin,Marcelo Vanzin,1,1,3252,3252
5002,Alan Ezust; Björn Kautler; Martin Raspe; Matthieu Casanova; Shlomy Reinstein,Matthieu Casanova,5,8,2834,3787
5006,Dale Anson; Marcelo Vanzin,Marcelo Vanzin,2,2,2704,3712
5008,Alan Ezust; Björn Kautler,Alan Ezust,2,2,2705,2753
5009,Alan Ezust,Alan Ezust,1,1,2705,2705
5010,Alan Ezust,Alan Ezust,1,1,2705,2705
5011,Alan Ezust; Björn Kautler; Matthieu Casanova,Matthieu Casanova,3,4,2730,3439
5012,Alan Ezust; Björn Kautler; Matthieu Casanova,Alan Ezust,3,4,2730,3439
5013,Björn Kautler; Matthieu Casanova,Matthieu Casanova,2,4,2931,3544
5014,Alan Ezust; Björn Kautler; Daniel Hahler; Matthieu Casanova,Matthieu Casanova,4,8,2887,3501
5015,Alan Ezust; Björn Kautler,Alan Ezust,2,3,2733,3263
5016,Björn Kautler; Matthieu Casanova,Björn Kautler,2,2,2733,2994
5017,Björn Kautler; Matthieu Casanova,Björn Kautler,2,2,2733,3041
5018,Björn Kautler; Matthieu Casanova,Matthieu Casanova,2,3,2733,2925
5019,Alan Ezust; Björn Kautler; Matthieu Casanova,Matthieu Casanova,3,4,2733,3440
5020,Matthieu Casanova,Matthieu Casanova,1,4,3353,3501
5021,Matthieu Casanova,Matthieu Casanova,1,2,2931,3041
5023,Alan Ezust; Matthieu Casanova,Matthieu Casanova,2,11,2925,3874
5024,Matthieu Casanova,Matthieu Casanova,1,1,2755,2755
5025,Alan Ezust; Björn Kautler; Matthieu Casanova,Matthieu Casanova,3,15,2931,3875
5026,Matthieu Casanova,Matthieu Casanova,1,1,2765,2765
5028,Martin Raspe; Matthieu Casanova,Martin Raspe,2,2,2781,3110
5030,Alan Ezust; Marcelo Vanzin; Matthieu Casanova; Xuân Baldauf,Matthieu Casanova,4,12,2778,3512
5031,Alan Ezust; Marcelo Vanzin; Matthieu Casanova,Marcelo Vanzin,3,6,2807,3237
5033,Kazutoshi Satoda,Kazutoshi Satoda,1,1,3458,3458
5035,Martin Raspe,Martin Raspe,1,1,2819,2819
5036,Matthieu Casanova,Matthieu Casanova,1,3,2807,3512
5037,Matthieu Casanova,Matthieu Casanova,1,3,2807,3512
5038,Matthieu Casanova,Matthieu Casanova,1,5,2951,3563
5040,Alan Ezust; Björn Kautler; Kazutoshi Satoda; Marcelo Vanzin; Matthieu Casanova; Shlomy Reinstein,Matthieu Casanova,6,29,2811,3999
5041,Alan Ezust; Björn Kautler; Kazutoshi Satoda; Marcelo Vanzin; Matthieu Casanova; Shlomy Reinstein,Matthieu Casanova,6,28,2811,3999
5042,Alan Ezust; Björn Kautler; Kazutoshi Satoda; Marcelo Vanzin; Matthieu Casanova; Shlomy Reinstein,Matthieu Casanova,6,29,2811,3999
5043,Björn Kautler; Matthieu Casanova,Matthieu Casanova,2,9,2811,3563
5044,Alan Ezust; Björn Kautler; Matthieu Casanova,Matthieu Casanova,3,9,2811,3563
5045,Björn Kautler; Marcelo Vanzin; Matthieu Casanova,Matthieu Casanova,3,11,2811,3942
5046,Alan Ezust; Björn Kautler; Matthieu Casanova,Matthieu Casanova,3,10,2811,3563
5047,Björn Kautler; Marcelo Vanzin; Matthieu Casanova,Matthieu Casanova,3,7,2811,3563
5048,Marcelo Vanzin; Matthieu Casanova,Matthieu Casanova,2,8,2811,3563
5049,Alan Ezust; Björn Kautler; Marcelo Vanzin; Matthieu Casanova,Matthieu Casanova,4,9,2811,3563
5050,Alan Ezust; Björn Kautler; Matthieu Casanova,Matthieu Casanova,3,7,2811,3563
5051,Alan Ezust; Björn Kautler; Kazutoshi Satoda; Marcelo Vanzin; Matthieu Casanova; Shlomy Reinstein,Matthieu Casanova,6,27,2811,3999
5052,Alan Ezust; Kazutoshi Satoda; Matthieu Casanova,Matthieu Casanova,3,3,2810,3810
5053,Alan Ezust; Björn Kautler; Kazutoshi Satoda; Marcelo Vanzin; Matthieu Casanova; Shlomy Reinstein,Matthieu Casanova,6,21,2951,3999
5054,Alan Ezust; Björn Kautler; Kazutoshi Satoda; Marcelo Vanzin; Matthieu Casanova; Shlomy Reinstein,Matthieu Casanova,6,23,2838,3999
5055,Alan Ezust; Björn Kautler; Kazutoshi Satoda; Marcelo Vanzin; Matthieu Casanova; Shlomy Reinstein,Matthieu Casanova,6,20,2838,3999
5056,Alan Ezust; Björn Kautler; Kazutoshi Satoda; Marcelo Vanzin; Matthieu Casanova; Shlomy Reinstein,Matthieu Casanova,6,23,2838,3999
5057,Alan Ezust; Björn Kautler; Kazutoshi Satoda; Marcelo Vanzin; Matthieu Casanova,Matthieu Casanova,5,12,3085,3753
5058,Alan Ezust; Björn Kautler; Kazutoshi Satoda; Marcelo Vanzin; Matthieu Casanova,Matthieu Casanova,5,12,2951,3753
5059,Alan Ezust; Björn Kautler; Kazutoshi Satoda; Marcelo Vanzin; Matthieu Casanova; Shlomy Reinstein,Matthieu Casanova,6,31,2811,3999
5060,Alan Ezust; Björn Kautler; Kazutoshi Satoda; Marcelo Vanzin; Matthieu Casanova,Matthieu Casanova,5,14,2811,3753
5061,Alan Ezust; Björn Kautler; Kazutoshi Satoda; Marcelo Vanzin; Matthieu Casanova; Shlomy Reinstein,Matthieu Casanova,6,19,2811,3996
5062,Alan Ezust; Björn Kautler; Kazutoshi Satoda; Marcelo Vanzin; Matthieu Casanova,Matthieu Casanova,5,14,2811,3563
5063,Alan Ezust; Björn Kautler; Kazutoshi Satoda; Marcelo Vanzin; Matthieu Casanova; Shlomy Reinstein,Matthieu Casanova,6,29,2811,3999
5064,Matthieu Casanova,Matthieu Casanova,1,1,2811,2811
5065,Alan Ezust; Björn Kautler; Kazutoshi Satoda; Marcelo Vanzin; Matthieu Casanova; Shlomy Reinstein,Matthieu Casanova,6,29,2811,3999
5067,Alan Ezust; Björn Kautler; Marcelo Vanzin; Matthieu Casanova,Matthieu Casanova,4,15,2811,3753
5069,Alan Ezust; Björn Kautler; Marcelo Vanzin; Matthieu Casanova,Matthieu Casanova,4,9,2951,3753
5070,Alan Ezust; Björn Kautler; Marcelo Vanzin; Matthieu Casanova,Matthieu Casanova,4,9,2951,3753
5071,Alan Ezust; Björn Kautler; Kazutoshi Satoda; Marcelo Vanzin; Matthieu Casanova; Shlomy Reinstein,Matthieu Casanova,6,22,2811,3999
5072,Alan Ezust; Björn Kautler; Kazutoshi Satoda; Marcelo Vanzin; Matthieu Casanova; Shlomy Reinstein,Matthieu Casanova,6,23,2811,3999
5073,Dale Anson; Matthieu Casanova,Matthieu Casanova,2,3,2828,3715
5075,Matthieu Casanova,Matthieu Casanova,1,3,2828,3480
5076,Matthieu Casanova,Matthieu Casanova,1,4,2828,3512
5077,Matthieu Casanova,Matthieu Casanova,1,2,2810,3512
5078,Matthieu Casanova,Matthieu Casanova,1,1,3478,3478
5079,Matthieu Casanova,Matthieu Casanova,1,1,2810,2810
5081,Alan Ezust; Björn Kautler; Kazutoshi Satoda; Marcelo Vanzin; Matthieu Casanova; Shlomy Reinstein,Matthieu Casanova,6,26,2811,3999
5082,Alan Ezust; Björn Kautler; Marcelo Vanzin; Matthieu Casanova,Matthieu Casanova,4,9,3085,3563
5083,Alan Ezust; Björn Kautler; Marcelo Vanzin; Matthieu Casanova,Matthieu Casanova,4,7,3157,3563
5084,Alan Ezust; Björn Kautler; Marcelo Vanzin; Matthieu Casanova,Matthieu Casanova,4,12,2811,3563
5085,Alan Ezust; Björn Kautler; Kazutoshi Satoda; Marcelo Vanzin; Matthieu Casanova; Shlomy Reinstein,Matthieu Casanova,6,25,2811,3999
5086,Alan Ezust; Björn Kautler; Marcelo Vanzin; Matthieu Casanova,Matthieu Casanova,4,15,2811,3753
5087,Alan Ezust; Björn Kautler; Kazutoshi Satoda; Marcelo Vanzin; Matthieu Casanova,Matthieu Casanova,5,14,2811,3753
5088,Alan Ezust; Björn Kautler; Kazutoshi Satoda; Marcelo Vanzin; Matthieu Casanova; Shlomy Reinstein,Matthieu Casanova,6,17,2811,3999
5089,Alan Ezust; Björn Kautler; Kazutoshi Satoda; Marcelo Vanzin; Matthieu Casanova; Shlomy Reinstein,Matthieu Casanova,6,16,2811,3996
5090,Marcelo Vanzin; Matthieu Casanova,Matthieu Casanova,2,2,2810,2883
5091,Alan Ezust; Marcelo Vanzin; Matthieu Casanova,Marcelo Vanzin,3,5,2882,3164
5092,Björn Kautler; Matthieu Casanova,Matthieu Casanova,2,2,2810,3236
5093,Matthieu Casanova,Matthieu Casanova,1,1,3955,3955
5094,Björn Kautler; Matthieu Casanova,Matthieu Casanova,2,4,3085,3563
5095,Björn Kautler; Matthieu Casanova,Matthieu Casanova,2,5,3085,3563
5096,Björn Kautler; Matthieu Casanova,Matthieu Casanova,2,3,3236,3563
5097,Björn Kautler; Matthieu Casanova,Matthieu Casanova,2,3,3236,3563
5098,Alan Ezust; Marcelo Vanzin; Matthieu Casanova,Matthieu Casanova,3,9,2811,3563
5099,Alan Ezust; Björn Kautler; Marcelo Vanzin; Matthieu Casanova,Matthieu Casanova,4,10,2811,3563
5100,Alan Ezust; Björn Kautler; Marcelo Vanzin; Matthieu Casanova,Matthieu Casanova,4,13,2811,3753
5101,Alan Ezust; Björn Kautler; Marcelo Vanzin; Matthieu Casanova,Matthieu Casanova,4,12,2811,3753
5102,Alan Ezust; Marcelo Vanzin; Matthieu Casanova,Matthieu Casanova,3,6,3157,3563
5103,Alan Ezust; Björn Kautler; Marcelo Vanzin; Matthieu Casanova,Matthieu Casanova,4,7,3157,3563
5104,Alan Ezust; Björn Kautler; Marcelo Vanzin; Matthieu Casanova,Matthieu Casanova,4,9,2811,3753
5105,Alan Ezust; Björn Kautler; Marcelo Vanzin; Matthieu Casanova,Matthieu Casanova,4,11,2951,3753
5106,Alan Ezust; Björn Kautler; Marcelo Vanzin; Matthieu Casanova,Matthieu Casanova,4,11,2951,3753
5107,Alan Ezust; Björn Kautler; Marcelo Vanzin; Matthieu Casanova,Matthieu Casanova,4,12,2811,3753
5108,Alan Ezust; Björn Kautler; Marcelo Vanzin; Matthieu Casanova,Matthieu Casanova,4,8,3157,3753
5109,Alan Ezust; Björn Kautler; Marcelo Vanzin; Matthieu Casanova,Matthieu Casanova,4,8,3157,3753
5110,Alan Ezust; Björn Kautler; Matthieu Casanova,Matthieu Casanova,3,7,3158,3753
5111,Alan Ezust; Björn Kautler; Marcelo Vanzin; Matthieu Casanova,Matthieu Casanova,4,8,3085,3563
5112,Alan Ezust; Björn Kautler; Marcelo Vanzin; Matthieu Casanova,Matthieu Casanova,4,10,3085,3753
5113,Alan Ezust; Björn Kautler; Marcelo Vanzin; Matthieu Casanova,Matthieu Casanova,4,11,2951,3753
5114,Alan Ezust; Björn Kautler; Marcelo Vanzin; Matthieu Casanova,Matthieu Casanova,4,11,2951,3753
5115,Alan Ezust; Björn Kautler; Marcelo Vanzin; Matthieu Casanova,Matthieu Casanova,4,9,2951,3753
5118,Alan Ezust; Marcelo Vanzin; Matthieu Casanova,Marcelo Vanzin,3,5,3157,3563
5119,Alan Ezust; Marcelo Vanzin; Matthieu Casanova,Matthieu Casanova,3,6,2951,3563
5120,Alan Ezust; Marcelo Vanzin; Matthieu Casanova,Marcelo Vanzin,3,5,3157,3563
5121,Alan Ezust; Marcelo Vanzin; Matthieu Casanova,Matthieu Casanova,3,6,2951,3563
5128,Alan Ezust; Björn Kautler; Marcelo Vanzin; Matthieu Casanova,Matthieu Casanova,4,13,2811,3753
5129,Alan Ezust; Marcelo Vanzin; Matthieu Casanova,Matthieu Casanova,3,11,2811,3753
5130,Alan Ezust; Björn Kautler; Marcelo Vanzin; Matthieu Casanova,Matthieu Casanova,4,10,2951,3753
5131,Alan Ezust; Björn Kautler; Marcelo Vanzin; Matthieu Casanova,Matthieu Casanova,4,11,2951,3753
5132,Alan Ezust; Marcelo Vanzin; Matthieu Casanova,Marcelo Vanzin,3,6,3118,3563
5133,Alan Ezust; Marcelo Vanzin; Matthieu Casanova,Matthieu Casanova,3,7,2951,3563
5134,Alan Ezust; Björn Kautler; Kazutoshi Satoda; Marcelo Vanzin; Matthieu Casanova,Matthieu Casanova,5,12,2951,3753
5135,Alan Ezust; Björn Kautler; Kazutoshi Satoda; Marcelo Vanzin; Matthieu Casanova; Shlomy Reinstein,Matthieu Casanova,6,27,2811,3999
5136,Alan Ezust; Björn Kautler; Matthieu Casanova,Matthieu Casanova,3,8,2951,3753
5137,Alan Ezust; Marcelo Vanzin; Matthieu Casanova,Matthieu Casanova,3,9,2951,3753
5138,Alan Ezust; Marcelo Vanzin; Matthieu Casanova,Matthieu Casanova,3,7,2951,3563
5139,Alan Ezust; Marcelo Vanzin; Matthieu Casanova,Matthieu Casanova,3,6,2951,3563
5140,Alan Ezust; Marcelo Vanzin; Matthieu Casanova,Matthieu Casanova,3,7,2951,3563
5141,Alan Ezust; Kazutoshi Satoda; Marcelo Vanzin; Matthieu Casanova; Shlomy Reinstein,Matthieu Casanova,5,18,2951,3999
5142,Alan Ezust; Björn Kautler; Kazutoshi Satoda; Marcelo Vanzin; Matthieu Casanova; Shlomy Reinstein,Matthieu Casanova,6,19,2951,3999
5143,Alan Ezust; Kazutoshi Satoda; Marcelo Vanzin; Matthieu Casanova; Shlomy Reinstein,Matthieu Casanova,5,17,2951,3999
5144,Kazutoshi Satoda; Marcelo Vanzin; Matthieu Casanova; Shlomy Reinstein,Matthieu Casanova,4,15,2882,3999
5145,Alan Ezust; Björn Kautler; Kazutoshi Satoda; Marcelo Vanzin; Matthieu Casanova; Shlomy Reinstein,Matthieu Casanova,6,23,2951,3999
5146,Alan Ezust; Kazutoshi Satoda; Marcelo Vanzin; Matthieu Casanova; Shlomy Reinstein,Matthieu Casanova,5,18,2951,3999
5147,Alan Ezust; Björn Kautler; Kazutoshi Satoda; Marcelo Vanzin; Matthieu Casanova; Shlomy Reinstein,Matthieu Casanova,6,21,2951,3999
5148,Alan Ezust; Björn Kautler; Kazutoshi Satoda; Marcelo Vanzin; Matthieu Casanova; Shlomy Reinstein,Matthieu Casanova,6,30,2811,3999
5149,Matthieu Casanova,Matthieu Casanova,1,1,2838,2838
5150,Alan Ezust; Björn Kautler; Kazutoshi Satoda; Marcelo Vanzin; Matthieu Casanova,Matthieu Casanova,5,15,2828,3977
5151,Alan Ezust; Björn Kautler; Kazutoshi Satoda; Marcelo Vanzin; Matthieu Casanova,Matthieu Casanova,5,14,2828,3977
5152,Björn Kautler; Matthieu Casanova,Björn Kautler,2,2,2852,3955
5153,Björn Kautler; Matthieu Casanova,Björn Kautler,2,2,2852,3955
5156,Alan Ezust; Björn Kautler; Marcelo Vanzin; Matthieu Casanova,Marcelo Vanzin,4,6,3134,3700
5158,Matthieu Casanova,Matthieu Casanova,1,1,2840,2840
5159,Martin Raspe,Martin Raspe,1,1,2843,2843
5161,Alan Ezust; Martin Raspe,Martin Raspe,2,2,2843,3019
5163,Björn Kautler,Björn Kautler,1,1,2852,2852
5165,Matthieu Casanova,Matthieu Casanova,1,1,3888,3888
5168,Daniel Hahler,Daniel Hahler,1,1,2885,2885
5169,Marcelo Vanzin,Marcelo Vanzin,1,2,3089,3120
5170,Marcelo Vanzin,Marcelo Vanzin,1,2,3089,3120
5171,Björn Kautler,Björn Kautler,1,1,2892,2892
5172,Matthieu Casanova,Matthieu Casanova,1,1,3918,3918
5173,Björn Kautler,Björn Kautler,1,1,2929,2929
5174,Björn Kautler,Björn Kautler,1,1,2929,2929
5175,Matthieu Casanova,Matthieu Casanova,1,1,2933,2933
5176,Björn Kautler,Björn Kautler,1,1,3039,3039
5181,Björn Kautler,Björn Kautler,1,1,3039,3039
5182,Björn Kautler,Björn Kautler,1,1,2941,2941
5183,Alan Ezust; Björn Kautler; Marcelo Vanzin; Matthieu Casanova,Matthieu Casanova,4,9,2951,3753
5184,Alan Ezust; Björn Kautler; Marcelo Vanzin; Matthieu Casanova,Matthieu Casanova,4,8,3157,3753
5185,Alan Ezust; Kazutoshi Satoda; Marcelo Vanzin; Matthieu Casanova,Matthieu Casanova,4,12,2951,3563
5186,Alan Ezust; Björn Kautler; Kazutoshi Satoda; Marcelo Vanzin; Matthieu Casanova; Shlomy Reinstein,Matthieu Casanova,6,25,2951,3999
5187,Alan Ezust; Björn Kautler; Kazutoshi Satoda; Marcelo Vanzin; Matthieu Casanova; Shlomy Reinstein,Matthieu Casanova,6,25,2951,3999
5188,Alan Ezust; Björn Kautler; Marcelo Vanzin; Matthieu Casanova,Matthieu Casanova,4,11,2951,3753
5189,Matthieu Casanova,Matthieu Casanova,1,2,3295,3395
5193,Björn Kautler,Björn Kautler,1,1,3108,3108
5194,Björn Kautler,Björn Kautler,1,1,3108,3108
5204,Björn Kautler,Björn Kautler,1,1,3108,3108
5206,Björn Kautler,Björn Kautler,1,1,3108,3108
5207,Björn Kautler,Björn Kautler,1,1,3108,3108
5214,Björn Kautler,Björn Kautler,1,1,3108,3108
5216,Björn Kautler,Björn Kautler,1,1,3108,3108
5217,Björn Kautler,Björn Kautler,1,1,3108,3108
5221,Alan Ezust,Alan Ezust,1,1,3054,3054
5225,Matthieu Casanova,Matthieu Casanova,1,1,3104,3104
5228,Björn Kautler,Björn Kautler,1,1,3108,3108
5229,Björn Kautler,Björn Kautler,1,1,3108,3108
5230,Björn Kautler,Björn Kautler,1,1,3108,3108
5232,Marcelo Vanzin,Marcelo Vanzin,1,3,3115,3162
5234,Marcelo Vanzin,Marcelo Vanzin,1,2,3118,3681
5235,Kazutoshi Satoda,Kazutoshi Satoda,1,1,3689,3689
5238,Kazutoshi Satoda; Marcelo Vanzin,Marcelo Vanzin,2,5,3125,3697
5243,Alan Ezust; Marcelo Vanzin; Matthieu Casanova,Marcelo Vanzin,3,3,3137,3164
5244,Alan Ezust; Marcelo Vanzin; Matthieu Casanova,Marcelo Vanzin,3,3,3137,3164
5246,Alan Ezust; Björn Kautler; Matthieu Casanova,Björn Kautler,3,3,3139,3164
5247,Kazutoshi Satoda; Matthieu Casanova; Shlomy Reinstein,Shlomy Reinstein,3,13,3964,3999
5248,Alan Ezust; Björn Kautler; Matthieu Casanova,Björn Kautler,3,3,3139,3164
5249,Alan Ezust; Björn Kautler; Matthieu Casanova,Björn Kautler,3,3,3139,3164
5252,Alan Ezust; Björn Kautler; Matthieu Casanova,Björn Kautler,3,3,3139,3164
5254,Alan Ezust; Matthieu Casanova,Alan Ezust,2,3,3151,3164
5255,Marcelo Vanzin,Marcelo Vanzin,1,3,3157,3681
5256,Marcelo Vanzin,Marcelo Vanzin,1,2,3157,3162
5257,Marcelo Vanzin,Marcelo Vanzin,1,2,3157,3162
5258,Marcelo Vanzin,Marcelo Vanzin,1,2,3157,3162
5260,Marcelo Vanzin,Marcelo Vanzin,1,1,3681,3681
5263,Matthieu Casanova,Matthieu Casanova,1,1,3208,3208
5264,Matthieu Casanova,Matthieu Casanova,1,1,3208,3208
5265,Alan Ezust; Björn Kautler; Matthieu Casanova,Björn Kautler,3,4,3209,3267
5266,Kazutoshi Satoda,Kazutoshi Satoda,1,1,3225,3225
5267,Matthieu Casanova,Matthieu Casanova,1,2,3626,3770
5269,Matthieu Casanova,Matthieu Casanova,1,2,3468,3854
5273,Matthieu Casanova,Matthieu Casanova,1,1,3854,3854
5275,Kazutoshi Satoda; Matthieu Casanova,Kazutoshi Satoda,2,2,3452,3468
5276,Alan Ezust,Alan Ezust,1,2,3257,3258
5277,Alan Ezust; Matthieu Casanova,Matthieu Casanova,2,10,3257,3874
5278,Alan Ezust; Matthieu Casanova,Matthieu Casanova,2,3,3257,3400
5279,Alan Ezust; Matthieu Casanova,Alan Ezust,2,3,3258,3874
5280,Alan Ezust,Alan Ezust,1,1,3271,3271
5281,Alan Ezust,Alan Ezust,1,1,3279,3279
5282,Alan Ezust,Alan Ezust,1,1,3279,3279
5283,Kazutoshi Satoda,Kazutoshi Satoda,1,2,3301,3545
5285,Alan Ezust; Kazutoshi Satoda; Matthieu Casanova; Shlomy Reinstein,Matthieu Casanova,4,17,3319,3999
5286,Kazutoshi Satoda,Kazutoshi Satoda,1,1,3335,3335
5287,Matthieu Casanova; Shlomy Reinstein,Shlomy Reinstein,2,2,3351,3382
5288,Alan Ezust,Alan Ezust,1,1,3781,3781
5289,Alan Ezust; Björn Kautler; Matthieu Casanova,Matthieu Casanova,3,5,3361,3874
5291,Matthieu Casanova,Matthieu Casanova,1,2,3370,3943
5294,Matthieu Casanova; Seph Soliman,Matthieu Casanova,2,2,3375,3722
5295,Matthieu Casanova,Matthieu Casanova,1,1,3393,3393
5296,Matthieu Casanova,Matthieu Casanova,1,2,3382,3871
5297,Matthieu Casanova,Matthieu Casanova,1,2,3382,3534
5298,Matthieu Casanova,Matthieu Casanova,1,1,3393,3393
5299,Matthieu Casanova,Matthieu Casanova,1,1,3395,3395
5302,Kazutoshi Satoda; Matthieu Casanova,Matthieu Casanova,2,3,3434,3485
5303,Matthieu Casanova,Matthieu Casanova,1,5,3440,3875
5307,Kazutoshi Satoda,Kazutoshi Satoda,1,2,3443,3460
5308,Kazutoshi Satoda,Kazutoshi Satoda,1,1,3460,3460
5309,Kazutoshi Satoda,Kazutoshi Satoda,1,1,3460,3460
5310,Kazutoshi Satoda,Kazutoshi Satoda,1,1,3460,3460
5312,Kazutoshi Satoda,Kazutoshi Satoda,1,1,3460,3460
5313,Kazutoshi Satoda,Kazutoshi Satoda,1,1,3460,3460
5315,Seph Soliman,Seph Soliman,1,1,3878,3878
5316,Alan Ezust,Alan Ezust,1,1,3636,3636
5317,Kazutoshi Satoda,Kazutoshi Satoda,1,1,3508,3508
5320,Dale Anson,Dale Anson,1,1,3715,3715
5321,Dale Anson,Dale Anson,1,1,3715,3715
5322,Dale Anson; Matthieu Casanova,Matthieu Casanova,2,2,3512,3715
5341,Matthieu Casanova,Matthieu Casanova,1,1,3522,3522
5343,Matthieu Casanova,Matthieu Casanova,1,1,3522,3522
5344,Matthieu Casanova,Matthieu Casanova,1,1,3512,3512
5345,Dale Anson; Matthieu Casanova,Matthieu Casanova,2,3,3512,3715
5347,Dale Anson; Matthieu Casanova,Matthieu Casanova,2,2,3512,3715
5348,Matthieu Casanova,Matthieu Casanova,1,1,3512,3512
5353,Dale Anson; Seph Soliman,Dale Anson,2,2,3712,3723
5354,Dale Anson,Dale Anson,1,1,3712,3712
5355,Dale Anson,Dale Anson,1,1,3712,3712
5357,Matthieu Casanova,Matthieu Casanova,1,1,3856,3856
5360,Matthieu Casanova,Matthieu Casanova,1,1,3528,3528
5361,Matthieu Casanova,Matthieu Casanova,1,1,3528,3528
5363,Dale Anson; Matthieu Casanova,Matthieu Casanova,2,2,3563,3701
5364,Dale Anson; Matthieu Casanova,Matthieu Casanova,2,3,3563,3862
5365,Dale Anson; Matthieu Casanova,Matthieu Casanova,2,3,3701,3942
5369,Matthieu Casanova,Matthieu Casanova,1,1,3653,3653
5372,Matthieu Casanova,Matthieu Casanova,1,1,3653,3653
5380,Matthieu Casanova,Matthieu Casanova,1,1,3613,3613
5381,Alan Ezust; Matthieu Casanova,Matthieu Casanova,2,2,3620,3622
5388,Kazutoshi Satoda,Kazutoshi Satoda,1,1,3667,3667
5390,Matthieu Casanova,Matthieu Casanova,1,1,3692,3692
5392,Matthieu Casanova,Matthieu Casanova,1,1,3734,3734
5394,Matthieu Casanova,Matthieu Casanova,1,1,3734,3734
5410,Alan Ezust,Alan Ezust,1,1,3636,3636
5411,Matthieu Casanova,Matthieu Casanova,1,1,3840,3840
5412,Matthieu Casanova,Matthieu Casanova,1,1,3840,3840
5413,Seph Soliman,Seph Soliman,1,1,3722,3722
5414,Matthieu Casanova,Matthieu Casanova,1,2,3648,3840
5415,Matthieu Casanova,Matthieu Casanova,1,1,3648,3648
5416,Matthieu Casanova,Matthieu Casanova,1,1,3648,3648
5419,Kazutoshi Satoda,Kazutoshi Satoda,1,1,3656,3656
5422,Alan Ezust,Alan Ezust,1,1,3683,3683
5423,Matthieu Casanova,Matthieu Casanova,1,1,3692,3692
5427,Dale Anson,Dale Anson,1,1,3715,3715
5429,Seph Soliman,Seph Soliman,1,1,3722,3722
5431,Seph Soliman,Seph Soliman,1,1,3723,3723
5432,Matthieu Casanova,Matthieu Casanova,1,1,3840,3840
5433,Seph Soliman,Seph Soliman,1,1,3723,3723
5434,Seph Soliman,Seph Soliman,1,1,3722,3722
5438,Alan Ezust; Matthieu Casanova,Alan Ezust,2,3,3732,3788
5439,Matthieu Casanova,Matthieu Casanova,1,1,3734,3734
5440,Matthieu Casanova,Matthieu Casanova,1,5,3786,3934
5441,Matthieu Casanova,Matthieu Casanova,1,4,3786,3934
5442,Matthieu Casanova; Shlomy Reinstein,Matthieu Casanova,2,7,3812,3999
5443,Matthieu Casanova,Matthieu Casanova,1,1,3848,3848
5444,Matthieu Casanova,Matthieu Casanova,1,2,3796,3848
5445,Matthieu Casanova,Matthieu Casanova,1,4,3786,3916
5446,Matthieu Casanova,Matthieu Casanova,1,1,3932,3932
5447,Matthieu Casanova,Matthieu Casanova,1,1,3932,3932
5448,Matthieu Casanova,Matthieu Casanova,1,6,3769,3998
5449,Matthieu Casanova,Matthieu Casanova,1,1,3769,3769
5450,Matthieu Casanova,Matthieu Casanova,1,1,3934,3934
5455,Alan Ezust; Kazutoshi Satoda,Alan Ezust,2,3,3781,3807
5457,Alan Ezust; Matthieu Casanova,Matthieu Casanova,2,5,3810,3951
5459,Matthieu Casanova,Matthieu Casanova,1,7,3812,3936
5461,Marcelo Vanzin,Marcelo Vanzin,1,1,3841,3841
5462,Matthieu Casanova,Matthieu Casanova,1,1,3848,3848
5464,Matthieu Casanova,Matthieu Casanova,1,1,3853,3853
5465,Matthieu Casanova,Matthieu Casanova,1,1,3872,3872
5468,Matthieu Casanova,Matthieu Casanova,1,1,3944,3944
5470,Matthieu Casanova; Shlomy Reinstein,Matthieu Casanova,2,6,3936,3999
5471,Kazutoshi Satoda; Matthieu Casanova,Kazutoshi Satoda,2,4,3942,3977
5472,Matthieu Casanova; Shlomy Reinstein,Matthieu Casanova,2,5,3952,3999
5477,Shlomy Reinstein,Shlomy Reinstein,1,3,3989,3999
5479,Shlomy Reinstein,Shlomy Reinstein,1,1,3997,3997
5480,Shlomy Reinstein,Shlomy Reinstein,1,1,3997,3997
5482,Shlomy Reinstein,Shlomy Reinstein,1,1,3997,3997
5483,Shlomy Reinstein,Shlomy Reinstein,1,1,3997,3997
5484,Shlomy Reinstein,Shlomy Reinstein,1,1,3997,3997
5485,Shlomy Reinstein,Shlomy Reinstein,1,1,3997,3997
5486,Shlomy Reinstein,Shlomy Reinstein,1,1,3997,3997
5487,Shlomy Reinstein,Shlomy Reinstein,1,1,3997,3997
5488,Shlomy Reinstein,Shlomy Reinstein,1,1,3997,3997
