pairId,cloneType,granularity,classId,clone1_gcid,clone2_gcid,clone1_addedRev,clone2_addedRev,clone1_deletedRev,clone2_deletedRev,clone1_lifespan,clone2_lifespan,co_change,gcid1_independent_change,gcid2_independent_change,similarity,filepath1,filepath2,file_distance,gcid1_authors,gcid2_authors,weighted_coupling_strength,coupling_trend,last_co_change_age,last_solo_change_age,method_name1,method_signature1,method_name2,method_signature2
1,Type2,Block,1,1,2,2,2,Still Active,Still Active,814,814,1,0,0,100,args.c,args.c,0,darren; elias; elliotth; dfishburn; jafl; perlguy0; dhiebert; vberthoux,darren; elias; elliotth; dfishburn; jafl; perlguy0; dhiebert; vberthoux,1.0000,1.0000,373,-1,nextString,"static char* nextString (const Arguments* const current, const char** const next)",nextFileString,"static char* nextFileString (const Arguments* const current, FILE* const fp)"
2,Type2,Block,1,1,264,2,693,Still Active,Still Active,814,123,0,0,0,100,args.c,ant.c,1,darren; elias; elliotth; dfishburn; jafl; perlguy0; dhiebert; vberthoux,dfishburn; elias; dhiebert; jafl; elliotth; vberthoux; perlguy0,0.0000,0.0000,-1,373,nextString,"static char* nextString (const Arguments* const current, const char** const next)",AntParser,extern parserDefinition* AntParser ()
3,Type2,Block,1,1,265,2,693,Still Active,Still Active,814,123,0,0,0,100,args.c,matlab.c,1,darren; elias; elliotth; dfishburn; jafl; perlguy0; dhiebert; vberthoux,dfishburn; elias; dhiebert; jafl; elliotth; vberthoux; perlguy0,0.0000,0.0000,-1,373,nextString,"static char* nextString (const Arguments* const current, const char** const next)",MatLabParser,extern parserDefinition* MatLabParser ()
4,Type2,Block,1,2,264,2,693,Still Active,Still Active,814,123,0,0,0,100,args.c,ant.c,1,darren; elias; elliotth; dfishburn; jafl; perlguy0; dhiebert; vberthoux,dfishburn; elias; dhiebert; jafl; elliotth; vberthoux; perlguy0,0.0000,0.0000,-1,373,nextFileString,"static char* nextFileString (const Arguments* const current, FILE* const fp)",AntParser,extern parserDefinition* AntParser ()
5,Type2,Block,1,2,265,2,693,Still Active,Still Active,814,123,0,0,0,100,args.c,matlab.c,1,darren; elias; elliotth; dfishburn; jafl; perlguy0; dhiebert; vberthoux,dfishburn; elias; dhiebert; jafl; elliotth; vberthoux; perlguy0,0.0000,0.0000,-1,373,nextFileString,"static char* nextFileString (const Arguments* const current, FILE* const fp)",MatLabParser,extern parserDefinition* MatLabParser ()
6,Type2,Block,1,264,265,693,693,Still Active,Still Active,123,123,0,0,0,100,ant.c,matlab.c,1,dfishburn; elias; dhiebert; jafl; elliotth; vberthoux; perlguy0,dfishburn; elias; dhiebert; jafl; elliotth; vberthoux; perlguy0,0.0000,0.0000,-1,-1,AntParser,extern parserDefinition* AntParser (),MatLabParser,extern parserDefinition* MatLabParser ()
7,Type2,Block,2,3,4,2,2,119,18,117,16,0,0,0,100,asm.c,tcl.c,1,darren,darren,0.0000,0.0000,-1,-1,AsmParser,extern parserDefinition* AsmParser (void),TclParser,extern parserDefinition* TclParser (void)
8,Type2,Block,2,3,5,2,2,119,18,117,16,0,0,0,100,asm.c,php.c,1,darren,darren,0.0000,0.0000,-1,-1,AsmParser,extern parserDefinition* AsmParser (void),PhpParser,extern parserDefinition* PhpParser (void)
9,Type2,Block,2,3,6,2,2,119,18,117,16,0,0,0,100,asm.c,perl.c,1,darren,darren,0.0000,0.0000,-1,-1,AsmParser,extern parserDefinition* AsmParser (void),PerlParser,extern parserDefinition* PerlParser (void)
10,Type2,Block,2,3,7,2,2,119,487,117,485,0,0,0,100,asm.c,awk.c,1,darren,darren; elias; elliotth; dfishburn,0.0000,0.0000,-1,-1,AsmParser,extern parserDefinition* AsmParser (void),AwkParser,extern parserDefinition* AwkParser ()
11,Type2,Block,2,3,164,2,536,119,658,117,122,0,0,0,100,asm.c,asm.c,0,darren,elliotth; dhiebert; elias; dfishburn; perlguy0; jafl,0.0000,0.0000,-1,-1,AsmParser,extern parserDefinition* AsmParser (void),analyzeOperator,static opKeyword analyzeOperator (const vString *const op)
12,Type2,Block,2,3,179,2,654,119,658,117,4,0,0,0,100,asm.c,vhdl.c,1,darren,elliotth,0.0000,0.0000,-1,-1,AsmParser,extern parserDefinition* AsmParser (void),analyzeToken,static keywordId analyzeToken (vString *const name)
13,Type2,Block,2,4,5,2,2,18,18,16,16,0,0,0,100,tcl.c,php.c,1,darren,darren,0.0000,0.0000,-1,-1,TclParser,extern parserDefinition* TclParser (void),PhpParser,extern parserDefinition* PhpParser (void)
14,Type2,Block,2,4,6,2,2,18,18,16,16,0,0,0,100,tcl.c,perl.c,1,darren,darren,0.0000,0.0000,-1,-1,TclParser,extern parserDefinition* TclParser (void),PerlParser,extern parserDefinition* PerlParser (void)
15,Type2,Block,2,4,7,2,2,18,487,16,485,0,0,0,100,tcl.c,awk.c,1,darren,darren; elias; elliotth; dfishburn,0.0000,0.0000,-1,-1,TclParser,extern parserDefinition* TclParser (void),AwkParser,extern parserDefinition* AwkParser ()
16,Type2,Block,2,4,164,2,536,18,658,16,122,0,0,0,100,tcl.c,asm.c,1,darren,elliotth; dhiebert; elias; dfishburn; perlguy0; jafl,0.0000,0.0000,-1,-1,TclParser,extern parserDefinition* TclParser (void),analyzeOperator,static opKeyword analyzeOperator (const vString *const op)
17,Type2,Block,2,4,179,2,654,18,658,16,4,0,0,0,100,tcl.c,vhdl.c,1,darren,elliotth,0.0000,0.0000,-1,-1,TclParser,extern parserDefinition* TclParser (void),analyzeToken,static keywordId analyzeToken (vString *const name)
18,Type2,Block,2,5,6,2,2,18,18,16,16,0,0,0,100,php.c,perl.c,1,darren,darren,0.0000,0.0000,-1,-1,PhpParser,extern parserDefinition* PhpParser (void),PerlParser,extern parserDefinition* PerlParser (void)
19,Type2,Block,2,5,7,2,2,18,487,16,485,0,0,0,100,php.c,awk.c,1,darren,darren; elias; elliotth; dfishburn,0.0000,0.0000,-1,-1,PhpParser,extern parserDefinition* PhpParser (void),AwkParser,extern parserDefinition* AwkParser ()
20,Type2,Block,2,5,164,2,536,18,658,16,122,0,0,0,100,php.c,asm.c,1,darren,elliotth; dhiebert; elias; dfishburn; perlguy0; jafl,0.0000,0.0000,-1,-1,PhpParser,extern parserDefinition* PhpParser (void),analyzeOperator,static opKeyword analyzeOperator (const vString *const op)
21,Type2,Block,2,5,179,2,654,18,658,16,4,0,0,0,100,php.c,vhdl.c,1,darren,elliotth,0.0000,0.0000,-1,-1,PhpParser,extern parserDefinition* PhpParser (void),analyzeToken,static keywordId analyzeToken (vString *const name)
22,Type2,Block,2,6,7,2,2,18,487,16,485,0,0,0,100,perl.c,awk.c,1,darren,darren; elias; elliotth; dfishburn,0.0000,0.0000,-1,-1,PerlParser,extern parserDefinition* PerlParser (void),AwkParser,extern parserDefinition* AwkParser ()
23,Type2,Block,2,6,164,2,536,18,658,16,122,0,0,0,100,perl.c,asm.c,1,darren,elliotth; dhiebert; elias; dfishburn; perlguy0; jafl,0.0000,0.0000,-1,-1,PerlParser,extern parserDefinition* PerlParser (void),analyzeOperator,static opKeyword analyzeOperator (const vString *const op)
24,Type2,Block,2,6,179,2,654,18,658,16,4,0,0,0,100,perl.c,vhdl.c,1,darren,elliotth,0.0000,0.0000,-1,-1,PerlParser,extern parserDefinition* PerlParser (void),analyzeToken,static keywordId analyzeToken (vString *const name)
25,Type2,Block,2,7,164,2,536,487,658,485,122,0,0,0,100,awk.c,asm.c,1,darren; elias; elliotth; dfishburn,elliotth; dhiebert; elias; dfishburn; perlguy0; jafl,0.0000,0.0000,-1,44,AwkParser,extern parserDefinition* AwkParser (),analyzeOperator,static opKeyword analyzeOperator (const vString *const op)
26,Type2,Block,2,7,179,2,654,487,658,485,4,0,0,0,100,awk.c,vhdl.c,1,darren; elias; elliotth; dfishburn,elliotth,0.0000,0.0000,-1,44,AwkParser,extern parserDefinition* AwkParser (),analyzeToken,static keywordId analyzeToken (vString *const name)
27,Type2,Block,2,164,179,536,654,658,658,122,4,0,0,3,100,asm.c,vhdl.c,1,elliotth; dhiebert; elias; dfishburn; perlguy0; jafl,elliotth,0.0000,0.0000,-1,1,analyzeOperator,static opKeyword analyzeOperator (const vString *const op),analyzeToken,static keywordId analyzeToken (vString *const name)
28,Type2,Block,3,8,9,2,2,Still Active,Still Active,814,814,2,0,0,100,asp.c,asp.c,0,darren; elias; elliotth; dfishburn; jafl; perlguy0; dhiebert; vberthoux,darren; elias; elliotth; dfishburn; jafl; perlguy0; dhiebert; vberthoux,1.0000,0.0000,373,-1,findAspTags,static void findAspTags (void),findAspTags,static void findAspTags (void)
29,Type2,Block,3,8,87,2,235,Still Active,Still Active,814,581,1,0,1,100,asp.c,asp.c,0,darren; elias; elliotth; dfishburn; jafl; perlguy0; dhiebert; vberthoux,darren; elias; elliotth; dfishburn; jafl; perlguy0; dhiebert; vberthoux,0.9981,-0.9981,373,581,findAspTags,static void findAspTags (void),findAspTags,static void findAspTags (void)
30,Type2,Block,3,8,114,2,411,Still Active,Still Active,814,405,1,0,1,100,asp.c,asp.c,0,darren; elias; elliotth; dfishburn; jafl; perlguy0; dhiebert; vberthoux,darren; elias; elliotth; dfishburn; jafl; perlguy0; dhiebert; vberthoux,0.7231,-0.7231,373,405,findAspTags,static void findAspTags (void),findAspTags,static void findAspTags (void)
31,Type2,Block,3,9,87,2,235,Still Active,Still Active,814,581,1,0,1,100,asp.c,asp.c,0,darren; elias; elliotth; dfishburn; jafl; perlguy0; dhiebert; vberthoux,darren; elias; elliotth; dfishburn; jafl; perlguy0; dhiebert; vberthoux,0.9981,-0.9981,373,581,findAspTags,static void findAspTags (void),findAspTags,static void findAspTags (void)
32,Type2,Block,3,9,114,2,411,Still Active,Still Active,814,405,1,0,1,100,asp.c,asp.c,0,darren; elias; elliotth; dfishburn; jafl; perlguy0; dhiebert; vberthoux,darren; elias; elliotth; dfishburn; jafl; perlguy0; dhiebert; vberthoux,0.7231,-0.7231,373,405,findAspTags,static void findAspTags (void),findAspTags,static void findAspTags (void)
33,Type2,Block,3,87,114,235,411,Still Active,Still Active,581,405,1,0,1,100,asp.c,asp.c,0,darren; elias; elliotth; dfishburn; jafl; perlguy0; dhiebert; vberthoux,darren; elias; elliotth; dfishburn; jafl; perlguy0; dhiebert; vberthoux,0.7231,-0.7231,373,405,findAspTags,static void findAspTags (void),findAspTags,static void findAspTags (void)
34,Type2,Block,4,10,11,2,2,Still Active,18,814,16,0,0,0,100,asp.c,python.c,1,darren; elias; elliotth; dfishburn; jafl; perlguy0; dhiebert; vberthoux,darren,0.0000,0.0000,-1,-1,findAspTags,static void findAspTags (void),findPythonTags,static void findPythonTags (void)
35,Type2,Block,4,10,12,2,2,Still Active,Still Active,814,814,1,0,0,100,asp.c,asp.c,0,darren; elias; elliotth; dfishburn; jafl; perlguy0; dhiebert; vberthoux,darren; elias; elliotth; dfishburn; jafl; perlguy0; dhiebert; vberthoux,1.0000,1.0000,373,-1,findAspTags,static void findAspTags (void),findAspTags,static void findAspTags (void)
36,Type2,Block,4,10,13,2,2,Still Active,18,814,16,0,0,0,100,asp.c,python.c,1,darren; elias; elliotth; dfishburn; jafl; perlguy0; dhiebert; vberthoux,darren,0.0000,0.0000,-1,-1,findAspTags,static void findAspTags (void),findPythonTags,static void findPythonTags (void)
37,Type2,Block,4,10,14,2,2,Still Active,18,814,16,0,0,0,100,asp.c,ruby.c,1,darren; elias; elliotth; dfishburn; jafl; perlguy0; dhiebert; vberthoux,darren,0.0000,0.0000,-1,-1,findAspTags,static void findAspTags (void),findRubyTags,static void findRubyTags (void)
38,Type2,Block,4,10,88,2,242,Still Active,Still Active,814,574,1,0,3,100,asp.c,sml.c,1,darren; elias; elliotth; dfishburn; jafl; perlguy0; dhiebert; vberthoux,darren; elias; elliotth; dfishburn; jafl; perlguy0; dhiebert; vberthoux,0.6204,-0.6204,373,425,findAspTags,static void findAspTags (void),SmlParser,extern parserDefinition *SmlParser (void)
39,Type2,Block,4,10,116,2,423,Still Active,Still Active,814,393,1,0,1,100,asp.c,ruby.c,1,darren; elias; elliotth; dfishburn; jafl; perlguy0; dhiebert; vberthoux,darren; elliotth; elias; dfishburn; jafl; perlguy0; dhiebert; vberthoux,0.0210,-0.0210,373,245,findAspTags,static void findAspTags (void),RubyParser,extern parserDefinition* RubyParser (void)
40,Type2,Block,4,10,301,2,711,Still Active,Still Active,814,105,0,0,1,100,asp.c,asp.c,0,darren; elias; elliotth; dfishburn; jafl; perlguy0; dhiebert; vberthoux,dhiebert; elias; jafl; dfishburn; elliotth; vberthoux; perlguy0,0.0000,0.0000,-1,105,findAspTags,static void findAspTags (void),findAspTags,static void findAspTags (void)
41,Type2,Block,4,10,302,2,711,Still Active,Still Active,814,105,0,0,1,100,asp.c,asp.c,0,darren; elias; elliotth; dfishburn; jafl; perlguy0; dhiebert; vberthoux,dhiebert; elias; jafl; dfishburn; elliotth; vberthoux; perlguy0,0.0000,0.0000,-1,105,findAspTags,static void findAspTags (void),findAspTags,static void findAspTags (void)
42,Type2,Block,4,11,12,2,2,18,Still Active,16,814,0,0,0,100,python.c,asp.c,1,darren,darren; elias; elliotth; dfishburn; jafl; perlguy0; dhiebert; vberthoux,0.0000,0.0000,-1,-1,findPythonTags,static void findPythonTags (void),findAspTags,static void findAspTags (void)
43,Type2,Block,4,11,13,2,2,18,18,16,16,0,0,0,100,python.c,python.c,0,darren,darren,0.0000,0.0000,-1,-1,findPythonTags,static void findPythonTags (void),findPythonTags,static void findPythonTags (void)
44,Type2,Block,4,11,14,2,2,18,18,16,16,0,0,0,100,python.c,ruby.c,1,darren,darren,0.0000,0.0000,-1,-1,findPythonTags,static void findPythonTags (void),findRubyTags,static void findRubyTags (void)
45,Type2,Block,4,11,88,2,242,18,Still Active,16,574,0,0,0,100,python.c,sml.c,1,darren,darren; elias; elliotth; dfishburn; jafl; perlguy0; dhiebert; vberthoux,0.0000,0.0000,-1,-1,findPythonTags,static void findPythonTags (void),SmlParser,extern parserDefinition *SmlParser (void)
46,Type2,Block,4,11,116,2,423,18,Still Active,16,393,0,0,0,100,python.c,ruby.c,1,darren,darren; elliotth; elias; dfishburn; jafl; perlguy0; dhiebert; vberthoux,0.0000,0.0000,-1,-1,findPythonTags,static void findPythonTags (void),RubyParser,extern parserDefinition* RubyParser (void)
47,Type2,Block,4,11,301,2,711,18,Still Active,16,105,0,0,0,100,python.c,asp.c,1,darren,dhiebert; elias; jafl; dfishburn; elliotth; vberthoux; perlguy0,0.0000,0.0000,-1,-1,findPythonTags,static void findPythonTags (void),findAspTags,static void findAspTags (void)
48,Type2,Block,4,11,302,2,711,18,Still Active,16,105,0,0,0,100,python.c,asp.c,1,darren,dhiebert; elias; jafl; dfishburn; elliotth; vberthoux; perlguy0,0.0000,0.0000,-1,-1,findPythonTags,static void findPythonTags (void),findAspTags,static void findAspTags (void)
49,Type2,Block,4,12,13,2,2,Still Active,18,814,16,0,0,0,100,asp.c,python.c,1,darren; elias; elliotth; dfishburn; jafl; perlguy0; dhiebert; vberthoux,darren,0.0000,0.0000,-1,-1,findAspTags,static void findAspTags (void),findPythonTags,static void findPythonTags (void)
50,Type2,Block,4,12,14,2,2,Still Active,18,814,16,0,0,0,100,asp.c,ruby.c,1,darren; elias; elliotth; dfishburn; jafl; perlguy0; dhiebert; vberthoux,darren,0.0000,0.0000,-1,-1,findAspTags,static void findAspTags (void),findRubyTags,static void findRubyTags (void)
51,Type2,Block,4,12,88,2,242,Still Active,Still Active,814,574,1,0,3,100,asp.c,sml.c,1,darren; elias; elliotth; dfishburn; jafl; perlguy0; dhiebert; vberthoux,darren; elias; elliotth; dfishburn; jafl; perlguy0; dhiebert; vberthoux,0.6204,-0.6204,373,425,findAspTags,static void findAspTags (void),SmlParser,extern parserDefinition *SmlParser (void)
52,Type2,Block,4,12,116,2,423,Still Active,Still Active,814,393,1,0,1,100,asp.c,ruby.c,1,darren; elias; elliotth; dfishburn; jafl; perlguy0; dhiebert; vberthoux,darren; elliotth; elias; dfishburn; jafl; perlguy0; dhiebert; vberthoux,0.0210,-0.0210,373,245,findAspTags,static void findAspTags (void),RubyParser,extern parserDefinition* RubyParser (void)
53,Type2,Block,4,12,301,2,711,Still Active,Still Active,814,105,0,0,1,100,asp.c,asp.c,0,darren; elias; elliotth; dfishburn; jafl; perlguy0; dhiebert; vberthoux,dhiebert; elias; jafl; dfishburn; elliotth; vberthoux; perlguy0,0.0000,0.0000,-1,105,findAspTags,static void findAspTags (void),findAspTags,static void findAspTags (void)
54,Type2,Block,4,12,302,2,711,Still Active,Still Active,814,105,0,0,1,100,asp.c,asp.c,0,darren; elias; elliotth; dfishburn; jafl; perlguy0; dhiebert; vberthoux,dhiebert; elias; jafl; dfishburn; elliotth; vberthoux; perlguy0,0.0000,0.0000,-1,105,findAspTags,static void findAspTags (void),findAspTags,static void findAspTags (void)
55,Type2,Block,4,13,14,2,2,18,18,16,16,0,0,0,100,python.c,ruby.c,1,darren,darren,0.0000,0.0000,-1,-1,findPythonTags,static void findPythonTags (void),findRubyTags,static void findRubyTags (void)
56,Type2,Block,4,13,88,2,242,18,Still Active,16,574,0,0,0,100,python.c,sml.c,1,darren,darren; elias; elliotth; dfishburn; jafl; perlguy0; dhiebert; vberthoux,0.0000,0.0000,-1,-1,findPythonTags,static void findPythonTags (void),SmlParser,extern parserDefinition *SmlParser (void)
57,Type2,Block,4,13,116,2,423,18,Still Active,16,393,0,0,0,100,python.c,ruby.c,1,darren,darren; elliotth; elias; dfishburn; jafl; perlguy0; dhiebert; vberthoux,0.0000,0.0000,-1,-1,findPythonTags,static void findPythonTags (void),RubyParser,extern parserDefinition* RubyParser (void)
58,Type2,Block,4,13,301,2,711,18,Still Active,16,105,0,0,0,100,python.c,asp.c,1,darren,dhiebert; elias; jafl; dfishburn; elliotth; vberthoux; perlguy0,0.0000,0.0000,-1,-1,findPythonTags,static void findPythonTags (void),findAspTags,static void findAspTags (void)
59,Type2,Block,4,13,302,2,711,18,Still Active,16,105,0,0,0,100,python.c,asp.c,1,darren,dhiebert; elias; jafl; dfishburn; elliotth; vberthoux; perlguy0,0.0000,0.0000,-1,-1,findPythonTags,static void findPythonTags (void),findAspTags,static void findAspTags (void)
60,Type2,Block,4,14,88,2,242,18,Still Active,16,574,0,0,0,100,ruby.c,sml.c,1,darren,darren; elias; elliotth; dfishburn; jafl; perlguy0; dhiebert; vberthoux,0.0000,0.0000,-1,-1,findRubyTags,static void findRubyTags (void),SmlParser,extern parserDefinition *SmlParser (void)
61,Type2,Block,4,14,116,2,423,18,Still Active,16,393,0,0,0,100,ruby.c,ruby.c,0,darren,darren; elliotth; elias; dfishburn; jafl; perlguy0; dhiebert; vberthoux,0.0000,0.0000,-1,-1,findRubyTags,static void findRubyTags (void),RubyParser,extern parserDefinition* RubyParser (void)
62,Type2,Block,4,14,301,2,711,18,Still Active,16,105,0,0,0,100,ruby.c,asp.c,1,darren,dhiebert; elias; jafl; dfishburn; elliotth; vberthoux; perlguy0,0.0000,0.0000,-1,-1,findRubyTags,static void findRubyTags (void),findAspTags,static void findAspTags (void)
63,Type2,Block,4,14,302,2,711,18,Still Active,16,105,0,0,0,100,ruby.c,asp.c,1,darren,dhiebert; elias; jafl; dfishburn; elliotth; vberthoux; perlguy0,0.0000,0.0000,-1,-1,findRubyTags,static void findRubyTags (void),findAspTags,static void findAspTags (void)
64,Type2,Block,4,88,116,242,423,Still Active,Still Active,574,393,1,0,1,100,sml.c,ruby.c,1,darren; elias; elliotth; dfishburn; jafl; perlguy0; dhiebert; vberthoux,darren; elliotth; elias; dfishburn; jafl; perlguy0; dhiebert; vberthoux,0.0210,-0.0210,373,245,SmlParser,extern parserDefinition *SmlParser (void),RubyParser,extern parserDefinition* RubyParser (void)
65,Type2,Block,4,88,301,242,711,Still Active,Still Active,574,105,0,0,1,100,sml.c,asp.c,1,darren; elias; elliotth; dfishburn; jafl; perlguy0; dhiebert; vberthoux,dhiebert; elias; jafl; dfishburn; elliotth; vberthoux; perlguy0,0.0000,0.0000,-1,105,SmlParser,extern parserDefinition *SmlParser (void),findAspTags,static void findAspTags (void)
66,Type2,Block,4,88,302,242,711,Still Active,Still Active,574,105,0,0,1,100,sml.c,asp.c,1,darren; elias; elliotth; dfishburn; jafl; perlguy0; dhiebert; vberthoux,dhiebert; elias; jafl; dfishburn; elliotth; vberthoux; perlguy0,0.0000,0.0000,-1,105,SmlParser,extern parserDefinition *SmlParser (void),findAspTags,static void findAspTags (void)
67,Type2,Block,4,116,301,423,711,Still Active,Still Active,393,105,0,0,1,100,ruby.c,asp.c,1,darren; elliotth; elias; dfishburn; jafl; perlguy0; dhiebert; vberthoux,dhiebert; elias; jafl; dfishburn; elliotth; vberthoux; perlguy0,0.0000,0.0000,-1,105,RubyParser,extern parserDefinition* RubyParser (void),findAspTags,static void findAspTags (void)
68,Type2,Block,4,116,302,423,711,Still Active,Still Active,393,105,0,0,1,100,ruby.c,asp.c,1,darren; elliotth; elias; dfishburn; jafl; perlguy0; dhiebert; vberthoux,dhiebert; elias; jafl; dfishburn; elliotth; vberthoux; perlguy0,0.0000,0.0000,-1,105,RubyParser,extern parserDefinition* RubyParser (void),findAspTags,static void findAspTags (void)
69,Type2,Block,4,301,302,711,711,Still Active,Still Active,105,105,1,0,0,100,asp.c,asp.c,0,dhiebert; elias; jafl; dfishburn; elliotth; vberthoux; perlguy0,dhiebert; elias; jafl; dfishburn; elliotth; vberthoux; perlguy0,1.0000,-1.0000,105,-1,findAspTags,static void findAspTags (void),findAspTags,static void findAspTags (void)
70,Type2,Block,5,15,16,2,2,22,18,20,16,0,0,0,100,asp.c,python.c,1,darren,darren,0.0000,0.0000,-1,-1,AspParser,extern parserDefinition* AspParser (void),PythonParser,extern parserDefinition* PythonParser (void)
71,Type2,Block,5,15,17,2,2,22,22,20,20,0,0,0,100,asp.c,cobol.c,1,darren,darren,0.0000,0.0000,-1,-1,AspParser,extern parserDefinition* AspParser (void),CobolParser,extern parserDefinition* CobolParser ()
72,Type2,Block,5,15,303,2,711,22,Still Active,20,105,0,0,0,100,asp.c,asp.c,0,darren,dhiebert; elias; jafl; dfishburn; elliotth; vberthoux; perlguy0,0.0000,0.0000,-1,-1,AspParser,extern parserDefinition* AspParser (void),findAspTags,static void findAspTags (void)
73,Type2,Block,5,16,17,2,2,18,22,16,20,0,0,0,100,python.c,cobol.c,1,darren,darren,0.0000,0.0000,-1,-1,PythonParser,extern parserDefinition* PythonParser (void),CobolParser,extern parserDefinition* CobolParser ()
74,Type2,Block,5,16,303,2,711,18,Still Active,16,105,0,0,0,100,python.c,asp.c,1,darren,dhiebert; elias; jafl; dfishburn; elliotth; vberthoux; perlguy0,0.0000,0.0000,-1,-1,PythonParser,extern parserDefinition* PythonParser (void),findAspTags,static void findAspTags (void)
75,Type2,Block,5,17,303,2,711,22,Still Active,20,105,0,0,0,100,cobol.c,asp.c,1,darren,dhiebert; elias; jafl; dfishburn; elliotth; vberthoux; perlguy0,0.0000,0.0000,-1,-1,CobolParser,extern parserDefinition* CobolParser (),findAspTags,static void findAspTags (void)
76,Type2,Block,6,18,19,2,2,24,24,22,22,0,0,0,100,beta.c,beta.c,0,darren,darren,0.0000,0.0000,-1,-1,findBetaTags,static void findBetaTags (void),findBetaTags,static void findBetaTags (void)
77,Type2,Block,6,18,20,2,2,24,24,22,22,0,0,0,100,beta.c,beta.c,0,darren,darren,0.0000,0.0000,-1,-1,findBetaTags,static void findBetaTags (void),findBetaTags,static void findBetaTags (void)
78,Type2,Block,6,18,118,2,459,24,579,22,120,0,0,0,100,beta.c,basic.c,1,darren,elias; dfishburn; elliotth; jafl; perlguy0; dhiebert,0.0000,0.0000,-1,-1,findBetaTags,static void findBetaTags (void),BlitzBasicParser,parserDefinition *BlitzBasicParser (void)
79,Type2,Block,6,18,119,2,459,24,579,22,120,0,0,0,100,beta.c,basic.c,1,darren,elias; dfishburn; elliotth; jafl; perlguy0; dhiebert,0.0000,0.0000,-1,-1,findBetaTags,static void findBetaTags (void),PureBasicParser,parserDefinition *PureBasicParser (void)
80,Type2,Block,6,18,304,2,711,24,Still Active,22,105,0,0,0,100,beta.c,asp.c,1,darren,dhiebert; elias; jafl; dfishburn; elliotth; vberthoux; perlguy0,0.0000,0.0000,-1,-1,findBetaTags,static void findBetaTags (void),findAspTags,static void findAspTags (void)
81,Type2,Block,6,18,305,2,711,24,Still Active,22,105,0,0,0,100,beta.c,asp.c,1,darren,dhiebert; elias; jafl; dfishburn; elliotth; vberthoux; perlguy0,0.0000,0.0000,-1,-1,findBetaTags,static void findBetaTags (void),findAspTags,static void findAspTags (void)
82,Type2,Block,6,19,20,2,2,24,24,22,22,0,0,0,100,beta.c,beta.c,0,darren,darren,0.0000,0.0000,-1,-1,findBetaTags,static void findBetaTags (void),findBetaTags,static void findBetaTags (void)
83,Type2,Block,6,19,118,2,459,24,579,22,120,0,0,0,100,beta.c,basic.c,1,darren,elias; dfishburn; elliotth; jafl; perlguy0; dhiebert,0.0000,0.0000,-1,-1,findBetaTags,static void findBetaTags (void),BlitzBasicParser,parserDefinition *BlitzBasicParser (void)
84,Type2,Block,6,19,119,2,459,24,579,22,120,0,0,0,100,beta.c,basic.c,1,darren,elias; dfishburn; elliotth; jafl; perlguy0; dhiebert,0.0000,0.0000,-1,-1,findBetaTags,static void findBetaTags (void),PureBasicParser,parserDefinition *PureBasicParser (void)
85,Type2,Block,6,19,304,2,711,24,Still Active,22,105,0,0,0,100,beta.c,asp.c,1,darren,dhiebert; elias; jafl; dfishburn; elliotth; vberthoux; perlguy0,0.0000,0.0000,-1,-1,findBetaTags,static void findBetaTags (void),findAspTags,static void findAspTags (void)
86,Type2,Block,6,19,305,2,711,24,Still Active,22,105,0,0,0,100,beta.c,asp.c,1,darren,dhiebert; elias; jafl; dfishburn; elliotth; vberthoux; perlguy0,0.0000,0.0000,-1,-1,findBetaTags,static void findBetaTags (void),findAspTags,static void findAspTags (void)
87,Type2,Block,6,20,118,2,459,24,579,22,120,0,0,0,100,beta.c,basic.c,1,darren,elias; dfishburn; elliotth; jafl; perlguy0; dhiebert,0.0000,0.0000,-1,-1,findBetaTags,static void findBetaTags (void),BlitzBasicParser,parserDefinition *BlitzBasicParser (void)
88,Type2,Block,6,20,119,2,459,24,579,22,120,0,0,0,100,beta.c,basic.c,1,darren,elias; dfishburn; elliotth; jafl; perlguy0; dhiebert,0.0000,0.0000,-1,-1,findBetaTags,static void findBetaTags (void),PureBasicParser,parserDefinition *PureBasicParser (void)
89,Type2,Block,6,20,304,2,711,24,Still Active,22,105,0,0,0,100,beta.c,asp.c,1,darren,dhiebert; elias; jafl; dfishburn; elliotth; vberthoux; perlguy0,0.0000,0.0000,-1,-1,findBetaTags,static void findBetaTags (void),findAspTags,static void findAspTags (void)
90,Type2,Block,6,20,305,2,711,24,Still Active,22,105,0,0,0,100,beta.c,asp.c,1,darren,dhiebert; elias; jafl; dfishburn; elliotth; vberthoux; perlguy0,0.0000,0.0000,-1,-1,findBetaTags,static void findBetaTags (void),findAspTags,static void findAspTags (void)
91,Type2,Block,6,118,119,459,459,579,579,120,120,1,0,0,100,basic.c,basic.c,0,elias; dfishburn; elliotth; jafl; perlguy0; dhiebert,elias; dfishburn; elliotth; jafl; perlguy0; dhiebert,1.0000,1.0000,18,-1,BlitzBasicParser,parserDefinition *BlitzBasicParser (void),PureBasicParser,parserDefinition *PureBasicParser (void)
92,Type2,Block,6,118,304,459,711,579,Still Active,120,105,0,0,0,100,basic.c,asp.c,1,elias; dfishburn; elliotth; jafl; perlguy0; dhiebert,dhiebert; elias; jafl; dfishburn; elliotth; vberthoux; perlguy0,0.0000,0.0000,-1,18,BlitzBasicParser,parserDefinition *BlitzBasicParser (void),findAspTags,static void findAspTags (void)
93,Type2,Block,6,118,305,459,711,579,Still Active,120,105,0,0,0,100,basic.c,asp.c,1,elias; dfishburn; elliotth; jafl; perlguy0; dhiebert,dhiebert; elias; jafl; dfishburn; elliotth; vberthoux; perlguy0,0.0000,0.0000,-1,18,BlitzBasicParser,parserDefinition *BlitzBasicParser (void),findAspTags,static void findAspTags (void)
94,Type2,Block,6,119,304,459,711,579,Still Active,120,105,0,0,0,100,basic.c,asp.c,1,elias; dfishburn; elliotth; jafl; perlguy0; dhiebert,dhiebert; elias; jafl; dfishburn; elliotth; vberthoux; perlguy0,0.0000,0.0000,-1,18,PureBasicParser,parserDefinition *PureBasicParser (void),findAspTags,static void findAspTags (void)
95,Type2,Block,6,119,305,459,711,579,Still Active,120,105,0,0,0,100,basic.c,asp.c,1,elias; dfishburn; elliotth; jafl; perlguy0; dhiebert,dhiebert; elias; jafl; dfishburn; elliotth; vberthoux; perlguy0,0.0000,0.0000,-1,18,PureBasicParser,parserDefinition *PureBasicParser (void),findAspTags,static void findAspTags (void)
96,Type2,Block,6,304,305,711,711,Still Active,Still Active,105,105,1,0,0,100,asp.c,asp.c,0,dhiebert; elias; jafl; dfishburn; elliotth; vberthoux; perlguy0,dhiebert; elias; jafl; dfishburn; elliotth; vberthoux; perlguy0,1.0000,-1.0000,105,-1,findAspTags,static void findAspTags (void),findAspTags,static void findAspTags (void)
97,Type2,Block,7,21,22,2,2,24,24,22,22,0,0,0,100,beta.c,beta.c,0,darren,darren,0.0000,0.0000,-1,-1,findBetaTags,static void findBetaTags (void),findBetaTags,static void findBetaTags (void)
98,Type2,Block,7,21,306,2,711,24,Still Active,22,105,0,0,0,100,beta.c,asp.c,1,darren,dhiebert; elias; jafl; dfishburn; elliotth; vberthoux; perlguy0,0.0000,0.0000,-1,-1,findBetaTags,static void findBetaTags (void),findAspTags,static void findAspTags (void)
99,Type2,Block,7,22,306,2,711,24,Still Active,22,105,0,0,0,100,beta.c,asp.c,1,darren,dhiebert; elias; jafl; dfishburn; elliotth; vberthoux; perlguy0,0.0000,0.0000,-1,-1,findBetaTags,static void findBetaTags (void),findAspTags,static void findAspTags (void)
100,Type2,Block,8,23,24,2,2,18,18,16,16,0,0,0,100,beta.c,vim.c,1,darren,darren,0.0000,0.0000,-1,-1,BetaParser,extern parserDefinition* BetaParser (void),VimParser,extern parserDefinition* VimParser (void)
101,Type2,Block,8,23,25,2,2,18,18,16,16,0,0,0,100,beta.c,ruby.c,1,darren,darren,0.0000,0.0000,-1,-1,BetaParser,extern parserDefinition* BetaParser (void),RubyParser,extern parserDefinition* RubyParser (void)
102,Type2,Block,8,23,65,2,43,18,Still Active,16,773,0,0,0,100,beta.c,lua.c,1,darren,darren; elias; elliotth; dfishburn; jafl; perlguy0; dhiebert; vberthoux,0.0000,0.0000,-1,-1,BetaParser,extern parserDefinition* BetaParser (void),LuaParser,extern parserDefinition* LuaParser (void)
103,Type2,Block,8,23,74,2,173,18,341,16,168,0,0,0,100,beta.c,verilog.c,1,darren,darren,0.0000,0.0000,-1,-1,BetaParser,extern parserDefinition* BetaParser (void),VerilogParser,extern parserDefinition* VerilogParser (void)
104,Type2,Block,8,23,343,2,786,18,Still Active,16,30,0,0,0,100,beta.c,vim.c,1,darren,dfishburn; vberthoux; elias; perlguy0,0.0000,0.0000,-1,-1,BetaParser,extern parserDefinition* BetaParser (void),VimParser,extern parserDefinition* VimParser (void)
105,Type2,Block,8,24,25,2,2,18,18,16,16,0,0,0,100,vim.c,ruby.c,1,darren,darren,0.0000,0.0000,-1,-1,VimParser,extern parserDefinition* VimParser (void),RubyParser,extern parserDefinition* RubyParser (void)
106,Type2,Block,8,24,65,2,43,18,Still Active,16,773,0,0,0,100,vim.c,lua.c,1,darren,darren; elias; elliotth; dfishburn; jafl; perlguy0; dhiebert; vberthoux,0.0000,0.0000,-1,-1,VimParser,extern parserDefinition* VimParser (void),LuaParser,extern parserDefinition* LuaParser (void)
107,Type2,Block,8,24,74,2,173,18,341,16,168,0,0,0,100,vim.c,verilog.c,1,darren,darren,0.0000,0.0000,-1,-1,VimParser,extern parserDefinition* VimParser (void),VerilogParser,extern parserDefinition* VerilogParser (void)
108,Type2,Block,8,24,343,2,786,18,Still Active,16,30,0,0,0,100,vim.c,vim.c,0,darren,dfishburn; vberthoux; elias; perlguy0,0.0000,0.0000,-1,-1,VimParser,extern parserDefinition* VimParser (void),VimParser,extern parserDefinition* VimParser (void)
109,Type2,Block,8,25,65,2,43,18,Still Active,16,773,0,0,0,100,ruby.c,lua.c,1,darren,darren; elias; elliotth; dfishburn; jafl; perlguy0; dhiebert; vberthoux,0.0000,0.0000,-1,-1,RubyParser,extern parserDefinition* RubyParser (void),LuaParser,extern parserDefinition* LuaParser (void)
110,Type2,Block,8,25,74,2,173,18,341,16,168,0,0,0,100,ruby.c,verilog.c,1,darren,darren,0.0000,0.0000,-1,-1,RubyParser,extern parserDefinition* RubyParser (void),VerilogParser,extern parserDefinition* VerilogParser (void)
111,Type2,Block,8,25,343,2,786,18,Still Active,16,30,0,0,0,100,ruby.c,vim.c,1,darren,dfishburn; vberthoux; elias; perlguy0,0.0000,0.0000,-1,-1,RubyParser,extern parserDefinition* RubyParser (void),VimParser,extern parserDefinition* VimParser (void)
112,Type2,Block,8,65,74,43,173,Still Active,341,773,168,0,0,0,100,lua.c,verilog.c,1,darren; elias; elliotth; dfishburn; jafl; perlguy0; dhiebert; vberthoux,darren,0.0000,0.0000,-1,-1,LuaParser,extern parserDefinition* LuaParser (void),VerilogParser,extern parserDefinition* VerilogParser (void)
113,Type2,Block,8,65,343,43,786,Still Active,Still Active,773,30,0,0,1,100,lua.c,vim.c,1,darren; elias; elliotth; dfishburn; jafl; perlguy0; dhiebert; vberthoux,dfishburn; vberthoux; elias; perlguy0,0.0000,0.0000,-1,29,LuaParser,extern parserDefinition* LuaParser (void),VimParser,extern parserDefinition* VimParser (void)
114,Type2,Block,8,74,343,173,786,341,Still Active,168,30,0,0,0,100,verilog.c,vim.c,1,darren,dfishburn; vberthoux; elias; perlguy0,0.0000,0.0000,-1,-1,VerilogParser,extern parserDefinition* VerilogParser (void),VimParser,extern parserDefinition* VimParser (void)
115,Type2,Block,9,26,27,2,2,18,18,16,16,0,0,0,100,fortran.c,fortran.c,0,darren,darren,0.0000,0.0000,-1,-1,parseTypeDeclarationStmt,static void parseTypeDeclarationStmt (tokenInfo *const token),parseComponentDefStmt,static void parseComponentDefStmt (tokenInfo *const token)
116,Type2,Block,9,26,78,2,215,18,284,16,69,0,0,0,100,fortran.c,fortran.c,0,darren,darren,0.0000,0.0000,-1,-1,parseTypeDeclarationStmt,static void parseTypeDeclarationStmt (tokenInfo *const token),buildFortranKeywordHash,static void buildFortranKeywordHash (void)
117,Type2,Block,9,26,79,2,215,18,284,16,69,0,0,0,100,fortran.c,sql.c,1,darren,darren,0.0000,0.0000,-1,-1,parseTypeDeclarationStmt,static void parseTypeDeclarationStmt (tokenInfo *const token),buildSqlKeywordHash,static void buildSqlKeywordHash (void)
118,Type2,Block,9,26,94,2,264,18,Still Active,16,552,0,0,0,100,fortran.c,erlang.c,1,darren,darren; elias; elliotth; dfishburn; jafl; perlguy0; dhiebert; vberthoux,0.0000,0.0000,-1,-1,parseTypeDeclarationStmt,static void parseTypeDeclarationStmt (tokenInfo *const token),skipSpace,static const unsigned char *skipSpace (const unsigned char *cp)
119,Type2,Block,9,26,266,2,693,18,Still Active,16,123,0,0,0,100,fortran.c,dosbatch.c,1,darren,dfishburn; elias; dhiebert; jafl; elliotth; vberthoux; perlguy0,0.0000,0.0000,-1,-1,parseTypeDeclarationStmt,static void parseTypeDeclarationStmt (tokenInfo *const token),DosBatchParser,extern parserDefinition* DosBatchParser ()
120,Type2,Block,9,26,267,2,693,18,Still Active,16,123,0,0,0,100,fortran.c,html.c,1,darren,dfishburn; elias; dhiebert; jafl; elliotth; vberthoux; perlguy0,0.0000,0.0000,-1,-1,parseTypeDeclarationStmt,static void parseTypeDeclarationStmt (tokenInfo *const token),HtmlParser,extern parserDefinition* HtmlParser (void)
121,Type2,Block,9,27,78,2,215,18,284,16,69,0,0,0,100,fortran.c,fortran.c,0,darren,darren,0.0000,0.0000,-1,-1,parseComponentDefStmt,static void parseComponentDefStmt (tokenInfo *const token),buildFortranKeywordHash,static void buildFortranKeywordHash (void)
122,Type2,Block,9,27,79,2,215,18,284,16,69,0,0,0,100,fortran.c,sql.c,1,darren,darren,0.0000,0.0000,-1,-1,parseComponentDefStmt,static void parseComponentDefStmt (tokenInfo *const token),buildSqlKeywordHash,static void buildSqlKeywordHash (void)
123,Type2,Block,9,27,94,2,264,18,Still Active,16,552,0,0,0,100,fortran.c,erlang.c,1,darren,darren; elias; elliotth; dfishburn; jafl; perlguy0; dhiebert; vberthoux,0.0000,0.0000,-1,-1,parseComponentDefStmt,static void parseComponentDefStmt (tokenInfo *const token),skipSpace,static const unsigned char *skipSpace (const unsigned char *cp)
124,Type2,Block,9,27,266,2,693,18,Still Active,16,123,0,0,0,100,fortran.c,dosbatch.c,1,darren,dfishburn; elias; dhiebert; jafl; elliotth; vberthoux; perlguy0,0.0000,0.0000,-1,-1,parseComponentDefStmt,static void parseComponentDefStmt (tokenInfo *const token),DosBatchParser,extern parserDefinition* DosBatchParser ()
125,Type2,Block,9,27,267,2,693,18,Still Active,16,123,0,0,0,100,fortran.c,html.c,1,darren,dfishburn; elias; dhiebert; jafl; elliotth; vberthoux; perlguy0,0.0000,0.0000,-1,-1,parseComponentDefStmt,static void parseComponentDefStmt (tokenInfo *const token),HtmlParser,extern parserDefinition* HtmlParser (void)
126,Type2,Block,9,78,79,215,215,284,284,69,69,0,0,0,100,fortran.c,sql.c,1,darren,darren,0.0000,0.0000,-1,-1,buildFortranKeywordHash,static void buildFortranKeywordHash (void),buildSqlKeywordHash,static void buildSqlKeywordHash (void)
127,Type2,Block,9,78,94,215,264,284,Still Active,69,552,0,0,0,100,fortran.c,erlang.c,1,darren,darren; elias; elliotth; dfishburn; jafl; perlguy0; dhiebert; vberthoux,0.0000,0.0000,-1,-1,buildFortranKeywordHash,static void buildFortranKeywordHash (void),skipSpace,static const unsigned char *skipSpace (const unsigned char *cp)
128,Type2,Block,9,78,266,215,693,284,Still Active,69,123,0,0,0,100,fortran.c,dosbatch.c,1,darren,dfishburn; elias; dhiebert; jafl; elliotth; vberthoux; perlguy0,0.0000,0.0000,-1,-1,buildFortranKeywordHash,static void buildFortranKeywordHash (void),DosBatchParser,extern parserDefinition* DosBatchParser ()
129,Type2,Block,9,78,267,215,693,284,Still Active,69,123,0,0,0,100,fortran.c,html.c,1,darren,dfishburn; elias; dhiebert; jafl; elliotth; vberthoux; perlguy0,0.0000,0.0000,-1,-1,buildFortranKeywordHash,static void buildFortranKeywordHash (void),HtmlParser,extern parserDefinition* HtmlParser (void)
130,Type2,Block,9,79,94,215,264,284,Still Active,69,552,0,0,0,100,sql.c,erlang.c,1,darren,darren; elias; elliotth; dfishburn; jafl; perlguy0; dhiebert; vberthoux,0.0000,0.0000,-1,-1,buildSqlKeywordHash,static void buildSqlKeywordHash (void),skipSpace,static const unsigned char *skipSpace (const unsigned char *cp)
131,Type2,Block,9,79,266,215,693,284,Still Active,69,123,0,0,0,100,sql.c,dosbatch.c,1,darren,dfishburn; elias; dhiebert; jafl; elliotth; vberthoux; perlguy0,0.0000,0.0000,-1,-1,buildSqlKeywordHash,static void buildSqlKeywordHash (void),DosBatchParser,extern parserDefinition* DosBatchParser ()
132,Type2,Block,9,79,267,215,693,284,Still Active,69,123,0,0,0,100,sql.c,html.c,1,darren,dfishburn; elias; dhiebert; jafl; elliotth; vberthoux; perlguy0,0.0000,0.0000,-1,-1,buildSqlKeywordHash,static void buildSqlKeywordHash (void),HtmlParser,extern parserDefinition* HtmlParser (void)
133,Type2,Block,9,94,266,264,693,Still Active,Still Active,552,123,0,0,0,100,erlang.c,dosbatch.c,1,darren; elias; elliotth; dfishburn; jafl; perlguy0; dhiebert; vberthoux,dfishburn; elias; dhiebert; jafl; elliotth; vberthoux; perlguy0,0.0000,0.0000,-1,373,skipSpace,static const unsigned char *skipSpace (const unsigned char *cp),DosBatchParser,extern parserDefinition* DosBatchParser ()
134,Type2,Block,9,94,267,264,693,Still Active,Still Active,552,123,0,0,0,100,erlang.c,html.c,1,darren; elias; elliotth; dfishburn; jafl; perlguy0; dhiebert; vberthoux,dfishburn; elias; dhiebert; jafl; elliotth; vberthoux; perlguy0,0.0000,0.0000,-1,373,skipSpace,static const unsigned char *skipSpace (const unsigned char *cp),HtmlParser,extern parserDefinition* HtmlParser (void)
135,Type2,Block,9,266,267,693,693,Still Active,Still Active,123,123,0,0,0,100,dosbatch.c,html.c,1,dfishburn; elias; dhiebert; jafl; elliotth; vberthoux; perlguy0,dfishburn; elias; dhiebert; jafl; elliotth; vberthoux; perlguy0,0.0000,0.0000,-1,-1,DosBatchParser,extern parserDefinition* DosBatchParser (),HtmlParser,extern parserDefinition* HtmlParser (void)
136,Type2,Block,10,28,29,2,2,18,18,16,16,0,0,0,100,fortran.c,fortran.c,0,darren,darren,0.0000,0.0000,-1,-1,tagSlashName,"static void tagSlashName (tokenInfo *const token, const tagType type)",parseInterfaceBlock,static void parseInterfaceBlock (tokenInfo *const token)
137,Type2,Block,10,28,75,2,188,18,284,16,96,0,0,0,100,fortran.c,fortran.c,0,darren,darren,0.0000,0.0000,-1,-1,tagSlashName,"static void tagSlashName (tokenInfo *const token, const tagType type)",parseBlockData,static void parseBlockData (tokenInfo *const token)
138,Type2,Block,10,28,80,2,215,18,284,16,69,0,0,0,100,fortran.c,fortran.c,0,darren,darren,0.0000,0.0000,-1,-1,tagSlashName,"static void tagSlashName (tokenInfo *const token, const tagType type)",newToken,static tokenInfo *newToken (void)
139,Type2,Block,10,28,81,2,215,18,284,16,69,0,0,0,100,fortran.c,sql.c,1,darren,darren,0.0000,0.0000,-1,-1,tagSlashName,"static void tagSlashName (tokenInfo *const token, const tagType type)",newToken,static tokenInfo *newToken (void)
140,Type2,Block,10,28,95,2,264,18,Still Active,16,552,0,0,0,100,fortran.c,erlang.c,1,darren,darren; elias; elliotth; dfishburn; jafl; perlguy0; dhiebert; vberthoux,0.0000,0.0000,-1,-1,tagSlashName,"static void tagSlashName (tokenInfo *const token, const tagType type)",NULL,NULL
141,Type2,Block,10,28,96,2,264,18,Still Active,16,552,0,0,0,100,fortran.c,python.c,1,darren,darren; elias; dhiebert; elliotth; dfishburn; jafl; perlguy0; vberthoux,0.0000,0.0000,-1,-1,tagSlashName,"static void tagSlashName (tokenInfo *const token, const tagType type)",NULL,NULL
142,Type2,Block,10,28,117,2,431,18,435,16,4,0,0,0,100,fortran.c,make.c,1,darren,darren,0.0000,0.0000,-1,-1,tagSlashName,"static void tagSlashName (tokenInfo *const token, const tagType type)",NULL,NULL
143,Type2,Block,10,29,75,2,188,18,284,16,96,0,0,0,100,fortran.c,fortran.c,0,darren,darren,0.0000,0.0000,-1,-1,parseInterfaceBlock,static void parseInterfaceBlock (tokenInfo *const token),parseBlockData,static void parseBlockData (tokenInfo *const token)
144,Type2,Block,10,29,80,2,215,18,284,16,69,0,0,0,100,fortran.c,fortran.c,0,darren,darren,0.0000,0.0000,-1,-1,parseInterfaceBlock,static void parseInterfaceBlock (tokenInfo *const token),newToken,static tokenInfo *newToken (void)
145,Type2,Block,10,29,81,2,215,18,284,16,69,0,0,0,100,fortran.c,sql.c,1,darren,darren,0.0000,0.0000,-1,-1,parseInterfaceBlock,static void parseInterfaceBlock (tokenInfo *const token),newToken,static tokenInfo *newToken (void)
146,Type2,Block,10,29,95,2,264,18,Still Active,16,552,0,0,0,100,fortran.c,erlang.c,1,darren,darren; elias; elliotth; dfishburn; jafl; perlguy0; dhiebert; vberthoux,0.0000,0.0000,-1,-1,parseInterfaceBlock,static void parseInterfaceBlock (tokenInfo *const token),NULL,NULL
147,Type2,Block,10,29,96,2,264,18,Still Active,16,552,0,0,0,100,fortran.c,python.c,1,darren,darren; elias; dhiebert; elliotth; dfishburn; jafl; perlguy0; vberthoux,0.0000,0.0000,-1,-1,parseInterfaceBlock,static void parseInterfaceBlock (tokenInfo *const token),NULL,NULL
148,Type2,Block,10,29,117,2,431,18,435,16,4,0,0,0,100,fortran.c,make.c,1,darren,darren,0.0000,0.0000,-1,-1,parseInterfaceBlock,static void parseInterfaceBlock (tokenInfo *const token),NULL,NULL
149,Type2,Block,10,75,80,188,215,284,284,96,69,0,3,0,100,fortran.c,fortran.c,0,darren,darren,0.0000,0.0000,-1,2,parseBlockData,static void parseBlockData (tokenInfo *const token),newToken,static tokenInfo *newToken (void)
150,Type2,Block,10,75,81,188,215,284,284,96,69,0,3,0,100,fortran.c,sql.c,1,darren,darren,0.0000,0.0000,-1,2,parseBlockData,static void parseBlockData (tokenInfo *const token),newToken,static tokenInfo *newToken (void)
151,Type2,Block,10,75,95,188,264,284,Still Active,96,552,0,2,0,100,fortran.c,erlang.c,1,darren,darren; elias; elliotth; dfishburn; jafl; perlguy0; dhiebert; vberthoux,0.0000,0.0000,-1,2,parseBlockData,static void parseBlockData (tokenInfo *const token),NULL,NULL
152,Type2,Block,10,75,96,188,264,284,Still Active,96,552,0,2,0,100,fortran.c,python.c,1,darren,darren; elias; dhiebert; elliotth; dfishburn; jafl; perlguy0; vberthoux,0.0000,0.0000,-1,2,parseBlockData,static void parseBlockData (tokenInfo *const token),NULL,NULL
153,Type2,Block,10,75,117,188,431,284,435,96,4,0,0,0,100,fortran.c,make.c,1,darren,darren,0.0000,0.0000,-1,2,parseBlockData,static void parseBlockData (tokenInfo *const token),NULL,NULL
154,Type2,Block,10,80,81,215,215,284,284,69,69,0,0,0,100,fortran.c,sql.c,1,darren,darren,0.0000,0.0000,-1,-1,newToken,static tokenInfo *newToken (void),newToken,static tokenInfo *newToken (void)
155,Type2,Block,10,80,95,215,264,284,Still Active,69,552,0,0,0,100,fortran.c,erlang.c,1,darren,darren; elias; elliotth; dfishburn; jafl; perlguy0; dhiebert; vberthoux,0.0000,0.0000,-1,-1,newToken,static tokenInfo *newToken (void),NULL,NULL
156,Type2,Block,10,80,96,215,264,284,Still Active,69,552,0,0,0,100,fortran.c,python.c,1,darren,darren; elias; dhiebert; elliotth; dfishburn; jafl; perlguy0; vberthoux,0.0000,0.0000,-1,-1,newToken,static tokenInfo *newToken (void),NULL,NULL
157,Type2,Block,10,80,117,215,431,284,435,69,4,0,0,0,100,fortran.c,make.c,1,darren,darren,0.0000,0.0000,-1,-1,newToken,static tokenInfo *newToken (void),NULL,NULL
158,Type2,Block,10,81,95,215,264,284,Still Active,69,552,0,0,0,100,sql.c,erlang.c,1,darren,darren; elias; elliotth; dfishburn; jafl; perlguy0; dhiebert; vberthoux,0.0000,0.0000,-1,-1,newToken,static tokenInfo *newToken (void),NULL,NULL
159,Type2,Block,10,81,96,215,264,284,Still Active,69,552,0,0,0,100,sql.c,python.c,1,darren,darren; elias; dhiebert; elliotth; dfishburn; jafl; perlguy0; vberthoux,0.0000,0.0000,-1,-1,newToken,static tokenInfo *newToken (void),NULL,NULL
160,Type2,Block,10,81,117,215,431,284,435,69,4,0,0,0,100,sql.c,make.c,1,darren,darren,0.0000,0.0000,-1,-1,newToken,static tokenInfo *newToken (void),NULL,NULL
161,Type2,Block,10,95,96,264,264,Still Active,Still Active,552,552,1,0,6,100,erlang.c,python.c,1,darren; elias; elliotth; dfishburn; jafl; perlguy0; dhiebert; vberthoux,darren; elias; dhiebert; elliotth; dfishburn; jafl; perlguy0; vberthoux,0.0000,-0.0381,373,39,NULL,NULL,NULL,NULL
162,Type2,Block,10,95,117,264,431,Still Active,435,552,4,0,0,1,100,erlang.c,make.c,1,darren; elias; elliotth; dfishburn; jafl; perlguy0; dhiebert; vberthoux,darren,0.0000,0.0000,-1,4,NULL,NULL,NULL,NULL
163,Type2,Block,10,96,117,264,431,Still Active,435,552,4,0,0,1,100,python.c,make.c,1,darren; elias; dhiebert; elliotth; dfishburn; jafl; perlguy0; vberthoux,darren,0.0000,0.0000,-1,4,NULL,NULL,NULL,NULL
164,Type2,Block,11,30,31,2,2,18,18,16,16,0,0,0,100,get.c,get.c,0,darren,darren,0.0000,0.0000,-1,-1,skipOverCplusComment,static int skipOverCplusComment (void),skipToEndOfString,static int skipToEndOfString (void)
165,Type2,Block,11,30,82,2,215,18,331,16,116,0,0,0,100,get.c,sql.c,1,darren,darren,0.0000,0.0000,-1,-1,skipOverCplusComment,static int skipOverCplusComment (void),parsePackage,static void parsePackage (tokenInfo *const token)
166,Type2,Block,11,30,83,2,215,18,331,16,116,0,0,0,100,get.c,sql.c,1,darren,darren,0.0000,0.0000,-1,-1,skipOverCplusComment,static int skipOverCplusComment (void),parseSubProgram,static void parseSubProgram (tokenInfo *const token)
167,Type2,Block,11,30,97,2,264,18,265,16,1,0,0,0,100,get.c,erlang.c,1,darren,darren,0.0000,0.0000,-1,-1,skipOverCplusComment,static int skipOverCplusComment (void),NULL,NULL
168,Type2,Block,11,30,98,2,264,18,265,16,1,0,0,0,100,get.c,erlang.c,1,darren,darren,0.0000,0.0000,-1,-1,skipOverCplusComment,static int skipOverCplusComment (void),makeFunctionTag,"static void makeFunctionTag (vString *const name, vString *const module)"
169,Type2,Block,11,30,101,2,265,18,Still Active,16,551,0,0,0,100,get.c,erlang.c,1,darren,darren; elias; elliotth; dfishburn; jafl; perlguy0; dhiebert; vberthoux,0.0000,0.0000,-1,-1,skipOverCplusComment,static int skipOverCplusComment (void),parseSimpleTag,"static void parseSimpleTag (const unsigned char *cp, erlangKind kind)"
170,Type2,Block,11,30,102,2,265,18,Still Active,16,551,0,0,0,100,get.c,erlang.c,1,darren,darren; elias; elliotth; dfishburn; jafl; perlguy0; dhiebert; vberthoux,0.0000,0.0000,-1,-1,skipOverCplusComment,static int skipOverCplusComment (void),parseFunctionTag,"static void parseFunctionTag (const unsigned char *cp, vString *const module)"
171,Type2,Block,11,31,82,2,215,18,331,16,116,0,0,0,100,get.c,sql.c,1,darren,darren,0.0000,0.0000,-1,-1,skipToEndOfString,static int skipToEndOfString (void),parsePackage,static void parsePackage (tokenInfo *const token)
172,Type2,Block,11,31,83,2,215,18,331,16,116,0,0,0,100,get.c,sql.c,1,darren,darren,0.0000,0.0000,-1,-1,skipToEndOfString,static int skipToEndOfString (void),parseSubProgram,static void parseSubProgram (tokenInfo *const token)
173,Type2,Block,11,31,97,2,264,18,265,16,1,0,0,0,100,get.c,erlang.c,1,darren,darren,0.0000,0.0000,-1,-1,skipToEndOfString,static int skipToEndOfString (void),NULL,NULL
174,Type2,Block,11,31,98,2,264,18,265,16,1,0,0,0,100,get.c,erlang.c,1,darren,darren,0.0000,0.0000,-1,-1,skipToEndOfString,static int skipToEndOfString (void),makeFunctionTag,"static void makeFunctionTag (vString *const name, vString *const module)"
175,Type2,Block,11,31,101,2,265,18,Still Active,16,551,0,0,0,100,get.c,erlang.c,1,darren,darren; elias; elliotth; dfishburn; jafl; perlguy0; dhiebert; vberthoux,0.0000,0.0000,-1,-1,skipToEndOfString,static int skipToEndOfString (void),parseSimpleTag,"static void parseSimpleTag (const unsigned char *cp, erlangKind kind)"
176,Type2,Block,11,31,102,2,265,18,Still Active,16,551,0,0,0,100,get.c,erlang.c,1,darren,darren; elias; elliotth; dfishburn; jafl; perlguy0; dhiebert; vberthoux,0.0000,0.0000,-1,-1,skipToEndOfString,static int skipToEndOfString (void),parseFunctionTag,"static void parseFunctionTag (const unsigned char *cp, vString *const module)"
177,Type2,Block,11,82,83,215,215,331,331,116,116,1,0,0,100,sql.c,sql.c,0,darren,darren,1.0000,1.0000,42,-1,parsePackage,static void parsePackage (tokenInfo *const token),parseSubProgram,static void parseSubProgram (tokenInfo *const token)
178,Type2,Block,11,82,97,215,264,331,265,116,1,0,0,0,100,sql.c,erlang.c,1,darren,darren,0.0000,0.0000,-1,-1,parsePackage,static void parsePackage (tokenInfo *const token),NULL,NULL
179,Type2,Block,11,82,98,215,264,331,265,116,1,0,0,0,100,sql.c,erlang.c,1,darren,darren,0.0000,0.0000,-1,-1,parsePackage,static void parsePackage (tokenInfo *const token),makeFunctionTag,"static void makeFunctionTag (vString *const name, vString *const module)"
180,Type2,Block,11,82,101,215,265,331,Still Active,116,551,0,1,1,100,sql.c,erlang.c,1,darren,darren; elias; elliotth; dfishburn; jafl; perlguy0; dhiebert; vberthoux,0.0000,0.0000,-1,42,parsePackage,static void parsePackage (tokenInfo *const token),parseSimpleTag,"static void parseSimpleTag (const unsigned char *cp, erlangKind kind)"
181,Type2,Block,11,82,102,215,265,331,Still Active,116,551,0,1,1,100,sql.c,erlang.c,1,darren,darren; elias; elliotth; dfishburn; jafl; perlguy0; dhiebert; vberthoux,0.0000,0.0000,-1,42,parsePackage,static void parsePackage (tokenInfo *const token),parseFunctionTag,"static void parseFunctionTag (const unsigned char *cp, vString *const module)"
182,Type2,Block,11,83,97,215,264,331,265,116,1,0,0,0,100,sql.c,erlang.c,1,darren,darren,0.0000,0.0000,-1,-1,parseSubProgram,static void parseSubProgram (tokenInfo *const token),NULL,NULL
183,Type2,Block,11,83,98,215,264,331,265,116,1,0,0,0,100,sql.c,erlang.c,1,darren,darren,0.0000,0.0000,-1,-1,parseSubProgram,static void parseSubProgram (tokenInfo *const token),makeFunctionTag,"static void makeFunctionTag (vString *const name, vString *const module)"
184,Type2,Block,11,83,101,215,265,331,Still Active,116,551,0,1,1,100,sql.c,erlang.c,1,darren,darren; elias; elliotth; dfishburn; jafl; perlguy0; dhiebert; vberthoux,0.0000,0.0000,-1,42,parseSubProgram,static void parseSubProgram (tokenInfo *const token),parseSimpleTag,"static void parseSimpleTag (const unsigned char *cp, erlangKind kind)"
185,Type2,Block,11,83,102,215,265,331,Still Active,116,551,0,1,1,100,sql.c,erlang.c,1,darren,darren; elias; elliotth; dfishburn; jafl; perlguy0; dhiebert; vberthoux,0.0000,0.0000,-1,42,parseSubProgram,static void parseSubProgram (tokenInfo *const token),parseFunctionTag,"static void parseFunctionTag (const unsigned char *cp, vString *const module)"
186,Type2,Block,11,97,98,264,264,265,265,1,1,0,0,0,100,erlang.c,erlang.c,0,darren,darren,0.0000,0.0000,-1,-1,NULL,NULL,makeFunctionTag,"static void makeFunctionTag (vString *const name, vString *const module)"
187,Type2,Block,11,97,101,264,265,265,Still Active,1,551,0,0,1,100,erlang.c,erlang.c,0,darren,darren; elias; elliotth; dfishburn; jafl; perlguy0; dhiebert; vberthoux,0.0000,0.0000,-1,0,NULL,NULL,parseSimpleTag,"static void parseSimpleTag (const unsigned char *cp, erlangKind kind)"
188,Type2,Block,11,97,102,264,265,265,Still Active,1,551,0,0,1,100,erlang.c,erlang.c,0,darren,darren; elias; elliotth; dfishburn; jafl; perlguy0; dhiebert; vberthoux,0.0000,0.0000,-1,0,NULL,NULL,parseFunctionTag,"static void parseFunctionTag (const unsigned char *cp, vString *const module)"
189,Type2,Block,11,98,101,264,265,265,Still Active,1,551,0,0,1,100,erlang.c,erlang.c,0,darren,darren; elias; elliotth; dfishburn; jafl; perlguy0; dhiebert; vberthoux,0.0000,0.0000,-1,0,makeFunctionTag,"static void makeFunctionTag (vString *const name, vString *const module)",parseSimpleTag,"static void parseSimpleTag (const unsigned char *cp, erlangKind kind)"
190,Type2,Block,11,98,102,264,265,265,Still Active,1,551,0,0,1,100,erlang.c,erlang.c,0,darren,darren; elias; elliotth; dfishburn; jafl; perlguy0; dhiebert; vberthoux,0.0000,0.0000,-1,0,makeFunctionTag,"static void makeFunctionTag (vString *const name, vString *const module)",parseFunctionTag,"static void parseFunctionTag (const unsigned char *cp, vString *const module)"
191,Type2,Block,11,101,102,265,265,Still Active,Still Active,551,551,2,0,0,100,erlang.c,erlang.c,0,darren; elias; elliotth; dfishburn; jafl; perlguy0; dhiebert; vberthoux,darren; elias; elliotth; dfishburn; jafl; perlguy0; dhiebert; vberthoux,1.0000,-1.0000,373,-1,parseSimpleTag,"static void parseSimpleTag (const unsigned char *cp, erlangKind kind)",parseFunctionTag,"static void parseFunctionTag (const unsigned char *cp, vString *const module)"
192,Type2,Block,12,32,33,2,2,18,18,16,16,0,0,0,100,main.c,main.c,0,darren,darren,0.0000,0.0000,-1,-1,toLowerString,extern void toLowerString (char* str),toUpperString,extern void toUpperString (char* str)
193,Type2,Block,12,32,59,2,39,18,97,16,58,0,0,0,100,main.c,main.c,0,darren,darren,0.0000,0.0000,-1,-1,toLowerString,extern void toLowerString (char* str),stricmp,"extern int stricmp (const char *s1, const char *s2)"
194,Type2,Block,12,32,60,2,39,18,Still Active,16,777,0,0,0,100,main.c,readtags.c,1,darren,darren; elias; elliotth; dfishburn; jafl; perlguy0; dhiebert; vberthoux,0.0000,0.0000,-1,-1,toLowerString,extern void toLowerString (char* str),stricmp,"static int stricmp (const char *s1, const char *s2)"
195,Type2,Block,12,32,84,2,215,18,284,16,69,0,0,0,100,main.c,sql.c,1,darren,darren,0.0000,0.0000,-1,-1,toLowerString,extern void toLowerString (char* str),parseSimple,"static void parseSimple (tokenInfo *const token, const sqlKind kind)"
196,Type2,Block,12,32,99,2,264,18,Still Active,16,552,0,0,0,100,main.c,erlang.c,1,darren,darren; elias; elliotth; dfishburn; jafl; perlguy0; dhiebert; vberthoux,0.0000,0.0000,-1,-1,toLowerString,extern void toLowerString (char* str),ErlangParser,extern parserDefinition *ErlangParser (void)
197,Type2,Block,12,32,100,2,264,18,Still Active,16,552,0,0,0,100,main.c,tcl.c,1,darren,darren; elias; elliotth; dfishburn; jafl; perlguy0; dhiebert; vberthoux,0.0000,0.0000,-1,-1,toLowerString,extern void toLowerString (char* str),TclParser,extern parserDefinition* TclParser (void)
198,Type2,Block,12,32,163,2,526,18,676,16,150,0,0,0,100,main.c,python.c,1,darren,elias; dhiebert; elliotth; dfishburn; perlguy0; jafl,0.0000,0.0000,-1,-1,toLowerString,extern void toLowerString (char* str),PythonParser,extern parserDefinition *PythonParser (void)
199,Type2,Block,12,32,204,2,682,18,Still Active,16,134,0,0,0,100,main.c,flex.c,1,darren,dfishburn; elliotth; elias; dhiebert; jafl; vberthoux; perlguy0,0.0000,0.0000,-1,-1,toLowerString,extern void toLowerString (char* str),buildFlexKeywordHash,static void buildFlexKeywordHash (void)
200,Type2,Block,12,33,59,2,39,18,97,16,58,0,0,0,100,main.c,main.c,0,darren,darren,0.0000,0.0000,-1,-1,toUpperString,extern void toUpperString (char* str),stricmp,"extern int stricmp (const char *s1, const char *s2)"
201,Type2,Block,12,33,60,2,39,18,Still Active,16,777,0,0,0,100,main.c,readtags.c,1,darren,darren; elias; elliotth; dfishburn; jafl; perlguy0; dhiebert; vberthoux,0.0000,0.0000,-1,-1,toUpperString,extern void toUpperString (char* str),stricmp,"static int stricmp (const char *s1, const char *s2)"
202,Type2,Block,12,33,84,2,215,18,284,16,69,0,0,0,100,main.c,sql.c,1,darren,darren,0.0000,0.0000,-1,-1,toUpperString,extern void toUpperString (char* str),parseSimple,"static void parseSimple (tokenInfo *const token, const sqlKind kind)"
203,Type2,Block,12,33,99,2,264,18,Still Active,16,552,0,0,0,100,main.c,erlang.c,1,darren,darren; elias; elliotth; dfishburn; jafl; perlguy0; dhiebert; vberthoux,0.0000,0.0000,-1,-1,toUpperString,extern void toUpperString (char* str),ErlangParser,extern parserDefinition *ErlangParser (void)
204,Type2,Block,12,33,100,2,264,18,Still Active,16,552,0,0,0,100,main.c,tcl.c,1,darren,darren; elias; elliotth; dfishburn; jafl; perlguy0; dhiebert; vberthoux,0.0000,0.0000,-1,-1,toUpperString,extern void toUpperString (char* str),TclParser,extern parserDefinition* TclParser (void)
205,Type2,Block,12,33,163,2,526,18,676,16,150,0,0,0,100,main.c,python.c,1,darren,elias; dhiebert; elliotth; dfishburn; perlguy0; jafl,0.0000,0.0000,-1,-1,toUpperString,extern void toUpperString (char* str),PythonParser,extern parserDefinition *PythonParser (void)
206,Type2,Block,12,33,204,2,682,18,Still Active,16,134,0,0,0,100,main.c,flex.c,1,darren,dfishburn; elliotth; elias; dhiebert; jafl; vberthoux; perlguy0,0.0000,0.0000,-1,-1,toUpperString,extern void toUpperString (char* str),buildFlexKeywordHash,static void buildFlexKeywordHash (void)
207,Type2,Block,12,59,60,39,39,97,Still Active,58,777,0,0,2,100,main.c,readtags.c,1,darren,darren; elias; elliotth; dfishburn; jafl; perlguy0; dhiebert; vberthoux,0.0000,0.0000,-1,1,stricmp,"extern int stricmp (const char *s1, const char *s2)",stricmp,"static int stricmp (const char *s1, const char *s2)"
208,Type2,Block,12,59,84,39,215,97,284,58,69,0,0,0,100,main.c,sql.c,1,darren,darren,0.0000,0.0000,-1,-1,stricmp,"extern int stricmp (const char *s1, const char *s2)",parseSimple,"static void parseSimple (tokenInfo *const token, const sqlKind kind)"
209,Type2,Block,12,59,99,39,264,97,Still Active,58,552,0,0,0,100,main.c,erlang.c,1,darren,darren; elias; elliotth; dfishburn; jafl; perlguy0; dhiebert; vberthoux,0.0000,0.0000,-1,-1,stricmp,"extern int stricmp (const char *s1, const char *s2)",ErlangParser,extern parserDefinition *ErlangParser (void)
210,Type2,Block,12,59,100,39,264,97,Still Active,58,552,0,0,0,100,main.c,tcl.c,1,darren,darren; elias; elliotth; dfishburn; jafl; perlguy0; dhiebert; vberthoux,0.0000,0.0000,-1,-1,stricmp,"extern int stricmp (const char *s1, const char *s2)",TclParser,extern parserDefinition* TclParser (void)
211,Type2,Block,12,59,163,39,526,97,676,58,150,0,0,0,100,main.c,python.c,1,darren,elias; dhiebert; elliotth; dfishburn; perlguy0; jafl,0.0000,0.0000,-1,-1,stricmp,"extern int stricmp (const char *s1, const char *s2)",PythonParser,extern parserDefinition *PythonParser (void)
212,Type2,Block,12,59,204,39,682,97,Still Active,58,134,0,0,0,100,main.c,flex.c,1,darren,dfishburn; elliotth; elias; dhiebert; jafl; vberthoux; perlguy0,0.0000,0.0000,-1,-1,stricmp,"extern int stricmp (const char *s1, const char *s2)",buildFlexKeywordHash,static void buildFlexKeywordHash (void)
213,Type2,Block,12,60,84,39,215,Still Active,284,777,69,0,0,1,100,readtags.c,sql.c,1,darren; elias; elliotth; dfishburn; jafl; perlguy0; dhiebert; vberthoux,darren,0.0000,0.0000,-1,53,stricmp,"static int stricmp (const char *s1, const char *s2)",parseSimple,"static void parseSimple (tokenInfo *const token, const sqlKind kind)"
214,Type2,Block,12,60,99,39,264,Still Active,Still Active,777,552,1,0,0,100,readtags.c,erlang.c,1,darren; elias; elliotth; dfishburn; jafl; perlguy0; dhiebert; vberthoux,darren; elias; elliotth; dfishburn; jafl; perlguy0; dhiebert; vberthoux,1.0000,-1.0000,373,653,stricmp,"static int stricmp (const char *s1, const char *s2)",ErlangParser,extern parserDefinition *ErlangParser (void)
215,Type2,Block,12,60,100,39,264,Still Active,Still Active,777,552,1,0,0,100,readtags.c,tcl.c,1,darren; elias; elliotth; dfishburn; jafl; perlguy0; dhiebert; vberthoux,darren; elias; elliotth; dfishburn; jafl; perlguy0; dhiebert; vberthoux,1.0000,-1.0000,373,653,stricmp,"static int stricmp (const char *s1, const char *s2)",TclParser,extern parserDefinition* TclParser (void)
216,Type2,Block,12,60,163,39,526,Still Active,676,777,150,0,0,0,100,readtags.c,python.c,1,darren; elias; elliotth; dfishburn; jafl; perlguy0; dhiebert; vberthoux,elias; dhiebert; elliotth; dfishburn; perlguy0; jafl,0.0000,0.0000,-1,233,stricmp,"static int stricmp (const char *s1, const char *s2)",PythonParser,extern parserDefinition *PythonParser (void)
217,Type2,Block,12,60,204,39,682,Still Active,Still Active,777,134,0,0,0,100,readtags.c,flex.c,1,darren; elias; elliotth; dfishburn; jafl; perlguy0; dhiebert; vberthoux,dfishburn; elliotth; elias; dhiebert; jafl; vberthoux; perlguy0,0.0000,0.0000,-1,373,stricmp,"static int stricmp (const char *s1, const char *s2)",buildFlexKeywordHash,static void buildFlexKeywordHash (void)
218,Type2,Block,12,84,99,215,264,284,Still Active,69,552,0,0,0,100,sql.c,erlang.c,1,darren,darren; elias; elliotth; dfishburn; jafl; perlguy0; dhiebert; vberthoux,0.0000,0.0000,-1,53,parseSimple,"static void parseSimple (tokenInfo *const token, const sqlKind kind)",ErlangParser,extern parserDefinition *ErlangParser (void)
219,Type2,Block,12,84,100,215,264,284,Still Active,69,552,0,0,0,100,sql.c,tcl.c,1,darren,darren; elias; elliotth; dfishburn; jafl; perlguy0; dhiebert; vberthoux,0.0000,0.0000,-1,53,parseSimple,"static void parseSimple (tokenInfo *const token, const sqlKind kind)",TclParser,extern parserDefinition* TclParser (void)
220,Type2,Block,12,84,163,215,526,284,676,69,150,0,0,0,100,sql.c,python.c,1,darren,elias; dhiebert; elliotth; dfishburn; perlguy0; jafl,0.0000,0.0000,-1,53,parseSimple,"static void parseSimple (tokenInfo *const token, const sqlKind kind)",PythonParser,extern parserDefinition *PythonParser (void)
221,Type2,Block,12,84,204,215,682,284,Still Active,69,134,0,0,0,100,sql.c,flex.c,1,darren,dfishburn; elliotth; elias; dhiebert; jafl; vberthoux; perlguy0,0.0000,0.0000,-1,53,parseSimple,"static void parseSimple (tokenInfo *const token, const sqlKind kind)",buildFlexKeywordHash,static void buildFlexKeywordHash (void)
222,Type2,Block,12,99,100,264,264,Still Active,Still Active,552,552,1,0,0,100,erlang.c,tcl.c,1,darren; elias; elliotth; dfishburn; jafl; perlguy0; dhiebert; vberthoux,darren; elias; elliotth; dfishburn; jafl; perlguy0; dhiebert; vberthoux,1.0000,-1.0000,373,-1,ErlangParser,extern parserDefinition *ErlangParser (void),TclParser,extern parserDefinition* TclParser (void)
223,Type2,Block,12,99,163,264,526,Still Active,676,552,150,0,0,0,100,erlang.c,python.c,1,darren; elias; elliotth; dfishburn; jafl; perlguy0; dhiebert; vberthoux,elias; dhiebert; elliotth; dfishburn; perlguy0; jafl,0.0000,0.0000,-1,233,ErlangParser,extern parserDefinition *ErlangParser (void),PythonParser,extern parserDefinition *PythonParser (void)
224,Type2,Block,12,99,204,264,682,Still Active,Still Active,552,134,0,0,0,100,erlang.c,flex.c,1,darren; elias; elliotth; dfishburn; jafl; perlguy0; dhiebert; vberthoux,dfishburn; elliotth; elias; dhiebert; jafl; vberthoux; perlguy0,0.0000,0.0000,-1,373,ErlangParser,extern parserDefinition *ErlangParser (void),buildFlexKeywordHash,static void buildFlexKeywordHash (void)
225,Type2,Block,12,100,163,264,526,Still Active,676,552,150,0,0,0,100,tcl.c,python.c,1,darren; elias; elliotth; dfishburn; jafl; perlguy0; dhiebert; vberthoux,elias; dhiebert; elliotth; dfishburn; perlguy0; jafl,0.0000,0.0000,-1,233,TclParser,extern parserDefinition* TclParser (void),PythonParser,extern parserDefinition *PythonParser (void)
226,Type2,Block,12,100,204,264,682,Still Active,Still Active,552,134,0,0,0,100,tcl.c,flex.c,1,darren; elias; elliotth; dfishburn; jafl; perlguy0; dhiebert; vberthoux,dfishburn; elliotth; elias; dhiebert; jafl; vberthoux; perlguy0,0.0000,0.0000,-1,373,TclParser,extern parserDefinition* TclParser (void),buildFlexKeywordHash,static void buildFlexKeywordHash (void)
227,Type2,Block,12,163,204,526,682,676,Still Active,150,134,0,0,0,100,python.c,flex.c,1,elias; dhiebert; elliotth; dfishburn; perlguy0; jafl,dfishburn; elliotth; elias; dhiebert; jafl; vberthoux; perlguy0,0.0000,0.0000,-1,-1,PythonParser,extern parserDefinition *PythonParser (void),buildFlexKeywordHash,static void buildFlexKeywordHash (void)
228,Type2,Block,13,34,35,2,2,18,18,16,16,0,0,0,100,main.c,main.c,0,darren,darren,0.0000,0.0000,-1,-1,newLowerString,extern char* newLowerString (const char* str),newUpperString,extern char* newUpperString (const char* str)
229,Type2,Block,13,34,61,2,39,18,97,16,58,0,0,0,100,main.c,main.c,0,darren,darren,0.0000,0.0000,-1,-1,newLowerString,extern char* newLowerString (const char* str),strnicmp,"extern int strnicmp (const char *s1, const char *s2, size_t n)"
230,Type2,Block,13,34,62,2,39,18,Still Active,16,777,0,0,0,100,main.c,readtags.c,1,darren,darren; elias; elliotth; dfishburn; jafl; perlguy0; dhiebert; vberthoux,0.0000,0.0000,-1,-1,newLowerString,extern char* newLowerString (const char* str),strnicmp,"static int strnicmp (const char *s1, const char *s2, size_t n)"
231,Type2,Block,13,34,168,2,591,18,707,16,116,0,0,0,100,main.c,regex.c,1,darren,dhiebert; perlguy0; elliotth; jafl; elias; dfishburn,0.0000,0.0000,-1,-1,newLowerString,extern char* newLowerString (const char* str),NULL,NULL
232,Type2,Block,13,34,169,2,591,18,707,16,116,0,0,0,100,main.c,regex.c,1,darren,dhiebert; perlguy0; elliotth; jafl; elias; dfishburn,0.0000,0.0000,-1,-1,newLowerString,extern char* newLowerString (const char* str),NULL,NULL
233,Type2,Block,13,34,205,2,682,18,Still Active,16,134,0,0,0,100,main.c,flex.c,1,darren,dfishburn; elliotth; elias; dhiebert; jafl; vberthoux; perlguy0,0.0000,0.0000,-1,-1,newLowerString,extern char* newLowerString (const char* str),deleteToken,static void deleteToken (tokenInfo *const token)
234,Type2,Block,13,35,61,2,39,18,97,16,58,0,0,0,100,main.c,main.c,0,darren,darren,0.0000,0.0000,-1,-1,newUpperString,extern char* newUpperString (const char* str),strnicmp,"extern int strnicmp (const char *s1, const char *s2, size_t n)"
235,Type2,Block,13,35,62,2,39,18,Still Active,16,777,0,0,0,100,main.c,readtags.c,1,darren,darren; elias; elliotth; dfishburn; jafl; perlguy0; dhiebert; vberthoux,0.0000,0.0000,-1,-1,newUpperString,extern char* newUpperString (const char* str),strnicmp,"static int strnicmp (const char *s1, const char *s2, size_t n)"
236,Type2,Block,13,35,168,2,591,18,707,16,116,0,0,0,100,main.c,regex.c,1,darren,dhiebert; perlguy0; elliotth; jafl; elias; dfishburn,0.0000,0.0000,-1,-1,newUpperString,extern char* newUpperString (const char* str),NULL,NULL
237,Type2,Block,13,35,169,2,591,18,707,16,116,0,0,0,100,main.c,regex.c,1,darren,dhiebert; perlguy0; elliotth; jafl; elias; dfishburn,0.0000,0.0000,-1,-1,newUpperString,extern char* newUpperString (const char* str),NULL,NULL
238,Type2,Block,13,35,205,2,682,18,Still Active,16,134,0,0,0,100,main.c,flex.c,1,darren,dfishburn; elliotth; elias; dhiebert; jafl; vberthoux; perlguy0,0.0000,0.0000,-1,-1,newUpperString,extern char* newUpperString (const char* str),deleteToken,static void deleteToken (tokenInfo *const token)
239,Type2,Block,13,61,62,39,39,97,Still Active,58,777,0,0,3,100,main.c,readtags.c,1,darren,darren; elias; elliotth; dfishburn; jafl; perlguy0; dhiebert; vberthoux,0.0000,0.0000,-1,1,strnicmp,"extern int strnicmp (const char *s1, const char *s2, size_t n)",strnicmp,"static int strnicmp (const char *s1, const char *s2, size_t n)"
240,Type2,Block,13,61,168,39,591,97,707,58,116,0,0,0,100,main.c,regex.c,1,darren,dhiebert; perlguy0; elliotth; jafl; elias; dfishburn,0.0000,0.0000,-1,-1,strnicmp,"extern int strnicmp (const char *s1, const char *s2, size_t n)",NULL,NULL
241,Type2,Block,13,61,169,39,591,97,707,58,116,0,0,0,100,main.c,regex.c,1,darren,dhiebert; perlguy0; elliotth; jafl; elias; dfishburn,0.0000,0.0000,-1,-1,strnicmp,"extern int strnicmp (const char *s1, const char *s2, size_t n)",NULL,NULL
242,Type2,Block,13,61,205,39,682,97,Still Active,58,134,0,0,0,100,main.c,flex.c,1,darren,dfishburn; elliotth; elias; dhiebert; jafl; vberthoux; perlguy0,0.0000,0.0000,-1,-1,strnicmp,"extern int strnicmp (const char *s1, const char *s2, size_t n)",deleteToken,static void deleteToken (tokenInfo *const token)
243,Type2,Block,13,62,168,39,591,Still Active,707,777,116,0,0,0,100,readtags.c,regex.c,1,darren; elias; elliotth; dfishburn; jafl; perlguy0; dhiebert; vberthoux,dhiebert; perlguy0; elliotth; jafl; elias; dfishburn,0.0000,0.0000,-1,264,strnicmp,"static int strnicmp (const char *s1, const char *s2, size_t n)",NULL,NULL
244,Type2,Block,13,62,169,39,591,Still Active,707,777,116,0,0,0,100,readtags.c,regex.c,1,darren; elias; elliotth; dfishburn; jafl; perlguy0; dhiebert; vberthoux,dhiebert; perlguy0; elliotth; jafl; elias; dfishburn,0.0000,0.0000,-1,264,strnicmp,"static int strnicmp (const char *s1, const char *s2, size_t n)",NULL,NULL
245,Type2,Block,13,62,205,39,682,Still Active,Still Active,777,134,0,0,1,100,readtags.c,flex.c,1,darren; elias; elliotth; dfishburn; jafl; perlguy0; dhiebert; vberthoux,dfishburn; elliotth; elias; dhiebert; jafl; vberthoux; perlguy0,0.0000,0.0000,-1,61,strnicmp,"static int strnicmp (const char *s1, const char *s2, size_t n)",deleteToken,static void deleteToken (tokenInfo *const token)
246,Type2,Block,13,168,169,591,591,707,707,116,116,0,0,0,100,regex.c,regex.c,0,dhiebert; perlguy0; elliotth; jafl; elias; dfishburn,dhiebert; perlguy0; elliotth; jafl; elias; dfishburn,0.0000,0.0000,-1,-1,NULL,NULL,NULL,NULL
247,Type2,Block,13,168,205,591,682,707,Still Active,116,134,0,0,0,100,regex.c,flex.c,1,dhiebert; perlguy0; elliotth; jafl; elias; dfishburn,dfishburn; elliotth; elias; dhiebert; jafl; vberthoux; perlguy0,0.0000,0.0000,-1,-1,NULL,NULL,deleteToken,static void deleteToken (tokenInfo *const token)
248,Type2,Block,13,169,205,591,682,707,Still Active,116,134,0,0,0,100,regex.c,flex.c,1,dhiebert; perlguy0; elliotth; jafl; elias; dfishburn,dfishburn; elliotth; elias; dhiebert; jafl; vberthoux; perlguy0,0.0000,0.0000,-1,-1,NULL,NULL,deleteToken,static void deleteToken (tokenInfo *const token)
249,Type2,Block,14,36,37,2,2,18,18,16,16,0,0,0,100,options.c,options.c,0,darren,darren,0.0000,0.0000,-1,-1,freeString,static void freeString (char **const pString),freeList,extern void freeList (stringList** const pList)
250,Type2,Block,14,36,108,2,286,18,461,16,175,0,0,0,100,options.c,jscript.c,1,darren,darren; elias; elliotth,0.0000,0.0000,-1,-1,freeString,static void freeString (char **const pString),JavaScriptParser,extern parserDefinition* JavaScriptParser (void)
251,Type2,Block,14,36,170,2,591,18,707,16,116,0,0,0,100,options.c,regex.c,1,darren,dhiebert; perlguy0; elliotth; jafl; elias; dfishburn,0.0000,0.0000,-1,-1,freeString,static void freeString (char **const pString),NULL,NULL
252,Type2,Block,14,36,171,2,591,18,707,16,116,0,0,0,100,options.c,regex.c,1,darren,dhiebert; perlguy0; elliotth; jafl; elias; dfishburn,0.0000,0.0000,-1,-1,freeString,static void freeString (char **const pString),NULL,NULL
253,Type2,Block,14,36,172,2,591,18,707,16,116,0,0,0,100,options.c,regex.c,1,darren,dhiebert; perlguy0; elliotth; jafl; elias; dfishburn,0.0000,0.0000,-1,-1,freeString,static void freeString (char **const pString),NULL,NULL
254,Type2,Block,14,36,174,2,623,18,707,16,84,0,0,0,100,options.c,regex.c,1,darren,dhiebert; jafl; elliotth; elias; dfishburn,0.0000,0.0000,-1,-1,freeString,static void freeString (char **const pString),NULL,NULL
255,Type2,Block,14,36,175,2,623,18,707,16,84,0,0,0,100,options.c,regex.c,1,darren,dhiebert; jafl; elliotth; elias; dfishburn,0.0000,0.0000,-1,-1,freeString,static void freeString (char **const pString),NULL,NULL
256,Type2,Block,14,36,206,2,682,18,Still Active,16,134,0,0,0,100,options.c,flex.c,1,darren,dfishburn; elliotth; elias; dhiebert; jafl; vberthoux; perlguy0,0.0000,0.0000,-1,-1,freeString,static void freeString (char **const pString),makeConstTag,"static void makeConstTag (tokenInfo *const token, const flexKind kind)"
257,Type2,Block,14,36,268,2,693,18,Still Active,16,123,0,0,0,100,options.c,tex.c,1,darren,dfishburn; elias; dhiebert; jafl; elliotth; vberthoux; perlguy0,0.0000,0.0000,-1,-1,freeString,static void freeString (char **const pString),buildTexKeywordHash,static void buildTexKeywordHash (void)
258,Type2,Block,14,37,108,2,286,18,461,16,175,0,0,0,100,options.c,jscript.c,1,darren,darren; elias; elliotth,0.0000,0.0000,-1,-1,freeList,extern void freeList (stringList** const pList),JavaScriptParser,extern parserDefinition* JavaScriptParser (void)
259,Type2,Block,14,37,170,2,591,18,707,16,116,0,0,0,100,options.c,regex.c,1,darren,dhiebert; perlguy0; elliotth; jafl; elias; dfishburn,0.0000,0.0000,-1,-1,freeList,extern void freeList (stringList** const pList),NULL,NULL
260,Type2,Block,14,37,171,2,591,18,707,16,116,0,0,0,100,options.c,regex.c,1,darren,dhiebert; perlguy0; elliotth; jafl; elias; dfishburn,0.0000,0.0000,-1,-1,freeList,extern void freeList (stringList** const pList),NULL,NULL
261,Type2,Block,14,37,172,2,591,18,707,16,116,0,0,0,100,options.c,regex.c,1,darren,dhiebert; perlguy0; elliotth; jafl; elias; dfishburn,0.0000,0.0000,-1,-1,freeList,extern void freeList (stringList** const pList),NULL,NULL
262,Type2,Block,14,37,174,2,623,18,707,16,84,0,0,0,100,options.c,regex.c,1,darren,dhiebert; jafl; elliotth; elias; dfishburn,0.0000,0.0000,-1,-1,freeList,extern void freeList (stringList** const pList),NULL,NULL
263,Type2,Block,14,37,175,2,623,18,707,16,84,0,0,0,100,options.c,regex.c,1,darren,dhiebert; jafl; elliotth; elias; dfishburn,0.0000,0.0000,-1,-1,freeList,extern void freeList (stringList** const pList),NULL,NULL
264,Type2,Block,14,37,206,2,682,18,Still Active,16,134,0,0,0,100,options.c,flex.c,1,darren,dfishburn; elliotth; elias; dhiebert; jafl; vberthoux; perlguy0,0.0000,0.0000,-1,-1,freeList,extern void freeList (stringList** const pList),makeConstTag,"static void makeConstTag (tokenInfo *const token, const flexKind kind)"
265,Type2,Block,14,37,268,2,693,18,Still Active,16,123,0,0,0,100,options.c,tex.c,1,darren,dfishburn; elias; dhiebert; jafl; elliotth; vberthoux; perlguy0,0.0000,0.0000,-1,-1,freeList,extern void freeList (stringList** const pList),buildTexKeywordHash,static void buildTexKeywordHash (void)
266,Type2,Block,14,108,170,286,591,461,707,175,116,0,0,0,100,jscript.c,regex.c,1,darren; elias; elliotth,dhiebert; perlguy0; elliotth; jafl; elias; dfishburn,0.0000,0.0000,-1,18,JavaScriptParser,extern parserDefinition* JavaScriptParser (void),NULL,NULL
267,Type2,Block,14,108,171,286,591,461,707,175,116,0,0,0,100,jscript.c,regex.c,1,darren; elias; elliotth,dhiebert; perlguy0; elliotth; jafl; elias; dfishburn,0.0000,0.0000,-1,18,JavaScriptParser,extern parserDefinition* JavaScriptParser (void),NULL,NULL
268,Type2,Block,14,108,172,286,591,461,707,175,116,0,0,0,100,jscript.c,regex.c,1,darren; elias; elliotth,dhiebert; perlguy0; elliotth; jafl; elias; dfishburn,0.0000,0.0000,-1,18,JavaScriptParser,extern parserDefinition* JavaScriptParser (void),NULL,NULL
269,Type2,Block,14,108,174,286,623,461,707,175,84,0,0,0,100,jscript.c,regex.c,1,darren; elias; elliotth,dhiebert; jafl; elliotth; elias; dfishburn,0.0000,0.0000,-1,18,JavaScriptParser,extern parserDefinition* JavaScriptParser (void),NULL,NULL
270,Type2,Block,14,108,175,286,623,461,707,175,84,0,0,0,100,jscript.c,regex.c,1,darren; elias; elliotth,dhiebert; jafl; elliotth; elias; dfishburn,0.0000,0.0000,-1,18,JavaScriptParser,extern parserDefinition* JavaScriptParser (void),NULL,NULL
271,Type2,Block,14,108,206,286,682,461,Still Active,175,134,0,0,0,100,jscript.c,flex.c,1,darren; elias; elliotth,dfishburn; elliotth; elias; dhiebert; jafl; vberthoux; perlguy0,0.0000,0.0000,-1,18,JavaScriptParser,extern parserDefinition* JavaScriptParser (void),makeConstTag,"static void makeConstTag (tokenInfo *const token, const flexKind kind)"
272,Type2,Block,14,108,268,286,693,461,Still Active,175,123,0,0,0,100,jscript.c,tex.c,1,darren; elias; elliotth,dfishburn; elias; dhiebert; jafl; elliotth; vberthoux; perlguy0,0.0000,0.0000,-1,18,JavaScriptParser,extern parserDefinition* JavaScriptParser (void),buildTexKeywordHash,static void buildTexKeywordHash (void)
273,Type2,Block,14,170,171,591,591,707,707,116,116,0,0,0,100,regex.c,regex.c,0,dhiebert; perlguy0; elliotth; jafl; elias; dfishburn,dhiebert; perlguy0; elliotth; jafl; elias; dfishburn,0.0000,0.0000,-1,-1,NULL,NULL,NULL,NULL
274,Type2,Block,14,170,172,591,591,707,707,116,116,0,0,0,100,regex.c,regex.c,0,dhiebert; perlguy0; elliotth; jafl; elias; dfishburn,dhiebert; perlguy0; elliotth; jafl; elias; dfishburn,0.0000,0.0000,-1,-1,NULL,NULL,NULL,NULL
275,Type2,Block,14,170,174,591,623,707,707,116,84,0,0,1,100,regex.c,regex.c,0,dhiebert; perlguy0; elliotth; jafl; elias; dfishburn,dhiebert; jafl; elliotth; elias; dfishburn,0.0000,0.0000,-1,84,NULL,NULL,NULL,NULL
276,Type2,Block,14,170,175,591,623,707,707,116,84,0,0,1,100,regex.c,regex.c,0,dhiebert; perlguy0; elliotth; jafl; elias; dfishburn,dhiebert; jafl; elliotth; elias; dfishburn,0.0000,0.0000,-1,84,NULL,NULL,NULL,NULL
277,Type2,Block,14,170,206,591,682,707,Still Active,116,134,0,0,0,100,regex.c,flex.c,1,dhiebert; perlguy0; elliotth; jafl; elias; dfishburn,dfishburn; elliotth; elias; dhiebert; jafl; vberthoux; perlguy0,0.0000,0.0000,-1,-1,NULL,NULL,makeConstTag,"static void makeConstTag (tokenInfo *const token, const flexKind kind)"
278,Type2,Block,14,170,268,591,693,707,Still Active,116,123,0,0,0,100,regex.c,tex.c,1,dhiebert; perlguy0; elliotth; jafl; elias; dfishburn,dfishburn; elias; dhiebert; jafl; elliotth; vberthoux; perlguy0,0.0000,0.0000,-1,-1,NULL,NULL,buildTexKeywordHash,static void buildTexKeywordHash (void)
279,Type2,Block,14,171,172,591,591,707,707,116,116,0,0,0,100,regex.c,regex.c,0,dhiebert; perlguy0; elliotth; jafl; elias; dfishburn,dhiebert; perlguy0; elliotth; jafl; elias; dfishburn,0.0000,0.0000,-1,-1,NULL,NULL,NULL,NULL
280,Type2,Block,14,171,174,591,623,707,707,116,84,0,0,1,100,regex.c,regex.c,0,dhiebert; perlguy0; elliotth; jafl; elias; dfishburn,dhiebert; jafl; elliotth; elias; dfishburn,0.0000,0.0000,-1,84,NULL,NULL,NULL,NULL
281,Type2,Block,14,171,175,591,623,707,707,116,84,0,0,1,100,regex.c,regex.c,0,dhiebert; perlguy0; elliotth; jafl; elias; dfishburn,dhiebert; jafl; elliotth; elias; dfishburn,0.0000,0.0000,-1,84,NULL,NULL,NULL,NULL
282,Type2,Block,14,171,206,591,682,707,Still Active,116,134,0,0,0,100,regex.c,flex.c,1,dhiebert; perlguy0; elliotth; jafl; elias; dfishburn,dfishburn; elliotth; elias; dhiebert; jafl; vberthoux; perlguy0,0.0000,0.0000,-1,-1,NULL,NULL,makeConstTag,"static void makeConstTag (tokenInfo *const token, const flexKind kind)"
283,Type2,Block,14,171,268,591,693,707,Still Active,116,123,0,0,0,100,regex.c,tex.c,1,dhiebert; perlguy0; elliotth; jafl; elias; dfishburn,dfishburn; elias; dhiebert; jafl; elliotth; vberthoux; perlguy0,0.0000,0.0000,-1,-1,NULL,NULL,buildTexKeywordHash,static void buildTexKeywordHash (void)
284,Type2,Block,14,172,174,591,623,707,707,116,84,0,0,1,100,regex.c,regex.c,0,dhiebert; perlguy0; elliotth; jafl; elias; dfishburn,dhiebert; jafl; elliotth; elias; dfishburn,0.0000,0.0000,-1,84,NULL,NULL,NULL,NULL
285,Type2,Block,14,172,175,591,623,707,707,116,84,0,0,1,100,regex.c,regex.c,0,dhiebert; perlguy0; elliotth; jafl; elias; dfishburn,dhiebert; jafl; elliotth; elias; dfishburn,0.0000,0.0000,-1,84,NULL,NULL,NULL,NULL
286,Type2,Block,14,172,206,591,682,707,Still Active,116,134,0,0,0,100,regex.c,flex.c,1,dhiebert; perlguy0; elliotth; jafl; elias; dfishburn,dfishburn; elliotth; elias; dhiebert; jafl; vberthoux; perlguy0,0.0000,0.0000,-1,-1,NULL,NULL,makeConstTag,"static void makeConstTag (tokenInfo *const token, const flexKind kind)"
287,Type2,Block,14,172,268,591,693,707,Still Active,116,123,0,0,0,100,regex.c,tex.c,1,dhiebert; perlguy0; elliotth; jafl; elias; dfishburn,dfishburn; elias; dhiebert; jafl; elliotth; vberthoux; perlguy0,0.0000,0.0000,-1,-1,NULL,NULL,buildTexKeywordHash,static void buildTexKeywordHash (void)
288,Type2,Block,14,174,175,623,623,707,707,84,84,1,0,0,100,regex.c,regex.c,0,dhiebert; jafl; elliotth; elias; dfishburn,dhiebert; jafl; elliotth; elias; dfishburn,1.0000,-1.0000,84,-1,NULL,NULL,NULL,NULL
289,Type2,Block,14,174,206,623,682,707,Still Active,84,134,0,0,0,100,regex.c,flex.c,1,dhiebert; jafl; elliotth; elias; dfishburn,dfishburn; elliotth; elias; dhiebert; jafl; vberthoux; perlguy0,0.0000,0.0000,-1,84,NULL,NULL,makeConstTag,"static void makeConstTag (tokenInfo *const token, const flexKind kind)"
290,Type2,Block,14,174,268,623,693,707,Still Active,84,123,0,0,0,100,regex.c,tex.c,1,dhiebert; jafl; elliotth; elias; dfishburn,dfishburn; elias; dhiebert; jafl; elliotth; vberthoux; perlguy0,0.0000,0.0000,-1,84,NULL,NULL,buildTexKeywordHash,static void buildTexKeywordHash (void)
291,Type2,Block,14,175,206,623,682,707,Still Active,84,134,0,0,0,100,regex.c,flex.c,1,dhiebert; jafl; elliotth; elias; dfishburn,dfishburn; elliotth; elias; dhiebert; jafl; vberthoux; perlguy0,0.0000,0.0000,-1,84,NULL,NULL,makeConstTag,"static void makeConstTag (tokenInfo *const token, const flexKind kind)"
292,Type2,Block,14,175,268,623,693,707,Still Active,84,123,0,0,0,100,regex.c,tex.c,1,dhiebert; jafl; elliotth; elias; dfishburn,dfishburn; elias; dhiebert; jafl; elliotth; vberthoux; perlguy0,0.0000,0.0000,-1,84,NULL,NULL,buildTexKeywordHash,static void buildTexKeywordHash (void)
293,Type2,Block,14,206,268,682,693,Still Active,Still Active,134,123,0,0,1,100,flex.c,tex.c,1,dfishburn; elliotth; elias; dhiebert; jafl; vberthoux; perlguy0,dfishburn; elias; dhiebert; jafl; elliotth; vberthoux; perlguy0,0.0000,0.0000,-1,31,makeConstTag,"static void makeConstTag (tokenInfo *const token, const flexKind kind)",buildTexKeywordHash,static void buildTexKeywordHash (void)
294,Type2,Block,15,38,39,2,2,18,18,16,16,0,0,0,100,options.c,options.c,0,darren,darren,0.0000,0.0000,-1,-1,cArgNewFromString,extern cookedArgs* cArgNewFromString (const char* string),cArgNewFromArgv,extern cookedArgs* cArgNewFromArgv (char* const* const argv)
295,Type2,Block,15,38,40,2,2,18,18,16,16,0,0,0,100,options.c,options.c,0,darren,darren,0.0000,0.0000,-1,-1,cArgNewFromString,extern cookedArgs* cArgNewFromString (const char* string),cArgNewFromFile,extern cookedArgs* cArgNewFromFile (FILE* const fp)
296,Type2,Block,15,38,41,2,2,18,18,16,16,0,0,0,100,options.c,options.c,0,darren,darren,0.0000,0.0000,-1,-1,cArgNewFromString,extern cookedArgs* cArgNewFromString (const char* string),cArgNewFromLineFile,extern cookedArgs* cArgNewFromLineFile (FILE* const fp)
297,Type2,Block,15,38,120,2,461,18,468,16,7,0,0,0,100,options.c,jscript.c,1,darren,dfishburn; elliotth,0.0000,0.0000,-1,-1,cArgNewFromString,extern cookedArgs* cArgNewFromString (const char* string),skipArgumentList,static void skipArgumentList (tokenInfo *const token)
298,Type2,Block,15,38,121,2,461,18,644,16,183,0,0,0,100,options.c,sql.c,1,darren,dfishburn; elliotth; jafl; perlguy0; dhiebert; elias,0.0000,0.0000,-1,-1,cArgNewFromString,extern cookedArgs* cArgNewFromString (const char* string),skipArgumentList,static void skipArgumentList (tokenInfo *const token)
299,Type2,Block,15,38,161,2,468,18,Still Active,16,348,0,0,0,100,options.c,jscript.c,1,darren,dfishburn; elliotth; jafl; perlguy0; dhiebert; elias; vberthoux,0.0000,0.0000,-1,-1,cArgNewFromString,extern cookedArgs* cArgNewFromString (const char* string),skipArgumentList,static void skipArgumentList (tokenInfo *const token)
300,Type2,Block,15,38,165,2,586,18,791,16,205,0,0,0,100,options.c,jscript.c,1,darren,dfishburn; dhiebert; perlguy0; elliotth; jafl; elias; vberthoux,0.0000,0.0000,-1,-1,cArgNewFromString,extern cookedArgs* cArgNewFromString (const char* string),makeConstTag,"static void makeConstTag (tokenInfo *const token, const jsKind kind)"
301,Type2,Block,15,38,173,2,591,18,707,16,116,0,0,0,100,options.c,regex.c,1,darren,dhiebert; perlguy0; elliotth; jafl; elias; dfishburn,0.0000,0.0000,-1,-1,cArgNewFromString,extern cookedArgs* cArgNewFromString (const char* string),NULL,NULL
302,Type2,Block,15,38,269,2,693,18,694,16,1,0,0,0,100,options.c,flex.c,1,darren,dfishburn,0.0000,0.0000,-1,-1,cArgNewFromString,extern cookedArgs* cArgNewFromString (const char* string),newToken,static tokenInfo *newToken (void)
303,Type2,Block,15,38,270,2,693,18,694,16,1,0,0,0,100,options.c,tex.c,1,darren,dfishburn,0.0000,0.0000,-1,-1,cArgNewFromString,extern cookedArgs* cArgNewFromString (const char* string),newToken,static tokenInfo *newToken (void)
304,Type2,Block,15,39,40,2,2,18,18,16,16,0,0,0,100,options.c,options.c,0,darren,darren,0.0000,0.0000,-1,-1,cArgNewFromArgv,extern cookedArgs* cArgNewFromArgv (char* const* const argv),cArgNewFromFile,extern cookedArgs* cArgNewFromFile (FILE* const fp)
305,Type2,Block,15,39,41,2,2,18,18,16,16,0,0,0,100,options.c,options.c,0,darren,darren,0.0000,0.0000,-1,-1,cArgNewFromArgv,extern cookedArgs* cArgNewFromArgv (char* const* const argv),cArgNewFromLineFile,extern cookedArgs* cArgNewFromLineFile (FILE* const fp)
306,Type2,Block,15,39,120,2,461,18,468,16,7,0,0,0,100,options.c,jscript.c,1,darren,dfishburn; elliotth,0.0000,0.0000,-1,-1,cArgNewFromArgv,extern cookedArgs* cArgNewFromArgv (char* const* const argv),skipArgumentList,static void skipArgumentList (tokenInfo *const token)
307,Type2,Block,15,39,121,2,461,18,644,16,183,0,0,0,100,options.c,sql.c,1,darren,dfishburn; elliotth; jafl; perlguy0; dhiebert; elias,0.0000,0.0000,-1,-1,cArgNewFromArgv,extern cookedArgs* cArgNewFromArgv (char* const* const argv),skipArgumentList,static void skipArgumentList (tokenInfo *const token)
308,Type2,Block,15,39,161,2,468,18,Still Active,16,348,0,0,0,100,options.c,jscript.c,1,darren,dfishburn; elliotth; jafl; perlguy0; dhiebert; elias; vberthoux,0.0000,0.0000,-1,-1,cArgNewFromArgv,extern cookedArgs* cArgNewFromArgv (char* const* const argv),skipArgumentList,static void skipArgumentList (tokenInfo *const token)
309,Type2,Block,15,39,165,2,586,18,791,16,205,0,0,0,100,options.c,jscript.c,1,darren,dfishburn; dhiebert; perlguy0; elliotth; jafl; elias; vberthoux,0.0000,0.0000,-1,-1,cArgNewFromArgv,extern cookedArgs* cArgNewFromArgv (char* const* const argv),makeConstTag,"static void makeConstTag (tokenInfo *const token, const jsKind kind)"
310,Type2,Block,15,39,173,2,591,18,707,16,116,0,0,0,100,options.c,regex.c,1,darren,dhiebert; perlguy0; elliotth; jafl; elias; dfishburn,0.0000,0.0000,-1,-1,cArgNewFromArgv,extern cookedArgs* cArgNewFromArgv (char* const* const argv),NULL,NULL
311,Type2,Block,15,39,269,2,693,18,694,16,1,0,0,0,100,options.c,flex.c,1,darren,dfishburn,0.0000,0.0000,-1,-1,cArgNewFromArgv,extern cookedArgs* cArgNewFromArgv (char* const* const argv),newToken,static tokenInfo *newToken (void)
312,Type2,Block,15,39,270,2,693,18,694,16,1,0,0,0,100,options.c,tex.c,1,darren,dfishburn,0.0000,0.0000,-1,-1,cArgNewFromArgv,extern cookedArgs* cArgNewFromArgv (char* const* const argv),newToken,static tokenInfo *newToken (void)
313,Type2,Block,15,40,41,2,2,18,18,16,16,0,0,0,100,options.c,options.c,0,darren,darren,0.0000,0.0000,-1,-1,cArgNewFromFile,extern cookedArgs* cArgNewFromFile (FILE* const fp),cArgNewFromLineFile,extern cookedArgs* cArgNewFromLineFile (FILE* const fp)
314,Type2,Block,15,40,120,2,461,18,468,16,7,0,0,0,100,options.c,jscript.c,1,darren,dfishburn; elliotth,0.0000,0.0000,-1,-1,cArgNewFromFile,extern cookedArgs* cArgNewFromFile (FILE* const fp),skipArgumentList,static void skipArgumentList (tokenInfo *const token)
315,Type2,Block,15,40,121,2,461,18,644,16,183,0,0,0,100,options.c,sql.c,1,darren,dfishburn; elliotth; jafl; perlguy0; dhiebert; elias,0.0000,0.0000,-1,-1,cArgNewFromFile,extern cookedArgs* cArgNewFromFile (FILE* const fp),skipArgumentList,static void skipArgumentList (tokenInfo *const token)
316,Type2,Block,15,40,161,2,468,18,Still Active,16,348,0,0,0,100,options.c,jscript.c,1,darren,dfishburn; elliotth; jafl; perlguy0; dhiebert; elias; vberthoux,0.0000,0.0000,-1,-1,cArgNewFromFile,extern cookedArgs* cArgNewFromFile (FILE* const fp),skipArgumentList,static void skipArgumentList (tokenInfo *const token)
317,Type2,Block,15,40,165,2,586,18,791,16,205,0,0,0,100,options.c,jscript.c,1,darren,dfishburn; dhiebert; perlguy0; elliotth; jafl; elias; vberthoux,0.0000,0.0000,-1,-1,cArgNewFromFile,extern cookedArgs* cArgNewFromFile (FILE* const fp),makeConstTag,"static void makeConstTag (tokenInfo *const token, const jsKind kind)"
318,Type2,Block,15,40,173,2,591,18,707,16,116,0,0,0,100,options.c,regex.c,1,darren,dhiebert; perlguy0; elliotth; jafl; elias; dfishburn,0.0000,0.0000,-1,-1,cArgNewFromFile,extern cookedArgs* cArgNewFromFile (FILE* const fp),NULL,NULL
319,Type2,Block,15,40,269,2,693,18,694,16,1,0,0,0,100,options.c,flex.c,1,darren,dfishburn,0.0000,0.0000,-1,-1,cArgNewFromFile,extern cookedArgs* cArgNewFromFile (FILE* const fp),newToken,static tokenInfo *newToken (void)
320,Type2,Block,15,40,270,2,693,18,694,16,1,0,0,0,100,options.c,tex.c,1,darren,dfishburn,0.0000,0.0000,-1,-1,cArgNewFromFile,extern cookedArgs* cArgNewFromFile (FILE* const fp),newToken,static tokenInfo *newToken (void)
321,Type2,Block,15,41,120,2,461,18,468,16,7,0,0,0,100,options.c,jscript.c,1,darren,dfishburn; elliotth,0.0000,0.0000,-1,-1,cArgNewFromLineFile,extern cookedArgs* cArgNewFromLineFile (FILE* const fp),skipArgumentList,static void skipArgumentList (tokenInfo *const token)
322,Type2,Block,15,41,121,2,461,18,644,16,183,0,0,0,100,options.c,sql.c,1,darren,dfishburn; elliotth; jafl; perlguy0; dhiebert; elias,0.0000,0.0000,-1,-1,cArgNewFromLineFile,extern cookedArgs* cArgNewFromLineFile (FILE* const fp),skipArgumentList,static void skipArgumentList (tokenInfo *const token)
323,Type2,Block,15,41,161,2,468,18,Still Active,16,348,0,0,0,100,options.c,jscript.c,1,darren,dfishburn; elliotth; jafl; perlguy0; dhiebert; elias; vberthoux,0.0000,0.0000,-1,-1,cArgNewFromLineFile,extern cookedArgs* cArgNewFromLineFile (FILE* const fp),skipArgumentList,static void skipArgumentList (tokenInfo *const token)
324,Type2,Block,15,41,165,2,586,18,791,16,205,0,0,0,100,options.c,jscript.c,1,darren,dfishburn; dhiebert; perlguy0; elliotth; jafl; elias; vberthoux,0.0000,0.0000,-1,-1,cArgNewFromLineFile,extern cookedArgs* cArgNewFromLineFile (FILE* const fp),makeConstTag,"static void makeConstTag (tokenInfo *const token, const jsKind kind)"
325,Type2,Block,15,41,173,2,591,18,707,16,116,0,0,0,100,options.c,regex.c,1,darren,dhiebert; perlguy0; elliotth; jafl; elias; dfishburn,0.0000,0.0000,-1,-1,cArgNewFromLineFile,extern cookedArgs* cArgNewFromLineFile (FILE* const fp),NULL,NULL
326,Type2,Block,15,41,269,2,693,18,694,16,1,0,0,0,100,options.c,flex.c,1,darren,dfishburn,0.0000,0.0000,-1,-1,cArgNewFromLineFile,extern cookedArgs* cArgNewFromLineFile (FILE* const fp),newToken,static tokenInfo *newToken (void)
327,Type2,Block,15,41,270,2,693,18,694,16,1,0,0,0,100,options.c,tex.c,1,darren,dfishburn,0.0000,0.0000,-1,-1,cArgNewFromLineFile,extern cookedArgs* cArgNewFromLineFile (FILE* const fp),newToken,static tokenInfo *newToken (void)
328,Type2,Block,15,120,121,461,461,468,644,7,183,0,0,1,100,jscript.c,sql.c,1,dfishburn; elliotth,dfishburn; elliotth; jafl; perlguy0; dhiebert; elias,0.0000,0.0000,-1,0,skipArgumentList,static void skipArgumentList (tokenInfo *const token),skipArgumentList,static void skipArgumentList (tokenInfo *const token)
329,Type2,Block,15,120,161,461,468,468,Still Active,7,348,0,0,1,100,jscript.c,jscript.c,0,dfishburn; elliotth,dfishburn; elliotth; jafl; perlguy0; dhiebert; elias; vberthoux,0.0000,0.0000,-1,0,skipArgumentList,static void skipArgumentList (tokenInfo *const token),skipArgumentList,static void skipArgumentList (tokenInfo *const token)
330,Type2,Block,15,120,165,461,586,468,791,7,205,0,0,0,100,jscript.c,jscript.c,0,dfishburn; elliotth,dfishburn; dhiebert; perlguy0; elliotth; jafl; elias; vberthoux,0.0000,0.0000,-1,-1,skipArgumentList,static void skipArgumentList (tokenInfo *const token),makeConstTag,"static void makeConstTag (tokenInfo *const token, const jsKind kind)"
331,Type2,Block,15,120,173,461,591,468,707,7,116,0,0,0,100,jscript.c,regex.c,1,dfishburn; elliotth,dhiebert; perlguy0; elliotth; jafl; elias; dfishburn,0.0000,0.0000,-1,-1,skipArgumentList,static void skipArgumentList (tokenInfo *const token),NULL,NULL
332,Type2,Block,15,120,269,461,693,468,694,7,1,0,0,0,100,jscript.c,flex.c,1,dfishburn; elliotth,dfishburn,0.0000,0.0000,-1,-1,skipArgumentList,static void skipArgumentList (tokenInfo *const token),newToken,static tokenInfo *newToken (void)
333,Type2,Block,15,120,270,461,693,468,694,7,1,0,0,0,100,jscript.c,tex.c,1,dfishburn; elliotth,dfishburn,0.0000,0.0000,-1,-1,skipArgumentList,static void skipArgumentList (tokenInfo *const token),newToken,static tokenInfo *newToken (void)
334,Type2,Block,15,121,161,461,468,644,Still Active,183,348,3,0,1,100,sql.c,jscript.c,1,dfishburn; elliotth; jafl; perlguy0; dhiebert; elias,dfishburn; elliotth; jafl; perlguy0; dhiebert; elias; vberthoux,0.7360,-0.7360,167,168,skipArgumentList,static void skipArgumentList (tokenInfo *const token),skipArgumentList,static void skipArgumentList (tokenInfo *const token)
335,Type2,Block,15,121,165,461,586,644,791,183,205,0,0,1,100,sql.c,jscript.c,1,dfishburn; elliotth; jafl; perlguy0; dhiebert; elias,dfishburn; dhiebert; perlguy0; elliotth; jafl; elias; vberthoux,0.0000,0.0000,-1,58,skipArgumentList,static void skipArgumentList (tokenInfo *const token),makeConstTag,"static void makeConstTag (tokenInfo *const token, const jsKind kind)"
336,Type2,Block,15,121,173,461,591,644,707,183,116,0,0,0,100,sql.c,regex.c,1,dfishburn; elliotth; jafl; perlguy0; dhiebert; elias,dhiebert; perlguy0; elliotth; jafl; elias; dfishburn,0.0000,0.0000,-1,167,skipArgumentList,static void skipArgumentList (tokenInfo *const token),NULL,NULL
337,Type2,Block,15,121,269,461,693,644,694,183,1,0,0,0,100,sql.c,flex.c,1,dfishburn; elliotth; jafl; perlguy0; dhiebert; elias,dfishburn,0.0000,0.0000,-1,167,skipArgumentList,static void skipArgumentList (tokenInfo *const token),newToken,static tokenInfo *newToken (void)
338,Type2,Block,15,121,270,461,693,644,694,183,1,0,0,0,100,sql.c,tex.c,1,dfishburn; elliotth; jafl; perlguy0; dhiebert; elias,dfishburn,0.0000,0.0000,-1,167,skipArgumentList,static void skipArgumentList (tokenInfo *const token),newToken,static tokenInfo *newToken (void)
339,Type2,Block,15,161,165,468,586,Still Active,791,348,205,0,2,1,100,jscript.c,jscript.c,0,dfishburn; elliotth; jafl; perlguy0; dhiebert; elias; vberthoux,dfishburn; dhiebert; perlguy0; elliotth; jafl; elias; vberthoux,0.0000,0.0000,-1,0,skipArgumentList,static void skipArgumentList (tokenInfo *const token),makeConstTag,"static void makeConstTag (tokenInfo *const token, const jsKind kind)"
340,Type2,Block,15,161,173,468,591,Still Active,707,348,116,0,1,0,100,jscript.c,regex.c,1,dfishburn; elliotth; jafl; perlguy0; dhiebert; elias; vberthoux,dhiebert; perlguy0; elliotth; jafl; elias; dfishburn,0.0000,0.0000,-1,43,skipArgumentList,static void skipArgumentList (tokenInfo *const token),NULL,NULL
341,Type2,Block,15,161,269,468,693,Still Active,694,348,1,0,0,0,100,jscript.c,flex.c,1,dfishburn; elliotth; jafl; perlguy0; dhiebert; elias; vberthoux,dfishburn,0.0000,0.0000,-1,30,skipArgumentList,static void skipArgumentList (tokenInfo *const token),newToken,static tokenInfo *newToken (void)
342,Type2,Block,15,161,270,468,693,Still Active,694,348,1,0,0,0,100,jscript.c,tex.c,1,dfishburn; elliotth; jafl; perlguy0; dhiebert; elias; vberthoux,dfishburn,0.0000,0.0000,-1,30,skipArgumentList,static void skipArgumentList (tokenInfo *const token),newToken,static tokenInfo *newToken (void)
343,Type2,Block,15,165,173,586,591,791,707,205,116,0,0,0,100,jscript.c,regex.c,1,dfishburn; dhiebert; perlguy0; elliotth; jafl; elias; vberthoux,dhiebert; perlguy0; elliotth; jafl; elias; dfishburn,0.0000,0.0000,-1,121,makeConstTag,"static void makeConstTag (tokenInfo *const token, const jsKind kind)",NULL,NULL
344,Type2,Block,15,165,269,586,693,791,694,205,1,0,0,0,100,jscript.c,flex.c,1,dfishburn; dhiebert; perlguy0; elliotth; jafl; elias; vberthoux,dfishburn,0.0000,0.0000,-1,108,makeConstTag,"static void makeConstTag (tokenInfo *const token, const jsKind kind)",newToken,static tokenInfo *newToken (void)
345,Type2,Block,15,165,270,586,693,791,694,205,1,0,0,0,100,jscript.c,tex.c,1,dfishburn; dhiebert; perlguy0; elliotth; jafl; elias; vberthoux,dfishburn,0.0000,0.0000,-1,108,makeConstTag,"static void makeConstTag (tokenInfo *const token, const jsKind kind)",newToken,static tokenInfo *newToken (void)
346,Type2,Block,15,173,269,591,693,707,694,116,1,0,0,0,100,regex.c,flex.c,1,dhiebert; perlguy0; elliotth; jafl; elias; dfishburn,dfishburn,0.0000,0.0000,-1,-1,NULL,NULL,newToken,static tokenInfo *newToken (void)
347,Type2,Block,15,173,270,591,693,707,694,116,1,0,0,0,100,regex.c,tex.c,1,dhiebert; perlguy0; elliotth; jafl; elias; dfishburn,dfishburn,0.0000,0.0000,-1,-1,NULL,NULL,newToken,static tokenInfo *newToken (void)
348,Type2,Block,15,269,270,693,693,694,694,1,1,0,0,0,100,flex.c,tex.c,1,dfishburn,dfishburn,0.0000,0.0000,-1,-1,newToken,static tokenInfo *newToken (void),newToken,static tokenInfo *newToken (void)
349,Type2,Block,16,42,43,2,2,18,18,16,16,0,0,0,100,options.c,options.c,0,darren,darren,0.0000,0.0000,-1,-1,NULL,NULL,NULL,NULL
350,Type2,Block,16,42,122,2,461,18,Still Active,16,355,0,0,0,100,options.c,jscript.c,1,darren,dfishburn; elliotth; jafl; perlguy0; dhiebert; elias; vberthoux,0.0000,0.0000,-1,-1,NULL,NULL,buildJsKeywordHash,static void buildJsKeywordHash (void)
351,Type2,Block,16,42,123,2,461,18,Still Active,16,355,0,0,0,100,options.c,sql.c,1,darren,dfishburn; elliotth; jafl; perlguy0; dhiebert; elias; vberthoux,0.0000,0.0000,-1,-1,NULL,NULL,buildSqlKeywordHash,static void buildSqlKeywordHash (void)
352,Type2,Block,16,42,207,2,682,18,Still Active,16,134,0,0,0,100,options.c,flex.c,1,darren,dfishburn; elliotth; elias; dhiebert; jafl; vberthoux; perlguy0,0.0000,0.0000,-1,-1,NULL,NULL,makeFlexTag,"static void makeFlexTag (tokenInfo *const token, flexKind kind)"
353,Type2,Block,16,42,271,2,693,18,Still Active,16,123,0,0,0,100,options.c,tex.c,1,darren,dfishburn; elias; dhiebert; jafl; elliotth; vberthoux; perlguy0,0.0000,0.0000,-1,-1,NULL,NULL,deleteToken,static void deleteToken (tokenInfo *const token)
354,Type2,Block,16,43,122,2,461,18,Still Active,16,355,0,0,0,100,options.c,jscript.c,1,darren,dfishburn; elliotth; jafl; perlguy0; dhiebert; elias; vberthoux,0.0000,0.0000,-1,-1,NULL,NULL,buildJsKeywordHash,static void buildJsKeywordHash (void)
355,Type2,Block,16,43,123,2,461,18,Still Active,16,355,0,0,0,100,options.c,sql.c,1,darren,dfishburn; elliotth; jafl; perlguy0; dhiebert; elias; vberthoux,0.0000,0.0000,-1,-1,NULL,NULL,buildSqlKeywordHash,static void buildSqlKeywordHash (void)
356,Type2,Block,16,43,207,2,682,18,Still Active,16,134,0,0,0,100,options.c,flex.c,1,darren,dfishburn; elliotth; elias; dhiebert; jafl; vberthoux; perlguy0,0.0000,0.0000,-1,-1,NULL,NULL,makeFlexTag,"static void makeFlexTag (tokenInfo *const token, flexKind kind)"
357,Type2,Block,16,43,271,2,693,18,Still Active,16,123,0,0,0,100,options.c,tex.c,1,darren,dfishburn; elias; dhiebert; jafl; elliotth; vberthoux; perlguy0,0.0000,0.0000,-1,-1,NULL,NULL,deleteToken,static void deleteToken (tokenInfo *const token)
358,Type2,Block,16,122,123,461,461,Still Active,Still Active,355,355,2,10,3,100,jscript.c,sql.c,1,dfishburn; elliotth; jafl; perlguy0; dhiebert; elias; vberthoux,dfishburn; elliotth; jafl; perlguy0; dhiebert; elias; vberthoux,0.0000,-0.0107,341,7,buildJsKeywordHash,static void buildJsKeywordHash (void),buildSqlKeywordHash,static void buildSqlKeywordHash (void)
359,Type2,Block,16,122,207,461,682,Still Active,Still Active,355,134,0,7,0,100,jscript.c,flex.c,1,dfishburn; elliotth; jafl; perlguy0; dhiebert; elias; vberthoux,dfishburn; elliotth; elias; dhiebert; jafl; vberthoux; perlguy0,0.0000,0.0000,-1,7,buildJsKeywordHash,static void buildJsKeywordHash (void),makeFlexTag,"static void makeFlexTag (tokenInfo *const token, flexKind kind)"
360,Type2,Block,16,122,271,461,693,Still Active,Still Active,355,123,0,7,4,100,jscript.c,tex.c,1,dfishburn; elliotth; jafl; perlguy0; dhiebert; elias; vberthoux,dfishburn; elias; dhiebert; jafl; elliotth; vberthoux; perlguy0,0.0000,0.0000,-1,7,buildJsKeywordHash,static void buildJsKeywordHash (void),deleteToken,static void deleteToken (tokenInfo *const token)
361,Type2,Block,16,123,207,461,682,Still Active,Still Active,355,134,0,0,0,100,sql.c,flex.c,1,dfishburn; elliotth; jafl; perlguy0; dhiebert; elias; vberthoux,dfishburn; elliotth; elias; dhiebert; jafl; vberthoux; perlguy0,0.0000,0.0000,-1,172,buildSqlKeywordHash,static void buildSqlKeywordHash (void),makeFlexTag,"static void makeFlexTag (tokenInfo *const token, flexKind kind)"
362,Type2,Block,16,123,271,461,693,Still Active,Still Active,355,123,0,0,4,100,sql.c,tex.c,1,dfishburn; elliotth; jafl; perlguy0; dhiebert; elias; vberthoux,dfishburn; elias; dhiebert; jafl; elliotth; vberthoux; perlguy0,0.0000,0.0000,-1,31,buildSqlKeywordHash,static void buildSqlKeywordHash (void),deleteToken,static void deleteToken (tokenInfo *const token)
363,Type2,Block,16,207,271,682,693,Still Active,Still Active,134,123,0,0,4,100,flex.c,tex.c,1,dfishburn; elliotth; elias; dhiebert; jafl; vberthoux; perlguy0,dfishburn; elias; dhiebert; jafl; elliotth; vberthoux; perlguy0,0.0000,0.0000,-1,31,makeFlexTag,"static void makeFlexTag (tokenInfo *const token, flexKind kind)",deleteToken,static void deleteToken (tokenInfo *const token)
364,Type2,Block,17,44,45,2,2,18,18,16,16,0,0,0,100,parse.c,parse.c,0,darren,darren,0.0000,0.0000,-1,-1,getExtensionLanguage,static langType getExtensionLanguage (const char *const extension),getPatternLanguage,static langType getPatternLanguage (const char *const fileName)
365,Type2,Block,17,44,89,2,242,18,Still Active,16,574,0,0,0,100,parse.c,parse.c,0,darren,darren; elias; elliotth; dfishburn; jafl; perlguy0; dhiebert; vberthoux,0.0000,0.0000,-1,-1,getExtensionLanguage,static langType getExtensionLanguage (const char *const extension),NULL,NULL
366,Type2,Block,17,44,90,2,242,18,Still Active,16,574,0,0,0,100,parse.c,sml.c,1,darren,darren; elias; elliotth; dfishburn; jafl; perlguy0; dhiebert; vberthoux,0.0000,0.0000,-1,-1,getExtensionLanguage,static langType getExtensionLanguage (const char *const extension),makeSmlTag,"static void makeSmlTag (smlKind type, vString *name)"
367,Type2,Block,17,44,124,2,461,18,470,16,9,0,0,0,100,parse.c,jscript.c,1,darren,dfishburn; elliotth,0.0000,0.0000,-1,-1,getExtensionLanguage,static langType getExtensionLanguage (const char *const extension),newToken,static tokenInfo *newToken (void)
368,Type2,Block,17,44,208,2,682,18,Still Active,16,134,0,0,0,100,parse.c,flex.c,1,darren,dfishburn; elliotth; elias; dhiebert; jafl; vberthoux; perlguy0,0.0000,0.0000,-1,-1,getExtensionLanguage,static langType getExtensionLanguage (const char *const extension),makeClassTag,static void makeClassTag (tokenInfo *const token)
369,Type2,Block,17,44,209,2,682,18,Still Active,16,134,0,0,0,100,parse.c,flex.c,1,darren,dfishburn; elliotth; elias; dhiebert; jafl; vberthoux; perlguy0,0.0000,0.0000,-1,-1,getExtensionLanguage,static langType getExtensionLanguage (const char *const extension),makeFunctionTag,static void makeFunctionTag (tokenInfo *const token)
370,Type2,Block,17,44,272,2,693,18,785,16,92,0,0,0,100,parse.c,tex.c,1,darren,dfishburn; elias; dhiebert; jafl; elliotth; vberthoux,0.0000,0.0000,-1,-1,getExtensionLanguage,static langType getExtensionLanguage (const char *const extension),makeConstTag,"static void makeConstTag (tokenInfo *const token, const texKind kind)"
371,Type2,Block,17,45,89,2,242,18,Still Active,16,574,0,0,0,100,parse.c,parse.c,0,darren,darren; elias; elliotth; dfishburn; jafl; perlguy0; dhiebert; vberthoux,0.0000,0.0000,-1,-1,getPatternLanguage,static langType getPatternLanguage (const char *const fileName),NULL,NULL
372,Type2,Block,17,45,90,2,242,18,Still Active,16,574,0,0,0,100,parse.c,sml.c,1,darren,darren; elias; elliotth; dfishburn; jafl; perlguy0; dhiebert; vberthoux,0.0000,0.0000,-1,-1,getPatternLanguage,static langType getPatternLanguage (const char *const fileName),makeSmlTag,"static void makeSmlTag (smlKind type, vString *name)"
373,Type2,Block,17,45,124,2,461,18,470,16,9,0,0,0,100,parse.c,jscript.c,1,darren,dfishburn; elliotth,0.0000,0.0000,-1,-1,getPatternLanguage,static langType getPatternLanguage (const char *const fileName),newToken,static tokenInfo *newToken (void)
374,Type2,Block,17,45,208,2,682,18,Still Active,16,134,0,0,0,100,parse.c,flex.c,1,darren,dfishburn; elliotth; elias; dhiebert; jafl; vberthoux; perlguy0,0.0000,0.0000,-1,-1,getPatternLanguage,static langType getPatternLanguage (const char *const fileName),makeClassTag,static void makeClassTag (tokenInfo *const token)
375,Type2,Block,17,45,209,2,682,18,Still Active,16,134,0,0,0,100,parse.c,flex.c,1,darren,dfishburn; elliotth; elias; dhiebert; jafl; vberthoux; perlguy0,0.0000,0.0000,-1,-1,getPatternLanguage,static langType getPatternLanguage (const char *const fileName),makeFunctionTag,static void makeFunctionTag (tokenInfo *const token)
376,Type2,Block,17,45,272,2,693,18,785,16,92,0,0,0,100,parse.c,tex.c,1,darren,dfishburn; elias; dhiebert; jafl; elliotth; vberthoux,0.0000,0.0000,-1,-1,getPatternLanguage,static langType getPatternLanguage (const char *const fileName),makeConstTag,"static void makeConstTag (tokenInfo *const token, const texKind kind)"
377,Type2,Block,17,89,90,242,242,Still Active,Still Active,574,574,1,0,0,100,parse.c,sml.c,1,darren; elias; elliotth; dfishburn; jafl; perlguy0; dhiebert; vberthoux,darren; elias; elliotth; dfishburn; jafl; perlguy0; dhiebert; vberthoux,1.0000,-1.0000,373,-1,NULL,NULL,makeSmlTag,"static void makeSmlTag (smlKind type, vString *name)"
378,Type2,Block,17,89,124,242,461,Still Active,470,574,9,0,0,1,100,parse.c,jscript.c,1,darren; elias; elliotth; dfishburn; jafl; perlguy0; dhiebert; vberthoux,dfishburn; elliotth,0.0000,0.0000,-1,2,NULL,NULL,newToken,static tokenInfo *newToken (void)
379,Type2,Block,17,89,208,242,682,Still Active,Still Active,574,134,0,0,0,100,parse.c,flex.c,1,darren; elias; elliotth; dfishburn; jafl; perlguy0; dhiebert; vberthoux,dfishburn; elliotth; elias; dhiebert; jafl; vberthoux; perlguy0,0.0000,0.0000,-1,373,NULL,NULL,makeClassTag,static void makeClassTag (tokenInfo *const token)
380,Type2,Block,17,89,209,242,682,Still Active,Still Active,574,134,0,0,0,100,parse.c,flex.c,1,darren; elias; elliotth; dfishburn; jafl; perlguy0; dhiebert; vberthoux,dfishburn; elliotth; elias; dhiebert; jafl; vberthoux; perlguy0,0.0000,0.0000,-1,373,NULL,NULL,makeFunctionTag,static void makeFunctionTag (tokenInfo *const token)
381,Type2,Block,17,89,272,242,693,Still Active,785,574,92,0,0,1,100,parse.c,tex.c,1,darren; elias; elliotth; dfishburn; jafl; perlguy0; dhiebert; vberthoux,dfishburn; elias; dhiebert; jafl; elliotth; vberthoux,0.0000,0.0000,-1,91,NULL,NULL,makeConstTag,"static void makeConstTag (tokenInfo *const token, const texKind kind)"
382,Type2,Block,17,90,124,242,461,Still Active,470,574,9,0,0,1,100,sml.c,jscript.c,1,darren; elias; elliotth; dfishburn; jafl; perlguy0; dhiebert; vberthoux,dfishburn; elliotth,0.0000,0.0000,-1,2,makeSmlTag,"static void makeSmlTag (smlKind type, vString *name)",newToken,static tokenInfo *newToken (void)
383,Type2,Block,17,90,208,242,682,Still Active,Still Active,574,134,0,0,0,100,sml.c,flex.c,1,darren; elias; elliotth; dfishburn; jafl; perlguy0; dhiebert; vberthoux,dfishburn; elliotth; elias; dhiebert; jafl; vberthoux; perlguy0,0.0000,0.0000,-1,373,makeSmlTag,"static void makeSmlTag (smlKind type, vString *name)",makeClassTag,static void makeClassTag (tokenInfo *const token)
384,Type2,Block,17,90,209,242,682,Still Active,Still Active,574,134,0,0,0,100,sml.c,flex.c,1,darren; elias; elliotth; dfishburn; jafl; perlguy0; dhiebert; vberthoux,dfishburn; elliotth; elias; dhiebert; jafl; vberthoux; perlguy0,0.0000,0.0000,-1,373,makeSmlTag,"static void makeSmlTag (smlKind type, vString *name)",makeFunctionTag,static void makeFunctionTag (tokenInfo *const token)
385,Type2,Block,17,90,272,242,693,Still Active,785,574,92,0,0,1,100,sml.c,tex.c,1,darren; elias; elliotth; dfishburn; jafl; perlguy0; dhiebert; vberthoux,dfishburn; elias; dhiebert; jafl; elliotth; vberthoux,0.0000,0.0000,-1,91,makeSmlTag,"static void makeSmlTag (smlKind type, vString *name)",makeConstTag,"static void makeConstTag (tokenInfo *const token, const texKind kind)"
386,Type2,Block,17,124,208,461,682,470,Still Active,9,134,0,0,0,100,jscript.c,flex.c,1,dfishburn; elliotth,dfishburn; elliotth; elias; dhiebert; jafl; vberthoux; perlguy0,0.0000,0.0000,-1,2,newToken,static tokenInfo *newToken (void),makeClassTag,static void makeClassTag (tokenInfo *const token)
387,Type2,Block,17,124,209,461,682,470,Still Active,9,134,0,0,0,100,jscript.c,flex.c,1,dfishburn; elliotth,dfishburn; elliotth; elias; dhiebert; jafl; vberthoux; perlguy0,0.0000,0.0000,-1,2,newToken,static tokenInfo *newToken (void),makeFunctionTag,static void makeFunctionTag (tokenInfo *const token)
388,Type2,Block,17,124,272,461,693,470,785,9,92,0,0,0,100,jscript.c,tex.c,1,dfishburn; elliotth,dfishburn; elias; dhiebert; jafl; elliotth; vberthoux,0.0000,0.0000,-1,2,newToken,static tokenInfo *newToken (void),makeConstTag,"static void makeConstTag (tokenInfo *const token, const texKind kind)"
389,Type2,Block,17,208,209,682,682,Still Active,Still Active,134,134,0,0,0,100,flex.c,flex.c,0,dfishburn; elliotth; elias; dhiebert; jafl; vberthoux; perlguy0,dfishburn; elliotth; elias; dhiebert; jafl; vberthoux; perlguy0,0.0000,0.0000,-1,-1,makeClassTag,static void makeClassTag (tokenInfo *const token),makeFunctionTag,static void makeFunctionTag (tokenInfo *const token)
390,Type2,Block,17,208,272,682,693,Still Active,785,134,92,0,0,1,100,flex.c,tex.c,1,dfishburn; elliotth; elias; dhiebert; jafl; vberthoux; perlguy0,dfishburn; elias; dhiebert; jafl; elliotth; vberthoux,0.0000,0.0000,-1,91,makeClassTag,static void makeClassTag (tokenInfo *const token),makeConstTag,"static void makeConstTag (tokenInfo *const token, const texKind kind)"
391,Type2,Block,17,209,272,682,693,Still Active,785,134,92,0,0,1,100,flex.c,tex.c,1,dfishburn; elliotth; elias; dhiebert; jafl; vberthoux; perlguy0,dfishburn; elias; dhiebert; jafl; elliotth; vberthoux,0.0000,0.0000,-1,91,makeFunctionTag,static void makeFunctionTag (tokenInfo *const token),makeConstTag,"static void makeConstTag (tokenInfo *const token, const texKind kind)"
392,Type2,Block,18,46,47,2,2,18,18,16,16,0,0,0,100,pascal.c,pascal.c,0,darren,darren,0.0000,0.0000,-1,-1,NULL,NULL,NULL,NULL
393,Type2,Block,18,46,66,2,97,18,Still Active,16,719,0,0,0,100,pascal.c,routines.c,1,darren,darren; elias; elliotth; dfishburn; jafl; perlguy0; dhiebert; vberthoux,0.0000,0.0000,-1,-1,NULL,NULL,strcasecmp,"extern int strcasecmp (const char *s1, const char *s2)"
394,Type2,Block,18,46,125,2,461,18,Still Active,16,355,0,0,0,100,pascal.c,jscript.c,1,darren,dfishburn; elliotth; jafl; perlguy0; dhiebert; elias; vberthoux,0.0000,0.0000,-1,-1,NULL,NULL,deleteToken,static void deleteToken (tokenInfo *const token)
395,Type2,Block,18,46,126,2,461,18,Still Active,16,355,0,0,0,100,pascal.c,sql.c,1,darren,dfishburn; elliotth; jafl; perlguy0; dhiebert; elias; vberthoux,0.0000,0.0000,-1,-1,NULL,NULL,deleteToken,static void deleteToken (tokenInfo *const token)
396,Type2,Block,18,46,180,2,654,18,Still Active,16,162,0,0,0,100,pascal.c,vhdl.c,1,darren,elliotth; dfishburn; elias; dhiebert; jafl; vberthoux; perlguy0,0.0000,0.0000,-1,-1,NULL,NULL,makeConstTag,"static void makeConstTag (tokenInfo *const token, const vhdlKind kind)"
397,Type2,Block,18,46,210,2,682,18,Still Active,16,134,0,0,0,100,pascal.c,flex.c,1,darren,dfishburn; elliotth; elias; dhiebert; jafl; vberthoux; perlguy0,0.0000,0.0000,-1,-1,NULL,NULL,makeClassTag,static void makeClassTag (tokenInfo *const token)
398,Type2,Block,18,46,211,2,682,18,Still Active,16,134,0,0,0,100,pascal.c,flex.c,1,darren,dfishburn; elliotth; elias; dhiebert; jafl; vberthoux; perlguy0,0.0000,0.0000,-1,-1,NULL,NULL,NULL,NULL
399,Type2,Block,18,46,212,2,682,18,Still Active,16,134,0,0,0,100,pascal.c,flex.c,1,darren,dfishburn; elliotth; elias; dhiebert; jafl; vberthoux; perlguy0,0.0000,0.0000,-1,-1,NULL,NULL,makeMXTag,static void makeMXTag (tokenInfo *const token)
400,Type2,Block,18,46,213,2,682,18,Still Active,16,134,0,0,0,100,pascal.c,flex.c,1,darren,dfishburn; elliotth; elias; dhiebert; jafl; vberthoux; perlguy0,0.0000,0.0000,-1,-1,NULL,NULL,makeFunctionTag,static void makeFunctionTag (tokenInfo *const token)
401,Type2,Block,18,47,66,2,97,18,Still Active,16,719,0,0,0,100,pascal.c,routines.c,1,darren,darren; elias; elliotth; dfishburn; jafl; perlguy0; dhiebert; vberthoux,0.0000,0.0000,-1,-1,NULL,NULL,strcasecmp,"extern int strcasecmp (const char *s1, const char *s2)"
402,Type2,Block,18,47,125,2,461,18,Still Active,16,355,0,0,0,100,pascal.c,jscript.c,1,darren,dfishburn; elliotth; jafl; perlguy0; dhiebert; elias; vberthoux,0.0000,0.0000,-1,-1,NULL,NULL,deleteToken,static void deleteToken (tokenInfo *const token)
403,Type2,Block,18,47,126,2,461,18,Still Active,16,355,0,0,0,100,pascal.c,sql.c,1,darren,dfishburn; elliotth; jafl; perlguy0; dhiebert; elias; vberthoux,0.0000,0.0000,-1,-1,NULL,NULL,deleteToken,static void deleteToken (tokenInfo *const token)
404,Type2,Block,18,47,180,2,654,18,Still Active,16,162,0,0,0,100,pascal.c,vhdl.c,1,darren,elliotth; dfishburn; elias; dhiebert; jafl; vberthoux; perlguy0,0.0000,0.0000,-1,-1,NULL,NULL,makeConstTag,"static void makeConstTag (tokenInfo *const token, const vhdlKind kind)"
405,Type2,Block,18,47,210,2,682,18,Still Active,16,134,0,0,0,100,pascal.c,flex.c,1,darren,dfishburn; elliotth; elias; dhiebert; jafl; vberthoux; perlguy0,0.0000,0.0000,-1,-1,NULL,NULL,makeClassTag,static void makeClassTag (tokenInfo *const token)
406,Type2,Block,18,47,211,2,682,18,Still Active,16,134,0,0,0,100,pascal.c,flex.c,1,darren,dfishburn; elliotth; elias; dhiebert; jafl; vberthoux; perlguy0,0.0000,0.0000,-1,-1,NULL,NULL,NULL,NULL
407,Type2,Block,18,47,212,2,682,18,Still Active,16,134,0,0,0,100,pascal.c,flex.c,1,darren,dfishburn; elliotth; elias; dhiebert; jafl; vberthoux; perlguy0,0.0000,0.0000,-1,-1,NULL,NULL,makeMXTag,static void makeMXTag (tokenInfo *const token)
408,Type2,Block,18,47,213,2,682,18,Still Active,16,134,0,0,0,100,pascal.c,flex.c,1,darren,dfishburn; elliotth; elias; dhiebert; jafl; vberthoux; perlguy0,0.0000,0.0000,-1,-1,NULL,NULL,makeFunctionTag,static void makeFunctionTag (tokenInfo *const token)
409,Type2,Block,18,66,125,97,461,Still Active,Still Active,719,355,0,0,6,100,routines.c,jscript.c,1,darren; elias; elliotth; dfishburn; jafl; perlguy0; dhiebert; vberthoux,dfishburn; elliotth; jafl; perlguy0; dhiebert; elias; vberthoux,0.0000,0.0000,-1,182,strcasecmp,"extern int strcasecmp (const char *s1, const char *s2)",deleteToken,static void deleteToken (tokenInfo *const token)
410,Type2,Block,18,66,126,97,461,Still Active,Still Active,719,355,0,0,6,100,routines.c,sql.c,1,darren; elias; elliotth; dfishburn; jafl; perlguy0; dhiebert; vberthoux,dfishburn; elliotth; jafl; perlguy0; dhiebert; elias; vberthoux,0.0000,0.0000,-1,79,strcasecmp,"extern int strcasecmp (const char *s1, const char *s2)",deleteToken,static void deleteToken (tokenInfo *const token)
411,Type2,Block,18,66,180,97,654,Still Active,Still Active,719,162,0,0,2,100,routines.c,vhdl.c,1,darren; elias; elliotth; dfishburn; jafl; perlguy0; dhiebert; vberthoux,elliotth; dfishburn; elias; dhiebert; jafl; vberthoux; perlguy0,0.0000,0.0000,-1,159,strcasecmp,"extern int strcasecmp (const char *s1, const char *s2)",makeConstTag,"static void makeConstTag (tokenInfo *const token, const vhdlKind kind)"
412,Type2,Block,18,66,210,97,682,Still Active,Still Active,719,134,0,0,1,100,routines.c,flex.c,1,darren; elias; elliotth; dfishburn; jafl; perlguy0; dhiebert; vberthoux,dfishburn; elliotth; elias; dhiebert; jafl; vberthoux; perlguy0,0.0000,0.0000,-1,61,strcasecmp,"extern int strcasecmp (const char *s1, const char *s2)",makeClassTag,static void makeClassTag (tokenInfo *const token)
413,Type2,Block,18,66,211,97,682,Still Active,Still Active,719,134,0,0,3,100,routines.c,flex.c,1,darren; elias; elliotth; dfishburn; jafl; perlguy0; dhiebert; vberthoux,dfishburn; elliotth; elias; dhiebert; jafl; vberthoux; perlguy0,0.0000,0.0000,-1,61,strcasecmp,"extern int strcasecmp (const char *s1, const char *s2)",NULL,NULL
414,Type2,Block,18,66,212,97,682,Still Active,Still Active,719,134,0,0,1,100,routines.c,flex.c,1,darren; elias; elliotth; dfishburn; jafl; perlguy0; dhiebert; vberthoux,dfishburn; elliotth; elias; dhiebert; jafl; vberthoux; perlguy0,0.0000,0.0000,-1,61,strcasecmp,"extern int strcasecmp (const char *s1, const char *s2)",makeMXTag,static void makeMXTag (tokenInfo *const token)
415,Type2,Block,18,66,213,97,682,Still Active,Still Active,719,134,0,0,1,100,routines.c,flex.c,1,darren; elias; elliotth; dfishburn; jafl; perlguy0; dhiebert; vberthoux,dfishburn; elliotth; elias; dhiebert; jafl; vberthoux; perlguy0,0.0000,0.0000,-1,61,strcasecmp,"extern int strcasecmp (const char *s1, const char *s2)",makeFunctionTag,static void makeFunctionTag (tokenInfo *const token)
416,Type2,Block,18,125,126,461,461,Still Active,Still Active,355,355,2,4,4,100,jscript.c,sql.c,1,dfishburn; elliotth; jafl; perlguy0; dhiebert; elias; vberthoux,dfishburn; elliotth; jafl; perlguy0; dhiebert; elias; vberthoux,0.0006,-0.0107,341,79,deleteToken,static void deleteToken (tokenInfo *const token),deleteToken,static void deleteToken (tokenInfo *const token)
417,Type2,Block,18,125,180,461,654,Still Active,Still Active,355,162,0,0,2,100,jscript.c,vhdl.c,1,dfishburn; elliotth; jafl; perlguy0; dhiebert; elias; vberthoux,elliotth; dfishburn; elias; dhiebert; jafl; vberthoux; perlguy0,0.0000,0.0000,-1,159,deleteToken,static void deleteToken (tokenInfo *const token),makeConstTag,"static void makeConstTag (tokenInfo *const token, const vhdlKind kind)"
418,Type2,Block,18,125,210,461,682,Still Active,Still Active,355,134,0,0,1,100,jscript.c,flex.c,1,dfishburn; elliotth; jafl; perlguy0; dhiebert; elias; vberthoux,dfishburn; elliotth; elias; dhiebert; jafl; vberthoux; perlguy0,0.0000,0.0000,-1,61,deleteToken,static void deleteToken (tokenInfo *const token),makeClassTag,static void makeClassTag (tokenInfo *const token)
419,Type2,Block,18,125,211,461,682,Still Active,Still Active,355,134,0,0,3,100,jscript.c,flex.c,1,dfishburn; elliotth; jafl; perlguy0; dhiebert; elias; vberthoux,dfishburn; elliotth; elias; dhiebert; jafl; vberthoux; perlguy0,0.0000,0.0000,-1,61,deleteToken,static void deleteToken (tokenInfo *const token),NULL,NULL
420,Type2,Block,18,125,212,461,682,Still Active,Still Active,355,134,0,0,1,100,jscript.c,flex.c,1,dfishburn; elliotth; jafl; perlguy0; dhiebert; elias; vberthoux,dfishburn; elliotth; elias; dhiebert; jafl; vberthoux; perlguy0,0.0000,0.0000,-1,61,deleteToken,static void deleteToken (tokenInfo *const token),makeMXTag,static void makeMXTag (tokenInfo *const token)
421,Type2,Block,18,125,213,461,682,Still Active,Still Active,355,134,0,0,1,100,jscript.c,flex.c,1,dfishburn; elliotth; jafl; perlguy0; dhiebert; elias; vberthoux,dfishburn; elliotth; elias; dhiebert; jafl; vberthoux; perlguy0,0.0000,0.0000,-1,61,deleteToken,static void deleteToken (tokenInfo *const token),makeFunctionTag,static void makeFunctionTag (tokenInfo *const token)
422,Type2,Block,18,126,180,461,654,Still Active,Still Active,355,162,0,1,2,100,sql.c,vhdl.c,1,dfishburn; elliotth; jafl; perlguy0; dhiebert; elias; vberthoux,elliotth; dfishburn; elias; dhiebert; jafl; vberthoux; perlguy0,0.0000,0.0000,-1,79,deleteToken,static void deleteToken (tokenInfo *const token),makeConstTag,"static void makeConstTag (tokenInfo *const token, const vhdlKind kind)"
423,Type2,Block,18,126,210,461,682,Still Active,Still Active,355,134,0,1,1,100,sql.c,flex.c,1,dfishburn; elliotth; jafl; perlguy0; dhiebert; elias; vberthoux,dfishburn; elliotth; elias; dhiebert; jafl; vberthoux; perlguy0,0.0000,0.0000,-1,61,deleteToken,static void deleteToken (tokenInfo *const token),makeClassTag,static void makeClassTag (tokenInfo *const token)
424,Type2,Block,18,126,211,461,682,Still Active,Still Active,355,134,0,1,3,100,sql.c,flex.c,1,dfishburn; elliotth; jafl; perlguy0; dhiebert; elias; vberthoux,dfishburn; elliotth; elias; dhiebert; jafl; vberthoux; perlguy0,0.0000,0.0000,-1,61,deleteToken,static void deleteToken (tokenInfo *const token),NULL,NULL
425,Type2,Block,18,126,212,461,682,Still Active,Still Active,355,134,0,1,1,100,sql.c,flex.c,1,dfishburn; elliotth; jafl; perlguy0; dhiebert; elias; vberthoux,dfishburn; elliotth; elias; dhiebert; jafl; vberthoux; perlguy0,0.0000,0.0000,-1,61,deleteToken,static void deleteToken (tokenInfo *const token),makeMXTag,static void makeMXTag (tokenInfo *const token)
426,Type2,Block,18,126,213,461,682,Still Active,Still Active,355,134,0,1,1,100,sql.c,flex.c,1,dfishburn; elliotth; jafl; perlguy0; dhiebert; elias; vberthoux,dfishburn; elliotth; elias; dhiebert; jafl; vberthoux; perlguy0,0.0000,0.0000,-1,61,deleteToken,static void deleteToken (tokenInfo *const token),makeFunctionTag,static void makeFunctionTag (tokenInfo *const token)
427,Type2,Block,18,180,210,654,682,Still Active,Still Active,162,134,0,0,1,100,vhdl.c,flex.c,1,elliotth; dfishburn; elias; dhiebert; jafl; vberthoux; perlguy0,dfishburn; elliotth; elias; dhiebert; jafl; vberthoux; perlguy0,0.0000,0.0000,-1,61,makeConstTag,"static void makeConstTag (tokenInfo *const token, const vhdlKind kind)",makeClassTag,static void makeClassTag (tokenInfo *const token)
428,Type2,Block,18,180,211,654,682,Still Active,Still Active,162,134,0,0,3,100,vhdl.c,flex.c,1,elliotth; dfishburn; elias; dhiebert; jafl; vberthoux; perlguy0,dfishburn; elliotth; elias; dhiebert; jafl; vberthoux; perlguy0,0.0000,0.0000,-1,61,makeConstTag,"static void makeConstTag (tokenInfo *const token, const vhdlKind kind)",NULL,NULL
429,Type2,Block,18,180,212,654,682,Still Active,Still Active,162,134,0,0,1,100,vhdl.c,flex.c,1,elliotth; dfishburn; elias; dhiebert; jafl; vberthoux; perlguy0,dfishburn; elliotth; elias; dhiebert; jafl; vberthoux; perlguy0,0.0000,0.0000,-1,61,makeConstTag,"static void makeConstTag (tokenInfo *const token, const vhdlKind kind)",makeMXTag,static void makeMXTag (tokenInfo *const token)
430,Type2,Block,18,180,213,654,682,Still Active,Still Active,162,134,0,0,1,100,vhdl.c,flex.c,1,elliotth; dfishburn; elias; dhiebert; jafl; vberthoux; perlguy0,dfishburn; elliotth; elias; dhiebert; jafl; vberthoux; perlguy0,0.0000,0.0000,-1,61,makeConstTag,"static void makeConstTag (tokenInfo *const token, const vhdlKind kind)",makeFunctionTag,static void makeFunctionTag (tokenInfo *const token)
431,Type2,Block,18,210,211,682,682,Still Active,Still Active,134,134,1,0,2,100,flex.c,flex.c,0,dfishburn; elliotth; elias; dhiebert; jafl; vberthoux; perlguy0,dfishburn; elliotth; elias; dhiebert; jafl; vberthoux; perlguy0,0.7564,1.0000,61,116,makeClassTag,static void makeClassTag (tokenInfo *const token),NULL,NULL
432,Type2,Block,18,210,212,682,682,Still Active,Still Active,134,134,1,0,0,100,flex.c,flex.c,0,dfishburn; elliotth; elias; dhiebert; jafl; vberthoux; perlguy0,dfishburn; elliotth; elias; dhiebert; jafl; vberthoux; perlguy0,1.0000,1.0000,61,-1,makeClassTag,static void makeClassTag (tokenInfo *const token),makeMXTag,static void makeMXTag (tokenInfo *const token)
433,Type2,Block,18,210,213,682,682,Still Active,Still Active,134,134,1,0,0,100,flex.c,flex.c,0,dfishburn; elliotth; elias; dhiebert; jafl; vberthoux; perlguy0,dfishburn; elliotth; elias; dhiebert; jafl; vberthoux; perlguy0,1.0000,1.0000,61,-1,makeClassTag,static void makeClassTag (tokenInfo *const token),makeFunctionTag,static void makeFunctionTag (tokenInfo *const token)
434,Type2,Block,18,211,212,682,682,Still Active,Still Active,134,134,1,2,0,100,flex.c,flex.c,0,dfishburn; elliotth; elias; dhiebert; jafl; vberthoux; perlguy0,dfishburn; elliotth; elias; dhiebert; jafl; vberthoux; perlguy0,0.7564,1.0000,61,116,NULL,NULL,makeMXTag,static void makeMXTag (tokenInfo *const token)
435,Type2,Block,18,211,213,682,682,Still Active,Still Active,134,134,1,2,0,100,flex.c,flex.c,0,dfishburn; elliotth; elias; dhiebert; jafl; vberthoux; perlguy0,dfishburn; elliotth; elias; dhiebert; jafl; vberthoux; perlguy0,0.7564,1.0000,61,116,NULL,NULL,makeFunctionTag,static void makeFunctionTag (tokenInfo *const token)
436,Type2,Block,18,212,213,682,682,Still Active,Still Active,134,134,1,0,0,100,flex.c,flex.c,0,dfishburn; elliotth; elias; dhiebert; jafl; vberthoux; perlguy0,dfishburn; elliotth; elias; dhiebert; jafl; vberthoux; perlguy0,1.0000,1.0000,61,-1,makeMXTag,static void makeMXTag (tokenInfo *const token),makeFunctionTag,static void makeFunctionTag (tokenInfo *const token)
437,Type2,Block,19,48,49,2,2,18,18,16,16,0,0,0,100,python.c,ruby.c,1,darren,darren,0.0000,0.0000,-1,-1,findPythonTags,static void findPythonTags (void),findRubyTags,static void findRubyTags (void)
438,Type2,Block,19,48,67,2,97,18,Still Active,16,719,0,0,0,100,python.c,routines.c,1,darren,darren; elias; elliotth; dfishburn; jafl; perlguy0; dhiebert; vberthoux,0.0000,0.0000,-1,-1,findPythonTags,static void findPythonTags (void),strncasecmp,"extern int strncasecmp (const char *s1, const char *s2, size_t n)"
439,Type2,Block,19,48,127,2,461,18,791,16,330,0,0,0,100,python.c,jscript.c,1,darren,dfishburn; elliotth; jafl; perlguy0; dhiebert; elias; vberthoux,0.0000,0.0000,-1,-1,findPythonTags,static void findPythonTags (void),makeJsTag,"static void makeJsTag (tokenInfo *const token, const jsKind kind)"
440,Type2,Block,19,48,128,2,461,18,791,16,330,0,0,0,100,python.c,sql.c,1,darren,dfishburn; elliotth; jafl; perlguy0; dhiebert; elias; vberthoux,0.0000,0.0000,-1,-1,findPythonTags,static void findPythonTags (void),makeSqlTag,"static void makeSqlTag (tokenInfo *const token, const sqlKind kind)"
441,Type2,Block,19,48,202,2,664,18,Still Active,16,152,0,0,0,100,python.c,jscript.c,1,darren,dfishburn; elias; elliotth; dhiebert; jafl; vberthoux; perlguy0,0.0000,0.0000,-1,-1,findPythonTags,static void findPythonTags (void),makeClassTag,static void makeClassTag (tokenInfo *const token)
442,Type2,Block,19,48,214,2,682,18,Still Active,16,134,0,0,0,100,python.c,flex.c,1,darren,dfishburn; elliotth; elias; dhiebert; jafl; vberthoux; perlguy0,0.0000,0.0000,-1,-1,findPythonTags,static void findPythonTags (void),parseString,"static void parseString (vString *const string, const int delimiter)"
443,Type2,Block,19,48,273,2,693,18,785,16,92,0,0,0,100,python.c,tex.c,1,darren,dfishburn; elias; dhiebert; jafl; elliotth; vberthoux,0.0000,0.0000,-1,-1,findPythonTags,static void findPythonTags (void),makeTexTag,"static void makeTexTag (tokenInfo *const token, texKind kind)"
444,Type2,Block,19,49,67,2,97,18,Still Active,16,719,0,0,0,100,ruby.c,routines.c,1,darren,darren; elias; elliotth; dfishburn; jafl; perlguy0; dhiebert; vberthoux,0.0000,0.0000,-1,-1,findRubyTags,static void findRubyTags (void),strncasecmp,"extern int strncasecmp (const char *s1, const char *s2, size_t n)"
445,Type2,Block,19,49,127,2,461,18,791,16,330,0,0,0,100,ruby.c,jscript.c,1,darren,dfishburn; elliotth; jafl; perlguy0; dhiebert; elias; vberthoux,0.0000,0.0000,-1,-1,findRubyTags,static void findRubyTags (void),makeJsTag,"static void makeJsTag (tokenInfo *const token, const jsKind kind)"
446,Type2,Block,19,49,128,2,461,18,791,16,330,0,0,0,100,ruby.c,sql.c,1,darren,dfishburn; elliotth; jafl; perlguy0; dhiebert; elias; vberthoux,0.0000,0.0000,-1,-1,findRubyTags,static void findRubyTags (void),makeSqlTag,"static void makeSqlTag (tokenInfo *const token, const sqlKind kind)"
447,Type2,Block,19,49,202,2,664,18,Still Active,16,152,0,0,0,100,ruby.c,jscript.c,1,darren,dfishburn; elias; elliotth; dhiebert; jafl; vberthoux; perlguy0,0.0000,0.0000,-1,-1,findRubyTags,static void findRubyTags (void),makeClassTag,static void makeClassTag (tokenInfo *const token)
448,Type2,Block,19,49,214,2,682,18,Still Active,16,134,0,0,0,100,ruby.c,flex.c,1,darren,dfishburn; elliotth; elias; dhiebert; jafl; vberthoux; perlguy0,0.0000,0.0000,-1,-1,findRubyTags,static void findRubyTags (void),parseString,"static void parseString (vString *const string, const int delimiter)"
449,Type2,Block,19,49,273,2,693,18,785,16,92,0,0,0,100,ruby.c,tex.c,1,darren,dfishburn; elias; dhiebert; jafl; elliotth; vberthoux,0.0000,0.0000,-1,-1,findRubyTags,static void findRubyTags (void),makeTexTag,"static void makeTexTag (tokenInfo *const token, texKind kind)"
450,Type2,Block,19,67,127,97,461,Still Active,791,719,330,0,0,2,100,routines.c,jscript.c,1,darren; elias; elliotth; dfishburn; jafl; perlguy0; dhiebert; vberthoux,dfishburn; elliotth; jafl; perlguy0; dhiebert; elias; vberthoux,0.0000,0.0000,-1,316,strncasecmp,"extern int strncasecmp (const char *s1, const char *s2, size_t n)",makeJsTag,"static void makeJsTag (tokenInfo *const token, const jsKind kind)"
451,Type2,Block,19,67,128,97,461,Still Active,791,719,330,0,0,4,100,routines.c,sql.c,1,darren; elias; elliotth; dfishburn; jafl; perlguy0; dhiebert; vberthoux,dfishburn; elliotth; jafl; perlguy0; dhiebert; elias; vberthoux,0.0000,0.0000,-1,147,strncasecmp,"extern int strncasecmp (const char *s1, const char *s2, size_t n)",makeSqlTag,"static void makeSqlTag (tokenInfo *const token, const sqlKind kind)"
452,Type2,Block,19,67,202,97,664,Still Active,Still Active,719,152,0,0,4,100,routines.c,jscript.c,1,darren; elias; elliotth; dfishburn; jafl; perlguy0; dhiebert; vberthoux,dfishburn; elias; elliotth; dhiebert; jafl; vberthoux; perlguy0,0.0000,0.0000,-1,16,strncasecmp,"extern int strncasecmp (const char *s1, const char *s2, size_t n)",makeClassTag,static void makeClassTag (tokenInfo *const token)
453,Type2,Block,19,67,214,97,682,Still Active,Still Active,719,134,0,0,0,100,routines.c,flex.c,1,darren; elias; elliotth; dfishburn; jafl; perlguy0; dhiebert; vberthoux,dfishburn; elliotth; elias; dhiebert; jafl; vberthoux; perlguy0,0.0000,0.0000,-1,373,strncasecmp,"extern int strncasecmp (const char *s1, const char *s2, size_t n)",parseString,"static void parseString (vString *const string, const int delimiter)"
454,Type2,Block,19,67,273,97,693,Still Active,785,719,92,0,0,0,100,routines.c,tex.c,1,darren; elias; elliotth; dfishburn; jafl; perlguy0; dhiebert; vberthoux,dfishburn; elias; dhiebert; jafl; elliotth; vberthoux,0.0000,0.0000,-1,342,strncasecmp,"extern int strncasecmp (const char *s1, const char *s2, size_t n)",makeTexTag,"static void makeTexTag (tokenInfo *const token, texKind kind)"
455,Type2,Block,19,127,128,461,461,791,791,330,330,2,0,2,100,jscript.c,sql.c,1,dfishburn; elliotth; jafl; perlguy0; dhiebert; elias; vberthoux,dfishburn; elliotth; jafl; perlguy0; dhiebert; elias; vberthoux,0.0112,-0.7337,316,147,makeJsTag,"static void makeJsTag (tokenInfo *const token, const jsKind kind)",makeSqlTag,"static void makeSqlTag (tokenInfo *const token, const sqlKind kind)"
456,Type2,Block,19,127,202,461,664,791,Still Active,330,152,0,0,2,100,jscript.c,jscript.c,0,dfishburn; elliotth; jafl; perlguy0; dhiebert; elias; vberthoux,dfishburn; elias; elliotth; dhiebert; jafl; vberthoux; perlguy0,0.0000,0.0000,-1,0,makeJsTag,"static void makeJsTag (tokenInfo *const token, const jsKind kind)",makeClassTag,static void makeClassTag (tokenInfo *const token)
457,Type2,Block,19,127,214,461,682,791,Still Active,330,134,0,0,0,100,jscript.c,flex.c,1,dfishburn; elliotth; jafl; perlguy0; dhiebert; elias; vberthoux,dfishburn; elliotth; elias; dhiebert; jafl; vberthoux; perlguy0,0.0000,0.0000,-1,316,makeJsTag,"static void makeJsTag (tokenInfo *const token, const jsKind kind)",parseString,"static void parseString (vString *const string, const int delimiter)"
458,Type2,Block,19,127,273,461,693,791,785,330,92,0,0,0,100,jscript.c,tex.c,1,dfishburn; elliotth; jafl; perlguy0; dhiebert; elias; vberthoux,dfishburn; elias; dhiebert; jafl; elliotth; vberthoux,0.0000,0.0000,-1,310,makeJsTag,"static void makeJsTag (tokenInfo *const token, const jsKind kind)",makeTexTag,"static void makeTexTag (tokenInfo *const token, texKind kind)"
459,Type2,Block,19,128,202,461,664,791,Still Active,330,152,0,0,2,100,sql.c,jscript.c,1,dfishburn; elliotth; jafl; perlguy0; dhiebert; elias; vberthoux,dfishburn; elias; elliotth; dhiebert; jafl; vberthoux; perlguy0,0.0000,0.0000,-1,0,makeSqlTag,"static void makeSqlTag (tokenInfo *const token, const sqlKind kind)",makeClassTag,static void makeClassTag (tokenInfo *const token)
460,Type2,Block,19,128,214,461,682,791,Still Active,330,134,0,0,0,100,sql.c,flex.c,1,dfishburn; elliotth; jafl; perlguy0; dhiebert; elias; vberthoux,dfishburn; elliotth; elias; dhiebert; jafl; vberthoux; perlguy0,0.0000,0.0000,-1,147,makeSqlTag,"static void makeSqlTag (tokenInfo *const token, const sqlKind kind)",parseString,"static void parseString (vString *const string, const int delimiter)"
461,Type2,Block,19,128,273,461,693,791,785,330,92,0,0,0,100,sql.c,tex.c,1,dfishburn; elliotth; jafl; perlguy0; dhiebert; elias; vberthoux,dfishburn; elias; dhiebert; jafl; elliotth; vberthoux,0.0000,0.0000,-1,141,makeSqlTag,"static void makeSqlTag (tokenInfo *const token, const sqlKind kind)",makeTexTag,"static void makeTexTag (tokenInfo *const token, texKind kind)"
462,Type2,Block,19,202,214,664,682,Still Active,Still Active,152,134,0,3,0,100,jscript.c,flex.c,1,dfishburn; elias; elliotth; dhiebert; jafl; vberthoux; perlguy0,dfishburn; elliotth; elias; dhiebert; jafl; vberthoux; perlguy0,0.0000,0.0000,-1,16,makeClassTag,static void makeClassTag (tokenInfo *const token),parseString,"static void parseString (vString *const string, const int delimiter)"
463,Type2,Block,19,202,273,664,693,Still Active,785,152,92,0,0,0,100,jscript.c,tex.c,1,dfishburn; elias; elliotth; dhiebert; jafl; vberthoux; perlguy0,dfishburn; elias; dhiebert; jafl; elliotth; vberthoux,0.0000,0.0000,-1,121,makeClassTag,static void makeClassTag (tokenInfo *const token),makeTexTag,"static void makeTexTag (tokenInfo *const token, texKind kind)"
464,Type2,Block,19,214,273,682,693,Still Active,785,134,92,0,0,0,100,flex.c,tex.c,1,dfishburn; elliotth; elias; dhiebert; jafl; vberthoux; perlguy0,dfishburn; elias; dhiebert; jafl; elliotth; vberthoux,0.0000,0.0000,-1,-1,parseString,"static void parseString (vString *const string, const int delimiter)",makeTexTag,"static void makeTexTag (tokenInfo *const token, texKind kind)"
465,Type2,Block,20,50,51,2,2,18,18,16,16,0,0,0,100,readtags.c,readtags.c,0,darren,darren,0.0000,0.0000,-1,-1,tagsNext,extern tagResult tagsNext (tagEntry *const entry),tagsFindNext,extern tagResult tagsFindNext (tagEntry *const entry)
466,Type2,Block,20,50,58,2,37,18,Still Active,16,779,0,0,0,100,readtags.c,readtags.c,0,darren,darren; elias; elliotth; dfishburn; jafl; perlguy0; dhiebert; vberthoux,0.0000,0.0000,-1,-1,tagsNext,extern tagResult tagsNext (tagEntry *const entry),tagsFindNext,"extern tagResult tagsFindNext (tagFile *const file, tagEntry *const entry)"
467,Type2,Block,20,50,91,2,242,18,Still Active,16,574,0,0,0,100,readtags.c,python.c,1,darren,darren; elias; dhiebert; elliotth; dfishburn; jafl; perlguy0; vberthoux,0.0000,0.0000,-1,-1,tagsNext,extern tagResult tagsNext (tagEntry *const entry),skipSpace,static const unsigned char *skipSpace (const unsigned char *cp)
468,Type2,Block,20,50,92,2,242,18,Still Active,16,574,0,0,0,100,readtags.c,sml.c,1,darren,darren; elias; elliotth; dfishburn; jafl; perlguy0; dhiebert; vberthoux,0.0000,0.0000,-1,-1,tagsNext,extern tagResult tagsNext (tagEntry *const entry),skipSpace,static const unsigned char *skipSpace (const unsigned char *cp)
469,Type2,Block,20,50,103,2,273,18,Still Active,16,543,0,0,0,100,readtags.c,options.c,1,darren,darren; elliotth; elias; dfishburn; jafl; perlguy0; dhiebert; vberthoux,0.0000,0.0000,-1,-1,tagsNext,extern tagResult tagsNext (tagEntry *const entry),NULL,NULL
470,Type2,Block,20,50,104,2,273,18,Still Active,16,543,0,0,0,100,readtags.c,options.c,1,darren,darren; elliotth; elias; dfishburn; jafl; perlguy0; dhiebert; vberthoux,0.0000,0.0000,-1,-1,tagsNext,extern tagResult tagsNext (tagEntry *const entry),NULL,NULL
471,Type2,Block,20,50,115,2,417,18,420,16,3,0,0,0,100,readtags.c,parse.c,1,darren,darren,0.0000,0.0000,-1,-1,tagsNext,extern tagResult tagsNext (tagEntry *const entry),removeLanaguageExtensionMap,extern boolean removeLanaguageExtensionMap (const char *const extension)
472,Type2,Block,20,50,129,2,461,18,664,16,203,0,0,0,100,readtags.c,jscript.c,1,darren,dfishburn; elliotth; jafl; perlguy0; dhiebert; elias,0.0000,0.0000,-1,-1,tagsNext,extern tagResult tagsNext (tagEntry *const entry),makeConstTag,"static void makeConstTag (tokenInfo *const token, const jsKind kind)"
473,Type2,Block,20,50,130,2,461,18,Still Active,16,355,0,0,0,100,readtags.c,sql.c,1,darren,dfishburn; elliotth; jafl; perlguy0; dhiebert; elias; vberthoux,0.0000,0.0000,-1,-1,tagsNext,extern tagResult tagsNext (tagEntry *const entry),makeConstTag,"static void makeConstTag (tokenInfo *const token, const sqlKind kind)"
474,Type2,Block,20,50,203,2,664,18,Still Active,16,152,0,0,0,100,readtags.c,jscript.c,1,darren,dfishburn; elias; elliotth; dhiebert; jafl; vberthoux; perlguy0,0.0000,0.0000,-1,-1,tagsNext,extern tagResult tagsNext (tagEntry *const entry),parseStatement,"static boolean parseStatement (tokenInfo *const token, boolean is_inside_class)"
475,Type2,Block,20,50,215,2,682,18,Still Active,16,134,0,0,0,100,readtags.c,flex.c,1,darren,dfishburn; elliotth; elias; dhiebert; jafl; vberthoux; perlguy0,0.0000,0.0000,-1,-1,tagsNext,extern tagResult tagsNext (tagEntry *const entry),parseIdentifier,"static void parseIdentifier (vString *const string, const int firstChar)"
476,Type2,Block,20,51,58,2,37,18,Still Active,16,779,0,0,0,100,readtags.c,readtags.c,0,darren,darren; elias; elliotth; dfishburn; jafl; perlguy0; dhiebert; vberthoux,0.0000,0.0000,-1,-1,tagsFindNext,extern tagResult tagsFindNext (tagEntry *const entry),tagsFindNext,"extern tagResult tagsFindNext (tagFile *const file, tagEntry *const entry)"
477,Type2,Block,20,51,91,2,242,18,Still Active,16,574,0,0,0,100,readtags.c,python.c,1,darren,darren; elias; dhiebert; elliotth; dfishburn; jafl; perlguy0; vberthoux,0.0000,0.0000,-1,-1,tagsFindNext,extern tagResult tagsFindNext (tagEntry *const entry),skipSpace,static const unsigned char *skipSpace (const unsigned char *cp)
478,Type2,Block,20,51,92,2,242,18,Still Active,16,574,0,0,0,100,readtags.c,sml.c,1,darren,darren; elias; elliotth; dfishburn; jafl; perlguy0; dhiebert; vberthoux,0.0000,0.0000,-1,-1,tagsFindNext,extern tagResult tagsFindNext (tagEntry *const entry),skipSpace,static const unsigned char *skipSpace (const unsigned char *cp)
479,Type2,Block,20,51,103,2,273,18,Still Active,16,543,0,0,0,100,readtags.c,options.c,1,darren,darren; elliotth; elias; dfishburn; jafl; perlguy0; dhiebert; vberthoux,0.0000,0.0000,-1,-1,tagsFindNext,extern tagResult tagsFindNext (tagEntry *const entry),NULL,NULL
480,Type2,Block,20,51,104,2,273,18,Still Active,16,543,0,0,0,100,readtags.c,options.c,1,darren,darren; elliotth; elias; dfishburn; jafl; perlguy0; dhiebert; vberthoux,0.0000,0.0000,-1,-1,tagsFindNext,extern tagResult tagsFindNext (tagEntry *const entry),NULL,NULL
481,Type2,Block,20,51,115,2,417,18,420,16,3,0,0,0,100,readtags.c,parse.c,1,darren,darren,0.0000,0.0000,-1,-1,tagsFindNext,extern tagResult tagsFindNext (tagEntry *const entry),removeLanaguageExtensionMap,extern boolean removeLanaguageExtensionMap (const char *const extension)
482,Type2,Block,20,51,129,2,461,18,664,16,203,0,0,0,100,readtags.c,jscript.c,1,darren,dfishburn; elliotth; jafl; perlguy0; dhiebert; elias,0.0000,0.0000,-1,-1,tagsFindNext,extern tagResult tagsFindNext (tagEntry *const entry),makeConstTag,"static void makeConstTag (tokenInfo *const token, const jsKind kind)"
483,Type2,Block,20,51,130,2,461,18,Still Active,16,355,0,0,0,100,readtags.c,sql.c,1,darren,dfishburn; elliotth; jafl; perlguy0; dhiebert; elias; vberthoux,0.0000,0.0000,-1,-1,tagsFindNext,extern tagResult tagsFindNext (tagEntry *const entry),makeConstTag,"static void makeConstTag (tokenInfo *const token, const sqlKind kind)"
484,Type2,Block,20,51,203,2,664,18,Still Active,16,152,0,0,0,100,readtags.c,jscript.c,1,darren,dfishburn; elias; elliotth; dhiebert; jafl; vberthoux; perlguy0,0.0000,0.0000,-1,-1,tagsFindNext,extern tagResult tagsFindNext (tagEntry *const entry),parseStatement,"static boolean parseStatement (tokenInfo *const token, boolean is_inside_class)"
485,Type2,Block,20,51,215,2,682,18,Still Active,16,134,0,0,0,100,readtags.c,flex.c,1,darren,dfishburn; elliotth; elias; dhiebert; jafl; vberthoux; perlguy0,0.0000,0.0000,-1,-1,tagsFindNext,extern tagResult tagsFindNext (tagEntry *const entry),parseIdentifier,"static void parseIdentifier (vString *const string, const int firstChar)"
486,Type2,Block,20,58,91,37,242,Still Active,Still Active,779,574,1,0,6,100,readtags.c,python.c,1,darren; elias; elliotth; dfishburn; jafl; perlguy0; dhiebert; vberthoux,darren; elias; dhiebert; elliotth; dfishburn; jafl; perlguy0; vberthoux,0.0000,-0.0381,373,39,tagsFindNext,"extern tagResult tagsFindNext (tagFile *const file, tagEntry *const entry)",skipSpace,static const unsigned char *skipSpace (const unsigned char *cp)
487,Type2,Block,20,58,92,37,242,Still Active,Still Active,779,574,1,0,0,100,readtags.c,sml.c,1,darren; elias; elliotth; dfishburn; jafl; perlguy0; dhiebert; vberthoux,darren; elias; elliotth; dfishburn; jafl; perlguy0; dhiebert; vberthoux,1.0000,-1.0000,373,626,tagsFindNext,"extern tagResult tagsFindNext (tagFile *const file, tagEntry *const entry)",skipSpace,static const unsigned char *skipSpace (const unsigned char *cp)
488,Type2,Block,20,58,103,37,273,Still Active,Still Active,779,543,1,0,6,100,readtags.c,options.c,1,darren; elias; elliotth; dfishburn; jafl; perlguy0; dhiebert; vberthoux,darren; elliotth; elias; dfishburn; jafl; perlguy0; dhiebert; vberthoux,0.0180,-0.7120,373,240,tagsFindNext,"extern tagResult tagsFindNext (tagFile *const file, tagEntry *const entry)",NULL,NULL
489,Type2,Block,20,58,104,37,273,Still Active,Still Active,779,543,1,0,6,100,readtags.c,options.c,1,darren; elias; elliotth; dfishburn; jafl; perlguy0; dhiebert; vberthoux,darren; elliotth; elias; dfishburn; jafl; perlguy0; dhiebert; vberthoux,0.0180,-0.7120,373,240,tagsFindNext,"extern tagResult tagsFindNext (tagFile *const file, tagEntry *const entry)",NULL,NULL
490,Type2,Block,20,58,115,37,417,Still Active,420,779,3,0,0,1,100,readtags.c,parse.c,1,darren; elias; elliotth; dfishburn; jafl; perlguy0; dhiebert; vberthoux,darren,0.0000,0.0000,-1,3,tagsFindNext,"extern tagResult tagsFindNext (tagFile *const file, tagEntry *const entry)",removeLanaguageExtensionMap,extern boolean removeLanaguageExtensionMap (const char *const extension)
491,Type2,Block,20,58,129,37,461,Still Active,664,779,203,0,0,4,100,readtags.c,jscript.c,1,darren; elias; elliotth; dfishburn; jafl; perlguy0; dhiebert; vberthoux,dfishburn; elliotth; jafl; perlguy0; dhiebert; elias,0.0000,0.0000,-1,30,tagsFindNext,"extern tagResult tagsFindNext (tagFile *const file, tagEntry *const entry)",makeConstTag,"static void makeConstTag (tokenInfo *const token, const jsKind kind)"
492,Type2,Block,20,58,130,37,461,Still Active,Still Active,779,355,0,0,6,100,readtags.c,sql.c,1,darren; elias; elliotth; dfishburn; jafl; perlguy0; dhiebert; vberthoux,dfishburn; elliotth; jafl; perlguy0; dhiebert; elias; vberthoux,0.0000,0.0000,-1,172,tagsFindNext,"extern tagResult tagsFindNext (tagFile *const file, tagEntry *const entry)",makeConstTag,"static void makeConstTag (tokenInfo *const token, const sqlKind kind)"
493,Type2,Block,20,58,203,37,664,Still Active,Still Active,779,152,0,0,8,100,readtags.c,jscript.c,1,darren; elias; elliotth; dfishburn; jafl; perlguy0; dhiebert; vberthoux,dfishburn; elias; elliotth; dhiebert; jafl; vberthoux; perlguy0,0.0000,0.0000,-1,7,tagsFindNext,"extern tagResult tagsFindNext (tagFile *const file, tagEntry *const entry)",parseStatement,"static boolean parseStatement (tokenInfo *const token, boolean is_inside_class)"
494,Type2,Block,20,58,215,37,682,Still Active,Still Active,779,134,0,0,0,100,readtags.c,flex.c,1,darren; elias; elliotth; dfishburn; jafl; perlguy0; dhiebert; vberthoux,dfishburn; elliotth; elias; dhiebert; jafl; vberthoux; perlguy0,0.0000,0.0000,-1,373,tagsFindNext,"extern tagResult tagsFindNext (tagFile *const file, tagEntry *const entry)",parseIdentifier,"static void parseIdentifier (vString *const string, const int firstChar)"
495,Type2,Block,20,91,92,242,242,Still Active,Still Active,574,574,1,6,0,100,python.c,sml.c,1,darren; elias; dhiebert; elliotth; dfishburn; jafl; perlguy0; vberthoux,darren; elias; elliotth; dfishburn; jafl; perlguy0; dhiebert; vberthoux,0.0000,-0.0381,373,39,skipSpace,static const unsigned char *skipSpace (const unsigned char *cp),skipSpace,static const unsigned char *skipSpace (const unsigned char *cp)
496,Type2,Block,20,91,103,242,273,Still Active,Still Active,574,543,1,6,6,100,python.c,options.c,1,darren; elias; dhiebert; elliotth; dfishburn; jafl; perlguy0; vberthoux,darren; elliotth; elias; dfishburn; jafl; perlguy0; dhiebert; vberthoux,0.0000,-0.0375,373,39,skipSpace,static const unsigned char *skipSpace (const unsigned char *cp),NULL,NULL
497,Type2,Block,20,91,104,242,273,Still Active,Still Active,574,543,1,6,6,100,python.c,options.c,1,darren; elias; dhiebert; elliotth; dfishburn; jafl; perlguy0; vberthoux,darren; elliotth; elias; dfishburn; jafl; perlguy0; dhiebert; vberthoux,0.0000,-0.0375,373,39,skipSpace,static const unsigned char *skipSpace (const unsigned char *cp),NULL,NULL
498,Type2,Block,20,91,115,242,417,Still Active,420,574,3,0,0,1,100,python.c,parse.c,1,darren; elias; dhiebert; elliotth; dfishburn; jafl; perlguy0; vberthoux,darren,0.0000,0.0000,-1,3,skipSpace,static const unsigned char *skipSpace (const unsigned char *cp),removeLanaguageExtensionMap,extern boolean removeLanaguageExtensionMap (const char *const extension)
499,Type2,Block,20,91,129,242,461,Still Active,664,574,203,0,2,4,100,python.c,jscript.c,1,darren; elias; dhiebert; elliotth; dfishburn; jafl; perlguy0; vberthoux,dfishburn; elliotth; jafl; perlguy0; dhiebert; elias,0.0000,0.0000,-1,30,skipSpace,static const unsigned char *skipSpace (const unsigned char *cp),makeConstTag,"static void makeConstTag (tokenInfo *const token, const jsKind kind)"
500,Type2,Block,20,91,130,242,461,Still Active,Still Active,574,355,0,6,6,100,python.c,sql.c,1,darren; elias; dhiebert; elliotth; dfishburn; jafl; perlguy0; vberthoux,dfishburn; elliotth; jafl; perlguy0; dhiebert; elias; vberthoux,0.0000,0.0000,-1,39,skipSpace,static const unsigned char *skipSpace (const unsigned char *cp),makeConstTag,"static void makeConstTag (tokenInfo *const token, const sqlKind kind)"
501,Type2,Block,20,91,203,242,664,Still Active,Still Active,574,152,0,4,8,100,python.c,jscript.c,1,darren; elias; dhiebert; elliotth; dfishburn; jafl; perlguy0; vberthoux,dfishburn; elias; elliotth; dhiebert; jafl; vberthoux; perlguy0,0.0000,0.0000,-1,7,skipSpace,static const unsigned char *skipSpace (const unsigned char *cp),parseStatement,"static boolean parseStatement (tokenInfo *const token, boolean is_inside_class)"
502,Type2,Block,20,91,215,242,682,Still Active,Still Active,574,134,0,3,0,100,python.c,flex.c,1,darren; elias; dhiebert; elliotth; dfishburn; jafl; perlguy0; vberthoux,dfishburn; elliotth; elias; dhiebert; jafl; vberthoux; perlguy0,0.0000,0.0000,-1,39,skipSpace,static const unsigned char *skipSpace (const unsigned char *cp),parseIdentifier,"static void parseIdentifier (vString *const string, const int firstChar)"
503,Type2,Block,20,92,103,242,273,Still Active,Still Active,574,543,1,0,6,100,sml.c,options.c,1,darren; elias; elliotth; dfishburn; jafl; perlguy0; dhiebert; vberthoux,darren; elliotth; elias; dfishburn; jafl; perlguy0; dhiebert; vberthoux,0.0180,-0.7120,373,240,skipSpace,static const unsigned char *skipSpace (const unsigned char *cp),NULL,NULL
504,Type2,Block,20,92,104,242,273,Still Active,Still Active,574,543,1,0,6,100,sml.c,options.c,1,darren; elias; elliotth; dfishburn; jafl; perlguy0; dhiebert; vberthoux,darren; elliotth; elias; dfishburn; jafl; perlguy0; dhiebert; vberthoux,0.0180,-0.7120,373,240,skipSpace,static const unsigned char *skipSpace (const unsigned char *cp),NULL,NULL
505,Type2,Block,20,92,115,242,417,Still Active,420,574,3,0,0,1,100,sml.c,parse.c,1,darren; elias; elliotth; dfishburn; jafl; perlguy0; dhiebert; vberthoux,darren,0.0000,0.0000,-1,3,skipSpace,static const unsigned char *skipSpace (const unsigned char *cp),removeLanaguageExtensionMap,extern boolean removeLanaguageExtensionMap (const char *const extension)
506,Type2,Block,20,92,129,242,461,Still Active,664,574,203,0,0,4,100,sml.c,jscript.c,1,darren; elias; elliotth; dfishburn; jafl; perlguy0; dhiebert; vberthoux,dfishburn; elliotth; jafl; perlguy0; dhiebert; elias,0.0000,0.0000,-1,30,skipSpace,static const unsigned char *skipSpace (const unsigned char *cp),makeConstTag,"static void makeConstTag (tokenInfo *const token, const jsKind kind)"
507,Type2,Block,20,92,130,242,461,Still Active,Still Active,574,355,0,0,6,100,sml.c,sql.c,1,darren; elias; elliotth; dfishburn; jafl; perlguy0; dhiebert; vberthoux,dfishburn; elliotth; jafl; perlguy0; dhiebert; elias; vberthoux,0.0000,0.0000,-1,172,skipSpace,static const unsigned char *skipSpace (const unsigned char *cp),makeConstTag,"static void makeConstTag (tokenInfo *const token, const sqlKind kind)"
508,Type2,Block,20,92,203,242,664,Still Active,Still Active,574,152,0,0,8,100,sml.c,jscript.c,1,darren; elias; elliotth; dfishburn; jafl; perlguy0; dhiebert; vberthoux,dfishburn; elias; elliotth; dhiebert; jafl; vberthoux; perlguy0,0.0000,0.0000,-1,7,skipSpace,static const unsigned char *skipSpace (const unsigned char *cp),parseStatement,"static boolean parseStatement (tokenInfo *const token, boolean is_inside_class)"
509,Type2,Block,20,92,215,242,682,Still Active,Still Active,574,134,0,0,0,100,sml.c,flex.c,1,darren; elias; elliotth; dfishburn; jafl; perlguy0; dhiebert; vberthoux,dfishburn; elliotth; elias; dhiebert; jafl; vberthoux; perlguy0,0.0000,0.0000,-1,373,skipSpace,static const unsigned char *skipSpace (const unsigned char *cp),parseIdentifier,"static void parseIdentifier (vString *const string, const int firstChar)"
510,Type2,Block,20,103,104,273,273,Still Active,Still Active,543,543,7,0,0,100,options.c,options.c,0,darren; elliotth; elias; dfishburn; jafl; perlguy0; dhiebert; vberthoux,darren; elliotth; elias; dfishburn; jafl; perlguy0; dhiebert; vberthoux,1.0000,0.0000,240,-1,NULL,NULL,NULL,NULL
511,Type2,Block,20,103,115,273,417,Still Active,420,543,3,0,0,1,100,options.c,parse.c,1,darren; elliotth; elias; dfishburn; jafl; perlguy0; dhiebert; vberthoux,darren,0.0000,0.0000,-1,3,NULL,NULL,removeLanaguageExtensionMap,extern boolean removeLanaguageExtensionMap (const char *const extension)
512,Type2,Block,20,103,129,273,461,Still Active,664,543,203,0,1,4,100,options.c,jscript.c,1,darren; elliotth; elias; dfishburn; jafl; perlguy0; dhiebert; vberthoux,dfishburn; elliotth; jafl; perlguy0; dhiebert; elias,0.0000,0.0000,-1,30,NULL,NULL,makeConstTag,"static void makeConstTag (tokenInfo *const token, const jsKind kind)"
513,Type2,Block,20,103,130,273,461,Still Active,Still Active,543,355,0,1,6,100,options.c,sql.c,1,darren; elliotth; elias; dfishburn; jafl; perlguy0; dhiebert; vberthoux,dfishburn; elliotth; jafl; perlguy0; dhiebert; elias; vberthoux,0.0000,0.0000,-1,172,NULL,NULL,makeConstTag,"static void makeConstTag (tokenInfo *const token, const sqlKind kind)"
514,Type2,Block,20,103,203,273,664,Still Active,Still Active,543,152,0,0,8,100,options.c,jscript.c,1,darren; elliotth; elias; dfishburn; jafl; perlguy0; dhiebert; vberthoux,dfishburn; elias; elliotth; dhiebert; jafl; vberthoux; perlguy0,0.0000,0.0000,-1,7,NULL,NULL,parseStatement,"static boolean parseStatement (tokenInfo *const token, boolean is_inside_class)"
515,Type2,Block,20,103,215,273,682,Still Active,Still Active,543,134,0,0,0,100,options.c,flex.c,1,darren; elliotth; elias; dfishburn; jafl; perlguy0; dhiebert; vberthoux,dfishburn; elliotth; elias; dhiebert; jafl; vberthoux; perlguy0,0.0000,0.0000,-1,240,NULL,NULL,parseIdentifier,"static void parseIdentifier (vString *const string, const int firstChar)"
516,Type2,Block,20,104,115,273,417,Still Active,420,543,3,0,0,1,100,options.c,parse.c,1,darren; elliotth; elias; dfishburn; jafl; perlguy0; dhiebert; vberthoux,darren,0.0000,0.0000,-1,3,NULL,NULL,removeLanaguageExtensionMap,extern boolean removeLanaguageExtensionMap (const char *const extension)
517,Type2,Block,20,104,129,273,461,Still Active,664,543,203,0,1,4,100,options.c,jscript.c,1,darren; elliotth; elias; dfishburn; jafl; perlguy0; dhiebert; vberthoux,dfishburn; elliotth; jafl; perlguy0; dhiebert; elias,0.0000,0.0000,-1,30,NULL,NULL,makeConstTag,"static void makeConstTag (tokenInfo *const token, const jsKind kind)"
518,Type2,Block,20,104,130,273,461,Still Active,Still Active,543,355,0,1,6,100,options.c,sql.c,1,darren; elliotth; elias; dfishburn; jafl; perlguy0; dhiebert; vberthoux,dfishburn; elliotth; jafl; perlguy0; dhiebert; elias; vberthoux,0.0000,0.0000,-1,172,NULL,NULL,makeConstTag,"static void makeConstTag (tokenInfo *const token, const sqlKind kind)"
519,Type2,Block,20,104,203,273,664,Still Active,Still Active,543,152,0,0,8,100,options.c,jscript.c,1,darren; elliotth; elias; dfishburn; jafl; perlguy0; dhiebert; vberthoux,dfishburn; elias; elliotth; dhiebert; jafl; vberthoux; perlguy0,0.0000,0.0000,-1,7,NULL,NULL,parseStatement,"static boolean parseStatement (tokenInfo *const token, boolean is_inside_class)"
520,Type2,Block,20,104,215,273,682,Still Active,Still Active,543,134,0,0,0,100,options.c,flex.c,1,darren; elliotth; elias; dfishburn; jafl; perlguy0; dhiebert; vberthoux,dfishburn; elliotth; elias; dhiebert; jafl; vberthoux; perlguy0,0.0000,0.0000,-1,240,NULL,NULL,parseIdentifier,"static void parseIdentifier (vString *const string, const int firstChar)"
521,Type2,Block,20,115,129,417,461,420,664,3,203,0,0,0,100,parse.c,jscript.c,1,darren,dfishburn; elliotth; jafl; perlguy0; dhiebert; elias,0.0000,0.0000,-1,3,removeLanaguageExtensionMap,extern boolean removeLanaguageExtensionMap (const char *const extension),makeConstTag,"static void makeConstTag (tokenInfo *const token, const jsKind kind)"
522,Type2,Block,20,115,130,417,461,420,Still Active,3,355,0,0,0,100,parse.c,sql.c,1,darren,dfishburn; elliotth; jafl; perlguy0; dhiebert; elias; vberthoux,0.0000,0.0000,-1,3,removeLanaguageExtensionMap,extern boolean removeLanaguageExtensionMap (const char *const extension),makeConstTag,"static void makeConstTag (tokenInfo *const token, const sqlKind kind)"
523,Type2,Block,20,115,203,417,664,420,Still Active,3,152,0,0,0,100,parse.c,jscript.c,1,darren,dfishburn; elias; elliotth; dhiebert; jafl; vberthoux; perlguy0,0.0000,0.0000,-1,3,removeLanaguageExtensionMap,extern boolean removeLanaguageExtensionMap (const char *const extension),parseStatement,"static boolean parseStatement (tokenInfo *const token, boolean is_inside_class)"
524,Type2,Block,20,115,215,417,682,420,Still Active,3,134,0,0,0,100,parse.c,flex.c,1,darren,dfishburn; elliotth; elias; dhiebert; jafl; vberthoux; perlguy0,0.0000,0.0000,-1,3,removeLanaguageExtensionMap,extern boolean removeLanaguageExtensionMap (const char *const extension),parseIdentifier,"static void parseIdentifier (vString *const string, const int firstChar)"
525,Type2,Block,20,129,130,461,461,664,Still Active,203,355,3,1,3,100,jscript.c,sql.c,1,dfishburn; elliotth; jafl; perlguy0; dhiebert; elias,dfishburn; elliotth; jafl; perlguy0; dhiebert; elias; vberthoux,0.0095,-0.8122,188,20,makeConstTag,"static void makeConstTag (tokenInfo *const token, const jsKind kind)",makeConstTag,"static void makeConstTag (tokenInfo *const token, const sqlKind kind)"
526,Type2,Block,20,129,203,461,664,664,Still Active,203,152,0,0,1,100,jscript.c,jscript.c,0,dfishburn; elliotth; jafl; perlguy0; dhiebert; elias,dfishburn; elias; elliotth; dhiebert; jafl; vberthoux; perlguy0,0.0000,0.0000,-1,0,makeConstTag,"static void makeConstTag (tokenInfo *const token, const jsKind kind)",parseStatement,"static boolean parseStatement (tokenInfo *const token, boolean is_inside_class)"
527,Type2,Block,20,129,215,461,682,664,Still Active,203,134,0,0,0,100,jscript.c,flex.c,1,dfishburn; elliotth; jafl; perlguy0; dhiebert; elias,dfishburn; elliotth; elias; dhiebert; jafl; vberthoux; perlguy0,0.0000,0.0000,-1,30,makeConstTag,"static void makeConstTag (tokenInfo *const token, const jsKind kind)",parseIdentifier,"static void parseIdentifier (vString *const string, const int firstChar)"
528,Type2,Block,20,130,203,461,664,Still Active,Still Active,355,152,0,0,8,100,sql.c,jscript.c,1,dfishburn; elliotth; jafl; perlguy0; dhiebert; elias; vberthoux,dfishburn; elias; elliotth; dhiebert; jafl; vberthoux; perlguy0,0.0000,0.0000,-1,7,makeConstTag,"static void makeConstTag (tokenInfo *const token, const sqlKind kind)",parseStatement,"static boolean parseStatement (tokenInfo *const token, boolean is_inside_class)"
529,Type2,Block,20,130,215,461,682,Still Active,Still Active,355,134,0,0,0,100,sql.c,flex.c,1,dfishburn; elliotth; jafl; perlguy0; dhiebert; elias; vberthoux,dfishburn; elliotth; elias; dhiebert; jafl; vberthoux; perlguy0,0.0000,0.0000,-1,172,makeConstTag,"static void makeConstTag (tokenInfo *const token, const sqlKind kind)",parseIdentifier,"static void parseIdentifier (vString *const string, const int firstChar)"
530,Type2,Block,20,203,215,664,682,Still Active,Still Active,152,134,0,7,0,100,jscript.c,flex.c,1,dfishburn; elias; elliotth; dhiebert; jafl; vberthoux; perlguy0,dfishburn; elliotth; elias; dhiebert; jafl; vberthoux; perlguy0,0.0000,0.0000,-1,7,parseStatement,"static boolean parseStatement (tokenInfo *const token, boolean is_inside_class)",parseIdentifier,"static void parseIdentifier (vString *const string, const int firstChar)"
531,Type2,Block,21,52,53,2,2,18,18,16,16,0,0,0,100,scheme.c,sh.c,1,darren,darren,0.0000,0.0000,-1,-1,SchemeParser,extern parserDefinition* SchemeParser (void),ShParser,extern parserDefinition* ShParser (void)
532,Type2,Block,21,52,131,2,461,18,659,16,198,0,0,0,100,scheme.c,jscript.c,1,darren,dfishburn; elliotth; jafl; perlguy0; dhiebert; elias,0.0000,0.0000,-1,-1,SchemeParser,extern parserDefinition* SchemeParser (void),skipToCharacter,static int skipToCharacter (const int c)
533,Type2,Block,21,52,132,2,461,18,Still Active,16,355,0,0,0,100,scheme.c,sql.c,1,darren,dfishburn; elliotth; jafl; perlguy0; dhiebert; elias; vberthoux,0.0000,0.0000,-1,-1,SchemeParser,extern parserDefinition* SchemeParser (void),skipToCharacter,static int skipToCharacter (const int c)
534,Type2,Block,21,52,181,2,654,18,Still Active,16,162,0,0,0,100,scheme.c,vhdl.c,1,darren,elliotth; dfishburn; elias; dhiebert; jafl; vberthoux; perlguy0,0.0000,0.0000,-1,-1,SchemeParser,extern parserDefinition* SchemeParser (void),skipToCharacter,static int skipToCharacter (const int c)
535,Type2,Block,21,52,216,2,682,18,Still Active,16,134,0,0,0,100,scheme.c,flex.c,1,darren,dfishburn; elliotth; elias; dhiebert; jafl; vberthoux; perlguy0,0.0000,0.0000,-1,-1,SchemeParser,extern parserDefinition* SchemeParser (void),readToken,static void readToken (tokenInfo *const token)
536,Type2,Block,21,53,131,2,461,18,659,16,198,0,0,0,100,sh.c,jscript.c,1,darren,dfishburn; elliotth; jafl; perlguy0; dhiebert; elias,0.0000,0.0000,-1,-1,ShParser,extern parserDefinition* ShParser (void),skipToCharacter,static int skipToCharacter (const int c)
537,Type2,Block,21,53,132,2,461,18,Still Active,16,355,0,0,0,100,sh.c,sql.c,1,darren,dfishburn; elliotth; jafl; perlguy0; dhiebert; elias; vberthoux,0.0000,0.0000,-1,-1,ShParser,extern parserDefinition* ShParser (void),skipToCharacter,static int skipToCharacter (const int c)
538,Type2,Block,21,53,181,2,654,18,Still Active,16,162,0,0,0,100,sh.c,vhdl.c,1,darren,elliotth; dfishburn; elias; dhiebert; jafl; vberthoux; perlguy0,0.0000,0.0000,-1,-1,ShParser,extern parserDefinition* ShParser (void),skipToCharacter,static int skipToCharacter (const int c)
539,Type2,Block,21,53,216,2,682,18,Still Active,16,134,0,0,0,100,sh.c,flex.c,1,darren,dfishburn; elliotth; elias; dhiebert; jafl; vberthoux; perlguy0,0.0000,0.0000,-1,-1,ShParser,extern parserDefinition* ShParser (void),readToken,static void readToken (tokenInfo *const token)
540,Type2,Block,21,131,132,461,461,659,Still Active,198,355,2,4,3,100,jscript.c,sql.c,1,dfishburn; elliotth; jafl; perlguy0; dhiebert; elias,dfishburn; elliotth; jafl; perlguy0; dhiebert; elias; vberthoux,0.0055,-0.4154,184,15,skipToCharacter,static int skipToCharacter (const int c),skipToCharacter,static int skipToCharacter (const int c)
541,Type2,Block,21,131,181,461,654,659,Still Active,198,162,0,0,3,100,jscript.c,vhdl.c,1,dfishburn; elliotth; jafl; perlguy0; dhiebert; elias,elliotth; dfishburn; elias; dhiebert; jafl; vberthoux; perlguy0,0.0000,0.0000,-1,2,skipToCharacter,static int skipToCharacter (const int c),skipToCharacter,static int skipToCharacter (const int c)
542,Type2,Block,21,131,216,461,682,659,Still Active,198,134,0,0,0,100,jscript.c,flex.c,1,dfishburn; elliotth; jafl; perlguy0; dhiebert; elias,dfishburn; elliotth; elias; dhiebert; jafl; vberthoux; perlguy0,0.0000,0.0000,-1,25,skipToCharacter,static int skipToCharacter (const int c),readToken,static void readToken (tokenInfo *const token)
543,Type2,Block,21,132,181,461,654,Still Active,Still Active,355,162,0,0,3,100,sql.c,vhdl.c,1,dfishburn; elliotth; jafl; perlguy0; dhiebert; elias; vberthoux,elliotth; dfishburn; elias; dhiebert; jafl; vberthoux; perlguy0,0.0000,0.0000,-1,159,skipToCharacter,static int skipToCharacter (const int c),skipToCharacter,static int skipToCharacter (const int c)
544,Type2,Block,21,132,216,461,682,Still Active,Still Active,355,134,0,0,1,100,sql.c,flex.c,1,dfishburn; elliotth; jafl; perlguy0; dhiebert; elias; vberthoux,dfishburn; elliotth; elias; dhiebert; jafl; vberthoux; perlguy0,0.0000,0.0000,-1,61,skipToCharacter,static int skipToCharacter (const int c),readToken,static void readToken (tokenInfo *const token)
545,Type2,Block,21,181,216,654,682,Still Active,Still Active,162,134,0,0,1,100,vhdl.c,flex.c,1,elliotth; dfishburn; elias; dhiebert; jafl; vberthoux; perlguy0,dfishburn; elliotth; elias; dhiebert; jafl; vberthoux; perlguy0,0.0000,0.0000,-1,61,skipToCharacter,static int skipToCharacter (const int c),readToken,static void readToken (tokenInfo *const token)
546,Type2,Block,22,54,55,2,2,18,18,16,16,0,0,0,100,slang.c,yacc.c,1,darren,darren,0.0000,0.0000,-1,-1,SlangParser,extern parserDefinition* SlangParser (void),YaccParser,extern parserDefinition* YaccParser ()
547,Type2,Block,22,54,63,2,39,18,65,16,26,0,0,0,100,slang.c,readtags.c,1,darren,darren,0.0000,0.0000,-1,-1,SlangParser,extern parserDefinition* SlangParser (void),nameComparison,static int nameComparison (tagFile *const file)
548,Type2,Block,22,54,64,2,39,18,Still Active,16,777,0,0,0,100,slang.c,readtags.c,1,darren,darren; elias; elliotth; dfishburn; jafl; perlguy0; dhiebert; vberthoux,0.0000,0.0000,-1,-1,SlangParser,extern parserDefinition* SlangParser (void),nameComparison,static int nameComparison (tagFile *const file)
549,Type2,Block,22,54,68,2,97,18,Still Active,16,719,0,0,0,100,slang.c,routines.c,1,darren,darren; elias; elliotth; dfishburn; jafl; perlguy0; dhiebert; vberthoux,0.0000,0.0000,-1,-1,SlangParser,extern parserDefinition* SlangParser (void),toLowerString,extern void toLowerString (char* str)
550,Type2,Block,22,54,69,2,97,18,Still Active,16,719,0,0,0,100,slang.c,routines.c,1,darren,darren; elias; elliotth; dfishburn; jafl; perlguy0; dhiebert; vberthoux,0.0000,0.0000,-1,-1,SlangParser,extern parserDefinition* SlangParser (void),toUpperString,extern void toUpperString (char* str)
551,Type2,Block,22,54,133,2,461,18,634,16,173,0,0,0,100,slang.c,jscript.c,1,darren,dfishburn; elliotth; jafl; perlguy0; dhiebert; elias,0.0000,0.0000,-1,-1,SlangParser,extern parserDefinition* SlangParser (void),parseString,"static void parseString (vString *const string, const int delimiter)"
552,Type2,Block,22,54,134,2,461,18,634,16,173,0,0,0,100,slang.c,sql.c,1,darren,dfishburn; elliotth; jafl; perlguy0; dhiebert; elias,0.0000,0.0000,-1,-1,SlangParser,extern parserDefinition* SlangParser (void),parseString,"static void parseString (vString *const string, const int delimiter)"
553,Type2,Block,22,54,166,2,586,18,Still Active,16,230,0,0,0,100,slang.c,jscript.c,1,darren,dfishburn; dhiebert; perlguy0; elliotth; jafl; elias; vberthoux,0.0000,0.0000,-1,-1,SlangParser,extern parserDefinition* SlangParser (void),skipArrayList,static void skipArrayList (tokenInfo *const token)
554,Type2,Block,22,54,182,2,654,18,Still Active,16,162,0,0,0,100,slang.c,vhdl.c,1,darren,elliotth; dfishburn; elias; dhiebert; jafl; vberthoux; perlguy0,0.0000,0.0000,-1,-1,SlangParser,extern parserDefinition* SlangParser (void),parseString,"static void parseString (vString *const string, const int delimiter)"
555,Type2,Block,22,54,217,2,682,18,755,16,73,0,0,0,100,slang.c,flex.c,1,darren,dfishburn; elliotth; elias; dhiebert; jafl,0.0000,0.0000,-1,-1,SlangParser,extern parserDefinition* SlangParser (void),readToken,static void readToken (tokenInfo *const token)
556,Type2,Block,22,54,218,2,682,18,755,16,73,0,0,0,100,slang.c,flex.c,1,darren,dfishburn; elliotth; elias; dhiebert; jafl,0.0000,0.0000,-1,-1,SlangParser,extern parserDefinition* SlangParser (void),readToken,static void readToken (tokenInfo *const token)
557,Type2,Block,22,54,274,2,693,18,785,16,92,0,0,0,100,slang.c,tex.c,1,darren,dfishburn; elias; dhiebert; jafl; elliotth; vberthoux,0.0000,0.0000,-1,-1,SlangParser,extern parserDefinition* SlangParser (void),parseString,"static void parseString (vString *const string, const int delimiter)"
558,Type2,Block,22,55,63,2,39,18,65,16,26,0,0,0,100,yacc.c,readtags.c,1,darren,darren,0.0000,0.0000,-1,-1,YaccParser,extern parserDefinition* YaccParser (),nameComparison,static int nameComparison (tagFile *const file)
559,Type2,Block,22,55,64,2,39,18,Still Active,16,777,0,0,0,100,yacc.c,readtags.c,1,darren,darren; elias; elliotth; dfishburn; jafl; perlguy0; dhiebert; vberthoux,0.0000,0.0000,-1,-1,YaccParser,extern parserDefinition* YaccParser (),nameComparison,static int nameComparison (tagFile *const file)
560,Type2,Block,22,55,68,2,97,18,Still Active,16,719,0,0,0,100,yacc.c,routines.c,1,darren,darren; elias; elliotth; dfishburn; jafl; perlguy0; dhiebert; vberthoux,0.0000,0.0000,-1,-1,YaccParser,extern parserDefinition* YaccParser (),toLowerString,extern void toLowerString (char* str)
561,Type2,Block,22,55,69,2,97,18,Still Active,16,719,0,0,0,100,yacc.c,routines.c,1,darren,darren; elias; elliotth; dfishburn; jafl; perlguy0; dhiebert; vberthoux,0.0000,0.0000,-1,-1,YaccParser,extern parserDefinition* YaccParser (),toUpperString,extern void toUpperString (char* str)
562,Type2,Block,22,55,133,2,461,18,634,16,173,0,0,0,100,yacc.c,jscript.c,1,darren,dfishburn; elliotth; jafl; perlguy0; dhiebert; elias,0.0000,0.0000,-1,-1,YaccParser,extern parserDefinition* YaccParser (),parseString,"static void parseString (vString *const string, const int delimiter)"
563,Type2,Block,22,55,134,2,461,18,634,16,173,0,0,0,100,yacc.c,sql.c,1,darren,dfishburn; elliotth; jafl; perlguy0; dhiebert; elias,0.0000,0.0000,-1,-1,YaccParser,extern parserDefinition* YaccParser (),parseString,"static void parseString (vString *const string, const int delimiter)"
564,Type2,Block,22,55,166,2,586,18,Still Active,16,230,0,0,0,100,yacc.c,jscript.c,1,darren,dfishburn; dhiebert; perlguy0; elliotth; jafl; elias; vberthoux,0.0000,0.0000,-1,-1,YaccParser,extern parserDefinition* YaccParser (),skipArrayList,static void skipArrayList (tokenInfo *const token)
565,Type2,Block,22,55,182,2,654,18,Still Active,16,162,0,0,0,100,yacc.c,vhdl.c,1,darren,elliotth; dfishburn; elias; dhiebert; jafl; vberthoux; perlguy0,0.0000,0.0000,-1,-1,YaccParser,extern parserDefinition* YaccParser (),parseString,"static void parseString (vString *const string, const int delimiter)"
566,Type2,Block,22,55,217,2,682,18,755,16,73,0,0,0,100,yacc.c,flex.c,1,darren,dfishburn; elliotth; elias; dhiebert; jafl,0.0000,0.0000,-1,-1,YaccParser,extern parserDefinition* YaccParser (),readToken,static void readToken (tokenInfo *const token)
567,Type2,Block,22,55,218,2,682,18,755,16,73,0,0,0,100,yacc.c,flex.c,1,darren,dfishburn; elliotth; elias; dhiebert; jafl,0.0000,0.0000,-1,-1,YaccParser,extern parserDefinition* YaccParser (),readToken,static void readToken (tokenInfo *const token)
568,Type2,Block,22,55,274,2,693,18,785,16,92,0,0,0,100,yacc.c,tex.c,1,darren,dfishburn; elias; dhiebert; jafl; elliotth; vberthoux,0.0000,0.0000,-1,-1,YaccParser,extern parserDefinition* YaccParser (),parseString,"static void parseString (vString *const string, const int delimiter)"
569,Type2,Block,22,63,64,39,39,65,Still Active,26,777,0,0,2,100,readtags.c,readtags.c,0,darren,darren; elias; elliotth; dfishburn; jafl; perlguy0; dhiebert; vberthoux,0.0000,0.0000,-1,0,nameComparison,static int nameComparison (tagFile *const file),nameComparison,static int nameComparison (tagFile *const file)
570,Type2,Block,22,63,68,39,97,65,Still Active,26,719,0,0,0,100,readtags.c,routines.c,1,darren,darren; elias; elliotth; dfishburn; jafl; perlguy0; dhiebert; vberthoux,0.0000,0.0000,-1,-1,nameComparison,static int nameComparison (tagFile *const file),toLowerString,extern void toLowerString (char* str)
571,Type2,Block,22,63,69,39,97,65,Still Active,26,719,0,0,0,100,readtags.c,routines.c,1,darren,darren; elias; elliotth; dfishburn; jafl; perlguy0; dhiebert; vberthoux,0.0000,0.0000,-1,-1,nameComparison,static int nameComparison (tagFile *const file),toUpperString,extern void toUpperString (char* str)
572,Type2,Block,22,63,133,39,461,65,634,26,173,0,0,0,100,readtags.c,jscript.c,1,darren,dfishburn; elliotth; jafl; perlguy0; dhiebert; elias,0.0000,0.0000,-1,-1,nameComparison,static int nameComparison (tagFile *const file),parseString,"static void parseString (vString *const string, const int delimiter)"
573,Type2,Block,22,63,134,39,461,65,634,26,173,0,0,0,100,readtags.c,sql.c,1,darren,dfishburn; elliotth; jafl; perlguy0; dhiebert; elias,0.0000,0.0000,-1,-1,nameComparison,static int nameComparison (tagFile *const file),parseString,"static void parseString (vString *const string, const int delimiter)"
574,Type2,Block,22,63,166,39,586,65,Still Active,26,230,0,0,0,100,readtags.c,jscript.c,1,darren,dfishburn; dhiebert; perlguy0; elliotth; jafl; elias; vberthoux,0.0000,0.0000,-1,-1,nameComparison,static int nameComparison (tagFile *const file),skipArrayList,static void skipArrayList (tokenInfo *const token)
575,Type2,Block,22,63,182,39,654,65,Still Active,26,162,0,0,0,100,readtags.c,vhdl.c,1,darren,elliotth; dfishburn; elias; dhiebert; jafl; vberthoux; perlguy0,0.0000,0.0000,-1,-1,nameComparison,static int nameComparison (tagFile *const file),parseString,"static void parseString (vString *const string, const int delimiter)"
576,Type2,Block,22,63,217,39,682,65,755,26,73,0,0,0,100,readtags.c,flex.c,1,darren,dfishburn; elliotth; elias; dhiebert; jafl,0.0000,0.0000,-1,-1,nameComparison,static int nameComparison (tagFile *const file),readToken,static void readToken (tokenInfo *const token)
577,Type2,Block,22,63,218,39,682,65,755,26,73,0,0,0,100,readtags.c,flex.c,1,darren,dfishburn; elliotth; elias; dhiebert; jafl,0.0000,0.0000,-1,-1,nameComparison,static int nameComparison (tagFile *const file),readToken,static void readToken (tokenInfo *const token)
578,Type2,Block,22,63,274,39,693,65,785,26,92,0,0,0,100,readtags.c,tex.c,1,darren,dfishburn; elias; dhiebert; jafl; elliotth; vberthoux,0.0000,0.0000,-1,-1,nameComparison,static int nameComparison (tagFile *const file),parseString,"static void parseString (vString *const string, const int delimiter)"
579,Type2,Block,22,64,68,39,97,Still Active,Still Active,777,719,2,1,3,100,readtags.c,routines.c,1,darren; elias; elliotth; dfishburn; jafl; perlguy0; dhiebert; vberthoux,darren; elias; elliotth; dfishburn; jafl; perlguy0; dhiebert; vberthoux,0.8875,-0.8875,373,442,nameComparison,static int nameComparison (tagFile *const file),toLowerString,extern void toLowerString (char* str)
580,Type2,Block,22,64,69,39,97,Still Active,Still Active,777,719,2,1,3,100,readtags.c,routines.c,1,darren; elias; elliotth; dfishburn; jafl; perlguy0; dhiebert; vberthoux,darren; elias; elliotth; dfishburn; jafl; perlguy0; dhiebert; vberthoux,0.8875,-0.8875,373,442,nameComparison,static int nameComparison (tagFile *const file),toUpperString,extern void toUpperString (char* str)
581,Type2,Block,22,64,133,39,461,Still Active,634,777,173,0,0,5,100,readtags.c,jscript.c,1,darren; elias; elliotth; dfishburn; jafl; perlguy0; dhiebert; vberthoux,dfishburn; elliotth; jafl; perlguy0; dhiebert; elias,0.0000,0.0000,-1,48,nameComparison,static int nameComparison (tagFile *const file),parseString,"static void parseString (vString *const string, const int delimiter)"
582,Type2,Block,22,64,134,39,461,Still Active,634,777,173,0,0,4,100,readtags.c,sql.c,1,darren; elias; elliotth; dfishburn; jafl; perlguy0; dhiebert; vberthoux,dfishburn; elliotth; jafl; perlguy0; dhiebert; elias,0.0000,0.0000,-1,60,nameComparison,static int nameComparison (tagFile *const file),parseString,"static void parseString (vString *const string, const int delimiter)"
583,Type2,Block,22,64,166,39,586,Still Active,Still Active,777,230,0,0,5,100,readtags.c,jscript.c,1,darren; elias; elliotth; dfishburn; jafl; perlguy0; dhiebert; vberthoux,dfishburn; dhiebert; perlguy0; elliotth; jafl; elias; vberthoux,0.0000,0.0000,-1,19,nameComparison,static int nameComparison (tagFile *const file),skipArrayList,static void skipArrayList (tokenInfo *const token)
584,Type2,Block,22,64,182,39,654,Still Active,Still Active,777,162,0,0,2,100,readtags.c,vhdl.c,1,darren; elias; elliotth; dfishburn; jafl; perlguy0; dhiebert; vberthoux,elliotth; dfishburn; elias; dhiebert; jafl; vberthoux; perlguy0,0.0000,0.0000,-1,159,nameComparison,static int nameComparison (tagFile *const file),parseString,"static void parseString (vString *const string, const int delimiter)"
585,Type2,Block,22,64,217,39,682,Still Active,755,777,73,0,0,0,100,readtags.c,flex.c,1,darren; elias; elliotth; dfishburn; jafl; perlguy0; dhiebert; vberthoux,dfishburn; elliotth; elias; dhiebert; jafl,0.0000,0.0000,-1,312,nameComparison,static int nameComparison (tagFile *const file),readToken,static void readToken (tokenInfo *const token)
586,Type2,Block,22,64,218,39,682,Still Active,755,777,73,0,0,0,100,readtags.c,flex.c,1,darren; elias; elliotth; dfishburn; jafl; perlguy0; dhiebert; vberthoux,dfishburn; elliotth; elias; dhiebert; jafl,0.0000,0.0000,-1,312,nameComparison,static int nameComparison (tagFile *const file),readToken,static void readToken (tokenInfo *const token)
587,Type2,Block,22,64,274,39,693,Still Active,785,777,92,0,0,0,100,readtags.c,tex.c,1,darren; elias; elliotth; dfishburn; jafl; perlguy0; dhiebert; vberthoux,dfishburn; elias; dhiebert; jafl; elliotth; vberthoux,0.0000,0.0000,-1,342,nameComparison,static int nameComparison (tagFile *const file),parseString,"static void parseString (vString *const string, const int delimiter)"
588,Type2,Block,22,68,69,97,97,Still Active,Still Active,719,719,5,0,0,100,routines.c,routines.c,0,darren; elias; elliotth; dfishburn; jafl; perlguy0; dhiebert; vberthoux,darren; elias; elliotth; dfishburn; jafl; perlguy0; dhiebert; vberthoux,1.0000,-1.0000,373,-1,toLowerString,extern void toLowerString (char* str),toUpperString,extern void toUpperString (char* str)
589,Type2,Block,22,68,133,97,461,Still Active,634,719,173,0,0,5,100,routines.c,jscript.c,1,darren; elias; elliotth; dfishburn; jafl; perlguy0; dhiebert; vberthoux,dfishburn; elliotth; jafl; perlguy0; dhiebert; elias,0.0000,0.0000,-1,48,toLowerString,extern void toLowerString (char* str),parseString,"static void parseString (vString *const string, const int delimiter)"
590,Type2,Block,22,68,134,97,461,Still Active,634,719,173,0,0,4,100,routines.c,sql.c,1,darren; elias; elliotth; dfishburn; jafl; perlguy0; dhiebert; vberthoux,dfishburn; elliotth; jafl; perlguy0; dhiebert; elias,0.0000,0.0000,-1,60,toLowerString,extern void toLowerString (char* str),parseString,"static void parseString (vString *const string, const int delimiter)"
591,Type2,Block,22,68,166,97,586,Still Active,Still Active,719,230,0,0,5,100,routines.c,jscript.c,1,darren; elias; elliotth; dfishburn; jafl; perlguy0; dhiebert; vberthoux,dfishburn; dhiebert; perlguy0; elliotth; jafl; elias; vberthoux,0.0000,0.0000,-1,19,toLowerString,extern void toLowerString (char* str),skipArrayList,static void skipArrayList (tokenInfo *const token)
592,Type2,Block,22,68,182,97,654,Still Active,Still Active,719,162,0,0,2,100,routines.c,vhdl.c,1,darren; elias; elliotth; dfishburn; jafl; perlguy0; dhiebert; vberthoux,elliotth; dfishburn; elias; dhiebert; jafl; vberthoux; perlguy0,0.0000,0.0000,-1,159,toLowerString,extern void toLowerString (char* str),parseString,"static void parseString (vString *const string, const int delimiter)"
593,Type2,Block,22,68,217,97,682,Still Active,755,719,73,0,0,0,100,routines.c,flex.c,1,darren; elias; elliotth; dfishburn; jafl; perlguy0; dhiebert; vberthoux,dfishburn; elliotth; elias; dhiebert; jafl,0.0000,0.0000,-1,312,toLowerString,extern void toLowerString (char* str),readToken,static void readToken (tokenInfo *const token)
594,Type2,Block,22,68,218,97,682,Still Active,755,719,73,0,0,0,100,routines.c,flex.c,1,darren; elias; elliotth; dfishburn; jafl; perlguy0; dhiebert; vberthoux,dfishburn; elliotth; elias; dhiebert; jafl,0.0000,0.0000,-1,312,toLowerString,extern void toLowerString (char* str),readToken,static void readToken (tokenInfo *const token)
595,Type2,Block,22,68,274,97,693,Still Active,785,719,92,0,0,0,100,routines.c,tex.c,1,darren; elias; elliotth; dfishburn; jafl; perlguy0; dhiebert; vberthoux,dfishburn; elias; dhiebert; jafl; elliotth; vberthoux,0.0000,0.0000,-1,342,toLowerString,extern void toLowerString (char* str),parseString,"static void parseString (vString *const string, const int delimiter)"
596,Type2,Block,22,69,133,97,461,Still Active,634,719,173,0,0,5,100,routines.c,jscript.c,1,darren; elias; elliotth; dfishburn; jafl; perlguy0; dhiebert; vberthoux,dfishburn; elliotth; jafl; perlguy0; dhiebert; elias,0.0000,0.0000,-1,48,toUpperString,extern void toUpperString (char* str),parseString,"static void parseString (vString *const string, const int delimiter)"
597,Type2,Block,22,69,134,97,461,Still Active,634,719,173,0,0,4,100,routines.c,sql.c,1,darren; elias; elliotth; dfishburn; jafl; perlguy0; dhiebert; vberthoux,dfishburn; elliotth; jafl; perlguy0; dhiebert; elias,0.0000,0.0000,-1,60,toUpperString,extern void toUpperString (char* str),parseString,"static void parseString (vString *const string, const int delimiter)"
598,Type2,Block,22,69,166,97,586,Still Active,Still Active,719,230,0,0,5,100,routines.c,jscript.c,1,darren; elias; elliotth; dfishburn; jafl; perlguy0; dhiebert; vberthoux,dfishburn; dhiebert; perlguy0; elliotth; jafl; elias; vberthoux,0.0000,0.0000,-1,19,toUpperString,extern void toUpperString (char* str),skipArrayList,static void skipArrayList (tokenInfo *const token)
599,Type2,Block,22,69,182,97,654,Still Active,Still Active,719,162,0,0,2,100,routines.c,vhdl.c,1,darren; elias; elliotth; dfishburn; jafl; perlguy0; dhiebert; vberthoux,elliotth; dfishburn; elias; dhiebert; jafl; vberthoux; perlguy0,0.0000,0.0000,-1,159,toUpperString,extern void toUpperString (char* str),parseString,"static void parseString (vString *const string, const int delimiter)"
600,Type2,Block,22,69,217,97,682,Still Active,755,719,73,0,0,0,100,routines.c,flex.c,1,darren; elias; elliotth; dfishburn; jafl; perlguy0; dhiebert; vberthoux,dfishburn; elliotth; elias; dhiebert; jafl,0.0000,0.0000,-1,312,toUpperString,extern void toUpperString (char* str),readToken,static void readToken (tokenInfo *const token)
601,Type2,Block,22,69,218,97,682,Still Active,755,719,73,0,0,0,100,routines.c,flex.c,1,darren; elias; elliotth; dfishburn; jafl; perlguy0; dhiebert; vberthoux,dfishburn; elliotth; elias; dhiebert; jafl,0.0000,0.0000,-1,312,toUpperString,extern void toUpperString (char* str),readToken,static void readToken (tokenInfo *const token)
602,Type2,Block,22,69,274,97,693,Still Active,785,719,92,0,0,0,100,routines.c,tex.c,1,darren; elias; elliotth; dfishburn; jafl; perlguy0; dhiebert; vberthoux,dfishburn; elias; dhiebert; jafl; elliotth; vberthoux,0.0000,0.0000,-1,342,toUpperString,extern void toUpperString (char* str),parseString,"static void parseString (vString *const string, const int delimiter)"
603,Type2,Block,22,133,134,461,461,634,634,173,173,2,3,2,100,jscript.c,sql.c,1,dfishburn; elliotth; jafl; perlguy0; dhiebert; elias,dfishburn; elliotth; jafl; perlguy0; dhiebert; elias,0.0350,-0.4154,159,48,parseString,"static void parseString (vString *const string, const int delimiter)",parseString,"static void parseString (vString *const string, const int delimiter)"
604,Type2,Block,22,133,166,461,586,634,Still Active,173,230,1,0,0,100,jscript.c,jscript.c,0,dfishburn; elliotth; jafl; perlguy0; dhiebert; elias,dfishburn; dhiebert; perlguy0; elliotth; jafl; elias; vberthoux,1.0000,-1.0000,48,158,parseString,"static void parseString (vString *const string, const int delimiter)",skipArrayList,static void skipArrayList (tokenInfo *const token)
605,Type2,Block,22,133,182,461,654,634,Still Active,173,162,0,0,0,100,jscript.c,vhdl.c,1,dfishburn; elliotth; jafl; perlguy0; dhiebert; elias,elliotth; dfishburn; elias; dhiebert; jafl; vberthoux; perlguy0,0.0000,0.0000,-1,48,parseString,"static void parseString (vString *const string, const int delimiter)",parseString,"static void parseString (vString *const string, const int delimiter)"
606,Type2,Block,22,133,217,461,682,634,755,173,73,0,0,0,100,jscript.c,flex.c,1,dfishburn; elliotth; jafl; perlguy0; dhiebert; elias,dfishburn; elliotth; elias; dhiebert; jafl,0.0000,0.0000,-1,48,parseString,"static void parseString (vString *const string, const int delimiter)",readToken,static void readToken (tokenInfo *const token)
607,Type2,Block,22,133,218,461,682,634,755,173,73,0,0,0,100,jscript.c,flex.c,1,dfishburn; elliotth; jafl; perlguy0; dhiebert; elias,dfishburn; elliotth; elias; dhiebert; jafl,0.0000,0.0000,-1,48,parseString,"static void parseString (vString *const string, const int delimiter)",readToken,static void readToken (tokenInfo *const token)
608,Type2,Block,22,133,274,461,693,634,785,173,92,0,0,0,100,jscript.c,tex.c,1,dfishburn; elliotth; jafl; perlguy0; dhiebert; elias,dfishburn; elias; dhiebert; jafl; elliotth; vberthoux,0.0000,0.0000,-1,48,parseString,"static void parseString (vString *const string, const int delimiter)",parseString,"static void parseString (vString *const string, const int delimiter)"
609,Type2,Block,22,134,166,461,586,634,Still Active,173,230,0,0,1,100,sql.c,jscript.c,1,dfishburn; elliotth; jafl; perlguy0; dhiebert; elias,dfishburn; dhiebert; perlguy0; elliotth; jafl; elias; vberthoux,0.0000,0.0000,-1,48,parseString,"static void parseString (vString *const string, const int delimiter)",skipArrayList,static void skipArrayList (tokenInfo *const token)
610,Type2,Block,22,134,182,461,654,634,Still Active,173,162,0,0,0,100,sql.c,vhdl.c,1,dfishburn; elliotth; jafl; perlguy0; dhiebert; elias,elliotth; dfishburn; elias; dhiebert; jafl; vberthoux; perlguy0,0.0000,0.0000,-1,60,parseString,"static void parseString (vString *const string, const int delimiter)",parseString,"static void parseString (vString *const string, const int delimiter)"
611,Type2,Block,22,134,217,461,682,634,755,173,73,0,0,0,100,sql.c,flex.c,1,dfishburn; elliotth; jafl; perlguy0; dhiebert; elias,dfishburn; elliotth; elias; dhiebert; jafl,0.0000,0.0000,-1,60,parseString,"static void parseString (vString *const string, const int delimiter)",readToken,static void readToken (tokenInfo *const token)
612,Type2,Block,22,134,218,461,682,634,755,173,73,0,0,0,100,sql.c,flex.c,1,dfishburn; elliotth; jafl; perlguy0; dhiebert; elias,dfishburn; elliotth; elias; dhiebert; jafl,0.0000,0.0000,-1,60,parseString,"static void parseString (vString *const string, const int delimiter)",readToken,static void readToken (tokenInfo *const token)
613,Type2,Block,22,134,274,461,693,634,785,173,92,0,0,0,100,sql.c,tex.c,1,dfishburn; elliotth; jafl; perlguy0; dhiebert; elias,dfishburn; elias; dhiebert; jafl; elliotth; vberthoux,0.0000,0.0000,-1,60,parseString,"static void parseString (vString *const string, const int delimiter)",parseString,"static void parseString (vString *const string, const int delimiter)"
614,Type2,Block,22,166,182,586,654,Still Active,Still Active,230,162,0,4,2,100,jscript.c,vhdl.c,1,dfishburn; dhiebert; perlguy0; elliotth; jafl; elias; vberthoux,elliotth; dfishburn; elias; dhiebert; jafl; vberthoux; perlguy0,0.0000,0.0000,-1,19,skipArrayList,static void skipArrayList (tokenInfo *const token),parseString,"static void parseString (vString *const string, const int delimiter)"
615,Type2,Block,22,166,217,586,682,Still Active,755,230,73,0,0,0,100,jscript.c,flex.c,1,dfishburn; dhiebert; perlguy0; elliotth; jafl; elias; vberthoux,dfishburn; elliotth; elias; dhiebert; jafl,0.0000,0.0000,-1,91,skipArrayList,static void skipArrayList (tokenInfo *const token),readToken,static void readToken (tokenInfo *const token)
616,Type2,Block,22,166,218,586,682,Still Active,755,230,73,0,0,0,100,jscript.c,flex.c,1,dfishburn; dhiebert; perlguy0; elliotth; jafl; elias; vberthoux,dfishburn; elliotth; elias; dhiebert; jafl,0.0000,0.0000,-1,91,skipArrayList,static void skipArrayList (tokenInfo *const token),readToken,static void readToken (tokenInfo *const token)
617,Type2,Block,22,166,274,586,693,Still Active,785,230,92,0,0,0,100,jscript.c,tex.c,1,dfishburn; dhiebert; perlguy0; elliotth; jafl; elias; vberthoux,dfishburn; elias; dhiebert; jafl; elliotth; vberthoux,0.0000,0.0000,-1,121,skipArrayList,static void skipArrayList (tokenInfo *const token),parseString,"static void parseString (vString *const string, const int delimiter)"
618,Type2,Block,22,182,217,654,682,Still Active,755,162,73,0,0,0,100,vhdl.c,flex.c,1,elliotth; dfishburn; elias; dhiebert; jafl; vberthoux; perlguy0,dfishburn; elliotth; elias; dhiebert; jafl,0.0000,0.0000,-1,98,parseString,"static void parseString (vString *const string, const int delimiter)",readToken,static void readToken (tokenInfo *const token)
619,Type2,Block,22,182,218,654,682,Still Active,755,162,73,0,0,0,100,vhdl.c,flex.c,1,elliotth; dfishburn; elias; dhiebert; jafl; vberthoux; perlguy0,dfishburn; elliotth; elias; dhiebert; jafl,0.0000,0.0000,-1,98,parseString,"static void parseString (vString *const string, const int delimiter)",readToken,static void readToken (tokenInfo *const token)
620,Type2,Block,22,182,274,654,693,Still Active,785,162,92,0,0,0,100,vhdl.c,tex.c,1,elliotth; dfishburn; elias; dhiebert; jafl; vberthoux; perlguy0,dfishburn; elias; dhiebert; jafl; elliotth; vberthoux,0.0000,0.0000,-1,128,parseString,"static void parseString (vString *const string, const int delimiter)",parseString,"static void parseString (vString *const string, const int delimiter)"
621,Type2,Block,22,217,218,682,682,755,755,73,73,0,0,0,100,flex.c,flex.c,0,dfishburn; elliotth; elias; dhiebert; jafl,dfishburn; elliotth; elias; dhiebert; jafl,0.0000,0.0000,-1,-1,readToken,static void readToken (tokenInfo *const token),readToken,static void readToken (tokenInfo *const token)
622,Type2,Block,22,217,274,682,693,755,785,73,92,0,0,0,100,flex.c,tex.c,1,dfishburn; elliotth; elias; dhiebert; jafl,dfishburn; elias; dhiebert; jafl; elliotth; vberthoux,0.0000,0.0000,-1,-1,readToken,static void readToken (tokenInfo *const token),parseString,"static void parseString (vString *const string, const int delimiter)"
623,Type2,Block,22,218,274,682,693,755,785,73,92,0,0,0,100,flex.c,tex.c,1,dfishburn; elliotth; elias; dhiebert; jafl,dfishburn; elias; dhiebert; jafl; elliotth; vberthoux,0.0000,0.0000,-1,-1,readToken,static void readToken (tokenInfo *const token),parseString,"static void parseString (vString *const string, const int delimiter)"
624,Type2,Block,23,56,57,2,2,18,18,16,16,0,0,0,100,strlist.c,strlist.c,0,darren,darren,0.0000,0.0000,-1,-1,NULL,NULL,NULL,NULL
625,Type2,Block,23,56,70,2,97,18,Still Active,16,719,0,0,0,100,strlist.c,routines.c,1,darren,darren; elias; elliotth; dfishburn; jafl; perlguy0; dhiebert; vberthoux,0.0000,0.0000,-1,-1,NULL,NULL,newLowerString,extern char* newLowerString (const char* str)
626,Type2,Block,23,56,71,2,97,18,Still Active,16,719,0,0,0,100,strlist.c,routines.c,1,darren,darren; elias; elliotth; dfishburn; jafl; perlguy0; dhiebert; vberthoux,0.0000,0.0000,-1,-1,NULL,NULL,newUpperString,extern char* newUpperString (const char* str)
627,Type2,Block,23,56,105,2,273,18,275,16,2,0,0,0,100,strlist.c,parse.c,1,darren,darren,0.0000,0.0000,-1,-1,NULL,NULL,printLanguageKinds,extern void printLanguageKinds (const langType language)
628,Type2,Block,23,56,106,2,273,18,Still Active,16,543,0,0,0,100,strlist.c,parse.c,1,darren,darren; elias; elliotth; dfishburn; jafl; perlguy0; dhiebert; vberthoux,0.0000,0.0000,-1,-1,NULL,NULL,printLanguageMaps,extern void printLanguageMaps (const langType language)
629,Type2,Block,23,56,113,2,400,18,401,16,1,0,0,0,100,strlist.c,perl.c,1,darren,darren,0.0000,0.0000,-1,-1,NULL,NULL,findPerlTags,static void findPerlTags (void)
630,Type2,Block,23,56,135,2,461,18,Still Active,16,355,0,0,0,100,strlist.c,jscript.c,1,darren,dfishburn; elliotth; jafl; perlguy0; dhiebert; elias; vberthoux,0.0000,0.0000,-1,-1,NULL,NULL,parseIdentifier,"static void parseIdentifier (vString *const string, const int firstChar)"
631,Type2,Block,23,56,136,2,461,18,Still Active,16,355,0,0,0,100,strlist.c,sql.c,1,darren,dfishburn; elliotth; jafl; perlguy0; dhiebert; elias; vberthoux,0.0000,0.0000,-1,-1,NULL,NULL,parseIdentifier,"static void parseIdentifier (vString *const string, const int firstChar)"
632,Type2,Block,23,56,183,2,654,18,Still Active,16,162,0,0,0,100,strlist.c,vhdl.c,1,darren,elliotth; dfishburn; elias; dhiebert; jafl; vberthoux; perlguy0,0.0000,0.0000,-1,-1,NULL,NULL,parseIdentifier,"static void parseIdentifier (vString *const string, const int firstChar)"
633,Type2,Block,23,56,199,2,659,18,797,16,138,0,0,0,100,strlist.c,jscript.c,1,darren,elliotth; dfishburn; elias; dhiebert; jafl; vberthoux,0.0000,0.0000,-1,-1,NULL,NULL,readToken,static void readToken (tokenInfo *const token)
634,Type2,Block,23,56,200,2,659,18,797,16,138,0,0,0,100,strlist.c,sql.c,1,darren,elliotth; dfishburn; elias; dhiebert; jafl; vberthoux,0.0000,0.0000,-1,-1,NULL,NULL,readToken,static void readToken (tokenInfo *const token)
635,Type2,Block,23,56,219,2,682,18,Still Active,16,134,0,0,0,100,strlist.c,flex.c,1,darren,dfishburn; elliotth; elias; dhiebert; jafl; vberthoux; perlguy0,0.0000,0.0000,-1,-1,NULL,NULL,readToken,static void readToken (tokenInfo *const token)
636,Type2,Block,23,56,275,2,693,18,Still Active,16,123,0,0,0,100,strlist.c,tex.c,1,darren,dfishburn; elias; dhiebert; jafl; elliotth; vberthoux; perlguy0,0.0000,0.0000,-1,-1,NULL,NULL,parseIdentifier,"static void parseIdentifier (vString *const string, const int firstChar)"
637,Type2,Block,23,57,70,2,97,18,Still Active,16,719,0,0,0,100,strlist.c,routines.c,1,darren,darren; elias; elliotth; dfishburn; jafl; perlguy0; dhiebert; vberthoux,0.0000,0.0000,-1,-1,NULL,NULL,newLowerString,extern char* newLowerString (const char* str)
638,Type2,Block,23,57,71,2,97,18,Still Active,16,719,0,0,0,100,strlist.c,routines.c,1,darren,darren; elias; elliotth; dfishburn; jafl; perlguy0; dhiebert; vberthoux,0.0000,0.0000,-1,-1,NULL,NULL,newUpperString,extern char* newUpperString (const char* str)
639,Type2,Block,23,57,105,2,273,18,275,16,2,0,0,0,100,strlist.c,parse.c,1,darren,darren,0.0000,0.0000,-1,-1,NULL,NULL,printLanguageKinds,extern void printLanguageKinds (const langType language)
640,Type2,Block,23,57,106,2,273,18,Still Active,16,543,0,0,0,100,strlist.c,parse.c,1,darren,darren; elias; elliotth; dfishburn; jafl; perlguy0; dhiebert; vberthoux,0.0000,0.0000,-1,-1,NULL,NULL,printLanguageMaps,extern void printLanguageMaps (const langType language)
641,Type2,Block,23,57,113,2,400,18,401,16,1,0,0,0,100,strlist.c,perl.c,1,darren,darren,0.0000,0.0000,-1,-1,NULL,NULL,findPerlTags,static void findPerlTags (void)
642,Type2,Block,23,57,135,2,461,18,Still Active,16,355,0,0,0,100,strlist.c,jscript.c,1,darren,dfishburn; elliotth; jafl; perlguy0; dhiebert; elias; vberthoux,0.0000,0.0000,-1,-1,NULL,NULL,parseIdentifier,"static void parseIdentifier (vString *const string, const int firstChar)"
643,Type2,Block,23,57,136,2,461,18,Still Active,16,355,0,0,0,100,strlist.c,sql.c,1,darren,dfishburn; elliotth; jafl; perlguy0; dhiebert; elias; vberthoux,0.0000,0.0000,-1,-1,NULL,NULL,parseIdentifier,"static void parseIdentifier (vString *const string, const int firstChar)"
644,Type2,Block,23,57,183,2,654,18,Still Active,16,162,0,0,0,100,strlist.c,vhdl.c,1,darren,elliotth; dfishburn; elias; dhiebert; jafl; vberthoux; perlguy0,0.0000,0.0000,-1,-1,NULL,NULL,parseIdentifier,"static void parseIdentifier (vString *const string, const int firstChar)"
645,Type2,Block,23,57,199,2,659,18,797,16,138,0,0,0,100,strlist.c,jscript.c,1,darren,elliotth; dfishburn; elias; dhiebert; jafl; vberthoux,0.0000,0.0000,-1,-1,NULL,NULL,readToken,static void readToken (tokenInfo *const token)
646,Type2,Block,23,57,200,2,659,18,797,16,138,0,0,0,100,strlist.c,sql.c,1,darren,elliotth; dfishburn; elias; dhiebert; jafl; vberthoux,0.0000,0.0000,-1,-1,NULL,NULL,readToken,static void readToken (tokenInfo *const token)
647,Type2,Block,23,57,219,2,682,18,Still Active,16,134,0,0,0,100,strlist.c,flex.c,1,darren,dfishburn; elliotth; elias; dhiebert; jafl; vberthoux; perlguy0,0.0000,0.0000,-1,-1,NULL,NULL,readToken,static void readToken (tokenInfo *const token)
648,Type2,Block,23,57,275,2,693,18,Still Active,16,123,0,0,0,100,strlist.c,tex.c,1,darren,dfishburn; elias; dhiebert; jafl; elliotth; vberthoux; perlguy0,0.0000,0.0000,-1,-1,NULL,NULL,parseIdentifier,"static void parseIdentifier (vString *const string, const int firstChar)"
649,Type2,Block,23,70,71,97,97,Still Active,Still Active,719,719,2,0,1,100,routines.c,routines.c,0,darren; elias; elliotth; dfishburn; jafl; perlguy0; dhiebert; vberthoux,darren; elias; elliotth; dfishburn; jafl; perlguy0; dhiebert; vberthoux,0.9999,-0.9999,373,677,newLowerString,extern char* newLowerString (const char* str),newUpperString,extern char* newUpperString (const char* str)
650,Type2,Block,23,70,105,97,273,Still Active,275,719,2,0,0,1,100,routines.c,parse.c,1,darren; elias; elliotth; dfishburn; jafl; perlguy0; dhiebert; vberthoux,darren,0.0000,0.0000,-1,2,newLowerString,extern char* newLowerString (const char* str),printLanguageKinds,extern void printLanguageKinds (const langType language)
651,Type2,Block,23,70,106,97,273,Still Active,Still Active,719,543,1,0,4,100,routines.c,parse.c,1,darren; elias; elliotth; dfishburn; jafl; perlguy0; dhiebert; vberthoux,darren; elias; elliotth; dfishburn; jafl; perlguy0; dhiebert; vberthoux,0.3950,-0.3950,373,392,newLowerString,extern char* newLowerString (const char* str),printLanguageMaps,extern void printLanguageMaps (const langType language)
652,Type2,Block,23,70,113,97,400,Still Active,401,719,1,0,0,1,100,routines.c,perl.c,1,darren; elias; elliotth; dfishburn; jafl; perlguy0; dhiebert; vberthoux,darren,0.0000,0.0000,-1,1,newLowerString,extern char* newLowerString (const char* str),findPerlTags,static void findPerlTags (void)
653,Type2,Block,23,70,135,97,461,Still Active,Still Active,719,355,0,0,10,100,routines.c,jscript.c,1,darren; elias; elliotth; dfishburn; jafl; perlguy0; dhiebert; vberthoux,dfishburn; elliotth; jafl; perlguy0; dhiebert; elias; vberthoux,0.0000,0.0000,-1,19,newLowerString,extern char* newLowerString (const char* str),parseIdentifier,"static void parseIdentifier (vString *const string, const int firstChar)"
654,Type2,Block,23,70,136,97,461,Still Active,Still Active,719,355,0,0,5,100,routines.c,sql.c,1,darren; elias; elliotth; dfishburn; jafl; perlguy0; dhiebert; vberthoux,dfishburn; elliotth; jafl; perlguy0; dhiebert; elias; vberthoux,0.0000,0.0000,-1,172,newLowerString,extern char* newLowerString (const char* str),parseIdentifier,"static void parseIdentifier (vString *const string, const int firstChar)"
655,Type2,Block,23,70,183,97,654,Still Active,Still Active,719,162,0,0,2,100,routines.c,vhdl.c,1,darren; elias; elliotth; dfishburn; jafl; perlguy0; dhiebert; vberthoux,elliotth; dfishburn; elias; dhiebert; jafl; vberthoux; perlguy0,0.0000,0.0000,-1,159,newLowerString,extern char* newLowerString (const char* str),parseIdentifier,"static void parseIdentifier (vString *const string, const int firstChar)"
656,Type2,Block,23,70,199,97,659,Still Active,797,719,138,0,0,4,100,routines.c,jscript.c,1,darren; elias; elliotth; dfishburn; jafl; perlguy0; dhiebert; vberthoux,elliotth; dfishburn; elias; dhiebert; jafl; vberthoux,0.0000,0.0000,-1,4,newLowerString,extern char* newLowerString (const char* str),readToken,static void readToken (tokenInfo *const token)
657,Type2,Block,23,70,200,97,659,Still Active,797,719,138,0,0,1,100,routines.c,sql.c,1,darren; elias; elliotth; dfishburn; jafl; perlguy0; dhiebert; vberthoux,elliotth; dfishburn; elias; dhiebert; jafl; vberthoux,0.0000,0.0000,-1,138,newLowerString,extern char* newLowerString (const char* str),readToken,static void readToken (tokenInfo *const token)
658,Type2,Block,23,70,219,97,682,Still Active,Still Active,719,134,0,0,0,100,routines.c,flex.c,1,darren; elias; elliotth; dfishburn; jafl; perlguy0; dhiebert; vberthoux,dfishburn; elliotth; elias; dhiebert; jafl; vberthoux; perlguy0,0.0000,0.0000,-1,373,newLowerString,extern char* newLowerString (const char* str),readToken,static void readToken (tokenInfo *const token)
659,Type2,Block,23,70,275,97,693,Still Active,Still Active,719,123,0,0,1,100,routines.c,tex.c,1,darren; elias; elliotth; dfishburn; jafl; perlguy0; dhiebert; vberthoux,dfishburn; elias; dhiebert; jafl; elliotth; vberthoux; perlguy0,0.0000,0.0000,-1,31,newLowerString,extern char* newLowerString (const char* str),parseIdentifier,"static void parseIdentifier (vString *const string, const int firstChar)"
660,Type2,Block,23,71,105,97,273,Still Active,275,719,2,0,0,1,100,routines.c,parse.c,1,darren; elias; elliotth; dfishburn; jafl; perlguy0; dhiebert; vberthoux,darren,0.0000,0.0000,-1,2,newUpperString,extern char* newUpperString (const char* str),printLanguageKinds,extern void printLanguageKinds (const langType language)
661,Type2,Block,23,71,106,97,273,Still Active,Still Active,719,543,1,0,4,100,routines.c,parse.c,1,darren; elias; elliotth; dfishburn; jafl; perlguy0; dhiebert; vberthoux,darren; elias; elliotth; dfishburn; jafl; perlguy0; dhiebert; vberthoux,0.3950,-0.3950,373,392,newUpperString,extern char* newUpperString (const char* str),printLanguageMaps,extern void printLanguageMaps (const langType language)
662,Type2,Block,23,71,113,97,400,Still Active,401,719,1,0,0,1,100,routines.c,perl.c,1,darren; elias; elliotth; dfishburn; jafl; perlguy0; dhiebert; vberthoux,darren,0.0000,0.0000,-1,1,newUpperString,extern char* newUpperString (const char* str),findPerlTags,static void findPerlTags (void)
663,Type2,Block,23,71,135,97,461,Still Active,Still Active,719,355,0,0,10,100,routines.c,jscript.c,1,darren; elias; elliotth; dfishburn; jafl; perlguy0; dhiebert; vberthoux,dfishburn; elliotth; jafl; perlguy0; dhiebert; elias; vberthoux,0.0000,0.0000,-1,19,newUpperString,extern char* newUpperString (const char* str),parseIdentifier,"static void parseIdentifier (vString *const string, const int firstChar)"
664,Type2,Block,23,71,136,97,461,Still Active,Still Active,719,355,0,0,5,100,routines.c,sql.c,1,darren; elias; elliotth; dfishburn; jafl; perlguy0; dhiebert; vberthoux,dfishburn; elliotth; jafl; perlguy0; dhiebert; elias; vberthoux,0.0000,0.0000,-1,172,newUpperString,extern char* newUpperString (const char* str),parseIdentifier,"static void parseIdentifier (vString *const string, const int firstChar)"
665,Type2,Block,23,71,183,97,654,Still Active,Still Active,719,162,0,0,2,100,routines.c,vhdl.c,1,darren; elias; elliotth; dfishburn; jafl; perlguy0; dhiebert; vberthoux,elliotth; dfishburn; elias; dhiebert; jafl; vberthoux; perlguy0,0.0000,0.0000,-1,159,newUpperString,extern char* newUpperString (const char* str),parseIdentifier,"static void parseIdentifier (vString *const string, const int firstChar)"
666,Type2,Block,23,71,199,97,659,Still Active,797,719,138,0,0,4,100,routines.c,jscript.c,1,darren; elias; elliotth; dfishburn; jafl; perlguy0; dhiebert; vberthoux,elliotth; dfishburn; elias; dhiebert; jafl; vberthoux,0.0000,0.0000,-1,4,newUpperString,extern char* newUpperString (const char* str),readToken,static void readToken (tokenInfo *const token)
667,Type2,Block,23,71,200,97,659,Still Active,797,719,138,0,0,1,100,routines.c,sql.c,1,darren; elias; elliotth; dfishburn; jafl; perlguy0; dhiebert; vberthoux,elliotth; dfishburn; elias; dhiebert; jafl; vberthoux,0.0000,0.0000,-1,138,newUpperString,extern char* newUpperString (const char* str),readToken,static void readToken (tokenInfo *const token)
668,Type2,Block,23,71,219,97,682,Still Active,Still Active,719,134,0,0,0,100,routines.c,flex.c,1,darren; elias; elliotth; dfishburn; jafl; perlguy0; dhiebert; vberthoux,dfishburn; elliotth; elias; dhiebert; jafl; vberthoux; perlguy0,0.0000,0.0000,-1,373,newUpperString,extern char* newUpperString (const char* str),readToken,static void readToken (tokenInfo *const token)
669,Type2,Block,23,71,275,97,693,Still Active,Still Active,719,123,0,0,1,100,routines.c,tex.c,1,darren; elias; elliotth; dfishburn; jafl; perlguy0; dhiebert; vberthoux,dfishburn; elias; dhiebert; jafl; elliotth; vberthoux; perlguy0,0.0000,0.0000,-1,31,newUpperString,extern char* newUpperString (const char* str),parseIdentifier,"static void parseIdentifier (vString *const string, const int firstChar)"
670,Type2,Block,23,105,106,273,273,275,Still Active,2,543,1,0,0,100,parse.c,parse.c,0,darren,darren; elias; elliotth; dfishburn; jafl; perlguy0; dhiebert; vberthoux,1.0000,-1.0000,2,-1,printLanguageKinds,extern void printLanguageKinds (const langType language),printLanguageMaps,extern void printLanguageMaps (const langType language)
671,Type2,Block,23,105,113,273,400,275,401,2,1,0,0,0,100,parse.c,perl.c,1,darren,darren,0.0000,0.0000,-1,2,printLanguageKinds,extern void printLanguageKinds (const langType language),findPerlTags,static void findPerlTags (void)
672,Type2,Block,23,105,135,273,461,275,Still Active,2,355,0,0,0,100,parse.c,jscript.c,1,darren,dfishburn; elliotth; jafl; perlguy0; dhiebert; elias; vberthoux,0.0000,0.0000,-1,2,printLanguageKinds,extern void printLanguageKinds (const langType language),parseIdentifier,"static void parseIdentifier (vString *const string, const int firstChar)"
673,Type2,Block,23,105,136,273,461,275,Still Active,2,355,0,0,0,100,parse.c,sql.c,1,darren,dfishburn; elliotth; jafl; perlguy0; dhiebert; elias; vberthoux,0.0000,0.0000,-1,2,printLanguageKinds,extern void printLanguageKinds (const langType language),parseIdentifier,"static void parseIdentifier (vString *const string, const int firstChar)"
674,Type2,Block,23,105,183,273,654,275,Still Active,2,162,0,0,0,100,parse.c,vhdl.c,1,darren,elliotth; dfishburn; elias; dhiebert; jafl; vberthoux; perlguy0,0.0000,0.0000,-1,2,printLanguageKinds,extern void printLanguageKinds (const langType language),parseIdentifier,"static void parseIdentifier (vString *const string, const int firstChar)"
675,Type2,Block,23,105,199,273,659,275,797,2,138,0,0,0,100,parse.c,jscript.c,1,darren,elliotth; dfishburn; elias; dhiebert; jafl; vberthoux,0.0000,0.0000,-1,2,printLanguageKinds,extern void printLanguageKinds (const langType language),readToken,static void readToken (tokenInfo *const token)
676,Type2,Block,23,105,200,273,659,275,797,2,138,0,0,0,100,parse.c,sql.c,1,darren,elliotth; dfishburn; elias; dhiebert; jafl; vberthoux,0.0000,0.0000,-1,2,printLanguageKinds,extern void printLanguageKinds (const langType language),readToken,static void readToken (tokenInfo *const token)
677,Type2,Block,23,105,219,273,682,275,Still Active,2,134,0,0,0,100,parse.c,flex.c,1,darren,dfishburn; elliotth; elias; dhiebert; jafl; vberthoux; perlguy0,0.0000,0.0000,-1,2,printLanguageKinds,extern void printLanguageKinds (const langType language),readToken,static void readToken (tokenInfo *const token)
678,Type2,Block,23,105,275,273,693,275,Still Active,2,123,0,0,0,100,parse.c,tex.c,1,darren,dfishburn; elias; dhiebert; jafl; elliotth; vberthoux; perlguy0,0.0000,0.0000,-1,2,printLanguageKinds,extern void printLanguageKinds (const langType language),parseIdentifier,"static void parseIdentifier (vString *const string, const int firstChar)"
679,Type2,Block,23,106,113,273,400,Still Active,401,543,1,0,0,1,100,parse.c,perl.c,1,darren; elias; elliotth; dfishburn; jafl; perlguy0; dhiebert; vberthoux,darren,0.0000,0.0000,-1,1,printLanguageMaps,extern void printLanguageMaps (const langType language),findPerlTags,static void findPerlTags (void)
680,Type2,Block,23,106,135,273,461,Still Active,Still Active,543,355,0,0,10,100,parse.c,jscript.c,1,darren; elias; elliotth; dfishburn; jafl; perlguy0; dhiebert; vberthoux,dfishburn; elliotth; jafl; perlguy0; dhiebert; elias; vberthoux,0.0000,0.0000,-1,19,printLanguageMaps,extern void printLanguageMaps (const langType language),parseIdentifier,"static void parseIdentifier (vString *const string, const int firstChar)"
681,Type2,Block,23,106,136,273,461,Still Active,Still Active,543,355,0,0,5,100,parse.c,sql.c,1,darren; elias; elliotth; dfishburn; jafl; perlguy0; dhiebert; vberthoux,dfishburn; elliotth; jafl; perlguy0; dhiebert; elias; vberthoux,0.0000,0.0000,-1,172,printLanguageMaps,extern void printLanguageMaps (const langType language),parseIdentifier,"static void parseIdentifier (vString *const string, const int firstChar)"
682,Type2,Block,23,106,183,273,654,Still Active,Still Active,543,162,0,0,2,100,parse.c,vhdl.c,1,darren; elias; elliotth; dfishburn; jafl; perlguy0; dhiebert; vberthoux,elliotth; dfishburn; elias; dhiebert; jafl; vberthoux; perlguy0,0.0000,0.0000,-1,159,printLanguageMaps,extern void printLanguageMaps (const langType language),parseIdentifier,"static void parseIdentifier (vString *const string, const int firstChar)"
683,Type2,Block,23,106,199,273,659,Still Active,797,543,138,0,0,4,100,parse.c,jscript.c,1,darren; elias; elliotth; dfishburn; jafl; perlguy0; dhiebert; vberthoux,elliotth; dfishburn; elias; dhiebert; jafl; vberthoux,0.0000,0.0000,-1,4,printLanguageMaps,extern void printLanguageMaps (const langType language),readToken,static void readToken (tokenInfo *const token)
684,Type2,Block,23,106,200,273,659,Still Active,797,543,138,0,0,1,100,parse.c,sql.c,1,darren; elias; elliotth; dfishburn; jafl; perlguy0; dhiebert; vberthoux,elliotth; dfishburn; elias; dhiebert; jafl; vberthoux,0.0000,0.0000,-1,138,printLanguageMaps,extern void printLanguageMaps (const langType language),readToken,static void readToken (tokenInfo *const token)
685,Type2,Block,23,106,219,273,682,Still Active,Still Active,543,134,0,0,0,100,parse.c,flex.c,1,darren; elias; elliotth; dfishburn; jafl; perlguy0; dhiebert; vberthoux,dfishburn; elliotth; elias; dhiebert; jafl; vberthoux; perlguy0,0.0000,0.0000,-1,373,printLanguageMaps,extern void printLanguageMaps (const langType language),readToken,static void readToken (tokenInfo *const token)
686,Type2,Block,23,106,275,273,693,Still Active,Still Active,543,123,0,0,1,100,parse.c,tex.c,1,darren; elias; elliotth; dfishburn; jafl; perlguy0; dhiebert; vberthoux,dfishburn; elias; dhiebert; jafl; elliotth; vberthoux; perlguy0,0.0000,0.0000,-1,31,printLanguageMaps,extern void printLanguageMaps (const langType language),parseIdentifier,"static void parseIdentifier (vString *const string, const int firstChar)"
687,Type2,Block,23,113,135,400,461,401,Still Active,1,355,0,0,0,100,perl.c,jscript.c,1,darren,dfishburn; elliotth; jafl; perlguy0; dhiebert; elias; vberthoux,0.0000,0.0000,-1,1,findPerlTags,static void findPerlTags (void),parseIdentifier,"static void parseIdentifier (vString *const string, const int firstChar)"
688,Type2,Block,23,113,136,400,461,401,Still Active,1,355,0,0,0,100,perl.c,sql.c,1,darren,dfishburn; elliotth; jafl; perlguy0; dhiebert; elias; vberthoux,0.0000,0.0000,-1,1,findPerlTags,static void findPerlTags (void),parseIdentifier,"static void parseIdentifier (vString *const string, const int firstChar)"
689,Type2,Block,23,113,183,400,654,401,Still Active,1,162,0,0,0,100,perl.c,vhdl.c,1,darren,elliotth; dfishburn; elias; dhiebert; jafl; vberthoux; perlguy0,0.0000,0.0000,-1,1,findPerlTags,static void findPerlTags (void),parseIdentifier,"static void parseIdentifier (vString *const string, const int firstChar)"
690,Type2,Block,23,113,199,400,659,401,797,1,138,0,0,0,100,perl.c,jscript.c,1,darren,elliotth; dfishburn; elias; dhiebert; jafl; vberthoux,0.0000,0.0000,-1,1,findPerlTags,static void findPerlTags (void),readToken,static void readToken (tokenInfo *const token)
691,Type2,Block,23,113,200,400,659,401,797,1,138,0,0,0,100,perl.c,sql.c,1,darren,elliotth; dfishburn; elias; dhiebert; jafl; vberthoux,0.0000,0.0000,-1,1,findPerlTags,static void findPerlTags (void),readToken,static void readToken (tokenInfo *const token)
692,Type2,Block,23,113,219,400,682,401,Still Active,1,134,0,0,0,100,perl.c,flex.c,1,darren,dfishburn; elliotth; elias; dhiebert; jafl; vberthoux; perlguy0,0.0000,0.0000,-1,1,findPerlTags,static void findPerlTags (void),readToken,static void readToken (tokenInfo *const token)
693,Type2,Block,23,113,275,400,693,401,Still Active,1,123,0,0,0,100,perl.c,tex.c,1,darren,dfishburn; elias; dhiebert; jafl; elliotth; vberthoux; perlguy0,0.0000,0.0000,-1,1,findPerlTags,static void findPerlTags (void),parseIdentifier,"static void parseIdentifier (vString *const string, const int firstChar)"
694,Type2,Block,23,135,136,461,461,Still Active,Still Active,355,355,2,8,3,100,jscript.c,sql.c,1,dfishburn; elliotth; jafl; perlguy0; dhiebert; elias; vberthoux,dfishburn; elliotth; jafl; perlguy0; dhiebert; elias; vberthoux,0.0000,-0.0107,341,19,parseIdentifier,"static void parseIdentifier (vString *const string, const int firstChar)",parseIdentifier,"static void parseIdentifier (vString *const string, const int firstChar)"
695,Type2,Block,23,135,183,461,654,Still Active,Still Active,355,162,0,4,2,100,jscript.c,vhdl.c,1,dfishburn; elliotth; jafl; perlguy0; dhiebert; elias; vberthoux,elliotth; dfishburn; elias; dhiebert; jafl; vberthoux; perlguy0,0.0000,0.0000,-1,19,parseIdentifier,"static void parseIdentifier (vString *const string, const int firstChar)",parseIdentifier,"static void parseIdentifier (vString *const string, const int firstChar)"
696,Type2,Block,23,135,199,461,659,Still Active,797,355,138,3,1,1,100,jscript.c,jscript.c,0,dfishburn; elliotth; jafl; perlguy0; dhiebert; elias; vberthoux,elliotth; dfishburn; elias; dhiebert; jafl; vberthoux,0.6315,0.0952,4,0,parseIdentifier,"static void parseIdentifier (vString *const string, const int firstChar)",readToken,static void readToken (tokenInfo *const token)
697,Type2,Block,23,135,200,461,659,Still Active,797,355,138,0,4,1,100,jscript.c,sql.c,1,dfishburn; elliotth; jafl; perlguy0; dhiebert; elias; vberthoux,elliotth; dfishburn; elias; dhiebert; jafl; vberthoux,0.0000,0.0000,-1,0,parseIdentifier,"static void parseIdentifier (vString *const string, const int firstChar)",readToken,static void readToken (tokenInfo *const token)
698,Type2,Block,23,135,219,461,682,Still Active,Still Active,355,134,0,3,0,100,jscript.c,flex.c,1,dfishburn; elliotth; jafl; perlguy0; dhiebert; elias; vberthoux,dfishburn; elliotth; elias; dhiebert; jafl; vberthoux; perlguy0,0.0000,0.0000,-1,19,parseIdentifier,"static void parseIdentifier (vString *const string, const int firstChar)",readToken,static void readToken (tokenInfo *const token)
699,Type2,Block,23,135,275,461,693,Still Active,Still Active,355,123,0,3,1,100,jscript.c,tex.c,1,dfishburn; elliotth; jafl; perlguy0; dhiebert; elias; vberthoux,dfishburn; elias; dhiebert; jafl; elliotth; vberthoux; perlguy0,0.0000,0.0000,-1,19,parseIdentifier,"static void parseIdentifier (vString *const string, const int firstChar)",parseIdentifier,"static void parseIdentifier (vString *const string, const int firstChar)"
700,Type2,Block,23,136,183,461,654,Still Active,Still Active,355,162,0,0,2,100,sql.c,vhdl.c,1,dfishburn; elliotth; jafl; perlguy0; dhiebert; elias; vberthoux,elliotth; dfishburn; elias; dhiebert; jafl; vberthoux; perlguy0,0.0000,0.0000,-1,159,parseIdentifier,"static void parseIdentifier (vString *const string, const int firstChar)",parseIdentifier,"static void parseIdentifier (vString *const string, const int firstChar)"
701,Type2,Block,23,136,199,461,659,Still Active,797,355,138,0,0,4,100,sql.c,jscript.c,1,dfishburn; elliotth; jafl; perlguy0; dhiebert; elias; vberthoux,elliotth; dfishburn; elias; dhiebert; jafl; vberthoux,0.0000,0.0000,-1,4,parseIdentifier,"static void parseIdentifier (vString *const string, const int firstChar)",readToken,static void readToken (tokenInfo *const token)
702,Type2,Block,23,136,200,461,659,Still Active,797,355,138,0,0,1,100,sql.c,sql.c,0,dfishburn; elliotth; jafl; perlguy0; dhiebert; elias; vberthoux,elliotth; dfishburn; elias; dhiebert; jafl; vberthoux,0.0000,0.0000,-1,138,parseIdentifier,"static void parseIdentifier (vString *const string, const int firstChar)",readToken,static void readToken (tokenInfo *const token)
703,Type2,Block,23,136,219,461,682,Still Active,Still Active,355,134,0,0,0,100,sql.c,flex.c,1,dfishburn; elliotth; jafl; perlguy0; dhiebert; elias; vberthoux,dfishburn; elliotth; elias; dhiebert; jafl; vberthoux; perlguy0,0.0000,0.0000,-1,172,parseIdentifier,"static void parseIdentifier (vString *const string, const int firstChar)",readToken,static void readToken (tokenInfo *const token)
704,Type2,Block,23,136,275,461,693,Still Active,Still Active,355,123,0,0,1,100,sql.c,tex.c,1,dfishburn; elliotth; jafl; perlguy0; dhiebert; elias; vberthoux,dfishburn; elias; dhiebert; jafl; elliotth; vberthoux; perlguy0,0.0000,0.0000,-1,31,parseIdentifier,"static void parseIdentifier (vString *const string, const int firstChar)",parseIdentifier,"static void parseIdentifier (vString *const string, const int firstChar)"
705,Type2,Block,23,183,199,654,659,Still Active,797,162,138,0,0,4,100,vhdl.c,jscript.c,1,elliotth; dfishburn; elias; dhiebert; jafl; vberthoux; perlguy0,elliotth; dfishburn; elias; dhiebert; jafl; vberthoux,0.0000,0.0000,-1,4,parseIdentifier,"static void parseIdentifier (vString *const string, const int firstChar)",readToken,static void readToken (tokenInfo *const token)
706,Type2,Block,23,183,200,654,659,Still Active,797,162,138,0,0,1,100,vhdl.c,sql.c,1,elliotth; dfishburn; elias; dhiebert; jafl; vberthoux; perlguy0,elliotth; dfishburn; elias; dhiebert; jafl; vberthoux,0.0000,0.0000,-1,138,parseIdentifier,"static void parseIdentifier (vString *const string, const int firstChar)",readToken,static void readToken (tokenInfo *const token)
707,Type2,Block,23,183,219,654,682,Still Active,Still Active,162,134,0,0,0,100,vhdl.c,flex.c,1,elliotth; dfishburn; elias; dhiebert; jafl; vberthoux; perlguy0,dfishburn; elliotth; elias; dhiebert; jafl; vberthoux; perlguy0,0.0000,0.0000,-1,159,parseIdentifier,"static void parseIdentifier (vString *const string, const int firstChar)",readToken,static void readToken (tokenInfo *const token)
708,Type2,Block,23,183,275,654,693,Still Active,Still Active,162,123,0,0,1,100,vhdl.c,tex.c,1,elliotth; dfishburn; elias; dhiebert; jafl; vberthoux; perlguy0,dfishburn; elias; dhiebert; jafl; elliotth; vberthoux; perlguy0,0.0000,0.0000,-1,31,parseIdentifier,"static void parseIdentifier (vString *const string, const int firstChar)",parseIdentifier,"static void parseIdentifier (vString *const string, const int firstChar)"
709,Type2,Block,23,199,200,659,659,797,797,138,138,1,3,0,100,jscript.c,sql.c,1,elliotth; dfishburn; elias; dhiebert; jafl; vberthoux,elliotth; dfishburn; elias; dhiebert; jafl; vberthoux,0.0091,-0.4626,138,4,readToken,static void readToken (tokenInfo *const token),readToken,static void readToken (tokenInfo *const token)
710,Type2,Block,23,199,219,659,682,797,Still Active,138,134,0,2,0,100,jscript.c,flex.c,1,elliotth; dfishburn; elias; dhiebert; jafl; vberthoux,dfishburn; elliotth; elias; dhiebert; jafl; vberthoux; perlguy0,0.0000,0.0000,-1,4,readToken,static void readToken (tokenInfo *const token),readToken,static void readToken (tokenInfo *const token)
711,Type2,Block,23,199,275,659,693,797,Still Active,138,123,0,2,1,100,jscript.c,tex.c,1,elliotth; dfishburn; elias; dhiebert; jafl; vberthoux,dfishburn; elias; dhiebert; jafl; elliotth; vberthoux; perlguy0,0.0000,0.0000,-1,4,readToken,static void readToken (tokenInfo *const token),parseIdentifier,"static void parseIdentifier (vString *const string, const int firstChar)"
712,Type2,Block,23,200,219,659,682,797,Still Active,138,134,0,0,0,100,sql.c,flex.c,1,elliotth; dfishburn; elias; dhiebert; jafl; vberthoux,dfishburn; elliotth; elias; dhiebert; jafl; vberthoux; perlguy0,0.0000,0.0000,-1,138,readToken,static void readToken (tokenInfo *const token),readToken,static void readToken (tokenInfo *const token)
713,Type2,Block,23,200,275,659,693,797,Still Active,138,123,0,0,1,100,sql.c,tex.c,1,elliotth; dfishburn; elias; dhiebert; jafl; vberthoux,dfishburn; elias; dhiebert; jafl; elliotth; vberthoux; perlguy0,0.0000,0.0000,-1,12,readToken,static void readToken (tokenInfo *const token),parseIdentifier,"static void parseIdentifier (vString *const string, const int firstChar)"
714,Type2,Block,23,219,275,682,693,Still Active,Still Active,134,123,0,0,1,100,flex.c,tex.c,1,dfishburn; elliotth; elias; dhiebert; jafl; vberthoux; perlguy0,dfishburn; elias; dhiebert; jafl; elliotth; vberthoux; perlguy0,0.0000,0.0000,-1,31,readToken,static void readToken (tokenInfo *const token),parseIdentifier,"static void parseIdentifier (vString *const string, const int firstChar)"
715,Type2,Block,24,107,137,273,461,Still Active,792,543,331,0,0,11,100,parse.c,jscript.c,1,darren; elias; elliotth; dfishburn; jafl; perlguy0; dhiebert; vberthoux,dfishburn; elliotth; jafl; perlguy0; dhiebert; elias; vberthoux,0.0000,0.0000,-1,1,printLanguageList,extern void printLanguageList (void),analyzeToken,static keywordId analyzeToken (vString *const name)
716,Type2,Block,24,107,138,273,461,Still Active,536,543,75,0,0,3,100,parse.c,sql.c,1,darren; elias; elliotth; dfishburn; jafl; perlguy0; dhiebert; vberthoux,dfishburn; elliotth; jafl; perlguy0; dhiebert; elias,0.0000,0.0000,-1,61,printLanguageList,extern void printLanguageList (void),analyzeToken,static keywordId analyzeToken (vString *const name)
717,Type2,Block,24,107,184,273,654,Still Active,Still Active,543,162,0,0,5,100,parse.c,vhdl.c,1,darren; elias; elliotth; dfishburn; jafl; perlguy0; dhiebert; vberthoux,elliotth; dfishburn; elias; dhiebert; jafl; vberthoux; perlguy0,0.0000,0.0000,-1,157,printLanguageList,extern void printLanguageList (void),readToken,static void readToken (tokenInfo *const token)
718,Type2,Block,24,107,220,273,682,Still Active,755,543,73,0,0,0,100,parse.c,flex.c,1,darren; elias; elliotth; dfishburn; jafl; perlguy0; dhiebert; vberthoux,dfishburn; elliotth; elias; dhiebert; jafl,0.0000,0.0000,-1,312,printLanguageList,extern void printLanguageList (void),readToken,static void readToken (tokenInfo *const token)
719,Type2,Block,24,107,221,273,682,Still Active,Still Active,543,134,0,0,1,100,parse.c,flex.c,1,darren; elias; elliotth; dfishburn; jafl; perlguy0; dhiebert; vberthoux,dfishburn; elliotth; elias; dhiebert; jafl; vberthoux; perlguy0,0.0000,0.0000,-1,61,printLanguageList,extern void printLanguageList (void),readToken,static void readToken (tokenInfo *const token)
720,Type2,Block,24,107,222,273,682,Still Active,755,543,73,0,0,0,100,parse.c,flex.c,1,darren; elias; elliotth; dfishburn; jafl; perlguy0; dhiebert; vberthoux,dfishburn; elliotth; elias; dhiebert; jafl,0.0000,0.0000,-1,312,printLanguageList,extern void printLanguageList (void),readToken,static void readToken (tokenInfo *const token)
721,Type2,Block,24,107,276,273,693,Still Active,Still Active,543,123,0,0,4,100,parse.c,tex.c,1,darren; elias; elliotth; dfishburn; jafl; perlguy0; dhiebert; vberthoux,dfishburn; elias; dhiebert; jafl; elliotth; vberthoux; perlguy0,0.0000,0.0000,-1,31,printLanguageList,extern void printLanguageList (void),readToken,static void readToken (tokenInfo *const token)
722,Type2,Block,24,137,138,461,461,792,536,331,75,2,4,1,100,jscript.c,sql.c,1,dfishburn; elliotth; jafl; perlguy0; dhiebert; elias; vberthoux,dfishburn; elliotth; jafl; perlguy0; dhiebert; elias,0.1554,-0.3340,61,0,analyzeToken,static keywordId analyzeToken (vString *const name),analyzeToken,static keywordId analyzeToken (vString *const name)
723,Type2,Block,24,137,184,461,654,792,Still Active,331,162,2,2,3,100,jscript.c,vhdl.c,1,dfishburn; elliotth; jafl; perlguy0; dhiebert; elias; vberthoux,elliotth; dfishburn; elias; dhiebert; jafl; vberthoux; perlguy0,0.0338,-0.3354,133,1,analyzeToken,static keywordId analyzeToken (vString *const name),readToken,static void readToken (tokenInfo *const token)
724,Type2,Block,24,137,220,461,682,792,755,331,73,0,0,0,100,jscript.c,flex.c,1,dfishburn; elliotth; jafl; perlguy0; dhiebert; elias; vberthoux,dfishburn; elliotth; elias; dhiebert; jafl,0.0000,0.0000,-1,91,analyzeToken,static keywordId analyzeToken (vString *const name),readToken,static void readToken (tokenInfo *const token)
725,Type2,Block,24,137,221,461,682,792,Still Active,331,134,0,1,1,100,jscript.c,flex.c,1,dfishburn; elliotth; jafl; perlguy0; dhiebert; elias; vberthoux,dfishburn; elliotth; elias; dhiebert; jafl; vberthoux; perlguy0,0.0000,0.0000,-1,1,analyzeToken,static keywordId analyzeToken (vString *const name),readToken,static void readToken (tokenInfo *const token)
726,Type2,Block,24,137,222,461,682,792,755,331,73,0,0,0,100,jscript.c,flex.c,1,dfishburn; elliotth; jafl; perlguy0; dhiebert; elias; vberthoux,dfishburn; elliotth; elias; dhiebert; jafl,0.0000,0.0000,-1,91,analyzeToken,static keywordId analyzeToken (vString *const name),readToken,static void readToken (tokenInfo *const token)
727,Type2,Block,24,137,276,461,693,792,Still Active,331,123,0,1,4,100,jscript.c,tex.c,1,dfishburn; elliotth; jafl; perlguy0; dhiebert; elias; vberthoux,dfishburn; elias; dhiebert; jafl; elliotth; vberthoux; perlguy0,0.0000,0.0000,-1,1,analyzeToken,static keywordId analyzeToken (vString *const name),readToken,static void readToken (tokenInfo *const token)
728,Type2,Block,24,138,184,461,654,536,Still Active,75,162,0,0,0,100,sql.c,vhdl.c,1,dfishburn; elliotth; jafl; perlguy0; dhiebert; elias,elliotth; dfishburn; elias; dhiebert; jafl; vberthoux; perlguy0,0.0000,0.0000,-1,61,analyzeToken,static keywordId analyzeToken (vString *const name),readToken,static void readToken (tokenInfo *const token)
729,Type2,Block,24,138,220,461,682,536,755,75,73,0,0,0,100,sql.c,flex.c,1,dfishburn; elliotth; jafl; perlguy0; dhiebert; elias,dfishburn; elliotth; elias; dhiebert; jafl,0.0000,0.0000,-1,61,analyzeToken,static keywordId analyzeToken (vString *const name),readToken,static void readToken (tokenInfo *const token)
730,Type2,Block,24,138,221,461,682,536,Still Active,75,134,0,0,0,100,sql.c,flex.c,1,dfishburn; elliotth; jafl; perlguy0; dhiebert; elias,dfishburn; elliotth; elias; dhiebert; jafl; vberthoux; perlguy0,0.0000,0.0000,-1,61,analyzeToken,static keywordId analyzeToken (vString *const name),readToken,static void readToken (tokenInfo *const token)
731,Type2,Block,24,138,222,461,682,536,755,75,73,0,0,0,100,sql.c,flex.c,1,dfishburn; elliotth; jafl; perlguy0; dhiebert; elias,dfishburn; elliotth; elias; dhiebert; jafl,0.0000,0.0000,-1,61,analyzeToken,static keywordId analyzeToken (vString *const name),readToken,static void readToken (tokenInfo *const token)
732,Type2,Block,24,138,276,461,693,536,Still Active,75,123,0,0,0,100,sql.c,tex.c,1,dfishburn; elliotth; jafl; perlguy0; dhiebert; elias,dfishburn; elias; dhiebert; jafl; elliotth; vberthoux; perlguy0,0.0000,0.0000,-1,61,analyzeToken,static keywordId analyzeToken (vString *const name),readToken,static void readToken (tokenInfo *const token)
733,Type2,Block,24,184,220,654,682,Still Active,755,162,73,0,0,0,100,vhdl.c,flex.c,1,elliotth; dfishburn; elias; dhiebert; jafl; vberthoux; perlguy0,dfishburn; elliotth; elias; dhiebert; jafl,0.0000,0.0000,-1,96,readToken,static void readToken (tokenInfo *const token),readToken,static void readToken (tokenInfo *const token)
734,Type2,Block,24,184,221,654,682,Still Active,Still Active,162,134,0,0,1,100,vhdl.c,flex.c,1,elliotth; dfishburn; elias; dhiebert; jafl; vberthoux; perlguy0,dfishburn; elliotth; elias; dhiebert; jafl; vberthoux; perlguy0,0.0000,0.0000,-1,61,readToken,static void readToken (tokenInfo *const token),readToken,static void readToken (tokenInfo *const token)
735,Type2,Block,24,184,222,654,682,Still Active,755,162,73,0,0,0,100,vhdl.c,flex.c,1,elliotth; dfishburn; elias; dhiebert; jafl; vberthoux; perlguy0,dfishburn; elliotth; elias; dhiebert; jafl,0.0000,0.0000,-1,96,readToken,static void readToken (tokenInfo *const token),readToken,static void readToken (tokenInfo *const token)
736,Type2,Block,24,184,276,654,693,Still Active,Still Active,162,123,0,0,4,100,vhdl.c,tex.c,1,elliotth; dfishburn; elias; dhiebert; jafl; vberthoux; perlguy0,dfishburn; elias; dhiebert; jafl; elliotth; vberthoux; perlguy0,0.0000,0.0000,-1,31,readToken,static void readToken (tokenInfo *const token),readToken,static void readToken (tokenInfo *const token)
737,Type2,Block,24,220,221,682,682,755,Still Active,73,134,0,0,1,100,flex.c,flex.c,0,dfishburn; elliotth; elias; dhiebert; jafl,dfishburn; elliotth; elias; dhiebert; jafl; vberthoux; perlguy0,0.0000,0.0000,-1,0,readToken,static void readToken (tokenInfo *const token),readToken,static void readToken (tokenInfo *const token)
738,Type2,Block,24,220,222,682,682,755,755,73,73,0,0,0,100,flex.c,flex.c,0,dfishburn; elliotth; elias; dhiebert; jafl,dfishburn; elliotth; elias; dhiebert; jafl,0.0000,0.0000,-1,-1,readToken,static void readToken (tokenInfo *const token),readToken,static void readToken (tokenInfo *const token)
739,Type2,Block,24,220,276,682,693,755,Still Active,73,123,0,0,3,100,flex.c,tex.c,1,dfishburn; elliotth; elias; dhiebert; jafl,dfishburn; elias; dhiebert; jafl; elliotth; vberthoux; perlguy0,0.0000,0.0000,-1,20,readToken,static void readToken (tokenInfo *const token),readToken,static void readToken (tokenInfo *const token)
740,Type2,Block,24,221,222,682,682,Still Active,755,134,73,0,1,0,100,flex.c,flex.c,0,dfishburn; elliotth; elias; dhiebert; jafl; vberthoux; perlguy0,dfishburn; elliotth; elias; dhiebert; jafl,0.0000,0.0000,-1,0,readToken,static void readToken (tokenInfo *const token),readToken,static void readToken (tokenInfo *const token)
741,Type2,Block,24,221,276,682,693,Still Active,Still Active,134,123,0,1,4,100,flex.c,tex.c,1,dfishburn; elliotth; elias; dhiebert; jafl; vberthoux; perlguy0,dfishburn; elias; dhiebert; jafl; elliotth; vberthoux; perlguy0,0.0000,0.0000,-1,31,readToken,static void readToken (tokenInfo *const token),readToken,static void readToken (tokenInfo *const token)
742,Type2,Block,24,222,276,682,693,755,Still Active,73,123,0,0,3,100,flex.c,tex.c,1,dfishburn; elliotth; elias; dhiebert; jafl,dfishburn; elias; dhiebert; jafl; elliotth; vberthoux; perlguy0,0.0000,0.0000,-1,20,readToken,static void readToken (tokenInfo *const token),readToken,static void readToken (tokenInfo *const token)
743,Type2,Block,25,72,73,163,163,Still Active,Still Active,653,653,2,0,0,100,sort.c,sort.c,0,darren; elias; elliotth; dfishburn; jafl; perlguy0; dhiebert; vberthoux,darren; elias; elliotth; dfishburn; jafl; perlguy0; dhiebert; vberthoux,1.0000,-1.0000,373,-1,compareTagsFolded,"static int compareTagsFolded(const void *const one, const void *const two)",compareTags,"static int compareTags (const void *const one, const void *const two)"
744,Type2,Block,25,72,139,163,461,Still Active,467,653,6,0,0,0,100,sort.c,jscript.c,1,darren; elias; elliotth; dfishburn; jafl; perlguy0; dhiebert; vberthoux,dfishburn; elliotth,0.0000,0.0000,-1,24,compareTagsFolded,"static int compareTagsFolded(const void *const one, const void *const two)",readToken,static void readToken (tokenInfo *const token)
745,Type2,Block,25,72,159,163,467,Still Active,659,653,192,0,0,4,100,sort.c,jscript.c,1,darren; elias; elliotth; dfishburn; jafl; perlguy0; dhiebert; vberthoux,dfishburn; elliotth; jafl; perlguy0; dhiebert; elias,0.0000,0.0000,-1,182,compareTagsFolded,"static int compareTagsFolded(const void *const one, const void *const two)",readToken,static void readToken (tokenInfo *const token)
746,Type2,Block,25,72,160,163,467,Still Active,659,653,192,0,0,4,100,sort.c,sql.c,1,darren; elias; elliotth; dfishburn; jafl; perlguy0; dhiebert; vberthoux,dfishburn; elliotth; jafl; perlguy0; dhiebert; elias,0.0000,0.0000,-1,15,compareTagsFolded,"static int compareTagsFolded(const void *const one, const void *const two)",readToken,static void readToken (tokenInfo *const token)
747,Type2,Block,25,72,167,163,586,Still Active,Still Active,653,230,0,0,11,100,sort.c,jscript.c,1,darren; elias; elliotth; dfishburn; jafl; perlguy0; dhiebert; vberthoux,dfishburn; dhiebert; perlguy0; elliotth; jafl; elias; vberthoux,0.0000,0.0000,-1,7,compareTagsFolded,"static int compareTagsFolded(const void *const one, const void *const two)",parseStatement,"static boolean parseStatement (tokenInfo *const token, boolean is_inside_class)"
748,Type2,Block,25,72,198,163,658,Still Active,Still Active,653,158,0,0,6,100,sort.c,jscript.c,1,darren; elias; elliotth; dfishburn; jafl; perlguy0; dhiebert; vberthoux,elliotth; dfishburn; elias; dhiebert; jafl; vberthoux; perlguy0,0.0000,0.0000,-1,19,compareTagsFolded,"static int compareTagsFolded(const void *const one, const void *const two)",readToken,static void readToken (tokenInfo *const token)
749,Type2,Block,25,72,223,163,682,Still Active,755,653,73,0,0,0,100,sort.c,flex.c,1,darren; elias; elliotth; dfishburn; jafl; perlguy0; dhiebert; vberthoux,dfishburn; elliotth; elias; dhiebert; jafl,0.0000,0.0000,-1,312,compareTagsFolded,"static int compareTagsFolded(const void *const one, const void *const two)",readToken,static void readToken (tokenInfo *const token)
750,Type2,Block,25,72,224,163,682,Still Active,Still Active,653,134,0,0,1,100,sort.c,flex.c,1,darren; elias; elliotth; dfishburn; jafl; perlguy0; dhiebert; vberthoux,dfishburn; elliotth; elias; dhiebert; jafl; vberthoux; perlguy0,0.0000,0.0000,-1,61,compareTagsFolded,"static int compareTagsFolded(const void *const one, const void *const two)",readToken,static void readToken (tokenInfo *const token)
751,Type2,Block,25,72,225,163,682,Still Active,Still Active,653,134,0,0,0,100,sort.c,flex.c,1,darren; elias; elliotth; dfishburn; jafl; perlguy0; dhiebert; vberthoux,dfishburn; elliotth; elias; dhiebert; jafl; vberthoux; perlguy0,0.0000,0.0000,-1,373,compareTagsFolded,"static int compareTagsFolded(const void *const one, const void *const two)",readToken,static void readToken (tokenInfo *const token)
752,Type2,Block,25,72,226,163,682,Still Active,755,653,73,0,0,0,100,sort.c,flex.c,1,darren; elias; elliotth; dfishburn; jafl; perlguy0; dhiebert; vberthoux,dfishburn; elliotth; elias; dhiebert; jafl,0.0000,0.0000,-1,312,compareTagsFolded,"static int compareTagsFolded(const void *const one, const void *const two)",readToken,static void readToken (tokenInfo *const token)
753,Type2,Block,25,73,139,163,461,Still Active,467,653,6,0,0,0,100,sort.c,jscript.c,1,darren; elias; elliotth; dfishburn; jafl; perlguy0; dhiebert; vberthoux,dfishburn; elliotth,0.0000,0.0000,-1,24,compareTags,"static int compareTags (const void *const one, const void *const two)",readToken,static void readToken (tokenInfo *const token)
754,Type2,Block,25,73,159,163,467,Still Active,659,653,192,0,0,4,100,sort.c,jscript.c,1,darren; elias; elliotth; dfishburn; jafl; perlguy0; dhiebert; vberthoux,dfishburn; elliotth; jafl; perlguy0; dhiebert; elias,0.0000,0.0000,-1,182,compareTags,"static int compareTags (const void *const one, const void *const two)",readToken,static void readToken (tokenInfo *const token)
755,Type2,Block,25,73,160,163,467,Still Active,659,653,192,0,0,4,100,sort.c,sql.c,1,darren; elias; elliotth; dfishburn; jafl; perlguy0; dhiebert; vberthoux,dfishburn; elliotth; jafl; perlguy0; dhiebert; elias,0.0000,0.0000,-1,15,compareTags,"static int compareTags (const void *const one, const void *const two)",readToken,static void readToken (tokenInfo *const token)
756,Type2,Block,25,73,167,163,586,Still Active,Still Active,653,230,0,0,11,100,sort.c,jscript.c,1,darren; elias; elliotth; dfishburn; jafl; perlguy0; dhiebert; vberthoux,dfishburn; dhiebert; perlguy0; elliotth; jafl; elias; vberthoux,0.0000,0.0000,-1,7,compareTags,"static int compareTags (const void *const one, const void *const two)",parseStatement,"static boolean parseStatement (tokenInfo *const token, boolean is_inside_class)"
757,Type2,Block,25,73,198,163,658,Still Active,Still Active,653,158,0,0,6,100,sort.c,jscript.c,1,darren; elias; elliotth; dfishburn; jafl; perlguy0; dhiebert; vberthoux,elliotth; dfishburn; elias; dhiebert; jafl; vberthoux; perlguy0,0.0000,0.0000,-1,19,compareTags,"static int compareTags (const void *const one, const void *const two)",readToken,static void readToken (tokenInfo *const token)
758,Type2,Block,25,73,223,163,682,Still Active,755,653,73,0,0,0,100,sort.c,flex.c,1,darren; elias; elliotth; dfishburn; jafl; perlguy0; dhiebert; vberthoux,dfishburn; elliotth; elias; dhiebert; jafl,0.0000,0.0000,-1,312,compareTags,"static int compareTags (const void *const one, const void *const two)",readToken,static void readToken (tokenInfo *const token)
759,Type2,Block,25,73,224,163,682,Still Active,Still Active,653,134,0,0,1,100,sort.c,flex.c,1,darren; elias; elliotth; dfishburn; jafl; perlguy0; dhiebert; vberthoux,dfishburn; elliotth; elias; dhiebert; jafl; vberthoux; perlguy0,0.0000,0.0000,-1,61,compareTags,"static int compareTags (const void *const one, const void *const two)",readToken,static void readToken (tokenInfo *const token)
760,Type2,Block,25,73,225,163,682,Still Active,Still Active,653,134,0,0,0,100,sort.c,flex.c,1,darren; elias; elliotth; dfishburn; jafl; perlguy0; dhiebert; vberthoux,dfishburn; elliotth; elias; dhiebert; jafl; vberthoux; perlguy0,0.0000,0.0000,-1,373,compareTags,"static int compareTags (const void *const one, const void *const two)",readToken,static void readToken (tokenInfo *const token)
761,Type2,Block,25,73,226,163,682,Still Active,755,653,73,0,0,0,100,sort.c,flex.c,1,darren; elias; elliotth; dfishburn; jafl; perlguy0; dhiebert; vberthoux,dfishburn; elliotth; elias; dhiebert; jafl,0.0000,0.0000,-1,312,compareTags,"static int compareTags (const void *const one, const void *const two)",readToken,static void readToken (tokenInfo *const token)
762,Type2,Block,25,139,159,461,467,467,659,6,192,0,0,0,100,jscript.c,jscript.c,0,dfishburn; elliotth,dfishburn; elliotth; jafl; perlguy0; dhiebert; elias,0.0000,0.0000,-1,-1,readToken,static void readToken (tokenInfo *const token),readToken,static void readToken (tokenInfo *const token)
763,Type2,Block,25,139,160,461,467,467,659,6,192,0,0,0,100,jscript.c,sql.c,1,dfishburn; elliotth,dfishburn; elliotth; jafl; perlguy0; dhiebert; elias,0.0000,0.0000,-1,-1,readToken,static void readToken (tokenInfo *const token),readToken,static void readToken (tokenInfo *const token)
764,Type2,Block,25,139,167,461,586,467,Still Active,6,230,0,0,0,100,jscript.c,jscript.c,0,dfishburn; elliotth,dfishburn; dhiebert; perlguy0; elliotth; jafl; elias; vberthoux,0.0000,0.0000,-1,-1,readToken,static void readToken (tokenInfo *const token),parseStatement,"static boolean parseStatement (tokenInfo *const token, boolean is_inside_class)"
765,Type2,Block,25,139,198,461,658,467,Still Active,6,158,0,0,0,100,jscript.c,jscript.c,0,dfishburn; elliotth,elliotth; dfishburn; elias; dhiebert; jafl; vberthoux; perlguy0,0.0000,0.0000,-1,-1,readToken,static void readToken (tokenInfo *const token),readToken,static void readToken (tokenInfo *const token)
766,Type2,Block,25,139,223,461,682,467,755,6,73,0,0,0,100,jscript.c,flex.c,1,dfishburn; elliotth,dfishburn; elliotth; elias; dhiebert; jafl,0.0000,0.0000,-1,-1,readToken,static void readToken (tokenInfo *const token),readToken,static void readToken (tokenInfo *const token)
767,Type2,Block,25,139,224,461,682,467,Still Active,6,134,0,0,0,100,jscript.c,flex.c,1,dfishburn; elliotth,dfishburn; elliotth; elias; dhiebert; jafl; vberthoux; perlguy0,0.0000,0.0000,-1,-1,readToken,static void readToken (tokenInfo *const token),readToken,static void readToken (tokenInfo *const token)
768,Type2,Block,25,139,225,461,682,467,Still Active,6,134,0,0,0,100,jscript.c,flex.c,1,dfishburn; elliotth,dfishburn; elliotth; elias; dhiebert; jafl; vberthoux; perlguy0,0.0000,0.0000,-1,-1,readToken,static void readToken (tokenInfo *const token),readToken,static void readToken (tokenInfo *const token)
769,Type2,Block,25,139,226,461,682,467,755,6,73,0,0,0,100,jscript.c,flex.c,1,dfishburn; elliotth,dfishburn; elliotth; elias; dhiebert; jafl,0.0000,0.0000,-1,-1,readToken,static void readToken (tokenInfo *const token),readToken,static void readToken (tokenInfo *const token)
770,Type2,Block,25,159,160,467,467,659,659,192,192,3,1,1,100,jscript.c,sql.c,1,dfishburn; elliotth; jafl; perlguy0; dhiebert; elias,dfishburn; elliotth; jafl; perlguy0; dhiebert; elias,0.0176,-0.7360,182,15,readToken,static void readToken (tokenInfo *const token),readToken,static void readToken (tokenInfo *const token)
771,Type2,Block,25,159,167,467,586,659,Still Active,192,230,0,0,3,100,jscript.c,jscript.c,0,dfishburn; elliotth; jafl; perlguy0; dhiebert; elias,dfishburn; dhiebert; perlguy0; elliotth; jafl; elias; vberthoux,0.0000,0.0000,-1,23,readToken,static void readToken (tokenInfo *const token),parseStatement,"static boolean parseStatement (tokenInfo *const token, boolean is_inside_class)"
772,Type2,Block,25,159,198,467,658,659,Still Active,192,158,0,0,2,100,jscript.c,jscript.c,0,dfishburn; elliotth; jafl; perlguy0; dhiebert; elias,elliotth; dfishburn; elias; dhiebert; jafl; vberthoux; perlguy0,0.0000,0.0000,-1,0,readToken,static void readToken (tokenInfo *const token),readToken,static void readToken (tokenInfo *const token)
773,Type2,Block,25,159,223,467,682,659,755,192,73,0,0,0,100,jscript.c,flex.c,1,dfishburn; elliotth; jafl; perlguy0; dhiebert; elias,dfishburn; elliotth; elias; dhiebert; jafl,0.0000,0.0000,-1,182,readToken,static void readToken (tokenInfo *const token),readToken,static void readToken (tokenInfo *const token)
774,Type2,Block,25,159,224,467,682,659,Still Active,192,134,0,0,0,100,jscript.c,flex.c,1,dfishburn; elliotth; jafl; perlguy0; dhiebert; elias,dfishburn; elliotth; elias; dhiebert; jafl; vberthoux; perlguy0,0.0000,0.0000,-1,182,readToken,static void readToken (tokenInfo *const token),readToken,static void readToken (tokenInfo *const token)
775,Type2,Block,25,159,225,467,682,659,Still Active,192,134,0,0,0,100,jscript.c,flex.c,1,dfishburn; elliotth; jafl; perlguy0; dhiebert; elias,dfishburn; elliotth; elias; dhiebert; jafl; vberthoux; perlguy0,0.0000,0.0000,-1,182,readToken,static void readToken (tokenInfo *const token),readToken,static void readToken (tokenInfo *const token)
776,Type2,Block,25,159,226,467,682,659,755,192,73,0,0,0,100,jscript.c,flex.c,1,dfishburn; elliotth; jafl; perlguy0; dhiebert; elias,dfishburn; elliotth; elias; dhiebert; jafl,0.0000,0.0000,-1,182,readToken,static void readToken (tokenInfo *const token),readToken,static void readToken (tokenInfo *const token)
777,Type2,Block,25,160,167,467,586,659,Still Active,192,230,0,1,3,100,sql.c,jscript.c,1,dfishburn; elliotth; jafl; perlguy0; dhiebert; elias,dfishburn; dhiebert; perlguy0; elliotth; jafl; elias; vberthoux,0.0000,0.0000,-1,15,readToken,static void readToken (tokenInfo *const token),parseStatement,"static boolean parseStatement (tokenInfo *const token, boolean is_inside_class)"
778,Type2,Block,25,160,198,467,658,659,Still Active,192,158,0,0,2,100,sql.c,jscript.c,1,dfishburn; elliotth; jafl; perlguy0; dhiebert; elias,elliotth; dfishburn; elias; dhiebert; jafl; vberthoux; perlguy0,0.0000,0.0000,-1,0,readToken,static void readToken (tokenInfo *const token),readToken,static void readToken (tokenInfo *const token)
779,Type2,Block,25,160,223,467,682,659,755,192,73,0,0,0,100,sql.c,flex.c,1,dfishburn; elliotth; jafl; perlguy0; dhiebert; elias,dfishburn; elliotth; elias; dhiebert; jafl,0.0000,0.0000,-1,15,readToken,static void readToken (tokenInfo *const token),readToken,static void readToken (tokenInfo *const token)
780,Type2,Block,25,160,224,467,682,659,Still Active,192,134,0,0,0,100,sql.c,flex.c,1,dfishburn; elliotth; jafl; perlguy0; dhiebert; elias,dfishburn; elliotth; elias; dhiebert; jafl; vberthoux; perlguy0,0.0000,0.0000,-1,15,readToken,static void readToken (tokenInfo *const token),readToken,static void readToken (tokenInfo *const token)
781,Type2,Block,25,160,225,467,682,659,Still Active,192,134,0,0,0,100,sql.c,flex.c,1,dfishburn; elliotth; jafl; perlguy0; dhiebert; elias,dfishburn; elliotth; elias; dhiebert; jafl; vberthoux; perlguy0,0.0000,0.0000,-1,15,readToken,static void readToken (tokenInfo *const token),readToken,static void readToken (tokenInfo *const token)
782,Type2,Block,25,160,226,467,682,659,755,192,73,0,0,0,100,sql.c,flex.c,1,dfishburn; elliotth; jafl; perlguy0; dhiebert; elias,dfishburn; elliotth; elias; dhiebert; jafl,0.0000,0.0000,-1,15,readToken,static void readToken (tokenInfo *const token),readToken,static void readToken (tokenInfo *const token)
783,Type2,Block,25,167,198,586,658,Still Active,Still Active,230,158,4,4,2,100,jscript.c,jscript.c,0,dfishburn; dhiebert; perlguy0; elliotth; jafl; elias; vberthoux,elliotth; dfishburn; elias; dhiebert; jafl; vberthoux; perlguy0,0.4096,0.0390,19,7,parseStatement,"static boolean parseStatement (tokenInfo *const token, boolean is_inside_class)",readToken,static void readToken (tokenInfo *const token)
784,Type2,Block,25,167,223,586,682,Still Active,755,230,73,0,0,0,100,jscript.c,flex.c,1,dfishburn; dhiebert; perlguy0; elliotth; jafl; elias; vberthoux,dfishburn; elliotth; elias; dhiebert; jafl,0.0000,0.0000,-1,91,parseStatement,"static boolean parseStatement (tokenInfo *const token, boolean is_inside_class)",readToken,static void readToken (tokenInfo *const token)
785,Type2,Block,25,167,224,586,682,Still Active,Still Active,230,134,0,7,1,100,jscript.c,flex.c,1,dfishburn; dhiebert; perlguy0; elliotth; jafl; elias; vberthoux,dfishburn; elliotth; elias; dhiebert; jafl; vberthoux; perlguy0,0.0000,0.0000,-1,7,parseStatement,"static boolean parseStatement (tokenInfo *const token, boolean is_inside_class)",readToken,static void readToken (tokenInfo *const token)
786,Type2,Block,25,167,225,586,682,Still Active,Still Active,230,134,0,7,0,100,jscript.c,flex.c,1,dfishburn; dhiebert; perlguy0; elliotth; jafl; elias; vberthoux,dfishburn; elliotth; elias; dhiebert; jafl; vberthoux; perlguy0,0.0000,0.0000,-1,7,parseStatement,"static boolean parseStatement (tokenInfo *const token, boolean is_inside_class)",readToken,static void readToken (tokenInfo *const token)
787,Type2,Block,25,167,226,586,682,Still Active,755,230,73,0,0,0,100,jscript.c,flex.c,1,dfishburn; dhiebert; perlguy0; elliotth; jafl; elias; vberthoux,dfishburn; elliotth; elias; dhiebert; jafl,0.0000,0.0000,-1,91,parseStatement,"static boolean parseStatement (tokenInfo *const token, boolean is_inside_class)",readToken,static void readToken (tokenInfo *const token)
788,Type2,Block,25,198,223,658,682,Still Active,755,158,73,0,0,0,100,jscript.c,flex.c,1,elliotth; dfishburn; elias; dhiebert; jafl; vberthoux; perlguy0,dfishburn; elliotth; elias; dhiebert; jafl,0.0000,0.0000,-1,91,readToken,static void readToken (tokenInfo *const token),readToken,static void readToken (tokenInfo *const token)
789,Type2,Block,25,198,224,658,682,Still Active,Still Active,158,134,0,3,1,100,jscript.c,flex.c,1,elliotth; dfishburn; elias; dhiebert; jafl; vberthoux; perlguy0,dfishburn; elliotth; elias; dhiebert; jafl; vberthoux; perlguy0,0.0000,0.0000,-1,19,readToken,static void readToken (tokenInfo *const token),readToken,static void readToken (tokenInfo *const token)
790,Type2,Block,25,198,225,658,682,Still Active,Still Active,158,134,0,3,0,100,jscript.c,flex.c,1,elliotth; dfishburn; elias; dhiebert; jafl; vberthoux; perlguy0,dfishburn; elliotth; elias; dhiebert; jafl; vberthoux; perlguy0,0.0000,0.0000,-1,19,readToken,static void readToken (tokenInfo *const token),readToken,static void readToken (tokenInfo *const token)
791,Type2,Block,25,198,226,658,682,Still Active,755,158,73,0,0,0,100,jscript.c,flex.c,1,elliotth; dfishburn; elias; dhiebert; jafl; vberthoux; perlguy0,dfishburn; elliotth; elias; dhiebert; jafl,0.0000,0.0000,-1,91,readToken,static void readToken (tokenInfo *const token),readToken,static void readToken (tokenInfo *const token)
792,Type2,Block,25,223,224,682,682,755,Still Active,73,134,0,0,1,100,flex.c,flex.c,0,dfishburn; elliotth; elias; dhiebert; jafl,dfishburn; elliotth; elias; dhiebert; jafl; vberthoux; perlguy0,0.0000,0.0000,-1,0,readToken,static void readToken (tokenInfo *const token),readToken,static void readToken (tokenInfo *const token)
793,Type2,Block,25,223,225,682,682,755,Still Active,73,134,0,0,0,100,flex.c,flex.c,0,dfishburn; elliotth; elias; dhiebert; jafl,dfishburn; elliotth; elias; dhiebert; jafl; vberthoux; perlguy0,0.0000,0.0000,-1,-1,readToken,static void readToken (tokenInfo *const token),readToken,static void readToken (tokenInfo *const token)
794,Type2,Block,25,223,226,682,682,755,755,73,73,0,0,0,100,flex.c,flex.c,0,dfishburn; elliotth; elias; dhiebert; jafl,dfishburn; elliotth; elias; dhiebert; jafl,0.0000,0.0000,-1,-1,readToken,static void readToken (tokenInfo *const token),readToken,static void readToken (tokenInfo *const token)
795,Type2,Block,25,224,225,682,682,Still Active,Still Active,134,134,0,1,0,100,flex.c,flex.c,0,dfishburn; elliotth; elias; dhiebert; jafl; vberthoux; perlguy0,dfishburn; elliotth; elias; dhiebert; jafl; vberthoux; perlguy0,0.0000,0.0000,-1,61,readToken,static void readToken (tokenInfo *const token),readToken,static void readToken (tokenInfo *const token)
796,Type2,Block,25,224,226,682,682,Still Active,755,134,73,0,1,0,100,flex.c,flex.c,0,dfishburn; elliotth; elias; dhiebert; jafl; vberthoux; perlguy0,dfishburn; elliotth; elias; dhiebert; jafl,0.0000,0.0000,-1,0,readToken,static void readToken (tokenInfo *const token),readToken,static void readToken (tokenInfo *const token)
797,Type2,Block,25,225,226,682,682,Still Active,755,134,73,0,0,0,100,flex.c,flex.c,0,dfishburn; elliotth; elias; dhiebert; jafl; vberthoux; perlguy0,dfishburn; elliotth; elias; dhiebert; jafl,0.0000,0.0000,-1,-1,readToken,static void readToken (tokenInfo *const token),readToken,static void readToken (tokenInfo *const token)
798,Type2,Block,26,140,141,461,461,468,468,7,7,0,0,1,100,jscript.c,sql.c,1,dfishburn; elliotth,dfishburn; elliotth,0.0000,0.0000,-1,7,addContext,"static void addContext (tokenInfo* const parent, const tokenInfo* const child)",addContext,"static void addContext (tokenInfo* const parent, const tokenInfo* const child)"
799,Type2,Block,26,140,185,461,654,468,658,7,4,0,0,0,100,jscript.c,jscript.c,0,dfishburn; elliotth,elliotth,0.0000,0.0000,-1,-1,addContext,"static void addContext (tokenInfo* const parent, const tokenInfo* const child)",readToken,static void readToken (tokenInfo *const token)
800,Type2,Block,26,140,186,461,654,468,658,7,4,0,0,0,100,jscript.c,vhdl.c,1,dfishburn; elliotth,elliotth,0.0000,0.0000,-1,-1,addContext,"static void addContext (tokenInfo* const parent, const tokenInfo* const child)",readToken,static void readToken (tokenInfo *const token)
801,Type2,Block,26,140,227,461,682,468,755,7,73,0,0,0,100,jscript.c,flex.c,1,dfishburn; elliotth,dfishburn; elliotth; elias; dhiebert; jafl,0.0000,0.0000,-1,-1,addContext,"static void addContext (tokenInfo* const parent, const tokenInfo* const child)",readToken,static void readToken (tokenInfo *const token)
802,Type2,Block,26,140,228,461,682,468,Still Active,7,134,0,0,0,100,jscript.c,flex.c,1,dfishburn; elliotth,dfishburn; elliotth; elias; dhiebert; jafl; vberthoux; perlguy0,0.0000,0.0000,-1,-1,addContext,"static void addContext (tokenInfo* const parent, const tokenInfo* const child)",readToken,static void readToken (tokenInfo *const token)
803,Type2,Block,26,140,229,461,682,468,Still Active,7,134,0,0,0,100,jscript.c,flex.c,1,dfishburn; elliotth,dfishburn; elliotth; elias; dhiebert; jafl; vberthoux; perlguy0,0.0000,0.0000,-1,-1,addContext,"static void addContext (tokenInfo* const parent, const tokenInfo* const child)",readToken,static void readToken (tokenInfo *const token)
804,Type2,Block,26,141,185,461,654,468,658,7,4,0,0,0,100,sql.c,jscript.c,1,dfishburn; elliotth,elliotth,0.0000,0.0000,-1,7,addContext,"static void addContext (tokenInfo* const parent, const tokenInfo* const child)",readToken,static void readToken (tokenInfo *const token)
805,Type2,Block,26,141,186,461,654,468,658,7,4,0,0,0,100,sql.c,vhdl.c,1,dfishburn; elliotth,elliotth,0.0000,0.0000,-1,7,addContext,"static void addContext (tokenInfo* const parent, const tokenInfo* const child)",readToken,static void readToken (tokenInfo *const token)
806,Type2,Block,26,141,227,461,682,468,755,7,73,0,0,0,100,sql.c,flex.c,1,dfishburn; elliotth,dfishburn; elliotth; elias; dhiebert; jafl,0.0000,0.0000,-1,7,addContext,"static void addContext (tokenInfo* const parent, const tokenInfo* const child)",readToken,static void readToken (tokenInfo *const token)
807,Type2,Block,26,141,228,461,682,468,Still Active,7,134,0,0,0,100,sql.c,flex.c,1,dfishburn; elliotth,dfishburn; elliotth; elias; dhiebert; jafl; vberthoux; perlguy0,0.0000,0.0000,-1,7,addContext,"static void addContext (tokenInfo* const parent, const tokenInfo* const child)",readToken,static void readToken (tokenInfo *const token)
808,Type2,Block,26,141,229,461,682,468,Still Active,7,134,0,0,0,100,sql.c,flex.c,1,dfishburn; elliotth,dfishburn; elliotth; elias; dhiebert; jafl; vberthoux; perlguy0,0.0000,0.0000,-1,7,addContext,"static void addContext (tokenInfo* const parent, const tokenInfo* const child)",readToken,static void readToken (tokenInfo *const token)
809,Type2,Block,26,185,186,654,654,658,658,4,4,0,0,2,100,jscript.c,vhdl.c,1,elliotth,elliotth,0.0000,0.0000,-1,1,readToken,static void readToken (tokenInfo *const token),readToken,static void readToken (tokenInfo *const token)
810,Type2,Block,26,185,227,654,682,658,755,4,73,0,0,0,100,jscript.c,flex.c,1,elliotth,dfishburn; elliotth; elias; dhiebert; jafl,0.0000,0.0000,-1,-1,readToken,static void readToken (tokenInfo *const token),readToken,static void readToken (tokenInfo *const token)
811,Type2,Block,26,185,228,654,682,658,Still Active,4,134,0,0,0,100,jscript.c,flex.c,1,elliotth,dfishburn; elliotth; elias; dhiebert; jafl; vberthoux; perlguy0,0.0000,0.0000,-1,-1,readToken,static void readToken (tokenInfo *const token),readToken,static void readToken (tokenInfo *const token)
812,Type2,Block,26,185,229,654,682,658,Still Active,4,134,0,0,0,100,jscript.c,flex.c,1,elliotth,dfishburn; elliotth; elias; dhiebert; jafl; vberthoux; perlguy0,0.0000,0.0000,-1,-1,readToken,static void readToken (tokenInfo *const token),readToken,static void readToken (tokenInfo *const token)
813,Type2,Block,26,186,227,654,682,658,755,4,73,0,0,0,100,vhdl.c,flex.c,1,elliotth,dfishburn; elliotth; elias; dhiebert; jafl,0.0000,0.0000,-1,1,readToken,static void readToken (tokenInfo *const token),readToken,static void readToken (tokenInfo *const token)
814,Type2,Block,26,186,228,654,682,658,Still Active,4,134,0,0,0,100,vhdl.c,flex.c,1,elliotth,dfishburn; elliotth; elias; dhiebert; jafl; vberthoux; perlguy0,0.0000,0.0000,-1,1,readToken,static void readToken (tokenInfo *const token),readToken,static void readToken (tokenInfo *const token)
815,Type2,Block,26,186,229,654,682,658,Still Active,4,134,0,0,0,100,vhdl.c,flex.c,1,elliotth,dfishburn; elliotth; elias; dhiebert; jafl; vberthoux; perlguy0,0.0000,0.0000,-1,1,readToken,static void readToken (tokenInfo *const token),readToken,static void readToken (tokenInfo *const token)
816,Type2,Block,26,227,228,682,682,755,Still Active,73,134,0,0,1,100,flex.c,flex.c,0,dfishburn; elliotth; elias; dhiebert; jafl,dfishburn; elliotth; elias; dhiebert; jafl; vberthoux; perlguy0,0.0000,0.0000,-1,0,readToken,static void readToken (tokenInfo *const token),readToken,static void readToken (tokenInfo *const token)
817,Type2,Block,26,227,229,682,682,755,Still Active,73,134,0,0,1,100,flex.c,flex.c,0,dfishburn; elliotth; elias; dhiebert; jafl,dfishburn; elliotth; elias; dhiebert; jafl; vberthoux; perlguy0,0.0000,0.0000,-1,0,readToken,static void readToken (tokenInfo *const token),readToken,static void readToken (tokenInfo *const token)
818,Type2,Block,26,228,229,682,682,Still Active,Still Active,134,134,1,0,0,100,flex.c,flex.c,0,dfishburn; elliotth; elias; dhiebert; jafl; vberthoux; perlguy0,dfishburn; elliotth; elias; dhiebert; jafl; vberthoux; perlguy0,1.0000,1.0000,61,-1,readToken,static void readToken (tokenInfo *const token),readToken,static void readToken (tokenInfo *const token)
819,Type2,Block,27,76,77,201,201,Still Active,Still Active,615,615,2,0,2,100,vim.c,vim.c,0,darren; dfishburn; elias; elliotth; jafl; perlguy0; dhiebert; vberthoux,darren; dfishburn; elias; elliotth; jafl; perlguy0; dhiebert; vberthoux,0.5429,-0.5429,337,333,skipPrefix,"static const unsigned char* skipPrefix (const unsigned char* name, int *scope)",skipPrefix,"static const unsigned char* skipPrefix (const unsigned char* name, int *scope)"
820,Type2,Block,27,76,142,201,461,Still Active,Still Active,615,355,0,1,11,100,vim.c,jscript.c,1,darren; dfishburn; elias; elliotth; jafl; perlguy0; dhiebert; vberthoux,dfishburn; elliotth; jafl; perlguy0; dhiebert; elias; vberthoux,0.0000,0.0000,-1,16,skipPrefix,"static const unsigned char* skipPrefix (const unsigned char* name, int *scope)",addToScope,"static void addToScope (tokenInfo* const token, vString* const extra)"
821,Type2,Block,27,76,143,201,461,Still Active,Still Active,615,355,0,1,11,100,vim.c,sql.c,1,darren; dfishburn; elias; elliotth; jafl; perlguy0; dhiebert; vberthoux,dfishburn; elliotth; jafl; perlguy0; dhiebert; elias; vberthoux,0.0000,0.0000,-1,79,skipPrefix,"static const unsigned char* skipPrefix (const unsigned char* name, int *scope)",addToScope,"static void addToScope (tokenInfo* const token, vString* const extra)"
822,Type2,Block,27,76,162,201,468,Still Active,Still Active,615,348,0,1,16,100,vim.c,sql.c,1,darren; dfishburn; elias; elliotth; jafl; perlguy0; dhiebert; vberthoux,dfishburn; elliotth; jafl; perlguy0; dhiebert; elias; vberthoux,0.0000,0.0000,-1,56,skipPrefix,"static const unsigned char* skipPrefix (const unsigned char* name, int *scope)",parsePackage,static void parsePackage (tokenInfo *const token)
823,Type2,Block,27,76,176,201,644,Still Active,Still Active,615,172,0,0,3,100,vim.c,jscript.c,1,darren; dfishburn; elias; elliotth; jafl; perlguy0; dhiebert; vberthoux,dfishburn; elias; elliotth; dhiebert; jafl; vberthoux; perlguy0,0.0000,0.0000,-1,19,skipPrefix,"static const unsigned char* skipPrefix (const unsigned char* name, int *scope)",skipArgumentList,static void skipArgumentList (tokenInfo *const token)
824,Type2,Block,27,76,177,201,644,Still Active,Still Active,615,172,0,0,1,100,vim.c,sql.c,1,darren; dfishburn; elias; elliotth; jafl; perlguy0; dhiebert; vberthoux,dfishburn; elias; elliotth; dhiebert; jafl; vberthoux; perlguy0,0.0000,0.0000,-1,172,skipPrefix,"static const unsigned char* skipPrefix (const unsigned char* name, int *scope)",skipToMatched,static void skipToMatched(tokenInfo *const token)
825,Type2,Block,27,76,178,201,644,Still Active,Still Active,615,172,0,0,4,100,vim.c,jscript.c,1,darren; dfishburn; elias; elliotth; jafl; perlguy0; dhiebert; vberthoux,dfishburn; elias; elliotth; dhiebert; jafl; vberthoux; perlguy0,0.0000,0.0000,-1,19,skipPrefix,"static const unsigned char* skipPrefix (const unsigned char* name, int *scope)",skipArrayList,static void skipArrayList (tokenInfo *const token)
826,Type2,Block,27,76,230,201,682,Still Active,755,615,73,0,0,0,100,vim.c,flex.c,1,darren; dfishburn; elias; elliotth; jafl; perlguy0; dhiebert; vberthoux,dfishburn; elliotth; elias; dhiebert; jafl,0.0000,0.0000,-1,276,skipPrefix,"static const unsigned char* skipPrefix (const unsigned char* name, int *scope)",readToken,static void readToken (tokenInfo *const token)
827,Type2,Block,27,76,231,201,682,Still Active,755,615,73,0,0,0,100,vim.c,flex.c,1,darren; dfishburn; elias; elliotth; jafl; perlguy0; dhiebert; vberthoux,dfishburn; elliotth; elias; dhiebert; jafl,0.0000,0.0000,-1,276,skipPrefix,"static const unsigned char* skipPrefix (const unsigned char* name, int *scope)",readToken,static void readToken (tokenInfo *const token)
828,Type2,Block,27,77,142,201,461,Still Active,Still Active,615,355,0,2,11,100,vim.c,jscript.c,1,darren; dfishburn; elias; elliotth; jafl; perlguy0; dhiebert; vberthoux,dfishburn; elliotth; jafl; perlguy0; dhiebert; elias; vberthoux,0.0000,0.0000,-1,16,skipPrefix,"static const unsigned char* skipPrefix (const unsigned char* name, int *scope)",addToScope,"static void addToScope (tokenInfo* const token, vString* const extra)"
829,Type2,Block,27,77,143,201,461,Still Active,Still Active,615,355,0,2,11,100,vim.c,sql.c,1,darren; dfishburn; elias; elliotth; jafl; perlguy0; dhiebert; vberthoux,dfishburn; elliotth; jafl; perlguy0; dhiebert; elias; vberthoux,0.0000,0.0000,-1,79,skipPrefix,"static const unsigned char* skipPrefix (const unsigned char* name, int *scope)",addToScope,"static void addToScope (tokenInfo* const token, vString* const extra)"
830,Type2,Block,27,77,162,201,468,Still Active,Still Active,615,348,0,2,16,100,vim.c,sql.c,1,darren; dfishburn; elias; elliotth; jafl; perlguy0; dhiebert; vberthoux,dfishburn; elliotth; jafl; perlguy0; dhiebert; elias; vberthoux,0.0000,0.0000,-1,56,skipPrefix,"static const unsigned char* skipPrefix (const unsigned char* name, int *scope)",parsePackage,static void parsePackage (tokenInfo *const token)
831,Type2,Block,27,77,176,201,644,Still Active,Still Active,615,172,0,0,3,100,vim.c,jscript.c,1,darren; dfishburn; elias; elliotth; jafl; perlguy0; dhiebert; vberthoux,dfishburn; elias; elliotth; dhiebert; jafl; vberthoux; perlguy0,0.0000,0.0000,-1,19,skipPrefix,"static const unsigned char* skipPrefix (const unsigned char* name, int *scope)",skipArgumentList,static void skipArgumentList (tokenInfo *const token)
832,Type2,Block,27,77,177,201,644,Still Active,Still Active,615,172,0,0,1,100,vim.c,sql.c,1,darren; dfishburn; elias; elliotth; jafl; perlguy0; dhiebert; vberthoux,dfishburn; elias; elliotth; dhiebert; jafl; vberthoux; perlguy0,0.0000,0.0000,-1,172,skipPrefix,"static const unsigned char* skipPrefix (const unsigned char* name, int *scope)",skipToMatched,static void skipToMatched(tokenInfo *const token)
833,Type2,Block,27,77,178,201,644,Still Active,Still Active,615,172,0,0,4,100,vim.c,jscript.c,1,darren; dfishburn; elias; elliotth; jafl; perlguy0; dhiebert; vberthoux,dfishburn; elias; elliotth; dhiebert; jafl; vberthoux; perlguy0,0.0000,0.0000,-1,19,skipPrefix,"static const unsigned char* skipPrefix (const unsigned char* name, int *scope)",skipArrayList,static void skipArrayList (tokenInfo *const token)
834,Type2,Block,27,77,230,201,682,Still Active,755,615,73,0,0,0,100,vim.c,flex.c,1,darren; dfishburn; elias; elliotth; jafl; perlguy0; dhiebert; vberthoux,dfishburn; elliotth; elias; dhiebert; jafl,0.0000,0.0000,-1,272,skipPrefix,"static const unsigned char* skipPrefix (const unsigned char* name, int *scope)",readToken,static void readToken (tokenInfo *const token)
835,Type2,Block,27,77,231,201,682,Still Active,755,615,73,0,0,0,100,vim.c,flex.c,1,darren; dfishburn; elias; elliotth; jafl; perlguy0; dhiebert; vberthoux,dfishburn; elliotth; elias; dhiebert; jafl,0.0000,0.0000,-1,272,skipPrefix,"static const unsigned char* skipPrefix (const unsigned char* name, int *scope)",readToken,static void readToken (tokenInfo *const token)
836,Type2,Block,27,142,143,461,461,Still Active,Still Active,355,355,4,7,7,100,jscript.c,sql.c,1,dfishburn; elliotth; jafl; perlguy0; dhiebert; elias; vberthoux,dfishburn; elliotth; jafl; perlguy0; dhiebert; elias; vberthoux,0.0074,0.0010,157,16,addToScope,"static void addToScope (tokenInfo* const token, vString* const extra)",addToScope,"static void addToScope (tokenInfo* const token, vString* const extra)"
837,Type2,Block,27,142,162,461,468,Still Active,Still Active,355,348,4,7,12,100,jscript.c,sql.c,1,dfishburn; elliotth; jafl; perlguy0; dhiebert; elias; vberthoux,dfishburn; elliotth; jafl; perlguy0; dhiebert; elias; vberthoux,0.0057,-0.0006,157,16,addToScope,"static void addToScope (tokenInfo* const token, vString* const extra)",parsePackage,static void parsePackage (tokenInfo *const token)
838,Type2,Block,27,142,176,461,644,Still Active,Still Active,355,172,2,5,1,100,jscript.c,jscript.c,0,dfishburn; elliotth; jafl; perlguy0; dhiebert; elias; vberthoux,dfishburn; elias; elliotth; dhiebert; jafl; vberthoux; perlguy0,0.2080,-0.1646,19,16,addToScope,"static void addToScope (tokenInfo* const token, vString* const extra)",skipArgumentList,static void skipArgumentList (tokenInfo *const token)
839,Type2,Block,27,142,177,461,644,Still Active,Still Active,355,172,0,7,1,100,jscript.c,sql.c,1,dfishburn; elliotth; jafl; perlguy0; dhiebert; elias; vberthoux,dfishburn; elias; elliotth; dhiebert; jafl; vberthoux; perlguy0,0.0000,0.0000,-1,16,addToScope,"static void addToScope (tokenInfo* const token, vString* const extra)",skipToMatched,static void skipToMatched(tokenInfo *const token)
840,Type2,Block,27,142,178,461,644,Still Active,Still Active,355,172,3,4,1,100,jscript.c,jscript.c,0,dfishburn; elliotth; jafl; perlguy0; dhiebert; elias; vberthoux,dfishburn; elias; elliotth; dhiebert; jafl; vberthoux; perlguy0,0.3786,0.0077,19,16,addToScope,"static void addToScope (tokenInfo* const token, vString* const extra)",skipArrayList,static void skipArrayList (tokenInfo *const token)
841,Type2,Block,27,142,230,461,682,Still Active,755,355,73,0,0,0,100,jscript.c,flex.c,1,dfishburn; elliotth; jafl; perlguy0; dhiebert; elias; vberthoux,dfishburn; elliotth; elias; dhiebert; jafl,0.0000,0.0000,-1,91,addToScope,"static void addToScope (tokenInfo* const token, vString* const extra)",readToken,static void readToken (tokenInfo *const token)
842,Type2,Block,27,142,231,461,682,Still Active,755,355,73,0,0,0,100,jscript.c,flex.c,1,dfishburn; elliotth; jafl; perlguy0; dhiebert; elias; vberthoux,dfishburn; elliotth; elias; dhiebert; jafl,0.0000,0.0000,-1,91,addToScope,"static void addToScope (tokenInfo* const token, vString* const extra)",readToken,static void readToken (tokenInfo *const token)
843,Type2,Block,27,143,162,461,468,Still Active,Still Active,355,348,10,0,6,100,sql.c,sql.c,0,dfishburn; elliotth; jafl; perlguy0; dhiebert; elias; vberthoux,dfishburn; elliotth; jafl; perlguy0; dhiebert; elias; vberthoux,0.1834,-0.8255,79,56,addToScope,"static void addToScope (tokenInfo* const token, vString* const extra)",parsePackage,static void parsePackage (tokenInfo *const token)
844,Type2,Block,27,143,176,461,644,Still Active,Still Active,355,172,0,5,3,100,sql.c,jscript.c,1,dfishburn; elliotth; jafl; perlguy0; dhiebert; elias; vberthoux,dfishburn; elias; elliotth; dhiebert; jafl; vberthoux; perlguy0,0.0000,0.0000,-1,19,addToScope,"static void addToScope (tokenInfo* const token, vString* const extra)",skipArgumentList,static void skipArgumentList (tokenInfo *const token)
845,Type2,Block,27,143,177,461,644,Still Active,Still Active,355,172,1,4,0,100,sql.c,sql.c,0,dfishburn; elliotth; jafl; perlguy0; dhiebert; elias; vberthoux,dfishburn; elias; elliotth; dhiebert; jafl; vberthoux; perlguy0,0.0391,-0.1076,172,79,addToScope,"static void addToScope (tokenInfo* const token, vString* const extra)",skipToMatched,static void skipToMatched(tokenInfo *const token)
846,Type2,Block,27,143,178,461,644,Still Active,Still Active,355,172,0,5,4,100,sql.c,jscript.c,1,dfishburn; elliotth; jafl; perlguy0; dhiebert; elias; vberthoux,dfishburn; elias; elliotth; dhiebert; jafl; vberthoux; perlguy0,0.0000,0.0000,-1,19,addToScope,"static void addToScope (tokenInfo* const token, vString* const extra)",skipArrayList,static void skipArrayList (tokenInfo *const token)
847,Type2,Block,27,143,230,461,682,Still Active,755,355,73,0,2,0,100,sql.c,flex.c,1,dfishburn; elliotth; jafl; perlguy0; dhiebert; elias; vberthoux,dfishburn; elliotth; elias; dhiebert; jafl,0.0000,0.0000,-1,18,addToScope,"static void addToScope (tokenInfo* const token, vString* const extra)",readToken,static void readToken (tokenInfo *const token)
848,Type2,Block,27,143,231,461,682,Still Active,755,355,73,0,2,0,100,sql.c,flex.c,1,dfishburn; elliotth; jafl; perlguy0; dhiebert; elias; vberthoux,dfishburn; elliotth; elias; dhiebert; jafl,0.0000,0.0000,-1,18,addToScope,"static void addToScope (tokenInfo* const token, vString* const extra)",readToken,static void readToken (tokenInfo *const token)
849,Type2,Block,27,162,176,468,644,Still Active,Still Active,348,172,0,11,3,100,sql.c,jscript.c,1,dfishburn; elliotth; jafl; perlguy0; dhiebert; elias; vberthoux,dfishburn; elias; elliotth; dhiebert; jafl; vberthoux; perlguy0,0.0000,0.0000,-1,19,parsePackage,static void parsePackage (tokenInfo *const token),skipArgumentList,static void skipArgumentList (tokenInfo *const token)
850,Type2,Block,27,162,177,468,644,Still Active,Still Active,348,172,1,10,0,100,sql.c,sql.c,0,dfishburn; elliotth; jafl; perlguy0; dhiebert; elias; vberthoux,dfishburn; elias; elliotth; dhiebert; jafl; vberthoux; perlguy0,0.0068,-0.0904,172,56,parsePackage,static void parsePackage (tokenInfo *const token),skipToMatched,static void skipToMatched(tokenInfo *const token)
851,Type2,Block,27,162,178,468,644,Still Active,Still Active,348,172,0,11,4,100,sql.c,jscript.c,1,dfishburn; elliotth; jafl; perlguy0; dhiebert; elias; vberthoux,dfishburn; elias; elliotth; dhiebert; jafl; vberthoux; perlguy0,0.0000,0.0000,-1,19,parsePackage,static void parsePackage (tokenInfo *const token),skipArrayList,static void skipArrayList (tokenInfo *const token)
852,Type2,Block,27,162,230,468,682,Still Active,755,348,73,0,5,0,100,sql.c,flex.c,1,dfishburn; elliotth; jafl; perlguy0; dhiebert; elias; vberthoux,dfishburn; elliotth; elias; dhiebert; jafl,0.0000,0.0000,-1,10,parsePackage,static void parsePackage (tokenInfo *const token),readToken,static void readToken (tokenInfo *const token)
853,Type2,Block,27,162,231,468,682,Still Active,755,348,73,0,5,0,100,sql.c,flex.c,1,dfishburn; elliotth; jafl; perlguy0; dhiebert; elias; vberthoux,dfishburn; elliotth; elias; dhiebert; jafl,0.0000,0.0000,-1,10,parsePackage,static void parsePackage (tokenInfo *const token),readToken,static void readToken (tokenInfo *const token)
854,Type2,Block,27,176,177,644,644,Still Active,Still Active,172,172,0,3,1,100,jscript.c,sql.c,1,dfishburn; elias; elliotth; dhiebert; jafl; vberthoux; perlguy0,dfishburn; elias; elliotth; dhiebert; jafl; vberthoux; perlguy0,0.0000,0.0000,-1,19,skipArgumentList,static void skipArgumentList (tokenInfo *const token),skipToMatched,static void skipToMatched(tokenInfo *const token)
855,Type2,Block,27,176,178,644,644,Still Active,Still Active,172,172,3,0,1,100,jscript.c,jscript.c,0,dfishburn; elias; elliotth; dhiebert; jafl; vberthoux; perlguy0,dfishburn; elias; elliotth; dhiebert; jafl; vberthoux; perlguy0,0.6952,-0.3068,19,25,skipArgumentList,static void skipArgumentList (tokenInfo *const token),skipArrayList,static void skipArrayList (tokenInfo *const token)
856,Type2,Block,27,176,230,644,682,Still Active,755,172,73,0,0,0,100,jscript.c,flex.c,1,dfishburn; elias; elliotth; dhiebert; jafl; vberthoux; perlguy0,dfishburn; elliotth; elias; dhiebert; jafl,0.0000,0.0000,-1,91,skipArgumentList,static void skipArgumentList (tokenInfo *const token),readToken,static void readToken (tokenInfo *const token)
857,Type2,Block,27,176,231,644,682,Still Active,755,172,73,0,0,0,100,jscript.c,flex.c,1,dfishburn; elias; elliotth; dhiebert; jafl; vberthoux; perlguy0,dfishburn; elliotth; elias; dhiebert; jafl,0.0000,0.0000,-1,91,skipArgumentList,static void skipArgumentList (tokenInfo *const token),readToken,static void readToken (tokenInfo *const token)
858,Type2,Block,27,177,178,644,644,Still Active,Still Active,172,172,0,1,4,100,sql.c,jscript.c,1,dfishburn; elias; elliotth; dhiebert; jafl; vberthoux; perlguy0,dfishburn; elias; elliotth; dhiebert; jafl; vberthoux; perlguy0,0.0000,0.0000,-1,19,skipToMatched,static void skipToMatched(tokenInfo *const token),skipArrayList,static void skipArrayList (tokenInfo *const token)
859,Type2,Block,27,177,230,644,682,Still Active,755,172,73,0,0,0,100,sql.c,flex.c,1,dfishburn; elias; elliotth; dhiebert; jafl; vberthoux; perlguy0,dfishburn; elliotth; elias; dhiebert; jafl,0.0000,0.0000,-1,111,skipToMatched,static void skipToMatched(tokenInfo *const token),readToken,static void readToken (tokenInfo *const token)
860,Type2,Block,27,177,231,644,682,Still Active,755,172,73,0,0,0,100,sql.c,flex.c,1,dfishburn; elias; elliotth; dhiebert; jafl; vberthoux; perlguy0,dfishburn; elliotth; elias; dhiebert; jafl,0.0000,0.0000,-1,111,skipToMatched,static void skipToMatched(tokenInfo *const token),readToken,static void readToken (tokenInfo *const token)
861,Type2,Block,27,178,230,644,682,Still Active,755,172,73,0,0,0,100,jscript.c,flex.c,1,dfishburn; elias; elliotth; dhiebert; jafl; vberthoux; perlguy0,dfishburn; elliotth; elias; dhiebert; jafl,0.0000,0.0000,-1,91,skipArrayList,static void skipArrayList (tokenInfo *const token),readToken,static void readToken (tokenInfo *const token)
862,Type2,Block,27,178,231,644,682,Still Active,755,172,73,0,0,0,100,jscript.c,flex.c,1,dfishburn; elias; elliotth; dhiebert; jafl; vberthoux; perlguy0,dfishburn; elliotth; elias; dhiebert; jafl,0.0000,0.0000,-1,91,skipArrayList,static void skipArrayList (tokenInfo *const token),readToken,static void readToken (tokenInfo *const token)
863,Type2,Block,27,230,231,682,682,755,755,73,73,0,0,0,100,flex.c,flex.c,0,dfishburn; elliotth; elias; dhiebert; jafl,dfishburn; elliotth; elias; dhiebert; jafl,0.0000,0.0000,-1,-1,readToken,static void readToken (tokenInfo *const token),readToken,static void readToken (tokenInfo *const token)
864,Type2,Block,28,85,86,215,215,470,461,255,246,2,3,0,100,sql.c,sql.c,0,darren; dfishburn; elias; elliotth,darren; elias; elliotth,0.3468,0.1278,18,0,skipArgumentList,static void skipArgumentList (tokenInfo *const token),parseTable,static void parseTable (tokenInfo *const token)
865,Type2,Block,28,85,144,215,461,470,468,255,7,0,2,0,100,sql.c,jscript.c,1,darren; dfishburn; elias; elliotth,dfishburn; elliotth,0.0000,0.0000,-1,0,skipArgumentList,static void skipArgumentList (tokenInfo *const token),findToken,"static void findToken (tokenInfo *const token, const tokenType type)"
866,Type2,Block,28,85,187,215,654,470,Still Active,255,162,0,0,0,100,sql.c,vhdl.c,1,darren; dfishburn; elias; elliotth,elliotth; dfishburn; elias; dhiebert; jafl; vberthoux; perlguy0,0.0000,0.0000,-1,2,skipArgumentList,static void skipArgumentList (tokenInfo *const token),skipToMatched,static void skipToMatched(tokenInfo *const token)
867,Type2,Block,28,85,232,215,682,470,Still Active,255,134,0,0,0,100,sql.c,flex.c,1,darren; dfishburn; elias; elliotth,dfishburn; elliotth; elias; dhiebert; jafl; vberthoux; perlguy0,0.0000,0.0000,-1,2,skipArgumentList,static void skipArgumentList (tokenInfo *const token),readToken,static void readToken (tokenInfo *const token)
868,Type2,Block,28,85,312,215,755,470,Still Active,255,61,0,0,0,100,sql.c,flex.c,1,darren; dfishburn; elias; elliotth,dfishburn; dhiebert; vberthoux; elias; perlguy0,0.0000,0.0000,-1,2,skipArgumentList,static void skipArgumentList (tokenInfo *const token),readToken,static void readToken (tokenInfo *const token)
869,Type2,Block,28,86,144,215,461,461,468,246,7,0,0,0,100,sql.c,jscript.c,1,darren; elias; elliotth,dfishburn; elliotth,0.0000,0.0000,-1,18,parseTable,static void parseTable (tokenInfo *const token),findToken,"static void findToken (tokenInfo *const token, const tokenType type)"
870,Type2,Block,28,86,187,215,654,461,Still Active,246,162,0,0,0,100,sql.c,vhdl.c,1,darren; elias; elliotth,elliotth; dfishburn; elias; dhiebert; jafl; vberthoux; perlguy0,0.0000,0.0000,-1,18,parseTable,static void parseTable (tokenInfo *const token),skipToMatched,static void skipToMatched(tokenInfo *const token)
871,Type2,Block,28,86,232,215,682,461,Still Active,246,134,0,0,0,100,sql.c,flex.c,1,darren; elias; elliotth,dfishburn; elliotth; elias; dhiebert; jafl; vberthoux; perlguy0,0.0000,0.0000,-1,18,parseTable,static void parseTable (tokenInfo *const token),readToken,static void readToken (tokenInfo *const token)
872,Type2,Block,28,86,312,215,755,461,Still Active,246,61,0,0,0,100,sql.c,flex.c,1,darren; elias; elliotth,dfishburn; dhiebert; vberthoux; elias; perlguy0,0.0000,0.0000,-1,18,parseTable,static void parseTable (tokenInfo *const token),readToken,static void readToken (tokenInfo *const token)
873,Type2,Block,28,144,187,461,654,468,Still Active,7,162,0,0,0,100,jscript.c,vhdl.c,1,dfishburn; elliotth,elliotth; dfishburn; elias; dhiebert; jafl; vberthoux; perlguy0,0.0000,0.0000,-1,-1,findToken,"static void findToken (tokenInfo *const token, const tokenType type)",skipToMatched,static void skipToMatched(tokenInfo *const token)
874,Type2,Block,28,144,232,461,682,468,Still Active,7,134,0,0,0,100,jscript.c,flex.c,1,dfishburn; elliotth,dfishburn; elliotth; elias; dhiebert; jafl; vberthoux; perlguy0,0.0000,0.0000,-1,-1,findToken,"static void findToken (tokenInfo *const token, const tokenType type)",readToken,static void readToken (tokenInfo *const token)
875,Type2,Block,28,144,312,461,755,468,Still Active,7,61,0,0,0,100,jscript.c,flex.c,1,dfishburn; elliotth,dfishburn; dhiebert; vberthoux; elias; perlguy0,0.0000,0.0000,-1,-1,findToken,"static void findToken (tokenInfo *const token, const tokenType type)",readToken,static void readToken (tokenInfo *const token)
876,Type2,Block,28,187,232,654,682,Still Active,Still Active,162,134,0,0,1,100,vhdl.c,flex.c,1,elliotth; dfishburn; elias; dhiebert; jafl; vberthoux; perlguy0,dfishburn; elliotth; elias; dhiebert; jafl; vberthoux; perlguy0,0.0000,0.0000,-1,61,skipToMatched,static void skipToMatched(tokenInfo *const token),readToken,static void readToken (tokenInfo *const token)
877,Type2,Block,28,187,312,654,755,Still Active,Still Active,162,61,0,0,1,100,vhdl.c,flex.c,1,elliotth; dfishburn; elias; dhiebert; jafl; vberthoux; perlguy0,dfishburn; dhiebert; vberthoux; elias; perlguy0,0.0000,0.0000,-1,61,skipToMatched,static void skipToMatched(tokenInfo *const token),readToken,static void readToken (tokenInfo *const token)
878,Type2,Block,28,232,312,682,755,Still Active,Still Active,134,61,1,0,0,100,flex.c,flex.c,0,dfishburn; elliotth; elias; dhiebert; jafl; vberthoux; perlguy0,dfishburn; dhiebert; vberthoux; elias; perlguy0,1.0000,-1.0000,61,-1,readToken,static void readToken (tokenInfo *const token),readToken,static void readToken (tokenInfo *const token)
879,Type2,Block,29,145,146,461,461,468,462,7,1,0,0,0,100,jscript.c,jscript.c,0,dfishburn; elliotth,dfishburn,0.0000,0.0000,-1,-1,parseLoop,static void parseLoop (tokenInfo *const token),parseIf,static void parseIf (tokenInfo *const token)
880,Type2,Block,29,145,158,461,462,468,468,7,6,0,0,0,100,jscript.c,jscript.c,0,dfishburn; elliotth,dfishburn; elliotth,0.0000,0.0000,-1,-1,parseLoop,static void parseLoop (tokenInfo *const token),parseIf,static void parseIf (tokenInfo *const token)
881,Type2,Block,29,145,233,461,682,468,Still Active,7,134,0,0,0,100,jscript.c,flex.c,1,dfishburn; elliotth,dfishburn; elliotth; elias; dhiebert; jafl; vberthoux; perlguy0,0.0000,0.0000,-1,-1,parseLoop,static void parseLoop (tokenInfo *const token),skipArgumentList,static void skipArgumentList (tokenInfo *const token)
882,Type2,Block,29,145,234,461,682,468,Still Active,7,134,0,0,0,100,jscript.c,flex.c,1,dfishburn; elliotth,dfishburn; elliotth; elias; dhiebert; jafl; vberthoux; perlguy0,0.0000,0.0000,-1,-1,parseLoop,static void parseLoop (tokenInfo *const token),skipArrayList,static void skipArrayList (tokenInfo *const token)
883,Type2,Block,29,145,313,461,755,468,Still Active,7,61,0,0,0,100,jscript.c,flex.c,1,dfishburn; elliotth,dfishburn; dhiebert; vberthoux; elias; perlguy0,0.0000,0.0000,-1,-1,parseLoop,static void parseLoop (tokenInfo *const token),readToken,static void readToken (tokenInfo *const token)
884,Type2,Block,29,145,314,461,755,468,Still Active,7,61,0,0,0,100,jscript.c,flex.c,1,dfishburn; elliotth,dfishburn; dhiebert; vberthoux; elias; perlguy0,0.0000,0.0000,-1,-1,parseLoop,static void parseLoop (tokenInfo *const token),readToken,static void readToken (tokenInfo *const token)
885,Type2,Block,29,146,158,461,462,462,468,1,6,0,0,0,100,jscript.c,jscript.c,0,dfishburn,dfishburn; elliotth,0.0000,0.0000,-1,-1,parseIf,static void parseIf (tokenInfo *const token),parseIf,static void parseIf (tokenInfo *const token)
886,Type2,Block,29,146,233,461,682,462,Still Active,1,134,0,0,0,100,jscript.c,flex.c,1,dfishburn,dfishburn; elliotth; elias; dhiebert; jafl; vberthoux; perlguy0,0.0000,0.0000,-1,-1,parseIf,static void parseIf (tokenInfo *const token),skipArgumentList,static void skipArgumentList (tokenInfo *const token)
887,Type2,Block,29,146,234,461,682,462,Still Active,1,134,0,0,0,100,jscript.c,flex.c,1,dfishburn,dfishburn; elliotth; elias; dhiebert; jafl; vberthoux; perlguy0,0.0000,0.0000,-1,-1,parseIf,static void parseIf (tokenInfo *const token),skipArrayList,static void skipArrayList (tokenInfo *const token)
888,Type2,Block,29,146,313,461,755,462,Still Active,1,61,0,0,0,100,jscript.c,flex.c,1,dfishburn,dfishburn; dhiebert; vberthoux; elias; perlguy0,0.0000,0.0000,-1,-1,parseIf,static void parseIf (tokenInfo *const token),readToken,static void readToken (tokenInfo *const token)
889,Type2,Block,29,146,314,461,755,462,Still Active,1,61,0,0,0,100,jscript.c,flex.c,1,dfishburn,dfishburn; dhiebert; vberthoux; elias; perlguy0,0.0000,0.0000,-1,-1,parseIf,static void parseIf (tokenInfo *const token),readToken,static void readToken (tokenInfo *const token)
890,Type2,Block,29,158,233,462,682,468,Still Active,6,134,0,0,0,100,jscript.c,flex.c,1,dfishburn; elliotth,dfishburn; elliotth; elias; dhiebert; jafl; vberthoux; perlguy0,0.0000,0.0000,-1,-1,parseIf,static void parseIf (tokenInfo *const token),skipArgumentList,static void skipArgumentList (tokenInfo *const token)
891,Type2,Block,29,158,234,462,682,468,Still Active,6,134,0,0,0,100,jscript.c,flex.c,1,dfishburn; elliotth,dfishburn; elliotth; elias; dhiebert; jafl; vberthoux; perlguy0,0.0000,0.0000,-1,-1,parseIf,static void parseIf (tokenInfo *const token),skipArrayList,static void skipArrayList (tokenInfo *const token)
892,Type2,Block,29,158,313,462,755,468,Still Active,6,61,0,0,0,100,jscript.c,flex.c,1,dfishburn; elliotth,dfishburn; dhiebert; vberthoux; elias; perlguy0,0.0000,0.0000,-1,-1,parseIf,static void parseIf (tokenInfo *const token),readToken,static void readToken (tokenInfo *const token)
893,Type2,Block,29,158,314,462,755,468,Still Active,6,61,0,0,0,100,jscript.c,flex.c,1,dfishburn; elliotth,dfishburn; dhiebert; vberthoux; elias; perlguy0,0.0000,0.0000,-1,-1,parseIf,static void parseIf (tokenInfo *const token),readToken,static void readToken (tokenInfo *const token)
894,Type2,Block,29,233,234,682,682,Still Active,Still Active,134,134,1,0,0,100,flex.c,flex.c,0,dfishburn; elliotth; elias; dhiebert; jafl; vberthoux; perlguy0,dfishburn; elliotth; elias; dhiebert; jafl; vberthoux; perlguy0,1.0000,1.0000,61,-1,skipArgumentList,static void skipArgumentList (tokenInfo *const token),skipArrayList,static void skipArrayList (tokenInfo *const token)
895,Type2,Block,29,233,313,682,755,Still Active,Still Active,134,61,1,0,0,100,flex.c,flex.c,0,dfishburn; elliotth; elias; dhiebert; jafl; vberthoux; perlguy0,dfishburn; dhiebert; vberthoux; elias; perlguy0,1.0000,-1.0000,61,-1,skipArgumentList,static void skipArgumentList (tokenInfo *const token),readToken,static void readToken (tokenInfo *const token)
896,Type2,Block,29,233,314,682,755,Still Active,Still Active,134,61,1,0,0,100,flex.c,flex.c,0,dfishburn; elliotth; elias; dhiebert; jafl; vberthoux; perlguy0,dfishburn; dhiebert; vberthoux; elias; perlguy0,1.0000,-1.0000,61,-1,skipArgumentList,static void skipArgumentList (tokenInfo *const token),readToken,static void readToken (tokenInfo *const token)
897,Type2,Block,29,234,313,682,755,Still Active,Still Active,134,61,1,0,0,100,flex.c,flex.c,0,dfishburn; elliotth; elias; dhiebert; jafl; vberthoux; perlguy0,dfishburn; dhiebert; vberthoux; elias; perlguy0,1.0000,-1.0000,61,-1,skipArrayList,static void skipArrayList (tokenInfo *const token),readToken,static void readToken (tokenInfo *const token)
898,Type2,Block,29,234,314,682,755,Still Active,Still Active,134,61,1,0,0,100,flex.c,flex.c,0,dfishburn; elliotth; elias; dhiebert; jafl; vberthoux; perlguy0,dfishburn; dhiebert; vberthoux; elias; perlguy0,1.0000,-1.0000,61,-1,skipArrayList,static void skipArrayList (tokenInfo *const token),readToken,static void readToken (tokenInfo *const token)
899,Type2,Block,29,313,314,755,755,Still Active,Still Active,61,61,1,0,0,100,flex.c,flex.c,0,dfishburn; dhiebert; vberthoux; elias; perlguy0,dfishburn; dhiebert; vberthoux; elias; perlguy0,1.0000,-1.0000,61,-1,readToken,static void readToken (tokenInfo *const token),readToken,static void readToken (tokenInfo *const token)
900,Type2,Block,30,147,148,461,461,Still Active,Still Active,355,355,3,8,3,100,jscript.c,sql.c,1,dfishburn; elliotth; jafl; perlguy0; dhiebert; elias; vberthoux,dfishburn; elliotth; jafl; perlguy0; dhiebert; elias; vberthoux,0.0000,-0.0907,339,7,parseLoop,static void parseLoop (tokenInfo *const token),parseRecord,static void parseRecord (tokenInfo *const token)
901,Type2,Block,30,147,149,461,461,Still Active,468,355,7,0,1,0,100,jscript.c,sql.c,1,dfishburn; elliotth; jafl; perlguy0; dhiebert; elias; vberthoux,dfishburn; elliotth,0.0000,0.0000,-1,0,parseLoop,static void parseLoop (tokenInfo *const token),parsePackage,static void parsePackage (tokenInfo *const token)
902,Type2,Block,30,147,235,461,682,Still Active,Still Active,355,134,0,5,1,100,jscript.c,flex.c,1,dfishburn; elliotth; jafl; perlguy0; dhiebert; elias; vberthoux,dfishburn; elliotth; elias; dhiebert; jafl; vberthoux; perlguy0,0.0000,0.0000,-1,7,parseLoop,static void parseLoop (tokenInfo *const token),skipArgumentList,static void skipArgumentList (tokenInfo *const token)
903,Type2,Block,30,147,236,461,682,Still Active,Still Active,355,134,0,5,1,100,jscript.c,flex.c,1,dfishburn; elliotth; jafl; perlguy0; dhiebert; elias; vberthoux,dfishburn; elliotth; elias; dhiebert; jafl; vberthoux; perlguy0,0.0000,0.0000,-1,7,parseLoop,static void parseLoop (tokenInfo *const token),skipArrayList,static void skipArrayList (tokenInfo *const token)
904,Type2,Block,30,147,315,461,755,Still Active,Still Active,355,61,0,5,1,100,jscript.c,flex.c,1,dfishburn; elliotth; jafl; perlguy0; dhiebert; elias; vberthoux,dfishburn; dhiebert; vberthoux; elias; perlguy0,0.0000,0.0000,-1,7,parseLoop,static void parseLoop (tokenInfo *const token),readToken,static void readToken (tokenInfo *const token)
905,Type2,Block,30,148,149,461,461,Still Active,468,355,7,0,1,0,100,sql.c,sql.c,0,dfishburn; elliotth; jafl; perlguy0; dhiebert; elias; vberthoux,dfishburn; elliotth,0.0000,0.0000,-1,0,parseRecord,static void parseRecord (tokenInfo *const token),parsePackage,static void parsePackage (tokenInfo *const token)
906,Type2,Block,30,148,235,461,682,Still Active,Still Active,355,134,0,2,1,100,sql.c,flex.c,1,dfishburn; elliotth; jafl; perlguy0; dhiebert; elias; vberthoux,dfishburn; elliotth; elias; dhiebert; jafl; vberthoux; perlguy0,0.0000,0.0000,-1,60,parseRecord,static void parseRecord (tokenInfo *const token),skipArgumentList,static void skipArgumentList (tokenInfo *const token)
907,Type2,Block,30,148,236,461,682,Still Active,Still Active,355,134,0,2,1,100,sql.c,flex.c,1,dfishburn; elliotth; jafl; perlguy0; dhiebert; elias; vberthoux,dfishburn; elliotth; elias; dhiebert; jafl; vberthoux; perlguy0,0.0000,0.0000,-1,60,parseRecord,static void parseRecord (tokenInfo *const token),skipArrayList,static void skipArrayList (tokenInfo *const token)
908,Type2,Block,30,148,315,461,755,Still Active,Still Active,355,61,0,1,1,100,sql.c,flex.c,1,dfishburn; elliotth; jafl; perlguy0; dhiebert; elias; vberthoux,dfishburn; dhiebert; vberthoux; elias; perlguy0,0.0000,0.0000,-1,60,parseRecord,static void parseRecord (tokenInfo *const token),readToken,static void readToken (tokenInfo *const token)
909,Type2,Block,30,149,235,461,682,468,Still Active,7,134,0,0,0,100,sql.c,flex.c,1,dfishburn; elliotth,dfishburn; elliotth; elias; dhiebert; jafl; vberthoux; perlguy0,0.0000,0.0000,-1,-1,parsePackage,static void parsePackage (tokenInfo *const token),skipArgumentList,static void skipArgumentList (tokenInfo *const token)
910,Type2,Block,30,149,236,461,682,468,Still Active,7,134,0,0,0,100,sql.c,flex.c,1,dfishburn; elliotth,dfishburn; elliotth; elias; dhiebert; jafl; vberthoux; perlguy0,0.0000,0.0000,-1,-1,parsePackage,static void parsePackage (tokenInfo *const token),skipArrayList,static void skipArrayList (tokenInfo *const token)
911,Type2,Block,30,149,315,461,755,468,Still Active,7,61,0,0,0,100,sql.c,flex.c,1,dfishburn; elliotth,dfishburn; dhiebert; vberthoux; elias; perlguy0,0.0000,0.0000,-1,-1,parsePackage,static void parsePackage (tokenInfo *const token),readToken,static void readToken (tokenInfo *const token)
912,Type2,Block,30,235,236,682,682,Still Active,Still Active,134,134,1,0,0,100,flex.c,flex.c,0,dfishburn; elliotth; elias; dhiebert; jafl; vberthoux; perlguy0,dfishburn; elliotth; elias; dhiebert; jafl; vberthoux; perlguy0,1.0000,1.0000,61,-1,skipArgumentList,static void skipArgumentList (tokenInfo *const token),skipArrayList,static void skipArrayList (tokenInfo *const token)
913,Type2,Block,30,235,315,682,755,Still Active,Still Active,134,61,1,0,0,100,flex.c,flex.c,0,dfishburn; elliotth; elias; dhiebert; jafl; vberthoux; perlguy0,dfishburn; dhiebert; vberthoux; elias; perlguy0,1.0000,-1.0000,61,-1,skipArgumentList,static void skipArgumentList (tokenInfo *const token),readToken,static void readToken (tokenInfo *const token)
914,Type2,Block,30,236,315,682,755,Still Active,Still Active,134,61,1,0,0,100,flex.c,flex.c,0,dfishburn; elliotth; elias; dhiebert; jafl; vberthoux; perlguy0,dfishburn; dhiebert; vberthoux; elias; perlguy0,1.0000,-1.0000,61,-1,skipArrayList,static void skipArrayList (tokenInfo *const token),readToken,static void readToken (tokenInfo *const token)
915,Type2,Block,31,150,151,461,461,470,470,9,9,1,0,0,100,jscript.c,jscript.c,0,dfishburn; elliotth,dfishburn; elliotth,1.0000,1.0000,2,-1,parseFunction,static void parseFunction (tokenInfo *const token),parseStatement,"static void parseStatement (tokenInfo *const token, boolean is_inside_class)"
916,Type2,Block,31,150,237,461,682,470,Still Active,9,134,0,0,0,100,jscript.c,flex.c,1,dfishburn; elliotth,dfishburn; elliotth; elias; dhiebert; jafl; vberthoux; perlguy0,0.0000,0.0000,-1,2,parseFunction,static void parseFunction (tokenInfo *const token),addContext,"static void addContext (tokenInfo* const parent, const tokenInfo* const child)"
917,Type2,Block,31,150,277,461,693,470,Still Active,9,123,0,0,0,100,jscript.c,tex.c,1,dfishburn; elliotth,dfishburn; elias; dhiebert; jafl; elliotth; vberthoux; perlguy0,0.0000,0.0000,-1,2,parseFunction,static void parseFunction (tokenInfo *const token),readToken,static void readToken (tokenInfo *const token)
918,Type2,Block,31,151,237,461,682,470,Still Active,9,134,0,0,0,100,jscript.c,flex.c,1,dfishburn; elliotth,dfishburn; elliotth; elias; dhiebert; jafl; vberthoux; perlguy0,0.0000,0.0000,-1,2,parseStatement,"static void parseStatement (tokenInfo *const token, boolean is_inside_class)",addContext,"static void addContext (tokenInfo* const parent, const tokenInfo* const child)"
919,Type2,Block,31,151,277,461,693,470,Still Active,9,123,0,0,0,100,jscript.c,tex.c,1,dfishburn; elliotth,dfishburn; elias; dhiebert; jafl; elliotth; vberthoux; perlguy0,0.0000,0.0000,-1,2,parseStatement,"static void parseStatement (tokenInfo *const token, boolean is_inside_class)",readToken,static void readToken (tokenInfo *const token)
920,Type2,Block,31,237,277,682,693,Still Active,Still Active,134,123,0,1,2,100,flex.c,tex.c,1,dfishburn; elliotth; elias; dhiebert; jafl; vberthoux; perlguy0,dfishburn; elias; dhiebert; jafl; elliotth; vberthoux; perlguy0,0.0000,0.0000,-1,31,addContext,"static void addContext (tokenInfo* const parent, const tokenInfo* const child)",readToken,static void readToken (tokenInfo *const token)
921,Type2,Block,32,109,110,331,331,461,467,130,136,3,0,1,100,sql.c,sql.c,0,darren; elias; elliotth,darren; dfishburn; elias; elliotth,0.4086,-0.6318,18,0,parseSubProgram,static void parseSubProgram (tokenInfo *const token),parsePackage,static void parsePackage (tokenInfo *const token)
922,Type2,Block,32,109,152,331,461,461,Still Active,130,355,0,0,0,100,sql.c,jscript.c,1,darren; elias; elliotth,dfishburn; elliotth; jafl; perlguy0; dhiebert; elias; vberthoux,0.0000,0.0000,-1,18,parseSubProgram,static void parseSubProgram (tokenInfo *const token),parseStatement,"static void parseStatement (tokenInfo *const token, boolean is_inside_class)"
923,Type2,Block,32,109,153,331,461,461,Still Active,130,355,0,0,0,100,sql.c,sql.c,0,darren; elias; elliotth,dfishburn; elliotth; jafl; perlguy0; dhiebert; elias; vberthoux,0.0000,0.0000,-1,18,parseSubProgram,static void parseSubProgram (tokenInfo *const token),parseEvent,static void parseEvent (tokenInfo *const token)
924,Type2,Block,32,109,238,331,682,461,Still Active,130,134,0,0,0,100,sql.c,flex.c,1,darren; elias; elliotth,dfishburn; elliotth; elias; dhiebert; jafl; vberthoux; perlguy0,0.0000,0.0000,-1,18,parseSubProgram,static void parseSubProgram (tokenInfo *const token),addToScope,"static void addToScope (tokenInfo* const token, vString* const extra)"
925,Type2,Block,32,109,278,331,693,461,694,130,1,0,0,0,100,sql.c,flex.c,1,darren; elias; elliotth,dfishburn,0.0000,0.0000,-1,18,parseSubProgram,static void parseSubProgram (tokenInfo *const token),copyToken,"static void copyToken (tokenInfo *const dest, tokenInfo *const src)"
926,Type2,Block,32,109,279,331,693,461,694,130,1,0,0,0,100,sql.c,tex.c,1,darren; elias; elliotth,dfishburn,0.0000,0.0000,-1,18,parseSubProgram,static void parseSubProgram (tokenInfo *const token),copyToken,"static void copyToken (tokenInfo *const dest, tokenInfo *const src)"
927,Type2,Block,32,110,152,331,461,467,Still Active,136,355,0,1,0,100,sql.c,jscript.c,1,darren; dfishburn; elias; elliotth,dfishburn; elliotth; jafl; perlguy0; dhiebert; elias; vberthoux,0.0000,0.0000,-1,6,parsePackage,static void parsePackage (tokenInfo *const token),parseStatement,"static void parseStatement (tokenInfo *const token, boolean is_inside_class)"
928,Type2,Block,32,110,153,331,461,467,Still Active,136,355,0,1,0,100,sql.c,sql.c,0,darren; dfishburn; elias; elliotth,dfishburn; elliotth; jafl; perlguy0; dhiebert; elias; vberthoux,0.0000,0.0000,-1,6,parsePackage,static void parsePackage (tokenInfo *const token),parseEvent,static void parseEvent (tokenInfo *const token)
929,Type2,Block,32,110,238,331,682,467,Still Active,136,134,0,0,0,100,sql.c,flex.c,1,darren; dfishburn; elias; elliotth,dfishburn; elliotth; elias; dhiebert; jafl; vberthoux; perlguy0,0.0000,0.0000,-1,6,parsePackage,static void parsePackage (tokenInfo *const token),addToScope,"static void addToScope (tokenInfo* const token, vString* const extra)"
930,Type2,Block,32,110,278,331,693,467,694,136,1,0,0,0,100,sql.c,flex.c,1,darren; dfishburn; elias; elliotth,dfishburn,0.0000,0.0000,-1,6,parsePackage,static void parsePackage (tokenInfo *const token),copyToken,"static void copyToken (tokenInfo *const dest, tokenInfo *const src)"
931,Type2,Block,32,110,279,331,693,467,694,136,1,0,0,0,100,sql.c,tex.c,1,darren; dfishburn; elias; elliotth,dfishburn,0.0000,0.0000,-1,6,parsePackage,static void parsePackage (tokenInfo *const token),copyToken,"static void copyToken (tokenInfo *const dest, tokenInfo *const src)"
932,Type2,Block,32,152,153,461,461,Still Active,Still Active,355,355,2,17,10,100,jscript.c,sql.c,1,dfishburn; elliotth; jafl; perlguy0; dhiebert; elias; vberthoux,dfishburn; elliotth; jafl; perlguy0; dhiebert; elias; vberthoux,0.0000,-0.0034,341,7,parseStatement,"static void parseStatement (tokenInfo *const token, boolean is_inside_class)",parseEvent,static void parseEvent (tokenInfo *const token)
933,Type2,Block,32,152,238,461,682,Still Active,Still Active,355,134,0,7,1,100,jscript.c,flex.c,1,dfishburn; elliotth; jafl; perlguy0; dhiebert; elias; vberthoux,dfishburn; elliotth; elias; dhiebert; jafl; vberthoux; perlguy0,0.0000,0.0000,-1,7,parseStatement,"static void parseStatement (tokenInfo *const token, boolean is_inside_class)",addToScope,"static void addToScope (tokenInfo* const token, vString* const extra)"
934,Type2,Block,32,152,278,461,693,Still Active,694,355,1,0,0,0,100,jscript.c,flex.c,1,dfishburn; elliotth; jafl; perlguy0; dhiebert; elias; vberthoux,dfishburn,0.0000,0.0000,-1,28,parseStatement,"static void parseStatement (tokenInfo *const token, boolean is_inside_class)",copyToken,"static void copyToken (tokenInfo *const dest, tokenInfo *const src)"
935,Type2,Block,32,152,279,461,693,Still Active,694,355,1,0,0,0,100,jscript.c,tex.c,1,dfishburn; elliotth; jafl; perlguy0; dhiebert; elias; vberthoux,dfishburn,0.0000,0.0000,-1,28,parseStatement,"static void parseStatement (tokenInfo *const token, boolean is_inside_class)",copyToken,"static void copyToken (tokenInfo *const dest, tokenInfo *const src)"
936,Type2,Block,32,153,238,461,682,Still Active,Still Active,355,134,0,5,1,100,sql.c,flex.c,1,dfishburn; elliotth; jafl; perlguy0; dhiebert; elias; vberthoux,dfishburn; elliotth; elias; dhiebert; jafl; vberthoux; perlguy0,0.0000,0.0000,-1,56,parseEvent,static void parseEvent (tokenInfo *const token),addToScope,"static void addToScope (tokenInfo* const token, vString* const extra)"
937,Type2,Block,32,153,278,461,693,Still Active,694,355,1,0,0,0,100,sql.c,flex.c,1,dfishburn; elliotth; jafl; perlguy0; dhiebert; elias; vberthoux,dfishburn,0.0000,0.0000,-1,31,parseEvent,static void parseEvent (tokenInfo *const token),copyToken,"static void copyToken (tokenInfo *const dest, tokenInfo *const src)"
938,Type2,Block,32,153,279,461,693,Still Active,694,355,1,0,0,0,100,sql.c,tex.c,1,dfishburn; elliotth; jafl; perlguy0; dhiebert; elias; vberthoux,dfishburn,0.0000,0.0000,-1,31,parseEvent,static void parseEvent (tokenInfo *const token),copyToken,"static void copyToken (tokenInfo *const dest, tokenInfo *const src)"
939,Type2,Block,32,238,278,682,693,Still Active,694,134,1,0,0,0,100,flex.c,flex.c,0,dfishburn; elliotth; elias; dhiebert; jafl; vberthoux; perlguy0,dfishburn,0.0000,0.0000,-1,-1,addToScope,"static void addToScope (tokenInfo* const token, vString* const extra)",copyToken,"static void copyToken (tokenInfo *const dest, tokenInfo *const src)"
940,Type2,Block,32,238,279,682,693,Still Active,694,134,1,0,0,0,100,flex.c,tex.c,1,dfishburn; elliotth; elias; dhiebert; jafl; vberthoux; perlguy0,dfishburn,0.0000,0.0000,-1,-1,addToScope,"static void addToScope (tokenInfo* const token, vString* const extra)",copyToken,"static void copyToken (tokenInfo *const dest, tokenInfo *const src)"
941,Type2,Block,32,278,279,693,693,694,694,1,1,0,0,0,100,flex.c,tex.c,1,dfishburn,dfishburn,0.0000,0.0000,-1,-1,copyToken,"static void copyToken (tokenInfo *const dest, tokenInfo *const src)",copyToken,"static void copyToken (tokenInfo *const dest, tokenInfo *const src)"
942,Type2,Block,33,93,111,258,341,474,Still Active,216,475,1,0,1,100,vim.c,sql.c,1,darren; elias; elliotth; dfishburn,darren; dfishburn; elliotth; elias; jafl; perlguy0; dhiebert; vberthoux,0.3208,0.3208,31,6,findVimTags,static void findVimTags (void),SqlParser,extern parserDefinition* SqlParser (void)
943,Type2,Block,33,93,112,258,341,474,Still Active,216,475,1,0,0,100,vim.c,verilog.c,1,darren; elias; elliotth; dfishburn,darren; elliotth; elias; dfishburn; jafl; perlguy0; dhiebert; vberthoux,1.0000,1.0000,31,-1,findVimTags,static void findVimTags (void),VerilogParser,extern parserDefinition* VerilogParser (void)
944,Type2,Block,33,93,154,258,461,474,Still Active,216,355,0,0,3,100,vim.c,jscript.c,1,darren; elias; elliotth; dfishburn,dfishburn; elliotth; jafl; perlguy0; dhiebert; elias; vberthoux,0.0000,0.0000,-1,6,findVimTags,static void findVimTags (void),initialize,static void initialize (const langType language)
945,Type2,Block,33,93,155,258,461,474,Still Active,216,355,0,0,1,100,vim.c,sql.c,1,darren; elias; elliotth; dfishburn,dfishburn; elliotth; jafl; perlguy0; dhiebert; elias; vberthoux,0.0000,0.0000,-1,6,findVimTags,static void findVimTags (void),initialize,static void initialize (const langType language)
946,Type2,Block,33,93,239,258,682,474,797,216,115,0,0,0,100,vim.c,flex.c,1,darren; elias; elliotth; dfishburn,dfishburn; elliotth; elias; dhiebert; jafl; vberthoux,0.0000,0.0000,-1,31,findVimTags,static void findVimTags (void),findCmdTerm,static void findCmdTerm (tokenInfo *const token)
947,Type2,Block,33,93,240,258,682,474,797,216,115,0,0,0,100,vim.c,jscript.c,1,darren; elias; elliotth; dfishburn,dfishburn; elliotth; elias; dhiebert; jafl; vberthoux,0.0000,0.0000,-1,31,findVimTags,static void findVimTags (void),findCmdTerm,static void findCmdTerm (tokenInfo *const token)
948,Type2,Block,33,93,280,258,693,474,694,216,1,0,0,0,100,vim.c,tex.c,1,darren; elias; elliotth; dfishburn,dfishburn,0.0000,0.0000,-1,31,findVimTags,static void findVimTags (void),skipArgumentList,static void skipArgumentList (tokenInfo *const token)
949,Type2,Block,33,93,281,258,693,474,694,216,1,0,0,0,100,vim.c,tex.c,1,darren; elias; elliotth; dfishburn,dfishburn,0.0000,0.0000,-1,31,findVimTags,static void findVimTags (void),skipArrayList,static void skipArrayList (tokenInfo *const token)
950,Type2,Block,33,93,353,258,809,474,Still Active,216,7,0,0,0,100,vim.c,jscript.c,1,darren; elias; elliotth; dfishburn,dfishburn; perlguy0,0.0000,0.0000,-1,31,findVimTags,static void findVimTags (void),findMatchingToken,"static void findMatchingToken (tokenInfo *const token, tokenType begin_token, tokenType end_token)"
951,Type2,Block,33,111,112,341,341,Still Active,Still Active,475,475,1,5,1,100,sql.c,verilog.c,1,darren; dfishburn; elliotth; elias; jafl; perlguy0; dhiebert; vberthoux,darren; elliotth; elias; dfishburn; jafl; perlguy0; dhiebert; vberthoux,0.0005,-0.0207,373,153,SqlParser,extern parserDefinition* SqlParser (void),VerilogParser,extern parserDefinition* VerilogParser (void)
952,Type2,Block,33,111,154,341,461,Still Active,Still Active,475,355,4,1,8,100,sql.c,jscript.c,1,darren; dfishburn; elliotth; elias; jafl; perlguy0; dhiebert; vberthoux,dfishburn; elliotth; jafl; perlguy0; dhiebert; elias; vberthoux,0.0070,-0.0076,157,7,SqlParser,extern parserDefinition* SqlParser (void),initialize,static void initialize (const langType language)
953,Type2,Block,33,111,155,341,461,Still Active,Still Active,475,355,5,0,4,100,sql.c,sql.c,0,darren; dfishburn; elliotth; elias; jafl; perlguy0; dhiebert; vberthoux,dfishburn; elliotth; jafl; perlguy0; dhiebert; elias; vberthoux,0.0637,-0.0214,153,56,SqlParser,extern parserDefinition* SqlParser (void),initialize,static void initialize (const langType language)
954,Type2,Block,33,111,239,341,682,Still Active,797,475,115,0,0,1,100,sql.c,flex.c,1,darren; dfishburn; elliotth; elias; jafl; perlguy0; dhiebert; vberthoux,dfishburn; elliotth; elias; dhiebert; jafl; vberthoux,0.0000,0.0000,-1,42,SqlParser,extern parserDefinition* SqlParser (void),findCmdTerm,static void findCmdTerm (tokenInfo *const token)
955,Type2,Block,33,111,240,341,682,Still Active,797,475,115,0,0,2,100,sql.c,jscript.c,1,darren; dfishburn; elliotth; elias; jafl; perlguy0; dhiebert; vberthoux,dfishburn; elliotth; elias; dhiebert; jafl; vberthoux,0.0000,0.0000,-1,4,SqlParser,extern parserDefinition* SqlParser (void),findCmdTerm,static void findCmdTerm (tokenInfo *const token)
956,Type2,Block,33,111,280,341,693,Still Active,694,475,1,0,0,0,100,sql.c,tex.c,1,darren; dfishburn; elliotth; elias; jafl; perlguy0; dhiebert; vberthoux,dfishburn,0.0000,0.0000,-1,31,SqlParser,extern parserDefinition* SqlParser (void),skipArgumentList,static void skipArgumentList (tokenInfo *const token)
957,Type2,Block,33,111,281,341,693,Still Active,694,475,1,0,0,0,100,sql.c,tex.c,1,darren; dfishburn; elliotth; elias; jafl; perlguy0; dhiebert; vberthoux,dfishburn,0.0000,0.0000,-1,31,SqlParser,extern parserDefinition* SqlParser (void),skipArrayList,static void skipArrayList (tokenInfo *const token)
958,Type2,Block,33,111,353,341,809,Still Active,Still Active,475,7,0,0,1,100,sql.c,jscript.c,1,darren; dfishburn; elliotth; elias; jafl; perlguy0; dhiebert; vberthoux,dfishburn; perlguy0,0.0000,0.0000,-1,7,SqlParser,extern parserDefinition* SqlParser (void),findMatchingToken,"static void findMatchingToken (tokenInfo *const token, tokenType begin_token, tokenType end_token)"
959,Type2,Block,33,112,154,341,461,Still Active,Still Active,475,355,0,1,12,100,verilog.c,jscript.c,1,darren; elliotth; elias; dfishburn; jafl; perlguy0; dhiebert; vberthoux,dfishburn; elliotth; jafl; perlguy0; dhiebert; elias; vberthoux,0.0000,0.0000,-1,7,VerilogParser,extern parserDefinition* VerilogParser (void),initialize,static void initialize (const langType language)
960,Type2,Block,33,112,155,341,461,Still Active,Still Active,475,355,0,1,9,100,verilog.c,sql.c,1,darren; elliotth; elias; dfishburn; jafl; perlguy0; dhiebert; vberthoux,dfishburn; elliotth; jafl; perlguy0; dhiebert; elias; vberthoux,0.0000,0.0000,-1,56,VerilogParser,extern parserDefinition* VerilogParser (void),initialize,static void initialize (const langType language)
961,Type2,Block,33,112,239,341,682,Still Active,797,475,115,0,0,1,100,verilog.c,flex.c,1,darren; elliotth; elias; dfishburn; jafl; perlguy0; dhiebert; vberthoux,dfishburn; elliotth; elias; dhiebert; jafl; vberthoux,0.0000,0.0000,-1,42,VerilogParser,extern parserDefinition* VerilogParser (void),findCmdTerm,static void findCmdTerm (tokenInfo *const token)
962,Type2,Block,33,112,240,341,682,Still Active,797,475,115,0,0,2,100,verilog.c,jscript.c,1,darren; elliotth; elias; dfishburn; jafl; perlguy0; dhiebert; vberthoux,dfishburn; elliotth; elias; dhiebert; jafl; vberthoux,0.0000,0.0000,-1,4,VerilogParser,extern parserDefinition* VerilogParser (void),findCmdTerm,static void findCmdTerm (tokenInfo *const token)
963,Type2,Block,33,112,280,341,693,Still Active,694,475,1,0,0,0,100,verilog.c,tex.c,1,darren; elliotth; elias; dfishburn; jafl; perlguy0; dhiebert; vberthoux,dfishburn,0.0000,0.0000,-1,126,VerilogParser,extern parserDefinition* VerilogParser (void),skipArgumentList,static void skipArgumentList (tokenInfo *const token)
964,Type2,Block,33,112,281,341,693,Still Active,694,475,1,0,0,0,100,verilog.c,tex.c,1,darren; elliotth; elias; dfishburn; jafl; perlguy0; dhiebert; vberthoux,dfishburn,0.0000,0.0000,-1,126,VerilogParser,extern parserDefinition* VerilogParser (void),skipArrayList,static void skipArrayList (tokenInfo *const token)
965,Type2,Block,33,112,353,341,809,Still Active,Still Active,475,7,0,0,1,100,verilog.c,jscript.c,1,darren; elliotth; elias; dfishburn; jafl; perlguy0; dhiebert; vberthoux,dfishburn; perlguy0,0.0000,0.0000,-1,7,VerilogParser,extern parserDefinition* VerilogParser (void),findMatchingToken,"static void findMatchingToken (tokenInfo *const token, tokenType begin_token, tokenType end_token)"
966,Type2,Block,33,154,155,461,461,Still Active,Still Active,355,355,4,8,5,100,jscript.c,sql.c,1,dfishburn; elliotth; jafl; perlguy0; dhiebert; elias; vberthoux,dfishburn; elliotth; jafl; perlguy0; dhiebert; elias; vberthoux,0.0060,-0.0066,157,7,initialize,static void initialize (const langType language),initialize,static void initialize (const langType language)
967,Type2,Block,33,154,239,461,682,Still Active,797,355,115,0,1,1,100,jscript.c,flex.c,1,dfishburn; elliotth; jafl; perlguy0; dhiebert; elias; vberthoux,dfishburn; elliotth; elias; dhiebert; jafl; vberthoux,0.0000,0.0000,-1,4,initialize,static void initialize (const langType language),findCmdTerm,static void findCmdTerm (tokenInfo *const token)
968,Type2,Block,33,154,240,461,682,Still Active,797,355,115,1,0,1,100,jscript.c,jscript.c,0,dfishburn; elliotth; jafl; perlguy0; dhiebert; elias; vberthoux,dfishburn; elliotth; elias; dhiebert; jafl; vberthoux,0.5150,0.5150,4,6,initialize,static void initialize (const langType language),findCmdTerm,static void findCmdTerm (tokenInfo *const token)
969,Type2,Block,33,154,280,461,693,Still Active,694,355,1,0,0,0,100,jscript.c,tex.c,1,dfishburn; elliotth; jafl; perlguy0; dhiebert; elias; vberthoux,dfishburn,0.0000,0.0000,-1,28,initialize,static void initialize (const langType language),skipArgumentList,static void skipArgumentList (tokenInfo *const token)
970,Type2,Block,33,154,281,461,693,Still Active,694,355,1,0,0,0,100,jscript.c,tex.c,1,dfishburn; elliotth; jafl; perlguy0; dhiebert; elias; vberthoux,dfishburn,0.0000,0.0000,-1,28,initialize,static void initialize (const langType language),skipArrayList,static void skipArrayList (tokenInfo *const token)
971,Type2,Block,33,154,353,461,809,Still Active,Still Active,355,7,1,0,0,100,jscript.c,jscript.c,0,dfishburn; elliotth; jafl; perlguy0; dhiebert; elias; vberthoux,dfishburn; perlguy0,1.0000,-1.0000,7,16,initialize,static void initialize (const langType language),findMatchingToken,"static void findMatchingToken (tokenInfo *const token, tokenType begin_token, tokenType end_token)"
972,Type2,Block,33,155,239,461,682,Still Active,797,355,115,0,3,1,100,sql.c,flex.c,1,dfishburn; elliotth; jafl; perlguy0; dhiebert; elias; vberthoux,dfishburn; elliotth; elias; dhiebert; jafl; vberthoux,0.0000,0.0000,-1,37,initialize,static void initialize (const langType language),findCmdTerm,static void findCmdTerm (tokenInfo *const token)
973,Type2,Block,33,155,240,461,682,Still Active,797,355,115,0,3,2,100,sql.c,jscript.c,1,dfishburn; elliotth; jafl; perlguy0; dhiebert; elias; vberthoux,dfishburn; elliotth; elias; dhiebert; jafl; vberthoux,0.0000,0.0000,-1,4,initialize,static void initialize (const langType language),findCmdTerm,static void findCmdTerm (tokenInfo *const token)
974,Type2,Block,33,155,280,461,693,Still Active,694,355,1,0,0,0,100,sql.c,tex.c,1,dfishburn; elliotth; jafl; perlguy0; dhiebert; elias; vberthoux,dfishburn,0.0000,0.0000,-1,31,initialize,static void initialize (const langType language),skipArgumentList,static void skipArgumentList (tokenInfo *const token)
975,Type2,Block,33,155,281,461,693,Still Active,694,355,1,0,0,0,100,sql.c,tex.c,1,dfishburn; elliotth; jafl; perlguy0; dhiebert; elias; vberthoux,dfishburn,0.0000,0.0000,-1,31,initialize,static void initialize (const langType language),skipArrayList,static void skipArrayList (tokenInfo *const token)
976,Type2,Block,33,155,353,461,809,Still Active,Still Active,355,7,0,0,1,100,sql.c,jscript.c,1,dfishburn; elliotth; jafl; perlguy0; dhiebert; elias; vberthoux,dfishburn; perlguy0,0.0000,0.0000,-1,7,initialize,static void initialize (const langType language),findMatchingToken,"static void findMatchingToken (tokenInfo *const token, tokenType begin_token, tokenType end_token)"
977,Type2,Block,33,239,240,682,682,797,797,115,115,0,1,2,100,flex.c,jscript.c,1,dfishburn; elliotth; elias; dhiebert; jafl; vberthoux,dfishburn; elliotth; elias; dhiebert; jafl; vberthoux,0.0000,0.0000,-1,4,findCmdTerm,static void findCmdTerm (tokenInfo *const token),findCmdTerm,static void findCmdTerm (tokenInfo *const token)
978,Type2,Block,33,239,280,682,693,797,694,115,1,0,0,0,100,flex.c,tex.c,1,dfishburn; elliotth; elias; dhiebert; jafl; vberthoux,dfishburn,0.0000,0.0000,-1,-1,findCmdTerm,static void findCmdTerm (tokenInfo *const token),skipArgumentList,static void skipArgumentList (tokenInfo *const token)
979,Type2,Block,33,239,281,682,693,797,694,115,1,0,0,0,100,flex.c,tex.c,1,dfishburn; elliotth; elias; dhiebert; jafl; vberthoux,dfishburn,0.0000,0.0000,-1,-1,findCmdTerm,static void findCmdTerm (tokenInfo *const token),skipArrayList,static void skipArrayList (tokenInfo *const token)
980,Type2,Block,33,239,353,682,809,797,Still Active,115,7,0,0,0,100,flex.c,jscript.c,1,dfishburn; elliotth; elias; dhiebert; jafl; vberthoux,dfishburn; perlguy0,0.0000,0.0000,-1,42,findCmdTerm,static void findCmdTerm (tokenInfo *const token),findMatchingToken,"static void findMatchingToken (tokenInfo *const token, tokenType begin_token, tokenType end_token)"
981,Type2,Block,33,240,280,682,693,797,694,115,1,0,0,0,100,jscript.c,tex.c,1,dfishburn; elliotth; elias; dhiebert; jafl; vberthoux,dfishburn,0.0000,0.0000,-1,-1,findCmdTerm,static void findCmdTerm (tokenInfo *const token),skipArgumentList,static void skipArgumentList (tokenInfo *const token)
982,Type2,Block,33,240,281,682,693,797,694,115,1,0,0,0,100,jscript.c,tex.c,1,dfishburn; elliotth; elias; dhiebert; jafl; vberthoux,dfishburn,0.0000,0.0000,-1,-1,findCmdTerm,static void findCmdTerm (tokenInfo *const token),skipArrayList,static void skipArrayList (tokenInfo *const token)
983,Type2,Block,33,240,353,682,809,797,Still Active,115,7,0,0,0,100,jscript.c,jscript.c,0,dfishburn; elliotth; elias; dhiebert; jafl; vberthoux,dfishburn; perlguy0,0.0000,0.0000,-1,4,findCmdTerm,static void findCmdTerm (tokenInfo *const token),findMatchingToken,"static void findMatchingToken (tokenInfo *const token, tokenType begin_token, tokenType end_token)"
984,Type2,Block,33,280,281,693,693,694,694,1,1,0,0,0,100,tex.c,tex.c,0,dfishburn,dfishburn,0.0000,0.0000,-1,-1,skipArgumentList,static void skipArgumentList (tokenInfo *const token),skipArrayList,static void skipArrayList (tokenInfo *const token)
985,Type2,Block,33,280,353,693,809,694,Still Active,1,7,0,0,0,100,tex.c,jscript.c,1,dfishburn,dfishburn; perlguy0,0.0000,0.0000,-1,-1,skipArgumentList,static void skipArgumentList (tokenInfo *const token),findMatchingToken,"static void findMatchingToken (tokenInfo *const token, tokenType begin_token, tokenType end_token)"
986,Type2,Block,33,281,353,693,809,694,Still Active,1,7,0,0,0,100,tex.c,jscript.c,1,dfishburn,dfishburn; perlguy0,0.0000,0.0000,-1,-1,skipArrayList,static void skipArrayList (tokenInfo *const token),findMatchingToken,"static void findMatchingToken (tokenInfo *const token, tokenType begin_token, tokenType end_token)"
987,Type2,Block,34,241,242,682,682,687,687,5,5,0,0,0,100,flex.c,jscript.c,1,dfishburn,dfishburn,0.0000,0.0000,-1,-1,parseSwitch,static void parseSwitch (tokenInfo *const token),parseSwitch,static void parseSwitch (tokenInfo *const token)
988,Type2,Block,34,241,282,682,693,687,694,5,1,0,0,0,100,flex.c,tex.c,1,dfishburn,dfishburn,0.0000,0.0000,-1,-1,parseSwitch,static void parseSwitch (tokenInfo *const token),skipArrayList,static void skipArrayList (tokenInfo *const token)
989,Type2,Block,34,241,283,682,693,687,694,5,1,0,0,0,100,flex.c,tex.c,1,dfishburn,dfishburn,0.0000,0.0000,-1,-1,parseSwitch,static void parseSwitch (tokenInfo *const token),skipArgumentList,static void skipArgumentList (tokenInfo *const token)
990,Type2,Block,34,242,282,682,693,687,694,5,1,0,0,0,100,jscript.c,tex.c,1,dfishburn,dfishburn,0.0000,0.0000,-1,-1,parseSwitch,static void parseSwitch (tokenInfo *const token),skipArrayList,static void skipArrayList (tokenInfo *const token)
991,Type2,Block,34,242,283,682,693,687,694,5,1,0,0,0,100,jscript.c,tex.c,1,dfishburn,dfishburn,0.0000,0.0000,-1,-1,parseSwitch,static void parseSwitch (tokenInfo *const token),skipArgumentList,static void skipArgumentList (tokenInfo *const token)
992,Type2,Block,34,282,283,693,693,694,694,1,1,0,0,0,100,tex.c,tex.c,0,dfishburn,dfishburn,0.0000,0.0000,-1,-1,skipArrayList,static void skipArrayList (tokenInfo *const token),skipArgumentList,static void skipArgumentList (tokenInfo *const token)
993,Type2,Block,35,243,244,682,682,Still Active,Still Active,134,134,1,0,2,100,flex.c,flex.c,0,dfishburn; elliotth; elias; dhiebert; jafl; vberthoux; perlguy0,dfishburn; elliotth; elias; dhiebert; jafl; vberthoux; perlguy0,0.7564,1.0000,61,116,parseLoop,static void parseLoop (tokenInfo *const token),parseActionScript,static boolean parseActionScript (tokenInfo *const token)
994,Type2,Block,35,243,245,682,682,Still Active,Still Active,134,134,1,0,2,100,flex.c,flex.c,0,dfishburn; elliotth; elias; dhiebert; jafl; vberthoux; perlguy0,dfishburn; elliotth; elias; dhiebert; jafl; vberthoux; perlguy0,0.7564,1.0000,61,116,parseLoop,static void parseLoop (tokenInfo *const token),parseCDATA,static boolean parseCDATA (tokenInfo *const token)
995,Type2,Block,35,243,284,682,693,Still Active,694,134,1,0,0,0,100,flex.c,tex.c,1,dfishburn; elliotth; elias; dhiebert; jafl; vberthoux; perlguy0,dfishburn,0.0000,0.0000,-1,-1,parseLoop,static void parseLoop (tokenInfo *const token),addContext,"static void addContext (tokenInfo* const parent, const tokenInfo* const child)"
996,Type2,Block,35,244,245,682,682,Still Active,Still Active,134,134,3,0,0,100,flex.c,flex.c,0,dfishburn; elliotth; elias; dhiebert; jafl; vberthoux; perlguy0,dfishburn; elliotth; elias; dhiebert; jafl; vberthoux; perlguy0,1.0000,0.0000,61,-1,parseActionScript,static boolean parseActionScript (tokenInfo *const token),parseCDATA,static boolean parseCDATA (tokenInfo *const token)
997,Type2,Block,35,244,284,682,693,Still Active,694,134,1,0,0,0,100,flex.c,tex.c,1,dfishburn; elliotth; elias; dhiebert; jafl; vberthoux; perlguy0,dfishburn,0.0000,0.0000,-1,7,parseActionScript,static boolean parseActionScript (tokenInfo *const token),addContext,"static void addContext (tokenInfo* const parent, const tokenInfo* const child)"
998,Type2,Block,35,245,284,682,693,Still Active,694,134,1,0,0,0,100,flex.c,tex.c,1,dfishburn; elliotth; elias; dhiebert; jafl; vberthoux; perlguy0,dfishburn,0.0000,0.0000,-1,7,parseCDATA,static boolean parseCDATA (tokenInfo *const token),addContext,"static void addContext (tokenInfo* const parent, const tokenInfo* const child)"
999,Type2,Block,36,246,247,682,682,797,797,115,115,0,0,0,100,flex.c,jscript.c,1,dfishburn; elliotth; elias; dhiebert; jafl; vberthoux,dfishburn; elliotth; elias; dhiebert; jafl; vberthoux,0.0000,0.0000,-1,-1,parseIf,static boolean parseIf (tokenInfo *const token),parseIf,static boolean parseIf (tokenInfo *const token)
1000,Type2,Block,36,246,285,682,693,797,694,115,1,0,0,0,100,flex.c,tex.c,1,dfishburn; elliotth; elias; dhiebert; jafl; vberthoux,dfishburn,0.0000,0.0000,-1,-1,parseIf,static boolean parseIf (tokenInfo *const token),addToScope,"static void addToScope (tokenInfo* const token, vString* const extra)"
1001,Type2,Block,36,246,294,682,699,797,Still Active,115,117,0,0,4,100,flex.c,sql.c,1,dfishburn; elliotth; elias; dhiebert; jafl; vberthoux,dfishburn; elias; dhiebert; jafl; elliotth; vberthoux; perlguy0,0.0000,0.0000,-1,37,parseIf,static boolean parseIf (tokenInfo *const token),parseSubProgram,static void parseSubProgram (tokenInfo *const token)
1002,Type2,Block,36,247,285,682,693,797,694,115,1,0,0,0,100,jscript.c,tex.c,1,dfishburn; elliotth; elias; dhiebert; jafl; vberthoux,dfishburn,0.0000,0.0000,-1,-1,parseIf,static boolean parseIf (tokenInfo *const token),addToScope,"static void addToScope (tokenInfo* const token, vString* const extra)"
1003,Type2,Block,36,247,294,682,699,797,Still Active,115,117,0,0,4,100,jscript.c,sql.c,1,dfishburn; elliotth; elias; dhiebert; jafl; vberthoux,dfishburn; elias; dhiebert; jafl; elliotth; vberthoux; perlguy0,0.0000,0.0000,-1,37,parseIf,static boolean parseIf (tokenInfo *const token),parseSubProgram,static void parseSubProgram (tokenInfo *const token)
1004,Type2,Block,36,285,294,693,699,694,Still Active,1,117,0,0,0,100,tex.c,sql.c,1,dfishburn,dfishburn; elias; dhiebert; jafl; elliotth; vberthoux; perlguy0,0.0000,0.0000,-1,-1,addToScope,"static void addToScope (tokenInfo* const token, vString* const extra)",parseSubProgram,static void parseSubProgram (tokenInfo *const token)
1005,Type2,Block,37,248,249,682,682,763,763,81,81,0,0,0,100,flex.c,jscript.c,1,dfishburn; elliotth; elias; dhiebert; jafl,dfishburn; elliotth; elias; dhiebert; jafl,0.0000,0.0000,-1,-1,parseMethods,"static void parseMethods (tokenInfo *const token, tokenInfo *const class)",parseMethods,"static void parseMethods (tokenInfo *const token, tokenInfo *const class)"
1006,Type2,Block,38,250,251,682,682,794,794,112,112,0,0,0,100,flex.c,jscript.c,1,dfishburn; elliotth; elias; dhiebert; jafl; vberthoux,dfishburn; elliotth; elias; dhiebert; jafl; vberthoux,0.0000,0.0000,-1,-1,NULL,NULL,parseStatement,"static boolean parseStatement (tokenInfo *const token, boolean is_inside_class)"
1007,Type2,Block,38,250,344,682,794,794,Still Active,112,22,0,0,0,100,flex.c,flex.c,0,dfishburn; elliotth; elias; dhiebert; jafl; vberthoux,dfishburn; vberthoux; perlguy0,0.0000,0.0000,-1,-1,NULL,NULL,NULL,NULL
1008,Type2,Block,38,250,345,682,794,794,Still Active,112,22,0,0,0,100,flex.c,jscript.c,1,dfishburn; elliotth; elias; dhiebert; jafl; vberthoux,dfishburn; vberthoux; perlguy0,0.0000,0.0000,-1,-1,NULL,NULL,parseStatement,"static boolean parseStatement (tokenInfo *const token, boolean is_inside_class)"
1009,Type2,Block,38,251,344,682,794,794,Still Active,112,22,0,0,0,100,jscript.c,flex.c,1,dfishburn; elliotth; elias; dhiebert; jafl; vberthoux,dfishburn; vberthoux; perlguy0,0.0000,0.0000,-1,-1,parseStatement,"static boolean parseStatement (tokenInfo *const token, boolean is_inside_class)",NULL,NULL
1010,Type2,Block,38,251,345,682,794,794,Still Active,112,22,0,0,0,100,jscript.c,jscript.c,0,dfishburn; elliotth; elias; dhiebert; jafl; vberthoux,dfishburn; vberthoux; perlguy0,0.0000,0.0000,-1,-1,parseStatement,"static boolean parseStatement (tokenInfo *const token, boolean is_inside_class)",parseStatement,"static boolean parseStatement (tokenInfo *const token, boolean is_inside_class)"
1011,Type2,Block,38,344,345,794,794,Still Active,Still Active,22,22,0,0,3,100,flex.c,jscript.c,1,dfishburn; vberthoux; perlguy0,dfishburn; vberthoux; perlguy0,0.0000,0.0000,-1,7,NULL,NULL,parseStatement,"static boolean parseStatement (tokenInfo *const token, boolean is_inside_class)"
1012,Type2,Block,39,252,346,682,794,Still Active,797,134,3,0,0,0,100,flex.c,flex.c,0,dfishburn; elliotth; elias; dhiebert; jafl; vberthoux; perlguy0,dfishburn; vberthoux,0.0000,0.0000,-1,42,NULL,NULL,NULL,NULL
1013,Type2,Block,39,252,347,682,794,Still Active,797,134,3,0,0,0,100,flex.c,jscript.c,1,dfishburn; elliotth; elias; dhiebert; jafl; vberthoux; perlguy0,dfishburn; vberthoux,0.0000,0.0000,-1,42,NULL,NULL,parseStatement,"static boolean parseStatement (tokenInfo *const token, boolean is_inside_class)"
1014,Type2,Block,39,346,347,794,794,797,797,3,3,0,0,0,100,flex.c,jscript.c,1,dfishburn; vberthoux,dfishburn; vberthoux,0.0000,0.0000,-1,-1,NULL,NULL,parseStatement,"static boolean parseStatement (tokenInfo *const token, boolean is_inside_class)"
1015,Type2,Block,40,253,348,682,794,Still Active,Still Active,134,22,0,0,2,100,flex.c,jscript.c,1,dfishburn; elliotth; elias; dhiebert; jafl; vberthoux; perlguy0,dfishburn; vberthoux; perlguy0,0.0000,0.0000,-1,16,NULL,NULL,parseStatement,"static boolean parseStatement (tokenInfo *const token, boolean is_inside_class)"
1016,Type2,Block,41,254,349,682,797,Still Active,Still Active,134,19,0,0,0,100,flex.c,flex.c,0,dfishburn; elliotth; elias; dhiebert; jafl; vberthoux; perlguy0,dfishburn; perlguy0,0.0000,0.0000,-1,61,NULL,NULL,NULL,NULL
1017,Type2,Block,41,254,350,682,797,Still Active,Still Active,134,19,0,0,2,100,flex.c,jscript.c,1,dfishburn; elliotth; elias; dhiebert; jafl; vberthoux; perlguy0,dfishburn; perlguy0,0.0000,0.0000,-1,7,NULL,NULL,parseStatement,"static boolean parseStatement (tokenInfo *const token, boolean is_inside_class)"
1018,Type2,Block,41,349,350,797,797,Still Active,Still Active,19,19,0,0,2,100,flex.c,jscript.c,1,dfishburn; perlguy0,dfishburn; perlguy0,0.0000,0.0000,-1,7,NULL,NULL,parseStatement,"static boolean parseStatement (tokenInfo *const token, boolean is_inside_class)"
1019,Type2,Block,42,255,256,682,682,763,763,81,81,0,2,0,100,flex.c,jscript.c,1,dfishburn; elliotth; elias; dhiebert; jafl,dfishburn; elliotth; elias; dhiebert; jafl,0.0000,0.0000,-1,8,NULL,NULL,parseStatement,"static boolean parseStatement (tokenInfo *const token, boolean is_inside_class)"
1020,Type2,Block,43,257,258,682,682,797,797,115,115,0,1,3,100,flex.c,jscript.c,1,dfishburn; elliotth; elias; dhiebert; jafl; vberthoux,dfishburn; elliotth; elias; dhiebert; jafl; vberthoux,0.0000,0.0000,-1,4,NULL,NULL,parseStatement,"static boolean parseStatement (tokenInfo *const token, boolean is_inside_class)"
1021,Type2,Block,44,259,260,682,682,Still Active,Still Active,134,134,0,0,5,100,flex.c,jscript.c,1,dfishburn; elliotth; elias; dhiebert; jafl; vberthoux; perlguy0,dfishburn; elliotth; elias; dhiebert; jafl; vberthoux; perlguy0,0.0000,0.0000,-1,16,NULL,NULL,parseStatement,"static boolean parseStatement (tokenInfo *const token, boolean is_inside_class)"
1022,Type2,Block,46,262,263,682,682,797,797,115,115,0,0,1,100,flex.c,jscript.c,1,dfishburn; elliotth; elias; dhiebert; jafl; vberthoux,dfishburn; elliotth; elias; dhiebert; jafl; vberthoux,0.0000,0.0000,-1,4,findFlexTags,static void findFlexTags (void),findJsTags,static void findJsTags (void)
1023,Type2,Block,48,286,295,693,710,785,Still Active,92,106,0,1,0,100,tex.c,regcomp.c,1,dfishburn; elias; dhiebert; jafl; elliotth; vberthoux,dhiebert; elias; jafl; dfishburn; elliotth; vberthoux; perlguy0,0.0000,0.0000,-1,50,initialize,static void initialize (const langType language),lower_subexps,"lower_subexps (void *extra, bin_tree_t *node)"
1024,Type2,Block,48,286,296,693,710,785,Still Active,92,106,0,1,0,100,tex.c,regcomp.c,1,dfishburn; elias; dhiebert; jafl; elliotth; vberthoux,dhiebert; elias; jafl; dfishburn; elliotth; vberthoux; perlguy0,0.0000,0.0000,-1,50,initialize,static void initialize (const langType language),lower_subexps,"lower_subexps (void *extra, bin_tree_t *node)"
1025,Type2,Block,48,295,296,710,710,Still Active,Still Active,106,106,0,0,0,100,regcomp.c,regcomp.c,0,dhiebert; elias; jafl; dfishburn; elliotth; vberthoux; perlguy0,dhiebert; elias; jafl; dfishburn; elliotth; vberthoux; perlguy0,0.0000,0.0000,-1,-1,lower_subexps,"lower_subexps (void *extra, bin_tree_t *node)",lower_subexps,"lower_subexps (void *extra, bin_tree_t *node)"
1026,Type2,Block,49,297,298,710,710,Still Active,Still Active,106,106,0,0,0,100,regcomp.c,regcomp.c,0,dhiebert; elias; jafl; dfishburn; elliotth; vberthoux; perlguy0,dhiebert; elias; jafl; dfishburn; elliotth; vberthoux; perlguy0,0.0000,0.0000,-1,-1,NULL,NULL,NULL,NULL
1027,Type2,Block,50,299,300,710,710,Still Active,Still Active,106,106,0,0,0,100,regex_internal.c,regex_internal.c,0,dhiebert; elias; jafl; dfishburn; elliotth; vberthoux; perlguy0,dhiebert; elias; jafl; dfishburn; elliotth; vberthoux; perlguy0,0.0000,0.0000,-1,-1,NULL,NULL,re_node_set_merge,"re_node_set_merge (re_node_set *dest, const re_node_set *src)"
1028,Type2,Block,51,156,157,461,461,Still Active,Still Active,355,355,14,0,1,100,sql.c,sql.c,0,dfishburn; elliotth; jafl; perlguy0; dhiebert; elias; vberthoux,dfishburn; elliotth; jafl; perlguy0; dhiebert; elias; vberthoux,0.8616,-0.1402,56,76,parsePublication,static void parsePublication (tokenInfo *const token),parseService,static void parseService (tokenInfo *const token)
1029,Type2,Block,51,156,188,461,654,Still Active,Still Active,355,162,4,4,0,100,sql.c,sql.c,0,dfishburn; elliotth; jafl; perlguy0; dhiebert; elias; vberthoux,elliotth; dfishburn; elias; dhiebert; jafl; vberthoux; perlguy0,0.2270,-0.6586,79,56,parsePublication,static void parsePublication (tokenInfo *const token),readToken,static void readToken (tokenInfo *const token)
1030,Type2,Block,51,156,189,461,654,Still Active,Still Active,355,162,1,7,3,100,sql.c,vhdl.c,1,dfishburn; elliotth; jafl; perlguy0; dhiebert; elias; vberthoux,elliotth; dfishburn; elias; dhiebert; jafl; vberthoux; perlguy0,0.0135,-0.1059,158,56,parsePublication,static void parsePublication (tokenInfo *const token),readToken,static void readToken (tokenInfo *const token)
1031,Type2,Block,51,157,188,461,654,Still Active,Still Active,355,162,4,5,0,100,sql.c,sql.c,0,dfishburn; elliotth; jafl; perlguy0; dhiebert; elias; vberthoux,elliotth; dfishburn; elias; dhiebert; jafl; vberthoux; perlguy0,0.1949,-0.6840,79,56,parseService,static void parseService (tokenInfo *const token),readToken,static void readToken (tokenInfo *const token)
1032,Type2,Block,51,157,189,461,654,Still Active,Still Active,355,162,1,8,3,100,sql.c,vhdl.c,1,dfishburn; elliotth; jafl; perlguy0; dhiebert; elias; vberthoux,elliotth; dfishburn; elias; dhiebert; jafl; vberthoux; perlguy0,0.0117,-0.1059,158,56,parseService,static void parseService (tokenInfo *const token),readToken,static void readToken (tokenInfo *const token)
1033,Type2,Block,51,188,189,654,654,Still Active,Still Active,162,162,1,3,3,100,sql.c,vhdl.c,1,elliotth; dfishburn; elias; dhiebert; jafl; vberthoux; perlguy0,elliotth; dfishburn; elias; dhiebert; jafl; vberthoux; perlguy0,0.0527,-0.1208,158,79,readToken,static void readToken (tokenInfo *const token),readToken,static void readToken (tokenInfo *const token)
1034,Type2,Block,53,190,191,654,654,Still Active,Still Active,162,162,2,3,1,100,sql.c,vhdl.c,1,elliotth; dfishburn; elias; dhiebert; jafl; vberthoux; perlguy0,elliotth; dfishburn; elias; dhiebert; jafl; vberthoux; perlguy0,0.0520,-0.4945,157,56,findSqlTags,static void findSqlTags (void),findVhdlTags,static void findVhdlTags (void)
1035,Type2,Block,53,190,287,654,693,Still Active,785,162,92,0,2,1,100,sql.c,tex.c,1,elliotth; dfishburn; elias; dhiebert; jafl; vberthoux; perlguy0,dfishburn; elias; dhiebert; jafl; elliotth; vberthoux,0.0000,0.0000,-1,25,findSqlTags,static void findSqlTags (void),makeTexTag,"static void makeTexTag (tokenInfo *const token, texKind kind)"
1036,Type2,Block,53,191,287,654,693,Still Active,785,162,92,0,0,1,100,vhdl.c,tex.c,1,elliotth; dfishburn; elias; dhiebert; jafl; vberthoux; perlguy0,dfishburn; elias; dhiebert; jafl; elliotth; vberthoux,0.0000,0.0000,-1,91,findVhdlTags,static void findVhdlTags (void),makeTexTag,"static void makeTexTag (tokenInfo *const token, texKind kind)"
1037,Type2,Block,54,317,318,771,771,Still Active,Still Active,45,45,0,0,0,100,objc.c,ocaml.c,1,vberthoux; elias; dhiebert; dfishburn; perlguy0,vberthoux; elias; dhiebert; dfishburn; perlguy0,0.0000,0.0000,-1,-1,initKeywordHash,static void initKeywordHash (void),initKeywordHash,static void initKeywordHash ( void )
1038,Type2,Block,55,192,193,654,654,Still Active,Still Active,162,162,0,0,3,100,verilog.c,vhdl.c,1,elliotth; dfishburn; elias; dhiebert; jafl; vberthoux; perlguy0,elliotth; dfishburn; elias; dhiebert; jafl; vberthoux; perlguy0,0.0000,0.0000,-1,158,initialize,static void initialize (const langType language),initialize,static void initialize (const langType language)
1039,Type2,Block,55,192,201,654,659,Still Active,Still Active,162,157,0,0,0,100,verilog.c,vhdl.c,1,elliotth; dfishburn; elias; dhiebert; jafl; vberthoux; perlguy0,elliotth; dfishburn; elias; dhiebert; jafl; vberthoux; perlguy0,0.0000,0.0000,-1,-1,initialize,static void initialize (const langType language),parseSubProgram,static void parseSubProgram (tokenInfo * const token)
1040,Type2,Block,55,192,319,654,771,Still Active,Still Active,162,45,0,0,0,100,verilog.c,objc.c,1,elliotth; dfishburn; elias; dhiebert; jafl; vberthoux; perlguy0,vberthoux; elias; dhiebert; dfishburn; perlguy0,0.0000,0.0000,-1,-1,initialize,static void initialize (const langType language),eatWhiteSpace,static void eatWhiteSpace (lexingState * st)
1041,Type2,Block,55,192,320,654,771,Still Active,Still Active,162,45,0,0,0,100,verilog.c,ocaml.c,1,elliotth; dfishburn; elias; dhiebert; jafl; vberthoux; perlguy0,vberthoux; elias; dhiebert; dfishburn; perlguy0,0.0000,0.0000,-1,-1,initialize,static void initialize (const langType language),eatWhiteSpace,static void eatWhiteSpace (lexingState * st)
1042,Type2,Block,55,193,201,654,659,Still Active,Still Active,162,157,0,0,0,100,vhdl.c,vhdl.c,0,elliotth; dfishburn; elias; dhiebert; jafl; vberthoux; perlguy0,elliotth; dfishburn; elias; dhiebert; jafl; vberthoux; perlguy0,0.0000,0.0000,-1,158,initialize,static void initialize (const langType language),parseSubProgram,static void parseSubProgram (tokenInfo * const token)
1043,Type2,Block,55,193,319,654,771,Still Active,Still Active,162,45,0,0,0,100,vhdl.c,objc.c,1,elliotth; dfishburn; elias; dhiebert; jafl; vberthoux; perlguy0,vberthoux; elias; dhiebert; dfishburn; perlguy0,0.0000,0.0000,-1,158,initialize,static void initialize (const langType language),eatWhiteSpace,static void eatWhiteSpace (lexingState * st)
1044,Type2,Block,55,193,320,654,771,Still Active,Still Active,162,45,0,0,0,100,vhdl.c,ocaml.c,1,elliotth; dfishburn; elias; dhiebert; jafl; vberthoux; perlguy0,vberthoux; elias; dhiebert; dfishburn; perlguy0,0.0000,0.0000,-1,158,initialize,static void initialize (const langType language),eatWhiteSpace,static void eatWhiteSpace (lexingState * st)
1045,Type2,Block,55,201,319,659,771,Still Active,Still Active,157,45,0,0,0,100,vhdl.c,objc.c,1,elliotth; dfishburn; elias; dhiebert; jafl; vberthoux; perlguy0,vberthoux; elias; dhiebert; dfishburn; perlguy0,0.0000,0.0000,-1,-1,parseSubProgram,static void parseSubProgram (tokenInfo * const token),eatWhiteSpace,static void eatWhiteSpace (lexingState * st)
1046,Type2,Block,55,201,320,659,771,Still Active,Still Active,157,45,0,0,0,100,vhdl.c,ocaml.c,1,elliotth; dfishburn; elias; dhiebert; jafl; vberthoux; perlguy0,vberthoux; elias; dhiebert; dfishburn; perlguy0,0.0000,0.0000,-1,-1,parseSubProgram,static void parseSubProgram (tokenInfo * const token),eatWhiteSpace,static void eatWhiteSpace (lexingState * st)
1047,Type2,Block,55,319,320,771,771,Still Active,Still Active,45,45,0,0,0,100,objc.c,ocaml.c,1,vberthoux; elias; dhiebert; dfishburn; perlguy0,vberthoux; elias; dhiebert; dfishburn; perlguy0,0.0000,0.0000,-1,-1,eatWhiteSpace,static void eatWhiteSpace (lexingState * st),eatWhiteSpace,static void eatWhiteSpace (lexingState * st)
1048,Type2,Block,56,194,195,654,654,Still Active,659,162,5,4,1,0,100,vhdl.c,vhdl.c,0,elliotth; dfishburn; elias; dhiebert; jafl; vberthoux; perlguy0,elliotth,0.7878,-0.3434,1,0,parseModule,static void parseModule (tokenInfo *const token),parseModule,static void parseModule (tokenInfo *const token)
1049,Type2,Block,56,194,288,654,693,Still Active,Still Active,162,123,0,0,1,100,vhdl.c,jscript.c,1,elliotth; dfishburn; elias; dhiebert; jafl; vberthoux; perlguy0,dfishburn; elias; dhiebert; jafl; elliotth; vberthoux; perlguy0,0.0000,0.0000,-1,23,parseModule,static void parseModule (tokenInfo *const token),JavaScriptParser,extern parserDefinition* JavaScriptParser (void)
1050,Type2,Block,56,194,289,654,693,Still Active,Still Active,162,123,0,0,2,100,vhdl.c,tex.c,1,elliotth; dfishburn; elias; dhiebert; jafl; vberthoux; perlguy0,dfishburn; elias; dhiebert; jafl; elliotth; vberthoux; perlguy0,0.0000,0.0000,-1,118,parseModule,static void parseModule (tokenInfo *const token),TexParser,extern parserDefinition* TexParser (void)
1051,Type2,Block,56,194,321,654,771,Still Active,Still Active,162,45,0,0,0,100,vhdl.c,objc.c,1,elliotth; dfishburn; elias; dhiebert; jafl; vberthoux; perlguy0,vberthoux; elias; dhiebert; dfishburn; perlguy0,0.0000,0.0000,-1,157,parseModule,static void parseModule (tokenInfo *const token),eatString,static void eatString (lexingState * st)
1052,Type2,Block,56,194,322,654,771,Still Active,Still Active,162,45,0,0,0,100,vhdl.c,ocaml.c,1,elliotth; dfishburn; elias; dhiebert; jafl; vberthoux; perlguy0,vberthoux; elias; dhiebert; dfishburn; perlguy0,0.0000,0.0000,-1,157,parseModule,static void parseModule (tokenInfo *const token),eatString,static void eatString (lexingState * st)
1053,Type2,Block,56,195,288,654,693,659,Still Active,5,123,0,0,0,100,vhdl.c,jscript.c,1,elliotth,dfishburn; elias; dhiebert; jafl; elliotth; vberthoux; perlguy0,0.0000,0.0000,-1,1,parseModule,static void parseModule (tokenInfo *const token),JavaScriptParser,extern parserDefinition* JavaScriptParser (void)
1054,Type2,Block,56,195,289,654,693,659,Still Active,5,123,0,0,0,100,vhdl.c,tex.c,1,elliotth,dfishburn; elias; dhiebert; jafl; elliotth; vberthoux; perlguy0,0.0000,0.0000,-1,1,parseModule,static void parseModule (tokenInfo *const token),TexParser,extern parserDefinition* TexParser (void)
1055,Type2,Block,56,195,321,654,771,659,Still Active,5,45,0,0,0,100,vhdl.c,objc.c,1,elliotth,vberthoux; elias; dhiebert; dfishburn; perlguy0,0.0000,0.0000,-1,1,parseModule,static void parseModule (tokenInfo *const token),eatString,static void eatString (lexingState * st)
1056,Type2,Block,56,195,322,654,771,659,Still Active,5,45,0,0,0,100,vhdl.c,ocaml.c,1,elliotth,vberthoux; elias; dhiebert; dfishburn; perlguy0,0.0000,0.0000,-1,1,parseModule,static void parseModule (tokenInfo *const token),eatString,static void eatString (lexingState * st)
1057,Type2,Block,56,288,289,693,693,Still Active,Still Active,123,123,0,1,2,100,jscript.c,tex.c,1,dfishburn; elias; dhiebert; jafl; elliotth; vberthoux; perlguy0,dfishburn; elias; dhiebert; jafl; elliotth; vberthoux; perlguy0,0.0000,0.0000,-1,23,JavaScriptParser,extern parserDefinition* JavaScriptParser (void),TexParser,extern parserDefinition* TexParser (void)
1058,Type2,Block,56,288,321,693,771,Still Active,Still Active,123,45,0,1,0,100,jscript.c,objc.c,1,dfishburn; elias; dhiebert; jafl; elliotth; vberthoux; perlguy0,vberthoux; elias; dhiebert; dfishburn; perlguy0,0.0000,0.0000,-1,23,JavaScriptParser,extern parserDefinition* JavaScriptParser (void),eatString,static void eatString (lexingState * st)
1059,Type2,Block,56,288,322,693,771,Still Active,Still Active,123,45,0,1,0,100,jscript.c,ocaml.c,1,dfishburn; elias; dhiebert; jafl; elliotth; vberthoux; perlguy0,vberthoux; elias; dhiebert; dfishburn; perlguy0,0.0000,0.0000,-1,23,JavaScriptParser,extern parserDefinition* JavaScriptParser (void),eatString,static void eatString (lexingState * st)
1060,Type2,Block,56,289,321,693,771,Still Active,Still Active,123,45,0,0,0,100,tex.c,objc.c,1,dfishburn; elias; dhiebert; jafl; elliotth; vberthoux; perlguy0,vberthoux; elias; dhiebert; dfishburn; perlguy0,0.0000,0.0000,-1,118,TexParser,extern parserDefinition* TexParser (void),eatString,static void eatString (lexingState * st)
1061,Type2,Block,56,289,322,693,771,Still Active,Still Active,123,45,0,0,0,100,tex.c,ocaml.c,1,dfishburn; elias; dhiebert; jafl; elliotth; vberthoux; perlguy0,vberthoux; elias; dhiebert; dfishburn; perlguy0,0.0000,0.0000,-1,118,TexParser,extern parserDefinition* TexParser (void),eatString,static void eatString (lexingState * st)
1062,Type2,Block,56,321,322,771,771,Still Active,Still Active,45,45,0,0,0,100,objc.c,ocaml.c,1,vberthoux; elias; dhiebert; dfishburn; perlguy0,vberthoux; elias; dhiebert; dfishburn; perlguy0,0.0000,0.0000,-1,-1,eatString,static void eatString (lexingState * st),eatString,static void eatString (lexingState * st)
1063,Type2,Block,57,196,197,657,657,Still Active,659,159,2,1,0,0,100,vhdl.c,vhdl.c,0,elliotth; dfishburn; elias; dhiebert; jafl; vberthoux; perlguy0,elliotth,1.0000,-1.0000,2,-1,parseSubProgram,static void parseSubProgram (tokenInfo * const token),parseSubProgram,static void parseSubProgram (tokenInfo * const token)
1064,Type2,Block,57,196,307,657,717,Still Active,Still Active,159,99,0,0,1,100,vhdl.c,lisp.c,1,elliotth; dfishburn; elias; dhiebert; jafl; vberthoux; perlguy0,dhiebert; jafl; dfishburn; elias; elliotth; vberthoux; perlguy0,0.0000,0.0000,-1,99,parseSubProgram,static void parseSubProgram (tokenInfo * const token),LispParser,extern parserDefinition* LispParser (void)
1065,Type2,Block,57,196,323,657,771,Still Active,Still Active,159,45,0,0,0,100,vhdl.c,objc.c,1,elliotth; dfishburn; elias; dhiebert; jafl; vberthoux; perlguy0,vberthoux; elias; dhiebert; dfishburn; perlguy0,0.0000,0.0000,-1,159,parseSubProgram,static void parseSubProgram (tokenInfo * const token),eatComment,static void eatComment (lexingState * st)
1066,Type2,Block,57,196,324,657,771,Still Active,Still Active,159,45,0,0,0,100,vhdl.c,ocaml.c,1,elliotth; dfishburn; elias; dhiebert; jafl; vberthoux; perlguy0,vberthoux; elias; dhiebert; dfishburn; perlguy0,0.0000,0.0000,-1,159,parseSubProgram,static void parseSubProgram (tokenInfo * const token),eatComment,static void eatComment (lexingState * st)
1067,Type2,Block,57,197,307,657,717,659,Still Active,2,99,0,0,0,100,vhdl.c,lisp.c,1,elliotth,dhiebert; jafl; dfishburn; elias; elliotth; vberthoux; perlguy0,0.0000,0.0000,-1,2,parseSubProgram,static void parseSubProgram (tokenInfo * const token),LispParser,extern parserDefinition* LispParser (void)
1068,Type2,Block,57,197,323,657,771,659,Still Active,2,45,0,0,0,100,vhdl.c,objc.c,1,elliotth,vberthoux; elias; dhiebert; dfishburn; perlguy0,0.0000,0.0000,-1,2,parseSubProgram,static void parseSubProgram (tokenInfo * const token),eatComment,static void eatComment (lexingState * st)
1069,Type2,Block,57,197,324,657,771,659,Still Active,2,45,0,0,0,100,vhdl.c,ocaml.c,1,elliotth,vberthoux; elias; dhiebert; dfishburn; perlguy0,0.0000,0.0000,-1,2,parseSubProgram,static void parseSubProgram (tokenInfo * const token),eatComment,static void eatComment (lexingState * st)
1070,Type2,Block,57,307,323,717,771,Still Active,Still Active,99,45,0,0,0,100,lisp.c,objc.c,1,dhiebert; jafl; dfishburn; elias; elliotth; vberthoux; perlguy0,vberthoux; elias; dhiebert; dfishburn; perlguy0,0.0000,0.0000,-1,99,LispParser,extern parserDefinition* LispParser (void),eatComment,static void eatComment (lexingState * st)
1071,Type2,Block,57,307,324,717,771,Still Active,Still Active,99,45,0,0,0,100,lisp.c,ocaml.c,1,dhiebert; jafl; dfishburn; elias; elliotth; vberthoux; perlguy0,vberthoux; elias; dhiebert; dfishburn; perlguy0,0.0000,0.0000,-1,99,LispParser,extern parserDefinition* LispParser (void),eatComment,static void eatComment (lexingState * st)
1072,Type2,Block,57,323,324,771,771,Still Active,Still Active,45,45,0,0,0,100,objc.c,ocaml.c,1,vberthoux; elias; dhiebert; dfishburn; perlguy0,vberthoux; elias; dhiebert; dfishburn; perlguy0,0.0000,0.0000,-1,-1,eatComment,static void eatComment (lexingState * st),eatComment,static void eatComment (lexingState * st)
1073,Type2,Block,58,308,325,717,771,Still Active,Still Active,99,45,0,0,0,100,ocaml.c,objc.c,1,dhiebert; jafl; dfishburn; elias; elliotth; vberthoux; perlguy0,vberthoux; elias; dhiebert; dfishburn; perlguy0,0.0000,0.0000,-1,-1,OcamlParser,extern parserDefinition *OcamlParser (void),readIdentifier,static void readIdentifier (lexingState * st)
1074,Type2,Block,58,308,326,717,771,Still Active,Still Active,99,45,0,0,1,100,ocaml.c,ocaml.c,0,dhiebert; jafl; dfishburn; elias; elliotth; vberthoux; perlguy0,vberthoux; elias; dhiebert; dfishburn; perlguy0,0.0000,0.0000,-1,42,OcamlParser,extern parserDefinition *OcamlParser (void),readIdentifier,static void readIdentifier (lexingState * st)
1075,Type2,Block,58,325,326,771,771,Still Active,Still Active,45,45,0,0,1,100,objc.c,ocaml.c,1,vberthoux; elias; dhiebert; dfishburn; perlguy0,vberthoux; elias; dhiebert; dfishburn; perlguy0,0.0000,0.0000,-1,42,readIdentifier,static void readIdentifier (lexingState * st),readIdentifier,static void readIdentifier (lexingState * st)
1076,Type2,Block,59,327,328,771,771,Still Active,Still Active,45,45,0,0,1,100,objc.c,ocaml.c,1,vberthoux; elias; dhiebert; dfishburn; perlguy0,vberthoux; elias; dhiebert; dfishburn; perlguy0,0.0000,0.0000,-1,42,lex,static objcKeyword lex (lexingState * st),lex,static ocamlKeyword lex (lexingState * st)
1077,Type2,Block,59,327,329,771,771,Still Active,Still Active,45,45,0,0,0,100,objc.c,objc.c,0,vberthoux; elias; dhiebert; dfishburn; perlguy0,vberthoux; elias; dhiebert; dfishburn; perlguy0,0.0000,0.0000,-1,-1,lex,static objcKeyword lex (lexingState * st),lex,static objcKeyword lex (lexingState * st)
1078,Type2,Block,59,328,329,771,771,Still Active,Still Active,45,45,0,1,0,100,ocaml.c,objc.c,1,vberthoux; elias; dhiebert; dfishburn; perlguy0,vberthoux; elias; dhiebert; dfishburn; perlguy0,0.0000,0.0000,-1,42,lex,static ocamlKeyword lex (lexingState * st),lex,static objcKeyword lex (lexingState * st)
1079,Type2,Block,60,330,331,771,771,Still Active,Still Active,45,45,0,0,1,100,objc.c,ocaml.c,1,vberthoux; elias; dhiebert; dfishburn; perlguy0,vberthoux; elias; dhiebert; dfishburn; perlguy0,0.0000,0.0000,-1,42,addTag,"static void addTag (vString * const ident, int kind)",addTag,"static void addTag (vString * const ident, int kind)"
1080,Type2,Block,61,332,333,771,771,Still Active,Still Active,45,45,1,0,0,100,objc.c,objc.c,0,dhiebert; vberthoux; elias; dfishburn; perlguy0,dhiebert; vberthoux; elias; dfishburn; perlguy0,1.0000,-1.0000,37,-1,parseMethodsName,"static void parseMethodsName (vString * const ident, objcToken what)",parseMethodsImplemName,"static void parseMethodsImplemName (vString * const ident, objcToken what)"
1081,Type2,Block,62,334,335,771,771,Still Active,Still Active,45,45,0,0,0,100,objc.c,objc.c,0,vberthoux; elias; dhiebert; dfishburn; perlguy0,vberthoux; elias; dhiebert; dfishburn; perlguy0,0.0000,0.0000,-1,-1,parseProtocol,"static void parseProtocol (vString * const ident, objcToken what)",parseImplementation,"static void parseImplementation (vString * const ident, objcToken what)"
1082,Type2,Block,62,334,336,771,771,Still Active,Still Active,45,45,0,0,0,100,objc.c,objc.c,0,vberthoux; elias; dhiebert; dfishburn; perlguy0,vberthoux; elias; dhiebert; dfishburn; perlguy0,0.0000,0.0000,-1,-1,parseProtocol,"static void parseProtocol (vString * const ident, objcToken what)",parseInterface,"static void parseInterface (vString * const ident, objcToken what)"
1083,Type2,Block,62,335,336,771,771,Still Active,Still Active,45,45,0,0,0,100,objc.c,objc.c,0,vberthoux; elias; dhiebert; dfishburn; perlguy0,vberthoux; elias; dhiebert; dfishburn; perlguy0,0.0000,0.0000,-1,-1,parseImplementation,"static void parseImplementation (vString * const ident, objcToken what)",parseInterface,"static void parseInterface (vString * const ident, objcToken what)"
1084,Type2,Block,63,337,338,771,771,Still Active,Still Active,45,45,1,0,0,100,objc.c,objc.c,0,vberthoux; elias; dhiebert; dfishburn; perlguy0,vberthoux; elias; dhiebert; dfishburn; perlguy0,1.0000,-1.0000,28,-1,parseStruct,"static void parseStruct (vString * const ident, objcToken what)",NULL,NULL
1085,Type2,Block,64,339,340,771,771,788,788,17,17,0,0,0,100,objc.c,objc.c,0,vberthoux; elias; dhiebert; dfishburn,vberthoux; elias; dhiebert; dfishburn,0.0000,0.0000,-1,-1,parseStruct,"static void parseStruct (vString * const ident, objcToken what)",NULL,NULL
1086,Type2,Block,71,354,355,816,816,Still Active,Still Active,0,0,1,0,0,100,perl.c,perl.c,0,perlguy0,perlguy0,1.0000,0.0000,0,-1,NULL,NULL,NULL,NULL
1087,Type2,Block,75,290,316,693,756,697,Still Active,4,60,0,0,0,100,tex.c,sql.c,1,dfishburn,dfishburn; dhiebert; vberthoux; elias; perlguy0,0.0000,0.0000,-1,3,findToken,"static void findToken (tokenInfo *const token, const tokenType type)",copyToken,"static void copyToken (tokenInfo *const dest, tokenInfo *const src)"
1088,Type2,Block,77,291,309,694,741,Still Active,Still Active,122,75,0,1,5,100,tex.c,sql.c,1,dfishburn; elias; dhiebert; jafl; elliotth; vberthoux; perlguy0,dfishburn; dhiebert; elliotth; vberthoux; elias; perlguy0,0.0000,0.0000,-1,31,newToken,static tokenInfo *newToken (void),parseStatements,"static void parseStatements (tokenInfo *const token, const boolean exit_on_endif )"
1089,Type2,Block,78,292,293,696,696,Still Active,Still Active,120,120,4,0,0,100,tex.c,tex.c,0,dfishburn; elias; dhiebert; jafl; elliotth; vberthoux; perlguy0,dfishburn; elias; dhiebert; jafl; elliotth; vberthoux; perlguy0,1.0000,-1.0000,81,-1,parseTag,"static boolean parseTag (tokenInfo *const token, texKind kind)",parseTag,"static boolean parseTag (tokenInfo *const token, texKind kind)"
1090,Type2,Block,79,310,311,742,742,Still Active,Still Active,74,74,0,0,1,100,sql.c,sql.c,0,dfishburn; dhiebert; elliotth; vberthoux; elias; perlguy0,dfishburn; dhiebert; elliotth; vberthoux; elias; perlguy0,0.0000,0.0000,-1,74,parseMLTable,static void parseMLTable (tokenInfo *const token),parseMLProp,static void parseMLProp (tokenInfo *const token)
