revision,gcid,filePath,changeType,nlines,totalChanges,totalUnchanged,stabilityIndex,changeProneness,lifespan,author,activePairs,meanWCS,maxWCS,minWCS,stronglyCoupledPairs,decoupledPairs
13,123,Animate.java,M,134,1,10,0.8333,0.0833,11,basmith,5,0.0000,0.0000,0.0000,0,5
13,132,Animate.java,M,6,1,10,0.8333,0.0833,11,basmith,5,0.4000,1.0000,0.0000,2,3
13,136,Animate.java,M,6,1,10,0.8333,0.0833,11,basmith,2,0.0000,0.0000,0.0000,0,2
13,138,Animate.java,M,5,1,10,0.8333,0.0833,11,basmith,5,0.4000,1.0000,0.0000,2,3
13,139,Animate.java,M,8,1,10,0.8333,0.0833,11,basmith,1,0.0000,0.0000,0.0000,0,1
13,141,Animate.java,M,7,1,10,0.8333,0.0833,11,basmith,0,0.0000,0.0000,0.0000,0,0
13,146,Animate.java,M,5,1,10,0.8333,0.0833,11,basmith,2,0.0000,0.0000,0.0000,0,2
13,147,Animate.java,M,5,1,10,0.8333,0.0833,11,basmith,5,0.4000,1.0000,0.0000,2,3
13,148,Animate.java,M,5,1,10,0.8333,0.0833,11,basmith,1,0.0000,0.0000,0.0000,0,1
13,151,Animate.java,M,5,1,10,0.8333,0.0833,11,basmith,1,0.0000,0.0000,0.0000,0,1
13,158,Animate.java,M,8,1,10,0.8333,0.0833,11,basmith,2,0.0000,0.0000,0.0000,0,2
13,162,Animate.java,M,6,1,10,0.8333,0.0833,11,basmith,1,0.0000,0.0000,0.0000,0,1
20,168,AtomTypesModel.java,M,11,1,17,0.8947,0.0526,18,basmith,1,0.0000,0.0000,0.0000,0,1
28,166,AtomType.java,M,5,1,25,0.9259,0.0370,26,basmith,1,0.0000,0.0000,0.0000,0,1
30,168,AtomTypesModel.java,M,11,2,26,0.8966,0.0690,28,basmith,1,0.5744,0.5744,0.5744,1,0
30,169,AtomTypesModel.java,M,11,1,26,0.8966,0.0345,28,basmith,1,0.5744,0.5744,0.5744,1,0
32,103,Angle.java,M,15,1,29,0.9355,0.0323,30,basmith,5,0.4000,1.0000,0.0000,2,3
32,104,Distance.java,M,15,1,29,0.9355,0.0323,30,basmith,5,0.4000,1.0000,0.0000,2,3
32,105,Dihedral.java,M,15,1,29,0.9355,0.0323,30,basmith,5,0.4000,1.0000,0.0000,2,3
32,106,Angle.java,M,11,1,29,0.9355,0.0323,30,basmith,5,0.2000,1.0000,0.0000,1,4
32,107,Dihedral.java,M,11,1,29,0.9355,0.0323,30,basmith,5,0.2000,1.0000,0.0000,1,4
32,108,Angle.java,M,8,1,29,0.9355,0.0323,30,basmith,0,0.0000,0.0000,0.0000,0,0
32,109,Dihedral.java,M,9,1,29,0.9355,0.0323,30,basmith,2,0.0000,0.0000,0.0000,0,2
32,110,Angle.java,M,16,1,29,0.9355,0.0323,30,basmith,1,1.0000,1.0000,1.0000,1,0
32,111,Distance.java,M,16,1,29,0.9355,0.0323,30,basmith,1,1.0000,1.0000,1.0000,1,0
32,112,Animate.java,M,53,1,29,0.9355,0.0323,30,basmith,1,0.0000,0.0000,0.0000,0,1
32,166,AtomType.java,M,5,2,28,0.9032,0.0645,30,basmith,1,0.0000,0.0000,0.0000,0,1
32,176,Bond.java,M,8,1,29,0.9355,0.0323,30,basmith,8,0.1250,1.0000,0.0000,1,7
32,177,Bond.java,M,8,1,29,0.9355,0.0323,30,basmith,8,0.1250,1.0000,0.0000,1,7
32,178,Bond.java,M,7,1,29,0.9355,0.0323,30,basmith,3,0.3333,1.0000,0.0000,1,2
32,179,Bond.java,M,7,1,29,0.9355,0.0323,30,basmith,3,0.3333,1.0000,0.0000,1,2
32,194,ChemFrame.java,M,86,1,29,0.9355,0.0323,30,basmith,3,0.0000,0.0000,0.0000,0,3
32,196,ChemFrame.java,M,68,1,29,0.9355,0.0323,30,basmith,4,0.2500,1.0000,0.0000,1,3
32,197,ChemFrame.java,M,68,1,29,0.9355,0.0323,30,basmith,4,0.2500,1.0000,0.0000,1,3
32,281,Jmol.java,M,39,1,29,0.9355,0.0323,30,basmith,3,0.0000,0.0000,0.0000,0,3
32,365,Preferences.java,M,6,1,29,0.9355,0.0323,30,basmith,7,0.0000,0.0000,0.0000,0,7
32,366,Preferences.java,M,6,1,29,0.9355,0.0323,30,basmith,2,0.5000,1.0000,0.0000,1,1
32,381,Preferences.java,M,102,1,29,0.9355,0.0323,30,basmith,4,0.0000,0.0000,0.0000,0,4
32,383,Preferences.java,M,124,1,29,0.9355,0.0323,30,basmith,2,0.0000,0.0000,0.0000,0,2
32,389,Preferences.java,M,106,1,29,0.9355,0.0323,30,basmith,2,0.5000,1.0000,0.0000,1,1
32,398,Preferences.java,M,44,1,29,0.9355,0.0323,30,basmith,2,0.0000,0.0000,0.0000,0,2
32,400,Preferences.java,M,62,1,29,0.9355,0.0323,30,basmith,1,0.0000,0.0000,0.0000,0,1
32,428,Preferences.java,M,8,1,29,0.9355,0.0323,30,basmith,3,0.3333,1.0000,0.0000,1,2
32,429,Preferences.java,M,8,1,29,0.9355,0.0323,30,basmith,5,0.0000,0.0000,0.0000,0,5
32,431,Preferences.java,M,8,1,29,0.9355,0.0323,30,basmith,3,0.3333,1.0000,0.0000,1,2
36,197,ChemFrame.java,M,68,2,32,0.9143,0.0571,34,basmith,4,0.1175,0.4700,0.0000,0,3
36,452,AtomType.java,M,49,1,2,0.5000,0.2500,3,basmith,3,0.0000,0.0000,0.0000,0,3
36,458,AtomType.java,M,6,1,2,0.5000,0.2500,3,basmith,3,0.0000,0.0000,0.0000,0,3
36,460,AtomType.java,M,15,1,2,0.5000,0.2500,3,basmith,4,0.5000,1.0000,0.0000,2,2
36,461,AtomType.java,M,5,1,2,0.5000,0.2500,3,basmith,0,0.0000,0.0000,0.0000,0,0
36,481,ChemFrame.java,M,85,1,2,0.5000,0.2500,3,basmith,6,0.0000,0.0000,0.0000,0,6
36,483,ChemFrame.java,M,54,1,2,0.5000,0.2500,3,basmith,4,0.0000,0.0000,0.0000,0,4
36,493,ChemFrame.java,M,10,1,2,0.5000,0.2500,3,basmith,3,0.0000,0.0000,0.0000,0,3
36,494,ChemFrame.java,M,7,1,2,0.5000,0.2500,3,basmith,3,0.0000,0.0000,0.0000,0,3
36,498,ChemFrame.java,M,10,1,2,0.5000,0.2500,3,basmith,3,0.0000,0.0000,0.0000,0,3
36,522,XYZFile.java,M,19,1,2,0.5000,0.2500,3,basmith,1,0.0000,0.0000,0.0000,0,1
36,560,ChemFrame.java,M,5,1,2,0.5000,0.2500,3,basmith,1,0.0000,0.0000,0.0000,0,1
36,562,ChemFrame.java,M,17,1,2,0.5000,0.2500,3,basmith,0,0.0000,0.0000,0.0000,0,0
36,572,displayPanel.java,M,5,1,2,0.5000,0.2500,3,basmith,3,0.0000,0.0000,0.0000,0,3
36,573,displayPanel.java,M,10,1,2,0.5000,0.2500,3,basmith,0,0.0000,0.0000,0.0000,0,0
36,574,displayPanel.java,M,9,1,2,0.5000,0.2500,3,basmith,0,0.0000,0.0000,0.0000,0,0
36,579,displayPanel.java,M,7,1,2,0.5000,0.2500,3,basmith,8,0.6250,1.0000,0.0000,5,3
36,581,displayPanel.java,M,7,1,2,0.5000,0.2500,3,basmith,8,0.6250,1.0000,0.0000,5,3
36,582,displayPanel.java,M,7,1,2,0.5000,0.2500,3,basmith,8,0.6250,1.0000,0.0000,5,3
36,583,displayPanel.java,M,7,1,2,0.5000,0.2500,3,basmith,8,0.6250,1.0000,0.0000,5,3
36,584,displayPanel.java,M,7,1,2,0.5000,0.2500,3,basmith,8,0.6250,1.0000,0.0000,5,3
36,592,JmolSimpleBean.java,M,11,1,2,0.5000,0.2500,3,basmith,3,0.6667,1.0000,0.0000,2,1
36,593,JmolSimpleBean.java,M,11,1,2,0.5000,0.2500,3,basmith,3,0.6667,1.0000,0.0000,2,1
36,597,JmolSimpleBean.java,M,14,1,2,0.5000,0.2500,3,basmith,4,0.5000,1.0000,0.0000,2,2
36,598,JmolSimpleBean.java,M,14,1,2,0.5000,0.2500,3,basmith,4,0.5000,1.0000,0.0000,2,2
36,603,AtomType.java,M,73,1,0,0.0000,1.0000,0,basmith,3,0.6667,1.0000,0.0000,2,1
36,620,Bond.java,M,6,1,0,0.0000,1.0000,0,basmith,3,0.0000,0.0000,0.0000,0,3
36,628,displayPanel.java,M,7,1,0,0.0000,1.0000,0,basmith,8,0.6250,1.0000,0.0000,5,3
37,439,DisplaySettings.java,M,6,1,4,0.6667,0.1667,5,basmith,3,0.0000,0.0000,0.0000,0,3
37,477,Bond.java,M,154,1,3,0.6000,0.2000,4,basmith,0,0.0000,0.0000,0.0000,0,0
37,492,ChemFrame.java,M,24,1,3,0.6000,0.2000,4,basmith,10,0.0000,0.0000,0.0000,0,10
37,493,ChemFrame.java,M,10,2,2,0.4000,0.4000,4,basmith,3,0.0000,0.0000,0.0000,0,3
37,494,ChemFrame.java,M,7,2,2,0.4000,0.4000,4,basmith,3,0.0000,0.0000,0.0000,0,3
37,496,ChemFrame.java,M,8,1,3,0.6000,0.2000,4,basmith,1,0.0000,0.0000,0.0000,0,1
37,498,ChemFrame.java,M,10,2,2,0.4000,0.4000,4,basmith,3,0.0000,0.0000,0.0000,0,3
37,508,displayPanel.java,M,13,1,3,0.6000,0.2000,4,basmith,5,0.0000,0.0000,0.0000,0,5
37,517,displayPanel.java,M,6,1,3,0.6000,0.2000,4,basmith,1,0.0000,0.0000,0.0000,0,1
37,524,displayPanel.java,M,9,1,3,0.6000,0.2000,4,basmith,1,0.0000,0.0000,0.0000,0,1
37,555,Bond.java,M,8,1,3,0.6000,0.2000,4,basmith,3,0.3333,1.0000,0.0000,1,2
37,556,Bond.java,M,8,1,3,0.6000,0.2000,4,basmith,3,0.3333,1.0000,0.0000,1,2
37,557,Bond.java,M,7,1,3,0.6000,0.2000,4,basmith,1,1.0000,1.0000,1.0000,1,0
37,558,Bond.java,M,7,1,3,0.6000,0.2000,4,basmith,1,1.0000,1.0000,1.0000,1,0
37,560,ChemFrame.java,M,5,2,2,0.4000,0.4000,4,basmith,0,0.0000,0.0000,0.0000,0,0
37,562,ChemFrame.java,M,17,2,2,0.4000,0.4000,4,basmith,0,0.0000,0.0000,0.0000,0,0
37,570,displayPanel.java,M,11,1,3,0.6000,0.2000,4,basmith,1,1.0000,1.0000,1.0000,1,0
37,571,displayPanel.java,M,11,1,3,0.6000,0.2000,4,basmith,1,1.0000,1.0000,1.0000,1,0
37,572,displayPanel.java,M,5,2,2,0.4000,0.4000,4,basmith,3,0.0000,0.0000,0.0000,0,3
37,573,displayPanel.java,M,10,2,2,0.4000,0.4000,4,basmith,0,0.0000,0.0000,0.0000,0,0
37,574,displayPanel.java,M,9,2,2,0.4000,0.4000,4,basmith,0,0.0000,0.0000,0.0000,0,0
37,594,JmolSimpleBean.java,M,18,1,3,0.6000,0.2000,4,basmith,3,0.6667,1.0000,0.0000,2,1
37,595,JmolSimpleBean.java,M,18,1,3,0.6000,0.2000,4,basmith,3,0.6667,1.0000,0.0000,2,1
37,596,JmolSimpleBean.java,M,18,1,3,0.6000,0.2000,4,basmith,3,0.6667,1.0000,0.0000,2,1
37,597,JmolSimpleBean.java,M,14,2,2,0.4000,0.4000,4,basmith,4,0.5000,1.0000,0.0000,2,1
37,598,JmolSimpleBean.java,M,14,2,2,0.4000,0.4000,4,basmith,4,0.5000,1.0000,0.0000,2,1
37,599,JmolSimpleBean.java,M,14,1,3,0.6000,0.2000,4,basmith,4,0.2537,0.5075,0.0000,2,2
37,603,AtomType.java,M,73,2,0,0.0000,1.0000,1,basmith,3,0.3283,0.4925,0.0000,0,1
37,620,Bond.java,M,6,2,0,0.0000,1.0000,1,basmith,3,0.0000,0.0000,0.0000,0,3
37,623,DisplaySettings.java,M,6,1,0,0.0000,0.5000,1,basmith,9,0.2222,1.0000,0.0000,2,7
37,624,DisplaySettings.java,M,6,1,0,0.0000,0.5000,1,basmith,9,0.2222,1.0000,0.0000,2,7
38,215,ChemFrame.java,M,13,1,35,0.9459,0.0270,36,basmith,9,0.1658,0.5075,0.0000,1,6
38,452,AtomType.java,M,49,2,3,0.5000,0.3333,5,basmith,3,0.0000,0.0000,0.0000,0,3
38,460,AtomType.java,M,15,2,3,0.5000,0.3333,5,basmith,4,0.1617,0.3234,0.0000,0,2
38,461,AtomType.java,M,5,2,3,0.5000,0.3333,5,basmith,0,0.0000,0.0000,0.0000,0,0
38,477,Bond.java,M,154,2,3,0.5000,0.3333,5,basmith,0,0.0000,0.0000,0.0000,0,0
38,493,ChemFrame.java,M,10,3,2,0.3333,0.5000,5,basmith,3,0.0000,0.0000,0.0000,0,3
38,494,ChemFrame.java,M,7,3,2,0.3333,0.5000,5,basmith,3,0.0000,0.0000,0.0000,0,3
38,495,ChemFrame.java,M,16,1,4,0.6667,0.1667,5,basmith,9,0.0564,0.5075,0.0000,1,8
38,496,ChemFrame.java,M,8,2,3,0.5000,0.3333,5,basmith,1,0.0000,0.0000,0.0000,0,1
38,499,ChemFrame.java,M,21,1,4,0.6667,0.1667,5,basmith,3,0.0000,0.0000,0.0000,0,3
38,555,Bond.java,M,8,2,3,0.5000,0.3333,5,basmith,3,0.3333,1.0000,0.0000,1,2
38,556,Bond.java,M,8,2,3,0.5000,0.3333,5,basmith,3,0.3333,1.0000,0.0000,1,2
38,557,Bond.java,M,7,2,3,0.5000,0.3333,5,basmith,1,1.0000,1.0000,1.0000,1,0
38,558,Bond.java,M,7,2,3,0.5000,0.3333,5,basmith,1,1.0000,1.0000,1.0000,1,0
38,603,AtomType.java,M,73,3,0,0.0000,1.0000,2,basmith,4,0.1617,0.3234,0.0000,0,2
38,620,Bond.java,M,6,3,0,0.0000,1.0000,2,basmith,3,0.0000,0.0000,0.0000,0,3
40,488,ChemFrame.java,M,15,1,6,0.7500,0.1250,7,basmith,0,0.0000,0.0000,0.0000,0,0
40,490,ChemFrame.java,M,15,1,6,0.7500,0.1250,7,basmith,1,0.0000,0.0000,0.0000,0,1
40,493,ChemFrame.java,M,10,4,3,0.3750,0.5000,7,basmith,3,0.0000,0.0000,0.0000,0,3
40,494,ChemFrame.java,M,7,4,3,0.3750,0.5000,7,basmith,3,0.0000,0.0000,0.0000,0,3
40,495,ChemFrame.java,M,16,2,5,0.6250,0.2500,7,basmith,9,0.0366,0.3298,0.0000,0,8
40,498,ChemFrame.java,M,10,3,4,0.5000,0.3750,7,basmith,2,0.0000,0.0000,0.0000,0,2
40,499,ChemFrame.java,M,21,2,5,0.6250,0.2500,7,basmith,2,0.0000,0.0000,0.0000,0,2
40,622,ChemFrame.java,M,9,1,4,0.8000,0.2000,4,basmith,1,0.0000,0.0000,0.0000,0,1
40,632,ChemFrame.java,M,15,1,0,0.0000,1.0000,0,basmith,9,0.0000,0.0000,0.0000,0,9
40,636,ChemFrame.java,M,11,1,0,0.0000,1.0000,0,basmith,3,0.0000,0.0000,0.0000,0,3
40,638,ChemFrame.java,M,8,1,0,0.0000,1.0000,0,basmith,9,0.0000,0.0000,0.0000,0,9
40,639,ChemFrame.java,M,5,1,0,0.0000,1.0000,0,basmith,8,0.0000,0.0000,0.0000,0,8
41,525,JmolSimpleBean.java,M,9,1,7,0.7778,0.1111,8,basmith,2,0.0000,0.0000,0.0000,0,2
41,573,displayPanel.java,M,10,3,5,0.5556,0.3333,8,basmith,0,0.0000,0.0000,0.0000,0,0
41,594,JmolSimpleBean.java,M,18,2,6,0.6667,0.2222,8,basmith,2,0.7350,1.0000,0.4700,1,0
41,596,JmolSimpleBean.java,M,18,2,6,0.6667,0.2222,8,basmith,2,0.7350,1.0000,0.4700,1,0
41,597,JmolSimpleBean.java,M,14,3,5,0.5556,0.3333,8,basmith,4,0.4805,1.0000,0.0000,2,1
41,598,JmolSimpleBean.java,M,14,3,5,0.5556,0.3333,8,basmith,4,0.4805,1.0000,0.0000,2,1
41,599,JmolSimpleBean.java,M,14,2,6,0.6667,0.2222,8,basmith,4,0.3434,0.6867,0.0000,2,2
41,600,JmolSimpleBean.java,M,5,1,7,0.7778,0.1111,8,basmith,3,0.0000,0.0000,0.0000,0,3
41,601,JmolSimpleBean.java,M,9,1,7,0.7778,0.1111,8,basmith,1,0.0000,0.0000,0.0000,0,1
48,641,AtomRenderer.java,M,75,1,5,0.7143,0.1429,6,basmith,3,0.0000,0.0000,0.0000,0,3
51,644,BondRenderer.java,M,150,1,8,0.8000,0.1000,9,basmith,12,0.0000,0.0000,0.0000,0,12
51,647,BondRenderer.java,M,5,1,8,0.8000,0.1000,9,basmith,1,0.0000,0.0000,0.0000,0,1
54,630,DisplaySettings.java,M,6,1,15,0.8824,0.0588,16,basmith,3,0.0000,0.0000,0.0000,0,3
55,565,CMLHandler.java,M,11,1,21,0.9130,0.0435,22,basmith,6,0.6667,1.0000,0.0000,4,2
55,566,CMLHandler.java,M,11,1,21,0.9130,0.0435,22,basmith,6,0.6667,1.0000,0.0000,4,2
55,567,CMLHandler.java,M,11,1,21,0.9130,0.0435,22,basmith,6,0.6667,1.0000,0.0000,4,2
55,568,CMLHandler.java,M,11,1,21,0.9130,0.0435,22,basmith,6,0.6667,1.0000,0.0000,4,2
55,569,CMLHandler.java,M,11,1,21,0.9130,0.0435,22,basmith,6,0.6667,1.0000,0.0000,4,2
57,215,ChemFrame.java,M,13,2,53,0.9464,0.0357,55,basmith,9,0.1218,0.5767,0.0000,1,6
57,488,ChemFrame.java,M,15,2,22,0.8800,0.0800,24,basmith,0,0.0000,0.0000,0.0000,0,0
57,490,ChemFrame.java,M,15,2,22,0.8800,0.0800,24,basmith,1,0.0000,0.0000,0.0000,0,1
57,493,ChemFrame.java,M,10,5,19,0.7600,0.2000,24,basmith,3,0.0000,0.0000,0.0000,0,3
57,494,ChemFrame.java,M,7,5,19,0.7600,0.2000,24,basmith,3,0.0000,0.0000,0.0000,0,3
57,495,ChemFrame.java,M,16,3,21,0.8400,0.1200,24,basmith,9,0.0641,0.5767,0.0000,1,8
57,496,ChemFrame.java,M,8,3,21,0.8400,0.1200,24,basmith,1,0.0000,0.0000,0.0000,0,1
57,498,ChemFrame.java,M,10,4,20,0.8000,0.1600,24,basmith,2,0.0000,0.0000,0.0000,0,2
57,499,ChemFrame.java,M,21,3,21,0.8400,0.1200,24,basmith,2,0.0000,0.0000,0.0000,0,2
57,622,ChemFrame.java,M,9,2,20,0.9091,0.0909,21,basmith,1,0.0000,0.0000,0.0000,0,1
57,638,ChemFrame.java,M,8,2,16,0.8889,0.1111,17,basmith,12,0.0000,0.0000,0.0000,0,12
57,639,ChemFrame.java,M,5,2,16,0.8889,0.1111,17,basmith,8,0.0000,0.0000,0.0000,0,8
58,588,JmolSimpleBean.java,M,6,1,24,0.9231,0.0385,25,basmith,1,0.0000,0.0000,0.0000,0,1
58,600,JmolSimpleBean.java,M,5,2,23,0.8846,0.0769,25,basmith,3,0.0000,0.0000,0.0000,0,3
58,601,JmolSimpleBean.java,M,9,2,23,0.8846,0.0769,25,basmith,1,0.0000,0.0000,0.0000,0,1
59,511,displayPanel.java,M,17,1,25,0.9259,0.0370,26,basmith,2,0.0000,0.0000,0.0000,0,2
59,513,displayPanel.java,M,68,1,25,0.9259,0.0370,26,basmith,3,0.0000,0.0000,0.0000,0,3
59,515,displayPanel.java,M,5,1,25,0.9259,0.0370,26,basmith,2,0.0000,0.0000,0.0000,0,2
59,570,displayPanel.java,M,11,2,24,0.8889,0.0741,26,basmith,1,1.0000,1.0000,1.0000,1,0
59,571,displayPanel.java,M,11,2,24,0.8889,0.0741,26,basmith,1,1.0000,1.0000,1.0000,1,0
59,572,displayPanel.java,M,5,3,23,0.8519,0.1111,26,basmith,3,0.0000,0.0000,0.0000,0,3
59,573,displayPanel.java,M,10,4,22,0.8148,0.1481,26,basmith,0,0.0000,0.0000,0.0000,0,0
66,53,AboutDialog.java,M,51,1,63,0.9692,0.0154,64,gezelter,4,0.2500,1.0000,0.0000,1,3
66,54,WhatsNewDialog.java,M,51,1,63,0.9692,0.0154,64,gezelter,4,0.2500,1.0000,0.0000,1,3
71,194,ChemFrame.java,M,86,2,67,0.9571,0.0286,69,gezelter,3,0.0000,0.0000,0.0000,0,3
71,196,ChemFrame.java,M,68,2,67,0.9571,0.0286,69,gezelter,4,0.0467,0.1869,0.0000,0,4
71,602,AtomType.java,M,75,1,35,0.9722,0.0278,35,gezelter,3,0.0000,0.0000,0.0000,0,3
77,53,AboutDialog.java,M,51,2,73,0.9605,0.0263,75,basmith,4,0.3954,1.0000,0.0000,2,2
77,54,WhatsNewDialog.java,M,51,2,73,0.9605,0.0263,75,basmith,4,0.3954,1.0000,0.0000,2,2
77,55,HelpDialog.java,M,51,1,74,0.9737,0.0132,75,basmith,4,0.2909,0.5818,0.0000,2,2
81,502,JmolApplet.java,M,6,1,47,0.9592,0.0204,48,basmith,0,0.0000,0.0000,0.0000,0,0
81,503,JmolApplet.java,M,5,1,47,0.9592,0.0204,48,basmith,1,0.0000,0.0000,0.0000,0,1
81,592,JmolSimpleBean.java,M,11,2,46,0.9388,0.0408,48,basmith,3,0.3333,1.0000,0.0000,1,2
81,593,JmolSimpleBean.java,M,11,2,46,0.9388,0.0408,48,basmith,3,0.3333,1.0000,0.0000,1,2
81,594,JmolSimpleBean.java,M,18,3,45,0.9184,0.0612,48,basmith,2,0.9040,1.0000,0.8080,2,0
81,595,JmolSimpleBean.java,M,18,2,46,0.9388,0.0408,48,basmith,2,0.8080,0.8080,0.8080,2,0
81,596,JmolSimpleBean.java,M,18,3,45,0.9184,0.0612,48,basmith,2,0.9040,1.0000,0.8080,2,0
81,597,JmolSimpleBean.java,M,14,4,44,0.8980,0.0816,48,basmith,3,0.6194,1.0000,0.0000,2,1
81,598,JmolSimpleBean.java,M,14,4,44,0.8980,0.0816,48,basmith,3,0.6194,1.0000,0.0000,2,1
81,599,JmolSimpleBean.java,M,14,3,45,0.9184,0.0612,48,basmith,3,0.5721,0.8582,0.0000,2,1
81,600,JmolSimpleBean.java,M,5,3,45,0.9184,0.0612,48,basmith,3,0.0000,0.0000,0.0000,0,3
81,651,Gaussian98Reader.java,M,35,1,6,0.7500,0.1250,7,basmith,0,0.0000,0.0000,0.0000,0,0
81,657,CMLReader.java,M,15,1,0,0.0000,1.0000,0,basmith,5,0.0000,0.0000,0.0000,0,5
82,17,ChemFrame.java,M,8,1,79,0.9753,0.0123,80,basmith,2,0.5000,1.0000,0.0000,1,1
82,103,Angle.java,M,15,2,78,0.9630,0.0247,80,basmith,5,0.4000,1.0000,0.0000,2,3
82,104,Distance.java,M,15,2,78,0.9630,0.0247,80,basmith,5,0.4000,1.0000,0.0000,2,3
82,105,Dihedral.java,M,15,2,78,0.9630,0.0247,80,basmith,5,0.4000,1.0000,0.0000,2,3
82,106,Angle.java,M,11,2,78,0.9630,0.0247,80,basmith,5,0.2000,1.0000,0.0000,1,4
82,107,Dihedral.java,M,11,2,78,0.9630,0.0247,80,basmith,5,0.2000,1.0000,0.0000,1,4
82,178,Bond.java,M,7,2,78,0.9630,0.0247,80,basmith,4,0.2956,1.0000,0.0000,1,3
82,186,ChemFrame.java,M,21,1,79,0.9753,0.0123,80,basmith,2,0.0000,0.0000,0.0000,0,2
82,188,ChemFrame.java,M,9,1,79,0.9753,0.0123,80,basmith,4,0.2983,0.6781,0.0000,2,2
82,189,ChemFrame.java,M,8,1,79,0.9753,0.0123,80,basmith,1,0.0000,0.0000,0.0000,0,1
82,192,ChemFrame.java,M,17,1,79,0.9753,0.0123,80,basmith,2,0.5000,1.0000,0.0000,1,1
82,196,ChemFrame.java,M,68,3,77,0.9506,0.0370,80,basmith,4,0.2681,0.5576,0.0000,2,2
82,197,ChemFrame.java,M,68,3,77,0.9506,0.0370,80,basmith,4,0.3089,0.6781,0.0000,2,2
82,200,ChemFrame.java,M,23,1,79,0.9753,0.0123,80,basmith,12,0.1667,1.0000,0.0000,2,10
82,202,ChemFrame.java,M,8,1,79,0.9753,0.0123,80,basmith,1,0.0000,0.0000,0.0000,0,1
82,203,ChemFrame.java,M,14,1,79,0.9753,0.0123,80,basmith,1,0.0000,0.0000,0.0000,0,1
82,205,ChemFrame.java,M,5,1,79,0.9753,0.0123,80,basmith,4,0.0000,0.0000,0.0000,0,4
82,207,ChemFrame.java,M,6,1,79,0.9753,0.0123,80,basmith,5,0.2000,1.0000,0.0000,1,4
82,209,ChemFrame.java,M,16,1,79,0.9753,0.0123,80,basmith,9,0.3660,1.0000,0.0000,4,5
82,211,ChemFrame.java,M,11,1,79,0.9753,0.0123,80,basmith,5,0.2000,1.0000,0.0000,1,4
82,213,ChemFrame.java,M,13,1,79,0.9753,0.0123,80,basmith,9,0.3660,1.0000,0.0000,4,5
82,215,ChemFrame.java,M,13,3,77,0.9506,0.0370,80,basmith,9,0.2872,0.6300,0.0000,4,4
82,217,ChemFrame.java,M,8,1,79,0.9753,0.0123,80,basmith,12,0.1667,1.0000,0.0000,2,10
82,219,ChemFrame.java,M,21,1,79,0.9753,0.0123,80,basmith,1,0.0000,0.0000,0.0000,0,1
82,221,ChemFrame.java,M,24,1,79,0.9753,0.0123,80,basmith,2,0.0000,0.0000,0.0000,0,2
82,281,Jmol.java,M,39,2,78,0.9630,0.0247,80,basmith,3,0.0000,0.0000,0.0000,0,3
82,346,Preferences.java,M,5,1,79,0.9753,0.0123,80,basmith,1,0.0000,0.0000,0.0000,0,1
82,362,Preferences.java,M,7,1,79,0.9753,0.0123,80,basmith,4,0.0000,0.0000,0.0000,0,4
82,365,Preferences.java,M,6,2,78,0.9630,0.0247,80,basmith,5,0.0000,0.0000,0.0000,0,5
82,379,Preferences.java,M,105,1,79,0.9753,0.0123,80,basmith,4,0.0000,0.0000,0.0000,0,4
82,381,Preferences.java,M,102,2,78,0.9630,0.0247,80,basmith,4,0.0000,0.0000,0.0000,0,4
82,383,Preferences.java,M,124,2,78,0.9630,0.0247,80,basmith,1,0.0000,0.0000,0.0000,0,1
82,389,Preferences.java,M,106,2,78,0.9630,0.0247,80,basmith,2,0.0000,0.0000,0.0000,0,2
82,396,Preferences.java,M,11,1,79,0.9753,0.0123,80,basmith,1,0.0000,0.0000,0.0000,0,1
82,398,Preferences.java,M,44,2,78,0.9630,0.0247,80,basmith,2,0.0000,0.0000,0.0000,0,2
82,400,Preferences.java,M,62,2,78,0.9630,0.0247,80,basmith,1,0.0000,0.0000,0.0000,0,1
82,402,Preferences.java,M,40,1,79,0.9753,0.0123,80,basmith,1,0.0000,0.0000,0.0000,0,1
82,415,Preferences.java,M,5,1,79,0.9753,0.0123,80,basmith,5,0.0000,0.0000,0.0000,0,5
82,416,Preferences.java,M,5,1,79,0.9753,0.0123,80,basmith,3,0.0000,0.0000,0.0000,0,3
82,417,Preferences.java,M,5,1,79,0.9753,0.0123,80,basmith,2,0.0000,0.0000,0.0000,0,2
82,418,Preferences.java,M,5,1,79,0.9753,0.0123,80,basmith,5,0.0000,0.0000,0.0000,0,5
82,428,Preferences.java,M,8,2,78,0.9630,0.0247,80,basmith,3,0.3333,1.0000,0.0000,1,2
82,429,Preferences.java,M,8,2,78,0.9630,0.0247,80,basmith,7,0.0000,0.0000,0.0000,0,7
82,431,Preferences.java,M,8,2,78,0.9630,0.0247,80,basmith,3,0.3333,1.0000,0.0000,1,2
82,438,DisplaySettings.java,M,6,1,49,0.9608,0.0196,50,basmith,9,0.3660,1.0000,0.0000,4,5
82,476,Bond.java,M,150,1,49,0.9800,0.0200,49,basmith,12,0.1667,1.0000,0.0000,2,10
82,489,ChemFrame.java,M,14,1,49,0.9800,0.0200,49,basmith,4,0.2500,1.0000,0.0000,1,3
82,602,AtomType.java,M,75,2,45,0.9574,0.0426,46,basmith,3,0.0000,0.0000,0.0000,0,3
82,621,ChemFrame.java,M,5,1,46,0.9787,0.0213,46,basmith,15,0.0000,0.0000,0.0000,0,15
82,623,DisplaySettings.java,M,6,2,44,0.9362,0.0426,46,basmith,9,0.3576,0.7941,0.0000,4,4
83,236,Jmol.java,M,6,1,80,0.9756,0.0122,81,gezelter,9,0.0000,0.0000,0.0000,0,9
83,268,Jmol.java,M,6,1,80,0.9756,0.0122,81,gezelter,2,0.0000,0.0000,0.0000,0,2
83,269,Jmol.java,M,6,1,80,0.9756,0.0122,81,gezelter,8,0.0000,0.0000,0.0000,0,8
83,272,Jmol.java,M,12,1,80,0.9756,0.0122,81,gezelter,5,0.2000,1.0000,0.0000,1,4
83,273,Jmol.java,M,12,1,80,0.9756,0.0122,81,gezelter,5,0.2000,1.0000,0.0000,1,4
83,274,Jmol.java,M,5,1,80,0.9756,0.0122,81,gezelter,3,0.6667,1.0000,0.0000,2,1
83,275,Jmol.java,M,5,1,80,0.9756,0.0122,81,gezelter,1,0.0000,0.0000,0.0000,0,1
83,276,Jmol.java,M,5,1,80,0.9756,0.0122,81,gezelter,3,0.6667,1.0000,0.0000,2,1
83,277,Jmol.java,M,5,1,80,0.9756,0.0122,81,gezelter,3,0.6667,1.0000,0.0000,2,1
83,278,Jmol.java,M,10,1,80,0.9756,0.0122,81,gezelter,1,1.0000,1.0000,1.0000,1,0
83,279,Jmol.java,M,10,1,80,0.9756,0.0122,81,gezelter,1,1.0000,1.0000,1.0000,1,0
83,523,Jmol.java,M,6,1,50,0.9804,0.0196,50,gezelter,2,0.0000,0.0000,0.0000,0,2
83,660,Splash.java,M,8,1,0,0.0000,1.0000,0,gezelter,5,0.0000,0.0000,0.0000,0,5
85,123,Animate.java,M,134,2,81,0.9643,0.0238,83,gezelter,5,0.0000,0.0000,0.0000,0,5
86,249,XYZFile.java,M,5,1,83,0.9765,0.0118,84,gezelter,4,0.0000,0.0000,0.0000,0,4
86,275,Jmol.java,M,5,2,82,0.9647,0.0235,84,gezelter,1,0.0000,0.0000,0.0000,0,1
86,276,Jmol.java,M,5,2,82,0.9647,0.0235,84,gezelter,3,0.3183,0.4775,0.0000,0,1
86,434,XYZFile.java,M,82,1,83,0.9765,0.0118,84,gezelter,3,0.0000,0.0000,0.0000,0,3
92,502,JmolApplet.java,M,6,2,57,0.9500,0.0333,59,gezelter,0,0.0000,0.0000,0.0000,0,0
92,503,JmolApplet.java,M,5,2,57,0.9500,0.0333,59,gezelter,1,0.0000,0.0000,0.0000,0,1
95,611,BaseAtomType.java,M,8,1,59,0.9833,0.0167,59,gezelter,4,0.0000,0.0000,0.0000,0,4
95,613,BaseAtomType.java,M,12,1,59,0.9833,0.0167,59,gezelter,3,0.0000,0.0000,0.0000,0,3
95,615,BaseAtomType.java,M,13,1,59,0.9833,0.0167,59,gezelter,4,0.2500,1.0000,0.0000,1,3
95,617,BaseAtomType.java,M,21,1,59,0.9833,0.0167,59,gezelter,4,0.2500,1.0000,0.0000,1,3
95,621,ChemFrame.java,M,5,2,58,0.9667,0.0333,59,gezelter,15,0.0000,0.0000,0.0000,0,15
96,17,ChemFrame.java,M,8,2,92,0.9684,0.0211,94,gezelter,2,0.1983,0.3965,0.0000,0,1
96,79,Gaussian94Reader.java,M,37,1,93,0.9789,0.0105,94,gezelter,9,0.1111,1.0000,0.0000,1,8
96,80,Gaussian98Reader.java,M,37,1,93,0.9789,0.0105,94,gezelter,9,0.1111,1.0000,0.0000,1,8
96,202,ChemFrame.java,M,8,2,92,0.9684,0.0211,94,gezelter,1,0.0000,0.0000,0.0000,0,1
96,203,ChemFrame.java,M,14,2,92,0.9684,0.0211,94,gezelter,1,0.0000,0.0000,0.0000,0,1
96,207,ChemFrame.java,M,6,2,92,0.9684,0.0211,94,gezelter,5,0.3207,1.0000,0.0000,2,3
96,209,ChemFrame.java,M,16,2,92,0.9684,0.0211,94,gezelter,9,0.3223,1.0000,0.0000,2,4
96,211,ChemFrame.java,M,11,2,92,0.9684,0.0211,94,gezelter,5,0.3207,1.0000,0.0000,2,3
96,213,ChemFrame.java,M,13,2,92,0.9684,0.0211,94,gezelter,9,0.3223,1.0000,0.0000,2,4
96,217,ChemFrame.java,M,8,2,92,0.9684,0.0211,94,gezelter,12,0.0661,0.3965,0.0000,0,10
96,219,ChemFrame.java,M,21,2,92,0.9684,0.0211,94,gezelter,1,0.0000,0.0000,0.0000,0,1
96,236,Jmol.java,M,6,2,92,0.9684,0.0211,94,gezelter,9,0.1324,0.4284,0.0000,0,6
96,249,XYZFile.java,M,5,2,92,0.9684,0.0211,94,gezelter,4,0.0000,0.0000,0.0000,0,4
96,250,GaussianFile.java,M,5,1,93,0.9789,0.0105,94,gezelter,2,0.0000,0.0000,0.0000,0,2
96,262,GaussianFile.java,M,11,1,93,0.9789,0.0105,94,gezelter,2,0.0000,0.0000,0.0000,0,2
96,272,Jmol.java,M,12,2,92,0.9684,0.0211,94,gezelter,5,0.2000,1.0000,0.0000,1,4
96,273,Jmol.java,M,12,2,92,0.9684,0.0211,94,gezelter,5,0.2000,1.0000,0.0000,1,4
96,274,Jmol.java,M,5,2,92,0.9684,0.0211,94,gezelter,3,0.5645,1.0000,0.0000,2,1
96,275,Jmol.java,M,5,3,91,0.9579,0.0316,94,gezelter,1,0.0000,0.0000,0.0000,0,1
96,276,Jmol.java,M,5,3,91,0.9579,0.0316,94,gezelter,3,0.4624,0.6936,0.0000,2,1
96,277,Jmol.java,M,5,2,92,0.9684,0.0211,94,gezelter,3,0.5645,1.0000,0.0000,2,1
96,278,Jmol.java,M,10,2,92,0.9684,0.0211,94,gezelter,1,1.0000,1.0000,1.0000,1,0
96,279,Jmol.java,M,10,2,92,0.9684,0.0211,94,gezelter,1,1.0000,1.0000,1.0000,1,0
96,435,XYZReader.java,M,82,1,93,0.9789,0.0105,94,gezelter,3,0.0000,0.0000,0.0000,0,3
96,489,ChemFrame.java,M,14,2,62,0.9688,0.0313,63,gezelter,4,0.0991,0.3965,0.0000,0,3
96,621,ChemFrame.java,M,5,3,58,0.9508,0.0492,60,gezelter,15,0.0000,0.0000,0.0000,0,15
96,656,CMLReader.java,M,15,1,15,0.9375,0.0625,15,gezelter,5,0.2414,0.6035,0.0000,2,3
102,531,JMolCDO.java,M,5,1,69,0.9857,0.0143,69,ewilligh,3,0.0000,0.0000,0.0000,0,3
102,669,JMolCDO.java,M,28,1,0,0.0000,1.0000,0,ewilligh,3,0.0000,0.0000,0.0000,0,3
102,670,JMolCDO.java,M,17,1,0,0.0000,1.0000,0,ewilligh,10,0.0000,0.0000,0.0000,0,10
106,531,JMolCDO.java,M,5,2,72,0.9730,0.0270,73,ewilligh,3,0.0000,0.0000,0.0000,0,3
106,533,JMolCDO.java,M,11,1,72,0.9730,0.0135,73,ewilligh,3,0.0000,0.0000,0.0000,0,3
106,535,JMolCDO.java,M,7,1,72,0.9730,0.0135,73,ewilligh,4,0.0000,0.0000,0.0000,0,4
107,663,PropertyGraph.java,M,11,1,9,0.8182,0.0909,10,ewilligh,5,0.0000,0.0000,0.0000,0,5
107,664,PropertyGraph.java,M,6,1,9,0.8182,0.0909,10,ewilligh,10,0.0000,0.0000,0.0000,0,10
107,665,PropertyGraph.java,M,6,1,9,0.8182,0.0909,10,ewilligh,0,0.0000,0.0000,0.0000,0,0
107,667,PropertyGraph.java,M,9,1,9,0.8182,0.0909,10,ewilligh,4,0.0000,0.0000,0.0000,0,4
108,17,ChemFrame.java,M,8,3,103,0.9626,0.0280,106,ewilligh,2,0.1063,0.2126,0.0000,0,1
110,346,Preferences.java,M,5,2,106,0.9725,0.0183,108,gezelter,1,0.0000,0.0000,0.0000,0,1
110,396,Preferences.java,M,11,2,106,0.9725,0.0183,108,gezelter,1,0.0000,0.0000,0.0000,0,1
110,674,JMolCDO.java,M,28,1,0,0.0000,1.0000,0,gezelter,4,0.0000,0.0000,0.0000,0,4
110,675,JMolCDO.java,M,23,1,0,0.0000,1.0000,0,gezelter,2,0.0000,0.0000,0.0000,0,2
110,677,JMolCDO.java,M,5,1,0,0.0000,1.0000,0,gezelter,4,0.0000,0.0000,0.0000,0,4
113,502,JmolApplet.java,M,6,3,77,0.9506,0.0370,80,tjg1,0,0.0000,0.0000,0.0000,0,0
113,506,displayPanel.java,M,10,1,3,0.0370,0.0123,80,tjg1,0,0.0000,0.0000,0.0000,0,0
113,511,displayPanel.java,M,17,2,78,0.9630,0.0247,80,tjg1,4,0.0000,0.0000,0.0000,0,4
113,515,displayPanel.java,M,5,2,78,0.9630,0.0247,80,tjg1,2,0.0000,0.0000,0.0000,0,2
113,517,displayPanel.java,M,6,2,78,0.9630,0.0247,80,tjg1,1,1.0000,1.0000,1.0000,1,0
113,524,displayPanel.java,M,9,2,78,0.9630,0.0247,80,tjg1,0,0.0000,0.0000,0.0000,0,0
113,570,displayPanel.java,M,11,3,77,0.9506,0.0370,80,tjg1,1,1.0000,1.0000,1.0000,1,0
113,571,displayPanel.java,M,11,3,77,0.9506,0.0370,80,tjg1,1,1.0000,1.0000,1.0000,1,0
113,572,displayPanel.java,M,5,4,76,0.9383,0.0494,80,tjg1,3,0.0000,0.0000,0.0000,0,3
113,573,displayPanel.java,M,10,5,75,0.9259,0.0617,80,tjg1,0,0.0000,0.0000,0.0000,0,0
113,586,JmolApplet.java,M,24,1,79,0.9753,0.0123,80,tjg1,1,0.0000,0.0000,0.0000,0,1
113,681,JmolApplet.java,M,6,1,0,0.0000,1.0000,0,tjg1,5,0.0000,0.0000,0.0000,0,5
113,682,displayPanel.java,M,6,1,0,0.0000,1.0000,0,tjg1,1,1.0000,1.0000,1.0000,1,0
113,683,JmolApplet.java,M,20,1,0,0.0000,1.0000,0,tjg1,0,0.0000,0.0000,0.0000,0,0
115,663,PropertyGraph.java,M,11,2,16,0.8421,0.1053,18,ewilligh,5,0.0000,0.0000,0.0000,0,5
115,664,PropertyGraph.java,M,6,2,16,0.8421,0.1053,18,ewilligh,10,0.0000,0.0000,0.0000,0,10
115,665,PropertyGraph.java,M,6,2,16,0.8421,0.1053,18,ewilligh,0,0.0000,0.0000,0.0000,0,0
115,667,PropertyGraph.java,M,9,2,16,0.8421,0.1053,18,ewilligh,4,0.0000,0.0000,0.0000,0,4
115,688,PropertyGraph.java,M,13,1,0,0.0000,1.0000,0,ewilligh,1,0.0000,0.0000,0.0000,0,1
126,437,BaseAtomType.java,M,7,1,102,0.9808,0.0096,103,gezelter,2,0.0000,0.0000,0.0000,0,2
126,608,BaseAtomType.java,M,10,1,89,0.9780,0.0110,90,gezelter,3,0.0000,0.0000,0.0000,0,3
127,73,Vibrate.java,M,11,1,124,0.9841,0.0079,125,gezelter,1,0.0000,0.0000,0.0000,0,1
127,121,Vibrate.java,M,16,1,124,0.9841,0.0079,125,gezelter,3,0.0000,0.0000,0.0000,0,3
127,126,Vibrate.java,M,8,1,124,0.9841,0.0079,125,gezelter,5,0.0000,0.0000,0.0000,0,5
127,130,Vibrate.java,M,5,1,124,0.9841,0.0079,125,gezelter,1,0.0000,0.0000,0.0000,0,1
127,137,Vibrate.java,M,6,1,124,0.9841,0.0079,125,gezelter,2,0.5000,1.0000,0.0000,1,1
127,140,Vibrate.java,M,6,1,124,0.9841,0.0079,125,gezelter,2,0.5000,1.0000,0.0000,1,1
127,143,Vibrate.java,M,8,1,124,0.9841,0.0079,125,gezelter,5,0.0000,0.0000,0.0000,0,5
127,666,Vibrate.java,M,6,1,30,0.9677,0.0323,30,gezelter,0,0.0000,0.0000,0.0000,0,0
127,668,Vibrate.java,M,9,1,30,0.9677,0.0323,30,gezelter,4,0.0000,0.0000,0.0000,0,4
127,689,Vibrate.java,M,37,1,0,0.0000,1.0000,0,gezelter,5,0.0000,0.0000,0.0000,0,5
130,17,ChemFrame.java,M,8,4,124,0.9612,0.0310,128,gezelter,2,0.0560,0.1121,0.0000,0,2
130,79,Gaussian94Reader.java,M,37,2,126,0.9767,0.0155,128,gezelter,9,0.1111,1.0000,0.0000,1,8
130,80,Gaussian98Reader.java,M,37,2,126,0.9767,0.0155,128,gezelter,9,0.1111,1.0000,0.0000,1,8
130,202,ChemFrame.java,M,8,3,125,0.9690,0.0233,128,gezelter,1,0.0000,0.0000,0.0000,0,1
130,205,ChemFrame.java,M,5,2,126,0.9767,0.0155,128,gezelter,5,0.0000,0.0000,0.0000,0,5
130,207,ChemFrame.java,M,6,3,125,0.9690,0.0233,128,gezelter,3,0.1247,0.3740,0.0000,0,2
130,236,Jmol.java,M,6,3,125,0.9690,0.0233,128,gezelter,10,0.3324,0.6232,0.0000,4,5
130,248,Gaussian94Reader.java,M,5,1,127,0.9845,0.0078,128,gezelter,3,0.3333,1.0000,0.0000,1,2
130,251,Gaussian98Reader.java,M,5,1,127,0.9845,0.0078,128,gezelter,3,0.3333,1.0000,0.0000,1,2
130,253,Gaussian98Reader.java,M,24,1,127,0.9845,0.0078,128,gezelter,10,0.3611,0.9421,0.0000,4,5
130,260,Gaussian98Reader.java,M,5,1,127,0.9845,0.0078,128,gezelter,1,1.0000,1.0000,1.0000,1,0
130,261,Gaussian98Reader.java,M,5,1,127,0.9845,0.0078,128,gezelter,1,1.0000,1.0000,1.0000,1,0
130,270,Jmol.java,M,5,1,127,0.9845,0.0078,128,gezelter,2,0.0000,0.0000,0.0000,0,2
130,271,Jmol.java,M,14,1,127,0.9845,0.0078,128,gezelter,0,0.0000,0.0000,0.0000,0,0
130,272,Jmol.java,M,12,3,125,0.9690,0.0233,128,gezelter,5,0.2000,1.0000,0.0000,1,4
130,273,Jmol.java,M,12,3,125,0.9690,0.0233,128,gezelter,5,0.2000,1.0000,0.0000,1,4
130,274,Jmol.java,M,5,3,125,0.9690,0.0233,128,gezelter,4,0.4643,1.0000,0.0000,2,2
130,275,Jmol.java,M,5,4,124,0.9612,0.0310,128,gezelter,1,0.0000,0.0000,0.0000,0,1
130,276,Jmol.java,M,5,4,124,0.9612,0.0310,128,gezelter,4,0.4286,0.8573,0.0000,2,2
130,277,Jmol.java,M,5,3,125,0.9690,0.0233,128,gezelter,4,0.4643,1.0000,0.0000,2,2
130,278,Jmol.java,M,10,3,125,0.9690,0.0233,128,gezelter,1,1.0000,1.0000,1.0000,1,0
130,279,Jmol.java,M,10,3,125,0.9690,0.0233,128,gezelter,1,1.0000,1.0000,1.0000,1,0
130,281,Jmol.java,M,39,3,125,0.9690,0.0233,128,gezelter,4,0.1169,0.4675,0.0000,0,3
130,435,XYZReader.java,M,82,2,126,0.9767,0.0155,128,gezelter,3,0.0000,0.0000,0.0000,0,3
130,438,DisplaySettings.java,M,6,2,96,0.9697,0.0202,98,gezelter,10,0.3968,0.9527,0.0000,4,5
130,523,Jmol.java,M,6,2,96,0.9796,0.0204,97,gezelter,2,0.0000,0.0000,0.0000,0,2
130,621,ChemFrame.java,M,5,4,91,0.9579,0.0421,94,gezelter,16,0.0000,0.0000,0.0000,0,16
130,624,DisplaySettings.java,M,6,2,92,0.9684,0.0211,94,gezelter,10,0.3631,0.9421,0.0000,4,5
130,665,PropertyGraph.java,M,6,3,30,0.8824,0.0882,33,gezelter,0,0.0000,0.0000,0.0000,0,0
130,667,PropertyGraph.java,M,9,3,30,0.8824,0.0882,33,gezelter,4,0.1169,0.4675,0.0000,0,3
130,690,CMLReader.java,M,5,1,0,0.0000,1.0000,0,gezelter,1,0.0000,0.0000,0.0000,0,1
134,400,Preferences.java,M,62,3,129,0.9699,0.0226,132,gezelter,1,0.0000,0.0000,0.0000,0,1
136,77,GamessReader.java,M,37,1,133,0.9852,0.0074,134,basmith,9,0.0000,0.0000,0.0000,0,9
136,86,GamessReader.java,M,47,1,133,0.9852,0.0074,134,basmith,6,0.0000,0.0000,0.0000,0,6
136,239,GamessReader.java,M,8,1,133,0.9852,0.0074,134,basmith,1,0.0000,0.0000,0.0000,0,1
136,241,GamessReader.java,M,9,1,133,0.9852,0.0074,134,basmith,4,0.2500,1.0000,0.0000,1,3
136,242,GamessReader.java,M,9,1,133,0.9852,0.0074,134,basmith,4,0.2500,1.0000,0.0000,1,3
136,692,GamessReader.java,M,38,1,0,0.0000,1.0000,0,basmith,4,0.0000,0.0000,0.0000,0,4
139,106,Angle.java,M,11,3,134,0.9710,0.0217,137,basmith,5,0.2000,1.0000,0.0000,1,4
139,107,Dihedral.java,M,11,3,134,0.9710,0.0217,137,basmith,5,0.2000,1.0000,0.0000,1,4
139,108,Angle.java,M,8,2,135,0.9783,0.0145,137,basmith,0,0.0000,0.0000,0.0000,0,0
139,109,Dihedral.java,M,9,2,135,0.9783,0.0145,137,basmith,1,0.0000,0.0000,0.0000,0,1
139,166,AtomType.java,M,5,3,134,0.9710,0.0217,137,basmith,2,0.0000,0.0000,0.0000,0,2
139,176,Bond.java,M,8,2,135,0.9783,0.0145,137,basmith,8,0.1250,1.0000,0.0000,1,7
139,177,Bond.java,M,8,2,135,0.9783,0.0145,137,basmith,8,0.1250,1.0000,0.0000,1,7
139,178,Bond.java,M,7,3,134,0.9710,0.0217,137,basmith,4,0.2440,0.8519,0.0000,1,3
139,179,Bond.java,M,7,2,135,0.9783,0.0145,137,basmith,4,0.2130,0.8519,0.0000,1,3
139,231,displayPanel.java,M,24,1,136,0.9855,0.0072,137,basmith,1,1.0000,1.0000,1.0000,1,0
139,232,displayPanel.java,M,24,1,136,0.9855,0.0072,137,basmith,1,1.0000,1.0000,1.0000,1,0
139,235,displayPanel.java,M,5,1,136,0.9855,0.0072,137,basmith,1,0.0000,0.0000,0.0000,0,1
139,372,Preferences.java,M,7,1,136,0.9855,0.0072,137,basmith,4,0.2500,1.0000,0.0000,1,3
139,373,Preferences.java,M,7,1,136,0.9855,0.0072,137,basmith,4,0.2500,1.0000,0.0000,1,3
139,381,Preferences.java,M,102,3,134,0.9710,0.0217,137,basmith,4,0.0000,0.0000,0.0000,0,4
139,383,Preferences.java,M,124,3,134,0.9710,0.0217,137,basmith,1,0.0000,0.0000,0.0000,0,1
139,398,Preferences.java,M,44,3,134,0.9710,0.0217,137,basmith,2,0.0000,0.0000,0.0000,0,2
139,400,Preferences.java,M,62,4,133,0.9638,0.0290,137,basmith,1,0.0000,0.0000,0.0000,0,1
139,402,Preferences.java,M,40,2,135,0.9783,0.0145,137,basmith,1,0.0000,0.0000,0.0000,0,1
139,415,Preferences.java,M,5,2,135,0.9783,0.0145,137,basmith,5,0.0000,0.0000,0.0000,0,5
139,451,AtomType.java,M,51,1,106,0.9907,0.0093,106,basmith,4,0.0000,0.0000,0.0000,0,4
139,459,AtomType.java,M,15,1,106,0.9907,0.0093,106,basmith,6,0.0000,0.0000,0.0000,0,6
139,476,Bond.java,M,150,2,105,0.9813,0.0187,106,basmith,12,0.0231,0.1532,0.0000,0,12
139,512,displayPanel.java,M,68,1,106,0.9907,0.0093,106,basmith,3,0.0000,0.0000,0.0000,0,3
139,602,AtomType.java,M,75,3,101,0.9712,0.0288,103,basmith,3,0.0000,0.0000,0.0000,0,3
141,67,Preferences.java,M,11,1,138,0.9857,0.0071,139,basmith,5,0.0000,0.0000,0.0000,0,5
141,73,Vibrate.java,M,11,2,137,0.9786,0.0143,139,basmith,1,0.0000,0.0000,0.0000,0,1
141,121,Vibrate.java,M,16,2,137,0.9786,0.0143,139,basmith,3,0.0000,0.0000,0.0000,0,3
141,126,Vibrate.java,M,8,2,137,0.9786,0.0143,139,basmith,5,0.0000,0.0000,0.0000,0,5
141,130,Vibrate.java,M,5,2,137,0.9786,0.0143,139,basmith,1,0.0000,0.0000,0.0000,0,1
141,137,Vibrate.java,M,6,2,137,0.9786,0.0143,139,basmith,2,0.5000,1.0000,0.0000,1,1
141,140,Vibrate.java,M,6,2,137,0.9786,0.0143,139,basmith,2,0.5000,1.0000,0.0000,1,1
141,171,Vibrate.java,M,12,1,138,0.9857,0.0071,139,basmith,2,0.0000,0.0000,0.0000,0,2
141,346,Preferences.java,M,5,3,136,0.9714,0.0214,139,basmith,1,0.0000,0.0000,0.0000,0,1
141,350,Preferences.java,M,36,1,138,0.9857,0.0071,139,basmith,3,0.0000,0.0000,0.0000,0,3
141,367,Preferences.java,M,6,1,138,0.9857,0.0071,139,basmith,4,0.5000,1.0000,0.0000,2,2
141,396,Preferences.java,M,11,3,136,0.9714,0.0214,139,basmith,1,0.0000,0.0000,0.0000,0,1
141,398,Preferences.java,M,44,4,135,0.9643,0.0286,139,basmith,1,0.0000,0.0000,0.0000,0,1
141,400,Preferences.java,M,62,5,134,0.9571,0.0357,139,basmith,1,0.0000,0.0000,0.0000,0,1
141,402,Preferences.java,M,40,3,136,0.9714,0.0214,139,basmith,1,0.0000,0.0000,0.0000,0,1
141,415,Preferences.java,M,5,3,136,0.9714,0.0214,139,basmith,5,0.0000,0.0000,0.0000,0,5
141,416,Preferences.java,M,5,2,137,0.9786,0.0143,139,basmith,5,0.0000,0.0000,0.0000,0,5
141,417,Preferences.java,M,5,2,137,0.9786,0.0143,139,basmith,2,0.0000,0.0000,0.0000,0,2
141,418,Preferences.java,M,5,2,137,0.9786,0.0143,139,basmith,5,0.0000,0.0000,0.0000,0,5
141,666,Vibrate.java,M,6,2,43,0.9556,0.0444,44,basmith,0,0.0000,0.0000,0.0000,0,0
141,668,Vibrate.java,M,9,2,43,0.9556,0.0444,44,basmith,4,0.0000,0.0000,0.0000,0,4
141,695,Preferences.java,M,6,1,0,0.0000,1.0000,0,basmith,4,0.5000,1.0000,0.0000,2,2
141,696,Preferences.java,M,102,1,0,0.0000,1.0000,0,basmith,0,0.0000,0.0000,0.0000,0,0
144,697,CACheReader.java,M,47,1,1,0.3333,0.3333,2,fultoncr,7,0.0000,0.0000,0.0000,0,7
158,534,JMolCDO.java,M,11,1,123,0.9762,0.0079,125,basmith,3,0.0000,0.0000,0.0000,0,3
163,259,Gaussian98Reader.java,M,5,1,160,0.9877,0.0062,161,mfagan,4,0.0000,0.0000,0.0000,0,4
163,488,ChemFrame.java,M,15,3,127,0.9695,0.0229,130,mfagan,0,0.0000,0.0000,0.0000,0,0
163,493,ChemFrame.java,M,10,6,124,0.9466,0.0458,130,mfagan,3,0.0000,0.0000,0.0000,0,3
163,494,ChemFrame.java,M,7,6,124,0.9466,0.0458,130,mfagan,3,0.0000,0.0000,0.0000,0,3
163,495,ChemFrame.java,M,16,4,126,0.9618,0.0305,130,mfagan,10,0.0798,0.7979,0.0000,1,9
163,496,ChemFrame.java,M,8,4,126,0.9618,0.0305,130,mfagan,1,0.0000,0.0000,0.0000,0,1
163,499,ChemFrame.java,M,21,4,126,0.9618,0.0305,130,mfagan,1,0.0000,0.0000,0.0000,0,1
163,502,JmolApplet.java,M,6,4,126,0.9618,0.0305,130,mfagan,0,0.0000,0.0000,0.0000,0,0
163,503,JmolApplet.java,M,5,3,126,0.9618,0.0229,130,mfagan,1,0.0000,0.0000,0.0000,0,1
163,508,displayPanel.java,M,13,2,128,0.9771,0.0153,130,mfagan,4,0.0000,0.0000,0.0000,0,4
163,511,displayPanel.java,M,17,3,127,0.9695,0.0229,130,mfagan,4,0.0000,0.0000,0.0000,0,4
163,570,displayPanel.java,M,11,4,126,0.9618,0.0305,130,mfagan,1,0.2249,0.2249,0.2249,0,0
163,586,JmolApplet.java,M,24,2,128,0.9771,0.0153,130,mfagan,1,0.8176,0.8176,0.8176,1,0
163,587,JmolApplet.java,M,24,1,128,0.9771,0.0076,130,mfagan,1,0.8176,0.8176,0.8176,1,0
163,592,JmolSimpleBean.java,M,11,3,127,0.9695,0.0229,130,mfagan,1,1.0000,1.0000,1.0000,1,0
163,593,JmolSimpleBean.java,M,11,3,127,0.9695,0.0229,130,mfagan,1,1.0000,1.0000,1.0000,1,0
163,594,JmolSimpleBean.java,M,18,4,126,0.9618,0.0305,130,mfagan,2,0.9887,1.0000,0.9773,2,0
163,595,JmolSimpleBean.java,M,18,3,127,0.9695,0.0229,130,mfagan,2,0.9773,0.9773,0.9773,2,0
163,596,JmolSimpleBean.java,M,18,4,126,0.9618,0.0305,130,mfagan,2,0.9887,1.0000,0.9773,2,0
163,597,JmolSimpleBean.java,M,14,5,125,0.9542,0.0382,130,mfagan,3,0.6603,1.0000,0.0000,2,1
163,598,JmolSimpleBean.java,M,14,5,125,0.9542,0.0382,130,mfagan,3,0.6603,1.0000,0.0000,2,1
163,599,JmolSimpleBean.java,M,14,4,126,0.9618,0.0305,130,mfagan,3,0.6539,0.9808,0.0000,2,1
163,622,ChemFrame.java,M,9,3,125,0.9766,0.0234,127,mfagan,1,0.0000,0.0000,0.0000,0,1
163,638,ChemFrame.java,M,8,3,121,0.9758,0.0242,123,mfagan,12,0.0000,0.0000,0.0000,0,12
163,639,ChemFrame.java,M,5,3,121,0.9758,0.0242,123,mfagan,8,0.0000,0.0000,0.0000,0,8
163,643,AtomRenderer.java,M,5,1,120,0.9836,0.0082,121,mfagan,2,0.0000,0.0000,0.0000,0,2
163,650,XYZReader.java,M,84,1,112,0.9825,0.0088,113,mfagan,8,0.0000,0.0000,0.0000,0,8
163,652,Gaussian98Reader.java,M,9,1,88,0.9778,0.0111,89,mfagan,4,0.0000,0.0000,0.0000,0,4
163,681,JmolApplet.java,M,6,2,49,0.9608,0.0392,50,mfagan,5,0.0000,0.0000,0.0000,0,5
163,683,JmolApplet.java,M,20,2,49,0.9608,0.0392,50,mfagan,0,0.0000,0.0000,0.0000,0,0
163,684,JmolApplet.java,M,11,1,49,0.9608,0.0196,50,mfagan,7,0.0000,0.0000,0.0000,0,7
163,685,JmolApplet.java,M,12,1,49,0.9608,0.0196,50,mfagan,1,1.0000,1.0000,1.0000,1,0
163,686,JmolApplet.java,M,12,1,49,0.9608,0.0196,50,mfagan,1,1.0000,1.0000,1.0000,1,0
163,700,Gaussian98Reader.java,M,6,1,0,0.0000,1.0000,0,mfagan,4,0.0000,0.0000,0.0000,0,4
163,702,Gaussian98Reader.java,M,5,1,0,0.0000,1.0000,0,mfagan,2,0.5000,1.0000,0.0000,1,1
163,703,PDBReader.java,M,5,1,0,0.0000,1.0000,0,mfagan,2,0.5000,1.0000,0.0000,1,1
163,710,displayPanel.java,M,14,1,0,0.0000,1.0000,0,mfagan,6,0.1667,1.0000,0.0000,1,5
163,712,displayPanel.java,M,29,1,0,0.0000,1.0000,0,mfagan,2,0.0000,0.0000,0.0000,0,2
163,713,Atom.java,M,5,1,0,0.0000,1.0000,0,mfagan,6,0.1667,1.0000,0.0000,1,5
163,714,ChemFrame.java,M,5,1,0,0.0000,1.0000,0,mfagan,2,0.0000,0.0000,0.0000,0,2
166,236,Jmol.java,M,6,4,160,0.9697,0.0242,164,basmith,10,0.1246,0.2198,0.0000,0,6
166,274,Jmol.java,M,5,4,160,0.9697,0.0242,164,basmith,6,0.3241,1.0000,0.0000,2,4
166,275,Jmol.java,M,5,5,159,0.9636,0.0303,164,basmith,1,0.0000,0.0000,0.0000,0,1
166,276,Jmol.java,M,5,5,159,0.9636,0.0303,164,basmith,6,0.3148,0.9445,0.0000,2,4
166,277,Jmol.java,M,5,4,160,0.9697,0.0242,164,basmith,6,0.3241,1.0000,0.0000,2,4
168,502,JmolApplet.java,M,6,5,130,0.9559,0.0368,135,mfagan,0,0.0000,0.0000,0.0000,0,0
168,503,JmolApplet.java,M,5,4,130,0.9559,0.0294,135,mfagan,1,0.0000,0.0000,0.0000,0,1
168,586,JmolApplet.java,M,24,3,132,0.9706,0.0221,135,mfagan,1,0.9064,0.9064,0.9064,1,0
168,587,JmolApplet.java,M,24,2,132,0.9706,0.0147,135,mfagan,1,0.9064,0.9064,0.9064,1,0
168,681,JmolApplet.java,M,6,3,53,0.9464,0.0536,55,mfagan,5,0.0000,0.0000,0.0000,0,5
168,684,JmolApplet.java,M,11,2,53,0.9464,0.0357,55,mfagan,7,0.0000,0.0000,0.0000,0,7
168,685,JmolApplet.java,M,12,2,53,0.9464,0.0357,55,mfagan,1,1.0000,1.0000,1.0000,1,0
168,686,JmolApplet.java,M,12,2,53,0.9464,0.0357,55,mfagan,1,1.0000,1.0000,1.0000,1,0
172,502,JmolApplet.java,M,6,6,133,0.9500,0.0429,139,gezelter,0,0.0000,0.0000,0.0000,0,0
172,503,JmolApplet.java,M,5,5,133,0.9500,0.0357,139,gezelter,1,0.0000,0.0000,0.0000,0,1
172,586,JmolApplet.java,M,24,4,135,0.9643,0.0286,139,gezelter,1,0.9396,0.9396,0.9396,1,0
172,587,JmolApplet.java,M,24,3,135,0.9643,0.0214,139,gezelter,1,0.9396,0.9396,0.9396,1,0
172,592,JmolSimpleBean.java,M,11,4,135,0.9643,0.0286,139,gezelter,1,1.0000,1.0000,1.0000,1,0
172,593,JmolSimpleBean.java,M,11,4,135,0.9643,0.0286,139,gezelter,1,1.0000,1.0000,1.0000,1,0
172,594,JmolSimpleBean.java,M,18,5,134,0.9571,0.0357,139,gezelter,2,0.4587,0.4640,0.4535,0,0
172,597,JmolSimpleBean.java,M,14,6,133,0.9500,0.0429,139,gezelter,3,0.6637,1.0000,0.0000,2,1
172,598,JmolSimpleBean.java,M,14,6,133,0.9500,0.0429,139,gezelter,3,0.6637,1.0000,0.0000,2,1
172,599,JmolSimpleBean.java,M,14,5,134,0.9571,0.0357,139,gezelter,3,0.6607,0.9910,0.0000,2,1
172,605,AtomTypeSet.java,M,9,1,135,0.9854,0.0073,136,gezelter,8,0.0000,0.0000,0.0000,0,8
172,681,JmolApplet.java,M,6,4,56,0.9333,0.0667,59,gezelter,5,0.0000,0.0000,0.0000,0,5
172,683,JmolApplet.java,M,20,3,57,0.9500,0.0500,59,gezelter,0,0.0000,0.0000,0.0000,0,0
172,684,JmolApplet.java,M,11,3,56,0.9333,0.0500,59,gezelter,7,0.0000,0.0000,0.0000,0,7
172,685,JmolApplet.java,M,12,3,56,0.9333,0.0500,59,gezelter,1,0.6227,0.6227,0.6227,1,0
172,713,Atom.java,M,5,2,8,0.8000,0.2000,9,gezelter,6,0.0722,0.4329,0.0000,0,5
172,723,AtomTypeSet.java,M,6,1,0,0.0000,1.0000,0,gezelter,0,0.0000,0.0000,0.0000,0,0
173,607,AtomTypeSet.java,M,11,1,135,0.9783,0.0072,137,gezelter,1,0.0000,0.0000,0.0000,0,1
175,236,Jmol.java,M,6,5,168,0.9655,0.0287,173,tjg1,10,0.0694,0.1190,0.0000,0,10
175,274,Jmol.java,M,5,5,168,0.9655,0.0287,173,tjg1,6,0.3282,1.0000,0.0000,2,4
175,275,Jmol.java,M,5,6,167,0.9598,0.0345,173,tjg1,1,0.0000,0.0000,0.0000,0,1
175,276,Jmol.java,M,5,6,167,0.9598,0.0345,173,tjg1,6,0.3231,0.9692,0.0000,2,4
175,277,Jmol.java,M,5,5,168,0.9655,0.0287,173,tjg1,6,0.3282,1.0000,0.0000,2,4
176,236,Jmol.java,M,6,6,168,0.9600,0.0343,174,tjg1,10,0.0477,0.0808,0.0000,0,10
176,268,Jmol.java,M,6,2,172,0.9829,0.0114,174,tjg1,1,0.0000,0.0000,0.0000,0,1
176,274,Jmol.java,M,5,6,168,0.9600,0.0343,174,tjg1,6,0.3298,1.0000,0.0000,2,4
176,275,Jmol.java,M,5,7,167,0.9543,0.0400,174,tjg1,1,0.0000,0.0000,0.0000,0,1
176,276,Jmol.java,M,5,7,167,0.9543,0.0400,174,tjg1,6,0.3263,0.9789,0.0000,2,4
176,277,Jmol.java,M,5,6,168,0.9600,0.0343,174,tjg1,6,0.3298,1.0000,0.0000,2,4
177,129,displayPanel.java,M,5,1,174,0.9886,0.0057,175,tjg1,4,0.0000,0.0000,0.0000,0,4
177,233,displayPanel.java,M,11,1,174,0.9886,0.0057,175,tjg1,4,0.2500,1.0000,0.0000,1,3
177,234,displayPanel.java,M,11,1,174,0.9886,0.0057,175,tjg1,4,0.2500,1.0000,0.0000,1,3
177,235,displayPanel.java,M,5,2,173,0.9830,0.0114,175,tjg1,2,0.0000,0.0000,0.0000,0,2
177,236,Jmol.java,M,6,7,168,0.9545,0.0398,175,tjg1,10,0.0361,0.0607,0.0000,0,10
177,237,displayPanel.java,M,8,1,174,0.9886,0.0057,175,tjg1,2,0.5000,1.0000,0.0000,1,1
177,238,displayPanel.java,M,8,1,174,0.9886,0.0057,175,tjg1,2,0.5000,1.0000,0.0000,1,1
177,274,Jmol.java,M,5,7,168,0.9545,0.0398,175,tjg1,6,0.3307,1.0000,0.0000,2,4
177,275,Jmol.java,M,5,8,167,0.9489,0.0455,175,tjg1,1,0.0000,0.0000,0.0000,0,1
177,276,Jmol.java,M,5,8,167,0.9489,0.0455,175,tjg1,6,0.3280,0.9840,0.0000,2,4
177,277,Jmol.java,M,5,7,168,0.9545,0.0398,175,tjg1,6,0.3307,1.0000,0.0000,2,4
177,507,displayPanel.java,M,13,1,144,0.9931,0.0069,144,tjg1,1,0.0000,0.0000,0.0000,0,1
177,724,RecentFilesDialog.java,M,5,1,0,0.0000,0.5000,1,tjg1,5,0.2000,1.0000,0.0000,1,4
177,725,RecentFilesDialog.java,M,5,1,0,0.0000,0.5000,1,tjg1,5,0.2000,1.0000,0.0000,1,4
179,282,JmolResourceHandler.java,M,7,1,176,0.9888,0.0056,177,basmith,5,0.0000,0.0000,0.0000,0,5
179,283,JmolResourceHandler.java,M,12,1,176,0.9888,0.0056,177,basmith,2,0.0000,0.0000,0.0000,0,2
183,236,Jmol.java,M,6,8,173,0.9505,0.0440,181,ewilligh,10,0.0279,0.0468,0.0000,0,10
183,268,Jmol.java,M,6,3,178,0.9780,0.0165,181,ewilligh,1,0.0000,0.0000,0.0000,0,1
183,269,Jmol.java,M,6,2,179,0.9835,0.0110,181,ewilligh,8,0.0000,0.0000,0.0000,0,8
183,270,Jmol.java,M,5,2,179,0.9835,0.0110,181,ewilligh,2,0.0000,0.0000,0.0000,0,2
183,271,Jmol.java,M,14,2,179,0.9835,0.0110,181,ewilligh,0,0.0000,0.0000,0.0000,0,0
183,272,Jmol.java,M,12,4,177,0.9725,0.0220,181,ewilligh,4,0.0616,0.2466,0.0000,0,3
183,274,Jmol.java,M,5,8,173,0.9505,0.0440,181,ewilligh,6,0.3313,1.0000,0.0000,2,4
183,275,Jmol.java,M,5,9,172,0.9451,0.0495,181,ewilligh,1,0.0000,0.0000,0.0000,0,1
183,276,Jmol.java,M,5,9,172,0.9451,0.0495,181,ewilligh,6,0.3292,0.9877,0.0000,2,4
183,277,Jmol.java,M,5,8,173,0.9505,0.0440,181,ewilligh,6,0.3313,1.0000,0.0000,2,4
183,279,Jmol.java,M,10,4,177,0.9725,0.0220,181,ewilligh,2,0.1233,0.2466,0.0000,0,1
183,280,Jmol.java,M,39,1,180,0.9890,0.0055,181,ewilligh,3,0.2639,0.7918,0.0000,1,2
183,281,Jmol.java,M,39,4,177,0.9725,0.0220,181,ewilligh,3,0.3112,0.7918,0.0000,1,2
187,236,Jmol.java,M,6,9,176,0.9462,0.0484,185,ewilligh,10,0.0223,0.0372,0.0000,0,10
187,268,Jmol.java,M,6,4,181,0.9731,0.0215,185,ewilligh,1,0.0000,0.0000,0.0000,0,1
187,274,Jmol.java,M,5,9,176,0.9462,0.0484,185,ewilligh,6,0.3317,1.0000,0.0000,2,4
187,275,Jmol.java,M,5,10,175,0.9409,0.0538,185,ewilligh,1,0.0000,0.0000,0.0000,0,1
187,276,Jmol.java,M,5,10,175,0.9409,0.0538,185,ewilligh,6,0.3301,0.9902,0.0000,2,4
187,277,Jmol.java,M,5,9,176,0.9462,0.0484,185,ewilligh,6,0.3317,1.0000,0.0000,2,4
189,236,Jmol.java,M,6,10,177,0.9415,0.0532,187,ewilligh,10,0.0183,0.0305,0.0000,0,10
189,268,Jmol.java,M,6,5,182,0.9681,0.0266,187,ewilligh,1,0.0000,0.0000,0.0000,0,1
189,269,Jmol.java,M,6,3,184,0.9787,0.0160,187,ewilligh,8,0.0000,0.0000,0.0000,0,8
189,274,Jmol.java,M,5,10,177,0.9415,0.0532,187,ewilligh,6,0.3320,1.0000,0.0000,2,4
189,275,Jmol.java,M,5,11,176,0.9362,0.0585,187,ewilligh,1,0.0000,0.0000,0.0000,0,1
189,276,Jmol.java,M,5,11,176,0.9362,0.0585,187,ewilligh,6,0.3306,0.9919,0.0000,2,4
189,277,Jmol.java,M,5,10,177,0.9415,0.0532,187,ewilligh,6,0.3320,1.0000,0.0000,2,4
196,734,RasMolScriptHandler.java,M,8,1,0,0.0000,1.0000,0,ewilligh,3,0.3333,1.0000,0.0000,1,2
196,735,RasMolScriptHandler.java,M,8,1,0,0.0000,1.0000,0,ewilligh,3,0.3333,1.0000,0.0000,1,2
197,205,ChemFrame.java,M,5,3,192,0.9796,0.0153,195,"*]    select all atoms   select none       deselect all atoms   select 1,2,5,6    select atoms 1,2,5,6 :)  New Non-Rasmol Script commands:  - clear",6,0.0000,0.0000,0.0000,0,6
197,207,ChemFrame.java,M,6,4,191,0.9745,0.0204,195,"*]    select all atoms   select none       deselect all atoms   select 1,2,5,6    select atoms 1,2,5,6 :)  New Non-Rasmol Script commands:  - clear",3,0.2965,0.8896,0.0000,1,2
197,209,ChemFrame.java,M,16,3,192,0.9796,0.0153,195,"*]    select all atoms   select none       deselect all atoms   select 1,2,5,6    select atoms 1,2,5,6 :)  New Non-Rasmol Script commands:  - clear",10,0.1795,1.0000,0.0000,2,8
197,211,ChemFrame.java,M,11,3,192,0.9796,0.0153,195,"*]    select all atoms   select none       deselect all atoms   select 1,2,5,6    select atoms 1,2,5,6 :)  New Non-Rasmol Script commands:  - clear",3,0.2965,0.8896,0.0000,1,2
197,213,ChemFrame.java,M,13,3,192,0.9796,0.0153,195,"*]    select all atoms   select none       deselect all atoms   select 1,2,5,6    select atoms 1,2,5,6 :)  New Non-Rasmol Script commands:  - clear",10,0.1795,1.0000,0.0000,2,8
197,215,ChemFrame.java,M,13,4,191,0.9745,0.0204,195,"*]    select all atoms   select none       deselect all atoms   select 1,2,5,6    select atoms 1,2,5,6 :)  New Non-Rasmol Script commands:  - clear",10,0.1784,0.7336,0.0000,2,7
197,217,ChemFrame.java,M,8,3,192,0.9796,0.0153,195,"*]    select all atoms   select none       deselect all atoms   select 1,2,5,6    select atoms 1,2,5,6 :)  New Non-Rasmol Script commands:  - clear",12,0.0046,0.0294,0.0000,0,12
197,219,ChemFrame.java,M,21,3,192,0.9796,0.0153,195,"*]    select all atoms   select none       deselect all atoms   select 1,2,5,6    select atoms 1,2,5,6 :)  New Non-Rasmol Script commands:  - clear",1,0.0000,0.0000,0.0000,0,1
197,734,RasMolScriptHandler.java,M,8,2,0,0.0000,1.0000,1,"*]    select all atoms   select none       deselect all atoms   select 1,2,5,6    select atoms 1,2,5,6 :)  New Non-Rasmol Script commands:  - clear",3,0.3333,1.0000,0.0000,1,2
197,735,RasMolScriptHandler.java,M,8,2,0,0.0000,1.0000,1,"*]    select all atoms   select none       deselect all atoms   select 1,2,5,6    select atoms 1,2,5,6 :)  New Non-Rasmol Script commands:  - clear",3,0.3333,1.0000,0.0000,1,2
197,736,RasMolScriptHandler.java,M,17,1,0,0.0000,1.0000,0,"*]    select all atoms   select none       deselect all atoms   select 1,2,5,6    select atoms 1,2,5,6 :)  New Non-Rasmol Script commands:  - clear",7,0.4286,1.0000,0.0000,3,4
197,737,RasMolScriptHandler.java,M,17,1,0,0.0000,1.0000,0,"*]    select all atoms   select none       deselect all atoms   select 1,2,5,6    select atoms 1,2,5,6 :)  New Non-Rasmol Script commands:  - clear",7,0.4286,1.0000,0.0000,3,4
197,738,RasMolScriptHandler.java,M,8,1,0,0.0000,1.0000,0,"*]    select all atoms   select none       deselect all atoms   select 1,2,5,6    select atoms 1,2,5,6 :)  New Non-Rasmol Script commands:  - clear",0,0.0000,0.0000,0.0000,0,0
197,739,RasMolScriptHandler.java,M,10,1,0,0.0000,1.0000,0,"*]    select all atoms   select none       deselect all atoms   select 1,2,5,6    select atoms 1,2,5,6 :)  New Non-Rasmol Script commands:  - clear",7,0.4286,1.0000,0.0000,3,4
197,740,RasMolScriptHandler.java,M,10,1,0,0.0000,1.0000,0,"*]    select all atoms   select none       deselect all atoms   select 1,2,5,6    select atoms 1,2,5,6 :)  New Non-Rasmol Script commands:  - clear",7,0.4286,1.0000,0.0000,3,4
198,176,Bond.java,M,8,3,193,0.9797,0.0152,196,ewilligh,8,0.0188,0.1505,0.0000,0,8
198,178,Bond.java,M,7,4,192,0.9746,0.0203,196,ewilligh,3,0.3248,0.9745,0.0000,1,2
198,179,Bond.java,M,7,3,193,0.9797,0.0152,196,ewilligh,3,0.3248,0.9745,0.0000,1,2
198,734,RasMolScriptHandler.java,M,8,3,0,0.0000,1.0000,2,ewilligh,3,0.3333,1.0000,0.0000,1,2
198,735,RasMolScriptHandler.java,M,8,3,0,0.0000,1.0000,2,ewilligh,3,0.3333,1.0000,0.0000,1,2
198,737,RasMolScriptHandler.java,M,17,2,0,0.0000,1.0000,1,ewilligh,7,0.3561,1.0000,0.0000,2,4
198,739,RasMolScriptHandler.java,M,10,2,0,0.0000,1.0000,1,ewilligh,7,0.3561,1.0000,0.0000,2,4
198,740,RasMolScriptHandler.java,M,10,2,0,0.0000,1.0000,1,ewilligh,7,0.3561,1.0000,0.0000,2,4
198,741,Bond.java,M,5,1,0,0.0000,1.0000,0,ewilligh,6,0.0000,0.0000,0.0000,0,6
199,732,RasMolScriptHandler.java,M,7,1,3,0.3750,0.1250,7,ewilligh,2,0.0000,0.0000,0.0000,0,2
203,166,AtomType.java,M,5,4,197,0.9752,0.0198,201,ewilligh,2,0.0000,0.0000,0.0000,0,2
203,704,AtomType.java,M,6,1,40,0.9756,0.0244,40,ewilligh,3,0.0000,0.0000,0.0000,0,3
204,181,displayPanel.java,M,5,1,201,0.9901,0.0049,202,%a,6,0.6667,1.0000,0.0000,4,2
204,182,displayPanel.java,M,5,1,201,0.9901,0.0049,202,%a,6,0.6667,1.0000,0.0000,4,2
204,183,displayPanel.java,M,5,1,201,0.9901,0.0049,202,%a,6,0.6667,1.0000,0.0000,4,2
204,184,displayPanel.java,M,5,1,201,0.9901,0.0049,202,%a,6,0.6667,1.0000,0.0000,4,2
204,185,displayPanel.java,M,5,1,201,0.9901,0.0049,202,%a,6,0.6667,1.0000,0.0000,4,2
204,235,displayPanel.java,M,5,3,199,0.9803,0.0148,202,%a,2,0.0000,0.0000,0.0000,0,2
204,236,Jmol.java,M,6,11,191,0.9409,0.0542,202,%a,10,0.0140,0.0238,0.0000,0,10
204,272,Jmol.java,M,12,5,197,0.9704,0.0246,202,%a,4,0.1720,0.6880,0.0000,1,3
204,273,Jmol.java,M,12,4,198,0.9754,0.0197,202,%a,4,0.1720,0.6880,0.0000,1,3
204,274,Jmol.java,M,5,11,191,0.9409,0.0542,202,%a,6,0.3323,1.0000,0.0000,2,4
204,275,Jmol.java,M,5,12,190,0.9360,0.0591,202,%a,1,0.0000,0.0000,0.0000,0,1
204,276,Jmol.java,M,5,12,190,0.9360,0.0591,202,%a,6,0.3312,0.9937,0.0000,2,4
204,277,Jmol.java,M,5,11,191,0.9409,0.0542,202,%a,6,0.3323,1.0000,0.0000,2,4
204,278,Jmol.java,M,10,4,198,0.9754,0.0197,202,%a,2,0.3440,0.6880,0.0000,1,1
204,279,Jmol.java,M,10,5,197,0.9704,0.0246,202,%a,2,0.3440,0.6880,0.0000,1,1
204,514,displayPanel.java,M,5,1,171,0.9942,0.0058,171,%a,4,0.0000,0.0000,0.0000,0,4
204,739,RasMolScriptHandler.java,M,10,3,5,0.6250,0.3750,7,%a,7,0.2755,1.0000,0.0000,2,4
204,740,RasMolScriptHandler.java,M,10,3,5,0.6250,0.3750,7,%a,7,0.2755,1.0000,0.0000,2,4
204,742,RasMolScriptHandler.java,M,8,1,0,0.0000,1.0000,0,%a,4,0.0000,0.0000,0.0000,0,4
205,176,Bond.java,M,8,4,199,0.9755,0.0196,203,false] of hydrogen implemented.,8,0.0732,0.5852,0.0000,1,7
205,177,Bond.java,M,8,3,200,0.9804,0.0147,203,false] of hydrogen implemented.,8,0.0732,0.5852,0.0000,1,7
205,178,Bond.java,M,7,5,198,0.9706,0.0245,203,false] of hydrogen implemented.,3,0.1607,0.4821,0.0000,0,2
205,202,ChemFrame.java,M,8,4,199,0.9755,0.0196,203,false] of hydrogen implemented.,1,0.0000,0.0000,0.0000,0,1
205,205,ChemFrame.java,M,5,4,199,0.9755,0.0196,203,false] of hydrogen implemented.,6,0.0000,0.0000,0.0000,0,6
205,207,ChemFrame.java,M,6,5,198,0.9706,0.0245,203,false] of hydrogen implemented.,3,0.3154,0.9461,0.0000,1,2
205,211,ChemFrame.java,M,11,4,199,0.9755,0.0196,203,false] of hydrogen implemented.,3,0.3154,0.9461,0.0000,1,2
205,217,ChemFrame.java,M,8,4,199,0.9755,0.0196,203,false] of hydrogen implemented.,12,0.0022,0.0135,0.0000,0,12
205,743,Bond.java,M,8,1,0,0.0000,1.0000,0,false] of hydrogen implemented.,2,0.0000,0.0000,0.0000,0,2
206,74,Animate.java,M,11,1,203,0.9902,0.0049,204,ewilligh,1,0.0000,0.0000,0.0000,0,1
206,118,Animate.java,M,31,1,203,0.9902,0.0049,204,ewilligh,5,0.0000,0.0000,0.0000,0,5
206,123,Animate.java,M,134,3,201,0.9805,0.0146,204,ewilligh,5,0.0000,0.0000,0.0000,0,5
206,128,Animate.java,M,5,1,203,0.9902,0.0049,204,ewilligh,2,0.0000,0.0000,0.0000,0,2
206,132,Animate.java,M,6,2,202,0.9854,0.0098,204,ewilligh,5,0.0000,0.0000,0.0000,0,5
206,136,Animate.java,M,6,2,202,0.9854,0.0098,204,ewilligh,4,0.0000,0.0000,0.0000,0,4
206,148,Animate.java,M,5,2,202,0.9854,0.0098,204,ewilligh,1,0.0000,0.0000,0.0000,0,1
206,158,Animate.java,M,8,2,202,0.9854,0.0098,204,ewilligh,4,0.0000,0.0000,0.0000,0,4
206,162,Animate.java,M,6,2,202,0.9854,0.0098,204,ewilligh,3,0.0000,0.0000,0.0000,0,3
207,118,Animate.java,M,31,2,203,0.9854,0.0097,205,gezelter,5,0.0000,0.0000,0.0000,0,5
207,128,Animate.java,M,5,2,203,0.9854,0.0097,205,gezelter,2,0.0000,0.0000,0.0000,0,2
207,132,Animate.java,M,6,3,202,0.9806,0.0146,205,gezelter,5,0.0000,0.0000,0.0000,0,5
207,139,Animate.java,M,8,2,203,0.9854,0.0097,205,gezelter,4,0.0000,0.0000,0.0000,0,4
207,141,Animate.java,M,7,2,203,0.9854,0.0097,205,gezelter,2,0.0000,0.0000,0.0000,0,2
207,148,Animate.java,M,5,3,202,0.9806,0.0146,205,gezelter,1,0.0000,0.0000,0.0000,0,1
207,150,Animate.java,M,5,1,204,0.9903,0.0049,205,gezelter,1,0.0000,0.0000,0.0000,0,1
207,162,Animate.java,M,6,3,202,0.9806,0.0146,205,gezelter,3,0.0000,0.0000,0.0000,0,3
207,724,RecentFilesDialog.java,M,5,2,29,0.9063,0.0625,31,gezelter,5,0.0578,0.2891,0.0000,0,4
208,728,PovraySaver.java,M,9,1,30,0.9375,0.0313,31,gezelter,0,0.0000,0.0000,0.0000,0,0
209,180,ChemFrame.java,M,5,1,206,0.9904,0.0048,207,gezelter,4,0.0000,0.0000,0.0000,0,4
209,181,displayPanel.java,M,5,2,205,0.9856,0.0096,207,gezelter,6,0.6667,1.0000,0.0000,4,2
209,182,displayPanel.java,M,5,2,205,0.9856,0.0096,207,gezelter,6,0.6667,1.0000,0.0000,4,2
209,183,displayPanel.java,M,5,2,205,0.9856,0.0096,207,gezelter,6,0.6667,1.0000,0.0000,4,2
209,184,displayPanel.java,M,5,2,205,0.9856,0.0096,207,gezelter,6,0.6667,1.0000,0.0000,4,2
209,185,displayPanel.java,M,5,2,205,0.9856,0.0096,207,gezelter,6,0.6667,1.0000,0.0000,4,2
209,202,ChemFrame.java,M,8,5,202,0.9712,0.0240,207,gezelter,1,0.0000,0.0000,0.0000,0,1
209,203,ChemFrame.java,M,14,3,204,0.9808,0.0144,207,gezelter,1,0.0000,0.0000,0.0000,0,1
209,204,ChemFrame.java,M,14,1,206,0.9904,0.0048,207,gezelter,1,0.0000,0.0000,0.0000,0,1
209,205,ChemFrame.java,M,5,5,202,0.9712,0.0240,207,gezelter,6,0.0000,0.0000,0.0000,0,6
209,207,ChemFrame.java,M,6,6,201,0.9663,0.0288,207,gezelter,3,0.3219,0.9658,0.0000,1,2
209,209,ChemFrame.java,M,16,4,203,0.9760,0.0192,207,gezelter,10,0.1895,1.0000,0.0000,2,8
209,211,ChemFrame.java,M,11,5,202,0.9712,0.0240,207,gezelter,3,0.3219,0.9658,0.0000,1,2
209,213,ChemFrame.java,M,13,4,203,0.9760,0.0192,207,gezelter,10,0.1895,1.0000,0.0000,2,8
209,215,ChemFrame.java,M,13,5,202,0.9712,0.0240,207,gezelter,10,0.1894,0.8650,0.0000,2,8
209,217,ChemFrame.java,M,8,5,202,0.9712,0.0240,207,gezelter,12,0.0014,0.0084,0.0000,0,12
209,219,ChemFrame.java,M,21,4,203,0.9760,0.0192,207,gezelter,1,0.0000,0.0000,0.0000,0,1
209,237,displayPanel.java,M,8,2,205,0.9856,0.0096,207,gezelter,2,0.5000,1.0000,0.0000,1,1
209,238,displayPanel.java,M,8,2,205,0.9856,0.0096,207,gezelter,2,0.5000,1.0000,0.0000,1,1
209,379,Preferences.java,M,105,2,205,0.9856,0.0096,207,gezelter,4,0.0000,0.0000,0.0000,0,4
209,408,Preferences.java,M,6,1,205,0.9856,0.0048,207,gezelter,4,0.0000,0.0000,0.0000,0,4
209,744,DisplaySettings.java,M,9,1,0,0.0000,1.0000,0,gezelter,4,0.2500,1.0000,0.0000,1,3
209,745,DisplaySettings.java,M,9,1,0,0.0000,1.0000,0,gezelter,4,0.2500,1.0000,0.0000,1,3
210,17,ChemFrame.java,M,8,5,203,0.9713,0.0239,208,ewilligh,2,0.0090,0.0180,0.0000,0,2
210,180,ChemFrame.java,M,5,2,206,0.9856,0.0096,208,ewilligh,4,0.0000,0.0000,0.0000,0,4
210,181,displayPanel.java,M,5,3,205,0.9809,0.0144,208,ewilligh,6,0.6667,1.0000,0.0000,4,2
210,182,displayPanel.java,M,5,3,205,0.9809,0.0144,208,ewilligh,6,0.6667,1.0000,0.0000,4,2
210,183,displayPanel.java,M,5,3,205,0.9809,0.0144,208,ewilligh,6,0.6667,1.0000,0.0000,4,2
210,184,displayPanel.java,M,5,3,205,0.9809,0.0144,208,ewilligh,6,0.6667,1.0000,0.0000,4,2
210,185,displayPanel.java,M,5,3,205,0.9809,0.0144,208,ewilligh,6,0.6667,1.0000,0.0000,4,2
210,202,ChemFrame.java,M,8,6,202,0.9665,0.0287,208,ewilligh,1,0.0000,0.0000,0.0000,0,1
210,203,ChemFrame.java,M,14,4,204,0.9761,0.0191,208,ewilligh,1,0.0000,0.0000,0.0000,0,1
210,204,ChemFrame.java,M,14,2,206,0.9856,0.0096,208,ewilligh,1,0.0000,0.0000,0.0000,0,1
210,205,ChemFrame.java,M,5,6,202,0.9665,0.0287,208,ewilligh,6,0.0000,0.0000,0.0000,0,6
210,207,ChemFrame.java,M,6,7,201,0.9617,0.0335,208,ewilligh,3,0.3251,0.9752,0.0000,1,2
210,211,ChemFrame.java,M,11,6,202,0.9665,0.0287,208,ewilligh,3,0.3251,0.9752,0.0000,1,2
210,213,ChemFrame.java,M,13,5,203,0.9713,0.0239,208,ewilligh,10,0.1561,0.9105,0.0000,2,8
210,215,ChemFrame.java,M,13,6,202,0.9665,0.0287,208,ewilligh,10,0.1594,0.9105,0.0000,2,8
210,217,ChemFrame.java,M,8,6,202,0.9665,0.0287,208,ewilligh,12,0.0010,0.0060,0.0000,0,12
210,219,ChemFrame.java,M,21,5,203,0.9713,0.0239,208,ewilligh,1,0.0000,0.0000,0.0000,0,1
210,237,displayPanel.java,M,8,3,205,0.9809,0.0144,208,ewilligh,2,0.5000,1.0000,0.0000,1,1
210,238,displayPanel.java,M,8,3,205,0.9809,0.0144,208,ewilligh,2,0.5000,1.0000,0.0000,1,1
210,346,Preferences.java,M,5,4,204,0.9761,0.0191,208,ewilligh,1,0.0000,0.0000,0.0000,0,1
210,357,Preferences.java,M,6,1,207,0.9904,0.0048,208,ewilligh,4,0.0560,0.1120,0.0000,0,4
210,359,Preferences.java,M,6,1,207,0.9904,0.0048,208,ewilligh,5,0.0000,0.0000,0.0000,0,5
210,407,Preferences.java,M,6,1,206,0.9856,0.0048,208,ewilligh,0,0.0000,0.0000,0.0000,0,0
210,408,Preferences.java,M,6,2,205,0.9809,0.0096,208,ewilligh,4,0.0000,0.0000,0.0000,0,4
210,413,Preferences.java,M,5,1,207,0.9904,0.0048,208,ewilligh,5,0.3743,1.0000,0.0000,2,3
210,415,Preferences.java,M,5,4,204,0.9761,0.0191,208,ewilligh,5,0.0000,0.0000,0.0000,0,5
210,416,Preferences.java,M,5,3,205,0.9809,0.0144,208,ewilligh,6,0.0000,0.0000,0.0000,0,6
210,417,Preferences.java,M,5,3,205,0.9809,0.0144,208,ewilligh,2,0.0000,0.0000,0.0000,0,2
210,418,Preferences.java,M,5,3,205,0.9809,0.0144,208,ewilligh,5,0.3485,0.8713,0.0000,2,3
210,419,Preferences.java,M,5,1,207,0.9904,0.0048,208,ewilligh,5,0.3743,1.0000,0.0000,2,3
210,745,DisplaySettings.java,M,9,2,0,0.0000,1.0000,1,ewilligh,4,0.1231,0.4925,0.0000,0,3
210,746,ChemFrame.java,M,16,1,0,0.0000,1.0000,0,ewilligh,3,0.0000,0.0000,0.0000,0,3
212,17,ChemFrame.java,M,8,6,204,0.9668,0.0284,210,ewilligh,2,0.0048,0.0095,0.0000,0,2
212,202,ChemFrame.java,M,8,7,203,0.9621,0.0332,210,ewilligh,1,0.0000,0.0000,0.0000,0,1
212,203,ChemFrame.java,M,14,5,205,0.9716,0.0237,210,ewilligh,1,0.0000,0.0000,0.0000,0,1
212,204,ChemFrame.java,M,14,3,207,0.9810,0.0142,210,ewilligh,1,0.0000,0.0000,0.0000,0,1
212,205,ChemFrame.java,M,5,7,203,0.9621,0.0332,210,ewilligh,6,0.0000,0.0000,0.0000,0,6
212,207,ChemFrame.java,M,6,8,202,0.9573,0.0379,210,ewilligh,3,0.3269,0.9808,0.0000,1,2
212,209,ChemFrame.java,M,16,5,205,0.9716,0.0237,210,ewilligh,10,0.1440,0.7343,0.0000,2,8
212,211,ChemFrame.java,M,11,7,203,0.9621,0.0332,210,ewilligh,3,0.3269,0.9808,0.0000,1,2
212,213,ChemFrame.java,M,13,6,204,0.9668,0.0284,210,ewilligh,10,0.1684,0.9341,0.0000,2,8
212,217,ChemFrame.java,M,8,7,203,0.9621,0.0332,210,ewilligh,12,0.0008,0.0046,0.0000,0,12
212,489,ChemFrame.java,M,14,3,130,0.7222,0.0167,179,ewilligh,4,0.0019,0.0077,0.0000,0,4
212,531,JMolCDO.java,M,5,3,177,0.9833,0.0167,179,ewilligh,5,0.0000,0.0000,0.0000,0,5
212,535,JMolCDO.java,M,7,2,177,0.9833,0.0111,179,ewilligh,4,0.0000,0.0000,0.0000,0,4
212,621,ChemFrame.java,M,5,5,172,0.9718,0.0282,176,ewilligh,16,0.0000,0.0000,0.0000,0,16
212,676,JMolCDO.java,M,5,1,102,0.9903,0.0097,102,ewilligh,4,0.0000,0.0000,0.0000,0,4
215,346,Preferences.java,M,5,5,208,0.9720,0.0234,213,basmith,1,0.0000,0.0000,0.0000,0,1
215,396,Preferences.java,M,11,4,209,0.9766,0.0187,213,basmith,1,0.0000,0.0000,0.0000,0,1
216,438,DisplaySettings.java,M,6,3,181,0.9784,0.0162,184,basmith,10,0.2141,0.9958,0.0000,2,8
216,623,DisplaySettings.java,M,6,3,177,0.9779,0.0166,180,basmith,10,0.2146,0.9958,0.0000,2,8
216,624,DisplaySettings.java,M,6,3,177,0.9779,0.0166,180,basmith,10,0.2118,0.9837,0.0000,2,8
216,681,JmolApplet.java,M,6,5,99,0.9519,0.0481,103,basmith,6,0.0000,0.0000,0.0000,0,6
216,683,JmolApplet.java,M,20,4,100,0.9615,0.0385,103,basmith,0,0.0000,0.0000,0.0000,0,0
216,685,JmolApplet.java,M,12,4,99,0.9519,0.0385,103,basmith,1,0.8436,0.8436,0.8436,1,0
216,686,JmolApplet.java,M,12,3,100,0.9615,0.0288,103,basmith,1,0.8436,0.8436,0.8436,1,0
216,744,DisplaySettings.java,M,9,2,6,0.7500,0.2500,7,basmith,4,0.1711,0.6843,0.0000,1,3
216,745,DisplaySettings.java,M,9,3,5,0.6250,0.3750,7,basmith,4,0.1711,0.6843,0.0000,1,3
216,750,JmolApplet.java,M,5,1,0,0.0000,1.0000,0,basmith,9,0.0000,0.0000,0.0000,0,9
230,165,ArrowLine.java,M,45,1,227,0.9913,0.0044,228,yeldar,3,0.3333,1.0000,0.0000,1,2
230,259,Gaussian98Reader.java,M,5,2,226,0.9869,0.0087,228,yeldar,4,0.0000,0.0000,0.0000,0,4
230,445,ArrowLine.java,M,14,1,196,0.9899,0.0051,197,yeldar,3,0.3333,1.0000,0.0000,1,2
230,447,ArrowLine.java,M,11,1,196,0.9899,0.0051,197,yeldar,1,0.0000,0.0000,0.0000,0,1
230,493,ChemFrame.java,M,10,7,190,0.9596,0.0354,197,yeldar,3,0.0000,0.0000,0.0000,0,3
230,495,ChemFrame.java,M,16,5,192,0.9697,0.0253,197,yeldar,10,0.0355,0.3555,0.0000,0,9
230,496,ChemFrame.java,M,8,5,192,0.9697,0.0253,197,yeldar,1,0.0000,0.0000,0.0000,0,1
230,499,ChemFrame.java,M,21,5,192,0.9697,0.0253,197,yeldar,1,0.0000,0.0000,0.0000,0,1
230,508,displayPanel.java,M,13,3,194,0.9798,0.0152,197,yeldar,4,0.0000,0.0000,0.0000,0,4
230,511,displayPanel.java,M,17,4,193,0.9747,0.0202,197,yeldar,4,0.2099,0.8395,0.0000,1,3
230,515,displayPanel.java,M,5,3,193,0.9747,0.0152,197,yeldar,2,0.0000,0.0000,0.0000,0,2
230,527,CMLHandler.java,M,5,1,69,0.3485,0.0051,197,yeldar,8,0.1102,0.8818,0.0000,1,7
230,528,JMolCDO.java,M,5,1,196,0.9899,0.0051,197,yeldar,2,0.0000,0.0000,0.0000,0,2
230,534,JMolCDO.java,M,11,2,194,0.9798,0.0101,197,yeldar,1,0.0000,0.0000,0.0000,0,1
230,562,ChemFrame.java,M,17,3,68,0.3434,0.0152,197,yeldar,1,1.0000,1.0000,1.0000,1,0
230,564,CMLHandler.java,M,5,1,21,0.1061,0.0051,197,yeldar,3,1.0000,1.0000,1.0000,3,0
230,565,CMLHandler.java,M,11,2,195,0.9848,0.0101,197,yeldar,6,0.6667,1.0000,0.0000,4,2
230,566,CMLHandler.java,M,11,2,195,0.9848,0.0101,197,yeldar,6,0.6667,1.0000,0.0000,4,2
230,567,CMLHandler.java,M,11,2,195,0.9848,0.0101,197,yeldar,6,0.6667,1.0000,0.0000,4,2
230,568,CMLHandler.java,M,11,2,195,0.9848,0.0101,197,yeldar,6,0.6667,1.0000,0.0000,4,2
230,569,CMLHandler.java,M,11,2,195,0.9848,0.0101,197,yeldar,6,0.6667,1.0000,0.0000,4,2
230,570,displayPanel.java,M,11,5,192,0.9697,0.0253,197,yeldar,1,0.8858,0.8858,0.8858,1,0
230,571,displayPanel.java,M,11,4,192,0.9697,0.0202,197,yeldar,1,0.8858,0.8858,0.8858,1,0
230,588,JmolSimpleBean.java,M,6,2,46,0.2323,0.0101,197,yeldar,2,0.0000,0.0000,0.0000,0,2
230,592,JmolSimpleBean.java,M,11,5,192,0.9697,0.0253,197,yeldar,1,1.0000,1.0000,1.0000,1,0
230,593,JmolSimpleBean.java,M,11,5,192,0.9697,0.0253,197,yeldar,1,1.0000,1.0000,1.0000,1,0
230,594,JmolSimpleBean.java,M,18,6,191,0.9646,0.0303,197,yeldar,2,0.8665,0.8678,0.8652,2,0
230,595,JmolSimpleBean.java,M,18,4,193,0.9747,0.0202,197,yeldar,2,0.9311,0.9970,0.8652,2,0
230,596,JmolSimpleBean.java,M,18,5,192,0.9697,0.0253,197,yeldar,2,0.9324,0.9970,0.8678,2,0
230,597,JmolSimpleBean.java,M,14,7,190,0.9596,0.0354,197,yeldar,3,0.6659,1.0000,0.0000,2,1
230,598,JmolSimpleBean.java,M,14,7,190,0.9596,0.0354,197,yeldar,3,0.6659,1.0000,0.0000,2,1
230,599,JmolSimpleBean.java,M,14,6,191,0.9646,0.0303,197,yeldar,3,0.6652,0.9978,0.0000,2,1
230,605,AtomTypeSet.java,M,9,2,192,0.9846,0.0103,194,yeldar,8,0.0948,0.7585,0.0000,1,7
230,607,AtomTypeSet.java,M,11,2,191,0.9795,0.0103,194,yeldar,1,0.0000,0.0000,0.0000,0,1
230,614,BaseAtomType.java,M,12,1,193,0.9897,0.0051,194,yeldar,3,0.0000,0.0000,0.0000,0,3
230,616,BaseAtomType.java,M,13,1,193,0.9897,0.0051,194,yeldar,6,0.0000,0.0000,0.0000,0,6
230,622,ChemFrame.java,M,9,4,191,0.9795,0.0205,194,yeldar,1,0.0000,0.0000,0.0000,0,1
230,638,ChemFrame.java,M,8,4,187,0.9791,0.0209,190,yeldar,12,0.2191,0.8775,0.0000,3,9
230,639,ChemFrame.java,M,5,4,187,0.9791,0.0209,190,yeldar,8,0.0948,0.7585,0.0000,1,7
230,640,AtomRenderer.java,M,51,1,187,0.9894,0.0053,188,yeldar,4,0.0000,0.0000,0.0000,0,4
230,642,AtomRenderer.java,M,15,1,187,0.9894,0.0053,188,yeldar,6,0.0000,0.0000,0.0000,0,6
230,644,BondRenderer.java,M,150,2,186,0.9841,0.0106,188,yeldar,12,0.2387,0.9954,0.0000,3,9
230,645,BondRenderer.java,M,8,1,187,0.9894,0.0053,188,yeldar,12,0.2394,1.0000,0.0000,3,9
230,646,BondRenderer.java,M,8,1,187,0.9894,0.0053,188,yeldar,12,0.2394,1.0000,0.0000,3,9
230,647,BondRenderer.java,M,5,2,186,0.9841,0.0106,188,yeldar,3,0.3333,1.0000,0.0000,1,2
230,650,XYZReader.java,M,84,2,178,0.9834,0.0110,180,yeldar,8,0.1102,0.8818,0.0000,1,7
230,659,ReaderFactory.java,M,14,1,148,0.9867,0.0067,149,yeldar,7,0.0000,0.0000,0.0000,0,7
230,674,JMolCDO.java,M,28,2,119,0.9835,0.0165,120,yeldar,4,0.0000,0.0000,0.0000,0,4
230,677,JMolCDO.java,M,5,2,119,0.9835,0.0165,120,yeldar,4,0.2099,0.8395,0.0000,1,3
230,679,JMolCDO.java,M,7,1,119,0.9835,0.0083,120,yeldar,6,0.1470,0.8818,0.0000,1,5
230,700,Gaussian98Reader.java,M,6,2,66,0.9706,0.0294,67,yeldar,7,0.0000,0.0000,0.0000,0,7
230,702,Gaussian98Reader.java,M,5,2,66,0.9706,0.0294,67,yeldar,2,0.5000,1.0000,0.0000,1,1
230,703,PDBReader.java,M,5,2,66,0.9706,0.0294,67,yeldar,2,0.5000,1.0000,0.0000,1,1
230,705,AtomRenderer.java,M,6,1,67,0.9853,0.0147,67,yeldar,3,0.3333,1.0000,0.0000,1,2
230,707,AtomRenderer.java,M,26,1,67,0.9853,0.0147,67,yeldar,4,0.0000,0.0000,0.0000,0,4
230,709,AtomRenderer.java,M,17,1,67,0.9853,0.0147,67,yeldar,2,0.0000,0.0000,0.0000,0,2
230,710,displayPanel.java,M,14,2,66,0.9706,0.0294,67,yeldar,6,0.1640,0.8818,0.0000,1,5
230,712,displayPanel.java,M,29,2,66,0.9706,0.0294,67,yeldar,2,0.4409,0.8818,0.0000,1,1
230,714,ChemFrame.java,M,5,2,66,0.9706,0.0294,67,yeldar,2,0.0000,0.0000,0.0000,0,2
230,716,PDBReader.java,M,10,1,67,0.9853,0.0147,67,yeldar,2,0.0000,0.0000,0.0000,0,2
230,718,ChemFrame.java,M,17,1,66,0.9706,0.0147,67,yeldar,1,1.0000,1.0000,1.0000,1,0
230,722,ChemFrame.java,M,5,1,61,0.9839,0.0161,61,yeldar,4,0.0000,0.0000,0.0000,0,4
230,733,JmolSimpleBean.java,M,10,1,38,0.9744,0.0256,38,yeldar,0,0.0000,0.0000,0.0000,0,0
230,756,CMLHandler.java,M,6,1,0,0.0000,1.0000,0,yeldar,2,0.5000,1.0000,0.0000,1,1
230,757,CMLHandler.java,M,6,1,0,0.0000,1.0000,0,yeldar,2,0.5000,1.0000,0.0000,1,1
230,758,JMolCDO.java,M,26,1,0,0.0000,1.0000,0,yeldar,2,0.0000,0.0000,0.0000,0,2
230,761,CMLHandler.java,M,5,1,0,0.0000,1.0000,0,yeldar,0,0.0000,0.0000,0.0000,0,0
230,762,CMLHandler.java,M,5,1,0,0.0000,1.0000,0,yeldar,3,1.0000,1.0000,1.0000,3,0
230,763,CMLHandler.java,M,5,1,0,0.0000,1.0000,0,yeldar,3,1.0000,1.0000,1.0000,3,0
230,764,CMLHandler.java,M,5,1,0,0.0000,1.0000,0,yeldar,3,1.0000,1.0000,1.0000,3,0
232,165,ArrowLine.java,M,45,2,228,0.9870,0.0087,230,yeldar,3,0.1617,0.4850,0.0000,0,2
232,450,ArrowLine.java,M,11,1,197,0.9850,0.0050,199,yeldar,1,0.0000,0.0000,0.0000,0,1
232,534,JMolCDO.java,M,11,3,195,0.9750,0.0150,199,yeldar,1,0.0000,0.0000,0.0000,0,1
232,562,ChemFrame.java,M,17,4,69,0.3450,0.0200,199,yeldar,1,1.0000,1.0000,1.0000,1,0
232,565,CMLHandler.java,M,11,3,196,0.9800,0.0150,199,yeldar,6,0.4954,1.0000,0.0000,2,2
232,566,CMLHandler.java,M,11,3,196,0.9800,0.0150,199,yeldar,6,0.4954,1.0000,0.0000,2,2
232,569,CMLHandler.java,M,11,3,196,0.9800,0.0150,199,yeldar,6,0.4954,1.0000,0.0000,2,2
232,592,JmolSimpleBean.java,M,11,6,193,0.9650,0.0300,199,yeldar,1,1.0000,1.0000,1.0000,1,0
232,593,JmolSimpleBean.java,M,11,6,193,0.9650,0.0300,199,yeldar,1,1.0000,1.0000,1.0000,1,0
232,594,JmolSimpleBean.java,M,18,7,192,0.9600,0.0350,199,yeldar,2,0.9258,0.9265,0.9251,2,0
232,595,JmolSimpleBean.java,M,18,5,194,0.9700,0.0250,199,yeldar,2,0.9618,0.9984,0.9251,2,0
232,596,JmolSimpleBean.java,M,18,6,193,0.9650,0.0300,199,yeldar,2,0.9625,0.9984,0.9265,2,0
232,597,JmolSimpleBean.java,M,14,8,191,0.9550,0.0400,199,yeldar,3,0.5183,1.0000,0.0000,2,1
232,598,JmolSimpleBean.java,M,14,8,191,0.9550,0.0400,199,yeldar,3,0.5183,1.0000,0.0000,2,1
232,614,BaseAtomType.java,M,12,2,194,0.9848,0.0102,196,yeldar,4,0.2500,1.0000,0.0000,1,3
232,616,BaseAtomType.java,M,13,2,194,0.9848,0.0102,196,yeldar,6,0.0551,0.3304,0.0000,0,5
232,640,AtomRenderer.java,M,51,2,188,0.9843,0.0105,190,yeldar,4,0.0000,0.0000,0.0000,0,4
232,642,AtomRenderer.java,M,15,2,188,0.9843,0.0105,190,yeldar,6,0.0000,0.0000,0.0000,0,6
232,643,AtomRenderer.java,M,5,2,187,0.9791,0.0105,190,yeldar,3,0.0000,0.0000,0.0000,0,3
232,644,BondRenderer.java,M,150,3,187,0.9791,0.0157,190,yeldar,12,0.1184,0.4839,0.0000,0,9
232,650,XYZReader.java,M,84,3,179,0.9781,0.0164,182,yeldar,8,0.0569,0.4554,0.0000,0,7
232,679,JMolCDO.java,M,7,2,120,0.9756,0.0163,122,yeldar,5,0.0000,0.0000,0.0000,0,5
232,684,JmolApplet.java,M,11,4,114,0.9500,0.0333,119,yeldar,6,0.1667,1.0000,0.0000,1,5
232,718,ChemFrame.java,M,17,2,67,0.9571,0.0286,69,yeldar,1,1.0000,1.0000,1.0000,1,0
232,733,JmolSimpleBean.java,M,10,2,39,0.9512,0.0488,40,yeldar,0,0.0000,0.0000,0.0000,0,0
232,750,JmolApplet.java,M,5,2,15,0.8824,0.1176,16,yeldar,10,0.1000,1.0000,0.0000,1,9
232,766,DisplayPanel.java,M,13,1,0,0.0000,1.0000,0,yeldar,4,0.2500,1.0000,0.0000,1,3
232,770,DisplayPanel.java,M,6,1,0,0.0000,1.0000,0,yeldar,0,0.0000,0.0000,0.0000,0,0
232,771,DisplayPanel.java,M,5,1,0,0.0000,1.0000,0,yeldar,10,0.1000,1.0000,0.0000,1,9
232,772,DisplayPanel.java,M,10,1,0,0.0000,1.0000,0,yeldar,6,0.1667,1.0000,0.0000,1,5
232,773,DisplayPanel.java,M,10,1,0,0.0000,1.0000,0,yeldar,6,0.1667,1.0000,0.0000,1,5
232,774,JmolApplet.java,M,11,1,0,0.0000,1.0000,0,yeldar,6,0.1667,1.0000,0.0000,1,5
237,215,ChemFrame.java,M,13,7,228,0.9661,0.0297,235,yeldar,10,0.1349,0.5342,0.0000,1,7
237,488,ChemFrame.java,M,15,4,200,0.9756,0.0195,204,yeldar,0,0.0000,0.0000,0.0000,0,0
237,493,ChemFrame.java,M,10,8,196,0.9561,0.0390,204,yeldar,3,0.0000,0.0000,0.0000,0,3
237,495,ChemFrame.java,M,16,6,198,0.9659,0.0293,204,yeldar,10,0.0534,0.5342,0.0000,1,9
237,496,ChemFrame.java,M,8,6,198,0.9659,0.0293,204,yeldar,1,0.0000,0.0000,0.0000,0,1
237,638,ChemFrame.java,M,8,5,193,0.9747,0.0253,197,yeldar,12,0.0945,0.4214,0.0000,0,9
237,639,ChemFrame.java,M,5,5,193,0.9747,0.0253,197,yeldar,8,0.0490,0.3918,0.0000,0,7
238,733,JmolSimpleBean.java,M,10,3,44,0.9362,0.0638,46,yeldar,0,0.0000,0.0000,0.0000,0,0
240,644,BondRenderer.java,M,150,4,194,0.9749,0.0201,198,yeldar,12,0.0662,0.2927,0.0000,0,9
240,647,BondRenderer.java,M,5,3,195,0.9799,0.0151,198,yeldar,3,0.1419,0.4256,0.0000,0,2
241,356,Preferences.java,M,6,1,238,0.9917,0.0042,239,yeldar,3,0.0000,0.0000,0.0000,0,3
241,390,Preferences.java,M,8,1,238,0.9917,0.0042,239,yeldar,6,0.0000,0.0000,0.0000,0,6
241,414,Preferences.java,M,6,1,238,0.9917,0.0042,239,yeldar,2,0.0000,0.0000,0.0000,0,2
242,775,ChemFrameRenderer.java,M,5,1,4,0.6667,0.1667,5,yeldar,9,0.1111,1.0000,0.0000,1,8
242,776,ChemFrameRenderer.java,M,5,1,4,0.6667,0.1667,5,yeldar,9,0.1111,1.0000,0.0000,1,8
242,777,ChemFrameRenderer.java,M,17,1,4,0.6667,0.1667,5,yeldar,3,0.0000,0.0000,0.0000,0,3
242,794,ChemFrameRenderer.java,M,9,1,0,0.0000,1.0000,0,yeldar,2,0.5000,1.0000,0.0000,1,1
242,795,ChemFrameRenderer.java,M,9,1,0,0.0000,1.0000,0,yeldar,2,0.5000,1.0000,0.0000,1,1
245,794,ChemFrameRenderer.java,M,9,2,2,0.5000,0.5000,3,yeldar,2,0.5000,1.0000,0.0000,1,1
245,795,ChemFrameRenderer.java,M,9,2,2,0.5000,0.5000,3,yeldar,2,0.5000,1.0000,0.0000,1,1
265,658,ReaderFactory.java,M,14,1,151,0.8162,0.0054,184,yeldar,5,0.1482,0.7408,0.0000,1,4
265,659,ReaderFactory.java,M,14,2,149,0.8054,0.0108,184,yeldar,5,0.1482,0.7408,0.0000,1,4
266,684,JmolApplet.java,M,11,5,147,0.9545,0.0325,153,yeldar,6,0.0442,0.2650,0.0000,0,5
278,223,CMLSaver.java,M,9,1,275,0.9928,0.0036,276,egonw,1,0.0000,0.0000,0.0000,0,1
278,690,CMLReader.java,M,5,2,147,0.9866,0.0134,148,egonw,3,0.0000,0.0000,0.0000,0,3
278,727,CMLSaver.java,M,9,1,101,0.9902,0.0098,101,egonw,1,0.0000,0.0000,0.0000,0,1
279,526,JMolCDO.java,M,5,1,246,0.9960,0.0040,246,egonw,2,0.0000,0.0000,0.0000,0,2
279,531,JMolCDO.java,M,5,4,243,0.9838,0.0162,246,egonw,5,0.0000,0.0000,0.0000,0,5
279,533,JMolCDO.java,M,11,2,244,0.9879,0.0081,246,egonw,1,0.0000,0.0000,0.0000,0,1
279,669,JMolCDO.java,M,28,2,176,0.9888,0.0112,177,egonw,4,0.0000,0.0000,0.0000,0,4
279,676,JMolCDO.java,M,5,2,168,0.9882,0.0118,169,egonw,2,0.0000,0.0000,0.0000,0,2
281,308,LoopedStreams.java,M,10,1,278,0.9929,0.0036,279,egonw,1,0.0000,0.0000,0.0000,0,1
284,67,Preferences.java,M,11,2,280,0.9894,0.0071,282,yeldar,5,0.0000,0.0000,0.0000,0,5
284,345,Preferences.java,M,5,1,281,0.9929,0.0035,282,yeldar,1,0.7960,0.7960,0.7960,1,0
284,346,Preferences.java,M,5,6,276,0.9753,0.0212,282,yeldar,1,0.7960,0.7960,0.7960,1,0
284,355,Preferences.java,M,6,1,281,0.9929,0.0035,282,yeldar,10,0.0000,0.0000,0.0000,0,10
284,356,Preferences.java,M,6,2,280,0.9894,0.0071,282,yeldar,3,0.7557,0.7758,0.7155,3,0
284,357,Preferences.java,M,6,2,280,0.9894,0.0071,282,yeldar,3,0.8407,0.9032,0.7155,3,0
284,362,Preferences.java,M,7,2,280,0.9894,0.0071,282,yeldar,4,0.9908,0.9972,0.9845,4,0
284,367,Preferences.java,M,6,2,280,0.9894,0.0071,282,yeldar,3,0.8930,1.0000,0.7758,3,0
284,370,Preferences.java,M,7,1,281,0.9929,0.0035,282,yeldar,4,0.9929,1.0000,0.9873,4,0
284,372,Preferences.java,M,7,2,280,0.9894,0.0071,282,yeldar,4,0.9897,1.0000,0.9845,4,0
284,373,Preferences.java,M,7,2,280,0.9894,0.0071,282,yeldar,4,0.9897,1.0000,0.9845,4,0
284,375,Preferences.java,M,7,1,281,0.9929,0.0035,282,yeldar,4,0.9929,1.0000,0.9873,4,0
284,384,Preferences.java,M,83,1,281,0.9929,0.0035,282,yeldar,3,0.0000,0.0000,0.0000,0,3
284,390,Preferences.java,M,8,2,280,0.9894,0.0071,282,yeldar,6,0.5225,0.7841,0.0000,4,2
284,391,Preferences.java,M,8,1,281,0.9929,0.0035,282,yeldar,6,0.6302,1.0000,0.0000,4,2
284,392,Preferences.java,M,8,1,281,0.9929,0.0035,282,yeldar,6,0.6302,1.0000,0.0000,4,2
284,394,Preferences.java,M,8,1,281,0.9929,0.0035,282,yeldar,6,0.6302,1.0000,0.0000,4,2
284,429,Preferences.java,M,8,3,279,0.9859,0.0106,282,yeldar,6,0.6290,0.9972,0.0000,4,2
284,695,Preferences.java,M,6,2,142,0.9861,0.0139,143,yeldar,3,0.8930,1.0000,0.7758,3,0
284,696,Preferences.java,M,102,2,142,0.9861,0.0139,143,yeldar,0,0.0000,0.0000,0.0000,0,0
287,17,ChemFrame.java,M,8,7,278,0.9720,0.0245,285,yeldar,1,0.0000,0.0000,0.0000,0,1
287,180,ChemFrame.java,M,5,3,282,0.9860,0.0105,285,yeldar,7,0.0000,0.0000,0.0000,0,7
287,188,ChemFrame.java,M,9,2,283,0.9895,0.0070,285,yeldar,2,0.5001,0.9980,0.0021,1,1
287,189,ChemFrame.java,M,8,2,283,0.9895,0.0070,285,yeldar,1,0.0000,0.0000,0.0000,0,1
287,196,ChemFrame.java,M,68,4,281,0.9825,0.0140,285,yeldar,2,0.5003,0.9980,0.0026,1,1
287,202,ChemFrame.java,M,8,8,277,0.9685,0.0280,285,yeldar,1,0.0000,0.0000,0.0000,0,1
287,203,ChemFrame.java,M,14,6,279,0.9755,0.0210,285,yeldar,0,0.0000,0.0000,0.0000,0,0
287,204,ChemFrame.java,M,14,4,281,0.9825,0.0140,285,yeldar,0,0.0000,0.0000,0.0000,0,0
287,205,ChemFrame.java,M,5,8,277,0.9685,0.0280,285,yeldar,6,0.0000,0.0000,0.0000,0,6
287,209,ChemFrame.java,M,16,6,279,0.9755,0.0210,285,yeldar,9,0.1821,0.9277,0.0000,2,7
287,211,ChemFrame.java,M,11,8,277,0.9685,0.0280,285,yeldar,1,1.0000,1.0000,1.0000,1,0
287,213,ChemFrame.java,M,13,7,278,0.9720,0.0245,285,yeldar,9,0.1882,0.9277,0.0000,2,7
287,489,ChemFrame.java,M,14,4,204,0.8000,0.0157,254,yeldar,4,0.0004,0.0017,0.0000,0,4
287,746,ChemFrame.java,M,16,2,76,0.9744,0.0256,77,yeldar,1,0.0000,0.0000,0.0000,0,1
287,829,ChemFrame.java,M,9,1,0,0.0000,1.0000,0,yeldar,1,0.0000,0.0000,0.0000,0,1
287,830,ChemFrame.java,M,6,1,0,0.0000,1.0000,0,yeldar,1,1.0000,1.0000,1.0000,1,0
287,832,ChemFrame.java,M,22,1,0,0.0000,1.0000,0,yeldar,3,0.0000,0.0000,0.0000,0,3
289,70,Measure.java,M,11,1,286,0.9931,0.0035,287,yeldar,2,0.0000,0.0000,0.0000,0,2
289,72,Animate.java,M,11,1,286,0.9931,0.0035,287,yeldar,3,0.0000,0.0000,0.0000,0,3
289,101,Dihedral.java,M,7,1,286,0.9931,0.0035,287,yeldar,5,0.2000,1.0000,0.0000,1,4
289,102,Distance.java,M,7,1,286,0.9931,0.0035,287,yeldar,5,0.2000,1.0000,0.0000,1,4
289,104,Distance.java,M,15,3,284,0.9861,0.0104,287,yeldar,3,0.0016,0.0025,0.0000,0,3
289,109,Dihedral.java,M,9,3,284,0.9861,0.0104,287,yeldar,0,0.0000,0.0000,0.0000,0,0
289,111,Distance.java,M,16,2,285,0.9896,0.0069,287,yeldar,1,0.0004,0.0004,0.0004,0,1
289,114,Animate.java,M,5,1,286,0.9931,0.0035,287,yeldar,2,0.0000,0.0000,0.0000,0,2
289,125,Animate.java,M,8,1,286,0.9931,0.0035,287,yeldar,6,0.0000,0.0000,0.0000,0,6
289,128,Animate.java,M,5,3,284,0.9861,0.0104,287,yeldar,2,0.0000,0.0000,0.0000,0,2
289,136,Animate.java,M,6,3,284,0.9861,0.0104,287,yeldar,4,0.0000,0.0000,0.0000,0,4
289,139,Animate.java,M,8,3,284,0.9861,0.0104,287,yeldar,4,0.0000,0.0000,0.0000,0,4
289,141,Animate.java,M,7,3,284,0.9861,0.0104,287,yeldar,2,0.0000,0.0000,0.0000,0,2
289,148,Animate.java,M,5,4,283,0.9826,0.0139,287,yeldar,1,0.6549,0.6549,0.6549,1,0
289,150,Animate.java,M,5,2,285,0.9896,0.0069,287,yeldar,1,0.0000,0.0000,0.0000,0,1
289,224,XYZSaver.java,M,9,1,286,0.9931,0.0035,287,yeldar,1,0.0000,0.0000,0.0000,0,1
289,236,Jmol.java,M,6,12,275,0.9549,0.0417,287,yeldar,9,0.0037,0.0063,0.0000,0,9
289,268,Jmol.java,M,6,6,281,0.9757,0.0208,287,yeldar,2,0.0000,0.0000,0.0000,0,2
289,269,Jmol.java,M,6,4,283,0.9826,0.0139,287,yeldar,8,0.3430,0.9145,0.0000,3,5
289,270,Jmol.java,M,5,3,284,0.9861,0.0104,287,yeldar,0,0.0000,0.0000,0.0000,0,0
289,271,Jmol.java,M,14,3,284,0.9861,0.0104,287,yeldar,0,0.0000,0.0000,0.0000,0,0
289,272,Jmol.java,M,12,6,281,0.9757,0.0208,287,yeldar,2,0.4817,0.9633,0.0000,1,1
289,273,Jmol.java,M,12,5,282,0.9792,0.0174,287,yeldar,2,0.4817,0.9633,0.0000,1,1
289,274,Jmol.java,M,5,12,275,0.9549,0.0417,287,yeldar,4,0.4996,1.0000,0.0000,2,2
289,275,Jmol.java,M,5,13,274,0.9514,0.0451,287,yeldar,1,0.6549,0.6549,0.6549,1,0
289,276,Jmol.java,M,5,13,274,0.9514,0.0451,287,yeldar,4,0.4992,0.9983,0.0000,2,2
289,277,Jmol.java,M,5,12,275,0.9549,0.0417,287,yeldar,4,0.4996,1.0000,0.0000,2,2
289,278,Jmol.java,M,10,5,282,0.9792,0.0174,287,yeldar,1,0.9633,0.9633,0.9633,1,0
289,279,Jmol.java,M,10,6,281,0.9757,0.0208,287,yeldar,1,0.9633,0.9633,0.9633,1,0
289,314,Measure.java,M,8,1,286,0.9931,0.0035,287,yeldar,8,0.3643,1.0000,0.0000,3,5
289,315,Measure.java,M,8,1,286,0.9931,0.0035,287,yeldar,8,0.3643,1.0000,0.0000,3,5
289,316,Measure.java,M,8,1,286,0.9931,0.0035,287,yeldar,8,0.3643,1.0000,0.0000,3,5
289,317,Measure.java,M,8,1,286,0.9931,0.0035,287,yeldar,4,0.0000,0.0000,0.0000,0,4
289,319,Measure.java,M,8,1,286,0.9931,0.0035,287,yeldar,2,0.0000,0.0000,0.0000,0,2
289,321,Measure.java,M,5,1,286,0.9931,0.0035,287,yeldar,15,0.2000,1.0000,0.0000,3,12
289,322,Measure.java,M,5,1,286,0.9931,0.0035,287,yeldar,15,0.2000,1.0000,0.0000,3,12
289,323,Measure.java,M,5,1,286,0.9931,0.0035,287,yeldar,15,0.2000,1.0000,0.0000,3,12
289,325,Measure.java,M,5,1,286,0.9931,0.0035,287,yeldar,15,0.2000,1.0000,0.0000,3,12
289,728,PovraySaver.java,M,9,2,110,0.9735,0.0177,112,yeldar,0,0.0000,0.0000,0.0000,0,0
289,779,DisplayPanel.java,M,5,1,48,0.9796,0.0204,48,yeldar,1,0.0000,0.0000,0.0000,0,1
289,780,DisplayPanel.java,M,5,1,48,0.9796,0.0204,48,yeldar,7,0.4286,1.0000,0.0000,3,4
289,781,DisplayPanel.java,M,5,1,48,0.9796,0.0204,48,yeldar,7,0.4286,1.0000,0.0000,3,4
289,782,DisplayPanel.java,M,5,1,48,0.9796,0.0204,48,yeldar,7,0.4286,1.0000,0.0000,3,4
289,783,DisplayPanel.java,M,5,1,48,0.9796,0.0204,48,yeldar,7,0.4286,1.0000,0.0000,3,4
289,785,DisplayPanel.java,M,34,1,48,0.9796,0.0204,48,yeldar,1,1.0000,1.0000,1.0000,1,0
289,786,DisplayPanel.java,M,34,1,48,0.9796,0.0204,48,yeldar,1,1.0000,1.0000,1.0000,1,0
289,787,DisplayPanel.java,M,11,1,48,0.9796,0.0204,48,yeldar,2,0.5000,1.0000,0.0000,1,1
289,788,DisplayPanel.java,M,11,1,48,0.9796,0.0204,48,yeldar,2,0.5000,1.0000,0.0000,1,1
289,791,DisplayPanel.java,M,5,1,48,0.9796,0.0204,48,yeldar,1,0.0000,0.0000,0.0000,0,1
289,792,DisplayPanel.java,M,5,1,48,0.9796,0.0204,48,yeldar,2,0.0000,0.0000,0.0000,0,2
289,793,DisplayPanel.java,M,5,1,48,0.9796,0.0204,48,yeldar,2,0.0000,0.0000,0.0000,0,2
290,796,HeapSorter.java,M,14,1,44,0.9565,0.0217,45,yeldar,1,1.0000,1.0000,1.0000,1,0
290,797,HeapSorter.java,M,14,1,44,0.9565,0.0217,45,yeldar,3,0.0000,0.0000,0.0000,0,3
290,798,HeapSorter.java,M,14,1,44,0.9565,0.0217,45,yeldar,1,1.0000,1.0000,1.0000,1,0
290,799,HeapSorter.java,M,17,1,44,0.9565,0.0217,45,yeldar,1,1.0000,1.0000,1.0000,1,0
290,801,HeapSorter.java,M,17,1,44,0.9565,0.0217,45,yeldar,1,1.0000,1.0000,1.0000,1,0
294,445,ArrowLine.java,M,14,2,259,0.9885,0.0076,261,yeldar,3,0.0375,0.1126,0.0000,0,3
294,450,ArrowLine.java,M,11,2,258,0.9847,0.0076,261,yeldar,1,0.0000,0.0000,0.0000,0,1
294,488,ChemFrame.java,M,15,5,256,0.9771,0.0191,261,yeldar,0,0.0000,0.0000,0.0000,0,0
294,493,ChemFrame.java,M,10,9,252,0.9618,0.0344,261,yeldar,2,0.0000,0.0000,0.0000,0,2
294,495,ChemFrame.java,M,16,7,254,0.9695,0.0267,261,yeldar,9,0.0608,0.5475,0.0000,1,8
294,496,ChemFrame.java,M,8,7,254,0.9695,0.0267,261,yeldar,1,0.0000,0.0000,0.0000,0,1
294,622,ChemFrame.java,M,9,5,199,0.7683,0.0193,258,yeldar,1,0.0000,0.0000,0.0000,0,1
294,638,ChemFrame.java,M,8,6,249,0.9765,0.0235,254,yeldar,9,0.0337,0.1088,0.0000,0,9
294,639,ChemFrame.java,M,5,6,249,0.9765,0.0235,254,yeldar,9,0.0119,0.1067,0.0000,0,9
294,831,ChemFrame.java,M,10,1,7,0.8750,0.1250,7,yeldar,2,0.0000,0.0000,0.0000,0,2
294,833,ChemFrame.java,M,22,1,7,0.8750,0.1250,7,yeldar,3,0.0000,0.0000,0.0000,0,3
295,528,JMolCDO.java,M,5,2,260,0.9886,0.0076,262,yeldar,2,0.0000,0.0000,0.0000,0,2
295,592,JmolSimpleBean.java,M,11,7,255,0.9696,0.0266,262,yeldar,1,1.0000,1.0000,1.0000,1,0
295,593,JmolSimpleBean.java,M,11,7,255,0.9696,0.0266,262,yeldar,1,1.0000,1.0000,1.0000,1,0
295,594,JmolSimpleBean.java,M,18,8,254,0.9658,0.0304,262,yeldar,2,0.9812,0.9814,0.9810,2,0
295,595,JmolSimpleBean.java,M,18,6,256,0.9734,0.0228,262,yeldar,2,0.9903,0.9996,0.9810,2,0
295,596,JmolSimpleBean.java,M,18,7,255,0.9696,0.0266,262,yeldar,2,0.9905,0.9996,0.9814,2,0
295,597,JmolSimpleBean.java,M,14,9,253,0.9620,0.0342,262,yeldar,3,0.6290,1.0000,0.0000,2,1
295,598,JmolSimpleBean.java,M,14,9,253,0.9620,0.0342,262,yeldar,3,0.6290,1.0000,0.0000,2,1
295,599,JmolSimpleBean.java,M,14,7,255,0.9696,0.0266,262,yeldar,3,0.5913,0.8870,0.0000,2,1
295,677,JMolCDO.java,M,5,3,183,0.9839,0.0161,185,yeldar,2,0.0000,0.0000,0.0000,0,2
295,679,JMolCDO.java,M,7,3,182,0.9785,0.0161,185,yeldar,4,0.0000,0.0000,0.0000,0,4
295,703,PDBReader.java,M,5,3,130,0.9774,0.0226,132,yeldar,2,0.0695,0.1389,0.0000,0,2
295,716,PDBReader.java,M,10,2,131,0.9850,0.0150,132,yeldar,3,0.0000,0.0000,0.0000,0,3
295,733,JmolSimpleBean.java,M,10,4,100,0.9615,0.0385,103,yeldar,2,0.0000,0.0000,0.0000,0,2
295,766,DisplayPanel.java,M,13,2,62,0.9688,0.0313,63,yeldar,2,0.0380,0.0761,0.0000,0,2
295,767,DisplayPanel.java,M,14,1,63,0.9844,0.0156,63,yeldar,0,0.0000,0.0000,0.0000,0,0
295,768,DisplayPanel.java,M,17,1,63,0.9844,0.0156,63,yeldar,3,0.0000,0.0000,0.0000,0,3
295,770,DisplayPanel.java,M,6,2,62,0.9688,0.0313,63,yeldar,0,0.0000,0.0000,0.0000,0,0
295,771,DisplayPanel.java,M,5,2,62,0.9688,0.0313,63,yeldar,9,0.0146,0.1312,0.0000,0,9
295,772,DisplayPanel.java,M,10,2,62,0.9688,0.0313,63,yeldar,5,0.2000,1.0000,0.0000,1,4
295,773,DisplayPanel.java,M,10,2,62,0.9688,0.0313,63,yeldar,5,0.2000,1.0000,0.0000,1,4
296,770,DisplayPanel.java,M,6,3,62,0.9538,0.0462,64,yeldar,0,0.0000,0.0000,0.0000,0,0
296,773,DisplayPanel.java,M,10,3,62,0.9538,0.0462,64,yeldar,5,0.1055,0.5276,0.0000,1,4
298,17,ChemFrame.java,M,8,8,288,0.9697,0.0269,296,yeldar,1,0.5241,0.5241,0.5241,1,0
298,23,MeasurementListEvent.java,M,5,1,295,0.9933,0.0034,296,yeldar,6,0.1667,1.0000,0.0000,1,5
298,56,AboutDialog.java,M,5,1,295,0.9933,0.0034,296,yeldar,2,1.0000,1.0000,1.0000,2,0
298,57,HelpDialog.java,M,5,1,295,0.9933,0.0034,296,yeldar,2,1.0000,1.0000,1.0000,2,0
298,58,WhatsNewDialog.java,M,5,1,295,0.9933,0.0034,296,yeldar,2,1.0000,1.0000,1.0000,2,0
298,65,AboutDialog.java,M,11,1,295,0.9933,0.0034,296,yeldar,3,1.0000,1.0000,1.0000,3,0
298,66,AtomTypeTable.java,M,11,1,295,0.9933,0.0034,296,yeldar,3,0.0000,0.0000,0.0000,0,3
298,69,WhatsNewDialog.java,M,11,1,295,0.9933,0.0034,296,yeldar,3,1.0000,1.0000,1.0000,3,0
298,71,MeasurementList.java,M,11,1,295,0.9933,0.0034,296,yeldar,2,0.0000,0.0000,0.0000,0,2
298,75,HelpDialog.java,M,11,1,295,0.9933,0.0034,296,yeldar,3,1.0000,1.0000,1.0000,3,0
298,100,Angle.java,M,7,1,295,0.9933,0.0034,296,yeldar,5,0.0000,0.0000,0.0000,0,5
298,103,Angle.java,M,15,3,293,0.9865,0.0101,296,yeldar,3,0.3337,0.9981,0.0011,1,2
298,106,Angle.java,M,11,4,292,0.9832,0.0135,296,yeldar,3,0.6509,0.9897,0.0103,2,1
298,108,Angle.java,M,8,3,293,0.9865,0.0101,296,yeldar,0,0.0000,0.0000,0.0000,0,0
298,110,Angle.java,M,16,2,294,0.9899,0.0067,296,yeldar,1,0.0002,0.0002,0.0002,0,1
298,168,AtomTypesModel.java,M,11,3,293,0.9865,0.0101,296,yeldar,3,0.9999,1.0000,0.9998,3,0
298,169,AtomTypesModel.java,M,11,2,293,0.9865,0.0067,296,yeldar,3,0.9999,1.0000,0.9998,3,0
298,170,AtomTypeTable.java,M,5,1,295,0.9933,0.0034,296,yeldar,3,0.6474,0.9897,0.0000,2,1
298,172,AtomTypeTable.java,M,6,1,295,0.9933,0.0034,296,yeldar,1,1.0000,1.0000,1.0000,1,0
298,173,AtomTypeTable.java,M,6,1,295,0.9933,0.0034,296,yeldar,1,1.0000,1.0000,1.0000,1,0
298,174,AtomTypeTable.java,M,11,1,295,0.9933,0.0034,296,yeldar,1,1.0000,1.0000,1.0000,1,0
298,175,AtomTypeTable.java,M,11,1,295,0.9933,0.0034,296,yeldar,1,1.0000,1.0000,1.0000,1,0
298,176,Bond.java,M,8,5,291,0.9798,0.0168,296,yeldar,8,0.4543,0.9555,0.0000,4,4
298,177,Bond.java,M,8,4,292,0.9832,0.0135,296,yeldar,8,0.4698,0.9555,0.0000,4,4
298,178,Bond.java,M,7,6,290,0.9764,0.0202,296,yeldar,4,0.5894,0.9439,0.0000,3,1
298,179,Bond.java,M,7,4,291,0.9798,0.0135,296,yeldar,4,0.6068,0.9446,0.0000,3,1
298,188,ChemFrame.java,M,9,3,293,0.9865,0.0101,296,yeldar,2,0.2096,0.4184,0.0009,0,1
298,189,ChemFrame.java,M,8,3,293,0.9865,0.0101,296,yeldar,1,0.0000,0.0000,0.0000,0,1
298,202,ChemFrame.java,M,8,9,287,0.9663,0.0303,296,yeldar,1,0.0000,0.0000,0.0000,0,1
298,203,ChemFrame.java,M,14,7,289,0.9731,0.0236,296,yeldar,0,0.0000,0.0000,0.0000,0,0
298,204,ChemFrame.java,M,14,5,291,0.9798,0.0168,296,yeldar,0,0.0000,0.0000,0.0000,0,0
298,205,ChemFrame.java,M,5,9,287,0.9663,0.0303,296,yeldar,6,0.2433,0.4871,0.0000,0,3
298,207,ChemFrame.java,M,6,9,230,0.7744,0.0303,296,yeldar,2,0.6144,0.6471,0.5818,2,0
298,209,ChemFrame.java,M,16,7,289,0.9731,0.0236,296,yeldar,9,0.2319,0.9641,0.0000,3,6
298,211,ChemFrame.java,M,11,9,287,0.9663,0.0303,296,yeldar,2,0.8235,1.0000,0.6471,2,0
298,213,ChemFrame.java,M,13,8,288,0.9697,0.0269,296,yeldar,9,0.2324,0.9641,0.0000,3,6
298,225,DecimalNumberField.java,M,7,1,295,0.9933,0.0034,296,yeldar,1,0.0000,0.0000,0.0000,0,1
298,227,DecimalNumberField.java,M,10,1,295,0.9933,0.0034,296,yeldar,2,0.0000,0.0000,0.0000,0,2
298,229,DecimalNumberField.java,M,16,1,295,0.9933,0.0034,296,yeldar,9,0.3333,1.0000,0.0000,3,6
298,282,JmolResourceHandler.java,M,7,2,294,0.9899,0.0067,296,yeldar,3,0.0000,0.0000,0.0000,0,3
298,283,JmolResourceHandler.java,M,12,2,294,0.9899,0.0067,296,yeldar,1,0.5241,0.5241,0.5241,1,0
298,305,ListNode.java,M,5,1,295,0.9933,0.0034,296,yeldar,3,0.3327,0.9981,0.0000,1,2
298,306,MeasurementList.java,M,5,1,295,0.9933,0.0034,296,yeldar,14,0.4286,1.0000,0.0000,6,8
298,318,MeasurementList.java,M,8,1,295,0.9933,0.0034,296,yeldar,4,0.5981,0.9446,0.0000,3,1
298,320,MeasurementList.java,M,8,1,295,0.9933,0.0034,296,yeldar,2,0.0000,0.0000,0.0000,0,2
298,327,MeasurementList.java,M,5,1,295,0.9933,0.0034,296,yeldar,14,0.4286,1.0000,0.0000,6,8
298,328,MeasurementList.java,M,5,1,295,0.9933,0.0034,296,yeldar,14,0.4286,1.0000,0.0000,6,8
298,329,MeasurementList.java,M,5,1,295,0.9933,0.0034,296,yeldar,14,0.4286,1.0000,0.0000,6,8
298,330,MeasurementList.java,M,5,1,295,0.9933,0.0034,296,yeldar,14,0.4286,1.0000,0.0000,6,8
298,332,MeasurementList.java,M,5,1,295,0.9933,0.0034,296,yeldar,14,0.4286,1.0000,0.0000,6,8
298,333,MeasurementList.java,M,5,1,295,0.9933,0.0034,296,yeldar,6,0.4133,1.0000,0.0000,2,3
298,334,MeasurementList.java,M,5,1,295,0.9933,0.0034,296,yeldar,14,0.4286,1.0000,0.0000,6,8
298,335,MeasurementList.java,M,5,1,295,0.9933,0.0034,296,yeldar,6,0.4133,1.0000,0.0000,2,3
298,337,MeasurementList.java,M,14,1,295,0.9933,0.0034,296,yeldar,9,0.3333,1.0000,0.0000,3,6
298,338,MeasurementList.java,M,14,1,295,0.9933,0.0034,296,yeldar,9,0.3333,1.0000,0.0000,3,6
298,339,MeasurementList.java,M,14,1,295,0.9933,0.0034,296,yeldar,9,0.3333,1.0000,0.0000,3,6
298,340,MeasurementList.java,M,5,1,295,0.9933,0.0034,296,yeldar,8,0.4784,1.0000,0.0000,4,4
298,341,MeasurementList.java,M,5,1,295,0.9933,0.0034,296,yeldar,8,0.4784,1.0000,0.0000,4,4
298,342,MeasurementList.java,M,5,1,295,0.9933,0.0034,296,yeldar,8,0.4784,1.0000,0.0000,4,4
298,449,ArrowLine.java,M,11,1,265,0.9962,0.0038,265,yeldar,1,0.0000,0.0000,0.0000,0,1
298,459,AtomType.java,M,15,2,264,0.9925,0.0075,265,yeldar,1,0.0000,0.0000,0.0000,0,1
298,489,ChemFrame.java,M,14,5,214,0.8045,0.0188,265,yeldar,4,0.4042,0.5560,0.0000,3,1
298,663,PropertyGraph.java,M,11,3,198,0.9802,0.0149,201,yeldar,6,0.4118,0.9927,0.0000,2,3
298,664,PropertyGraph.java,M,6,3,198,0.9802,0.0149,201,yeldar,9,0.1511,0.5192,0.0000,2,6
298,667,PropertyGraph.java,M,9,4,197,0.9752,0.0198,201,yeldar,3,0.0021,0.0062,0.0000,0,3
298,691,XYZReader.java,M,5,1,168,0.9941,0.0059,168,yeldar,3,0.0000,0.0000,0.0000,0,3
298,693,PropertyGraph.java,M,6,1,157,0.9874,0.0063,158,yeldar,5,0.0000,0.0000,0.0000,0,5
298,704,AtomType.java,M,6,2,134,0.9853,0.0147,135,yeldar,2,0.0000,0.0000,0.0000,0,2
298,706,AtomType.java,M,26,1,135,0.9926,0.0074,135,yeldar,4,0.0000,0.0000,0.0000,0,4
298,708,AtomType.java,M,17,1,135,0.9926,0.0074,135,yeldar,2,0.0000,0.0000,0.0000,0,2
298,715,PDBReader.java,M,10,1,135,0.9926,0.0074,135,yeldar,3,0.0000,0.0000,0.0000,0,3
298,726,PovrayDialog.java,M,11,1,120,0.9836,0.0082,121,yeldar,3,1.0000,1.0000,1.0000,3,0
298,728,PovraySaver.java,M,9,3,118,0.9672,0.0246,121,yeldar,0,0.0000,0.0000,0.0000,0,0
298,729,PovrayDialog.java,M,5,1,120,0.9836,0.0082,121,yeldar,3,1.0000,1.0000,1.0000,3,0
298,730,PovrayDialog.java,M,5,1,120,0.9836,0.0082,121,yeldar,3,1.0000,1.0000,1.0000,3,0
298,741,Bond.java,M,5,2,99,0.9802,0.0198,100,yeldar,3,0.6350,0.9526,0.0000,2,1
298,743,Bond.java,M,8,2,92,0.9787,0.0213,93,yeldar,2,0.0000,0.0000,0.0000,0,2
298,746,ChemFrame.java,M,16,3,86,0.9663,0.0337,88,yeldar,1,0.4029,0.4029,0.4029,0,0
298,749,AtomTypesModel.java,M,6,1,82,0.9880,0.0120,82,yeldar,6,0.1667,1.0000,0.0000,1,5
298,779,DisplayPanel.java,M,5,2,56,0.9655,0.0345,57,yeldar,1,0.4029,0.4029,0.4029,0,0
298,786,DisplayPanel.java,M,34,2,56,0.9655,0.0345,57,yeldar,1,0.4329,0.4329,0.4329,0,0
298,787,DisplayPanel.java,M,11,2,56,0.9655,0.0345,57,yeldar,2,0.5000,1.0000,0.0000,1,1
298,788,DisplayPanel.java,M,11,2,56,0.9655,0.0345,57,yeldar,2,0.5000,1.0000,0.0000,1,1
298,791,DisplayPanel.java,M,5,2,56,0.9655,0.0345,57,yeldar,1,0.0000,0.0000,0.0000,0,1
298,814,XYZReader.java,M,6,1,36,0.9730,0.0270,36,yeldar,1,0.0000,0.0000,0.0000,0,1
298,829,ChemFrame.java,M,9,2,10,0.8333,0.1667,11,yeldar,2,0.5000,1.0000,0.0000,1,1
298,830,ChemFrame.java,M,6,2,10,0.8333,0.1667,11,yeldar,2,0.7909,1.0000,0.5818,2,0
298,832,ChemFrame.java,M,22,2,10,0.8333,0.1667,11,yeldar,3,0.0000,0.0000,0.0000,0,3
298,834,ChemFrame.java,M,5,1,0,0.0000,1.0000,0,yeldar,2,0.5000,1.0000,0.0000,1,1
298,835,DisplayPanel.java,M,19,1,0,0.0000,1.0000,0,yeldar,1,0.0000,0.0000,0.0000,0,1
301,66,AtomTypeTable.java,M,11,2,297,0.9900,0.0067,299,yeldar,3,0.0000,0.0000,0.0000,0,3
301,170,AtomTypeTable.java,M,5,2,297,0.9900,0.0067,299,yeldar,3,0.3139,0.4752,0.0000,0,1
301,172,AtomTypeTable.java,M,6,2,297,0.9900,0.0067,299,yeldar,1,1.0000,1.0000,1.0000,1,0
301,173,AtomTypeTable.java,M,6,2,297,0.9900,0.0067,299,yeldar,1,1.0000,1.0000,1.0000,1,0
301,174,AtomTypeTable.java,M,11,2,297,0.9900,0.0067,299,yeldar,1,1.0000,1.0000,1.0000,1,0
301,175,AtomTypeTable.java,M,11,2,297,0.9900,0.0067,299,yeldar,1,1.0000,1.0000,1.0000,1,0
302,53,AboutDialog.java,M,51,3,297,0.9867,0.0100,300,yeldar,2,0.9996,1.0000,0.9992,2,0
302,54,WhatsNewDialog.java,M,51,3,297,0.9867,0.0100,300,yeldar,2,0.9996,1.0000,0.9992,2,0
302,55,HelpDialog.java,M,51,2,298,0.9900,0.0066,300,yeldar,2,0.9992,0.9992,0.9992,2,0
302,56,AboutDialog.java,M,5,2,298,0.9900,0.0066,300,yeldar,3,1.0000,1.0000,1.0000,3,0
302,57,HelpDialog.java,M,5,2,298,0.9900,0.0066,300,yeldar,3,1.0000,1.0000,1.0000,3,0
302,58,WhatsNewDialog.java,M,5,2,298,0.9900,0.0066,300,yeldar,3,1.0000,1.0000,1.0000,3,0
302,59,AboutDialog.java,M,6,1,299,0.9934,0.0033,300,yeldar,2,1.0000,1.0000,1.0000,2,0
302,60,WhatsNewDialog.java,M,6,1,299,0.9934,0.0033,300,yeldar,2,1.0000,1.0000,1.0000,2,0
302,61,HelpDialog.java,M,6,1,299,0.9934,0.0033,300,yeldar,2,1.0000,1.0000,1.0000,2,0
302,62,AboutDialog.java,M,21,1,299,0.9934,0.0033,300,yeldar,2,1.0000,1.0000,1.0000,2,0
302,63,HelpDialog.java,M,21,1,299,0.9934,0.0033,300,yeldar,2,1.0000,1.0000,1.0000,2,0
302,64,WhatsNewDialog.java,M,21,1,299,0.9934,0.0033,300,yeldar,2,1.0000,1.0000,1.0000,2,0
302,65,AboutDialog.java,M,11,2,298,0.9900,0.0066,300,yeldar,3,1.0000,1.0000,1.0000,3,0
302,66,AtomTypeTable.java,M,11,3,297,0.9867,0.0100,300,yeldar,3,0.0000,0.0000,0.0000,0,3
302,69,WhatsNewDialog.java,M,11,2,298,0.9900,0.0066,300,yeldar,3,1.0000,1.0000,1.0000,3,0
302,70,Measure.java,M,11,2,298,0.9900,0.0066,300,yeldar,2,0.4932,0.5963,0.3900,1,0
302,71,MeasurementList.java,M,11,2,298,0.9900,0.0066,300,yeldar,2,0.4600,0.5300,0.3900,1,0
302,72,Animate.java,M,11,2,298,0.9900,0.0066,300,yeldar,3,0.3960,0.5963,0.0000,2,1
302,73,Vibrate.java,M,11,3,297,0.9867,0.0100,300,yeldar,3,0.5305,1.0000,0.0000,2,1
302,75,HelpDialog.java,M,11,2,298,0.9900,0.0066,300,yeldar,3,1.0000,1.0000,1.0000,3,0
302,76,Aces2Reader.java,M,37,1,299,0.9934,0.0033,300,yeldar,10,0.6978,1.0000,0.0000,7,3
302,77,GamessReader.java,M,37,2,298,0.9900,0.0066,300,yeldar,10,0.6944,1.0000,0.0000,7,3
302,78,ADFReader.java,M,37,1,299,0.9934,0.0033,300,yeldar,10,0.6978,1.0000,0.0000,7,3
302,79,Gaussian94Reader.java,M,37,3,297,0.9867,0.0100,300,yeldar,10,0.6955,1.0000,0.0000,7,3
302,80,Gaussian98Reader.java,M,37,3,297,0.9867,0.0100,300,yeldar,10,0.6955,1.0000,0.0000,7,3
302,81,Gaussian92Reader.java,M,37,1,299,0.9934,0.0033,300,yeldar,10,0.6978,1.0000,0.0000,7,3
302,82,Aces2Reader.java,M,5,1,299,0.9934,0.0033,300,yeldar,9,0.5556,1.0000,0.0000,5,4
302,83,Aces2Reader.java,M,5,1,299,0.9934,0.0033,300,yeldar,9,0.5556,1.0000,0.0000,5,4
302,84,Aces2Reader.java,M,47,1,299,0.9934,0.0033,300,yeldar,8,0.8729,1.0000,0.0000,7,1
302,85,ADFReader.java,M,47,1,299,0.9934,0.0033,300,yeldar,8,0.8729,1.0000,0.0000,7,1
302,86,GamessReader.java,M,47,2,298,0.9900,0.0066,300,yeldar,8,0.8695,1.0000,0.0000,7,1
302,87,Gaussian98Reader.java,M,47,1,299,0.9934,0.0033,300,yeldar,8,0.8722,1.0000,0.0000,7,1
302,88,Gaussian92Reader.java,M,47,1,299,0.9934,0.0033,300,yeldar,8,0.8729,1.0000,0.0000,7,1
302,89,Gaussian94Reader.java,M,47,1,299,0.9934,0.0033,300,yeldar,8,0.8729,1.0000,0.0000,7,1
302,90,ADFReader.java,M,47,1,299,0.9934,0.0033,300,yeldar,2,0.3330,0.6660,0.0000,1,1
302,91,Aces2Reader.java,M,62,1,299,0.9934,0.0033,300,yeldar,0,0.0000,0.0000,0.0000,0,0
302,92,Gaussian98Reader.java,M,62,1,299,0.9934,0.0033,300,yeldar,8,0.6250,1.0000,0.0000,5,3
302,93,ADFReader.java,M,62,1,299,0.9934,0.0033,300,yeldar,8,0.6250,1.0000,0.0000,5,3
302,94,Gaussian94Reader.java,M,62,1,299,0.9934,0.0033,300,yeldar,8,0.6250,1.0000,0.0000,5,3
302,95,Gaussian92Reader.java,M,62,1,299,0.9934,0.0033,300,yeldar,8,0.6250,1.0000,0.0000,5,3
302,96,Aces2Reader.java,M,10,1,299,0.9934,0.0033,300,yeldar,1,1.0000,1.0000,1.0000,1,0
302,97,GamessReader.java,M,10,1,299,0.9934,0.0033,300,yeldar,1,1.0000,1.0000,1.0000,1,0
302,98,ADFReader.java,M,5,1,299,0.9934,0.0033,300,yeldar,10,0.6978,1.0000,0.0000,7,3
302,99,ADFReader.java,M,5,1,299,0.9934,0.0033,300,yeldar,9,0.5556,1.0000,0.0000,5,4
302,100,Angle.java,M,7,2,298,0.9900,0.0066,300,yeldar,5,0.3680,0.5300,0.0000,2,1
302,101,Dihedral.java,M,7,2,298,0.9900,0.0066,300,yeldar,5,0.5165,1.0000,0.0000,3,1
302,102,Distance.java,M,7,2,298,0.9900,0.0066,300,yeldar,5,0.5165,1.0000,0.0000,3,1
302,103,Angle.java,M,15,4,296,0.9834,0.0133,300,yeldar,3,0.6400,0.9991,0.3904,2,0
302,104,Distance.java,M,15,4,296,0.9834,0.0133,300,yeldar,3,0.4590,0.5967,0.3898,1,0
302,105,Dihedral.java,M,15,3,297,0.9867,0.0100,300,yeldar,3,0.5522,0.5967,0.5295,3,0
302,106,Angle.java,M,11,5,295,0.9801,0.0166,300,yeldar,3,0.7225,0.9771,0.5322,3,0
302,107,Dihedral.java,M,11,4,296,0.9834,0.0133,300,yeldar,3,0.4663,0.5322,0.3489,2,0
302,108,Angle.java,M,8,4,296,0.9834,0.0133,300,yeldar,0,0.0000,0.0000,0.0000,0,0
302,109,Dihedral.java,M,9,4,296,0.9834,0.0133,300,yeldar,1,1.0000,1.0000,1.0000,1,0
302,110,Angle.java,M,16,3,297,0.9867,0.0100,300,yeldar,1,0.3901,0.3901,0.3901,0,0
302,111,Distance.java,M,16,3,297,0.9867,0.0100,300,yeldar,1,0.3901,0.3901,0.3901,0,0
302,114,Animate.java,M,5,2,298,0.9900,0.0066,300,yeldar,2,0.0000,0.0000,0.0000,0,2
302,125,Animate.java,M,8,2,298,0.9900,0.0066,300,yeldar,6,0.3411,0.5916,0.0000,1,1
302,126,Vibrate.java,M,8,3,297,0.9867,0.0100,300,yeldar,6,0.4202,0.5916,0.0000,4,1
302,128,Animate.java,M,5,4,296,0.9834,0.0133,300,yeldar,2,0.4601,0.5542,0.3660,1,0
302,130,Vibrate.java,M,5,3,297,0.9867,0.0100,300,yeldar,2,0.5347,0.5542,0.5151,2,0
302,136,Animate.java,M,6,4,296,0.9834,0.0133,300,yeldar,5,0.4964,1.0000,0.0000,3,1
302,137,Vibrate.java,M,6,3,297,0.9867,0.0100,300,yeldar,5,0.6168,1.0000,0.0000,4,1
302,139,Animate.java,M,8,4,296,0.9834,0.0133,300,yeldar,4,0.4293,0.5739,0.0000,3,1
302,140,Vibrate.java,M,6,3,297,0.9867,0.0100,300,yeldar,5,0.6168,1.0000,0.0000,4,1
302,141,Animate.java,M,7,4,296,0.9834,0.0133,300,yeldar,2,0.1867,0.3734,0.0000,0,1
302,143,Vibrate.java,M,8,2,298,0.9900,0.0066,300,yeldar,4,0.6309,0.9797,0.0000,3,1
302,148,Animate.java,M,5,5,295,0.9801,0.0166,300,yeldar,1,0.3329,0.3329,0.3329,0,0
302,164,ArrowLine.java,M,45,1,299,0.9934,0.0033,300,yeldar,3,0.3333,1.0000,0.0000,1,2
302,168,AtomTypesModel.java,M,11,4,296,0.9834,0.0133,300,yeldar,3,0.8233,1.0000,0.4700,2,0
302,169,AtomTypesModel.java,M,11,3,296,0.9834,0.0100,300,yeldar,3,0.8233,1.0000,0.4700,2,0
302,170,AtomTypeTable.java,M,5,3,297,0.9867,0.0100,300,yeldar,3,0.5525,0.6583,0.3489,2,0
302,171,Vibrate.java,M,12,2,298,0.9900,0.0066,300,yeldar,0,0.0000,0.0000,0.0000,0,0
302,172,AtomTypeTable.java,M,6,3,297,0.9867,0.0100,300,yeldar,1,1.0000,1.0000,1.0000,1,0
302,173,AtomTypeTable.java,M,6,3,297,0.9867,0.0100,300,yeldar,1,1.0000,1.0000,1.0000,1,0
302,174,AtomTypeTable.java,M,11,3,297,0.9867,0.0100,300,yeldar,1,1.0000,1.0000,1.0000,1,0
302,175,AtomTypeTable.java,M,11,3,297,0.9867,0.0100,300,yeldar,1,1.0000,1.0000,1.0000,1,0
302,176,Bond.java,M,8,6,294,0.9767,0.0199,300,yeldar,9,0.5896,0.9778,0.0000,4,1
302,177,Bond.java,M,8,5,295,0.9801,0.0166,300,yeldar,9,0.5996,0.9778,0.0000,4,1
302,178,Bond.java,M,7,7,293,0.9734,0.0233,300,yeldar,4,0.5299,0.9459,0.3288,1,0
302,197,ChemFrame.java,M,68,4,295,0.9801,0.0133,300,yeldar,2,0.0008,0.0010,0.0005,0,2
302,207,ChemFrame.java,M,6,10,233,0.7741,0.0332,300,yeldar,2,0.3846,0.4179,0.3513,0,0
302,223,CMLSaver.java,M,9,2,298,0.9900,0.0066,300,yeldar,1,0.4621,0.4621,0.4621,0,0
302,224,XYZSaver.java,M,9,2,298,0.9900,0.0066,300,yeldar,1,0.4621,0.4621,0.4621,0,0
302,225,DecimalNumberField.java,M,7,2,298,0.9900,0.0066,300,yeldar,1,0.5300,0.5300,0.5300,1,0
302,226,WholeNumberField.java,M,7,1,299,0.9934,0.0033,300,yeldar,1,0.5300,0.5300,0.5300,1,0
302,227,DecimalNumberField.java,M,10,2,298,0.9900,0.0066,300,yeldar,2,0.4600,0.5300,0.3900,1,0
302,228,WholeNumberField.java,M,10,1,299,0.9934,0.0033,300,yeldar,2,0.5631,0.5963,0.5300,2,0
302,229,DecimalNumberField.java,M,16,2,298,0.9900,0.0066,300,yeldar,9,0.4508,1.0000,0.0000,5,4
302,230,WholeNumberField.java,M,16,1,298,0.9900,0.0033,300,yeldar,9,0.3457,0.9912,0.0000,5,4
302,236,Jmol.java,M,6,13,287,0.9535,0.0432,300,yeldar,8,0.0806,0.3582,0.0000,0,6
302,239,GamessReader.java,M,8,2,298,0.9900,0.0066,300,yeldar,2,0.2775,0.5550,0.0000,1,1
302,241,GamessReader.java,M,9,2,298,0.9900,0.0066,300,yeldar,4,0.3893,0.8886,0.0000,2,2
302,245,Gaussian92Reader.java,M,5,1,299,0.9934,0.0033,300,yeldar,9,0.5556,1.0000,0.0000,5,4
302,247,Gaussian94Reader.java,M,5,1,299,0.9934,0.0033,300,yeldar,9,0.5556,1.0000,0.0000,5,4
302,252,Gaussian94Reader.java,M,26,1,299,0.9934,0.0033,300,yeldar,0,0.0000,0.0000,0.0000,0,0
302,254,Gaussian94Reader.java,M,5,1,299,0.9934,0.0033,300,yeldar,1,0.0000,0.0000,0.0000,0,1
302,258,Gaussian98Reader.java,M,5,1,299,0.9934,0.0033,300,yeldar,1,0.8843,0.8843,0.8843,1,0
302,260,Gaussian98Reader.java,M,5,2,298,0.9900,0.0066,300,yeldar,1,0.0057,0.0057,0.0057,0,1
302,268,Jmol.java,M,6,7,293,0.9734,0.0233,300,yeldar,2,0.2775,0.5550,0.0000,1,1
302,269,Jmol.java,M,6,5,295,0.9801,0.0166,300,yeldar,9,0.5300,0.9636,0.0000,3,1
302,270,Jmol.java,M,5,4,296,0.9834,0.0133,300,yeldar,0,0.0000,0.0000,0.0000,0,0
302,271,Jmol.java,M,14,4,296,0.9834,0.0133,300,yeldar,0,0.0000,0.0000,0.0000,0,0
302,272,Jmol.java,M,12,7,293,0.9734,0.0233,300,yeldar,2,0.7902,0.9841,0.5963,2,0
302,273,Jmol.java,M,12,6,294,0.9767,0.0199,300,yeldar,2,0.7902,0.9841,0.5963,2,0
302,274,Jmol.java,M,5,13,287,0.9535,0.0432,300,yeldar,4,0.4998,1.0000,0.0000,2,2
302,276,Jmol.java,M,5,14,286,0.9502,0.0465,300,yeldar,4,0.4996,0.9992,0.0000,2,2
302,277,Jmol.java,M,5,13,287,0.9535,0.0432,300,yeldar,4,0.4998,1.0000,0.0000,2,2
302,278,Jmol.java,M,10,6,294,0.9767,0.0199,300,yeldar,1,0.9841,0.9841,0.9841,1,0
302,279,Jmol.java,M,10,7,293,0.9734,0.0233,300,yeldar,1,0.9841,0.9841,0.9841,1,0
302,280,Jmol.java,M,39,2,298,0.9900,0.0066,300,yeldar,3,0.8240,0.9928,0.5188,3,0
302,281,Jmol.java,M,39,5,295,0.9801,0.0166,300,yeldar,3,0.8232,0.9928,0.5218,3,0
302,282,JmolResourceHandler.java,M,7,3,297,0.9867,0.0100,300,yeldar,5,0.2000,1.0000,0.0000,1,4
302,283,JmolResourceHandler.java,M,12,3,297,0.9867,0.0100,300,yeldar,1,0.3294,0.3294,0.3294,0,0
302,305,ListNode.java,M,5,2,298,0.9900,0.0066,300,yeldar,3,0.6395,0.9991,0.3898,2,0
302,306,MeasurementList.java,M,5,2,298,0.9900,0.0066,300,yeldar,14,0.5879,1.0000,0.0000,8,3
302,307,LoopedStreams.java,M,10,1,299,0.9934,0.0033,300,yeldar,1,0.6525,0.6525,0.6525,1,0
302,308,LoopedStreams.java,M,10,2,298,0.9900,0.0066,300,yeldar,1,0.6525,0.6525,0.6525,1,0
302,314,Measure.java,M,8,2,298,0.9900,0.0066,300,yeldar,9,0.5432,1.0000,0.0000,3,1
302,315,Measure.java,M,8,2,298,0.9900,0.0066,300,yeldar,9,0.5432,1.0000,0.0000,3,1
302,316,Measure.java,M,8,2,298,0.9900,0.0066,300,yeldar,9,0.5432,1.0000,0.0000,3,1
302,317,Measure.java,M,8,2,298,0.9900,0.0066,300,yeldar,4,0.1911,0.3900,0.0000,0,2
302,318,MeasurementList.java,M,8,2,298,0.9900,0.0066,300,yeldar,4,0.5338,0.9459,0.3418,1,0
302,319,Measure.java,M,8,2,298,0.9900,0.0066,300,yeldar,2,0.1950,0.3900,0.0000,0,1
302,320,MeasurementList.java,M,8,2,298,0.9900,0.0066,300,yeldar,2,0.1950,0.3900,0.0000,0,1
302,321,Measure.java,M,5,2,298,0.9900,0.0066,300,yeldar,14,0.4519,1.0000,0.0000,4,2
302,322,Measure.java,M,5,2,298,0.9900,0.0066,300,yeldar,14,0.4519,1.0000,0.0000,4,2
302,324,Measure.java,M,5,1,299,0.9934,0.0033,300,yeldar,14,0.4642,1.0000,0.0000,11,3
302,325,Measure.java,M,5,2,298,0.9900,0.0066,300,yeldar,14,0.4519,1.0000,0.0000,4,2
302,326,Measure.java,M,5,1,299,0.9934,0.0033,300,yeldar,14,0.4642,1.0000,0.0000,11,3
302,327,MeasurementList.java,M,5,2,298,0.9900,0.0066,300,yeldar,14,0.5879,1.0000,0.0000,8,3
302,328,MeasurementList.java,M,5,2,298,0.9900,0.0066,300,yeldar,14,0.5879,1.0000,0.0000,8,3
302,329,MeasurementList.java,M,5,2,298,0.9900,0.0066,300,yeldar,14,0.5879,1.0000,0.0000,8,3
302,330,MeasurementList.java,M,5,2,298,0.9900,0.0066,300,yeldar,14,0.5879,1.0000,0.0000,8,3
302,332,MeasurementList.java,M,5,2,298,0.9900,0.0066,300,yeldar,14,0.5879,1.0000,0.0000,8,3
302,333,MeasurementList.java,M,5,2,298,0.9900,0.0066,300,yeldar,6,0.5970,1.0000,0.0000,4,1
302,334,MeasurementList.java,M,5,2,298,0.9900,0.0066,300,yeldar,14,0.5879,1.0000,0.0000,8,3
302,335,MeasurementList.java,M,5,2,298,0.9900,0.0066,300,yeldar,6,0.5970,1.0000,0.0000,4,1
302,337,MeasurementList.java,M,14,2,298,0.9900,0.0066,300,yeldar,9,0.4508,1.0000,0.0000,5,4
302,338,MeasurementList.java,M,14,2,298,0.9900,0.0066,300,yeldar,9,0.4508,1.0000,0.0000,5,4
302,339,MeasurementList.java,M,14,2,298,0.9900,0.0066,300,yeldar,9,0.4508,1.0000,0.0000,5,4
302,340,MeasurementList.java,M,5,2,298,0.9900,0.0066,300,yeldar,9,0.6073,1.0000,0.0000,4,1
302,341,MeasurementList.java,M,5,2,298,0.9900,0.0066,300,yeldar,9,0.6073,1.0000,0.0000,4,1
302,342,MeasurementList.java,M,5,2,298,0.9900,0.0066,300,yeldar,9,0.6073,1.0000,0.0000,4,1
302,437,BaseAtomType.java,M,7,2,277,0.9893,0.0071,279,yeldar,0,0.0000,0.0000,0.0000,0,0
302,444,ArrowLine.java,M,14,1,269,0.9963,0.0037,269,yeldar,3,0.3333,1.0000,0.0000,1,2
302,448,ArrowLine.java,M,46,1,268,0.9926,0.0037,269,yeldar,0,0.0000,0.0000,0.0000,0,0
302,451,AtomType.java,M,51,2,268,0.9926,0.0074,269,yeldar,4,0.6328,0.9797,0.0000,3,1
302,459,AtomType.java,M,15,3,267,0.9889,0.0111,269,yeldar,1,0.0000,0.0000,0.0000,0,1
302,476,Bond.java,M,150,3,267,0.9889,0.0111,269,yeldar,9,0.3446,0.9912,0.0000,5,4
302,526,JMolCDO.java,M,5,2,268,0.9926,0.0074,269,yeldar,2,0.3330,0.6660,0.0000,1,1
302,531,JMolCDO.java,M,5,5,265,0.9815,0.0185,269,yeldar,5,0.4753,0.6660,0.0000,3,1
302,533,JMolCDO.java,M,11,3,266,0.9852,0.0111,269,yeldar,1,0.0000,0.0000,0.0000,0,1
302,606,AtomTypeSet.java,M,11,1,266,0.9963,0.0037,266,yeldar,1,0.0000,0.0000,0.0000,0,1
302,608,BaseAtomType.java,M,10,2,264,0.9888,0.0075,266,yeldar,0,0.0000,0.0000,0.0000,0,0
302,611,BaseAtomType.java,M,8,2,265,0.9925,0.0075,266,yeldar,1,0.0000,0.0000,0.0000,0,1
302,613,BaseAtomType.java,M,12,2,265,0.9925,0.0075,266,yeldar,2,0.1916,0.3831,0.0000,0,1
302,615,BaseAtomType.java,M,13,2,265,0.9925,0.0075,266,yeldar,5,0.3060,1.0000,0.0000,2,3
302,617,BaseAtomType.java,M,21,2,265,0.9925,0.0075,266,yeldar,5,0.3060,1.0000,0.0000,2,3
302,660,Splash.java,M,8,2,218,0.9909,0.0091,219,yeldar,5,0.1997,0.9986,0.0000,1,4
302,661,Splash.java,M,8,1,218,0.9909,0.0045,219,yeldar,5,0.1997,0.9986,0.0000,1,4
302,663,PropertyGraph.java,M,11,4,201,0.9757,0.0194,205,yeldar,6,0.5957,0.9965,0.0000,4,1
302,664,PropertyGraph.java,M,6,4,201,0.9757,0.0194,205,yeldar,8,0.2019,0.6967,0.0000,1,4
302,665,PropertyGraph.java,M,6,4,201,0.9757,0.0194,205,yeldar,1,1.0000,1.0000,1.0000,1,0
302,666,Vibrate.java,M,6,3,203,0.9854,0.0146,205,yeldar,0,0.0000,0.0000,0.0000,0,0
302,667,PropertyGraph.java,M,9,5,200,0.9709,0.0243,205,yeldar,3,0.5212,0.5229,0.5188,3,0
302,668,Vibrate.java,M,9,3,203,0.9854,0.0146,205,yeldar,3,0.8127,0.9603,0.5229,3,0
302,669,JMolCDO.java,M,28,3,198,0.9851,0.0149,200,yeldar,4,0.3198,0.6618,0.0000,2,2
302,676,JMolCDO.java,M,5,3,190,0.9845,0.0155,192,yeldar,2,0.3177,0.6353,0.0000,1,1
302,689,Vibrate.java,M,37,2,174,0.9886,0.0114,175,yeldar,2,0.3177,0.6353,0.0000,1,1
302,690,CMLReader.java,M,5,3,170,0.9827,0.0173,172,yeldar,3,0.3643,0.6726,0.0000,1,1
302,691,XYZReader.java,M,5,2,171,0.9884,0.0116,172,yeldar,3,0.3167,0.5300,0.0000,1,1
302,693,PropertyGraph.java,M,6,2,160,0.9816,0.0123,162,yeldar,5,0.3994,0.5300,0.0000,3,1
302,694,PropertyGraph.java,M,6,1,161,0.9877,0.0061,162,yeldar,5,0.6335,1.0000,0.0000,4,1
302,697,CACheReader.java,M,47,2,158,0.9814,0.0124,160,yeldar,8,0.8685,1.0000,0.0000,7,1
302,699,Aces2Reader.java,M,6,1,139,0.9929,0.0071,139,yeldar,6,0.8333,1.0000,0.0000,5,1
302,701,GamessReader.java,M,6,1,139,0.9929,0.0071,139,yeldar,6,0.8333,1.0000,0.0000,5,1
302,704,AtomType.java,M,6,3,137,0.9786,0.0214,139,yeldar,2,0.0000,0.0000,0.0000,0,2
302,706,AtomType.java,M,26,2,138,0.9857,0.0143,139,yeldar,5,0.4867,1.0000,0.0000,3,1
302,708,AtomType.java,M,17,2,138,0.9857,0.0143,139,yeldar,2,0.1867,0.3734,0.0000,0,1
302,715,PDBReader.java,M,10,2,138,0.9857,0.0143,139,yeldar,3,0.1767,0.5300,0.0000,1,2
302,719,ADFReader.java,M,7,1,136,0.9927,0.0073,136,yeldar,2,0.5631,0.5963,0.5300,2,0
302,720,SharcShielding.java,M,7,1,135,0.9854,0.0073,136,yeldar,1,1.0000,1.0000,1.0000,1,0
302,726,PovrayDialog.java,M,11,2,123,0.9762,0.0159,125,yeldar,3,1.0000,1.0000,1.0000,3,0
302,727,CMLSaver.java,M,9,2,124,0.9841,0.0159,125,yeldar,2,0.0000,0.0000,0.0000,0,2
302,728,PovraySaver.java,M,9,4,121,0.9603,0.0317,125,yeldar,0,0.0000,0.0000,0.0000,0,0
302,730,PovrayDialog.java,M,5,2,123,0.9762,0.0159,125,yeldar,3,0.8233,1.0000,0.4700,2,0
302,734,RasMolScriptHandler.java,M,8,4,103,0.9626,0.0374,106,yeldar,2,0.9749,1.0000,0.9498,2,0
302,735,RasMolScriptHandler.java,M,8,4,103,0.9626,0.0374,106,yeldar,2,0.9749,1.0000,0.9498,2,0
302,736,RasMolScriptHandler.java,M,17,2,104,0.9811,0.0189,105,yeldar,5,0.5578,0.9594,0.0000,3,2
302,737,RasMolScriptHandler.java,M,17,3,103,0.9717,0.0283,105,yeldar,5,0.5733,0.9594,0.0000,3,2
302,739,RasMolScriptHandler.java,M,10,4,102,0.9623,0.0377,105,yeldar,5,0.5737,1.0000,0.0000,3,2
302,740,RasMolScriptHandler.java,M,10,4,102,0.9623,0.0377,105,yeldar,5,0.5737,1.0000,0.0000,3,2
302,741,Bond.java,M,5,3,102,0.9714,0.0286,104,yeldar,3,0.7151,0.9771,0.5178,3,0
302,742,RasMolScriptHandler.java,M,8,2,97,0.9798,0.0202,98,yeldar,2,0.9498,0.9498,0.9498,2,0
302,743,Bond.java,M,8,3,95,0.9694,0.0306,97,yeldar,2,0.4405,0.5151,0.3660,1,0
302,749,AtomTypesModel.java,M,6,2,85,0.9770,0.0230,86,yeldar,5,0.2120,0.5300,0.0000,2,3
302,751,Gaussian92Reader.java,M,6,1,72,0.9863,0.0137,72,yeldar,6,0.8333,1.0000,0.0000,5,1
302,752,Gaussian94Reader.java,M,6,1,72,0.9863,0.0137,72,yeldar,6,0.8333,1.0000,0.0000,5,1
302,754,ADFReader.java,M,6,1,72,0.9863,0.0137,72,yeldar,6,0.8333,1.0000,0.0000,5,1
302,760,XYZReader.java,M,68,1,72,0.9863,0.0137,72,yeldar,3,0.1767,0.5300,0.0000,1,2
302,779,DisplayPanel.java,M,5,3,59,0.9516,0.0484,61,yeldar,1,0.2770,0.2770,0.2770,0,0
302,785,DisplayPanel.java,M,34,2,60,0.9677,0.0323,61,yeldar,1,0.6541,0.6541,0.6541,1,0
302,786,DisplayPanel.java,M,34,3,59,0.9516,0.0484,61,yeldar,1,0.6541,0.6541,0.6541,1,0
302,787,DisplayPanel.java,M,11,3,59,0.9516,0.0484,61,yeldar,2,0.5000,1.0000,0.0000,1,1
302,788,DisplayPanel.java,M,11,3,59,0.9516,0.0484,61,yeldar,2,0.5000,1.0000,0.0000,1,1
302,789,DisplayPanel.java,M,17,1,61,0.9839,0.0161,61,yeldar,3,0.5321,1.0000,0.0000,2,1
302,790,DisplayPanel.java,M,29,1,61,0.9839,0.0161,61,yeldar,3,0.4009,0.6726,0.0000,2,1
302,791,DisplayPanel.java,M,5,3,59,0.9516,0.0484,61,yeldar,1,0.3900,0.3900,0.3900,0,0
302,792,DisplayPanel.java,M,5,2,60,0.9677,0.0323,61,yeldar,2,0.4943,0.4943,0.4943,0,0
302,793,DisplayPanel.java,M,5,2,60,0.9677,0.0323,61,yeldar,2,0.4932,0.5963,0.3900,1,0
302,794,ChemFrameRenderer.java,M,9,3,58,0.9508,0.0492,60,yeldar,2,0.7471,1.0000,0.4943,1,0
302,795,ChemFrameRenderer.java,M,9,3,58,0.9508,0.0492,60,yeldar,2,0.7471,1.0000,0.4943,1,0
302,801,HeapSorter.java,M,17,2,55,0.9483,0.0345,57,yeldar,1,0.4110,0.4110,0.4110,0,0
302,802,Gaussian90Reader.java,M,37,1,39,0.9512,0.0244,40,yeldar,10,0.7000,1.0000,0.0000,7,3
302,804,Gaussian90Reader.java,M,5,1,39,0.9512,0.0244,40,yeldar,9,0.5556,1.0000,0.0000,5,4
302,807,Gaussian90Reader.java,M,47,1,39,0.9512,0.0244,40,yeldar,8,0.8750,1.0000,0.0000,7,1
302,808,Gaussian90Reader.java,M,6,1,39,0.9512,0.0244,40,yeldar,6,0.8333,1.0000,0.0000,5,1
302,809,Gaussian90Reader.java,M,62,1,39,0.9512,0.0244,40,yeldar,8,0.6250,1.0000,0.0000,5,3
302,810,AtomicSymbol.java,M,7,1,39,0.9512,0.0244,40,yeldar,1,1.0000,1.0000,1.0000,1,0
302,811,ADFReader.java,M,39,1,40,0.9756,0.0244,40,yeldar,5,0.6392,1.0000,0.0000,4,1
302,812,AtomicSymbol.java,M,39,1,39,0.9512,0.0244,40,yeldar,5,0.6392,1.0000,0.0000,4,1
302,813,DaltonReader.java,M,6,1,39,0.9512,0.0244,40,yeldar,1,0.5300,0.5300,0.5300,1,0
302,814,XYZReader.java,M,6,2,39,0.9512,0.0488,40,yeldar,1,0.5300,0.5300,0.5300,1,0
302,815,GamessReader.java,M,83,1,40,0.9756,0.0244,40,yeldar,0,0.0000,0.0000,0.0000,0,0
302,816,JaguarReader.java,M,73,1,39,0.9512,0.0244,40,yeldar,0,0.0000,0.0000,0.0000,0,0
302,817,MopacReader.java,M,73,1,39,0.9512,0.0244,40,yeldar,2,0.0000,0.0000,0.0000,0,2
302,818,GamessReader.java,M,70,1,40,0.9756,0.0244,40,yeldar,0,0.0000,0.0000,0.0000,0,0
302,819,JaguarReader.java,M,33,1,39,0.9512,0.0244,40,yeldar,3,0.0000,0.0000,0.0000,0,3
302,820,MopacReader.java,M,32,1,39,0.9512,0.0244,40,yeldar,2,0.5963,0.5963,0.5963,2,0
302,821,JaguarReader.java,M,41,1,39,0.9512,0.0244,40,yeldar,5,0.8000,1.0000,0.0000,4,1
302,822,MopacReader.java,M,41,1,39,0.9512,0.0244,40,yeldar,3,0.0000,0.0000,0.0000,0,3
302,823,JaguarReader.java,M,9,1,39,0.9512,0.0244,40,yeldar,5,0.5445,1.0000,0.0000,4,1
302,824,JaguarReader.java,M,9,1,39,0.9512,0.0244,40,yeldar,5,0.5445,1.0000,0.0000,4,1
302,826,MopacReader.java,M,9,1,39,0.9512,0.0244,40,yeldar,3,1.0000,1.0000,1.0000,3,0
302,827,MopacReader.java,M,9,1,39,0.9512,0.0244,40,yeldar,3,1.0000,1.0000,1.0000,3,0
302,828,MopacReader.java,M,9,1,39,0.9512,0.0244,40,yeldar,3,1.0000,1.0000,1.0000,3,0
302,835,DisplayPanel.java,M,19,2,3,0.6000,0.4000,4,yeldar,3,0.8433,1.0000,0.5300,3,0
302,836,DisplayPanel.java,M,19,1,4,0.8000,0.2000,4,yeldar,3,0.8433,1.0000,0.5300,3,0
302,839,ChemFrameRenderer.java,M,6,1,1,0.5000,0.5000,1,yeldar,3,1.0000,1.0000,1.0000,3,0
302,840,LoopedStreams.java,M,7,1,0,0.0000,1.0000,0,yeldar,5,0.2000,1.0000,0.0000,1,4
302,843,Distance.java,M,9,1,0,0.0000,1.0000,0,yeldar,1,1.0000,1.0000,1.0000,1,0
302,844,Distance.java,M,6,1,0,0.0000,1.0000,0,yeldar,2,0.5000,1.0000,0.0000,1,1
302,845,Dihedral.java,M,6,1,0,0.0000,1.0000,0,yeldar,2,0.5000,1.0000,0.0000,1,1
302,846,MeasurementListEvent.java,M,5,1,0,0.0000,1.0000,0,yeldar,5,0.8000,1.0000,0.0000,4,1
302,847,CMLSaver.java,M,6,1,0,0.0000,1.0000,0,yeldar,3,1.0000,1.0000,1.0000,3,0
302,848,PovraySaver.java,M,6,1,0,0.0000,1.0000,0,yeldar,3,1.0000,1.0000,1.0000,3,0
302,849,Gaussian90Reader.java,M,41,1,0,0.0000,1.0000,0,yeldar,5,0.8000,1.0000,0.0000,4,1
302,850,Gaussian94Reader.java,M,41,1,0,0.0000,1.0000,0,yeldar,5,0.8000,1.0000,0.0000,4,1
302,851,Gaussian92Reader.java,M,41,1,0,0.0000,1.0000,0,yeldar,5,0.8000,1.0000,0.0000,4,1
302,852,Gaussian98Reader.java,M,41,1,0,0.0000,1.0000,0,yeldar,5,0.8000,1.0000,0.0000,4,1
302,853,Gaussian98Reader.java,M,33,1,0,0.0000,1.0000,0,yeldar,3,1.0000,1.0000,1.0000,3,0
302,854,JMolCDO.java,M,14,1,0,0.0000,1.0000,0,yeldar,8,0.6250,1.0000,0.0000,5,3
302,856,PropertyGraph.java,M,6,1,0,0.0000,1.0000,0,yeldar,1,1.0000,1.0000,1.0000,1,0
304,73,Vibrate.java,M,11,4,298,0.9835,0.0132,302,yeldar,3,0.2828,0.4850,0.0000,0,1
304,126,Vibrate.java,M,8,4,298,0.9835,0.0132,302,yeldar,6,0.2720,0.3634,0.0000,0,1
304,130,Vibrate.java,M,5,4,298,0.9835,0.0132,302,yeldar,2,0.3409,0.3489,0.3330,0,0
304,137,Vibrate.java,M,6,4,298,0.9835,0.0132,302,yeldar,5,0.3323,0.4883,0.0000,0,1
304,171,Vibrate.java,M,12,3,299,0.9868,0.0099,302,yeldar,0,0.0000,0.0000,0.0000,0,0
304,666,Vibrate.java,M,6,4,204,0.9808,0.0192,207,yeldar,0,0.0000,0.0000,0.0000,0,0
304,668,Vibrate.java,M,9,4,204,0.9808,0.0192,207,yeldar,3,0.4286,0.4755,0.3362,0,0
304,857,Vibrate.java,M,7,1,0,0.0000,1.0000,0,yeldar,0,0.0000,0.0000,0.0000,0,0
308,202,ChemFrame.java,M,8,10,296,0.9642,0.0326,306,gezelter,1,0.0000,0.0000,0.0000,0,1
308,203,ChemFrame.java,M,14,8,298,0.9707,0.0261,306,gezelter,0,0.0000,0.0000,0.0000,0,0
308,204,ChemFrame.java,M,14,6,300,0.9772,0.0195,306,gezelter,0,0.0000,0.0000,0.0000,0,0
308,205,ChemFrame.java,M,5,10,296,0.9642,0.0326,306,gezelter,6,0.3029,0.4696,0.0000,0,2
308,207,ChemFrame.java,M,6,11,238,0.7752,0.0358,306,gezelter,2,0.5756,0.5912,0.5600,2,0
308,209,ChemFrame.java,M,16,8,298,0.9707,0.0261,306,gezelter,8,0.2501,0.7315,0.0000,2,4
308,211,ChemFrame.java,M,11,10,296,0.9642,0.0326,306,gezelter,2,0.7956,1.0000,0.5912,2,0
308,213,ChemFrame.java,M,13,9,297,0.9674,0.0293,306,gezelter,8,0.2116,0.7361,0.0000,2,5
308,215,ChemFrame.java,M,13,8,298,0.9707,0.0261,306,gezelter,8,0.2193,0.7361,0.0001,2,5
308,489,ChemFrame.java,M,14,6,223,0.8080,0.0217,275,gezelter,4,0.1934,0.3118,0.0000,0,1
308,746,ChemFrame.java,M,16,4,95,0.9596,0.0404,98,gezelter,1,0.2016,0.2016,0.2016,0,0
308,829,ChemFrame.java,M,9,3,19,0.8636,0.1364,21,gezelter,2,0.2128,0.4256,0.0000,0,1
308,830,ChemFrame.java,M,6,3,19,0.8636,0.1364,21,gezelter,2,0.7800,1.0000,0.5600,2,0
308,832,ChemFrame.java,M,22,3,19,0.8636,0.1364,21,gezelter,3,0.0000,0.0000,0.0000,0,3
309,730,PovrayDialog.java,M,5,3,129,0.9699,0.0226,132,yeldar,3,0.4978,0.6047,0.2842,2,0
309,779,DisplayPanel.java,M,5,4,65,0.9420,0.0580,68,yeldar,1,0.1575,0.1575,0.1575,0,1
309,788,DisplayPanel.java,M,11,4,65,0.9420,0.0580,68,yeldar,2,0.3376,0.6751,0.0000,1,1
309,789,DisplayPanel.java,M,17,2,67,0.9710,0.0290,68,yeldar,3,0.2157,0.3436,0.0000,0,1
309,790,DisplayPanel.java,M,29,2,67,0.9710,0.0290,68,yeldar,3,0.2293,0.3676,0.0000,0,1
309,791,DisplayPanel.java,M,5,4,65,0.9420,0.0580,68,yeldar,1,0.2633,0.2633,0.2633,0,0
309,792,DisplayPanel.java,M,5,3,66,0.9565,0.0435,68,yeldar,2,0.3070,0.3070,0.3070,0,0
309,793,DisplayPanel.java,M,5,3,66,0.9565,0.0435,68,yeldar,2,0.3034,0.3436,0.2633,0,0
309,835,DisplayPanel.java,M,19,3,9,0.7500,0.2500,11,yeldar,3,0.4053,0.4477,0.3205,0,0
309,858,PovrayDialog.java,M,9,1,0,0.0000,1.0000,0,yeldar,4,0.2500,1.0000,0.0000,1,3
309,859,PovrayDialog.java,M,9,1,0,0.0000,1.0000,0,yeldar,4,0.2500,1.0000,0.0000,1,3
310,600,JmolSimpleBean.java,M,5,4,76,0.2734,0.0144,277,yeldar,2,0.0000,0.0000,0.0000,0,2
310,733,JmolSimpleBean.java,M,10,5,114,0.9580,0.0420,118,yeldar,2,0.0000,0.0000,0.0000,0,2
315,17,ChemFrame.java,M,8,9,304,0.9682,0.0287,313,yeldar,1,0.5670,0.5670,0.5670,1,0
315,53,AboutDialog.java,M,51,4,309,0.9841,0.0127,313,yeldar,2,0.9998,1.0000,0.9997,2,0
315,54,WhatsNewDialog.java,M,51,4,309,0.9841,0.0127,313,yeldar,2,0.9998,1.0000,0.9997,2,0
315,55,HelpDialog.java,M,51,3,310,0.9873,0.0096,313,yeldar,2,0.9997,0.9997,0.9997,2,0
315,56,AboutDialog.java,M,5,3,310,0.9873,0.0096,313,yeldar,3,1.0000,1.0000,1.0000,3,0
315,57,HelpDialog.java,M,5,3,310,0.9873,0.0096,313,yeldar,3,1.0000,1.0000,1.0000,3,0
315,58,WhatsNewDialog.java,M,5,3,310,0.9873,0.0096,313,yeldar,3,1.0000,1.0000,1.0000,3,0
315,59,AboutDialog.java,M,6,2,311,0.9904,0.0064,313,yeldar,2,1.0000,1.0000,1.0000,2,0
315,60,WhatsNewDialog.java,M,6,2,311,0.9904,0.0064,313,yeldar,2,1.0000,1.0000,1.0000,2,0
315,61,HelpDialog.java,M,6,2,311,0.9904,0.0064,313,yeldar,2,1.0000,1.0000,1.0000,2,0
315,62,AboutDialog.java,M,21,2,311,0.9904,0.0064,313,yeldar,4,0.5000,1.0000,0.0000,2,2
315,63,HelpDialog.java,M,21,2,311,0.9904,0.0064,313,yeldar,4,0.5000,1.0000,0.0000,2,2
315,64,WhatsNewDialog.java,M,21,2,311,0.9904,0.0064,313,yeldar,4,0.5000,1.0000,0.0000,2,2
315,65,AboutDialog.java,M,11,3,310,0.9873,0.0096,313,yeldar,3,0.8536,1.0000,0.5609,3,0
315,66,AtomTypeTable.java,M,11,4,309,0.9841,0.0127,313,yeldar,3,0.2746,0.2788,0.2725,0,0
315,67,Preferences.java,M,11,3,310,0.9873,0.0096,313,yeldar,5,0.4451,0.4827,0.3735,0,0
315,69,WhatsNewDialog.java,M,11,3,310,0.9873,0.0096,313,yeldar,3,0.8536,1.0000,0.5609,3,0
315,70,Measure.java,M,11,3,310,0.9873,0.0096,313,yeldar,2,0.6992,0.7853,0.6130,2,0
315,71,MeasurementList.java,M,11,3,310,0.9873,0.0096,313,yeldar,2,0.6747,0.7363,0.6130,2,0
315,72,Animate.java,M,11,3,310,0.9873,0.0096,313,yeldar,3,0.5076,0.5857,0.3725,2,0
315,73,Vibrate.java,M,11,5,308,0.9809,0.0159,313,yeldar,3,0.4814,0.5857,0.3396,2,0
315,75,HelpDialog.java,M,11,3,310,0.9873,0.0096,313,yeldar,3,0.8536,1.0000,0.5609,3,0
315,76,Aces2Reader.java,M,37,2,311,0.9904,0.0064,313,yeldar,10,0.8666,1.0000,0.4827,9,0
315,77,GamessReader.java,M,37,3,310,0.9873,0.0096,313,yeldar,10,0.8648,1.0000,0.4816,9,0
315,78,ADFReader.java,M,37,2,311,0.9904,0.0064,313,yeldar,10,0.8666,1.0000,0.4827,9,0
315,79,Gaussian94Reader.java,M,37,4,309,0.9841,0.0127,313,yeldar,10,0.8652,1.0000,0.4815,9,0
315,80,Gaussian98Reader.java,M,37,4,309,0.9841,0.0127,313,yeldar,10,0.8652,1.0000,0.4815,9,0
315,81,Gaussian92Reader.java,M,37,2,311,0.9904,0.0064,313,yeldar,10,0.8666,1.0000,0.4827,9,0
315,82,Aces2Reader.java,M,5,2,311,0.9904,0.0064,313,yeldar,9,0.7973,1.0000,0.4175,8,0
315,83,Aces2Reader.java,M,5,2,311,0.9904,0.0064,313,yeldar,9,0.7973,1.0000,0.4175,8,0
315,84,Aces2Reader.java,M,47,2,311,0.9904,0.0064,313,yeldar,8,0.9418,1.0000,0.5410,8,0
315,85,ADFReader.java,M,47,2,311,0.9904,0.0064,313,yeldar,8,0.9418,1.0000,0.5410,8,0
315,86,GamessReader.java,M,47,3,310,0.9873,0.0096,313,yeldar,8,0.9402,1.0000,0.5396,8,0
315,87,Gaussian98Reader.java,M,47,2,311,0.9904,0.0064,313,yeldar,8,0.9415,1.0000,0.5407,8,0
315,88,Gaussian92Reader.java,M,47,2,311,0.9904,0.0064,313,yeldar,8,0.9418,1.0000,0.5410,8,0
315,89,Gaussian94Reader.java,M,47,2,311,0.9904,0.0064,313,yeldar,8,0.9418,1.0000,0.5410,8,0
315,90,ADFReader.java,M,47,2,311,0.9904,0.0064,313,yeldar,2,0.6328,0.8316,0.4340,1,0
315,91,Aces2Reader.java,M,62,2,311,0.9904,0.0064,313,yeldar,0,0.0000,0.0000,0.0000,0,0
315,92,Gaussian98Reader.java,M,62,2,311,0.9904,0.0064,313,yeldar,8,0.8463,1.0000,0.5776,8,0
315,93,ADFReader.java,M,62,2,311,0.9904,0.0064,313,yeldar,8,0.8463,1.0000,0.5776,8,0
315,94,Gaussian94Reader.java,M,62,2,311,0.9904,0.0064,313,yeldar,8,0.8463,1.0000,0.5776,8,0
315,95,Gaussian92Reader.java,M,62,2,311,0.9904,0.0064,313,yeldar,8,0.8463,1.0000,0.5776,8,0
315,96,Aces2Reader.java,M,10,2,311,0.9904,0.0064,313,yeldar,1,1.0000,1.0000,1.0000,1,0
315,97,GamessReader.java,M,10,2,311,0.9904,0.0064,313,yeldar,1,1.0000,1.0000,1.0000,1,0
315,98,ADFReader.java,M,5,2,311,0.9904,0.0064,313,yeldar,10,0.8666,1.0000,0.4827,9,0
315,99,ADFReader.java,M,5,2,311,0.9904,0.0064,313,yeldar,9,0.7973,1.0000,0.4175,8,0
315,100,Angle.java,M,7,3,310,0.9873,0.0096,313,yeldar,5,0.6275,0.7363,0.4391,4,0
315,101,Dihedral.java,M,7,3,310,0.9873,0.0096,313,yeldar,5,0.7304,1.0000,0.4683,4,0
315,102,Distance.java,M,7,3,310,0.9873,0.0096,313,yeldar,5,0.7304,1.0000,0.4683,4,0
315,103,Angle.java,M,15,5,308,0.9809,0.0159,313,yeldar,3,0.7830,0.9995,0.6131,3,0
315,104,Distance.java,M,15,5,308,0.9809,0.0159,313,yeldar,3,0.6704,0.7854,0.6127,3,0
315,105,Dihedral.java,M,15,4,309,0.9841,0.0127,313,yeldar,3,0.7526,0.7854,0.7360,3,0
315,106,Angle.java,M,11,6,307,0.9777,0.0191,313,yeldar,3,0.8329,0.9870,0.7371,3,0
315,107,Dihedral.java,M,11,5,308,0.9809,0.0159,313,yeldar,3,0.6780,0.7371,0.5703,3,0
315,108,Angle.java,M,8,5,308,0.9809,0.0159,313,yeldar,0,0.0000,0.0000,0.0000,0,0
315,109,Dihedral.java,M,9,5,308,0.9809,0.0159,313,yeldar,2,0.5000,1.0000,0.0000,1,1
315,110,Angle.java,M,16,4,309,0.9841,0.0127,313,yeldar,1,0.6130,0.6130,0.6130,1,0
315,111,Distance.java,M,16,4,309,0.9841,0.0127,313,yeldar,1,0.6130,0.6130,0.6130,1,0
315,114,Animate.java,M,5,3,310,0.9873,0.0096,313,yeldar,2,0.4051,0.4496,0.3606,0,0
315,125,Animate.java,M,8,3,310,0.9873,0.0096,313,yeldar,6,0.5489,0.6130,0.4013,4,0
315,126,Vibrate.java,M,8,5,308,0.9809,0.0159,313,yeldar,6,0.5089,0.5857,0.3770,4,0
315,128,Animate.java,M,5,5,308,0.9809,0.0159,313,yeldar,2,0.5794,0.5884,0.5703,2,0
315,130,Vibrate.java,M,5,5,308,0.9809,0.0159,313,yeldar,2,0.5616,0.5703,0.5529,2,0
315,136,Animate.java,M,6,5,308,0.9809,0.0159,313,yeldar,5,0.6716,1.0000,0.4365,4,0
315,137,Vibrate.java,M,6,5,308,0.9809,0.0159,313,yeldar,5,0.5870,0.7011,0.4042,4,0
315,139,Animate.java,M,8,5,308,0.9809,0.0159,313,yeldar,4,0.6833,0.7694,0.4282,3,0
315,140,Vibrate.java,M,6,4,309,0.9841,0.0127,313,yeldar,5,0.7524,1.0000,0.5698,5,0
315,141,Animate.java,M,7,5,308,0.9809,0.0159,313,yeldar,2,0.5163,0.5962,0.4365,1,0
315,143,Vibrate.java,M,8,3,310,0.9873,0.0096,313,yeldar,4,0.8224,0.9917,0.5414,4,0
315,148,Animate.java,M,5,6,307,0.9777,0.0191,313,yeldar,4,0.9034,1.0000,0.6135,4,0
315,164,ArrowLine.java,M,45,2,311,0.9904,0.0064,313,yeldar,3,0.6604,1.0000,0.4371,2,0
315,165,ArrowLine.java,M,45,3,310,0.9873,0.0096,313,yeldar,3,0.5749,0.6366,0.5441,3,0
315,168,AtomTypesModel.java,M,11,5,308,0.9809,0.0159,313,yeldar,3,0.5580,0.9999,0.2637,1,0
315,169,AtomTypesModel.java,M,11,4,308,0.9809,0.0127,313,yeldar,3,0.5580,0.9999,0.2637,1,0
315,170,AtomTypeTable.java,M,5,4,309,0.9841,0.0127,313,yeldar,3,0.7043,0.7745,0.5703,3,0
315,171,Vibrate.java,M,12,4,309,0.9841,0.0127,313,yeldar,0,0.0000,0.0000,0.0000,0,0
315,172,AtomTypeTable.java,M,6,4,309,0.9841,0.0127,313,yeldar,1,1.0000,1.0000,1.0000,1,0
315,173,AtomTypeTable.java,M,6,4,309,0.9841,0.0127,313,yeldar,1,1.0000,1.0000,1.0000,1,0
315,174,AtomTypeTable.java,M,11,4,309,0.9841,0.0127,313,yeldar,1,1.0000,1.0000,1.0000,1,0
315,175,AtomTypeTable.java,M,11,4,309,0.9841,0.0127,313,yeldar,1,1.0000,1.0000,1.0000,1,0
315,176,Bond.java,M,8,7,306,0.9745,0.0223,313,yeldar,9,0.7635,0.9873,0.5883,9,0
315,177,Bond.java,M,8,6,307,0.9777,0.0191,313,yeldar,9,0.7705,0.9873,0.5945,9,0
315,178,Bond.java,M,7,8,305,0.9713,0.0255,313,yeldar,4,0.6755,0.9689,0.4400,3,0
315,179,Bond.java,M,7,5,306,0.9745,0.0159,313,yeldar,4,0.5740,0.6959,0.3609,3,0
315,188,ChemFrame.java,M,9,4,309,0.9841,0.0127,313,yeldar,2,0.5368,0.7043,0.3693,1,0
315,189,ChemFrame.java,M,8,4,309,0.9841,0.0127,313,yeldar,1,0.3688,0.3688,0.3688,0,0
315,196,ChemFrame.java,M,68,5,308,0.9809,0.0159,313,yeldar,2,0.5893,0.7043,0.4743,1,0
315,197,ChemFrame.java,M,68,5,307,0.9777,0.0159,313,yeldar,2,0.4218,0.4743,0.3693,0,0
315,202,ChemFrame.java,M,8,11,302,0.9618,0.0350,313,yeldar,1,0.2678,0.2678,0.2678,0,0
315,203,ChemFrame.java,M,14,9,304,0.9682,0.0287,313,yeldar,0,0.0000,0.0000,0.0000,0,0
315,204,ChemFrame.java,M,14,7,306,0.9745,0.0223,313,yeldar,0,0.0000,0.0000,0.0000,0,0
315,205,ChemFrame.java,M,5,11,302,0.9618,0.0350,313,yeldar,6,0.4806,0.6122,0.2691,3,0
315,207,ChemFrame.java,M,6,12,244,0.7771,0.0382,313,yeldar,2,0.6930,0.7011,0.6850,2,0
315,209,ChemFrame.java,M,16,9,304,0.9682,0.0287,313,yeldar,8,0.4424,0.8044,0.2295,3,0
315,211,ChemFrame.java,M,11,11,302,0.9618,0.0350,313,yeldar,2,0.8505,1.0000,0.7011,2,0
315,213,ChemFrame.java,M,13,10,303,0.9650,0.0318,313,yeldar,8,0.4410,0.8070,0.2328,2,0
315,215,ChemFrame.java,M,13,9,304,0.9682,0.0287,313,yeldar,8,0.4124,0.8070,0.1995,2,1
315,223,CMLSaver.java,M,9,3,310,0.9873,0.0096,313,yeldar,1,0.6803,0.6803,0.6803,1,0
315,224,XYZSaver.java,M,9,3,310,0.9873,0.0096,313,yeldar,1,0.6803,0.6803,0.6803,1,0
315,225,DecimalNumberField.java,M,7,3,310,0.9873,0.0096,313,yeldar,1,0.7363,0.7363,0.7363,1,0
315,226,WholeNumberField.java,M,7,2,311,0.9904,0.0064,313,yeldar,1,0.7363,0.7363,0.7363,1,0
315,227,DecimalNumberField.java,M,10,3,310,0.9873,0.0096,313,yeldar,2,0.6030,0.7363,0.4696,1,0
315,228,WholeNumberField.java,M,10,2,311,0.9904,0.0064,313,yeldar,2,0.6504,0.7363,0.5645,2,0
315,229,DecimalNumberField.java,M,16,3,310,0.9873,0.0096,313,yeldar,9,0.6718,1.0000,0.3338,5,0
315,230,WholeNumberField.java,M,16,2,310,0.9873,0.0064,313,yeldar,9,0.6681,0.9964,0.4175,8,0
315,236,Jmol.java,M,6,14,299,0.9522,0.0446,313,yeldar,8,0.3773,0.5794,0.1995,1,1
315,239,GamessReader.java,M,8,3,310,0.9873,0.0096,313,yeldar,2,0.6759,0.7555,0.5963,2,0
315,241,GamessReader.java,M,9,3,310,0.9873,0.0096,313,yeldar,4,0.7432,0.9518,0.5946,4,0
315,242,GamessReader.java,M,9,2,310,0.9873,0.0064,313,yeldar,4,0.6637,0.9954,0.4943,3,0
315,243,GamessReader.java,M,9,1,311,0.9904,0.0032,313,yeldar,4,0.6636,0.9954,0.4955,3,0
315,244,Gaussian92Reader.java,M,5,1,312,0.9936,0.0032,313,yeldar,10,0.6482,1.0000,0.5944,10,0
315,245,Gaussian92Reader.java,M,5,2,311,0.9904,0.0064,313,yeldar,9,0.7973,1.0000,0.4175,8,0
315,246,Gaussian94Reader.java,M,5,1,312,0.9936,0.0032,313,yeldar,10,0.6482,1.0000,0.5944,10,0
315,247,Gaussian94Reader.java,M,5,2,311,0.9904,0.0064,313,yeldar,9,0.7973,1.0000,0.4175,8,0
315,252,Gaussian94Reader.java,M,26,2,311,0.9904,0.0064,313,yeldar,0,0.0000,0.0000,0.0000,0,0
315,254,Gaussian94Reader.java,M,5,2,311,0.9904,0.0064,313,yeldar,1,0.5963,0.5963,0.5963,1,0
315,255,Gaussian94Reader.java,M,5,1,311,0.9904,0.0032,313,yeldar,1,0.5963,0.5963,0.5963,1,0
315,256,Gaussian94Reader.java,M,10,1,311,0.9904,0.0032,313,yeldar,1,1.0000,1.0000,1.0000,1,0
315,257,Gaussian98Reader.java,M,10,1,311,0.9904,0.0032,313,yeldar,1,1.0000,1.0000,1.0000,1,0
315,258,Gaussian98Reader.java,M,5,2,311,0.9904,0.0064,313,yeldar,1,0.9499,0.9499,0.9499,1,0
315,259,Gaussian98Reader.java,M,5,3,310,0.9873,0.0096,313,yeldar,1,0.9499,0.9499,0.9499,1,0
315,260,Gaussian98Reader.java,M,5,3,310,0.9873,0.0096,313,yeldar,1,0.5972,0.5972,0.5972,1,0
315,261,Gaussian98Reader.java,M,5,2,310,0.9873,0.0064,313,yeldar,1,0.5972,0.5972,0.5972,1,0
315,268,Jmol.java,M,6,8,305,0.9713,0.0255,313,yeldar,2,0.6119,0.7555,0.4683,1,0
315,269,Jmol.java,M,6,6,307,0.9777,0.0191,313,yeldar,9,0.7256,0.9803,0.5883,9,0
315,270,Jmol.java,M,5,5,308,0.9809,0.0159,313,yeldar,0,0.0000,0.0000,0.0000,0,0
315,271,Jmol.java,M,14,5,308,0.9809,0.0159,313,yeldar,0,0.0000,0.0000,0.0000,0,0
315,272,Jmol.java,M,12,8,305,0.9713,0.0255,313,yeldar,2,0.8883,0.9913,0.7853,2,0
315,273,Jmol.java,M,12,7,306,0.9745,0.0223,313,yeldar,2,0.8883,0.9913,0.7853,2,0
315,274,Jmol.java,M,5,14,299,0.9522,0.0446,313,yeldar,4,0.6910,1.0000,0.3327,2,0
315,275,Jmol.java,M,5,14,298,0.9490,0.0446,313,yeldar,4,0.9034,1.0000,0.6135,4,0
315,276,Jmol.java,M,5,15,298,0.9490,0.0478,313,yeldar,4,0.6909,0.9995,0.3327,2,0
315,277,Jmol.java,M,5,14,299,0.9522,0.0446,313,yeldar,4,0.6910,1.0000,0.3327,2,0
315,278,Jmol.java,M,10,7,306,0.9745,0.0223,313,yeldar,1,0.9913,0.9913,0.9913,1,0
315,279,Jmol.java,M,10,8,305,0.9713,0.0255,313,yeldar,1,0.9913,0.9913,0.9913,1,0
315,280,Jmol.java,M,39,3,310,0.9873,0.0096,313,yeldar,3,0.8055,0.9971,0.6919,3,0
315,281,Jmol.java,M,39,6,307,0.9777,0.0191,313,yeldar,3,0.8057,0.9971,0.6907,3,0
315,282,JmolResourceHandler.java,M,7,4,309,0.9841,0.0127,313,yeldar,5,0.2000,1.0000,0.0000,1,4
315,283,JmolResourceHandler.java,M,12,4,309,0.9841,0.0127,313,yeldar,1,0.5670,0.5670,0.5670,1,0
315,305,ListNode.java,M,5,3,310,0.9873,0.0096,313,yeldar,3,0.7827,0.9995,0.6127,3,0
315,306,MeasurementList.java,M,5,3,310,0.9873,0.0096,313,yeldar,14,0.6912,1.0000,0.0000,11,2
315,307,LoopedStreams.java,M,10,2,311,0.9904,0.0064,313,yeldar,1,0.8230,0.8230,0.8230,1,0
315,308,LoopedStreams.java,M,10,3,310,0.9873,0.0096,313,yeldar,1,0.8230,0.8230,0.8230,1,0
315,314,Measure.java,M,8,3,310,0.9873,0.0096,313,yeldar,9,0.7352,1.0000,0.5963,9,0
315,315,Measure.java,M,8,3,310,0.9873,0.0096,313,yeldar,9,0.7352,1.0000,0.5963,9,0
315,316,Measure.java,M,8,3,310,0.9873,0.0096,313,yeldar,9,0.7352,1.0000,0.5963,9,0
315,317,Measure.java,M,8,3,310,0.9873,0.0096,313,yeldar,4,0.4548,0.6130,0.2484,2,0
315,318,MeasurementList.java,M,8,3,310,0.9873,0.0096,313,yeldar,4,0.6806,0.9689,0.4486,3,0
315,319,Measure.java,M,8,3,310,0.9873,0.0096,313,yeldar,2,0.4817,0.6130,0.3503,1,0
315,320,MeasurementList.java,M,8,3,310,0.9873,0.0096,313,yeldar,2,0.4733,0.6130,0.3337,1,0
315,321,Measure.java,M,5,3,310,0.9873,0.0096,313,yeldar,14,0.6103,1.0000,0.0000,12,2
315,322,Measure.java,M,5,3,310,0.9873,0.0096,313,yeldar,14,0.6103,1.0000,0.0000,12,2
315,323,Measure.java,M,5,2,310,0.9873,0.0064,313,yeldar,14,0.3960,0.6829,0.0000,3,2
315,324,Measure.java,M,5,2,311,0.9904,0.0064,313,yeldar,14,0.6413,1.0000,0.0000,11,2
315,325,Measure.java,M,5,3,310,0.9873,0.0096,313,yeldar,14,0.6103,1.0000,0.0000,12,2
315,326,Measure.java,M,5,2,311,0.9904,0.0064,313,yeldar,14,0.6413,1.0000,0.0000,11,2
315,327,MeasurementList.java,M,5,3,310,0.9873,0.0096,313,yeldar,14,0.6912,1.0000,0.0000,11,2
315,328,MeasurementList.java,M,5,3,310,0.9873,0.0096,313,yeldar,14,0.6912,1.0000,0.0000,11,2
315,329,MeasurementList.java,M,5,3,310,0.9873,0.0096,313,yeldar,14,0.6912,1.0000,0.0000,11,2
315,330,MeasurementList.java,M,5,3,310,0.9873,0.0096,313,yeldar,14,0.6912,1.0000,0.0000,11,2
315,332,MeasurementList.java,M,5,3,310,0.9873,0.0096,313,yeldar,14,0.6912,1.0000,0.0000,11,2
315,333,MeasurementList.java,M,5,3,310,0.9873,0.0096,313,yeldar,6,0.7034,1.0000,0.4391,5,0
315,334,MeasurementList.java,M,5,3,310,0.9873,0.0096,313,yeldar,14,0.6912,1.0000,0.0000,11,2
315,335,MeasurementList.java,M,5,3,310,0.9873,0.0096,313,yeldar,6,0.7034,1.0000,0.4391,5,0
315,337,MeasurementList.java,M,14,3,310,0.9873,0.0096,313,yeldar,9,0.6718,1.0000,0.3338,5,0
315,338,MeasurementList.java,M,14,3,310,0.9873,0.0096,313,yeldar,9,0.6718,1.0000,0.3338,5,0
315,339,MeasurementList.java,M,14,3,310,0.9873,0.0096,313,yeldar,9,0.6718,1.0000,0.3338,5,0
315,340,MeasurementList.java,M,5,3,310,0.9873,0.0096,313,yeldar,9,0.7766,1.0000,0.5963,9,0
315,341,MeasurementList.java,M,5,3,310,0.9873,0.0096,313,yeldar,9,0.7766,1.0000,0.5963,9,0
315,342,MeasurementList.java,M,5,3,310,0.9873,0.0096,313,yeldar,9,0.7766,1.0000,0.5963,9,0
315,345,Preferences.java,M,5,2,311,0.9904,0.0064,313,yeldar,1,0.9324,0.9324,0.9324,1,0
315,346,Preferences.java,M,5,7,306,0.9745,0.0223,313,yeldar,1,0.9324,0.9324,0.9324,1,0
315,355,Preferences.java,M,6,2,311,0.9904,0.0064,313,yeldar,10,0.5292,0.7171,0.4815,2,0
315,356,Preferences.java,M,6,3,310,0.9873,0.0096,313,yeldar,3,0.9159,0.9244,0.8989,3,0
315,357,Preferences.java,M,6,3,310,0.9873,0.0096,313,yeldar,3,0.9465,0.9703,0.8989,3,0
315,362,Preferences.java,M,7,3,310,0.9873,0.0096,313,yeldar,4,0.9974,0.9992,0.9956,4,0
315,367,Preferences.java,M,6,3,310,0.9873,0.0096,313,yeldar,3,0.9649,1.0000,0.9244,3,0
315,370,Preferences.java,M,7,2,311,0.9904,0.0064,313,yeldar,4,0.9980,1.0000,0.9964,4,0
315,372,Preferences.java,M,7,3,310,0.9873,0.0096,313,yeldar,4,0.9971,1.0000,0.9956,4,0
315,373,Preferences.java,M,7,3,310,0.9873,0.0096,313,yeldar,4,0.9971,1.0000,0.9956,4,0
315,375,Preferences.java,M,7,2,311,0.9904,0.0064,313,yeldar,4,0.9980,1.0000,0.9964,4,0
315,384,Preferences.java,M,83,2,311,0.9904,0.0064,313,yeldar,3,0.6308,0.7171,0.4827,2,0
315,390,Preferences.java,M,8,3,310,0.9873,0.0096,313,yeldar,6,0.8134,0.9277,0.5399,6,0
315,391,Preferences.java,M,8,2,311,0.9904,0.0064,313,yeldar,6,0.8629,1.0000,0.5735,6,0
315,392,Preferences.java,M,8,2,311,0.9904,0.0064,313,yeldar,6,0.8629,1.0000,0.5735,6,0
315,394,Preferences.java,M,8,2,311,0.9904,0.0064,313,yeldar,6,0.8629,1.0000,0.5735,6,0
315,403,Preferences.java,M,5,1,311,0.9904,0.0032,313,yeldar,8,0.6908,1.0000,0.5963,8,0
315,404,Preferences.java,M,6,1,310,0.9873,0.0032,313,yeldar,2,0.9121,0.9221,0.9020,2,0
315,407,Preferences.java,M,6,2,309,0.9841,0.0064,313,yeldar,5,0.5963,0.5963,0.5963,5,0
315,408,Preferences.java,M,6,3,308,0.9809,0.0096,313,yeldar,2,0.8802,0.9221,0.8382,2,0
315,411,Preferences.java,M,5,1,311,0.9904,0.0032,313,yeldar,3,0.7555,0.9531,0.5963,3,0
315,412,Preferences.java,M,5,1,311,0.9904,0.0032,313,yeldar,3,0.7151,0.9531,0.5959,3,0
315,414,Preferences.java,M,6,2,310,0.9873,0.0064,313,yeldar,2,0.8701,0.9020,0.8382,2,0
315,415,Preferences.java,M,5,5,307,0.9777,0.0159,313,yeldar,8,0.6814,1.0000,0.5776,8,0
315,416,Preferences.java,M,5,4,308,0.9809,0.0127,313,yeldar,3,0.7040,0.9531,0.5793,3,0
315,417,Preferences.java,M,5,4,308,0.9809,0.0127,313,yeldar,3,0.7474,0.9531,0.5963,3,0
315,429,Preferences.java,M,8,4,309,0.9841,0.0127,313,yeldar,6,0.8625,0.9992,0.5735,6,0
315,436,BaseAtomType.java,M,8,1,291,0.9932,0.0034,292,yeldar,1,0.3688,0.3688,0.3688,0,0
315,437,BaseAtomType.java,M,7,3,289,0.9863,0.0102,292,yeldar,0,0.0000,0.0000,0.0000,0,0
315,438,DisplaySettings.java,M,6,4,279,0.9824,0.0141,283,yeldar,8,0.5352,0.9998,0.2650,3,0
315,444,ArrowLine.java,M,14,2,281,0.9929,0.0071,282,yeldar,3,0.6604,1.0000,0.4371,2,0
315,445,ArrowLine.java,M,14,3,279,0.9859,0.0106,282,yeldar,3,0.5036,0.6366,0.4371,1,0
315,448,ArrowLine.java,M,46,2,280,0.9894,0.0071,282,yeldar,0,0.0000,0.0000,0.0000,0,0
315,449,ArrowLine.java,M,11,2,280,0.9894,0.0071,282,yeldar,1,0.4513,0.4513,0.4513,0,0
315,450,ArrowLine.java,M,11,3,278,0.9823,0.0106,282,yeldar,1,0.4513,0.4513,0.4513,0,0
315,451,AtomType.java,M,51,3,280,0.9894,0.0106,282,yeldar,4,0.8236,0.9917,0.5426,4,0
315,459,AtomType.java,M,15,4,279,0.9859,0.0141,282,yeldar,1,0.4092,0.4092,0.4092,0,0
315,476,Bond.java,M,150,4,279,0.9859,0.0141,282,yeldar,9,0.6666,0.9964,0.4165,8,0
315,488,ChemFrame.java,M,15,6,276,0.9753,0.0212,282,yeldar,0,0.0000,0.0000,0.0000,0,0
315,489,ChemFrame.java,M,14,7,229,0.8092,0.0247,282,yeldar,4,0.4210,0.5471,0.2484,1,0
315,493,ChemFrame.java,M,10,10,272,0.9611,0.0353,282,yeldar,2,0.3420,0.3503,0.3337,0,0
315,495,ChemFrame.java,M,16,8,274,0.9682,0.0283,282,yeldar,8,0.4144,0.5638,0.2295,3,0
315,496,ChemFrame.java,M,8,8,274,0.9682,0.0283,282,yeldar,1,0.2678,0.2678,0.2678,0,0
315,526,JMolCDO.java,M,5,3,280,0.9894,0.0106,282,yeldar,2,0.6049,0.8316,0.3783,1,0
315,528,JMolCDO.java,M,5,3,279,0.9859,0.0106,282,yeldar,2,0.4062,0.4340,0.3783,0,0
315,531,JMolCDO.java,M,5,6,277,0.9788,0.0212,282,yeldar,5,0.7022,0.8316,0.4049,4,0
315,533,JMolCDO.java,M,11,4,278,0.9823,0.0141,282,yeldar,1,0.4565,0.4565,0.4565,0,0
315,534,JMolCDO.java,M,11,4,277,0.9788,0.0141,282,yeldar,1,0.4565,0.4565,0.4565,0,0
315,592,JmolSimpleBean.java,M,11,8,274,0.9682,0.0283,282,yeldar,1,1.0000,1.0000,1.0000,1,0
315,593,JmolSimpleBean.java,M,11,8,274,0.9682,0.0283,282,yeldar,1,1.0000,1.0000,1.0000,1,0
315,594,JmolSimpleBean.java,M,18,9,273,0.9647,0.0318,282,yeldar,2,0.9920,0.9921,0.9919,2,0
315,595,JmolSimpleBean.java,M,18,7,275,0.9717,0.0247,282,yeldar,2,0.9959,0.9998,0.9919,2,0
315,596,JmolSimpleBean.java,M,18,8,274,0.9682,0.0283,282,yeldar,2,0.9960,0.9998,0.9921,2,0
315,597,JmolSimpleBean.java,M,14,10,272,0.9611,0.0353,282,yeldar,3,0.7415,1.0000,0.2725,2,0
315,598,JmolSimpleBean.java,M,14,10,272,0.9611,0.0353,282,yeldar,3,0.7415,1.0000,0.2725,2,0
315,599,JmolSimpleBean.java,M,14,8,274,0.9682,0.0283,282,yeldar,3,0.7277,0.9521,0.2788,2,0
315,604,AtomTypeSet.java,M,9,1,279,0.9964,0.0036,279,yeldar,9,0.6751,1.0000,0.5820,9,0
315,605,AtomTypeSet.java,M,9,3,276,0.9857,0.0107,279,yeldar,9,0.6624,1.0000,0.5653,9,0
315,606,AtomTypeSet.java,M,11,2,278,0.9929,0.0071,279,yeldar,1,0.5652,0.5652,0.5652,1,0
315,607,AtomTypeSet.java,M,11,3,275,0.9821,0.0107,279,yeldar,1,0.5652,0.5652,0.5652,1,0
315,608,BaseAtomType.java,M,10,3,276,0.9857,0.0107,279,yeldar,0,0.0000,0.0000,0.0000,0,0
315,609,BaseAtomType.java,M,5,1,279,0.9964,0.0036,279,yeldar,0,0.0000,0.0000,0.0000,0,0
315,611,BaseAtomType.java,M,8,3,277,0.9893,0.0107,279,yeldar,1,0.5958,0.5958,0.5958,1,0
315,612,BaseAtomType.java,M,8,1,278,0.9929,0.0036,279,yeldar,1,0.5958,0.5958,0.5958,1,0
315,613,BaseAtomType.java,M,12,3,277,0.9893,0.0107,279,yeldar,2,0.5046,0.5437,0.4655,1,0
315,614,BaseAtomType.java,M,12,3,276,0.9857,0.0107,279,yeldar,2,0.4221,0.5437,0.3006,1,0
315,615,BaseAtomType.java,M,13,3,277,0.9893,0.0107,279,yeldar,5,0.6472,1.0000,0.3600,4,0
315,616,BaseAtomType.java,M,13,3,276,0.9857,0.0107,279,yeldar,5,0.5712,0.8613,0.4101,3,0
315,617,BaseAtomType.java,M,21,3,277,0.9893,0.0107,279,yeldar,5,0.6472,1.0000,0.3600,4,0
315,618,BaseAtomType.java,M,21,1,278,0.9929,0.0036,279,yeldar,5,0.5936,0.8613,0.4391,3,0
315,622,ChemFrame.java,M,9,6,219,0.7821,0.0214,279,yeldar,2,0.4605,0.6248,0.2963,1,0
315,623,DisplaySettings.java,M,6,4,275,0.9821,0.0143,279,yeldar,8,0.5353,0.9998,0.2650,3,0
315,624,DisplaySettings.java,M,6,4,275,0.9821,0.0143,279,yeldar,8,0.5351,0.9991,0.2648,3,0
315,638,ChemFrame.java,M,8,7,269,0.9746,0.0254,275,yeldar,9,0.4433,0.6276,0.3338,3,0
315,639,ChemFrame.java,M,5,7,269,0.9746,0.0254,275,yeldar,9,0.4886,0.6525,0.4175,3,0
315,640,AtomRenderer.java,M,51,3,270,0.9854,0.0109,273,yeldar,4,0.5133,0.5426,0.4282,3,0
315,642,AtomRenderer.java,M,15,3,270,0.9854,0.0109,273,yeldar,1,0.4092,0.4092,0.4092,0,0
315,644,BondRenderer.java,M,150,5,268,0.9781,0.0182,273,yeldar,9,0.5408,0.8511,0.3930,5,0
315,645,BondRenderer.java,M,8,2,271,0.9891,0.0073,273,yeldar,9,0.5905,1.0000,0.4245,5,0
315,646,BondRenderer.java,M,8,2,271,0.9891,0.0073,273,yeldar,9,0.5905,1.0000,0.4245,5,0
315,647,BondRenderer.java,M,5,4,269,0.9818,0.0146,273,yeldar,2,0.6558,0.9109,0.4007,1,0
315,650,XYZReader.java,M,84,4,261,0.9812,0.0150,265,yeldar,8,0.5475,0.5963,0.5393,8,0
315,652,Gaussian98Reader.java,M,9,2,239,0.9876,0.0083,241,yeldar,4,0.8220,0.9908,0.5410,4,0
315,653,Gaussian98Reader.java,M,10,1,238,0.9835,0.0041,241,yeldar,0,0.0000,0.0000,0.0000,0,0
315,658,ReaderFactory.java,M,14,2,200,0.8511,0.0085,234,yeldar,5,0.5943,0.9400,0.5013,5,0
315,659,ReaderFactory.java,M,14,3,198,0.8426,0.0128,234,yeldar,5,0.5788,0.9400,0.4824,1,0
315,660,Splash.java,M,8,3,230,0.9871,0.0129,232,yeldar,3,0.7249,0.9994,0.5793,3,0
315,661,Splash.java,M,8,2,230,0.9871,0.0086,232,yeldar,3,0.7251,0.9994,0.5796,3,0
315,663,PropertyGraph.java,M,11,5,213,0.9726,0.0228,218,yeldar,6,0.7027,0.9981,0.4391,5,0
315,664,PropertyGraph.java,M,6,5,213,0.9726,0.0228,218,yeldar,8,0.4529,0.6250,0.3330,2,0
315,665,PropertyGraph.java,M,6,5,213,0.9726,0.0228,218,yeldar,1,1.0000,1.0000,1.0000,1,0
315,666,Vibrate.java,M,6,5,214,0.9772,0.0228,218,yeldar,0,0.0000,0.0000,0.0000,0,0
315,667,PropertyGraph.java,M,9,6,212,0.9680,0.0274,218,yeldar,3,0.6711,0.7293,0.5565,3,0
315,668,Vibrate.java,M,9,5,214,0.9772,0.0228,218,yeldar,3,0.6464,0.6919,0.5565,3,0
315,669,JMolCDO.java,M,28,4,210,0.9813,0.0187,213,yeldar,4,0.6546,0.8290,0.4943,2,0
315,674,JMolCDO.java,M,28,3,203,0.9854,0.0146,205,yeldar,4,0.7221,0.9518,0.5676,4,0
315,676,JMolCDO.java,M,5,4,202,0.9806,0.0194,205,yeldar,1,0.3716,0.3716,0.3716,0,0
315,677,JMolCDO.java,M,5,4,202,0.9806,0.0194,205,yeldar,1,0.3716,0.3716,0.3716,0,0
315,679,JMolCDO.java,M,7,4,201,0.9757,0.0194,205,yeldar,4,0.3937,0.5767,0.3327,1,0
315,681,JmolApplet.java,M,6,6,197,0.9704,0.0296,202,yeldar,5,0.3985,0.4971,0.2995,0,0
315,684,JmolApplet.java,M,11,6,195,0.9606,0.0296,202,yeldar,6,0.6098,0.8249,0.5399,6,0
315,690,CMLReader.java,M,5,4,182,0.9785,0.0215,185,yeldar,3,0.5769,0.6423,0.4984,2,0
315,691,XYZReader.java,M,5,3,183,0.9839,0.0161,185,yeldar,3,0.5400,0.6423,0.4391,2,0
315,693,PropertyGraph.java,M,6,3,172,0.9773,0.0170,175,yeldar,5,0.6425,0.7363,0.3735,4,0
315,694,PropertyGraph.java,M,6,2,173,0.9830,0.0114,175,yeldar,5,0.8062,1.0000,0.4815,4,0
315,695,Preferences.java,M,6,3,172,0.9829,0.0171,174,yeldar,3,0.9649,1.0000,0.9244,3,0
315,696,Preferences.java,M,102,3,172,0.9829,0.0171,174,yeldar,2,0.5963,0.5963,0.5963,2,0
315,697,CACheReader.java,M,47,3,170,0.9770,0.0172,173,yeldar,8,0.9398,1.0000,0.5393,8,0
315,699,Aces2Reader.java,M,6,2,151,0.9869,0.0131,152,yeldar,6,0.9277,1.0000,0.5664,6,0
315,700,Gaussian98Reader.java,M,6,3,150,0.9804,0.0196,152,yeldar,6,0.5731,0.5963,0.5664,6,0
315,701,GamessReader.java,M,6,2,151,0.9869,0.0131,152,yeldar,6,0.9277,1.0000,0.5664,6,0
315,702,Gaussian98Reader.java,M,5,3,150,0.9804,0.0196,152,yeldar,2,0.5572,0.6648,0.4496,1,0
315,703,PDBReader.java,M,5,4,149,0.9739,0.0261,152,yeldar,2,0.5127,0.6648,0.3606,1,0
315,704,AtomType.java,M,6,4,149,0.9739,0.0261,152,yeldar,2,0.4095,0.4183,0.4007,0,0
315,705,AtomRenderer.java,M,6,2,151,0.9869,0.0131,152,yeldar,2,0.6646,0.9109,0.4183,1,0
315,706,AtomType.java,M,26,3,150,0.9804,0.0196,152,yeldar,5,0.6633,1.0000,0.4245,4,0
315,707,AtomRenderer.java,M,26,2,151,0.9869,0.0131,152,yeldar,5,0.4863,0.5963,0.4042,2,0
315,708,AtomType.java,M,17,3,150,0.9804,0.0196,152,yeldar,2,0.5103,0.5962,0.4245,1,0
315,709,AtomRenderer.java,M,17,2,151,0.9869,0.0131,152,yeldar,2,0.4305,0.4365,0.4245,0,0
315,713,Atom.java,M,5,3,150,0.9804,0.0196,152,yeldar,4,0.4679,0.5767,0.4317,1,0
315,715,PDBReader.java,M,10,3,150,0.9804,0.0196,152,yeldar,3,0.5066,0.7363,0.3443,1,0
315,716,PDBReader.java,M,10,3,150,0.9804,0.0196,152,yeldar,3,0.4747,0.6457,0.3443,1,0
315,719,ADFReader.java,M,7,2,148,0.9867,0.0133,149,yeldar,2,0.7608,0.7853,0.7363,2,0
315,720,SharcShielding.java,M,7,2,147,0.9800,0.0133,149,yeldar,1,1.0000,1.0000,1.0000,1,0
315,721,SelectSharcReference.java,M,5,1,147,0.9800,0.0067,149,yeldar,6,0.4120,0.4683,0.2691,0,0
315,727,CMLSaver.java,M,9,3,136,0.9784,0.0216,138,yeldar,2,0.4755,0.4984,0.4526,0,0
315,732,RasMolScriptHandler.java,M,7,2,116,0.9355,0.0161,123,yeldar,1,0.4696,0.4696,0.4696,0,0
315,733,JmolSimpleBean.java,M,10,6,118,0.9516,0.0484,123,yeldar,2,0.2210,0.2412,0.2008,0,0
315,734,RasMolScriptHandler.java,M,8,5,115,0.9583,0.0417,119,yeldar,2,0.9896,1.0000,0.9791,2,0
315,735,RasMolScriptHandler.java,M,8,5,115,0.9583,0.0417,119,yeldar,2,0.9896,1.0000,0.9791,2,0
315,736,RasMolScriptHandler.java,M,17,3,116,0.9748,0.0252,118,yeldar,5,0.7850,0.9828,0.4982,4,0
315,737,RasMolScriptHandler.java,M,17,4,115,0.9664,0.0336,118,yeldar,5,0.7887,0.9828,0.4909,4,0
315,739,RasMolScriptHandler.java,M,10,5,114,0.9580,0.0420,118,yeldar,5,0.7853,1.0000,0.4824,4,0
315,740,RasMolScriptHandler.java,M,10,5,114,0.9580,0.0420,118,yeldar,5,0.7853,1.0000,0.4824,4,0
315,741,Bond.java,M,5,4,114,0.9661,0.0339,117,yeldar,3,0.8274,0.9870,0.7268,3,0
315,742,RasMolScriptHandler.java,M,8,3,109,0.9732,0.0268,111,yeldar,2,0.9791,0.9791,0.9791,2,0
315,743,Bond.java,M,8,4,107,0.9640,0.0360,110,yeldar,2,0.5707,0.5884,0.5529,2,0
315,744,DisplaySettings.java,M,9,3,104,0.9720,0.0280,106,yeldar,2,0.7793,0.9623,0.5963,2,0
315,745,DisplaySettings.java,M,9,4,103,0.9626,0.0374,106,yeldar,2,0.7793,0.9623,0.5963,2,0
315,746,ChemFrame.java,M,16,5,101,0.9528,0.0472,105,yeldar,1,0.3325,0.3325,0.3325,0,0
315,748,JMolCDO.java,M,9,1,100,0.9615,0.0096,103,yeldar,2,0.5754,0.6525,0.4984,1,0
315,749,AtomTypesModel.java,M,6,3,97,0.9700,0.0300,99,yeldar,5,0.5243,0.7363,0.2995,2,0
315,750,JmolApplet.java,M,5,3,97,0.9700,0.0300,99,yeldar,5,0.1327,0.6637,0.0000,1,4
315,751,Gaussian92Reader.java,M,6,2,84,0.9767,0.0233,85,yeldar,6,0.9283,1.0000,0.5698,6,0
315,752,Gaussian94Reader.java,M,6,2,84,0.9767,0.0233,85,yeldar,6,0.9283,1.0000,0.5698,6,0
315,754,ADFReader.java,M,6,2,84,0.9767,0.0233,85,yeldar,6,0.9283,1.0000,0.5698,6,0
315,760,XYZReader.java,M,68,2,84,0.9767,0.0233,85,yeldar,3,0.5889,0.7363,0.4340,2,0
315,766,DisplayPanel.java,M,13,3,81,0.9643,0.0357,83,yeldar,2,0.3831,0.4655,0.3006,0,0
315,768,DisplayPanel.java,M,17,2,82,0.9762,0.0238,83,yeldar,3,0.3463,0.3725,0.3267,0,0
315,769,DisplayPanel.java,M,29,1,83,0.9881,0.0119,83,yeldar,3,0.4452,0.4984,0.3980,0,0
315,770,DisplayPanel.java,M,6,4,80,0.9524,0.0476,83,yeldar,0,0.0000,0.0000,0.0000,0,0
315,771,DisplayPanel.java,M,5,3,80,0.9524,0.0357,83,yeldar,5,0.1327,0.6637,0.0000,1,4
315,774,JmolApplet.java,M,11,2,82,0.9762,0.0238,83,yeldar,6,0.6938,0.8249,0.6305,6,0
315,779,DisplayPanel.java,M,5,5,70,0.9333,0.0667,74,yeldar,1,0.3325,0.3325,0.3325,0,0
315,785,DisplayPanel.java,M,34,3,72,0.9600,0.0400,74,yeldar,1,0.7805,0.7805,0.7805,1,0
315,786,DisplayPanel.java,M,34,4,71,0.9467,0.0533,74,yeldar,1,0.7805,0.7805,0.7805,1,0
315,787,DisplayPanel.java,M,11,4,71,0.9467,0.0533,74,yeldar,2,0.5037,0.7661,0.2412,1,0
315,788,DisplayPanel.java,M,11,5,70,0.9333,0.0667,74,yeldar,2,0.4834,0.7661,0.2008,1,0
315,789,DisplayPanel.java,M,17,3,72,0.9600,0.0400,74,yeldar,3,0.4701,0.5645,0.3267,2,0
315,790,DisplayPanel.java,M,29,3,72,0.9600,0.0400,74,yeldar,3,0.5090,0.5901,0.3980,2,0
315,791,DisplayPanel.java,M,5,5,70,0.9333,0.0667,74,yeldar,1,0.4696,0.4696,0.4696,0,0
315,792,DisplayPanel.java,M,5,4,71,0.9467,0.0533,74,yeldar,2,0.5232,0.5232,0.5232,2,0
315,793,DisplayPanel.java,M,5,4,71,0.9467,0.0533,74,yeldar,2,0.5171,0.5645,0.4696,1,0
315,794,ChemFrameRenderer.java,M,9,4,70,0.9459,0.0541,73,yeldar,2,0.7616,1.0000,0.5232,2,0
315,795,ChemFrameRenderer.java,M,9,4,70,0.9459,0.0541,73,yeldar,2,0.7616,1.0000,0.5232,2,0
315,796,HeapSorter.java,M,14,2,68,0.9577,0.0282,70,yeldar,1,1.0000,1.0000,1.0000,1,0
315,797,HeapSorter.java,M,14,2,68,0.9577,0.0282,70,yeldar,3,0.4219,0.4988,0.3016,0,0
315,798,HeapSorter.java,M,14,2,67,0.9437,0.0282,70,yeldar,1,1.0000,1.0000,1.0000,1,0
315,799,HeapSorter.java,M,17,2,68,0.9577,0.0282,70,yeldar,1,0.6850,0.6850,0.6850,1,0
315,800,HeapSorter.java,M,17,1,69,0.9718,0.0141,70,yeldar,0,0.0000,0.0000,0.0000,0,0
315,801,HeapSorter.java,M,17,3,67,0.9437,0.0423,70,yeldar,1,0.6850,0.6850,0.6850,1,0
315,802,Gaussian90Reader.java,M,37,2,51,0.9444,0.0370,53,yeldar,10,0.8675,1.0000,0.4827,9,0
315,803,DaltonReader.java,M,5,1,52,0.9630,0.0185,53,yeldar,9,0.6922,1.0000,0.5963,9,0
315,804,Gaussian90Reader.java,M,5,2,51,0.9444,0.0370,53,yeldar,9,0.8046,1.0000,0.4526,8,0
315,805,JaguarReader.java,M,11,1,52,0.9630,0.0185,53,yeldar,3,0.5603,0.6457,0.4391,2,0
315,806,Gaussian90Reader.java,M,8,1,52,0.9630,0.0185,53,yeldar,2,0.5323,0.5963,0.4683,1,0
315,807,Gaussian90Reader.java,M,47,2,51,0.9444,0.0370,53,yeldar,8,0.9495,1.0000,0.5963,8,0
315,808,Gaussian90Reader.java,M,6,2,51,0.9444,0.0370,53,yeldar,6,0.9327,1.0000,0.5963,6,0
315,809,Gaussian90Reader.java,M,62,2,51,0.9444,0.0370,53,yeldar,8,0.8486,1.0000,0.5963,8,0
315,810,AtomicSymbol.java,M,7,2,51,0.9444,0.0370,53,yeldar,1,1.0000,1.0000,1.0000,1,0
315,811,ADFReader.java,M,39,2,52,0.9630,0.0370,53,yeldar,5,0.8101,1.0000,0.4827,4,0
315,812,AtomicSymbol.java,M,39,2,51,0.9444,0.0370,53,yeldar,5,0.8101,1.0000,0.4827,4,0
315,813,DaltonReader.java,M,6,2,51,0.9444,0.0370,53,yeldar,1,0.7363,0.7363,0.7363,1,0
315,814,XYZReader.java,M,6,3,51,0.9444,0.0556,53,yeldar,1,0.7363,0.7363,0.7363,1,0
315,815,GamessReader.java,M,83,2,52,0.9630,0.0370,53,yeldar,0,0.0000,0.0000,0.0000,0,0
315,816,JaguarReader.java,M,73,2,51,0.9444,0.0370,53,yeldar,0,0.0000,0.0000,0.0000,0,0
315,817,MopacReader.java,M,73,2,51,0.9444,0.0370,53,yeldar,2,0.5963,0.5963,0.5963,2,0
315,818,GamessReader.java,M,70,2,52,0.9630,0.0370,53,yeldar,0,0.0000,0.0000,0.0000,0,0
315,819,JaguarReader.java,M,33,2,51,0.9444,0.0370,53,yeldar,3,0.5584,0.5963,0.4827,2,0
315,820,MopacReader.java,M,32,2,51,0.9444,0.0370,53,yeldar,2,0.7853,0.7853,0.7853,2,0
315,821,JaguarReader.java,M,41,2,51,0.9444,0.0370,53,yeldar,5,0.9193,1.0000,0.5963,5,0
315,822,MopacReader.java,M,41,2,51,0.9444,0.0370,53,yeldar,3,0.4006,0.4652,0.2841,0,0
315,823,JaguarReader.java,M,9,2,51,0.9444,0.0370,53,yeldar,5,0.7807,1.0000,0.5963,5,0
315,824,JaguarReader.java,M,9,2,51,0.9444,0.0370,53,yeldar,5,0.7807,1.0000,0.5963,5,0
315,825,JaguarReader.java,M,9,1,52,0.9630,0.0185,53,yeldar,5,0.5136,0.5963,0.4391,2,0
315,826,MopacReader.java,M,9,2,51,0.9444,0.0370,53,yeldar,3,1.0000,1.0000,1.0000,3,0
315,827,MopacReader.java,M,9,2,51,0.9444,0.0370,53,yeldar,3,1.0000,1.0000,1.0000,3,0
315,828,MopacReader.java,M,9,2,51,0.9444,0.0370,53,yeldar,3,1.0000,1.0000,1.0000,3,0
315,829,ChemFrame.java,M,9,4,25,0.8621,0.1379,28,yeldar,2,0.4800,0.6638,0.2963,1,0
315,830,ChemFrame.java,M,6,4,25,0.8621,0.1379,28,yeldar,2,0.8425,1.0000,0.6850,2,0
315,831,ChemFrame.java,M,10,2,27,0.9310,0.0690,28,yeldar,2,0.5525,0.6525,0.4526,1,0
315,832,ChemFrame.java,M,22,4,25,0.8621,0.1379,28,yeldar,3,0.2940,0.3016,0.2841,0,0
315,833,ChemFrame.java,M,22,2,27,0.9310,0.0690,28,yeldar,3,0.4159,0.4988,0.2963,0,0
315,834,ChemFrame.java,M,5,2,16,0.8889,0.1111,17,yeldar,2,0.6443,0.6638,0.6248,2,0
315,835,DisplayPanel.java,M,19,4,14,0.7778,0.2222,17,yeldar,3,0.4919,0.6675,0.2695,2,0
315,836,DisplayPanel.java,M,19,2,16,0.8889,0.1111,17,yeldar,3,0.6475,1.0000,0.4037,2,0
315,838,SortedTableModel.java,M,6,1,13,0.8667,0.0667,14,yeldar,9,0.5963,0.5963,0.5963,9,0
315,839,ChemFrameRenderer.java,M,6,2,13,0.8667,0.1333,14,yeldar,3,1.0000,1.0000,1.0000,3,0
315,840,LoopedStreams.java,M,7,2,12,0.8571,0.1429,13,yeldar,5,0.2000,1.0000,0.0000,1,4
315,842,Gaussian98Reader.java,M,41,1,13,0.9286,0.0714,13,yeldar,0,0.0000,0.0000,0.0000,0,0
315,843,Distance.java,M,9,2,12,0.8571,0.1429,13,yeldar,2,0.5000,1.0000,0.0000,1,1
315,844,Distance.java,M,6,2,12,0.8571,0.1429,13,yeldar,2,0.7981,1.0000,0.5963,2,0
315,845,Dihedral.java,M,6,2,12,0.8571,0.1429,13,yeldar,2,0.7981,1.0000,0.5963,2,0
315,846,MeasurementListEvent.java,M,5,2,12,0.8571,0.1429,13,yeldar,5,0.8592,1.0000,0.5963,5,0
315,847,CMLSaver.java,M,6,2,12,0.8571,0.1429,13,yeldar,3,0.6904,1.0000,0.4037,2,0
315,849,Gaussian90Reader.java,M,41,2,12,0.8571,0.1429,13,yeldar,5,0.9193,1.0000,0.5963,5,0
315,850,Gaussian94Reader.java,M,41,2,12,0.8571,0.1429,13,yeldar,5,0.9193,1.0000,0.5963,5,0
315,851,Gaussian92Reader.java,M,41,2,12,0.8571,0.1429,13,yeldar,5,0.9193,1.0000,0.5963,5,0
315,852,Gaussian98Reader.java,M,41,2,12,0.8571,0.1429,13,yeldar,5,0.9193,1.0000,0.5963,5,0
315,853,Gaussian98Reader.java,M,33,2,12,0.8571,0.1429,13,yeldar,3,1.0000,1.0000,1.0000,3,0
315,854,JMolCDO.java,M,14,2,12,0.8571,0.1429,13,yeldar,8,0.8486,1.0000,0.5963,8,0
315,855,JMolCDO.java,M,14,1,13,0.9286,0.0714,13,yeldar,8,0.6972,1.0000,0.5963,8,0
315,856,PropertyGraph.java,M,6,2,12,0.8571,0.1429,13,yeldar,1,1.0000,1.0000,1.0000,1,0
315,857,Vibrate.java,M,7,2,10,0.8333,0.1667,11,yeldar,0,0.0000,0.0000,0.0000,0,0
315,860,AboutDialog.java,M,5,1,5,0.8333,0.1667,5,yeldar,4,1.0000,1.0000,1.0000,4,0
315,861,HelpDialog.java,M,5,1,5,0.8333,0.1667,5,yeldar,4,1.0000,1.0000,1.0000,4,0
315,862,WhatsNewDialog.java,M,5,1,5,0.8333,0.1667,5,yeldar,4,1.0000,1.0000,1.0000,4,0
319,236,Jmol.java,M,6,15,302,0.9497,0.0472,317,yeldar,8,0.2729,0.4172,0.1629,0,2
319,272,Jmol.java,M,12,9,308,0.9686,0.0283,317,yeldar,2,0.7541,0.9943,0.5140,2,0
319,273,Jmol.java,M,12,8,309,0.9717,0.0252,317,yeldar,2,0.7541,0.9943,0.5140,2,0
319,274,Jmol.java,M,5,15,302,0.9497,0.0472,317,yeldar,4,0.6330,1.0000,0.2419,2,0
319,275,Jmol.java,M,5,15,301,0.9465,0.0472,317,yeldar,4,0.4566,0.4700,0.4162,0,0
319,276,Jmol.java,M,5,16,301,0.9465,0.0503,317,yeldar,4,0.6329,0.9997,0.2419,2,0
319,277,Jmol.java,M,5,15,302,0.9497,0.0472,317,yeldar,4,0.6330,1.0000,0.2419,2,0
319,278,Jmol.java,M,10,8,309,0.9717,0.0252,317,yeldar,1,0.9943,0.9943,0.9943,1,0
319,279,Jmol.java,M,10,9,308,0.9686,0.0283,317,yeldar,1,0.9943,0.9943,0.9943,1,0
319,280,Jmol.java,M,39,4,313,0.9843,0.0126,317,yeldar,3,0.6530,0.9982,0.4722,1,0
319,281,Jmol.java,M,39,7,310,0.9748,0.0220,317,yeldar,3,0.6532,0.9982,0.4717,1,0
321,67,Preferences.java,M,11,4,315,0.9844,0.0125,319,yeldar,5,0.2896,0.3059,0.2581,0,0
321,280,Jmol.java,M,39,5,314,0.9813,0.0156,319,yeldar,3,0.5714,0.9988,0.3532,1,0
321,281,Jmol.java,M,39,8,311,0.9719,0.0250,319,yeldar,3,0.5716,0.9988,0.3529,1,0
321,346,Preferences.java,M,5,8,311,0.9719,0.0250,319,yeldar,1,0.5179,0.5179,0.5179,1,0
321,356,Preferences.java,M,6,4,315,0.9844,0.0125,319,yeldar,3,0.9529,0.9579,0.9429,3,0
321,357,Preferences.java,M,6,4,315,0.9844,0.0125,319,yeldar,3,0.9702,0.9838,0.9429,3,0
321,362,Preferences.java,M,7,4,315,0.9844,0.0125,319,yeldar,4,0.9986,0.9996,0.9976,4,0
321,367,Preferences.java,M,6,4,315,0.9844,0.0125,319,yeldar,3,0.9805,1.0000,0.9579,3,0
321,370,Preferences.java,M,7,3,316,0.9875,0.0094,319,yeldar,4,0.9989,1.0000,0.9980,4,0
321,372,Preferences.java,M,7,4,315,0.9844,0.0125,319,yeldar,4,0.9984,1.0000,0.9976,4,0
321,373,Preferences.java,M,7,4,315,0.9844,0.0125,319,yeldar,4,0.9984,1.0000,0.9976,4,0
321,375,Preferences.java,M,7,3,316,0.9875,0.0094,319,yeldar,4,0.9989,1.0000,0.9980,4,0
321,390,Preferences.java,M,8,4,315,0.9844,0.0125,319,yeldar,6,0.7543,0.9598,0.3279,4,0
321,391,Preferences.java,M,8,3,316,0.9875,0.0094,319,yeldar,6,0.7789,1.0000,0.3400,4,0
321,392,Preferences.java,M,8,3,316,0.9875,0.0094,319,yeldar,6,0.7789,1.0000,0.3400,4,0
321,394,Preferences.java,M,8,3,316,0.9875,0.0094,319,yeldar,6,0.7789,1.0000,0.3400,4,0
321,403,Preferences.java,M,5,2,316,0.9875,0.0063,319,yeldar,8,0.4398,0.9759,0.3479,1,0
321,404,Preferences.java,M,6,2,315,0.9844,0.0063,319,yeldar,2,0.9579,0.9630,0.9529,2,0
321,407,Preferences.java,M,6,3,314,0.9813,0.0094,319,yeldar,5,0.3479,0.3479,0.3479,0,0
321,408,Preferences.java,M,6,4,313,0.9781,0.0125,319,yeldar,2,0.9411,0.9630,0.9192,2,0
321,411,Preferences.java,M,5,2,316,0.9875,0.0063,319,yeldar,3,0.5706,0.9781,0.3479,1,0
321,412,Preferences.java,M,5,2,316,0.9875,0.0063,319,yeldar,3,0.5579,0.9781,0.3478,1,0
321,414,Preferences.java,M,6,3,315,0.9844,0.0094,319,yeldar,2,0.9361,0.9529,0.9192,2,0
321,415,Preferences.java,M,5,6,312,0.9750,0.0188,319,yeldar,8,0.4366,0.9759,0.3415,1,0
321,416,Preferences.java,M,5,5,313,0.9781,0.0156,319,yeldar,3,0.5541,0.9781,0.3421,1,0
321,417,Preferences.java,M,5,5,313,0.9781,0.0156,319,yeldar,3,0.5682,0.9781,0.3479,1,0
321,429,Preferences.java,M,8,5,314,0.9813,0.0156,319,yeldar,6,0.7787,0.9996,0.3400,4,0
321,695,Preferences.java,M,6,4,177,0.9779,0.0221,180,yeldar,3,0.9805,1.0000,0.9579,3,0
323,650,XYZReader.java,M,84,5,268,0.9781,0.0182,273,yeldar,9,0.2869,0.3392,0.0000,0,1
323,750,JmolApplet.java,M,5,4,104,0.9630,0.0370,107,yeldar,7,0.3390,1.0000,0.0000,2,4
323,842,Gaussian98Reader.java,M,41,2,20,0.9091,0.0909,21,yeldar,0,0.0000,0.0000,0.0000,0,0
323,864,JmolApplet.java,M,5,1,0,0.0000,1.0000,0,yeldar,7,0.2857,1.0000,0.0000,2,5
323,865,JmolApplet.java,M,5,1,0,0.0000,1.0000,0,yeldar,7,0.2857,1.0000,0.0000,2,5
324,84,Aces2Reader.java,M,47,3,319,0.9876,0.0093,322,yeldar,9,0.8648,1.0000,0.2257,8,0
324,85,ADFReader.java,M,47,3,319,0.9876,0.0093,322,yeldar,9,0.8648,1.0000,0.2257,8,0
324,86,GamessReader.java,M,47,4,318,0.9845,0.0124,322,yeldar,9,0.8642,1.0000,0.2255,8,0
324,88,Gaussian92Reader.java,M,47,3,319,0.9876,0.0093,322,yeldar,9,0.8648,1.0000,0.2257,8,0
324,89,Gaussian94Reader.java,M,47,3,319,0.9876,0.0093,322,yeldar,9,0.8648,1.0000,0.2257,8,0
324,90,ADFReader.java,M,47,3,319,0.9876,0.0093,322,yeldar,2,0.5873,0.8979,0.2767,1,0
324,91,Aces2Reader.java,M,62,3,319,0.9876,0.0093,322,yeldar,0,0.0000,0.0000,0.0000,0,0
324,92,Gaussian98Reader.java,M,62,3,319,0.9876,0.0093,322,yeldar,8,0.7262,1.0000,0.2359,5,0
324,93,ADFReader.java,M,62,3,319,0.9876,0.0093,322,yeldar,8,0.7262,1.0000,0.2359,5,0
324,94,Gaussian94Reader.java,M,62,3,319,0.9876,0.0093,322,yeldar,8,0.7262,1.0000,0.2359,5,0
324,95,Gaussian92Reader.java,M,62,3,319,0.9876,0.0093,322,yeldar,8,0.7262,1.0000,0.2359,5,0
324,252,Gaussian94Reader.java,M,26,3,319,0.9876,0.0093,322,yeldar,0,0.0000,0.0000,0.0000,0,0
324,526,JMolCDO.java,M,5,4,288,0.9863,0.0137,291,yeldar,2,0.5754,0.8979,0.2529,1,0
324,531,JMolCDO.java,M,5,7,285,0.9760,0.0240,291,yeldar,5,0.4257,0.5041,0.2009,2,0
324,533,JMolCDO.java,M,11,5,286,0.9795,0.0171,291,yeldar,1,0.2857,0.2857,0.2857,0,0
324,697,CACheReader.java,M,47,4,178,0.9727,0.0219,182,yeldar,9,0.8640,1.0000,0.2254,8,0
324,715,PDBReader.java,M,10,4,158,0.9753,0.0247,161,yeldar,2,0.2580,0.2787,0.2373,0,0
324,748,JMolCDO.java,M,9,2,108,0.9558,0.0177,112,yeldar,2,0.3267,0.3518,0.3015,0,0
324,807,Gaussian90Reader.java,M,47,3,59,0.9365,0.0476,62,yeldar,9,0.8663,1.0000,0.2348,8,0
324,809,Gaussian90Reader.java,M,62,3,59,0.9365,0.0476,62,yeldar,8,0.7266,1.0000,0.2390,5,0
324,815,GamessReader.java,M,83,3,60,0.9524,0.0476,62,yeldar,0,0.0000,0.0000,0.0000,0,0
324,816,JaguarReader.java,M,73,3,59,0.9365,0.0476,62,yeldar,0,0.0000,0.0000,0.0000,0,0
324,817,MopacReader.java,M,73,3,59,0.9365,0.0476,62,yeldar,2,0.3348,0.3348,0.3348,0,0
324,818,GamessReader.java,M,70,3,60,0.9524,0.0476,62,yeldar,0,0.0000,0.0000,0.0000,0,0
324,821,JaguarReader.java,M,41,3,59,0.9365,0.0476,62,yeldar,6,0.8732,1.0000,0.2390,5,0
324,822,MopacReader.java,M,41,3,59,0.9365,0.0476,62,yeldar,3,0.2601,0.2891,0.2070,0,0
324,849,Gaussian90Reader.java,M,41,3,20,0.8696,0.1304,22,yeldar,6,0.8732,1.0000,0.2390,5,0
324,850,Gaussian94Reader.java,M,41,3,20,0.8696,0.1304,22,yeldar,6,0.8732,1.0000,0.2390,5,0
324,851,Gaussian92Reader.java,M,41,3,20,0.8696,0.1304,22,yeldar,6,0.8732,1.0000,0.2390,5,0
324,852,Gaussian98Reader.java,M,41,3,20,0.8696,0.1304,22,yeldar,6,0.8732,1.0000,0.2390,5,0
324,853,Gaussian98Reader.java,M,33,3,20,0.8696,0.1304,22,yeldar,3,0.5614,0.5614,0.5614,3,0
324,854,JMolCDO.java,M,14,3,20,0.8696,0.1304,22,yeldar,8,0.7266,1.0000,0.2390,5,0
324,863,GamessReader.java,M,41,1,1,0.5000,0.5000,1,yeldar,6,0.8333,1.0000,0.0000,5,1
324,866,XYZReader.java,M,84,1,1,0.5000,0.5000,1,yeldar,9,0.7778,1.0000,0.0000,7,2
325,613,BaseAtomType.java,M,12,4,286,0.9862,0.0138,289,yeldar,2,0.3261,0.3386,0.3136,0,0
325,617,BaseAtomType.java,M,21,4,286,0.9862,0.0138,289,yeldar,3,0.3259,0.4623,0.1852,0,1
328,164,ArrowLine.java,M,45,3,323,0.9878,0.0092,326,yeldar,1,0.7472,0.7472,0.7472,1,0
328,165,ArrowLine.java,M,45,4,322,0.9847,0.0122,326,yeldar,1,0.7472,0.7472,0.7472,1,0
330,17,ChemFrame.java,M,8,10,318,0.9666,0.0304,328,yeldar,1,0.3645,0.3645,0.3645,0,0
330,109,Dihedral.java,M,9,6,322,0.9787,0.0182,328,yeldar,2,0.5000,1.0000,0.0000,1,1
330,176,Bond.java,M,8,8,320,0.9726,0.0243,328,yeldar,9,0.5082,0.9924,0.3081,4,0
330,177,Bond.java,M,8,7,321,0.9757,0.0213,328,yeldar,9,0.5108,0.9924,0.3081,4,0
330,178,Bond.java,M,7,9,319,0.9696,0.0274,328,yeldar,4,0.5976,0.8176,0.3831,3,0
330,179,Bond.java,M,7,6,320,0.9726,0.0182,328,yeldar,4,0.5414,0.8176,0.2304,2,0
330,196,ChemFrame.java,M,68,6,322,0.9787,0.0182,328,yeldar,1,0.6984,0.6984,0.6984,1,0
330,197,ChemFrame.java,M,68,6,321,0.9757,0.0182,328,yeldar,1,0.6984,0.6984,0.6984,1,0
330,202,ChemFrame.java,M,8,12,316,0.9605,0.0365,328,yeldar,1,0.1886,0.1886,0.1886,0,1
330,203,ChemFrame.java,M,14,10,318,0.9666,0.0304,328,yeldar,0,0.0000,0.0000,0.0000,0,0
330,204,ChemFrame.java,M,14,8,320,0.9726,0.0243,328,yeldar,0,0.0000,0.0000,0.0000,0,0
330,205,ChemFrame.java,M,5,12,316,0.9605,0.0365,328,yeldar,6,0.2818,0.3531,0.1551,0,1
330,207,ChemFrame.java,M,6,13,258,0.7842,0.0395,328,yeldar,2,0.7859,0.7897,0.7821,2,0
330,209,ChemFrame.java,M,16,10,318,0.9666,0.0304,328,yeldar,7,0.3997,0.8629,0.1688,2,4
330,211,ChemFrame.java,M,11,12,316,0.9605,0.0365,328,yeldar,2,0.8948,1.0000,0.7897,2,0
330,213,ChemFrame.java,M,13,11,317,0.9635,0.0334,328,yeldar,7,0.4099,0.8642,0.1890,2,1
330,215,ChemFrame.java,M,13,10,318,0.9666,0.0304,328,yeldar,7,0.3968,0.8642,0.1871,2,3
330,476,Bond.java,M,150,5,293,0.9832,0.0168,297,yeldar,9,0.3771,0.5158,0.2519,1,0
330,489,ChemFrame.java,M,14,8,243,0.8154,0.0268,297,yeldar,4,0.4510,0.7051,0.1788,2,1
330,746,ChemFrame.java,M,16,6,115,0.9504,0.0496,120,yeldar,1,0.2508,0.2508,0.2508,0,0
330,829,ChemFrame.java,M,9,5,39,0.8864,0.1136,43,yeldar,2,0.3022,0.4022,0.2023,0,0
330,830,ChemFrame.java,M,6,5,39,0.8864,0.1136,43,yeldar,2,0.8910,1.0000,0.7821,2,0
330,832,ChemFrame.java,M,22,5,39,0.8864,0.1136,43,yeldar,3,0.1878,0.2048,0.1563,0,1
330,843,Distance.java,M,9,3,26,0.8966,0.1034,28,yeldar,2,0.5000,1.0000,0.0000,1,1
332,196,ChemFrame.java,M,68,7,323,0.9758,0.0211,330,yeldar,1,0.7924,0.7924,0.7924,1,0
332,197,ChemFrame.java,M,68,7,322,0.9728,0.0211,330,yeldar,1,0.7924,0.7924,0.7924,1,0
332,205,ChemFrame.java,M,5,13,317,0.9577,0.0393,330,yeldar,6,0.2250,0.2806,0.1233,0,3
332,213,ChemFrame.java,M,13,12,318,0.9607,0.0363,330,yeldar,7,0.3778,0.8967,0.1438,2,4
332,215,ChemFrame.java,M,13,11,319,0.9637,0.0332,330,yeldar,7,0.3704,0.8967,0.1427,2,3
332,829,ChemFrame.java,M,9,6,40,0.8696,0.1304,45,yeldar,2,0.2174,0.2835,0.1513,0,1
332,832,ChemFrame.java,M,22,6,40,0.8696,0.1304,45,yeldar,3,0.1427,0.1527,0.1240,0,3
332,871,ChemFrame.java,M,30,1,0,0.0000,1.0000,0,yeldar,4,0.0000,0.0000,0.0000,0,4
333,17,ChemFrame.java,M,8,11,320,0.9639,0.0331,331,yeldar,1,0.2621,0.2621,0.2621,0,0
333,189,ChemFrame.java,M,8,5,323,0.9729,0.0151,331,yeldar,0,0.0000,0.0000,0.0000,0,0
333,202,ChemFrame.java,M,8,13,318,0.9578,0.0392,331,yeldar,1,0.1425,0.1425,0.1425,0,1
333,203,ChemFrame.java,M,14,11,320,0.9639,0.0331,331,yeldar,1,0.0000,0.0000,0.0000,0,1
333,205,ChemFrame.java,M,5,14,317,0.9548,0.0422,331,yeldar,6,0.1864,0.2316,0.1018,0,3
333,209,ChemFrame.java,M,16,11,320,0.9639,0.0331,331,yeldar,7,0.3546,0.9166,0.1075,2,4
333,211,ChemFrame.java,M,11,13,318,0.9578,0.0392,331,yeldar,1,1.0000,1.0000,1.0000,1,0
333,213,ChemFrame.java,M,13,13,318,0.9578,0.0392,331,yeldar,7,0.3585,0.9172,0.1153,2,5
333,215,ChemFrame.java,M,13,12,319,0.9608,0.0361,331,yeldar,7,0.3538,0.9172,0.1146,2,5
333,217,ChemFrame.java,M,8,8,231,0.6958,0.0241,331,yeldar,10,0.0000,0.0002,0.0000,0,10
333,254,Gaussian94Reader.java,M,5,3,328,0.9880,0.0090,331,yeldar,1,0.8005,0.8005,0.8005,1,0
333,255,Gaussian94Reader.java,M,5,2,328,0.9880,0.0060,331,yeldar,1,0.8005,0.8005,0.8005,1,0
333,260,Gaussian98Reader.java,M,5,4,327,0.9849,0.0120,331,yeldar,1,0.8007,0.8007,0.8007,1,0
333,261,Gaussian98Reader.java,M,5,3,327,0.9849,0.0090,331,yeldar,1,0.8007,0.8007,0.8007,1,0
333,489,ChemFrame.java,M,14,9,245,0.8140,0.0299,300,yeldar,6,0.5564,1.0000,0.1368,3,1
333,746,ChemFrame.java,M,16,7,117,0.9435,0.0565,123,yeldar,1,0.1976,0.1976,0.1976,0,1
333,789,DisplayPanel.java,M,17,4,89,0.9570,0.0430,92,yeldar,3,0.3020,0.3578,0.2093,0,0
333,829,ChemFrame.java,M,9,7,40,0.8511,0.1489,46,yeldar,2,0.2853,0.4506,0.1201,0,1
333,830,ChemFrame.java,M,6,6,41,0.8723,0.1277,46,yeldar,1,1.0000,1.0000,1.0000,1,0
333,832,ChemFrame.java,M,22,7,40,0.8511,0.1489,46,yeldar,3,0.1145,0.1210,0.1023,0,3
333,834,ChemFrame.java,M,5,3,33,0.9167,0.0833,35,yeldar,2,0.3760,0.4506,0.3015,0,0
333,871,ChemFrame.java,M,30,2,0,0.0000,1.0000,1,yeldar,4,0.0000,0.0000,0.0000,0,4
333,873,Atom.java,M,10,1,0,0.0000,1.0000,0,yeldar,1,0.0000,0.0000,0.0000,0,1
333,881,AtomPropsMenu.java,M,8,1,0,0.0000,1.0000,0,yeldar,4,0.0000,0.0000,0.0000,0,4
333,886,ChemFrame.java,M,11,1,0,0.0000,1.0000,0,yeldar,10,0.0000,0.0000,0.0000,0,10
333,887,ChemFrame.java,M,7,1,0,0.0000,1.0000,0,yeldar,0,0.0000,0.0000,0.0000,0,0
333,888,ChemFrame.java,M,14,1,0,0.0000,1.0000,0,yeldar,6,0.3333,1.0000,0.0000,2,4
333,889,ChemFrame.java,M,14,1,0,0.0000,1.0000,0,yeldar,6,0.3333,1.0000,0.0000,2,4
333,890,CMLReader.java,M,18,1,0,0.0000,1.0000,0,yeldar,1,0.0000,0.0000,0.0000,0,1
334,76,Aces2Reader.java,M,37,3,329,0.9880,0.0090,332,yeldar,10,0.7323,1.0000,0.2604,6,0
334,77,GamessReader.java,M,37,4,328,0.9850,0.0120,332,yeldar,10,0.7316,1.0000,0.2601,6,0
334,78,ADFReader.java,M,37,3,329,0.9880,0.0090,332,yeldar,10,0.7323,1.0000,0.2604,6,0
334,79,Gaussian94Reader.java,M,37,5,327,0.9820,0.0150,332,yeldar,10,0.7318,1.0000,0.2601,6,0
334,80,Gaussian98Reader.java,M,37,5,327,0.9820,0.0150,332,yeldar,10,0.7318,1.0000,0.2601,6,0
334,81,Gaussian92Reader.java,M,37,3,329,0.9880,0.0090,332,yeldar,10,0.7323,1.0000,0.2604,6,0
334,83,Aces2Reader.java,M,5,3,329,0.9880,0.0090,332,yeldar,7,0.7901,1.0000,0.2402,5,0
334,99,ADFReader.java,M,5,3,329,0.9880,0.0090,332,yeldar,7,0.7901,1.0000,0.2402,5,0
334,245,Gaussian92Reader.java,M,5,3,329,0.9880,0.0090,332,yeldar,7,0.7901,1.0000,0.2402,5,0
334,247,Gaussian94Reader.java,M,5,3,329,0.9880,0.0090,332,yeldar,7,0.7901,1.0000,0.2402,5,0
334,259,Gaussian98Reader.java,M,5,4,328,0.9850,0.0120,332,yeldar,1,0.4746,0.4746,0.4746,0,0
334,802,Gaussian90Reader.java,M,37,3,69,0.9452,0.0411,72,yeldar,10,0.7328,1.0000,0.2604,6,0
334,803,DaltonReader.java,M,5,2,70,0.9589,0.0274,72,yeldar,7,0.6587,0.8035,0.2902,5,0
334,804,Gaussian90Reader.java,M,5,3,69,0.9452,0.0411,72,yeldar,7,0.7917,1.0000,0.2514,5,0
334,805,JaguarReader.java,M,11,2,70,0.9589,0.0274,72,yeldar,2,0.2441,0.3015,0.1867,0,1
334,819,JaguarReader.java,M,33,3,69,0.9452,0.0411,72,yeldar,3,0.2304,0.2604,0.2154,0,0
334,820,MopacReader.java,M,32,3,69,0.9452,0.0411,72,yeldar,0,0.0000,0.0000,0.0000,0,0
334,890,CMLReader.java,M,18,2,0,0.0000,1.0000,1,yeldar,1,0.0000,0.0000,0.0000,0,1
334,892,CMLReader.java,M,5,1,0,0.0000,1.0000,0,yeldar,6,0.0000,0.0000,0.0000,0,6
334,893,ChemFile.java,M,6,1,0,0.0000,1.0000,0,yeldar,1,0.0000,0.0000,0.0000,0,1
334,895,ChemFile.java,M,5,1,0,0.0000,1.0000,0,yeldar,1,0.0000,0.0000,0.0000,0,1
335,17,ChemFrame.java,M,8,12,321,0.9611,0.0359,333,yeldar,1,0.2018,0.2018,0.2018,0,0
335,80,Gaussian98Reader.java,M,37,6,327,0.9790,0.0180,333,yeldar,10,0.4795,0.6544,0.1765,6,3
335,87,Gaussian98Reader.java,M,47,3,330,0.9880,0.0090,333,yeldar,7,0.3486,0.3487,0.3483,0,0
335,257,Gaussian98Reader.java,M,10,2,330,0.9880,0.0060,333,yeldar,1,0.3543,0.3543,0.3543,0,0
335,260,Gaussian98Reader.java,M,5,5,328,0.9820,0.0150,333,yeldar,1,0.8703,0.8703,0.8703,1,0
335,261,Gaussian98Reader.java,M,5,4,328,0.9820,0.0120,333,yeldar,1,0.8703,0.8703,0.8703,1,0
335,528,JMolCDO.java,M,5,4,298,0.9835,0.0132,302,yeldar,2,0.1785,0.1840,0.1731,0,2
335,534,JMolCDO.java,M,11,5,296,0.9769,0.0165,302,yeldar,1,0.1879,0.1879,0.1879,0,1
335,658,ReaderFactory.java,M,14,3,219,0.8588,0.0118,254,yeldar,5,0.2893,0.3916,0.2620,0,0
335,715,PDBReader.java,M,10,5,168,0.9711,0.0289,172,yeldar,2,0.3034,0.4675,0.1393,0,1
335,716,PDBReader.java,M,10,4,169,0.9769,0.0231,172,yeldar,2,0.3310,0.4675,0.1946,0,1
335,842,Gaussian98Reader.java,M,41,3,31,0.9118,0.0882,33,yeldar,0,0.0000,0.0000,0.0000,0,0
335,894,ChemFile.java,M,6,1,1,0.5000,0.5000,1,yeldar,1,0.0000,0.0000,0.0000,0,1
335,896,ChemFile.java,M,5,1,1,0.5000,0.5000,1,yeldar,1,0.0000,0.0000,0.0000,0,1
335,899,Gaussian98Reader.java,M,34,1,0,0.0000,1.0000,0,yeldar,0,0.0000,0.0000,0.0000,0,0
335,900,Gaussian98Reader.java,M,8,1,0,0.0000,1.0000,0,yeldar,3,0.0000,0.0000,0.0000,0,3
335,901,PDBReader.java,M,5,1,0,0.0000,1.0000,0,yeldar,0,0.0000,0.0000,0.0000,0,0
335,902,CMLReader.java,M,32,1,0,0.0000,1.0000,0,yeldar,3,0.0000,0.0000,0.0000,0,3
338,17,ChemFrame.java,M,8,13,323,0.9585,0.0386,336,yeldar,1,0.1613,0.1613,0.1613,0,1
338,67,Preferences.java,M,11,5,331,0.9822,0.0148,336,yeldar,5,0.1767,0.1900,0.1435,0,5
338,189,ChemFrame.java,M,8,6,327,0.9703,0.0178,336,yeldar,0,0.0000,0.0000,0.0000,0,0
338,202,ChemFrame.java,M,8,14,322,0.9555,0.0415,336,yeldar,1,0.1110,0.1110,0.1110,0,1
338,203,ChemFrame.java,M,14,12,324,0.9614,0.0356,336,yeldar,1,0.0000,0.0000,0.0000,0,1
338,205,ChemFrame.java,M,5,15,321,0.9525,0.0445,336,yeldar,6,0.1554,0.1926,0.0846,0,6
338,209,ChemFrame.java,M,16,12,324,0.9614,0.0356,336,yeldar,7,0.3165,0.9322,0.0885,2,4
338,211,ChemFrame.java,M,11,14,322,0.9555,0.0415,336,yeldar,1,1.0000,1.0000,1.0000,1,0
338,213,ChemFrame.java,M,13,14,322,0.9555,0.0415,336,yeldar,7,0.3175,0.9322,0.0938,2,5
338,217,ChemFrame.java,M,8,9,235,0.6973,0.0267,336,yeldar,10,0.0000,0.0001,0.0000,0,10
338,346,Preferences.java,M,5,9,327,0.9703,0.0267,336,yeldar,1,0.2976,0.2976,0.2976,0,0
338,356,Preferences.java,M,6,5,331,0.9822,0.0148,336,yeldar,3,0.9728,0.9757,0.9669,3,0
338,357,Preferences.java,M,6,5,331,0.9822,0.0148,336,yeldar,3,0.9828,0.9908,0.9669,3,0
338,362,Preferences.java,M,7,5,331,0.9822,0.0148,336,yeldar,4,0.9992,0.9998,0.9986,4,0
338,367,Preferences.java,M,6,5,331,0.9822,0.0148,336,yeldar,3,0.9888,1.0000,0.9757,3,0
338,370,Preferences.java,M,7,4,332,0.9852,0.0119,336,yeldar,4,0.9994,1.0000,0.9989,4,0
338,372,Preferences.java,M,7,5,331,0.9822,0.0148,336,yeldar,4,0.9991,1.0000,0.9986,4,0
338,373,Preferences.java,M,7,5,331,0.9822,0.0148,336,yeldar,4,0.9991,1.0000,0.9986,4,0
338,375,Preferences.java,M,7,4,332,0.9852,0.0119,336,yeldar,4,0.9994,1.0000,0.9989,4,0
338,390,Preferences.java,M,8,5,331,0.9822,0.0148,336,yeldar,4,0.9768,0.9769,0.9766,4,0
338,391,Preferences.java,M,8,4,332,0.9852,0.0119,336,yeldar,4,0.9942,1.0000,0.9769,4,0
338,392,Preferences.java,M,8,4,332,0.9852,0.0119,336,yeldar,4,0.9942,1.0000,0.9769,4,0
338,394,Preferences.java,M,8,4,332,0.9852,0.0119,336,yeldar,4,0.9942,1.0000,0.9769,4,0
338,403,Preferences.java,M,5,3,332,0.9852,0.0089,336,yeldar,8,0.2746,0.9872,0.1619,1,6
338,404,Preferences.java,M,6,3,331,0.9822,0.0089,336,yeldar,2,0.9775,0.9803,0.9747,2,0
338,407,Preferences.java,M,6,4,330,0.9792,0.0119,336,yeldar,6,0.1349,0.1619,0.0000,0,6
338,408,Preferences.java,M,6,5,329,0.9763,0.0148,336,yeldar,2,0.9681,0.9803,0.9560,2,0
338,412,Preferences.java,M,5,3,332,0.9852,0.0089,336,yeldar,3,0.4664,0.9884,0.2054,1,0
338,414,Preferences.java,M,6,4,331,0.9822,0.0119,336,yeldar,2,0.9654,0.9747,0.9560,2,0
338,415,Preferences.java,M,5,7,328,0.9733,0.0208,336,yeldar,8,0.2739,0.9872,0.1605,1,6
338,416,Preferences.java,M,5,6,329,0.9763,0.0178,336,yeldar,3,0.4651,0.9884,0.2034,1,0
338,429,Preferences.java,M,8,6,330,0.9792,0.0178,336,yeldar,4,0.9940,0.9998,0.9766,4,0
338,488,ChemFrame.java,M,15,7,298,0.9739,0.0229,305,yeldar,0,0.0000,0.0000,0.0000,0,0
338,489,ChemFrame.java,M,14,10,249,0.8137,0.0327,305,yeldar,6,0.5050,1.0000,0.1075,2,2
338,695,Preferences.java,M,6,5,193,0.9747,0.0253,197,yeldar,3,0.9888,1.0000,0.9757,3,0
338,744,DisplaySettings.java,M,9,4,126,0.9692,0.0308,129,yeldar,4,0.3895,0.9863,0.0000,1,1
338,745,DisplaySettings.java,M,9,5,125,0.9615,0.0385,129,yeldar,4,0.3895,0.9863,0.0000,1,1
338,786,DisplayPanel.java,M,34,5,93,0.9490,0.0510,97,yeldar,1,0.4515,0.4515,0.4515,0,0
338,792,DisplayPanel.java,M,5,5,93,0.9490,0.0510,97,yeldar,2,0.3226,0.3226,0.3226,0,0
338,793,DisplayPanel.java,M,5,5,93,0.9490,0.0510,97,yeldar,2,0.3196,0.3378,0.3014,0,0
338,829,ChemFrame.java,M,9,8,44,0.8462,0.1538,51,yeldar,2,0.3323,0.5677,0.0969,1,1
338,830,ChemFrame.java,M,6,7,45,0.8654,0.1346,51,yeldar,1,1.0000,1.0000,1.0000,1,0
338,832,ChemFrame.java,M,22,8,44,0.8462,0.1538,51,yeldar,3,0.0931,0.0975,0.0849,0,3
338,834,ChemFrame.java,M,5,4,37,0.9024,0.0976,40,yeldar,2,0.3780,0.5677,0.1883,1,1
338,871,ChemFrame.java,M,30,3,4,0.5714,0.4286,6,yeldar,4,0.1855,0.3709,0.0000,0,2
338,886,ChemFrame.java,M,11,2,4,0.6667,0.3333,5,yeldar,10,0.0000,0.0000,0.0000,0,10
338,887,ChemFrame.java,M,7,2,4,0.6667,0.3333,5,yeldar,0,0.0000,0.0000,0.0000,0,0
338,888,ChemFrame.java,M,14,2,4,0.6667,0.3333,5,yeldar,6,0.3333,1.0000,0.0000,2,4
338,889,ChemFrame.java,M,14,2,4,0.6667,0.3333,5,yeldar,6,0.3333,1.0000,0.0000,2,4
341,715,PDBReader.java,M,10,6,173,0.9665,0.0335,178,egonw,2,0.2251,0.3434,0.1068,0,1
342,716,PDBReader.java,M,10,5,175,0.9722,0.0278,179,egonw,2,0.2025,0.2696,0.1354,0,1
359,280,Jmol.java,M,39,6,351,0.9804,0.0168,357,yeldar,3,0.3051,0.5175,0.1975,1,1
360,17,ChemFrame.java,M,8,14,344,0.9582,0.0390,358,yeldar,1,0.1161,0.1161,0.1161,0,1
360,82,Aces2Reader.java,M,5,3,355,0.9889,0.0084,358,yeldar,7,0.7473,0.7769,0.6652,7,0
360,83,Aces2Reader.java,M,5,4,354,0.9861,0.0111,358,yeldar,7,0.8958,1.0000,0.6056,7,0
360,98,ADFReader.java,M,5,3,355,0.9889,0.0084,358,yeldar,10,0.3485,0.8777,0.1687,2,2
360,99,ADFReader.java,M,5,4,354,0.9861,0.0111,358,yeldar,7,0.8958,1.0000,0.6056,7,0
360,189,ChemFrame.java,M,8,7,348,0.9694,0.0195,358,yeldar,0,0.0000,0.0000,0.0000,0,0
360,213,ChemFrame.java,M,13,15,343,0.9554,0.0418,358,yeldar,5,0.2281,0.8133,0.0721,1,4
360,215,ChemFrame.java,M,13,13,345,0.9610,0.0362,358,yeldar,5,0.2346,0.8133,0.0795,1,4
360,239,GamessReader.java,M,8,4,354,0.9861,0.0111,358,yeldar,3,0.3845,0.8777,0.0000,1,1
360,241,GamessReader.java,M,9,4,354,0.9861,0.0111,358,yeldar,4,0.5846,0.8778,0.2852,2,0
360,242,GamessReader.java,M,9,3,354,0.9861,0.0084,358,yeldar,4,0.5562,0.9990,0.1701,2,2
360,243,GamessReader.java,M,9,2,355,0.9889,0.0056,358,yeldar,4,0.5561,0.9990,0.1702,2,2
360,244,Gaussian92Reader.java,M,5,2,356,0.9916,0.0056,358,yeldar,10,0.2999,1.0000,0.1095,2,8
360,245,Gaussian92Reader.java,M,5,4,354,0.9861,0.0111,358,yeldar,7,0.8958,1.0000,0.6056,7,0
360,246,Gaussian94Reader.java,M,5,2,356,0.9916,0.0056,358,yeldar,10,0.2999,1.0000,0.1095,2,8
360,247,Gaussian94Reader.java,M,5,4,354,0.9861,0.0111,358,yeldar,7,0.8958,1.0000,0.6056,7,0
360,254,Gaussian94Reader.java,M,5,4,354,0.9861,0.0111,358,yeldar,1,0.9066,0.9066,0.9066,1,0
360,255,Gaussian94Reader.java,M,5,3,354,0.9861,0.0084,358,yeldar,1,0.9066,0.9066,0.9066,1,0
360,256,Gaussian94Reader.java,M,10,2,355,0.9889,0.0056,358,yeldar,1,0.1497,0.1497,0.1497,0,1
360,639,ChemFrame.java,M,5,8,313,0.9751,0.0249,320,yeldar,7,0.6425,0.7769,0.6056,7,0
360,713,Atom.java,M,5,4,194,0.9798,0.0202,197,yeldar,0,0.0000,0.0000,0.0000,0,0
360,719,ADFReader.java,M,7,3,192,0.9846,0.0154,194,yeldar,16,0.0346,0.2798,0.0000,0,14
360,803,DaltonReader.java,M,5,3,95,0.9596,0.0303,98,yeldar,7,0.8400,0.9073,0.6652,7,0
360,804,Gaussian90Reader.java,M,5,4,94,0.9495,0.0404,98,yeldar,7,0.8979,1.0000,0.6199,7,0
360,805,JaguarReader.java,M,11,3,95,0.9596,0.0303,98,yeldar,0,0.0000,0.0000,0.0000,0,0
360,806,Gaussian90Reader.java,M,8,2,96,0.9697,0.0202,98,yeldar,3,0.3482,0.8777,0.0000,1,2
360,816,JaguarReader.java,M,73,4,94,0.9495,0.0404,98,yeldar,0,0.0000,0.0000,0.0000,0,0
360,817,MopacReader.java,M,73,4,94,0.9495,0.0404,98,yeldar,2,0.1131,0.1131,0.1131,0,2
360,821,JaguarReader.java,M,41,4,94,0.9495,0.0404,98,yeldar,6,0.3498,0.4364,0.0996,0,1
360,822,MopacReader.java,M,41,4,94,0.9495,0.0404,98,yeldar,0,0.0000,0.0000,0.0000,0,0
360,823,JaguarReader.java,M,9,3,95,0.9596,0.0303,98,yeldar,5,0.5421,1.0000,0.2734,2,0
360,824,JaguarReader.java,M,9,3,95,0.9596,0.0303,98,yeldar,5,0.5421,1.0000,0.2734,2,0
360,825,JaguarReader.java,M,9,2,96,0.9697,0.0202,98,yeldar,5,0.4504,0.8777,0.1630,2,3
360,826,MopacReader.java,M,9,3,95,0.9596,0.0303,98,yeldar,3,0.7483,1.0000,0.2450,2,0
360,827,MopacReader.java,M,9,3,95,0.9596,0.0303,98,yeldar,3,0.7483,1.0000,0.2450,2,0
360,828,MopacReader.java,M,9,3,95,0.9596,0.0303,98,yeldar,3,0.7483,1.0000,0.2450,2,0
360,834,ChemFrame.java,M,5,5,58,0.9206,0.0794,62,yeldar,0,0.0000,0.0000,0.0000,0,0
360,873,Atom.java,M,10,2,26,0.9286,0.0714,27,yeldar,1,0.0000,0.0000,0.0000,0,1
360,874,Atom.java,M,5,1,26,0.9286,0.0357,27,yeldar,17,0.0000,0.0000,0.0000,0,17
361,897,ChemFile.java,M,15,1,26,0.9286,0.0357,27,yeldar,2,0.5000,1.0000,0.0000,1,1
361,898,ChemFile.java,M,15,1,26,0.9286,0.0357,27,yeldar,2,0.5000,1.0000,0.0000,1,1
361,985,ChemFrameRenderer.java,M,11,1,0,0.0000,0.5000,1,yeldar,5,0.2000,1.0000,0.0000,1,4
361,986,ChemFrameRenderer.java,M,11,1,0,0.0000,0.5000,1,yeldar,5,0.2000,1.0000,0.0000,1,4
361,990,ChemFrameRenderer.java,M,6,1,0,0.0000,1.0000,0,yeldar,10,0.0000,0.0000,0.0000,0,10
367,815,GamessReader.java,M,83,4,102,0.9623,0.0377,105,yeldar,0,0.0000,0.0000,0.0000,0,0
367,818,GamessReader.java,M,70,4,102,0.9623,0.0377,105,yeldar,0,0.0000,0.0000,0.0000,0,0
370,681,JmolApplet.java,M,6,7,250,0.9690,0.0271,257,yeldar,1,0.1019,0.1019,0.1019,0,1
370,750,JmolApplet.java,M,5,5,149,0.9613,0.0323,154,yeldar,12,0.1778,1.0000,0.0000,2,10
370,864,JmolApplet.java,M,5,2,45,0.9375,0.0417,47,yeldar,12,0.1667,1.0000,0.0000,2,10
370,865,JmolApplet.java,M,5,2,45,0.9375,0.0417,47,yeldar,12,0.1667,1.0000,0.0000,2,10
370,973,JmolApplet.java,M,5,1,10,0.8333,0.0833,11,yeldar,1,0.0000,0.0000,0.0000,0,1
374,995,TestAtomTypeSet.java,M,6,1,0,0.0000,1.0000,0,yeldar,6,0.0000,0.0000,0.0000,0,6
377,640,AtomRenderer.java,M,51,4,331,0.9851,0.0119,335,yeldar,3,0.1116,0.1210,0.0996,0,3
381,867,CMLReader.java,M,9,1,57,0.9661,0.0169,58,egonw,17,0.0000,0.0000,0.0000,0,17
387,998,CMLReader.java,M,31,1,0,0.0000,1.0000,0,egonw,3,0.3333,1.0000,0.0000,1,2
387,999,CMLReader.java,M,31,1,0,0.0000,1.0000,0,egonw,3,0.3333,1.0000,0.0000,1,2
412,53,AboutDialog.java,M,51,5,405,0.9854,0.0122,410,cribeaud,4,0.0419,0.0838,0.0000,0,4
414,54,WhatsNewDialog.java,M,51,5,407,0.9855,0.0121,412,cribeaud,4,0.2606,1.0000,0.0000,1,3
414,55,HelpDialog.java,M,51,4,408,0.9879,0.0097,412,cribeaud,4,0.2606,1.0000,0.0000,1,3
416,275,Jmol.java,M,5,16,302,0.7277,0.0386,414,cribeaud,4,0.0479,0.0603,0.0438,0,4
420,1000,BMPFile.java,M,6,1,8,0.8000,0.1000,9,yeldar,1,0.0000,0.0000,0.0000,0,1
420,1004,PngEncoder.java,M,6,1,0,0.0000,1.0000,0,yeldar,6,0.0000,0.0000,0.0000,0,6
430,268,Jmol.java,M,6,9,419,0.9767,0.0210,428,yeldar,3,0.0238,0.0446,0.0000,0,3
430,275,Jmol.java,M,5,17,315,0.7343,0.0396,428,yeldar,4,0.0204,0.0262,0.0184,0,4
430,523,Jmol.java,M,6,3,235,0.5905,0.0075,397,yeldar,0,0.0000,0.0000,0.0000,0,0
438,189,ChemFrame.java,M,8,8,425,0.9725,0.0183,436,yeldar,0,0.0000,0.0000,0.0000,0,0
438,639,ChemFrame.java,M,5,9,390,0.9774,0.0226,398,yeldar,7,0.1019,0.1049,0.1011,0,7
438,713,Atom.java,M,5,5,271,0.9819,0.0181,275,yeldar,2,0.0000,0.0000,0.0000,0,2
438,1006,Atom.java,M,8,1,0,0.0000,1.0000,0,yeldar,0,0.0000,0.0000,0.0000,0,0
448,985,ChemFrameRenderer.java,M,11,2,86,0.9663,0.0225,88,yeldar,3,0.3333,1.0000,0.0000,1,2
448,986,ChemFrameRenderer.java,M,11,2,86,0.9663,0.0225,88,yeldar,3,0.3333,1.0000,0.0000,1,2
450,67,Preferences.java,M,11,6,442,0.9844,0.0134,448,yeldar,5,0.0158,0.0160,0.0155,0,5
450,346,Preferences.java,M,5,10,438,0.9755,0.0223,448,yeldar,4,0.0056,0.0225,0.0000,0,4
450,357,Preferences.java,M,6,6,442,0.9844,0.0134,448,yeldar,6,0.3454,0.9993,0.0000,2,4
450,367,Preferences.java,M,6,6,442,0.9844,0.0134,448,yeldar,6,0.3455,1.0000,0.0000,2,4
450,370,Preferences.java,M,7,5,443,0.9866,0.0111,448,yeldar,4,0.3055,1.0000,0.0740,1,3
450,375,Preferences.java,M,7,5,443,0.9866,0.0111,448,yeldar,4,0.3055,1.0000,0.0740,1,3
450,390,Preferences.java,M,8,6,442,0.9844,0.0134,448,yeldar,6,0.6655,0.9983,0.0000,4,2
450,391,Preferences.java,M,8,5,443,0.9866,0.0111,448,yeldar,6,0.6664,1.0000,0.0000,4,2
450,392,Preferences.java,M,8,5,443,0.9866,0.0111,448,yeldar,6,0.6664,1.0000,0.0000,4,2
450,394,Preferences.java,M,8,5,443,0.9866,0.0111,448,yeldar,6,0.6664,1.0000,0.0000,4,2
450,403,Preferences.java,M,5,4,443,0.9866,0.0089,448,yeldar,6,0.1796,0.9991,0.0157,1,5
450,412,Preferences.java,M,5,4,443,0.9866,0.0089,448,yeldar,3,0.0334,0.0680,0.0161,0,3
450,415,Preferences.java,M,5,8,439,0.9777,0.0178,448,yeldar,6,0.1796,0.9991,0.0157,1,5
450,429,Preferences.java,M,8,7,441,0.9822,0.0156,448,yeldar,6,0.6664,1.0000,0.0000,4,2
450,695,Preferences.java,M,6,6,304,0.9806,0.0194,309,yeldar,6,0.3455,1.0000,0.0000,2,4
450,1018,Preferences.java,M,102,1,0,0.0000,1.0000,0,yeldar,3,0.0000,0.0000,0.0000,0,3
452,734,RasMolScriptHandler.java,M,8,6,251,0.9767,0.0233,256,yeldar,2,0.9997,1.0000,0.9994,2,0
452,735,RasMolScriptHandler.java,M,8,6,251,0.9767,0.0233,256,yeldar,2,0.9997,1.0000,0.9994,2,0
452,739,RasMolScriptHandler.java,M,10,6,250,0.9766,0.0234,255,yeldar,3,0.3516,1.0000,0.0272,1,2
452,740,RasMolScriptHandler.java,M,10,6,250,0.9766,0.0234,255,yeldar,3,0.3516,1.0000,0.0272,1,2
452,742,RasMolScriptHandler.java,M,8,4,245,0.9839,0.0161,248,yeldar,2,0.9994,0.9994,0.9994,2,0
453,275,Jmol.java,M,5,18,337,0.7456,0.0398,451,yeldar,6,0.0063,0.0123,0.0000,0,6
454,53,AboutDialog.java,M,51,6,446,0.9845,0.0132,452,yeldar,4,0.3185,0.6369,0.0000,2,2
454,54,WhatsNewDialog.java,M,51,6,446,0.9845,0.0132,452,yeldar,4,0.4092,1.0000,0.0000,2,2
454,55,HelpDialog.java,M,51,5,447,0.9868,0.0110,452,yeldar,4,0.4092,1.0000,0.0000,2,2
454,56,AboutDialog.java,M,5,4,448,0.9890,0.0088,452,yeldar,2,1.0000,1.0000,1.0000,2,0
454,57,HelpDialog.java,M,5,4,448,0.9890,0.0088,452,yeldar,2,1.0000,1.0000,1.0000,2,0
454,58,WhatsNewDialog.java,M,5,4,448,0.9890,0.0088,452,yeldar,2,1.0000,1.0000,1.0000,2,0
454,59,AboutDialog.java,M,6,3,449,0.9912,0.0066,452,yeldar,2,1.0000,1.0000,1.0000,2,0
454,60,WhatsNewDialog.java,M,6,3,449,0.9912,0.0066,452,yeldar,2,1.0000,1.0000,1.0000,2,0
454,61,HelpDialog.java,M,6,3,449,0.9912,0.0066,452,yeldar,2,1.0000,1.0000,1.0000,2,0
454,128,Animate.java,M,5,6,446,0.9845,0.0132,452,yeldar,4,0.0124,0.0248,0.0000,0,4
454,282,JmolResourceHandler.java,M,7,5,447,0.9868,0.0110,452,yeldar,5,0.0051,0.0253,0.0000,0,5
454,306,MeasurementList.java,M,5,4,448,0.9890,0.0088,452,yeldar,16,0.3221,0.9910,0.0000,5,11
454,321,Measure.java,M,5,4,448,0.9890,0.0088,452,yeldar,16,0.3213,1.0000,0.0000,5,11
454,322,Measure.java,M,5,4,448,0.9890,0.0088,452,yeldar,16,0.3213,1.0000,0.0000,5,11
454,323,Measure.java,M,5,3,448,0.9890,0.0066,452,yeldar,16,0.3144,0.9899,0.0000,5,11
454,324,Measure.java,M,5,3,449,0.9912,0.0066,452,yeldar,16,0.3210,1.0000,0.0000,5,11
454,326,Measure.java,M,5,3,449,0.9912,0.0066,452,yeldar,16,0.3210,1.0000,0.0000,5,11
454,340,MeasurementList.java,M,5,4,448,0.9890,0.0088,452,yeldar,8,0.2643,1.0000,0.0000,2,6
454,341,MeasurementList.java,M,5,4,448,0.9890,0.0088,452,yeldar,8,0.2643,1.0000,0.0000,2,6
454,342,MeasurementList.java,M,5,4,448,0.9890,0.0088,452,yeldar,8,0.2643,1.0000,0.0000,2,6
454,390,Preferences.java,M,8,7,445,0.9823,0.0155,452,yeldar,6,0.6661,0.9991,0.0000,4,2
454,391,Preferences.java,M,8,6,446,0.9845,0.0132,452,yeldar,6,0.6665,1.0000,0.0000,4,2
454,392,Preferences.java,M,8,6,446,0.9845,0.0132,452,yeldar,6,0.6665,1.0000,0.0000,4,2
454,394,Preferences.java,M,8,6,446,0.9845,0.0132,452,yeldar,6,0.6665,1.0000,0.0000,4,2
454,403,Preferences.java,M,5,5,446,0.9845,0.0110,452,yeldar,6,0.1731,0.9996,0.0078,1,5
454,404,Preferences.java,M,6,4,445,0.9823,0.0088,452,yeldar,2,0.9986,0.9988,0.9984,2,0
454,407,Preferences.java,M,6,5,444,0.9801,0.0110,452,yeldar,6,0.0116,0.0141,0.0000,0,6
454,408,Preferences.java,M,6,6,443,0.9779,0.0132,452,yeldar,2,0.9980,0.9988,0.9972,2,0
454,412,Preferences.java,M,5,5,446,0.9845,0.0110,452,yeldar,3,0.1870,0.5453,0.0079,1,2
454,414,Preferences.java,M,6,5,445,0.9823,0.0110,452,yeldar,2,0.9978,0.9984,0.9972,2,0
454,415,Preferences.java,M,5,9,442,0.9757,0.0199,452,yeldar,6,0.1731,0.9996,0.0078,1,5
454,416,Preferences.java,M,5,7,443,0.9779,0.0155,452,yeldar,3,0.1914,0.5453,0.0144,1,2
454,429,Preferences.java,M,8,8,444,0.9801,0.0177,452,yeldar,6,0.6665,1.0000,0.0000,4,2
454,696,Preferences.java,M,102,4,310,0.9873,0.0127,313,yeldar,3,0.1867,0.5300,0.0151,1,2
454,1018,Preferences.java,M,102,2,3,0.6000,0.4000,4,yeldar,3,0.1767,0.5300,0.0000,1,2
458,275,Jmol.java,M,5,19,341,0.7462,0.0416,456,yeldar,6,0.0039,0.0076,0.0000,0,6
458,523,Jmol.java,M,6,4,262,0.6150,0.0094,425,yeldar,0,0.0000,0.0000,0.0000,0,0
475,67,Preferences.java,M,11,7,466,0.9831,0.0148,473,yeldar,5,0.0054,0.0054,0.0054,0,5
475,268,Jmol.java,M,6,10,463,0.9768,0.0211,473,yeldar,3,0.0056,0.0105,0.0000,0,3
475,269,Jmol.java,M,6,7,466,0.9831,0.0148,473,yeldar,8,0.0108,0.0173,0.0000,0,8
475,346,Preferences.java,M,5,11,462,0.9747,0.0232,473,yeldar,6,0.0013,0.0076,0.0000,0,6
475,356,Preferences.java,M,6,6,467,0.9852,0.0127,473,yeldar,8,0.2575,0.6868,0.0000,3,5
475,357,Preferences.java,M,6,7,466,0.9831,0.0148,473,yeldar,8,0.3358,0.9998,0.0000,3,5
475,362,Preferences.java,M,7,6,467,0.9852,0.0127,473,yeldar,4,0.8436,1.0000,0.6872,4,0
475,367,Preferences.java,M,6,7,466,0.9831,0.0148,473,yeldar,8,0.3358,1.0000,0.0000,3,5
475,370,Preferences.java,M,7,6,467,0.9852,0.0127,473,yeldar,4,0.7654,1.0000,0.6872,4,0
475,372,Preferences.java,M,7,6,467,0.9852,0.0127,473,yeldar,4,0.8436,1.0000,0.6872,4,0
475,373,Preferences.java,M,7,6,467,0.9852,0.0127,473,yeldar,4,0.8436,1.0000,0.6872,4,0
475,375,Preferences.java,M,7,6,467,0.9852,0.0127,473,yeldar,4,0.7654,1.0000,0.6872,4,0
475,390,Preferences.java,M,8,8,465,0.9810,0.0169,473,yeldar,6,0.6664,0.9996,0.0000,4,2
475,391,Preferences.java,M,8,7,466,0.9831,0.0148,473,yeldar,6,0.6666,1.0000,0.0000,4,2
475,392,Preferences.java,M,8,7,466,0.9831,0.0148,473,yeldar,6,0.6666,1.0000,0.0000,4,2
475,394,Preferences.java,M,8,7,466,0.9831,0.0148,473,yeldar,6,0.6666,1.0000,0.0000,4,2
475,403,Preferences.java,M,5,6,466,0.9831,0.0127,473,yeldar,6,0.1700,0.9998,0.0040,1,5
475,404,Preferences.java,M,6,5,465,0.9810,0.0105,473,yeldar,1,0.9994,0.9994,0.9994,1,0
475,407,Preferences.java,M,6,6,464,0.9789,0.0127,473,yeldar,7,0.0037,0.0052,0.0000,0,7
475,412,Preferences.java,M,5,6,466,0.9831,0.0127,473,yeldar,3,0.2588,0.7682,0.0040,1,2
475,414,Preferences.java,M,6,6,465,0.9810,0.0127,473,yeldar,1,0.9994,0.9994,0.9994,1,0
475,415,Preferences.java,M,5,10,462,0.9747,0.0211,473,yeldar,6,0.1700,0.9998,0.0040,1,5
475,416,Preferences.java,M,5,8,463,0.9768,0.0169,473,yeldar,3,0.2596,0.7682,0.0052,1,2
475,429,Preferences.java,M,8,9,464,0.9789,0.0190,473,yeldar,6,0.6666,1.0000,0.0000,4,2
475,523,Jmol.java,M,6,5,278,0.6275,0.0113,442,yeldar,0,0.0000,0.0000,0.0000,0,0
475,695,Preferences.java,M,6,7,328,0.9791,0.0209,334,yeldar,8,0.3358,1.0000,0.0000,3,5
476,236,Jmol.java,M,6,16,303,0.6379,0.0337,474,yeldar,6,0.0084,0.0130,0.0071,0,6
476,268,Jmol.java,M,6,11,463,0.9747,0.0232,474,yeldar,3,0.0031,0.0059,0.0000,0,3
476,275,Jmol.java,M,5,20,358,0.7537,0.0421,474,yeldar,6,0.0024,0.0046,0.0000,0,6
476,523,Jmol.java,M,6,6,278,0.6261,0.0135,443,yeldar,1,1.0000,1.0000,1.0000,1,0
476,1040,Jmol.java,M,6,1,0,0.0000,1.0000,0,yeldar,1,1.0000,1.0000,1.0000,1,0
482,56,AboutDialog.java,M,5,5,475,0.9875,0.0104,480,yeldar,2,1.0000,1.0000,1.0000,2,0
482,57,HelpDialog.java,M,5,5,475,0.9875,0.0104,480,yeldar,2,1.0000,1.0000,1.0000,2,0
482,58,WhatsNewDialog.java,M,5,5,475,0.9875,0.0104,480,yeldar,2,1.0000,1.0000,1.0000,2,0
482,59,AboutDialog.java,M,6,4,476,0.9896,0.0083,480,yeldar,2,1.0000,1.0000,1.0000,2,0
482,60,WhatsNewDialog.java,M,6,4,476,0.9896,0.0083,480,yeldar,2,1.0000,1.0000,1.0000,2,0
482,61,HelpDialog.java,M,6,4,476,0.9896,0.0083,480,yeldar,2,1.0000,1.0000,1.0000,2,0
482,66,AtomTypeTable.java,M,11,5,475,0.9875,0.0104,480,yeldar,3,0.0065,0.0065,0.0065,0,3
482,67,Preferences.java,M,11,8,472,0.9813,0.0166,480,yeldar,5,0.1823,0.4517,0.0030,0,3
482,70,Measure.java,M,11,4,476,0.9896,0.0083,480,yeldar,2,0.9827,0.9931,0.9723,2,0
482,71,MeasurementList.java,M,11,4,476,0.9896,0.0083,480,yeldar,2,0.9822,0.9931,0.9714,2,0
482,72,Animate.java,M,11,4,476,0.9896,0.0083,480,yeldar,3,0.3365,0.9922,0.0066,1,2
482,73,Vibrate.java,M,11,6,474,0.9854,0.0125,480,yeldar,3,0.3365,0.9922,0.0065,1,2
482,77,GamessReader.java,M,37,5,475,0.9875,0.0104,480,yeldar,9,0.3354,0.9642,0.0222,3,6
482,82,Aces2Reader.java,M,5,4,476,0.9896,0.0083,480,yeldar,7,0.8504,0.9888,0.0248,6,1
482,83,Aces2Reader.java,M,5,5,475,0.9875,0.0104,480,yeldar,7,0.8584,1.0000,0.0245,6,1
482,98,ADFReader.java,M,5,4,476,0.9896,0.0083,480,yeldar,9,0.3355,0.9956,0.0105,3,6
482,99,ADFReader.java,M,5,5,475,0.9875,0.0104,480,yeldar,7,0.8584,1.0000,0.0245,6,1
482,106,Angle.java,M,11,7,473,0.9834,0.0146,480,yeldar,2,0.9959,0.9961,0.9957,2,0
482,107,Dihedral.java,M,11,6,474,0.9854,0.0125,480,yeldar,2,0.9939,0.9961,0.9917,2,0
482,125,Animate.java,M,8,4,476,0.9896,0.0083,480,yeldar,5,0.7956,0.9931,0.0066,4,1
482,126,Vibrate.java,M,8,6,474,0.9854,0.0125,480,yeldar,5,0.7945,0.9922,0.0066,4,1
482,128,Animate.java,M,5,7,473,0.9834,0.0146,480,yeldar,4,0.1761,0.6967,0.0000,1,3
482,130,Vibrate.java,M,5,6,474,0.9854,0.0125,480,yeldar,4,0.1769,0.6967,0.0000,1,3
482,136,Animate.java,M,6,6,474,0.9854,0.0125,480,yeldar,3,0.6664,0.9964,0.0111,2,1
482,137,Vibrate.java,M,6,6,474,0.9854,0.0125,480,yeldar,3,0.6660,0.9953,0.0110,2,1
482,139,Animate.java,M,8,6,474,0.9854,0.0125,480,yeldar,1,0.6935,0.6935,0.6935,1,0
482,140,Vibrate.java,M,6,5,475,0.9875,0.0104,480,yeldar,3,0.6676,0.9964,0.0111,2,1
482,141,Animate.java,M,7,6,474,0.9854,0.0125,480,yeldar,0,0.0000,0.0000,0.0000,0,0
482,143,Vibrate.java,M,8,4,476,0.9896,0.0083,480,yeldar,1,0.6935,0.6935,0.6935,1,0
482,148,Animate.java,M,5,7,473,0.9834,0.0146,480,yeldar,6,0.5541,1.0000,0.0000,3,2
482,168,AtomTypesModel.java,M,11,6,474,0.9854,0.0125,480,yeldar,3,0.3374,1.0000,0.0039,1,2
482,169,AtomTypesModel.java,M,11,5,474,0.9854,0.0104,480,yeldar,3,0.3374,1.0000,0.0039,1,2
482,170,AtomTypeTable.java,M,5,5,475,0.9875,0.0104,480,yeldar,2,0.9937,0.9957,0.9917,2,0
482,171,Vibrate.java,M,12,5,475,0.9875,0.0104,480,yeldar,2,0.0000,0.0000,0.0000,0,2
482,172,AtomTypeTable.java,M,6,5,475,0.9875,0.0104,480,yeldar,1,1.0000,1.0000,1.0000,1,0
482,173,AtomTypeTable.java,M,6,5,475,0.9875,0.0104,480,yeldar,1,1.0000,1.0000,1.0000,1,0
482,174,AtomTypeTable.java,M,11,5,475,0.9875,0.0104,480,yeldar,1,1.0000,1.0000,1.0000,1,0
482,175,AtomTypeTable.java,M,11,5,475,0.9875,0.0104,480,yeldar,1,1.0000,1.0000,1.0000,1,0
482,236,Jmol.java,M,6,17,308,0.6403,0.0353,480,yeldar,6,0.0935,0.5430,0.0034,1,5
482,241,GamessReader.java,M,9,5,475,0.9875,0.0104,480,yeldar,4,0.0210,0.0313,0.0108,0,4
482,244,Gaussian92Reader.java,M,5,3,477,0.9917,0.0062,480,yeldar,9,0.3326,1.0000,0.0063,3,6
482,245,Gaussian92Reader.java,M,5,5,475,0.9875,0.0104,480,yeldar,7,0.8584,1.0000,0.0245,6,1
482,246,Gaussian94Reader.java,M,5,3,477,0.9917,0.0062,480,yeldar,9,0.3326,1.0000,0.0063,3,6
482,247,Gaussian94Reader.java,M,5,5,475,0.9875,0.0104,480,yeldar,7,0.8584,1.0000,0.0245,6,1
482,254,Gaussian94Reader.java,M,5,5,475,0.9875,0.0104,480,yeldar,1,0.9957,0.9957,0.9957,1,0
482,255,Gaussian94Reader.java,M,5,4,475,0.9875,0.0083,480,yeldar,1,0.9957,0.9957,0.9957,1,0
482,257,Gaussian98Reader.java,M,10,3,476,0.9896,0.0062,480,yeldar,1,0.0064,0.0064,0.0064,0,1
482,260,Gaussian98Reader.java,M,5,6,474,0.9854,0.0125,480,yeldar,1,0.9956,0.9956,0.9956,1,0
482,261,Gaussian98Reader.java,M,5,5,474,0.9854,0.0104,480,yeldar,1,0.9956,0.9956,0.9956,1,0
482,268,Jmol.java,M,6,12,468,0.9730,0.0249,480,yeldar,3,0.2334,0.3487,0.0039,0,1
482,269,Jmol.java,M,6,8,472,0.9813,0.0166,480,yeldar,8,0.2396,0.5557,0.0000,1,4
482,275,Jmol.java,M,5,21,363,0.7547,0.0437,480,yeldar,6,0.2163,0.3244,0.0000,0,2
482,306,MeasurementList.java,M,5,5,475,0.9875,0.0104,480,yeldar,16,0.6177,0.9972,0.0000,12,4
482,315,Measure.java,M,8,4,476,0.9896,0.0083,480,yeldar,8,0.3353,0.6974,0.0000,4,4
482,317,Measure.java,M,8,4,476,0.9896,0.0083,480,yeldar,3,0.3310,0.9931,0.0000,1,2
482,318,MeasurementList.java,M,8,4,476,0.9896,0.0083,480,yeldar,3,0.3310,0.9931,0.0000,1,2
482,319,Measure.java,M,8,4,476,0.9896,0.0083,480,yeldar,1,0.9931,0.9931,0.9931,1,0
482,320,MeasurementList.java,M,8,4,476,0.9896,0.0083,480,yeldar,1,0.9931,0.9931,0.9931,1,0
482,321,Measure.java,M,5,5,475,0.9875,0.0104,480,yeldar,16,0.6171,1.0000,0.0000,12,4
482,322,Measure.java,M,5,5,475,0.9875,0.0104,480,yeldar,16,0.6171,1.0000,0.0000,12,4
482,323,Measure.java,M,5,4,475,0.9875,0.0083,480,yeldar,16,0.6150,0.9969,0.0000,12,4
482,324,Measure.java,M,5,4,476,0.9896,0.0083,480,yeldar,16,0.6175,1.0000,0.0000,12,4
482,325,Measure.java,M,5,4,476,0.9896,0.0083,480,yeldar,16,0.6347,0.9931,0.0000,12,4
482,326,Measure.java,M,5,4,476,0.9896,0.0083,480,yeldar,16,0.6175,1.0000,0.0000,12,4
482,327,MeasurementList.java,M,5,4,476,0.9896,0.0083,480,yeldar,16,0.6363,1.0000,0.0000,12,4
482,328,MeasurementList.java,M,5,4,476,0.9896,0.0083,480,yeldar,16,0.6363,1.0000,0.0000,12,4
482,329,MeasurementList.java,M,5,4,476,0.9896,0.0083,480,yeldar,16,0.6363,1.0000,0.0000,12,4
482,330,MeasurementList.java,M,5,4,476,0.9896,0.0083,480,yeldar,16,0.6363,1.0000,0.0000,12,4
482,332,MeasurementList.java,M,5,4,476,0.9896,0.0083,480,yeldar,16,0.6363,1.0000,0.0000,12,4
482,333,MeasurementList.java,M,5,4,476,0.9896,0.0083,480,yeldar,5,0.7982,1.0000,0.0066,4,1
482,334,MeasurementList.java,M,5,4,476,0.9896,0.0083,480,yeldar,16,0.6363,1.0000,0.0000,12,4
482,335,MeasurementList.java,M,5,4,476,0.9896,0.0083,480,yeldar,5,0.7982,1.0000,0.0066,4,1
482,337,MeasurementList.java,M,14,4,476,0.9896,0.0083,480,yeldar,4,0.5065,1.0000,0.0110,2,2
482,338,MeasurementList.java,M,14,4,476,0.9896,0.0083,480,yeldar,4,0.5065,1.0000,0.0110,2,2
482,339,MeasurementList.java,M,14,4,476,0.9896,0.0083,480,yeldar,4,0.5065,1.0000,0.0110,2,2
482,340,MeasurementList.java,M,5,5,475,0.9875,0.0104,480,yeldar,8,0.3956,1.0000,0.0000,3,4
482,341,MeasurementList.java,M,5,5,475,0.9875,0.0104,480,yeldar,8,0.3956,1.0000,0.0000,3,4
482,342,MeasurementList.java,M,5,5,475,0.9875,0.0104,480,yeldar,8,0.3956,1.0000,0.0000,3,4
482,345,Preferences.java,M,5,3,477,0.9917,0.0062,480,yeldar,6,0.0756,0.4537,0.0000,0,5
482,346,Preferences.java,M,5,12,468,0.9730,0.0249,480,yeldar,6,0.0756,0.4537,0.0000,0,5
482,356,Preferences.java,M,6,7,473,0.9834,0.0146,480,yeldar,8,0.3922,0.8276,0.0000,4,3
482,357,Preferences.java,M,6,8,472,0.9813,0.0166,480,yeldar,8,0.4353,0.9999,0.0000,5,3
482,362,Preferences.java,M,7,7,473,0.9834,0.0146,480,yeldar,4,0.9139,1.0000,0.8278,4,0
482,370,Preferences.java,M,7,7,473,0.9834,0.0146,480,yeldar,4,0.8709,1.0000,0.8278,4,0
482,372,Preferences.java,M,7,7,473,0.9834,0.0146,480,yeldar,4,0.9139,1.0000,0.8278,4,0
482,373,Preferences.java,M,7,7,473,0.9834,0.0146,480,yeldar,4,0.9139,1.0000,0.8278,4,0
482,375,Preferences.java,M,7,7,473,0.9834,0.0146,480,yeldar,4,0.8709,1.0000,0.8278,4,0
482,390,Preferences.java,M,8,9,471,0.9792,0.0187,480,yeldar,6,0.6665,0.9997,0.0000,4,2
482,391,Preferences.java,M,8,8,472,0.9813,0.0166,480,yeldar,6,0.6666,1.0000,0.0000,4,2
482,392,Preferences.java,M,8,8,472,0.9813,0.0166,480,yeldar,6,0.6666,1.0000,0.0000,4,2
482,394,Preferences.java,M,8,8,472,0.9813,0.0166,480,yeldar,6,0.6666,1.0000,0.0000,4,2
482,403,Preferences.java,M,5,7,472,0.9813,0.0146,480,yeldar,6,0.1687,0.9999,0.0025,1,5
482,412,Preferences.java,M,5,7,472,0.9813,0.0146,480,yeldar,3,0.4123,0.8556,0.0025,1,1
482,415,Preferences.java,M,5,11,468,0.9730,0.0229,480,yeldar,6,0.1687,0.9999,0.0025,1,5
482,416,Preferences.java,M,5,9,469,0.9751,0.0187,480,yeldar,3,0.4337,0.8556,0.0029,1,1
482,429,Preferences.java,M,8,10,470,0.9771,0.0208,480,yeldar,6,0.6666,1.0000,0.0000,4,2
482,523,Jmol.java,M,6,7,283,0.6289,0.0156,449,yeldar,1,1.0000,1.0000,1.0000,1,0
482,660,Splash.java,M,8,4,396,0.9900,0.0100,399,yeldar,3,0.2774,0.4425,0.0111,0,1
482,663,PropertyGraph.java,M,11,6,379,0.9819,0.0155,385,yeldar,5,0.7982,1.0000,0.0066,4,1
482,664,PropertyGraph.java,M,6,6,379,0.9819,0.0155,385,yeldar,6,0.0971,0.5430,0.0066,1,5
482,665,PropertyGraph.java,M,6,6,379,0.9819,0.0155,385,yeldar,1,1.0000,1.0000,1.0000,1,0
482,666,Vibrate.java,M,6,6,380,0.9845,0.0155,385,yeldar,0,0.0000,0.0000,0.0000,0,0
482,667,PropertyGraph.java,M,9,7,378,0.9793,0.0181,385,yeldar,1,0.9913,0.9913,0.9913,1,0
482,668,Vibrate.java,M,9,6,380,0.9845,0.0155,385,yeldar,1,0.9913,0.9913,0.9913,1,0
482,693,PropertyGraph.java,M,6,4,338,0.9854,0.0117,342,yeldar,5,0.2960,0.9961,0.0109,1,3
482,694,PropertyGraph.java,M,6,3,339,0.9883,0.0087,342,yeldar,5,0.2962,0.9961,0.0109,1,3
482,695,Preferences.java,M,6,8,334,0.9766,0.0234,341,yeldar,8,0.4353,0.9999,0.0000,5,3
482,719,ADFReader.java,M,7,4,313,0.9874,0.0126,316,yeldar,2,0.9719,0.9723,0.9714,2,0
482,734,RasMolScriptHandler.java,M,8,7,280,0.9756,0.0244,286,yeldar,2,0.9999,1.0000,0.9998,2,0
482,735,RasMolScriptHandler.java,M,8,7,280,0.9756,0.0244,286,yeldar,2,0.9999,1.0000,0.9998,2,0
482,742,RasMolScriptHandler.java,M,8,5,274,0.9821,0.0179,278,yeldar,2,0.9998,0.9998,0.9998,2,0
482,744,DisplaySettings.java,M,9,5,269,0.9818,0.0182,273,yeldar,1,0.9997,0.9997,0.9997,1,0
482,745,DisplaySettings.java,M,9,6,268,0.9781,0.0219,273,yeldar,1,0.9997,0.9997,0.9997,1,0
482,766,DisplayPanel.java,M,13,4,247,0.9841,0.0159,250,yeldar,0,0.0000,0.0000,0.0000,0,0
482,770,DisplayPanel.java,M,6,5,246,0.9801,0.0199,250,yeldar,0,0.0000,0.0000,0.0000,0,0
482,779,DisplayPanel.java,M,5,6,236,0.9752,0.0248,241,yeldar,0,0.0000,0.0000,0.0000,0,0
482,785,DisplayPanel.java,M,34,4,238,0.9835,0.0165,241,yeldar,1,0.9832,0.9832,0.9832,1,0
482,786,DisplayPanel.java,M,34,6,236,0.9752,0.0248,241,yeldar,1,0.9832,0.9832,0.9832,1,0
482,787,DisplayPanel.java,M,11,5,237,0.9793,0.0207,241,yeldar,3,0.6670,1.0000,0.0065,2,1
482,788,DisplayPanel.java,M,11,6,236,0.9752,0.0248,241,yeldar,3,0.6670,1.0000,0.0065,2,1
482,791,DisplayPanel.java,M,5,6,236,0.9752,0.0248,241,yeldar,2,0.3535,0.7069,0.0000,1,1
482,792,DisplayPanel.java,M,5,6,236,0.9752,0.0248,241,yeldar,0,0.0000,0.0000,0.0000,0,0
482,796,HeapSorter.java,M,14,3,234,0.9832,0.0126,237,yeldar,1,1.0000,1.0000,1.0000,1,0
482,798,HeapSorter.java,M,14,3,233,0.9790,0.0126,237,yeldar,1,1.0000,1.0000,1.0000,1,0
482,803,DaltonReader.java,M,5,4,216,0.9774,0.0181,220,yeldar,7,0.8554,0.9957,0.0246,6,1
482,804,Gaussian90Reader.java,M,5,5,215,0.9729,0.0226,220,yeldar,7,0.8584,1.0000,0.0246,6,1
482,805,JaguarReader.java,M,11,4,216,0.9774,0.0181,220,yeldar,0,0.0000,0.0000,0.0000,0,0
482,806,Gaussian90Reader.java,M,8,3,217,0.9819,0.0136,220,yeldar,3,0.4475,0.9635,0.0312,1,1
482,823,JaguarReader.java,M,9,4,216,0.9774,0.0181,220,yeldar,11,0.7298,1.0000,0.0107,8,3
482,824,JaguarReader.java,M,9,4,216,0.9774,0.0181,220,yeldar,11,0.7298,1.0000,0.0107,8,3
482,825,JaguarReader.java,M,9,3,217,0.9819,0.0136,220,yeldar,11,0.7282,1.0000,0.0064,8,3
482,856,PropertyGraph.java,M,6,3,178,0.9834,0.0166,180,yeldar,1,1.0000,1.0000,1.0000,1,0
482,857,Vibrate.java,M,7,3,176,0.9832,0.0168,178,yeldar,0,0.0000,0.0000,0.0000,0,0
482,860,AboutDialog.java,M,5,2,171,0.9884,0.0116,172,yeldar,6,0.5541,1.0000,0.0000,3,2
482,861,HelpDialog.java,M,5,2,171,0.9884,0.0116,172,yeldar,6,0.5541,1.0000,0.0000,3,2
482,862,WhatsNewDialog.java,M,5,2,171,0.9884,0.0116,172,yeldar,6,0.5541,1.0000,0.0000,3,2
482,900,Gaussian98Reader.java,M,8,2,146,0.9865,0.0135,147,yeldar,3,0.4374,0.9635,0.0000,1,1
482,901,PDBReader.java,M,5,2,146,0.9865,0.0135,147,yeldar,1,0.0000,0.0000,0.0000,0,1
482,991,MeasureRenderer.java,M,12,1,120,0.9836,0.0082,121,yeldar,0,0.0000,0.0000,0.0000,0,0
482,993,MeasureRenderer.java,M,15,1,120,0.9836,0.0082,121,yeldar,4,0.0000,0.0000,0.0000,0,4
482,1020,GhemicalMMReader.java,M,6,1,30,0.9375,0.0313,31,yeldar,1,1.0000,1.0000,1.0000,1,0
482,1021,MdlReader.java,M,6,1,31,0.9688,0.0313,31,yeldar,1,1.0000,1.0000,1.0000,1,0
482,1030,JaguarReader.java,M,7,1,10,0.9091,0.0909,10,yeldar,1,1.0000,1.0000,1.0000,1,0
482,1031,Mopac97Reader.java,M,7,1,9,0.8182,0.0909,10,yeldar,1,1.0000,1.0000,1.0000,1,0
482,1032,Mopac7Reader.java,M,9,1,9,0.8182,0.0909,10,yeldar,11,0.7273,1.0000,0.0000,8,3
482,1033,Mopac7Reader.java,M,9,1,9,0.8182,0.0909,10,yeldar,11,0.7273,1.0000,0.0000,8,3
482,1034,Mopac7Reader.java,M,9,1,9,0.8182,0.0909,10,yeldar,11,0.7273,1.0000,0.0000,8,3
482,1035,Mopac7Reader.java,M,7,1,9,0.8182,0.0909,10,yeldar,8,0.3321,1.0000,0.0000,4,4
482,1036,Mopac97Reader.java,M,7,1,9,0.8182,0.0909,10,yeldar,8,0.3321,1.0000,0.0000,4,4
482,1037,Mopac97Reader.java,M,9,1,9,0.8182,0.0909,10,yeldar,11,0.7273,1.0000,0.0000,8,3
482,1038,Mopac97Reader.java,M,9,1,9,0.8182,0.0909,10,yeldar,11,0.7273,1.0000,0.0000,8,3
482,1039,Mopac97Reader.java,M,9,1,9,0.8182,0.0909,10,yeldar,11,0.7273,1.0000,0.0000,8,3
482,1040,Jmol.java,M,6,2,5,0.7143,0.2857,6,yeldar,1,1.0000,1.0000,1.0000,1,0
482,1041,AtomTypeTable.java,M,7,1,0,0.0000,1.0000,0,yeldar,3,0.6667,1.0000,0.0000,2,1
484,1029,Mopac97Reader.java,M,37,1,11,0.8462,0.0769,12,yeldar,6,0.0000,0.0000,0.0000,0,6
486,213,ChemFrame.java,M,13,16,468,0.9649,0.0330,484,egonw,6,0.1681,0.9852,0.0022,1,5
486,215,ChemFrame.java,M,13,14,470,0.9691,0.0289,484,egonw,6,0.1681,0.9852,0.0022,1,5
486,639,ChemFrame.java,M,5,10,437,0.9776,0.0224,446,egonw,7,0.0133,0.0133,0.0132,0,7
486,787,DisplayPanel.java,M,11,6,240,0.9756,0.0244,245,egonw,3,0.3155,0.4733,0.0031,0,1
488,639,ChemFrame.java,M,5,11,438,0.9755,0.0245,448,egonw,7,0.0089,0.0089,0.0089,0,7
492,236,Jmol.java,M,6,18,317,0.6456,0.0367,490,yeldar,6,0.0540,0.3148,0.0015,0,5
492,268,Jmol.java,M,6,13,477,0.9715,0.0265,490,yeldar,3,0.1589,0.2371,0.0026,0,1
492,275,Jmol.java,M,5,22,372,0.7576,0.0448,490,yeldar,6,0.1507,0.2263,0.0000,0,2
492,523,Jmol.java,M,6,8,292,0.6348,0.0174,459,yeldar,1,1.0000,1.0000,1.0000,1,0
492,1040,Jmol.java,M,6,3,14,0.8235,0.1765,16,yeldar,1,1.0000,1.0000,1.0000,1,0
493,786,DisplayPanel.java,M,34,7,246,0.9723,0.0277,252,yeldar,1,0.4187,0.4187,0.4187,0,0
494,205,ChemFrame.java,M,5,16,342,0.6937,0.0325,492,yeldar,6,0.0052,0.0060,0.0044,0,6
494,213,ChemFrame.java,M,13,17,475,0.9635,0.0345,492,yeldar,6,0.1675,0.9932,0.0011,1,5
494,215,ChemFrame.java,M,13,15,477,0.9675,0.0304,492,yeldar,6,0.1675,0.9932,0.0011,1,5
494,621,ChemFrame.java,M,5,6,191,0.4161,0.0131,458,yeldar,17,0.0000,0.0000,0.0000,0,17
494,639,ChemFrame.java,M,5,12,443,0.9736,0.0264,454,yeldar,7,0.0064,0.0064,0.0064,0,7
494,1044,ChemFrame.java,M,6,1,0,0.0000,1.0000,0,yeldar,4,0.0000,0.0000,0.0000,0,4
494,1046,ChemFrame.java,M,7,1,0,0.0000,1.0000,0,yeldar,0,0.0000,0.0000,0.0000,0,0
494,1047,ChemFrame.java,M,6,1,0,0.0000,1.0000,0,yeldar,1,0.0000,0.0000,0.0000,0,1
495,205,ChemFrame.java,M,5,17,342,0.6923,0.0344,493,yeldar,6,0.0032,0.0038,0.0022,0,6
495,621,ChemFrame.java,M,5,7,191,0.4152,0.0152,459,yeldar,17,0.0000,0.0000,0.0000,0,17
495,639,ChemFrame.java,M,5,13,443,0.9715,0.0285,455,yeldar,7,0.0049,0.0050,0.0049,0,7
495,991,MeasureRenderer.java,M,12,2,132,0.9778,0.0148,134,yeldar,0,0.0000,0.0000,0.0000,0,0
495,992,MeasureRenderer.java,M,15,1,133,0.9852,0.0074,134,yeldar,4,0.1491,0.5963,0.0000,1,3
495,993,MeasureRenderer.java,M,15,2,132,0.9778,0.0148,134,yeldar,4,0.1491,0.5963,0.0000,1,3
495,1044,ChemFrame.java,M,6,2,0,0.0000,1.0000,1,yeldar,4,0.0000,0.0000,0.0000,0,4
495,1045,ChemFrame.java,M,7,1,1,0.5000,0.5000,1,yeldar,1,0.0000,0.0000,0.0000,0,1
495,1046,ChemFrame.java,M,7,2,0,0.0000,1.0000,1,yeldar,0,0.0000,0.0000,0.0000,0,0
495,1047,ChemFrame.java,M,6,2,0,0.0000,1.0000,1,yeldar,1,0.0000,0.0000,0.0000,0,1
496,85,ADFReader.java,M,47,4,490,0.9899,0.0081,494,yeldar,7,0.0121,0.0129,0.0072,0,7
496,90,ADFReader.java,M,47,4,490,0.9899,0.0081,494,yeldar,0,0.0000,0.0000,0.0000,0,0
496,93,ADFReader.java,M,62,4,490,0.9899,0.0081,494,yeldar,6,0.0091,0.0129,0.0016,0,6
497,236,Jmol.java,M,6,19,321,0.6472,0.0383,495,petermr,6,0.0363,0.2115,0.0009,0,5
497,268,Jmol.java,M,6,14,481,0.9698,0.0282,495,petermr,3,0.1160,0.1731,0.0019,0,3
497,269,Jmol.java,M,6,9,486,0.9798,0.0181,495,petermr,8,0.1377,0.2989,0.0000,0,4
497,271,Jmol.java,M,14,6,311,0.6270,0.0121,495,petermr,0,0.0000,0.0000,0.0000,0,0
497,275,Jmol.java,M,5,23,376,0.7581,0.0464,495,petermr,6,0.1115,0.1674,0.0000,0,6
497,523,Jmol.java,M,6,9,296,0.6366,0.0194,464,petermr,1,1.0000,1.0000,1.0000,1,0
497,1040,Jmol.java,M,6,4,18,0.8182,0.1818,21,petermr,1,1.0000,1.0000,1.0000,1,0
497,1048,Jmol.java,M,9,1,0,0.0000,1.0000,0,petermr,0,0.0000,0.0000,0.0000,0,0
498,53,AboutDialog.java,M,51,7,489,0.9839,0.0141,496,yeldar,4,0.6431,0.8908,0.3478,2,0
498,54,WhatsNewDialog.java,M,51,7,489,0.9839,0.0141,496,yeldar,4,0.6700,1.0000,0.3472,2,0
498,55,HelpDialog.java,M,51,6,490,0.9859,0.0121,496,yeldar,4,0.6700,1.0000,0.3472,2,0
498,56,AboutDialog.java,M,5,6,490,0.9859,0.0121,496,yeldar,2,1.0000,1.0000,1.0000,2,0
498,57,HelpDialog.java,M,5,6,490,0.9859,0.0121,496,yeldar,2,1.0000,1.0000,1.0000,2,0
498,58,WhatsNewDialog.java,M,5,6,490,0.9859,0.0121,496,yeldar,2,1.0000,1.0000,1.0000,2,0
498,59,AboutDialog.java,M,6,5,491,0.9879,0.0101,496,yeldar,2,0.7358,1.0000,0.4717,1,0
498,61,HelpDialog.java,M,6,5,491,0.9879,0.0101,496,yeldar,2,0.7358,1.0000,0.4717,1,0
498,66,AtomTypeTable.java,M,11,6,490,0.9859,0.0121,496,yeldar,3,0.0025,0.0025,0.0025,0,3
498,67,Preferences.java,M,11,9,487,0.9799,0.0181,496,yeldar,3,0.1750,0.2618,0.0017,0,1
498,70,Measure.java,M,11,5,491,0.9879,0.0101,496,yeldar,1,0.3839,0.3839,0.3839,0,0
498,72,Animate.java,M,11,5,491,0.9879,0.0101,496,yeldar,3,0.3346,0.9970,0.0025,1,2
498,73,Vibrate.java,M,11,7,489,0.9839,0.0141,496,yeldar,3,0.3346,0.9970,0.0025,1,2
498,84,Aces2Reader.java,M,47,4,492,0.9899,0.0080,496,yeldar,7,0.7882,1.0000,0.0122,6,1
498,85,ADFReader.java,M,47,5,491,0.9879,0.0101,496,yeldar,7,0.4443,0.5181,0.0063,6,1
498,86,GamessReader.java,M,47,5,491,0.9879,0.0101,496,yeldar,7,0.7882,1.0000,0.0122,6,1
498,87,Gaussian98Reader.java,M,47,4,492,0.9899,0.0080,496,yeldar,7,0.7795,0.9873,0.0068,6,1
498,88,Gaussian92Reader.java,M,47,4,492,0.9899,0.0080,496,yeldar,7,0.7882,1.0000,0.0122,6,1
498,91,Aces2Reader.java,M,62,4,492,0.9899,0.0080,496,yeldar,0,0.0000,0.0000,0.0000,0,0
498,92,Gaussian98Reader.java,M,62,4,492,0.9899,0.0080,496,yeldar,4,0.8795,1.0000,0.5181,4,0
498,93,ADFReader.java,M,62,5,491,0.9879,0.0101,496,yeldar,4,0.5181,0.5181,0.5181,4,0
498,94,Gaussian94Reader.java,M,62,4,492,0.9899,0.0080,496,yeldar,4,0.8795,1.0000,0.5181,4,0
498,95,Gaussian92Reader.java,M,62,4,492,0.9899,0.0080,496,yeldar,4,0.8795,1.0000,0.5181,4,0
498,103,Angle.java,M,15,6,490,0.9859,0.0121,496,yeldar,3,0.6675,0.9975,0.0093,2,1
498,104,Distance.java,M,15,6,490,0.9859,0.0121,496,yeldar,3,0.6669,0.9981,0.0068,2,1
498,105,Dihedral.java,M,15,5,491,0.9879,0.0101,496,yeldar,3,0.6675,0.9981,0.0069,2,1
498,106,Angle.java,M,11,8,488,0.9819,0.0161,496,yeldar,2,0.6918,0.9985,0.3852,1,0
498,107,Dihedral.java,M,11,7,489,0.9839,0.0141,496,yeldar,2,0.6911,0.9985,0.3837,1,0
498,109,Dihedral.java,M,9,7,489,0.9839,0.0141,496,yeldar,2,0.5000,1.0000,0.0000,1,1
498,126,Vibrate.java,M,8,7,489,0.9839,0.0141,496,yeldar,6,0.3587,0.9966,0.0020,1,2
498,128,Animate.java,M,5,8,488,0.9819,0.0161,496,yeldar,4,0.3468,0.8565,0.0000,2,2
498,130,Vibrate.java,M,5,7,489,0.9839,0.0141,496,yeldar,4,0.3684,0.8565,0.0000,2,2
498,137,Vibrate.java,M,6,7,489,0.9839,0.0141,496,yeldar,4,0.5000,0.9982,0.0000,2,1
498,139,Animate.java,M,8,7,489,0.9839,0.0141,496,yeldar,1,0.8546,0.8546,0.8546,1,0
498,140,Vibrate.java,M,6,6,490,0.9859,0.0121,496,yeldar,4,0.5005,0.9982,0.0000,2,1
498,141,Animate.java,M,7,7,489,0.9839,0.0141,496,yeldar,0,0.0000,0.0000,0.0000,0,0
498,143,Vibrate.java,M,8,5,491,0.9879,0.0101,496,yeldar,1,0.8546,0.8546,0.8546,1,0
498,148,Animate.java,M,5,8,488,0.9819,0.0161,496,yeldar,6,0.2491,0.3838,0.0000,0,2
498,171,Vibrate.java,M,12,6,490,0.9859,0.0121,496,yeldar,2,0.6115,0.6115,0.6115,2,0
498,172,AtomTypeTable.java,M,6,6,490,0.9859,0.0121,496,yeldar,1,1.0000,1.0000,1.0000,1,0
498,173,AtomTypeTable.java,M,6,6,490,0.9859,0.0121,496,yeldar,1,1.0000,1.0000,1.0000,1,0
498,174,AtomTypeTable.java,M,11,6,490,0.9859,0.0121,496,yeldar,1,1.0000,1.0000,1.0000,1,0
498,175,AtomTypeTable.java,M,11,6,490,0.9859,0.0121,496,yeldar,1,1.0000,1.0000,1.0000,1,0
498,229,DecimalNumberField.java,M,16,4,492,0.9899,0.0080,496,yeldar,4,0.2537,0.9975,0.0058,1,3
498,230,WholeNumberField.java,M,16,3,492,0.9899,0.0060,496,yeldar,4,0.2526,0.9975,0.0043,1,3
498,236,Jmol.java,M,6,20,321,0.6459,0.0402,496,yeldar,6,0.0271,0.1581,0.0007,0,6
498,268,Jmol.java,M,6,15,481,0.9678,0.0302,496,yeldar,3,0.0907,0.1355,0.0015,0,3
498,269,Jmol.java,M,6,10,486,0.9779,0.0201,496,yeldar,8,0.3683,0.5251,0.0013,1,1
498,271,Jmol.java,M,14,7,311,0.6258,0.0141,496,yeldar,0,0.0000,0.0000,0.0000,0,0
498,275,Jmol.java,M,5,24,376,0.7565,0.0483,496,yeldar,6,0.1231,0.3434,0.0000,0,5
498,282,JmolResourceHandler.java,M,7,6,490,0.9859,0.0121,496,yeldar,5,0.0011,0.0054,0.0000,0,5
498,306,MeasurementList.java,M,5,6,490,0.9859,0.0121,496,yeldar,17,0.6471,0.9987,0.0000,12,5
498,314,Measure.java,M,8,4,492,0.9899,0.0080,496,yeldar,8,0.5657,1.0000,0.0041,6,1
498,315,Measure.java,M,8,5,491,0.9879,0.0101,496,yeldar,8,0.6187,0.8569,0.0025,7,1
498,316,Measure.java,M,8,4,492,0.9899,0.0080,496,yeldar,8,0.5657,1.0000,0.0041,6,1
498,317,Measure.java,M,8,5,491,0.9879,0.0101,496,yeldar,3,0.6912,0.9973,0.5381,3,0
498,318,MeasurementList.java,M,8,5,491,0.9879,0.0101,496,yeldar,3,0.6912,0.9973,0.5381,3,0
498,319,Measure.java,M,8,5,491,0.9879,0.0101,496,yeldar,1,0.9973,0.9973,0.9973,1,0
498,320,MeasurementList.java,M,8,5,491,0.9879,0.0101,496,yeldar,1,0.9973,0.9973,0.9973,1,0
498,321,Measure.java,M,5,6,490,0.9859,0.0121,496,yeldar,17,0.6467,1.0000,0.0000,12,5
498,322,Measure.java,M,5,6,490,0.9859,0.0121,496,yeldar,17,0.6467,1.0000,0.0000,12,5
498,323,Measure.java,M,5,5,490,0.9859,0.0101,496,yeldar,17,0.6458,0.9985,0.0000,12,5
498,324,Measure.java,M,5,5,491,0.9879,0.0101,496,yeldar,17,0.6470,1.0000,0.0000,12,5
498,325,Measure.java,M,5,5,491,0.9879,0.0101,496,yeldar,17,0.6548,0.9973,0.0000,12,5
498,326,Measure.java,M,5,5,491,0.9879,0.0101,496,yeldar,17,0.6470,1.0000,0.0000,12,5
498,327,MeasurementList.java,M,5,5,491,0.9879,0.0101,496,yeldar,17,0.6554,1.0000,0.0000,12,5
498,328,MeasurementList.java,M,5,5,491,0.9879,0.0101,496,yeldar,17,0.6554,1.0000,0.0000,12,5
498,329,MeasurementList.java,M,5,5,491,0.9879,0.0101,496,yeldar,17,0.6554,1.0000,0.0000,12,5
498,330,MeasurementList.java,M,5,5,491,0.9879,0.0101,496,yeldar,17,0.6554,1.0000,0.0000,12,5
498,332,MeasurementList.java,M,5,5,491,0.9879,0.0101,496,yeldar,17,0.6554,1.0000,0.0000,12,5
498,333,MeasurementList.java,M,5,5,491,0.9879,0.0101,496,yeldar,6,0.3596,0.9966,0.0025,1,2
498,334,MeasurementList.java,M,5,5,491,0.9879,0.0101,496,yeldar,17,0.6554,1.0000,0.0000,12,5
498,340,MeasurementList.java,M,5,6,490,0.9859,0.0121,496,yeldar,8,0.6161,1.0000,0.0022,6,1
498,341,MeasurementList.java,M,5,6,490,0.9859,0.0121,496,yeldar,8,0.6161,1.0000,0.0022,6,1
498,342,MeasurementList.java,M,5,6,490,0.9859,0.0121,496,yeldar,8,0.6161,1.0000,0.0022,6,1
498,346,Preferences.java,M,5,13,483,0.9718,0.0262,496,yeldar,6,0.3945,0.4716,0.2628,0,0
498,356,Preferences.java,M,6,8,488,0.9819,0.0161,496,yeldar,8,0.6727,0.9001,0.4716,5,0
498,357,Preferences.java,M,6,9,487,0.9799,0.0181,496,yeldar,8,0.6799,0.9999,0.4242,5,0
498,362,Preferences.java,M,7,8,488,0.9819,0.0161,496,yeldar,4,0.9501,1.0000,0.9003,4,0
498,367,Preferences.java,M,6,8,488,0.9819,0.0161,496,yeldar,8,0.5985,0.7396,0.4716,6,0
498,370,Preferences.java,M,7,8,488,0.9819,0.0161,496,yeldar,4,0.9252,1.0000,0.9003,4,0
498,372,Preferences.java,M,7,8,488,0.9819,0.0161,496,yeldar,4,0.9501,1.0000,0.9003,4,0
498,373,Preferences.java,M,7,8,488,0.9819,0.0161,496,yeldar,4,0.9501,1.0000,0.9003,4,0
498,375,Preferences.java,M,7,8,488,0.9819,0.0161,496,yeldar,4,0.9252,1.0000,0.9003,4,0
498,390,Preferences.java,M,8,10,486,0.9779,0.0201,496,yeldar,6,0.7930,0.9998,0.3775,4,0
498,391,Preferences.java,M,8,9,487,0.9799,0.0181,496,yeldar,6,0.7931,1.0000,0.3775,4,0
498,392,Preferences.java,M,8,9,487,0.9799,0.0181,496,yeldar,6,0.7931,1.0000,0.3775,4,0
498,394,Preferences.java,M,8,9,487,0.9799,0.0181,496,yeldar,6,0.7931,1.0000,0.3775,4,0
498,429,Preferences.java,M,8,11,485,0.9759,0.0221,496,yeldar,6,0.7931,1.0000,0.3775,4,0
498,523,Jmol.java,M,6,10,296,0.6352,0.0215,465,yeldar,1,1.0000,1.0000,1.0000,1,0
498,592,JmolSimpleBean.java,M,11,9,455,0.9764,0.0193,465,yeldar,1,1.0000,1.0000,1.0000,1,0
498,593,JmolSimpleBean.java,M,11,9,455,0.9764,0.0193,465,yeldar,1,1.0000,1.0000,1.0000,1,0
498,594,JmolSimpleBean.java,M,18,10,454,0.9742,0.0215,465,yeldar,2,0.9999,0.9999,0.9999,2,0
498,595,JmolSimpleBean.java,M,18,8,456,0.9785,0.0172,465,yeldar,2,1.0000,1.0000,0.9999,2,0
498,596,JmolSimpleBean.java,M,18,9,455,0.9764,0.0193,465,yeldar,2,1.0000,1.0000,0.9999,2,0
498,660,Splash.java,M,8,5,411,0.9880,0.0120,415,yeldar,3,0.1662,0.2587,0.0043,0,1
498,666,Vibrate.java,M,6,7,395,0.9826,0.0174,401,yeldar,0,0.0000,0.0000,0.0000,0,0
498,668,Vibrate.java,M,9,7,395,0.9826,0.0174,401,yeldar,1,0.3836,0.3836,0.3836,0,0
498,669,JMolCDO.java,M,28,5,392,0.9874,0.0126,396,yeldar,4,0.2526,0.9983,0.0040,1,3
498,674,JMolCDO.java,M,28,4,385,0.9897,0.0103,388,yeldar,4,0.2526,0.9983,0.0040,1,3
498,695,Preferences.java,M,6,9,349,0.9749,0.0251,357,yeldar,8,0.6799,0.9999,0.4242,5,0
498,696,Preferences.java,M,102,5,353,0.9860,0.0140,357,yeldar,3,0.2830,0.8425,0.0032,1,2
498,697,CACheReader.java,M,47,5,351,0.9832,0.0140,356,yeldar,7,0.7882,1.0000,0.0122,6,1
498,726,PovrayDialog.java,M,11,3,317,0.9845,0.0093,321,yeldar,3,0.0052,0.0052,0.0052,0,3
498,730,PovrayDialog.java,M,5,4,317,0.9845,0.0124,321,yeldar,3,0.0030,0.0032,0.0025,0,3
498,739,RasMolScriptHandler.java,M,10,7,295,0.9768,0.0232,301,yeldar,3,0.3371,1.0000,0.0056,1,2
498,740,RasMolScriptHandler.java,M,10,7,295,0.9768,0.0232,301,yeldar,3,0.3371,1.0000,0.0056,1,2
498,743,Bond.java,M,8,5,289,0.9830,0.0170,293,yeldar,4,0.2870,0.6172,0.0000,2,2
498,744,DisplaySettings.java,M,9,6,284,0.9793,0.0207,289,yeldar,1,0.3870,0.3870,0.3870,0,0
498,779,DisplayPanel.java,M,5,7,251,0.9729,0.0271,257,yeldar,0,0.0000,0.0000,0.0000,0,0
498,801,HeapSorter.java,M,17,4,249,0.9803,0.0157,253,yeldar,1,0.0060,0.0060,0.0060,0,1
498,807,Gaussian90Reader.java,M,47,4,232,0.9789,0.0169,236,yeldar,7,0.7882,1.0000,0.0122,6,1
498,809,Gaussian90Reader.java,M,62,4,232,0.9789,0.0169,236,yeldar,4,0.8795,1.0000,0.5181,4,0
498,815,GamessReader.java,M,83,5,232,0.9789,0.0211,236,yeldar,0,0.0000,0.0000,0.0000,0,0
498,818,GamessReader.java,M,70,5,232,0.9789,0.0211,236,yeldar,2,0.0000,0.0000,0.0000,0,2
498,835,DisplayPanel.java,M,19,5,196,0.9751,0.0249,200,yeldar,1,0.9941,0.9941,0.9941,1,0
498,836,DisplayPanel.java,M,19,3,197,0.9801,0.0149,200,yeldar,1,0.9941,0.9941,0.9941,1,0
498,843,Distance.java,M,9,4,193,0.9797,0.0203,196,yeldar,2,0.5000,1.0000,0.0000,1,1
498,846,MeasurementListEvent.java,M,5,3,194,0.9848,0.0152,196,yeldar,4,0.3105,0.6194,0.0000,2,2
498,853,Gaussian98Reader.java,M,33,4,193,0.9797,0.0203,196,yeldar,0,0.0000,0.0000,0.0000,0,0
498,857,Vibrate.java,M,7,4,191,0.9795,0.0205,194,yeldar,0,0.0000,0.0000,0.0000,0,0
498,859,PovrayDialog.java,M,9,2,188,0.9895,0.0105,189,yeldar,4,0.0009,0.0034,0.0000,0,4
498,864,JmolApplet.java,M,5,3,172,0.9773,0.0170,175,yeldar,12,0.0847,1.0000,0.0000,1,11
498,865,JmolApplet.java,M,5,3,172,0.9773,0.0170,175,yeldar,12,0.0847,1.0000,0.0000,1,11
498,897,ChemFile.java,M,15,2,162,0.9818,0.0121,164,yeldar,2,0.8058,1.0000,0.6115,2,0
498,898,ChemFile.java,M,15,2,162,0.9818,0.0121,164,yeldar,2,0.8058,1.0000,0.6115,2,0
498,985,ChemFrameRenderer.java,M,11,3,135,0.9712,0.0216,138,yeldar,3,0.6921,1.0000,0.5381,3,0
498,986,ChemFrameRenderer.java,M,11,3,135,0.9712,0.0216,138,yeldar,3,0.6921,1.0000,0.5381,3,0
498,990,ChemFrameRenderer.java,M,6,2,136,0.9855,0.0145,137,yeldar,8,0.5598,0.9839,0.0000,6,1
498,991,MeasureRenderer.java,M,12,3,134,0.9710,0.0217,137,yeldar,0,0.0000,0.0000,0.0000,0,0
498,992,MeasureRenderer.java,M,15,2,135,0.9783,0.0145,137,yeldar,4,0.5208,0.7557,0.4422,1,0
498,993,MeasureRenderer.java,M,15,3,134,0.9710,0.0217,137,yeldar,4,0.4495,0.7557,0.3472,1,0
498,995,TestAtomTypeSet.java,M,6,2,123,0.9840,0.0160,124,yeldar,6,0.4773,0.9763,0.3775,1,0
498,996,TestAtomTypesModel.java,M,6,1,124,0.9920,0.0080,124,yeldar,6,0.4803,0.9763,0.3810,1,0
498,1008,LineBondRenderer.java,M,46,1,57,0.9661,0.0169,58,yeldar,0,0.0000,0.0000,0.0000,0,0
498,1009,WireframeBondRenderer.java,M,53,1,57,0.9661,0.0169,58,yeldar,6,0.6713,1.0000,0.0000,4,1
498,1010,QuickdrawBondRenderer.java,M,53,1,57,0.9661,0.0169,58,yeldar,6,0.6713,1.0000,0.0000,4,1
498,1011,ShadingBondRenderer.java,M,53,1,57,0.9661,0.0169,58,yeldar,6,0.6713,1.0000,0.0000,4,1
498,1012,LineBondRenderer.java,M,10,1,57,0.9661,0.0169,58,yeldar,8,0.6413,1.0000,0.4242,5,0
498,1013,ShadingBondRenderer.java,M,10,1,57,0.9661,0.0169,58,yeldar,8,0.6413,1.0000,0.4242,5,0
498,1014,QuickdrawBondRenderer.java,M,10,1,57,0.9661,0.0169,58,yeldar,8,0.6413,1.0000,0.4242,5,0
498,1018,Preferences.java,M,102,3,46,0.9388,0.0612,48,yeldar,3,0.2808,0.8425,0.0000,1,2
498,1028,Mopac7Reader.java,M,37,1,25,0.9259,0.0370,26,yeldar,6,0.6792,1.0000,0.0000,4,1
498,1029,Mopac97Reader.java,M,37,2,24,0.8889,0.0741,26,yeldar,6,0.4623,0.6035,0.0000,4,1
498,1035,Mopac7Reader.java,M,7,2,24,0.8889,0.0741,26,yeldar,8,0.7019,1.0000,0.4716,7,0
498,1036,Mopac97Reader.java,M,7,2,24,0.8889,0.0741,26,yeldar,8,0.7019,1.0000,0.4716,7,0
498,1040,Jmol.java,M,6,5,18,0.7826,0.2174,22,yeldar,1,1.0000,1.0000,1.0000,1,0
498,1041,AtomTypeTable.java,M,7,2,15,0.8824,0.1176,16,yeldar,3,0.2165,0.3823,0.0000,0,1
498,1048,Jmol.java,M,9,2,0,0.0000,1.0000,1,yeldar,0,0.0000,0.0000,0.0000,0,0
501,67,Preferences.java,M,11,10,489,0.9780,0.0200,499,egonw,3,0.1199,0.1793,0.0012,0,3
501,346,Preferences.java,M,5,14,485,0.9700,0.0280,499,egonw,6,0.4283,0.6068,0.1799,3,1
501,357,Preferences.java,M,6,10,489,0.9780,0.0200,499,egonw,8,0.5393,0.9999,0.2897,5,0
501,362,Preferences.java,M,7,9,490,0.9800,0.0180,499,egonw,4,0.9659,1.0000,0.9317,4,0
501,367,Preferences.java,M,6,9,490,0.9800,0.0180,499,egonw,8,0.4703,0.8217,0.3111,2,0
501,370,Preferences.java,M,7,9,490,0.9800,0.0180,499,egonw,4,0.9488,1.0000,0.9317,4,0
501,372,Preferences.java,M,7,9,490,0.9800,0.0180,499,egonw,4,0.9659,1.0000,0.9317,4,0
501,373,Preferences.java,M,7,9,490,0.9800,0.0180,499,egonw,4,0.9659,1.0000,0.9317,4,0
501,375,Preferences.java,M,7,9,490,0.9800,0.0180,499,egonw,4,0.9488,1.0000,0.9317,4,0
501,390,Preferences.java,M,8,11,488,0.9760,0.0220,499,egonw,6,0.7559,0.9999,0.2672,4,0
501,391,Preferences.java,M,8,10,489,0.9780,0.0200,499,egonw,6,0.7560,1.0000,0.2672,4,0
501,392,Preferences.java,M,8,10,489,0.9780,0.0200,499,egonw,6,0.7560,1.0000,0.2672,4,0
501,394,Preferences.java,M,8,10,489,0.9780,0.0200,499,egonw,6,0.7560,1.0000,0.2672,4,0
501,404,Preferences.java,M,6,6,488,0.9760,0.0120,499,egonw,2,0.5755,0.7331,0.4180,1,0
501,408,Preferences.java,M,6,7,465,0.9300,0.0140,499,egonw,2,0.4422,0.7331,0.1512,1,1
501,416,Preferences.java,M,5,10,486,0.9720,0.0200,499,egonw,3,0.2310,0.5134,0.0016,1,2
501,429,Preferences.java,M,8,12,487,0.9740,0.0240,499,egonw,6,0.7560,1.0000,0.2672,4,0
501,438,DisplaySettings.java,M,6,5,464,0.9872,0.0106,469,egonw,7,0.4295,1.0000,0.0008,3,4
501,623,DisplaySettings.java,M,6,5,460,0.9871,0.0107,465,egonw,7,0.4295,1.0000,0.0008,3,4
501,624,DisplaySettings.java,M,6,5,460,0.9871,0.0107,465,egonw,7,0.4295,1.0000,0.0008,3,4
501,695,Preferences.java,M,6,10,351,0.9723,0.0277,360,egonw,8,0.5393,0.9999,0.2897,5,0
501,744,DisplaySettings.java,M,9,7,286,0.9761,0.0239,292,egonw,1,0.6331,0.6331,0.6331,1,0
501,745,DisplaySettings.java,M,9,7,286,0.9761,0.0239,292,egonw,1,0.6331,0.6331,0.6331,1,0
501,1009,WireframeBondRenderer.java,M,53,2,59,0.9516,0.0323,61,egonw,6,0.5746,1.0000,0.0000,3,1
501,1010,QuickdrawBondRenderer.java,M,53,2,59,0.9516,0.0323,61,egonw,6,0.5746,1.0000,0.0000,3,1
501,1011,ShadingBondRenderer.java,M,53,2,59,0.9516,0.0323,61,egonw,6,0.5746,1.0000,0.0000,3,1
501,1049,DisplaySettings.java,M,6,1,0,0.0000,1.0000,0,egonw,7,0.4286,1.0000,0.0000,3,4
506,1051,ABINITReader.java,M,6,1,3,0.6000,0.2000,4,yeldar,2,0.0000,0.0000,0.0000,0,2
506,1052,ABINITReader.java,M,20,1,3,0.6000,0.2000,4,yeldar,1,1.0000,1.0000,1.0000,1,0
506,1053,ABINITReader.java,M,15,1,3,0.6000,0.2000,4,yeldar,1,1.0000,1.0000,1.0000,1,0
506,1054,ABINITReader.java,M,7,1,3,0.6000,0.2000,4,yeldar,12,0.2500,1.0000,0.0000,3,9
506,1055,ABINITReader.java,M,6,1,3,0.6000,0.2000,4,yeldar,1,1.0000,1.0000,1.0000,1,0
506,1056,ABINITReader.java,M,6,1,3,0.6000,0.2000,4,yeldar,1,1.0000,1.0000,1.0000,1,0
506,1057,ABINITReader.java,M,9,1,3,0.6000,0.2000,4,yeldar,12,0.2500,1.0000,0.0000,3,9
506,1059,ABINITReader.java,M,7,1,0,0.0000,1.0000,0,yeldar,12,0.2500,1.0000,0.0000,3,9
506,1060,ABINITReader.java,M,7,1,0,0.0000,1.0000,0,yeldar,12,0.2500,1.0000,0.0000,3,9
507,236,Jmol.java,M,6,21,329,0.6502,0.0415,505,yeldar,7,0.0174,0.1188,0.0000,0,7
507,268,Jmol.java,M,6,16,489,0.9664,0.0316,505,yeldar,3,0.0706,0.1054,0.0012,0,3
507,269,Jmol.java,M,6,11,494,0.9763,0.0217,505,yeldar,8,0.2620,0.3691,0.0009,0,1
507,275,Jmol.java,M,5,25,384,0.7589,0.0494,505,yeldar,6,0.0964,0.2689,0.0000,0,5
507,1040,Jmol.java,M,6,6,26,0.8125,0.1875,31,yeldar,1,1.0000,1.0000,1.0000,1,0
507,1048,Jmol.java,M,9,3,8,0.7273,0.2727,10,yeldar,0,0.0000,0.0000,0.0000,0,0
512,997,DisplayPanel.java,M,5,1,135,0.9926,0.0074,135,yeldar,2,0.0000,0.0000,0.0000,0,2
516,1074,ReaderFactory.java,M,6,1,0,0.0000,1.0000,0,yeldar,4,0.0000,0.0000,0.0000,0,4
518,1074,ReaderFactory.java,M,6,2,1,0.3333,0.6667,2,yeldar,4,0.0000,0.0000,0.0000,0,4
519,713,Atom.java,M,5,6,351,0.9832,0.0168,356,yeldar,2,0.0000,0.0000,0.0000,0,2
519,1005,Atom.java,M,5,1,81,0.9878,0.0122,81,yeldar,0,0.0000,0.0000,0.0000,0,0
519,1006,Atom.java,M,8,2,80,0.9756,0.0244,81,yeldar,0,0.0000,0.0000,0.0000,0,0
519,1043,Atom.java,M,6,1,25,0.9615,0.0385,25,yeldar,0,0.0000,0.0000,0.0000,0,0
520,438,DisplaySettings.java,M,6,6,482,0.9857,0.0123,488,yeldar,7,0.3379,1.0000,0.0005,2,4
520,623,DisplaySettings.java,M,6,6,478,0.9856,0.0124,484,yeldar,7,0.3379,1.0000,0.0005,2,4
520,744,DisplaySettings.java,M,9,8,304,0.9744,0.0256,311,yeldar,1,0.7854,0.7854,0.7854,1,0
520,745,DisplaySettings.java,M,9,8,304,0.9744,0.0256,311,yeldar,1,0.7854,0.7854,0.7854,1,0
520,1049,DisplaySettings.java,M,6,2,18,0.9000,0.1000,19,yeldar,7,0.3373,1.0000,0.0000,2,4
525,106,Angle.java,M,11,9,514,0.9809,0.0172,523,yeldar,2,0.5807,0.9994,0.1620,1,1
525,107,Dihedral.java,M,11,8,515,0.9828,0.0153,523,yeldar,2,0.5803,0.9994,0.1613,1,1
529,17,ChemFrame.java,M,8,15,512,0.9697,0.0284,527,yeldar,0,0.0000,0.0000,0.0000,0,0
529,189,ChemFrame.java,M,8,9,515,0.9754,0.0170,527,yeldar,1,0.0015,0.0015,0.0015,0,1
529,205,ChemFrame.java,M,5,18,375,0.7102,0.0341,527,yeldar,6,0.0015,0.0019,0.0009,0,6
529,213,ChemFrame.java,M,13,18,509,0.9640,0.0341,527,yeldar,7,0.1430,0.9973,0.0000,1,6
529,215,ChemFrame.java,M,13,16,511,0.9678,0.0303,527,yeldar,7,0.1430,0.9973,0.0000,1,6
529,621,ChemFrame.java,M,5,8,224,0.4534,0.0162,493,yeldar,17,0.0000,0.0000,0.0000,0,17
529,1044,ChemFrame.java,M,6,3,33,0.9167,0.0833,35,yeldar,4,0.0000,0.0000,0.0000,0,4
529,1046,ChemFrame.java,M,7,3,33,0.9167,0.0833,35,yeldar,0,0.0000,0.0000,0.0000,0,0
529,1065,AtomShape.java,M,5,1,16,0.8889,0.0556,17,yeldar,0,0.0000,0.0000,0.0000,0,0
534,236,Jmol.java,M,6,22,355,0.6660,0.0413,532,yeldar,7,0.0111,0.0762,0.0000,0,7
534,268,Jmol.java,M,6,17,515,0.9662,0.0319,532,yeldar,3,0.0471,0.0704,0.0008,0,3
534,269,Jmol.java,M,6,12,520,0.9756,0.0225,532,yeldar,6,0.1892,0.2213,0.1372,0,2
534,275,Jmol.java,M,5,26,410,0.7692,0.0488,532,yeldar,6,0.0648,0.1808,0.0000,0,6
534,1040,Jmol.java,M,6,7,52,0.8814,0.1186,58,yeldar,4,0.2500,1.0000,0.0000,1,3
534,1048,Jmol.java,M,9,4,34,0.8947,0.1053,37,yeldar,0,0.0000,0.0000,0.0000,0,0
535,236,Jmol.java,M,6,23,355,0.6648,0.0431,533,yeldar,7,0.0082,0.0556,0.0000,0,7
535,271,Jmol.java,M,14,8,347,0.6498,0.0150,533,yeldar,0,0.0000,0.0000,0.0000,0,0
535,275,Jmol.java,M,5,27,410,0.7678,0.0506,533,yeldar,6,0.0484,0.1352,0.0000,0,6
535,523,Jmol.java,M,6,11,332,0.6600,0.0219,502,yeldar,4,0.2500,1.0000,0.0000,1,3
535,736,RasMolScriptHandler.java,M,17,4,335,0.9882,0.0118,338,yeldar,3,0.0019,0.0023,0.0016,0,3
535,1040,Jmol.java,M,6,8,52,0.8667,0.1333,59,yeldar,4,0.2500,1.0000,0.0000,1,3
537,236,Jmol.java,M,6,24,356,0.6642,0.0448,535,yeldar,7,0.0063,0.0432,0.0000,0,7
537,268,Jmol.java,M,6,18,517,0.9646,0.0336,535,yeldar,3,0.0345,0.0516,0.0006,0,3
537,269,Jmol.java,M,6,13,522,0.9739,0.0243,535,yeldar,6,0.1324,0.1539,0.0954,0,6
537,270,Jmol.java,M,5,6,311,0.5802,0.0112,535,yeldar,0,0.0000,0.0000,0.0000,0,0
537,275,Jmol.java,M,5,28,411,0.7668,0.0522,535,yeldar,6,0.0382,0.1066,0.0000,0,6
537,523,Jmol.java,M,6,12,333,0.6594,0.0238,504,yeldar,4,0.2500,1.0000,0.0000,1,3
537,1040,Jmol.java,M,6,9,53,0.8548,0.1452,61,yeldar,4,0.2500,1.0000,0.0000,1,3
540,17,ChemFrame.java,M,8,16,522,0.9685,0.0297,538,yeldar,0,0.0000,0.0000,0.0000,0,0
540,205,ChemFrame.java,M,5,19,385,0.7143,0.0353,538,yeldar,6,0.0009,0.0011,0.0005,0,6
540,207,ChemFrame.java,M,6,14,259,0.4805,0.0260,538,yeldar,2,0.4972,0.9944,0.0000,1,1
540,213,ChemFrame.java,M,13,19,519,0.9629,0.0353,538,yeldar,7,0.0776,0.5410,0.0000,1,6
540,621,ChemFrame.java,M,5,9,234,0.4634,0.0178,504,yeldar,17,0.0000,0.0000,0.0000,0,17
540,793,DisplayPanel.java,M,5,6,294,0.9800,0.0200,299,yeldar,2,0.0020,0.0020,0.0020,0,2
540,830,ChemFrame.java,M,6,8,66,0.2598,0.0315,253,yeldar,2,0.4972,0.9944,0.0000,1,1
540,834,ChemFrame.java,M,5,6,237,0.9753,0.0247,242,yeldar,2,0.0000,0.0000,0.0000,0,2
540,1044,ChemFrame.java,M,6,4,43,0.9149,0.0851,46,yeldar,4,0.0000,0.0000,0.0000,0,4
540,1046,ChemFrame.java,M,7,4,43,0.9149,0.0851,46,yeldar,0,0.0000,0.0000,0.0000,0,0
541,17,ChemFrame.java,M,8,17,522,0.9667,0.0315,539,yeldar,1,0.3425,0.3425,0.3425,0,0
541,189,ChemFrame.java,M,8,10,526,0.9741,0.0185,539,yeldar,1,0.0006,0.0006,0.0006,0,1
541,205,ChemFrame.java,M,5,20,385,0.7130,0.0370,539,yeldar,6,0.0006,0.0008,0.0004,0,6
541,487,ChemFrame.java,M,5,1,7,0.0138,0.0020,508,yeldar,6,0.0000,0.0000,0.0000,0,6
541,621,ChemFrame.java,M,5,10,234,0.4625,0.0198,505,yeldar,17,0.0000,0.0000,0.0000,0,17
541,639,ChemFrame.java,M,5,14,488,0.9721,0.0279,501,yeldar,12,0.0015,0.0026,0.0000,0,12
541,739,RasMolScriptHandler.java,M,10,8,337,0.9768,0.0232,344,yeldar,3,0.3341,1.0000,0.0009,1,2
541,740,RasMolScriptHandler.java,M,10,8,337,0.9768,0.0232,344,yeldar,3,0.3341,1.0000,0.0009,1,2
541,770,DisplayPanel.java,M,6,6,304,0.9806,0.0194,309,yeldar,0,0.0000,0.0000,0.0000,0,0
541,771,DisplayPanel.java,M,5,4,304,0.9806,0.0129,309,yeldar,12,0.0001,0.0010,0.0000,0,12
541,787,DisplayPanel.java,M,11,7,294,0.9767,0.0233,300,yeldar,3,0.3212,0.8588,0.0008,1,2
541,788,DisplayPanel.java,M,11,7,293,0.9734,0.0233,300,yeldar,3,0.3259,0.8588,0.0010,1,2
541,791,DisplayPanel.java,M,5,7,294,0.9767,0.0233,300,yeldar,3,0.0462,0.1385,0.0000,0,3
541,834,ChemFrame.java,M,5,7,237,0.9713,0.0287,243,yeldar,2,0.0000,0.0000,0.0000,0,2
541,1044,ChemFrame.java,M,6,5,43,0.8958,0.1042,47,yeldar,4,0.0000,0.0000,0.0000,0,4
541,1045,ChemFrame.java,M,7,2,11,0.2292,0.0417,47,yeldar,1,0.3425,0.3425,0.3425,0,0
541,1046,ChemFrame.java,M,7,5,43,0.8958,0.1042,47,yeldar,0,0.0000,0.0000,0.0000,0,0
541,1047,ChemFrame.java,M,6,3,3,0.0625,0.0625,47,yeldar,1,0.0000,0.0000,0.0000,0,1
541,1080,DisplayPanel.java,M,13,1,1,0.5000,0.5000,1,yeldar,3,0.3333,1.0000,0.0000,1,2
541,1081,DisplayPanel.java,M,69,1,1,0.5000,0.5000,1,yeldar,1,1.0000,1.0000,1.0000,1,0
541,1082,DisplayPanel.java,M,69,1,1,0.5000,0.5000,1,yeldar,1,1.0000,1.0000,1.0000,1,0
541,1084,DisplayPanel.java,M,13,1,0,0.0000,1.0000,0,yeldar,3,0.3333,1.0000,0.0000,1,2
541,1085,DisplayPanel.java,M,5,1,0,0.0000,1.0000,0,yeldar,1,0.0000,0.0000,0.0000,0,1
559,1025,Mopac97Reader.java,M,42,1,86,0.9773,0.0114,87,yeldar,0,0.0000,0.0000,0.0000,0,0
562,128,Animate.java,M,5,9,551,0.9822,0.0160,560,yeldar,6,0.1807,0.9688,0.0000,1,5
562,130,Vibrate.java,M,5,8,552,0.9840,0.0143,560,yeldar,6,0.1813,0.9688,0.0000,1,5
562,136,Animate.java,M,6,7,553,0.9857,0.0125,560,yeldar,4,0.4408,0.8814,0.0000,2,2
562,137,Vibrate.java,M,6,8,552,0.9840,0.0143,560,yeldar,4,0.5000,0.9996,0.0000,2,2
562,140,Vibrate.java,M,6,7,553,0.9857,0.0125,560,yeldar,4,0.5001,0.9996,0.0000,2,2
562,141,Animate.java,M,7,8,552,0.9840,0.0143,560,yeldar,0,0.0000,0.0000,0.0000,0,0
562,143,Vibrate.java,M,8,6,554,0.9875,0.0107,560,yeldar,1,0.9683,0.9683,0.9683,1,0
562,148,Animate.java,M,5,9,551,0.9822,0.0160,560,yeldar,6,0.0492,0.0738,0.0000,0,6
562,171,Vibrate.java,M,12,7,553,0.9857,0.0125,560,yeldar,2,0.1183,0.1183,0.1183,0,2
562,666,Vibrate.java,M,6,8,458,0.9828,0.0172,465,yeldar,0,0.0000,0.0000,0.0000,0,0
562,693,PropertyGraph.java,M,6,5,417,0.9858,0.0118,422,yeldar,3,0.3537,0.9997,0.0009,1,2
562,694,PropertyGraph.java,M,6,4,418,0.9882,0.0095,422,yeldar,3,0.3537,0.9997,0.0009,1,2
562,770,DisplayPanel.java,M,6,7,324,0.9789,0.0211,330,yeldar,0,0.0000,0.0000,0.0000,0,0
562,779,DisplayPanel.java,M,5,8,314,0.9752,0.0248,321,yeldar,1,0.6525,0.6525,0.6525,1,0
562,791,DisplayPanel.java,M,5,8,314,0.9752,0.0248,321,yeldar,3,0.0184,0.0552,0.0000,0,3
562,792,DisplayPanel.java,M,5,7,315,0.9783,0.0217,321,yeldar,0,0.0000,0.0000,0.0000,0,0
562,793,DisplayPanel.java,M,5,7,315,0.9783,0.0217,321,yeldar,3,0.0004,0.0007,0.0000,0,3
562,856,PropertyGraph.java,M,6,4,257,0.9847,0.0153,260,yeldar,1,0.0840,0.0840,0.0840,0,1
562,857,Vibrate.java,M,7,5,254,0.9807,0.0193,258,yeldar,0,0.0000,0.0000,0.0000,0,0
562,1085,DisplayPanel.java,M,5,2,20,0.9091,0.0909,21,yeldar,1,0.6525,0.6525,0.6525,1,0
563,236,Jmol.java,M,6,25,381,0.6779,0.0445,561,yeldar,5,0.0059,0.0291,0.0000,0,5
563,268,Jmol.java,M,6,19,542,0.9644,0.0338,561,yeldar,3,0.0218,0.0326,0.0004,0,3
563,269,Jmol.java,M,6,14,547,0.9733,0.0249,561,yeldar,6,0.0800,0.0925,0.0573,0,6
563,275,Jmol.java,M,5,29,436,0.7758,0.0516,561,yeldar,6,0.0233,0.0558,0.0000,0,6
563,1040,Jmol.java,M,6,10,78,0.8864,0.1136,87,yeldar,4,0.2500,1.0000,0.0000,1,3
563,1048,Jmol.java,M,9,5,62,0.9254,0.0746,66,yeldar,0,0.0000,0.0000,0.0000,0,0
565,282,JmolResourceHandler.java,M,7,7,555,0.9840,0.0124,563,egonw,5,0.0001,0.0005,0.0000,0,5
568,205,ChemFrame.java,M,5,21,411,0.7249,0.0370,566,yeldar,6,0.0004,0.0005,0.0002,0,6
568,621,ChemFrame.java,M,5,11,260,0.4878,0.0206,532,yeldar,17,0.0000,0.0000,0.0000,0,17
568,1045,ChemFrame.java,M,7,3,37,0.4933,0.0400,74,yeldar,1,0.1935,0.1935,0.1935,0,1
568,1046,ChemFrame.java,M,7,6,69,0.9200,0.0800,74,yeldar,0,0.0000,0.0000,0.0000,0,0
568,1047,ChemFrame.java,M,6,4,29,0.3867,0.0533,74,yeldar,1,0.0000,0.0000,0.0000,0,1
574,236,Jmol.java,M,6,26,391,0.6824,0.0454,572,yeldar,5,0.0041,0.0200,0.0000,0,5
574,268,Jmol.java,M,6,20,552,0.9634,0.0349,572,yeldar,3,0.0144,0.0216,0.0002,0,3
574,269,Jmol.java,M,6,15,557,0.9721,0.0262,572,yeldar,6,0.0516,0.0594,0.0368,0,6
574,270,Jmol.java,M,5,7,347,0.6056,0.0122,572,yeldar,0,0.0000,0.0000,0.0000,0,0
574,275,Jmol.java,M,5,30,446,0.7784,0.0524,572,yeldar,6,0.0167,0.0418,0.0000,0,6
574,523,Jmol.java,M,6,13,369,0.6808,0.0240,541,yeldar,4,0.2500,1.0000,0.0000,1,3
574,1040,Jmol.java,M,6,11,88,0.8889,0.1111,98,yeldar,4,0.2500,1.0000,0.0000,1,3
574,1048,Jmol.java,M,9,6,72,0.9231,0.0769,77,yeldar,0,0.0000,0.0000,0.0000,0,0
575,236,Jmol.java,M,6,27,391,0.6812,0.0470,573,yeldar,5,0.0031,0.0151,0.0000,0,5
575,275,Jmol.java,M,5,31,446,0.7770,0.0540,573,yeldar,6,0.0129,0.0332,0.0000,0,6
575,1040,Jmol.java,M,6,12,88,0.8800,0.1200,99,yeldar,4,0.2500,1.0000,0.0000,1,3
575,1055,ABINITReader.java,M,6,2,71,0.9595,0.0270,73,yeldar,3,0.3333,1.0000,0.0000,1,2
575,1056,ABINITReader.java,M,6,2,71,0.9595,0.0270,73,yeldar,3,0.3333,1.0000,0.0000,1,2
575,1059,ABINITReader.java,M,7,2,68,0.9714,0.0286,69,yeldar,11,0.1011,1.0000,0.0000,1,10
575,1060,ABINITReader.java,M,7,2,68,0.9714,0.0286,69,yeldar,11,0.1011,1.0000,0.0000,1,10
575,1100,ABINITReader.java,M,41,1,0,0.0000,1.0000,0,yeldar,1,0.0000,0.0000,0.0000,0,1
575,1102,ABINITReader.java,M,15,1,0,0.0000,1.0000,0,yeldar,2,0.0000,0.0000,0.0000,0,2
575,1104,ABINITReader.java,M,5,1,0,0.0000,1.0000,0,yeldar,3,0.0000,0.0000,0.0000,0,3
575,1108,ABINITReader.java,M,8,1,0,0.0000,1.0000,0,yeldar,2,0.0000,0.0000,0.0000,0,2
577,1113,CrystalPropertiesDialog.java,M,9,1,1,0.3333,0.3333,2,egonw,2,0.0000,0.0000,0.0000,0,2
577,1115,CrystalPropertiesDialog.java,M,5,1,1,0.3333,0.3333,2,egonw,3,0.0000,0.0000,0.0000,0,3
577,1117,CrystalPropertiesDialog.java,M,5,1,1,0.3333,0.3333,2,egonw,18,0.0000,0.0000,0.0000,0,18
577,1119,CrystalPropertiesDialog.java,M,5,1,1,0.3333,0.3333,2,egonw,2,0.5000,1.0000,0.0000,1,1
577,1122,CrystalPropertiesDialog.java,M,5,1,1,0.3333,0.3333,2,egonw,1,0.0000,0.0000,0.0000,0,1
577,1132,CrystalPropertiesDialog.java,M,7,1,1,0.3333,0.3333,2,egonw,1,0.0000,0.0000,0.0000,0,1
577,1133,CrystalPropertiesDialog.java,M,8,1,1,0.3333,0.3333,2,egonw,2,0.5000,1.0000,0.0000,1,1
577,1134,CrystalPropertiesDialog.java,M,16,1,1,0.3333,0.3333,2,egonw,2,0.0000,0.0000,0.0000,0,2
579,236,Jmol.java,M,6,28,394,0.6817,0.0484,577,yeldar,5,0.0024,0.0119,0.0000,0,5
579,275,Jmol.java,M,5,32,449,0.7768,0.0554,577,yeldar,6,0.0103,0.0269,0.0000,0,6
579,364,Preferences.java,M,5,1,238,0.4118,0.0017,577,yeldar,4,0.2500,1.0000,0.0000,1,3
579,1040,Jmol.java,M,6,13,91,0.8750,0.1250,103,yeldar,4,0.2500,1.0000,0.0000,1,3
579,1142,Preferences.java,M,10,1,0,0.0000,1.0000,0,yeldar,4,0.0000,0.0000,0.0000,0,4
579,1145,Preferences.java,M,5,1,0,0.0000,1.0000,0,yeldar,4,0.2500,1.0000,0.0000,1,3
579,1147,Preferences.java,M,6,1,0,0.0000,1.0000,0,yeldar,2,0.0000,0.0000,0.0000,0,2
579,1149,Preferences.java,M,8,1,0,0.0000,1.0000,0,yeldar,2,1.0000,1.0000,1.0000,2,0
579,1150,Preferences.java,M,8,1,0,0.0000,1.0000,0,yeldar,2,1.0000,1.0000,1.0000,2,0
579,1151,Preferences.java,M,8,1,0,0.0000,1.0000,0,yeldar,2,1.0000,1.0000,1.0000,2,0
579,1152,Preferences.java,M,11,1,0,0.0000,1.0000,0,yeldar,3,0.0000,0.0000,0.0000,0,3
580,282,JmolResourceHandler.java,M,7,8,569,0.9827,0.0138,578,yeldar,5,0.0001,0.0003,0.0000,0,5
580,1146,JmolResourceHandler.java,M,5,1,1,0.5000,0.5000,1,yeldar,3,0.0000,0.0000,0.0000,0,3
582,282,JmolResourceHandler.java,M,7,9,570,0.9811,0.0155,580,yeldar,5,0.0000,0.0002,0.0000,0,5
582,1146,JmolResourceHandler.java,M,5,2,2,0.5000,0.5000,3,yeldar,3,0.0000,0.0000,0.0000,0,3
583,438,DisplaySettings.java,M,6,7,544,0.9855,0.0127,551,yeldar,5,0.5756,1.0000,0.0001,3,2
583,623,DisplaySettings.java,M,6,7,540,0.9854,0.0128,547,yeldar,5,0.5756,1.0000,0.0001,3,2
583,624,DisplaySettings.java,M,6,6,541,0.9872,0.0109,547,yeldar,5,0.5268,0.8779,0.0001,3,2
583,771,DisplayPanel.java,M,5,5,345,0.9801,0.0142,351,yeldar,12,0.0000,0.0003,0.0000,0,12
583,1049,DisplaySettings.java,M,6,3,80,0.9639,0.0361,82,yeldar,5,0.5756,1.0000,0.0000,3,2
583,1077,DisplaySettings.java,M,10,1,54,0.9818,0.0182,54,yeldar,2,0.0000,0.0000,0.0000,0,2
583,1090,DisplaySettings.java,M,8,1,41,0.9535,0.0233,42,yeldar,4,0.7500,1.0000,0.0000,3,1
583,1091,DisplaySettings.java,M,8,1,41,0.9535,0.0233,42,yeldar,4,0.7500,1.0000,0.0000,3,1
583,1092,DisplaySettings.java,M,8,1,41,0.9535,0.0233,42,yeldar,4,0.7500,1.0000,0.0000,3,1
583,1093,DisplaySettings.java,M,8,1,41,0.9535,0.0233,42,yeldar,4,0.7500,1.0000,0.0000,3,1
584,770,DisplayPanel.java,M,6,8,345,0.9773,0.0227,352,yeldar,0,0.0000,0.0000,0.0000,0,0
584,779,DisplayPanel.java,M,5,9,335,0.9738,0.0262,343,yeldar,1,0.8464,0.8464,0.8464,1,0
584,787,DisplayPanel.java,M,11,8,336,0.9767,0.0233,343,yeldar,4,0.2485,0.9614,0.0000,1,3
584,788,DisplayPanel.java,M,11,8,335,0.9738,0.0233,343,yeldar,4,0.2488,0.9614,0.0000,1,3
584,791,DisplayPanel.java,M,5,9,335,0.9738,0.0262,343,yeldar,3,0.0085,0.0255,0.0000,0,3
584,792,DisplayPanel.java,M,5,8,336,0.9767,0.0233,343,yeldar,0,0.0000,0.0000,0.0000,0,0
584,1085,DisplayPanel.java,M,5,3,41,0.9318,0.0682,43,yeldar,1,0.8464,0.8464,0.8464,1,0
585,1141,PreferencesDialog.java,M,11,1,5,0.7143,0.1429,6,yeldar,4,0.0000,0.0000,0.0000,0,4
585,1144,PreferencesDialog.java,M,5,1,5,0.7143,0.1429,6,yeldar,1,0.0000,0.0000,0.0000,0,1
585,1154,PreferencesDialog.java,M,6,1,5,0.7143,0.1429,6,yeldar,2,0.5000,1.0000,0.0000,1,1
585,1155,PreferencesDialog.java,M,6,1,5,0.7143,0.1429,6,yeldar,1,1.0000,1.0000,1.0000,1,0
585,1156,PreferencesDialog.java,M,7,1,5,0.7143,0.1429,6,yeldar,4,1.0000,1.0000,1.0000,4,0
585,1157,PreferencesDialog.java,M,6,1,5,0.7143,0.1429,6,yeldar,4,0.2500,1.0000,0.0000,1,3
585,1158,PreferencesDialog.java,M,6,1,5,0.7143,0.1429,6,yeldar,2,0.0000,0.0000,0.0000,0,2
585,1159,PreferencesDialog.java,M,6,1,5,0.7143,0.1429,6,yeldar,4,0.0000,0.0000,0.0000,0,4
585,1160,PreferencesDialog.java,M,6,1,5,0.7143,0.1429,6,yeldar,1,1.0000,1.0000,1.0000,1,0
585,1161,PreferencesDialog.java,M,6,1,5,0.7143,0.1429,6,yeldar,4,0.2500,1.0000,0.0000,1,3
585,1162,PreferencesDialog.java,M,7,1,5,0.7143,0.1429,6,yeldar,1,1.0000,1.0000,1.0000,1,0
585,1163,PreferencesDialog.java,M,6,1,5,0.7143,0.1429,6,yeldar,4,0.2500,1.0000,0.0000,1,3
585,1164,PreferencesDialog.java,M,6,1,5,0.7143,0.1429,6,yeldar,2,0.5000,1.0000,0.0000,1,1
585,1165,PreferencesDialog.java,M,7,1,5,0.7143,0.1429,6,yeldar,2,0.0000,0.0000,0.0000,0,2
585,1168,PreferencesDialog.java,M,7,1,5,0.7143,0.1429,6,yeldar,4,1.0000,1.0000,1.0000,4,0
585,1169,PreferencesDialog.java,M,7,1,5,0.7143,0.1429,6,yeldar,4,1.0000,1.0000,1.0000,4,0
585,1170,PreferencesDialog.java,M,7,1,5,0.7143,0.1429,6,yeldar,4,1.0000,1.0000,1.0000,4,0
585,1171,PreferencesDialog.java,M,7,1,5,0.7143,0.1429,6,yeldar,4,1.0000,1.0000,1.0000,4,0
585,1172,PreferencesDialog.java,M,7,1,5,0.7143,0.1429,6,yeldar,1,1.0000,1.0000,1.0000,1,0
585,1173,PreferencesDialog.java,M,5,1,5,0.7143,0.1429,6,yeldar,4,0.2500,1.0000,0.0000,1,3
585,1174,PreferencesDialog.java,M,5,1,5,0.7143,0.1429,6,yeldar,6,0.1667,1.0000,0.0000,1,5
585,1175,PreferencesDialog.java,M,5,1,5,0.7143,0.1429,6,yeldar,6,0.1667,1.0000,0.0000,1,5
585,1176,PreferencesDialog.java,M,6,1,5,0.7143,0.1429,6,yeldar,0,0.0000,0.0000,0.0000,0,0
587,282,JmolResourceHandler.java,M,7,10,574,0.9795,0.0171,585,yeldar,5,0.0000,0.0001,0.0000,0,5
587,1146,JmolResourceHandler.java,M,5,3,6,0.6667,0.3333,8,yeldar,3,0.0000,0.0000,0.0000,0,3
587,1181,JmolResourceHandler.java,M,9,1,0,0.0000,1.0000,0,yeldar,6,0.0000,0.0000,0.0000,0,6
588,1113,CrystalPropertiesDialog.java,M,9,2,11,0.7857,0.1429,13,yeldar,3,0.0000,0.0000,0.0000,0,3
588,1114,CrystalPropertiesDialog.java,M,5,1,12,0.8571,0.0714,13,yeldar,3,0.0000,0.0000,0.0000,0,3
588,1117,CrystalPropertiesDialog.java,M,5,2,11,0.7857,0.1429,13,yeldar,18,0.0000,0.0000,0.0000,0,18
588,1119,CrystalPropertiesDialog.java,M,5,2,11,0.7857,0.1429,13,yeldar,2,0.5000,1.0000,0.0000,1,1
588,1122,CrystalPropertiesDialog.java,M,5,2,11,0.7857,0.1429,13,yeldar,1,0.0000,0.0000,0.0000,0,1
588,1132,CrystalPropertiesDialog.java,M,7,2,11,0.7857,0.1429,13,yeldar,2,0.0000,0.0000,0.0000,0,2
588,1133,CrystalPropertiesDialog.java,M,8,2,11,0.7857,0.1429,13,yeldar,2,0.5000,1.0000,0.0000,1,1
588,1134,CrystalPropertiesDialog.java,M,16,2,11,0.7857,0.1429,13,yeldar,4,0.0000,0.0000,0.0000,0,4
588,1183,CrystalPropertiesDialog.java,M,5,1,0,0.0000,1.0000,0,yeldar,13,0.0000,0.0000,0.0000,0,13
589,17,ChemFrame.java,M,8,18,569,0.9677,0.0306,587,yeldar,1,0.5561,0.5561,0.5561,1,0
589,189,ChemFrame.java,M,8,11,573,0.9745,0.0187,587,yeldar,1,0.0002,0.0002,0.0002,0,1
589,205,ChemFrame.java,M,5,22,431,0.7330,0.0374,587,yeldar,6,0.0002,0.0003,0.0001,0,6
589,487,ChemFrame.java,M,5,2,54,0.0969,0.0036,556,yeldar,8,0.0000,0.0000,0.0000,0,8
589,621,ChemFrame.java,M,5,12,280,0.5054,0.0217,553,yeldar,18,0.0000,0.0000,0.0000,0,18
589,639,ChemFrame.java,M,5,15,535,0.9727,0.0273,549,yeldar,11,0.0006,0.0009,0.0000,0,11
589,788,DisplayPanel.java,M,11,9,339,0.9713,0.0258,348,yeldar,4,0.1349,0.5213,0.0000,1,3
589,1045,ChemFrame.java,M,7,4,57,0.5938,0.0417,95,yeldar,1,0.5561,0.5561,0.5561,1,0
589,1047,ChemFrame.java,M,6,5,49,0.5104,0.0521,95,yeldar,1,0.0000,0.0000,0.0000,0,1
589,1080,DisplayPanel.java,M,13,2,48,0.9600,0.0400,49,yeldar,3,0.3333,1.0000,0.0000,1,2
589,1081,DisplayPanel.java,M,69,2,48,0.9600,0.0400,49,yeldar,1,1.0000,1.0000,1.0000,1,0
589,1082,DisplayPanel.java,M,69,2,48,0.9600,0.0400,49,yeldar,1,1.0000,1.0000,1.0000,1,0
589,1084,DisplayPanel.java,M,13,2,47,0.9592,0.0408,48,yeldar,3,0.3333,1.0000,0.0000,1,2
589,1191,ChemFrameRenderer.java,M,5,1,0,0.0000,1.0000,0,yeldar,14,0.0000,0.0000,0.0000,0,14
589,1192,ChemFrameRenderer.java,M,10,1,0,0.0000,1.0000,0,yeldar,0,0.0000,0.0000,0.0000,0,0
590,1054,ABINITReader.java,M,7,2,85,0.9551,0.0225,88,yeldar,12,0.2715,1.0000,0.0000,4,8
590,1055,ABINITReader.java,M,6,3,85,0.9551,0.0337,88,yeldar,3,0.7404,1.0000,0.6106,3,0
590,1056,ABINITReader.java,M,6,3,85,0.9551,0.0337,88,yeldar,3,0.7404,1.0000,0.6106,3,0
590,1059,ABINITReader.java,M,7,3,82,0.9647,0.0353,84,yeldar,12,0.2700,1.0000,0.0000,4,8
590,1060,ABINITReader.java,M,7,3,82,0.9647,0.0353,84,yeldar,12,0.2700,1.0000,0.0000,4,8
590,1101,ABINITReader.java,M,34,1,14,0.8750,0.0625,15,yeldar,1,1.0000,1.0000,1.0000,1,0
590,1103,ABINITReader.java,M,7,1,14,0.8750,0.0625,15,yeldar,12,0.2684,1.0000,0.0000,4,8
590,1106,ABINITReader.java,M,6,1,14,0.8750,0.0625,15,yeldar,0,0.0000,0.0000,0.0000,0,0
590,1108,ABINITReader.java,M,8,2,14,0.8750,0.1250,15,yeldar,3,0.3333,1.0000,0.0000,1,2
590,1110,ABINITReader.java,M,6,1,14,0.8750,0.0625,15,yeldar,3,0.7404,1.0000,0.6106,3,0
590,1111,ABINITReader.java,M,6,1,14,0.8750,0.0625,15,yeldar,3,0.7404,1.0000,0.6106,3,0
590,1193,ABINITReader.java,M,34,1,0,0.0000,1.0000,0,yeldar,1,1.0000,1.0000,1.0000,1,0
590,1194,ABINITReader.java,M,7,1,0,0.0000,1.0000,0,yeldar,1,1.0000,1.0000,1.0000,1,0
590,1195,ABINITReader.java,M,7,1,0,0.0000,1.0000,0,yeldar,1,1.0000,1.0000,1.0000,1,0
590,1196,ABINITReader.java,M,7,1,0,0.0000,1.0000,0,yeldar,12,0.3333,1.0000,0.0000,4,8
590,1197,ABINITReader.java,M,8,1,0,0.0000,1.0000,0,yeldar,3,0.3333,1.0000,0.0000,1,2
597,1060,ABINITReader.java,M,7,4,88,0.9565,0.0435,91,egonw,12,0.1453,0.5821,0.0000,1,8
597,1198,ABINITReader.java,M,7,1,6,0.7500,0.1250,7,egonw,3,0.0000,0.0000,0.0000,0,3
598,663,PropertyGraph.java,M,11,7,494,0.9841,0.0139,501,egonw,6,0.0198,0.0303,0.0002,0,6
598,664,PropertyGraph.java,M,6,7,494,0.9841,0.0139,501,egonw,5,0.0018,0.0086,0.0000,0,5
598,665,PropertyGraph.java,M,6,7,494,0.9841,0.0139,501,egonw,1,0.7523,0.7523,0.7523,1,0
598,667,PropertyGraph.java,M,9,8,493,0.9821,0.0159,501,egonw,1,0.0288,0.0288,0.0288,0,1
598,693,PropertyGraph.java,M,6,6,452,0.9847,0.0131,458,egonw,7,0.1429,0.9999,0.0000,1,6
598,694,PropertyGraph.java,M,6,5,453,0.9869,0.0109,458,egonw,7,0.1429,0.9999,0.0000,1,6
598,856,PropertyGraph.java,M,6,5,292,0.9832,0.0168,296,egonw,1,0.7523,0.7523,0.7523,1,0
598,1200,PropertyGraph.java,M,5,1,0,0.0000,1.0000,0,egonw,2,0.0000,0.0000,0.0000,0,2
601,991,MeasureRenderer.java,M,12,4,236,0.9793,0.0166,240,michaelthoward,0,0.0000,0.0000,0.0000,0,0
601,992,MeasureRenderer.java,M,15,3,237,0.9834,0.0124,240,michaelthoward,4,0.2746,0.9748,0.0413,1,3
601,993,MeasureRenderer.java,M,15,4,236,0.9793,0.0166,240,michaelthoward,4,0.2739,0.9748,0.0402,1,3
601,1009,WireframeBondRenderer.java,M,53,3,158,0.9753,0.0185,161,michaelthoward,4,0.5205,1.0000,0.0404,2,2
601,1010,QuickdrawBondRenderer.java,M,53,3,158,0.9753,0.0185,161,michaelthoward,4,0.5205,1.0000,0.0404,2,2
601,1011,ShadingBondRenderer.java,M,53,3,158,0.9753,0.0185,161,michaelthoward,4,0.5205,1.0000,0.0404,2,2
601,1072,ShadingAtomRenderer.java,M,27,1,88,0.9778,0.0111,89,michaelthoward,3,0.3333,1.0000,0.0000,1,2
601,1073,WireframeAtomRenderer.java,M,27,1,88,0.9778,0.0111,89,michaelthoward,3,0.3333,1.0000,0.0000,1,2
601,1191,ChemFrameRenderer.java,M,5,2,11,0.8462,0.1538,12,michaelthoward,14,0.0000,0.0000,0.0000,0,14
601,1192,ChemFrameRenderer.java,M,10,2,11,0.8462,0.1538,12,michaelthoward,0,0.0000,0.0000,0.0000,0,0
602,1205,ReaderFactory.java,M,5,1,0,0.0000,1.0000,0,egonw,3,0.0000,0.0000,0.0000,0,3
605,314,Measure.java,M,8,5,598,0.9901,0.0083,603,egonw,6,0.3515,1.0000,0.0193,2,4
605,315,Measure.java,M,8,6,597,0.9884,0.0099,603,egonw,6,0.3612,0.9766,0.0312,2,4
605,316,Measure.java,M,8,5,598,0.9901,0.0083,603,egonw,6,0.3515,1.0000,0.0193,2,4
605,317,Measure.java,M,8,6,597,0.9884,0.0099,603,egonw,1,0.0616,0.0616,0.0616,0,1
605,319,Measure.java,M,8,6,597,0.9884,0.0099,603,egonw,3,0.0205,0.0616,0.0000,0,3
605,321,Measure.java,M,5,7,596,0.9868,0.0116,603,egonw,19,0.2856,1.0000,0.0000,5,14
605,322,Measure.java,M,5,7,596,0.9868,0.0116,603,egonw,19,0.2856,1.0000,0.0000,5,14
605,323,Measure.java,M,5,6,596,0.9868,0.0099,603,egonw,19,0.2855,0.9999,0.0000,5,14
605,324,Measure.java,M,5,6,597,0.9884,0.0099,603,egonw,19,0.2856,1.0000,0.0000,5,14
605,325,Measure.java,M,5,6,597,0.9884,0.0099,603,egonw,19,0.2832,0.9900,0.0000,5,14
605,326,Measure.java,M,5,6,597,0.9884,0.0099,603,egonw,19,0.2856,1.0000,0.0000,5,14
605,749,AtomTypesModel.java,M,6,4,386,0.9897,0.0103,389,egonw,3,0.0001,0.0002,0.0000,0,3
605,1141,PreferencesDialog.java,M,11,2,24,0.8889,0.0741,26,egonw,4,0.0000,0.0000,0.0000,0,4
605,1144,PreferencesDialog.java,M,5,2,24,0.8889,0.0741,26,egonw,1,0.0000,0.0000,0.0000,0,1
605,1154,PreferencesDialog.java,M,6,2,24,0.8889,0.0741,26,egonw,2,0.5000,1.0000,0.0000,1,1
605,1155,PreferencesDialog.java,M,6,2,24,0.8889,0.0741,26,egonw,1,1.0000,1.0000,1.0000,1,0
605,1156,PreferencesDialog.java,M,7,2,24,0.8889,0.0741,26,egonw,4,0.3543,0.3543,0.3543,0,0
605,1157,PreferencesDialog.java,M,6,2,24,0.8889,0.0741,26,egonw,4,0.2500,1.0000,0.0000,1,3
605,1158,PreferencesDialog.java,M,6,2,24,0.8889,0.0741,26,egonw,2,0.0000,0.0000,0.0000,0,2
605,1159,PreferencesDialog.java,M,6,2,24,0.8889,0.0741,26,egonw,4,0.0000,0.0000,0.0000,0,4
605,1160,PreferencesDialog.java,M,6,2,24,0.8889,0.0741,26,egonw,1,1.0000,1.0000,1.0000,1,0
605,1161,PreferencesDialog.java,M,6,2,24,0.8889,0.0741,26,egonw,4,0.2500,1.0000,0.0000,1,3
605,1162,PreferencesDialog.java,M,7,2,24,0.8889,0.0741,26,egonw,1,0.3543,0.3543,0.3543,0,0
605,1163,PreferencesDialog.java,M,6,2,24,0.8889,0.0741,26,egonw,4,0.2500,1.0000,0.0000,1,3
605,1164,PreferencesDialog.java,M,6,2,24,0.8889,0.0741,26,egonw,2,0.5000,1.0000,0.0000,1,1
605,1165,PreferencesDialog.java,M,7,2,24,0.8889,0.0741,26,egonw,2,0.0000,0.0000,0.0000,0,2
605,1173,PreferencesDialog.java,M,5,2,24,0.8889,0.0741,26,egonw,4,0.2500,1.0000,0.0000,1,3
605,1174,PreferencesDialog.java,M,5,2,24,0.8889,0.0741,26,egonw,6,0.1667,1.0000,0.0000,1,5
605,1175,PreferencesDialog.java,M,5,2,24,0.8889,0.0741,26,egonw,6,0.1667,1.0000,0.0000,1,5
605,1176,PreferencesDialog.java,M,6,2,24,0.8889,0.0741,26,egonw,0,0.0000,0.0000,0.0000,0,0
606,991,MeasureRenderer.java,M,12,5,240,0.9756,0.0203,245,michaelthoward,0,0.0000,0.0000,0.0000,0,0
606,992,MeasureRenderer.java,M,15,4,241,0.9797,0.0163,245,michaelthoward,3,0.0201,0.0201,0.0201,0,3
606,1009,WireframeBondRenderer.java,M,53,4,162,0.9701,0.0240,166,michaelthoward,5,0.5155,1.0000,0.0199,3,2
606,1010,QuickdrawBondRenderer.java,M,53,4,162,0.9701,0.0240,166,michaelthoward,5,0.5155,1.0000,0.0199,3,2
606,1011,ShadingBondRenderer.java,M,53,4,162,0.9701,0.0240,166,michaelthoward,5,0.5155,1.0000,0.0199,3,2
606,1070,LineBondRenderer.java,M,53,1,89,0.9368,0.0105,94,michaelthoward,5,0.3225,0.5374,0.0000,3,2
606,1071,QuickdrawAtomRenderer.java,M,27,1,88,0.9263,0.0105,94,michaelthoward,4,0.2687,0.5374,0.0000,2,2
606,1072,ShadingAtomRenderer.java,M,27,2,92,0.9684,0.0211,94,michaelthoward,4,0.3844,1.0000,0.0000,2,2
606,1073,WireframeAtomRenderer.java,M,27,2,92,0.9684,0.0211,94,michaelthoward,4,0.3844,1.0000,0.0000,2,2
606,1191,ChemFrameRenderer.java,M,5,3,15,0.8333,0.1667,17,michaelthoward,14,0.0000,0.0000,0.0000,0,14
606,1192,ChemFrameRenderer.java,M,10,3,15,0.8333,0.1667,17,michaelthoward,0,0.0000,0.0000,0.0000,0,0
613,766,DisplayPanel.java,M,13,5,377,0.9869,0.0131,381,michaelthoward,0,0.0000,0.0000,0.0000,0,0
613,770,DisplayPanel.java,M,6,9,373,0.9764,0.0236,381,michaelthoward,0,0.0000,0.0000,0.0000,0,0
613,779,DisplayPanel.java,M,5,10,363,0.9732,0.0268,372,michaelthoward,1,0.9341,0.9341,0.9341,1,0
613,785,DisplayPanel.java,M,34,5,368,0.9866,0.0134,372,michaelthoward,1,0.9736,0.9736,0.9736,1,0
613,786,DisplayPanel.java,M,34,8,365,0.9786,0.0214,372,michaelthoward,1,0.9736,0.9736,0.9736,1,0
613,787,DisplayPanel.java,M,11,9,364,0.9759,0.0241,372,michaelthoward,4,0.1914,0.7533,0.0000,1,3
613,788,DisplayPanel.java,M,11,10,362,0.9705,0.0268,372,michaelthoward,4,0.1907,0.7533,0.0000,1,3
613,789,DisplayPanel.java,M,17,5,368,0.9866,0.0134,372,michaelthoward,5,0.0001,0.0002,0.0000,0,5
613,791,DisplayPanel.java,M,5,10,363,0.9732,0.0268,372,michaelthoward,7,0.0016,0.0112,0.0000,0,7
613,792,DisplayPanel.java,M,5,9,364,0.9759,0.0241,372,michaelthoward,0,0.0000,0.0000,0.0000,0,0
613,793,DisplayPanel.java,M,5,8,365,0.9786,0.0214,372,michaelthoward,4,0.0001,0.0002,0.0000,0,4
613,1082,DisplayPanel.java,M,69,3,71,0.9595,0.0405,73,michaelthoward,1,0.3758,0.3758,0.3758,0,0
613,1085,DisplayPanel.java,M,5,4,69,0.9452,0.0548,72,michaelthoward,1,0.9341,0.9341,0.9341,1,0
615,1106,ABINITReader.java,M,6,2,38,0.9268,0.0488,40,fdortu,1,0.0000,0.0000,0.0000,0,1
615,1231,ABINITReader.java,M,5,1,0,0.0000,1.0000,0,fdortu,2,0.0000,0.0000,0.0000,0,2
616,1129,CrystalPropertiesDialog.java,M,12,1,40,0.9524,0.0238,41,fdortu,4,0.2500,1.0000,0.0000,1,3
616,1130,CrystalPropertiesDialog.java,M,12,1,40,0.9524,0.0238,41,fdortu,4,0.2500,1.0000,0.0000,1,3
616,1131,CrystalPropertiesDialog.java,M,7,1,40,0.9524,0.0238,41,fdortu,2,0.2870,0.5740,0.0000,1,1
616,1132,CrystalPropertiesDialog.java,M,7,3,38,0.9048,0.0714,41,fdortu,2,0.2870,0.5740,0.0000,1,1
616,1133,CrystalPropertiesDialog.java,M,8,3,38,0.9048,0.0714,41,fdortu,2,0.2130,0.4260,0.0000,0,1
616,1183,CrystalPropertiesDialog.java,M,5,2,27,0.9310,0.0690,28,fdortu,14,0.0000,0.0000,0.0000,0,14
616,1233,CrystalPropertiesDialog.java,M,8,1,0,0.0000,1.0000,0,fdortu,2,0.5000,1.0000,0.0000,1,1
616,1234,CrystalPropertiesDialog.java,M,8,1,0,0.0000,1.0000,0,fdortu,4,0.0000,0.0000,0.0000,0,4
616,1235,CrystalPropertiesDialog.java,M,8,1,0,0.0000,1.0000,0,fdortu,2,0.5000,1.0000,0.0000,1,1
616,1236,CrystalPropertiesDialog.java,M,5,1,0,0.0000,1.0000,0,fdortu,2,0.5000,1.0000,0.0000,1,1
616,1237,CrystalPropertiesDialog.java,M,5,1,0,0.0000,1.0000,0,fdortu,0,0.0000,0.0000,0.0000,0,0
616,1238,CrystalPropertiesDialog.java,M,5,1,0,0.0000,1.0000,0,fdortu,2,0.5000,1.0000,0.0000,1,1
616,1239,CrystalPropertiesDialog.java,M,23,1,0,0.0000,1.0000,0,fdortu,2,0.0000,0.0000,0.0000,0,2
627,72,Animate.java,M,11,6,619,0.9888,0.0096,625,egonw,5,0.0066,0.0328,0.0000,0,5
627,125,Animate.java,M,8,5,620,0.9904,0.0080,625,egonw,6,0.1035,0.5735,0.0001,1,5
627,128,Animate.java,M,5,10,615,0.9824,0.0160,625,egonw,8,0.1001,0.6340,0.0000,1,7
627,139,Animate.java,M,8,8,617,0.9856,0.0128,625,egonw,2,0.0745,0.1491,0.0000,0,2
627,141,Animate.java,M,7,9,616,0.9840,0.0144,625,egonw,0,0.0000,0.0000,0.0000,0,0
627,148,Animate.java,M,5,10,615,0.9824,0.0160,625,egonw,6,0.0080,0.0150,0.0000,0,6
627,160,Animate.java,M,6,1,249,0.3978,0.0016,625,egonw,1,0.0000,0.0000,0.0000,0,1
627,189,ChemFrame.java,M,8,12,610,0.9744,0.0192,625,egonw,1,0.0001,0.0001,0.0001,0,1
627,205,ChemFrame.java,M,5,23,468,0.7476,0.0367,625,egonw,6,0.0957,0.5735,0.0000,1,5
627,487,ChemFrame.java,M,5,3,91,0.1529,0.0050,594,egonw,8,0.0792,0.6340,0.0000,1,7
627,531,JMolCDO.java,M,5,8,531,0.8924,0.0134,594,egonw,6,0.3334,1.0000,0.0000,2,4
627,621,ChemFrame.java,M,5,13,317,0.5355,0.0220,591,egonw,19,0.0000,0.0000,0.0000,0,19
627,639,ChemFrame.java,M,5,16,572,0.9728,0.0272,587,egonw,7,0.0003,0.0003,0.0003,0,7
627,669,JMolCDO.java,M,28,6,520,0.9886,0.0114,525,egonw,4,0.0052,0.0206,0.0001,0,4
627,805,JaguarReader.java,M,11,5,360,0.9836,0.0137,365,egonw,0,0.0000,0.0000,0.0000,0,0
627,823,JaguarReader.java,M,9,5,360,0.9836,0.0137,365,egonw,12,0.1731,1.0000,0.0000,2,10
627,824,JaguarReader.java,M,9,5,360,0.9836,0.0137,365,egonw,12,0.1731,1.0000,0.0000,2,10
627,825,JaguarReader.java,M,9,4,361,0.9863,0.0109,365,egonw,12,0.1730,0.9999,0.0000,2,10
627,1030,JaguarReader.java,M,7,2,154,0.9872,0.0128,155,egonw,2,0.0064,0.0127,0.0000,0,2
627,1045,ChemFrame.java,M,7,5,94,0.7015,0.0373,133,egonw,2,0.1156,0.2312,0.0000,0,1
627,1046,ChemFrame.java,M,7,7,127,0.9478,0.0522,133,egonw,2,0.0000,0.0000,0.0000,0,2
627,1047,ChemFrame.java,M,6,6,86,0.6418,0.0448,133,egonw,1,0.0000,0.0000,0.0000,0,1
627,1085,DisplayPanel.java,M,5,5,82,0.9425,0.0575,86,egonw,1,0.4997,0.4997,0.4997,0,0
627,1116,Animate.java,M,9,1,52,0.9811,0.0189,52,egonw,4,0.0000,0.0000,0.0000,0,4
627,1123,UnitCellBox.java,M,6,1,51,0.9623,0.0189,52,egonw,6,0.3333,1.0000,0.0000,2,4
627,1124,UnitCellBox.java,M,6,1,51,0.9623,0.0189,52,egonw,6,0.3333,1.0000,0.0000,2,4
627,1126,UnitCellBox.java,M,13,1,51,0.9623,0.0189,52,egonw,10,0.0000,0.0000,0.0000,0,10
627,1137,UnitCellBox.java,M,14,1,51,0.9623,0.0189,52,egonw,1,1.0000,1.0000,1.0000,1,0
627,1138,UnitCellBox.java,M,14,1,51,0.9623,0.0189,52,egonw,1,1.0000,1.0000,1.0000,1,0
627,1139,UnitCellBox.java,M,21,1,51,0.9623,0.0189,52,egonw,2,0.5000,1.0000,0.0000,1,1
627,1140,UnitCellBox.java,M,21,1,51,0.9623,0.0189,52,egonw,2,0.5000,1.0000,0.0000,1,1
629,766,DisplayPanel.java,M,13,6,392,0.9849,0.0151,397,michaelthoward,0,0.0000,0.0000,0.0000,0,0
629,770,DisplayPanel.java,M,6,10,388,0.9749,0.0251,397,michaelthoward,0,0.0000,0.0000,0.0000,0,0
629,779,DisplayPanel.java,M,5,11,378,0.9717,0.0283,388,michaelthoward,1,0.6651,0.6651,0.6651,1,0
629,785,DisplayPanel.java,M,34,6,383,0.9846,0.0154,388,michaelthoward,1,0.9896,0.9896,0.9896,1,0
629,786,DisplayPanel.java,M,34,9,380,0.9769,0.0231,388,michaelthoward,1,0.9896,0.9896,0.9896,1,0
629,787,DisplayPanel.java,M,11,10,379,0.9743,0.0257,388,michaelthoward,4,0.2169,0.8617,0.0000,1,3
629,788,DisplayPanel.java,M,11,11,377,0.9692,0.0283,388,michaelthoward,4,0.2168,0.8617,0.0000,1,3
629,789,DisplayPanel.java,M,17,6,383,0.9846,0.0154,388,michaelthoward,5,0.0000,0.0001,0.0000,0,5
629,791,DisplayPanel.java,M,5,11,378,0.9717,0.0283,388,michaelthoward,7,0.0008,0.0059,0.0000,0,7
629,792,DisplayPanel.java,M,5,10,379,0.9743,0.0257,388,michaelthoward,0,0.0000,0.0000,0.0000,0,0
629,793,DisplayPanel.java,M,5,9,380,0.9769,0.0231,388,michaelthoward,4,0.0000,0.0001,0.0000,0,4
629,835,DisplayPanel.java,M,19,6,310,0.9337,0.0181,331,michaelthoward,1,0.0194,0.0194,0.0194,0,1
629,1082,DisplayPanel.java,M,69,4,86,0.9556,0.0444,89,michaelthoward,1,0.1871,0.1871,0.1871,0,1
629,1085,DisplayPanel.java,M,5,6,83,0.9326,0.0674,88,michaelthoward,1,0.6651,0.6651,0.6651,1,0
630,770,DisplayPanel.java,M,6,11,388,0.9724,0.0276,398,michaelthoward,0,0.0000,0.0000,0.0000,0,0
630,779,DisplayPanel.java,M,5,12,378,0.9692,0.0308,389,michaelthoward,2,0.3751,0.7502,0.0000,1,1
630,785,DisplayPanel.java,M,34,7,383,0.9821,0.0179,389,michaelthoward,1,0.9936,0.9936,0.9936,1,0
630,786,DisplayPanel.java,M,34,10,380,0.9744,0.0256,389,michaelthoward,1,0.9936,0.9936,0.9936,1,0
630,787,DisplayPanel.java,M,11,11,379,0.9718,0.0282,389,michaelthoward,4,0.2272,0.9048,0.0000,1,3
630,788,DisplayPanel.java,M,11,12,377,0.9667,0.0308,389,michaelthoward,4,0.2271,0.9048,0.0000,1,3
630,791,DisplayPanel.java,M,5,12,378,0.9692,0.0308,389,michaelthoward,7,0.0006,0.0039,0.0000,0,7
630,792,DisplayPanel.java,M,5,11,379,0.9718,0.0282,389,michaelthoward,0,0.0000,0.0000,0.0000,0,0
630,793,DisplayPanel.java,M,5,10,380,0.9744,0.0256,389,michaelthoward,4,0.0000,0.0000,0.0000,0,4
630,835,DisplayPanel.java,M,19,7,310,0.9309,0.0210,332,michaelthoward,1,0.0096,0.0096,0.0096,0,1
630,1082,DisplayPanel.java,M,69,5,86,0.9451,0.0549,90,michaelthoward,1,0.1233,0.1233,0.1233,0,1
630,1085,DisplayPanel.java,M,5,7,83,0.9222,0.0778,89,michaelthoward,2,0.3751,0.7502,0.0000,1,1
631,1191,ChemFrameRenderer.java,M,5,4,39,0.9070,0.0930,42,michaelthoward,14,0.0000,0.0000,0.0000,0,14
631,1192,ChemFrameRenderer.java,M,10,4,39,0.9070,0.0930,42,michaelthoward,0,0.0000,0.0000,0.0000,0,0
632,1191,ChemFrameRenderer.java,M,5,5,39,0.8864,0.1136,43,michaelthoward,14,0.0000,0.0000,0.0000,0,14
632,1192,ChemFrameRenderer.java,M,10,5,39,0.8864,0.1136,43,michaelthoward,0,0.0000,0.0000,0.0000,0,0
633,1191,ChemFrameRenderer.java,M,5,6,39,0.8667,0.1333,44,michaelthoward,14,0.0000,0.0000,0.0000,0,14
633,1192,ChemFrameRenderer.java,M,10,6,39,0.8667,0.1333,44,michaelthoward,0,0.0000,0.0000,0.0000,0,0
637,1113,CrystalPropertiesDialog.java,M,9,3,58,0.9206,0.0476,62,fdortu,4,0.1631,0.6525,0.0000,1,3
637,1117,CrystalPropertiesDialog.java,M,5,3,58,0.9206,0.0476,62,fdortu,18,0.0000,0.0000,0.0000,0,18
637,1122,CrystalPropertiesDialog.java,M,5,3,58,0.9206,0.0476,62,fdortu,0,0.0000,0.0000,0.0000,0,0
637,1132,CrystalPropertiesDialog.java,M,7,4,58,0.9206,0.0635,62,fdortu,2,0.1381,0.2763,0.0000,0,1
637,1133,CrystalPropertiesDialog.java,M,8,4,58,0.9206,0.0635,62,fdortu,2,0.1025,0.2050,0.0000,0,1
637,1183,CrystalPropertiesDialog.java,M,5,3,47,0.9400,0.0600,49,fdortu,14,0.0000,0.0000,0.0000,0,14
637,1233,CrystalPropertiesDialog.java,M,8,2,20,0.9091,0.0909,21,fdortu,2,0.5000,1.0000,0.0000,1,1
637,1234,CrystalPropertiesDialog.java,M,8,2,20,0.9091,0.0909,21,fdortu,4,0.1631,0.6525,0.0000,1,3
637,1235,CrystalPropertiesDialog.java,M,8,2,20,0.9091,0.0909,21,fdortu,2,0.5000,1.0000,0.0000,1,1
637,1236,CrystalPropertiesDialog.java,M,5,2,20,0.9091,0.0909,21,fdortu,2,0.5000,1.0000,0.0000,1,1
637,1237,CrystalPropertiesDialog.java,M,5,2,20,0.9091,0.0909,21,fdortu,0,0.0000,0.0000,0.0000,0,0
637,1238,CrystalPropertiesDialog.java,M,5,2,20,0.9091,0.0909,21,fdortu,2,0.5000,1.0000,0.0000,1,1
637,1239,CrystalPropertiesDialog.java,M,23,2,20,0.9091,0.0909,21,fdortu,2,0.0000,0.0000,0.0000,0,2
638,1062,AtomShape.java,M,8,1,125,0.9843,0.0079,126,michaelthoward,2,0.0000,0.0000,0.0000,0,2
638,1191,ChemFrameRenderer.java,M,5,7,43,0.8600,0.1400,49,michaelthoward,14,0.0000,0.0000,0.0000,0,14
638,1192,ChemFrameRenderer.java,M,10,7,43,0.8600,0.1400,49,michaelthoward,0,0.0000,0.0000,0.0000,0,0
644,1062,AtomShape.java,M,8,2,130,0.9774,0.0150,132,michaelthoward,2,0.2724,0.5449,0.0000,1,1
644,1248,AtomShape.java,M,5,1,5,0.7143,0.1429,6,michaelthoward,5,0.0000,0.0000,0.0000,0,5
644,1251,AtomShape.java,M,8,1,5,0.7143,0.1429,6,michaelthoward,1,1.0000,1.0000,1.0000,1,0
644,1252,AtomShape.java,M,8,1,5,0.7143,0.1429,6,michaelthoward,1,1.0000,1.0000,1.0000,1,0
644,1253,AtomShape.java,M,5,1,5,0.7143,0.1429,6,michaelthoward,7,0.1429,1.0000,0.0000,1,6
644,1255,AtomShape.java,M,5,1,5,0.7143,0.1429,6,michaelthoward,8,0.1250,1.0000,0.0000,1,7
644,1256,AtomShape.java,M,5,1,5,0.7143,0.1429,6,michaelthoward,8,0.1250,1.0000,0.0000,1,7
644,1257,AtomShape.java,M,5,1,5,0.7143,0.1429,6,michaelthoward,2,0.2724,0.5449,0.0000,1,1
644,1260,AtomShape.java,M,5,1,0,0.0000,1.0000,0,michaelthoward,7,0.1429,1.0000,0.0000,1,6
645,713,Atom.java,M,5,7,476,0.9855,0.0145,482,michaelthoward,2,0.0000,0.0000,0.0000,0,2
645,873,Atom.java,M,10,3,310,0.9904,0.0096,312,michaelthoward,3,0.0000,0.0000,0.0000,0,3
645,991,MeasureRenderer.java,M,12,6,278,0.9754,0.0211,284,michaelthoward,0,0.0000,0.0000,0.0000,0,0
645,992,MeasureRenderer.java,M,15,5,279,0.9789,0.0175,284,michaelthoward,4,0.2063,0.8023,0.0076,1,3
645,993,MeasureRenderer.java,M,15,5,240,0.8421,0.0175,284,michaelthoward,4,0.2076,0.8023,0.0093,1,3
645,1005,Atom.java,M,5,2,206,0.9904,0.0096,207,michaelthoward,0,0.0000,0.0000,0.0000,0,0
645,1006,Atom.java,M,8,3,205,0.9856,0.0144,207,michaelthoward,0,0.0000,0.0000,0.0000,0,0
645,1009,WireframeBondRenderer.java,M,53,5,200,0.9709,0.0243,205,michaelthoward,5,0.5692,1.0000,0.0075,3,2
645,1010,QuickdrawBondRenderer.java,M,53,5,200,0.9709,0.0243,205,michaelthoward,5,0.5692,1.0000,0.0075,3,2
645,1011,ShadingBondRenderer.java,M,53,5,200,0.9709,0.0243,205,michaelthoward,5,0.5692,1.0000,0.0075,3,2
645,1043,Atom.java,M,6,2,150,0.9868,0.0132,151,michaelthoward,1,0.0000,0.0000,0.0000,0,1
645,1070,LineBondRenderer.java,M,53,2,127,0.9478,0.0149,133,michaelthoward,5,0.4984,0.8307,0.0000,3,2
645,1071,QuickdrawAtomRenderer.java,M,27,2,126,0.9403,0.0149,133,michaelthoward,4,0.4153,0.8307,0.0000,2,2
645,1072,ShadingAtomRenderer.java,M,27,3,130,0.9701,0.0224,133,michaelthoward,4,0.4577,1.0000,0.0000,2,2
645,1073,WireframeAtomRenderer.java,M,27,3,130,0.9701,0.0224,133,michaelthoward,4,0.4577,1.0000,0.0000,2,2
645,1249,AtomLabelShape.java,M,53,1,7,0.8750,0.1250,7,michaelthoward,2,0.5000,1.0000,0.0000,1,1
645,1250,AtomShape.java,M,53,1,6,0.7500,0.1250,7,michaelthoward,2,0.5000,1.0000,0.0000,1,1
647,189,ChemFrame.java,M,8,13,629,0.9737,0.0201,645,michaelthoward,1,0.0000,0.0000,0.0000,0,1
647,236,Jmol.java,M,6,29,461,0.7136,0.0449,645,michaelthoward,7,0.0006,0.0039,0.0000,0,7
647,275,Jmol.java,M,5,33,516,0.7988,0.0511,645,michaelthoward,6,0.0036,0.0083,0.0000,0,6
647,487,ChemFrame.java,M,5,4,110,0.1789,0.0065,614,michaelthoward,8,0.0368,0.2942,0.0000,0,7
647,639,ChemFrame.java,M,5,17,591,0.9720,0.0280,607,michaelthoward,7,0.0001,0.0001,0.0001,0,7
647,770,DisplayPanel.java,M,6,12,404,0.9712,0.0288,415,michaelthoward,0,0.0000,0.0000,0.0000,0,0
647,779,DisplayPanel.java,M,5,13,394,0.9681,0.0319,406,michaelthoward,2,0.4122,0.8245,0.0000,1,1
647,787,DisplayPanel.java,M,11,12,395,0.9705,0.0295,406,michaelthoward,4,0.2350,0.9373,0.0000,1,3
647,788,DisplayPanel.java,M,11,13,393,0.9656,0.0319,406,michaelthoward,4,0.2349,0.9373,0.0000,1,3
647,792,DisplayPanel.java,M,5,12,395,0.9705,0.0295,406,michaelthoward,0,0.0000,0.0000,0.0000,0,0
647,793,DisplayPanel.java,M,5,11,396,0.9730,0.0270,406,michaelthoward,4,0.0000,0.0000,0.0000,0,4
647,835,DisplayPanel.java,M,19,8,326,0.9314,0.0229,349,michaelthoward,1,0.0053,0.0053,0.0053,0,1
647,1045,ChemFrame.java,M,7,6,113,0.7338,0.0390,153,michaelthoward,2,0.0560,0.1120,0.0000,0,2
647,1082,DisplayPanel.java,M,69,6,102,0.9444,0.0556,107,michaelthoward,1,0.0786,0.0786,0.0786,0,1
647,1085,DisplayPanel.java,M,5,8,99,0.9252,0.0748,106,michaelthoward,2,0.4122,0.8245,0.0000,1,1
648,487,ChemFrame.java,M,5,5,110,0.1786,0.0081,615,michaelthoward,8,0.0237,0.1895,0.0000,0,8
648,639,ChemFrame.java,M,5,18,591,0.9704,0.0296,608,michaelthoward,7,0.0001,0.0001,0.0001,0,7
649,487,ChemFrame.java,M,5,6,110,0.1783,0.0097,616,michaelthoward,8,0.0173,0.1387,0.0000,0,8
649,639,ChemFrame.java,M,5,19,591,0.9689,0.0311,609,michaelthoward,7,0.0001,0.0001,0.0001,0,7
649,787,DisplayPanel.java,M,11,13,396,0.9682,0.0318,408,michaelthoward,4,0.1724,0.6878,0.0000,1,3
649,792,DisplayPanel.java,M,5,13,396,0.9682,0.0318,408,michaelthoward,0,0.0000,0.0000,0.0000,0,0
649,793,DisplayPanel.java,M,5,12,397,0.9707,0.0293,408,michaelthoward,4,0.0000,0.0000,0.0000,0,4
649,1082,DisplayPanel.java,M,69,7,103,0.9364,0.0636,109,michaelthoward,1,0.0568,0.0568,0.0568,0,1
649,1085,DisplayPanel.java,M,5,9,100,0.9174,0.0826,108,michaelthoward,3,0.6222,1.0000,0.0000,2,1
649,1261,DisplayPanel.java,M,5,1,0,0.0000,1.0000,0,michaelthoward,3,0.6667,1.0000,0.0000,2,1
649,1262,ChemFrame.java,M,33,1,0,0.0000,1.0000,0,michaelthoward,0,0.0000,0.0000,0.0000,0,0
649,1263,CrystalFrame.java,M,37,1,0,0.0000,1.0000,0,michaelthoward,3,0.0000,0.0000,0.0000,0,3
652,1264,AtomShape.java,M,9,1,0,0.0000,1.0000,0,michaelthoward,4,0.2500,1.0000,0.0000,1,3
652,1265,AtomShape.java,M,9,1,0,0.0000,1.0000,0,michaelthoward,4,0.2500,1.0000,0.0000,1,3
654,1257,AtomShape.java,M,5,2,14,0.8235,0.1176,16,michaelthoward,5,0.4688,1.0000,0.0000,3,1
654,1264,AtomShape.java,M,9,2,1,0.3333,0.6667,2,michaelthoward,5,0.5030,1.0000,0.0000,3,2
654,1265,AtomShape.java,M,9,2,1,0.3333,0.6667,2,michaelthoward,5,0.5030,1.0000,0.0000,3,2
654,1266,AtomShape.java,M,5,1,0,0.0000,1.0000,0,michaelthoward,5,0.6000,1.0000,0.0000,3,2
654,1267,AtomShape.java,M,9,1,0,0.0000,1.0000,0,michaelthoward,0,0.0000,0.0000,0.0000,0,0
654,1268,AtomShape.java,M,9,1,0,0.0000,1.0000,0,michaelthoward,0,0.0000,0.0000,0.0000,0,0
671,275,Jmol.java,M,5,34,539,0.8045,0.0507,669,egonw,6,0.0017,0.0043,0.0000,0,6
671,321,Measure.java,M,5,8,661,0.9866,0.0119,669,egonw,17,0.2974,1.0000,0.0000,5,12
671,322,Measure.java,M,5,8,661,0.9866,0.0119,669,egonw,17,0.2974,1.0000,0.0000,5,12
671,323,Measure.java,M,5,7,661,0.9866,0.0104,669,egonw,17,0.2974,1.0000,0.0000,5,12
671,324,Measure.java,M,5,7,662,0.9881,0.0104,669,egonw,17,0.2974,1.0000,0.0000,5,12
671,325,Measure.java,M,5,7,662,0.9881,0.0104,669,egonw,17,0.2970,0.9987,0.0000,5,12
671,326,Measure.java,M,5,7,662,0.9881,0.0104,669,egonw,17,0.2974,1.0000,0.0000,5,12
672,739,RasMolScriptHandler.java,M,10,9,467,0.9811,0.0189,475,egonw,3,0.3334,1.0000,0.0000,1,2
672,740,RasMolScriptHandler.java,M,10,9,467,0.9811,0.0189,475,egonw,3,0.3334,1.0000,0.0000,1,2
672,1080,DisplayPanel.java,M,13,3,130,0.9774,0.0226,132,egonw,3,0.3333,1.0000,0.0000,1,2
672,1081,DisplayPanel.java,M,69,3,130,0.9774,0.0226,132,egonw,1,0.0366,0.0366,0.0366,0,1
672,1084,DisplayPanel.java,M,13,3,129,0.9773,0.0227,131,egonw,3,0.3333,1.0000,0.0000,1,2
672,1113,CrystalPropertiesDialog.java,M,9,4,91,0.9286,0.0408,97,egonw,7,0.2684,1.0000,0.0000,2,5
672,1132,CrystalPropertiesDialog.java,M,7,5,91,0.9286,0.0510,97,egonw,2,0.0556,0.1113,0.0000,0,2
672,1133,CrystalPropertiesDialog.java,M,8,5,91,0.9286,0.0510,97,egonw,1,0.0000,0.0000,0.0000,0,1
672,1234,CrystalPropertiesDialog.java,M,8,3,53,0.9298,0.0526,56,egonw,7,0.2684,1.0000,0.0000,2,5
672,1236,CrystalPropertiesDialog.java,M,5,3,53,0.9298,0.0526,56,egonw,3,0.6667,1.0000,0.0000,2,1
672,1238,CrystalPropertiesDialog.java,M,5,3,53,0.9298,0.0526,56,egonw,3,0.6667,1.0000,0.0000,2,1
672,1270,CrystalPropertiesDialog.java,M,11,1,0,0.0000,1.0000,0,egonw,4,0.0000,0.0000,0.0000,0,4
672,1271,CrystalPropertiesDialog.java,M,9,1,0,0.0000,1.0000,0,egonw,7,0.2857,1.0000,0.0000,2,5
672,1272,CrystalPropertiesDialog.java,M,5,1,0,0.0000,1.0000,0,egonw,3,0.6667,1.0000,0.0000,2,1
672,1273,CrystalPropertiesDialog.java,M,5,1,0,0.0000,1.0000,0,egonw,2,0.0000,0.0000,0.0000,0,2
672,1274,CrystalPropertiesDialog.java,M,23,1,0,0.0000,1.0000,0,egonw,1,1.0000,1.0000,1.0000,1,0
672,1275,CrystalPropertiesDialog.java,M,23,1,0,0.0000,1.0000,0,egonw,1,1.0000,1.0000,1.0000,1,0
673,810,AtomicSymbol.java,M,7,3,407,0.9879,0.0073,411,egonw,1,0.0000,0.0000,0.0000,0,1
674,729,PovrayDialog.java,M,5,2,492,0.9880,0.0040,497,michaelthoward,5,0.0000,0.0000,0.0000,0,5
674,1261,DisplayPanel.java,M,5,2,24,0.9231,0.0769,25,michaelthoward,3,0.2139,0.3208,0.0000,0,1
676,1263,CrystalFrame.java,M,37,2,26,0.9286,0.0714,27,michaelthoward,2,0.0000,0.0000,0.0000,0,2
677,779,DisplayPanel.java,M,5,14,423,0.9680,0.0320,436,michaelthoward,3,0.2470,0.5570,0.0000,1,2
679,744,DisplaySettings.java,M,9,9,462,0.9809,0.0191,470,michaelthoward,1,0.9957,0.9957,0.9957,1,0
679,745,DisplaySettings.java,M,9,9,462,0.9809,0.0191,470,michaelthoward,1,0.9957,0.9957,0.9957,1,0
679,1077,DisplaySettings.java,M,10,2,149,0.9868,0.0132,150,michaelthoward,2,0.0000,0.0000,0.0000,0,2
679,1089,DisplaySettings.java,M,8,1,137,0.9856,0.0072,138,michaelthoward,6,0.6312,0.9468,0.0000,4,2
679,1090,DisplaySettings.java,M,8,2,136,0.9784,0.0144,138,michaelthoward,6,0.6578,1.0000,0.0000,4,2
679,1091,DisplaySettings.java,M,8,2,136,0.9784,0.0144,138,michaelthoward,6,0.6578,1.0000,0.0000,4,2
679,1092,DisplaySettings.java,M,8,2,136,0.9784,0.0144,138,michaelthoward,6,0.6578,1.0000,0.0000,4,2
679,1093,DisplaySettings.java,M,8,2,136,0.9784,0.0144,138,michaelthoward,6,0.6578,1.0000,0.0000,4,2
680,1141,PreferencesDialog.java,M,11,3,98,0.9608,0.0294,101,michaelthoward,4,0.0000,0.0000,0.0000,0,4
680,1144,PreferencesDialog.java,M,5,3,98,0.9608,0.0294,101,michaelthoward,1,0.0000,0.0000,0.0000,0,1
680,1154,PreferencesDialog.java,M,6,3,98,0.9608,0.0294,101,michaelthoward,1,0.1403,0.1403,0.1403,0,1
680,1155,PreferencesDialog.java,M,6,3,98,0.9608,0.0294,101,michaelthoward,1,0.1403,0.1403,0.1403,0,1
680,1156,PreferencesDialog.java,M,7,3,98,0.9608,0.0294,101,michaelthoward,4,0.6945,0.9094,0.0497,3,1
680,1169,PreferencesDialog.java,M,7,2,99,0.9706,0.0196,101,michaelthoward,4,0.7410,1.0000,0.0547,3,1
680,1170,PreferencesDialog.java,M,7,2,99,0.9706,0.0196,101,michaelthoward,4,0.7410,1.0000,0.0547,3,1
680,1171,PreferencesDialog.java,M,7,2,99,0.9706,0.0196,101,michaelthoward,4,0.7410,1.0000,0.0547,3,1
680,1172,PreferencesDialog.java,M,7,2,99,0.9706,0.0196,101,michaelthoward,1,0.0497,0.0497,0.0497,0,1
680,1173,PreferencesDialog.java,M,5,3,98,0.9608,0.0294,101,michaelthoward,3,0.0468,0.1403,0.0000,0,3
680,1174,PreferencesDialog.java,M,5,3,98,0.9608,0.0294,101,michaelthoward,6,0.1667,1.0000,0.0000,1,5
680,1175,PreferencesDialog.java,M,5,3,98,0.9608,0.0294,101,michaelthoward,6,0.1667,1.0000,0.0000,1,5
680,1176,PreferencesDialog.java,M,6,3,98,0.9608,0.0294,101,michaelthoward,0,0.0000,0.0000,0.0000,0,0
687,769,DisplayPanel.java,M,29,2,319,0.6996,0.0044,455,michaelthoward,1,1.0000,1.0000,1.0000,1,0
687,788,DisplayPanel.java,M,11,14,432,0.9664,0.0313,446,michaelthoward,4,0.0941,0.3754,0.0000,0,3
687,790,DisplayPanel.java,M,29,4,309,0.6913,0.0089,446,michaelthoward,1,1.0000,1.0000,1.0000,1,0
687,1080,DisplayPanel.java,M,13,4,144,0.9730,0.0270,147,michaelthoward,3,0.3333,1.0000,0.0000,1,2
687,1084,DisplayPanel.java,M,13,4,143,0.9728,0.0272,146,michaelthoward,3,0.3333,1.0000,0.0000,1,2
687,1266,AtomShape.java,M,5,2,31,0.9118,0.0588,33,michaelthoward,5,0.1625,0.2709,0.0000,0,2
687,1267,AtomShape.java,M,9,2,31,0.9118,0.0588,33,michaelthoward,0,0.0000,0.0000,0.0000,0,0
688,770,DisplayPanel.java,M,6,13,444,0.9716,0.0284,456,michaelthoward,0,0.0000,0.0000,0.0000,0,0
688,787,DisplayPanel.java,M,11,14,434,0.9688,0.0313,447,michaelthoward,4,0.1439,0.5745,0.0000,1,3
688,788,DisplayPanel.java,M,11,15,432,0.9643,0.0335,447,michaelthoward,4,0.1438,0.5745,0.0000,1,3
688,792,DisplayPanel.java,M,5,14,434,0.9688,0.0313,447,michaelthoward,0,0.0000,0.0000,0.0000,0,0
688,793,DisplayPanel.java,M,5,13,435,0.9710,0.0290,447,michaelthoward,4,0.0000,0.0000,0.0000,0,4
688,1085,DisplayPanel.java,M,5,10,138,0.9324,0.0676,147,michaelthoward,3,0.4567,0.7041,0.0000,2,1
688,1261,DisplayPanel.java,M,5,3,37,0.9250,0.0750,39,michaelthoward,3,0.3846,0.6660,0.0000,1,1
689,770,DisplayPanel.java,M,6,14,444,0.9694,0.0306,457,michaelthoward,0,0.0000,0.0000,0.0000,0,0
689,779,DisplayPanel.java,M,5,15,434,0.9666,0.0334,448,michaelthoward,3,0.4698,0.7795,0.0000,2,1
689,787,DisplayPanel.java,M,11,15,434,0.9666,0.0334,448,michaelthoward,4,0.1701,0.6797,0.0000,1,3
689,788,DisplayPanel.java,M,11,16,432,0.9621,0.0356,448,michaelthoward,4,0.1701,0.6797,0.0000,1,3
689,791,DisplayPanel.java,M,5,13,436,0.9710,0.0290,448,michaelthoward,7,0.0002,0.0013,0.0000,0,7
689,792,DisplayPanel.java,M,5,15,434,0.9666,0.0334,448,michaelthoward,0,0.0000,0.0000,0.0000,0,0
689,1085,DisplayPanel.java,M,5,11,138,0.9262,0.0738,148,michaelthoward,3,0.5201,0.7808,0.0000,2,1
689,1261,DisplayPanel.java,M,5,4,37,0.9024,0.0976,40,michaelthoward,3,0.4702,0.7808,0.0000,2,1
690,487,ChemFrame.java,M,5,7,150,0.2280,0.0106,657,michaelthoward,8,0.0090,0.0723,0.0000,0,8
690,639,ChemFrame.java,M,5,20,631,0.9693,0.0307,650,michaelthoward,8,0.0000,0.0000,0.0000,0,8
690,779,DisplayPanel.java,M,5,16,434,0.9644,0.0356,449,michaelthoward,2,0.3560,0.7121,0.0000,1,1
690,791,DisplayPanel.java,M,5,14,436,0.9689,0.0311,449,michaelthoward,7,0.0001,0.0008,0.0000,0,7
690,792,DisplayPanel.java,M,5,16,434,0.9644,0.0356,449,michaelthoward,0,0.0000,0.0000,0.0000,0,0
690,793,DisplayPanel.java,M,5,14,436,0.9689,0.0311,449,michaelthoward,4,0.0000,0.0000,0.0000,0,4
690,1045,ChemFrame.java,M,7,7,155,0.7868,0.0355,196,michaelthoward,2,0.2760,0.5130,0.0390,1,1
690,1261,DisplayPanel.java,M,5,5,37,0.8810,0.1190,41,michaelthoward,2,0.3560,0.7121,0.0000,1,1
690,1262,ChemFrame.java,M,33,2,40,0.9524,0.0476,41,michaelthoward,0,0.0000,0.0000,0.0000,0,0
690,1263,CrystalFrame.java,M,37,3,39,0.9286,0.0714,41,michaelthoward,2,0.2565,0.5130,0.0000,1,1
691,791,DisplayPanel.java,M,5,15,436,0.9667,0.0333,450,michaelthoward,7,0.0001,0.0006,0.0000,0,7
692,487,ChemFrame.java,M,5,8,151,0.2288,0.0121,659,michaelthoward,8,0.0485,0.3399,0.0000,0,7
692,639,ChemFrame.java,M,5,21,632,0.9678,0.0322,652,michaelthoward,8,0.0000,0.0000,0.0000,0,8
692,1045,ChemFrame.java,M,7,8,156,0.7839,0.0402,198,michaelthoward,2,0.1776,0.3321,0.0230,0,1
692,1066,AtomVectorShape.java,M,5,1,178,0.9834,0.0055,180,michaelthoward,8,0.0425,0.3399,0.0000,0,7
692,1191,ChemFrameRenderer.java,M,5,8,95,0.9135,0.0769,103,michaelthoward,13,0.0000,0.0000,0.0000,0,13
692,1192,ChemFrameRenderer.java,M,10,8,95,0.9135,0.0769,103,michaelthoward,0,0.0000,0.0000,0.0000,0,0
692,1262,ChemFrame.java,M,33,3,41,0.9318,0.0682,43,michaelthoward,0,0.0000,0.0000,0.0000,0,0
693,487,ChemFrame.java,M,5,9,151,0.2284,0.0136,660,michaelthoward,8,0.0359,0.2517,0.0000,0,7
693,639,ChemFrame.java,M,5,22,632,0.9664,0.0336,653,michaelthoward,8,0.0000,0.0000,0.0000,0,8
693,713,Atom.java,M,5,8,523,0.9849,0.0151,530,michaelthoward,2,0.0000,0.0000,0.0000,0,2
693,1005,Atom.java,M,5,3,253,0.9883,0.0117,255,michaelthoward,0,0.0000,0.0000,0.0000,0,0
693,1006,Atom.java,M,8,4,252,0.9844,0.0156,255,michaelthoward,0,0.0000,0.0000,0.0000,0,0
701,1264,AtomShape.java,M,9,3,46,0.9200,0.0600,49,michaelthoward,5,0.2588,1.0000,0.0000,1,4
701,1265,AtomShape.java,M,9,3,46,0.9200,0.0600,49,michaelthoward,5,0.2588,1.0000,0.0000,1,4
702,1257,AtomShape.java,M,5,3,60,0.9231,0.0462,64,michaelthoward,5,0.3581,0.6599,0.0000,3,2
702,1264,AtomShape.java,M,9,4,46,0.9020,0.0784,50,michaelthoward,5,0.3887,1.0000,0.0000,2,2
702,1265,AtomShape.java,M,9,4,46,0.9020,0.0784,50,michaelthoward,5,0.3887,1.0000,0.0000,2,2
702,1266,AtomShape.java,M,5,3,45,0.9184,0.0612,48,michaelthoward,5,0.3059,0.6599,0.0000,1,2
702,1267,AtomShape.java,M,9,3,45,0.9184,0.0612,48,michaelthoward,0,0.0000,0.0000,0.0000,0,0
702,1268,AtomShape.java,M,9,2,46,0.9388,0.0408,48,michaelthoward,0,0.0000,0.0000,0.0000,0,0
703,713,Atom.java,M,5,9,532,0.9834,0.0166,540,egonw,3,0.3333,1.0000,0.0000,1,2
703,873,Atom.java,M,10,4,367,0.9892,0.0108,370,egonw,3,0.0000,0.0000,0.0000,0,3
703,1005,Atom.java,M,5,4,262,0.9850,0.0150,265,egonw,0,0.0000,0.0000,0.0000,0,0
703,1006,Atom.java,M,8,5,261,0.9812,0.0188,265,egonw,0,0.0000,0.0000,0.0000,0,0
703,1286,Atom.java,M,7,1,0,0.0000,1.0000,0,egonw,3,0.3333,1.0000,0.0000,1,2
705,743,Bond.java,M,8,6,495,0.9880,0.0120,500,egonw,8,0.0005,0.0020,0.0000,0,8
706,269,Jmol.java,M,6,16,687,0.9745,0.0227,704,egonw,6,0.0026,0.0030,0.0018,0,6
706,275,Jmol.java,M,5,35,572,0.8113,0.0496,704,egonw,6,0.0007,0.0018,0.0000,0,6
707,739,RasMolScriptHandler.java,M,10,10,500,0.9785,0.0196,510,michaelthoward,3,0.3333,1.0000,0.0000,1,2
707,740,RasMolScriptHandler.java,M,10,10,500,0.9785,0.0196,510,michaelthoward,3,0.3333,1.0000,0.0000,1,2
707,766,DisplayPanel.java,M,13,7,469,0.9853,0.0147,475,michaelthoward,0,0.0000,0.0000,0.0000,0,0
707,792,DisplayPanel.java,M,5,17,450,0.9636,0.0364,466,michaelthoward,0,0.0000,0.0000,0.0000,0,0
707,793,DisplayPanel.java,M,5,15,452,0.9679,0.0321,466,michaelthoward,4,0.0000,0.0000,0.0000,0,4
709,793,DisplayPanel.java,M,5,16,453,0.9659,0.0341,468,michaelthoward,4,0.0000,0.0000,0.0000,0,4
709,991,MeasureRenderer.java,M,12,7,340,0.9742,0.0201,348,michaelthoward,0,0.0000,0.0000,0.0000,0,0
709,992,MeasureRenderer.java,M,15,6,341,0.9771,0.0172,348,michaelthoward,4,0.2417,0.9623,0.0014,1,3
709,993,MeasureRenderer.java,M,15,6,302,0.8653,0.0172,348,michaelthoward,4,0.2417,0.9623,0.0015,1,3
709,1289,DisplayControl.java,M,5,1,1,0.3333,0.3333,2,michaelthoward,4,0.2500,1.0000,0.0000,1,3
709,1292,DisplayControl.java,M,5,1,0,0.0000,1.0000,0,michaelthoward,4,0.2500,1.0000,0.0000,1,3
710,729,PovrayDialog.java,M,5,3,527,0.9869,0.0056,533,michaelthoward,5,0.0000,0.0000,0.0000,0,5
710,1294,PovraySaver.java,M,5,1,0,0.0000,1.0000,0,michaelthoward,1,0.0000,0.0000,0.0000,0,1
711,743,Bond.java,M,8,7,500,0.9862,0.0138,506,egonw,8,0.0002,0.0009,0.0000,0,8
712,1266,AtomShape.java,M,5,4,54,0.9153,0.0678,58,michaelthoward,5,0.1947,0.3836,0.0000,0,2
712,1267,AtomShape.java,M,9,4,54,0.9153,0.0678,58,michaelthoward,0,0.0000,0.0000,0.0000,0,0
713,608,BaseAtomType.java,M,10,4,666,0.9823,0.0059,677,egonw,3,0.0000,0.0000,0.0000,0,3
714,991,MeasureRenderer.java,M,12,8,344,0.9718,0.0226,353,michaelthoward,2,0.5000,1.0000,0.0000,1,1
714,1089,DisplaySettings.java,M,8,2,171,0.9828,0.0115,173,michaelthoward,6,0.6571,0.9857,0.0000,4,2
714,1090,DisplaySettings.java,M,8,3,170,0.9770,0.0172,173,michaelthoward,6,0.6643,1.0000,0.0000,4,2
714,1091,DisplaySettings.java,M,8,3,170,0.9770,0.0172,173,michaelthoward,6,0.6643,1.0000,0.0000,4,2
714,1092,DisplaySettings.java,M,8,3,170,0.9770,0.0172,173,michaelthoward,6,0.6643,1.0000,0.0000,4,2
714,1093,DisplaySettings.java,M,8,3,170,0.9770,0.0172,173,michaelthoward,6,0.6643,1.0000,0.0000,4,2
714,1288,DisplayControl.java,M,5,1,6,0.7500,0.1250,7,michaelthoward,3,0.0000,0.0000,0.0000,0,3
714,1290,DisplayControl.java,M,5,1,6,0.7500,0.1250,7,michaelthoward,6,0.0000,0.0000,0.0000,0,6
714,1291,DisplayControl.java,M,5,1,5,0.6250,0.1250,7,michaelthoward,14,0.0000,0.0000,0.0000,0,14
714,1292,DisplayControl.java,M,5,2,4,0.6667,0.3333,5,michaelthoward,4,0.2500,1.0000,0.0000,1,3
714,1300,MeasureRenderer.java,M,12,1,0,0.0000,1.0000,0,michaelthoward,2,0.5000,1.0000,0.0000,1,1
715,1066,AtomVectorShape.java,M,5,2,200,0.9804,0.0098,203,michaelthoward,7,0.1191,0.6660,0.0000,1,6
715,1186,VectorShape.java,M,5,1,125,0.9766,0.0078,127,michaelthoward,7,0.0951,0.6660,0.0000,1,6
715,1191,ChemFrameRenderer.java,M,5,9,117,0.9213,0.0709,126,michaelthoward,14,0.0000,0.0000,0.0000,0,14
715,1192,ChemFrameRenderer.java,M,10,9,117,0.9213,0.0709,126,michaelthoward,0,0.0000,0.0000,0.0000,0,0
716,1288,DisplayControl.java,M,5,2,7,0.7000,0.2000,9,michaelthoward,3,0.0000,0.0000,0.0000,0,3
716,1289,DisplayControl.java,M,5,2,7,0.7000,0.2000,9,michaelthoward,4,0.2500,1.0000,0.0000,1,3
716,1290,DisplayControl.java,M,5,2,7,0.7000,0.2000,9,michaelthoward,6,0.0000,0.0000,0.0000,0,6
716,1291,DisplayControl.java,M,5,2,6,0.6000,0.2000,9,michaelthoward,14,0.0000,0.0000,0.0000,0,14
716,1292,DisplayControl.java,M,5,3,5,0.6250,0.3750,7,michaelthoward,4,0.2500,1.0000,0.0000,1,3
717,1266,AtomShape.java,M,5,5,58,0.9063,0.0781,63,michaelthoward,5,0.1375,0.2581,0.0000,0,2
717,1267,AtomShape.java,M,9,5,58,0.9063,0.0781,63,michaelthoward,0,0.0000,0.0000,0.0000,0,0
718,713,Atom.java,M,5,10,546,0.9820,0.0180,555,michaelthoward,3,0.1298,0.3894,0.0000,0,2
718,1289,DisplayControl.java,M,5,3,8,0.6667,0.2500,11,michaelthoward,4,0.2500,1.0000,0.0000,1,3
718,1291,DisplayControl.java,M,5,3,7,0.5833,0.2500,11,michaelthoward,14,0.0000,0.0000,0.0000,0,14
718,1292,DisplayControl.java,M,5,4,6,0.6000,0.4000,9,michaelthoward,4,0.2500,1.0000,0.0000,1,3
720,1288,DisplayControl.java,M,5,3,10,0.7143,0.2143,13,michaelthoward,3,0.0000,0.0000,0.0000,0,3
720,1289,DisplayControl.java,M,5,4,9,0.6429,0.2857,13,michaelthoward,4,0.2500,1.0000,0.0000,1,3
720,1291,DisplayControl.java,M,5,4,8,0.5714,0.2857,13,michaelthoward,14,0.0000,0.0000,0.0000,0,14
720,1292,DisplayControl.java,M,5,5,7,0.5833,0.4167,11,michaelthoward,4,0.2500,1.0000,0.0000,1,3
721,1264,AtomShape.java,M,9,5,64,0.9143,0.0714,69,michaelthoward,5,0.2918,1.0000,0.0000,1,3
721,1265,AtomShape.java,M,9,5,64,0.9143,0.0714,69,michaelthoward,5,0.2918,1.0000,0.0000,1,3
721,1289,DisplayControl.java,M,5,5,9,0.6000,0.3333,14,michaelthoward,4,0.2500,1.0000,0.0000,1,3
721,1292,DisplayControl.java,M,5,6,7,0.5385,0.4615,12,michaelthoward,4,0.2500,1.0000,0.0000,1,3
722,1289,DisplayControl.java,M,5,6,9,0.5625,0.3750,15,michaelthoward,4,0.2500,1.0000,0.0000,1,3
722,1290,DisplayControl.java,M,5,3,12,0.7500,0.1875,15,michaelthoward,6,0.0000,0.0000,0.0000,0,6
722,1291,DisplayControl.java,M,5,5,9,0.5625,0.3125,15,michaelthoward,14,0.0000,0.0000,0.0000,0,14
722,1292,DisplayControl.java,M,5,7,7,0.5000,0.5000,13,michaelthoward,4,0.2500,1.0000,0.0000,1,3
724,792,DisplayPanel.java,M,5,18,466,0.9628,0.0372,483,michaelthoward,0,0.0000,0.0000,0.0000,0,0
724,793,DisplayPanel.java,M,5,17,467,0.9649,0.0351,483,michaelthoward,4,0.0000,0.0000,0.0000,0,4
724,1288,DisplayControl.java,M,5,4,13,0.7222,0.2222,17,michaelthoward,3,0.0000,0.0000,0.0000,0,3
724,1289,DisplayControl.java,M,5,7,10,0.5556,0.3889,17,michaelthoward,4,0.2500,1.0000,0.0000,1,3
724,1290,DisplayControl.java,M,5,4,13,0.7222,0.2222,17,michaelthoward,6,0.0000,0.0000,0.0000,0,6
724,1291,DisplayControl.java,M,5,6,10,0.5556,0.3333,17,michaelthoward,14,0.0000,0.0000,0.0000,0,14
724,1292,DisplayControl.java,M,5,8,8,0.5000,0.5000,15,michaelthoward,4,0.2500,1.0000,0.0000,1,3
725,1290,DisplayControl.java,M,5,5,13,0.6842,0.2632,18,michaelthoward,6,0.0000,0.0000,0.0000,0,6
727,739,RasMolScriptHandler.java,M,10,11,519,0.9774,0.0207,530,michaelthoward,3,0.3333,1.0000,0.0000,1,2
727,740,RasMolScriptHandler.java,M,10,11,519,0.9774,0.0207,530,michaelthoward,3,0.3333,1.0000,0.0000,1,2
727,1289,DisplayControl.java,M,5,8,12,0.5714,0.3810,20,michaelthoward,4,0.2151,0.8604,0.0000,1,3
727,1307,RasMolScriptHandler.java,M,13,1,0,0.0000,1.0000,0,michaelthoward,4,0.0000,0.0000,0.0000,0,4
727,1309,RasMolScriptHandler.java,M,8,1,0,0.0000,1.0000,0,michaelthoward,1,0.0000,0.0000,0.0000,0,1
728,17,ChemFrame.java,M,8,19,707,0.9725,0.0261,726,michaelthoward,2,0.2784,0.5569,0.0000,1,1
728,189,ChemFrame.java,M,8,14,709,0.9752,0.0193,726,michaelthoward,0,0.0000,0.0000,0.0000,0,0
728,487,ChemFrame.java,M,5,10,185,0.2658,0.0144,695,michaelthoward,7,0.0190,0.1122,0.0000,0,7
728,639,ChemFrame.java,M,5,23,666,0.9666,0.0334,688,michaelthoward,8,0.0000,0.0000,0.0000,0,8
728,1045,ChemFrame.java,M,7,9,191,0.8128,0.0383,234,michaelthoward,2,0.3599,0.5569,0.1629,1,1
728,1098,PDBReader.java,M,5,1,153,0.9808,0.0064,155,michaelthoward,2,0.0000,0.0000,0.0000,0,2
728,1099,PDBReader.java,M,9,1,153,0.9808,0.0064,155,michaelthoward,12,0.0000,0.0000,0.0000,0,12
728,1141,PreferencesDialog.java,M,11,4,145,0.9667,0.0267,149,michaelthoward,4,0.0000,0.0000,0.0000,0,4
728,1144,PreferencesDialog.java,M,5,4,145,0.9667,0.0267,149,michaelthoward,1,0.0000,0.0000,0.0000,0,1
728,1154,PreferencesDialog.java,M,6,4,145,0.9667,0.0267,149,michaelthoward,1,0.8143,0.8143,0.8143,1,0
728,1155,PreferencesDialog.java,M,6,4,145,0.9667,0.0267,149,michaelthoward,1,0.8143,0.8143,0.8143,1,0
728,1156,PreferencesDialog.java,M,7,4,145,0.9667,0.0267,149,michaelthoward,4,0.7380,0.9804,0.0107,3,1
728,1157,PreferencesDialog.java,M,6,3,146,0.9733,0.0200,149,michaelthoward,3,0.2714,0.8143,0.0000,1,2
728,1160,PreferencesDialog.java,M,6,3,146,0.9733,0.0200,149,michaelthoward,1,0.8143,0.8143,0.8143,1,0
728,1162,PreferencesDialog.java,M,7,3,146,0.9733,0.0200,149,michaelthoward,1,0.0107,0.0107,0.0107,0,1
728,1163,PreferencesDialog.java,M,6,3,146,0.9733,0.0200,149,michaelthoward,4,0.0093,0.0372,0.0000,0,4
728,1166,PreferencesDialog.java,M,102,1,148,0.9867,0.0067,149,michaelthoward,4,0.0000,0.0000,0.0000,0,4
728,1169,PreferencesDialog.java,M,7,3,146,0.9733,0.0200,149,michaelthoward,4,0.7478,1.0000,0.0110,3,1
728,1170,PreferencesDialog.java,M,7,3,146,0.9733,0.0200,149,michaelthoward,4,0.7478,1.0000,0.0110,3,1
728,1171,PreferencesDialog.java,M,7,3,146,0.9733,0.0200,149,michaelthoward,4,0.7478,1.0000,0.0110,3,1
728,1173,PreferencesDialog.java,M,5,4,145,0.9667,0.0267,149,michaelthoward,3,0.2714,0.8143,0.0000,1,2
728,1174,PreferencesDialog.java,M,5,4,145,0.9667,0.0267,149,michaelthoward,5,0.2000,1.0000,0.0000,1,4
728,1175,PreferencesDialog.java,M,5,4,145,0.9667,0.0267,149,michaelthoward,5,0.2000,1.0000,0.0000,1,4
728,1176,PreferencesDialog.java,M,6,4,145,0.9667,0.0267,149,michaelthoward,0,0.0000,0.0000,0.0000,0,0
728,1311,DisplayPanel.java,M,5,1,0,0.0000,1.0000,0,michaelthoward,1,0.0000,0.0000,0.0000,0,1
730,1164,PreferencesDialog.java,M,6,3,148,0.9737,0.0197,151,michaelthoward,1,0.4444,0.4444,0.4444,0,0
730,1166,PreferencesDialog.java,M,102,2,149,0.9803,0.0132,151,michaelthoward,4,0.0000,0.0000,0.0000,0,4
730,1173,PreferencesDialog.java,M,5,5,146,0.9605,0.0329,151,michaelthoward,3,0.1481,0.4444,0.0000,0,2
730,1174,PreferencesDialog.java,M,5,5,146,0.9605,0.0329,151,michaelthoward,5,0.2000,1.0000,0.0000,1,4
730,1175,PreferencesDialog.java,M,5,5,146,0.9605,0.0329,151,michaelthoward,5,0.2000,1.0000,0.0000,1,4
730,1184,ArrowLine.java,M,17,1,141,0.9860,0.0070,142,michaelthoward,6,0.0000,0.0000,0.0000,0,6
730,1248,AtomShape.java,M,5,2,89,0.9570,0.0215,92,michaelthoward,5,0.0000,0.0000,0.0000,0,5
731,84,Aces2Reader.java,M,47,5,723,0.9904,0.0068,729,michaelthoward,7,0.9997,1.0000,0.9991,7,0
731,85,ADFReader.java,M,47,6,722,0.9890,0.0082,729,michaelthoward,7,0.9990,0.9991,0.9982,7,0
731,86,GamessReader.java,M,47,6,722,0.9890,0.0082,729,michaelthoward,7,0.9997,1.0000,0.9991,7,0
731,87,Gaussian98Reader.java,M,47,5,723,0.9904,0.0068,729,michaelthoward,7,0.9997,1.0000,0.9991,7,0
731,88,Gaussian92Reader.java,M,47,5,723,0.9904,0.0068,729,michaelthoward,7,0.9997,1.0000,0.9991,7,0
731,89,Gaussian94Reader.java,M,47,4,724,0.9918,0.0055,729,michaelthoward,7,0.9990,0.9991,0.9982,7,0
731,90,ADFReader.java,M,47,5,723,0.9904,0.0068,729,michaelthoward,2,0.9577,0.9577,0.9577,2,0
731,364,Preferences.java,M,5,2,389,0.5329,0.0027,729,michaelthoward,2,0.4833,0.9562,0.0104,1,1
731,697,CACheReader.java,M,47,6,582,0.9864,0.0102,589,michaelthoward,7,0.9997,1.0000,0.9991,7,0
731,807,Gaussian90Reader.java,M,47,5,463,0.9851,0.0106,469,michaelthoward,7,0.9997,1.0000,0.9991,7,0
731,821,JaguarReader.java,M,41,5,463,0.9851,0.0106,469,michaelthoward,6,1.0000,1.0000,1.0000,6,0
731,849,Gaussian90Reader.java,M,41,4,425,0.9884,0.0093,429,michaelthoward,6,1.0000,1.0000,1.0000,6,0
731,850,Gaussian94Reader.java,M,41,4,425,0.9884,0.0093,429,michaelthoward,6,1.0000,1.0000,1.0000,6,0
731,851,Gaussian92Reader.java,M,41,4,425,0.9884,0.0093,429,michaelthoward,6,1.0000,1.0000,1.0000,6,0
731,852,Gaussian98Reader.java,M,41,4,425,0.9884,0.0093,429,michaelthoward,6,1.0000,1.0000,1.0000,6,0
731,863,GamessReader.java,M,41,2,406,0.9927,0.0049,408,michaelthoward,6,1.0000,1.0000,1.0000,6,0
731,1024,Mopac7Reader.java,M,41,1,257,0.9885,0.0038,259,michaelthoward,6,1.0000,1.0000,1.0000,6,0
731,1025,Mopac97Reader.java,M,42,2,256,0.9846,0.0077,259,michaelthoward,0,0.0000,0.0000,0.0000,0,0
731,1066,AtomVectorShape.java,M,5,3,215,0.9773,0.0136,219,michaelthoward,7,0.0576,0.3208,0.0000,0,6
731,1123,UnitCellBox.java,M,6,2,154,0.9809,0.0127,156,michaelthoward,5,0.3915,1.0000,0.0000,2,3
731,1124,UnitCellBox.java,M,6,2,154,0.9809,0.0127,156,michaelthoward,5,0.3915,1.0000,0.0000,2,3
731,1125,CrystalFile.java,M,13,1,154,0.9809,0.0064,156,michaelthoward,4,0.0000,0.0000,0.0000,0,4
731,1126,UnitCellBox.java,M,13,2,154,0.9809,0.0127,156,michaelthoward,10,0.0000,0.0000,0.0000,0,10
731,1127,CrystalFile.java,M,13,1,154,0.9809,0.0064,156,michaelthoward,5,0.0000,0.0000,0.0000,0,5
731,1128,UnitCellBox.java,M,13,1,154,0.9809,0.0064,156,michaelthoward,5,0.0000,0.0000,0.0000,0,5
731,1129,CrystalPropertiesDialog.java,M,12,2,153,0.9745,0.0127,156,michaelthoward,4,0.3357,1.0000,0.0000,1,2
731,1130,CrystalPropertiesDialog.java,M,12,2,153,0.9745,0.0127,156,michaelthoward,4,0.3357,1.0000,0.0000,1,2
731,1135,UnitCellBox.java,M,18,1,155,0.9873,0.0064,156,michaelthoward,1,1.0000,1.0000,1.0000,1,0
731,1136,UnitCellBox.java,M,18,1,155,0.9873,0.0064,156,michaelthoward,1,1.0000,1.0000,1.0000,1,0
731,1137,UnitCellBox.java,M,14,2,154,0.9809,0.0127,156,michaelthoward,1,1.0000,1.0000,1.0000,1,0
731,1138,UnitCellBox.java,M,14,2,154,0.9809,0.0127,156,michaelthoward,1,1.0000,1.0000,1.0000,1,0
731,1139,UnitCellBox.java,M,21,2,154,0.9809,0.0127,156,michaelthoward,2,0.9789,1.0000,0.9577,2,0
731,1140,UnitCellBox.java,M,21,2,154,0.9809,0.0127,156,michaelthoward,2,0.9789,1.0000,0.9577,2,0
731,1150,Preferences.java,M,8,2,151,0.9869,0.0131,152,michaelthoward,2,0.5052,1.0000,0.0104,1,1
731,1151,Preferences.java,M,8,2,151,0.9869,0.0131,152,michaelthoward,2,0.5052,1.0000,0.0104,1,1
731,1155,PreferencesDialog.java,M,6,5,147,0.9608,0.0327,152,michaelthoward,1,0.4383,0.4383,0.4383,0,0
731,1159,PreferencesDialog.java,M,6,3,149,0.9739,0.0196,152,michaelthoward,2,0.4781,0.9562,0.0000,1,1
731,1162,PreferencesDialog.java,M,7,4,148,0.9673,0.0261,152,michaelthoward,1,0.0058,0.0058,0.0058,0,1
731,1163,PreferencesDialog.java,M,6,4,148,0.9673,0.0261,152,michaelthoward,4,0.0045,0.0181,0.0000,0,4
731,1164,PreferencesDialog.java,M,6,4,148,0.9673,0.0261,152,michaelthoward,1,0.3027,0.3027,0.3027,0,0
731,1166,PreferencesDialog.java,M,102,3,149,0.9739,0.0196,152,michaelthoward,4,0.1715,0.3429,0.0000,0,2
731,1185,PlainLine.java,M,17,1,141,0.9792,0.0069,143,michaelthoward,6,0.0000,0.0000,0.0000,0,6
731,1188,CrystalBox.java,M,6,1,143,0.9931,0.0069,143,michaelthoward,5,0.3831,0.9577,0.0000,2,3
731,1191,ChemFrameRenderer.java,M,5,10,132,0.9231,0.0699,142,michaelthoward,14,0.0123,0.1716,0.0000,0,14
731,1192,ChemFrameRenderer.java,M,10,10,132,0.9231,0.0699,142,michaelthoward,0,0.0000,0.0000,0.0000,0,0
731,1209,ABINITInputReader.java,M,7,1,115,0.9746,0.0085,117,michaelthoward,5,1.0000,1.0000,1.0000,5,0
731,1210,ABINITOutputReader.java,M,5,1,115,0.9746,0.0085,117,michaelthoward,1,1.0000,1.0000,1.0000,1,0
731,1211,ABINITOutputReader.java,M,7,1,115,0.9746,0.0085,117,michaelthoward,5,1.0000,1.0000,1.0000,5,0
731,1212,ABINITInputReader.java,M,7,1,115,0.9746,0.0085,117,michaelthoward,5,1.0000,1.0000,1.0000,5,0
731,1213,ABINITInputReader.java,M,6,1,115,0.9746,0.0085,117,michaelthoward,6,1.0000,1.0000,1.0000,6,0
731,1214,ABINITOutputReader.java,M,6,1,115,0.9746,0.0085,117,michaelthoward,6,1.0000,1.0000,1.0000,6,0
731,1215,ABINITOutputReader.java,M,6,1,115,0.9746,0.0085,117,michaelthoward,6,1.0000,1.0000,1.0000,6,0
731,1216,ABINITInputReader.java,M,6,1,115,0.9746,0.0085,117,michaelthoward,6,1.0000,1.0000,1.0000,6,0
731,1217,ABINITInputReader.java,M,6,1,115,0.9746,0.0085,117,michaelthoward,6,1.0000,1.0000,1.0000,6,0
731,1218,ABINITOutputReader.java,M,5,1,115,0.9746,0.0085,117,michaelthoward,1,1.0000,1.0000,1.0000,1,0
731,1219,ABINITInputReader.java,M,6,1,115,0.9746,0.0085,117,michaelthoward,6,1.0000,1.0000,1.0000,6,0
731,1220,ABINITOutputReader.java,M,6,1,115,0.9746,0.0085,117,michaelthoward,6,1.0000,1.0000,1.0000,6,0
731,1242,EnergyBand.java,M,5,1,113,0.9826,0.0087,114,michaelthoward,3,0.0000,0.0000,0.0000,0,3
731,1262,ChemFrame.java,M,33,4,79,0.9518,0.0482,82,michaelthoward,0,0.0000,0.0000,0.0000,0,0
731,1263,CrystalFrame.java,M,37,4,79,0.9518,0.0482,82,michaelthoward,2,0.0523,0.1046,0.0000,0,2
731,1274,CrystalPropertiesDialog.java,M,23,2,58,0.9667,0.0333,59,michaelthoward,1,1.0000,1.0000,1.0000,1,0
731,1275,CrystalPropertiesDialog.java,M,23,2,58,0.9667,0.0333,59,michaelthoward,1,1.0000,1.0000,1.0000,1,0
731,1280,JmolCDO.java,M,11,1,58,0.9831,0.0169,58,michaelthoward,5,1.0000,1.0000,1.0000,5,0
731,1281,JmolCDO.java,M,11,1,58,0.9831,0.0169,58,michaelthoward,5,1.0000,1.0000,1.0000,5,0
731,1282,JmolCDO.java,M,11,1,58,0.9831,0.0169,58,michaelthoward,5,1.0000,1.0000,1.0000,5,0
731,1286,Atom.java,M,7,2,27,0.9310,0.0690,28,michaelthoward,3,0.0682,0.2047,0.0000,0,2
731,1289,DisplayControl.java,M,5,9,15,0.6000,0.3600,24,michaelthoward,4,0.1858,0.7434,0.0000,1,3
731,1291,DisplayControl.java,M,5,7,16,0.6400,0.2800,24,michaelthoward,14,0.0123,0.1716,0.0000,0,14
731,1307,RasMolScriptHandler.java,M,13,2,3,0.6000,0.4000,4,michaelthoward,4,0.0000,0.0000,0.0000,0,4
735,1257,AtomShape.java,M,5,4,92,0.9388,0.0408,97,michaelthoward,5,0.1850,0.5249,0.0000,1,4
735,1266,AtomShape.java,M,5,6,75,0.9146,0.0732,81,michaelthoward,5,0.1534,0.5249,0.0000,1,4
735,1267,AtomShape.java,M,9,6,75,0.9146,0.0732,81,michaelthoward,0,0.0000,0.0000,0.0000,0,0
736,1257,AtomShape.java,M,5,5,92,0.9293,0.0505,98,michaelthoward,5,0.1869,0.6533,0.0000,1,4
736,1266,AtomShape.java,M,5,7,75,0.9036,0.0843,82,michaelthoward,5,0.1687,0.6533,0.0000,1,4
736,1267,AtomShape.java,M,9,7,75,0.9036,0.0843,82,michaelthoward,0,0.0000,0.0000,0.0000,0,0
736,1288,DisplayControl.java,M,5,5,24,0.8000,0.1667,29,michaelthoward,3,0.0000,0.0000,0.0000,0,3
736,1289,DisplayControl.java,M,5,10,19,0.6333,0.3333,29,michaelthoward,4,0.1946,0.7784,0.0000,1,3
736,1290,DisplayControl.java,M,5,6,23,0.7667,0.2000,29,michaelthoward,6,0.0000,0.0000,0.0000,0,6
736,1291,DisplayControl.java,M,5,8,20,0.6667,0.2667,29,michaelthoward,14,0.0102,0.1431,0.0000,0,14
736,1292,DisplayControl.java,M,5,9,19,0.6786,0.3214,27,michaelthoward,4,0.1946,0.7784,0.0000,1,3
736,1310,DisplayControl.java,M,8,1,7,0.7778,0.1111,8,michaelthoward,7,0.0000,0.0000,0.0000,0,7
738,1141,PreferencesDialog.java,M,11,5,154,0.9625,0.0313,159,michaelthoward,4,0.0000,0.0000,0.0000,0,4
738,1144,PreferencesDialog.java,M,5,5,154,0.9625,0.0313,159,michaelthoward,1,0.0000,0.0000,0.0000,0,1
738,1154,PreferencesDialog.java,M,6,5,154,0.9625,0.0313,159,michaelthoward,1,0.4995,0.4995,0.4995,0,0
738,1155,PreferencesDialog.java,M,6,6,153,0.9563,0.0375,159,michaelthoward,1,0.6421,0.6421,0.6421,1,0
738,1158,PreferencesDialog.java,M,6,3,156,0.9750,0.0188,159,michaelthoward,0,0.0000,0.0000,0.0000,0,0
738,1159,PreferencesDialog.java,M,6,4,155,0.9688,0.0250,159,michaelthoward,2,0.2193,0.4387,0.0000,0,1
738,1160,PreferencesDialog.java,M,6,4,155,0.9688,0.0250,159,michaelthoward,1,0.6421,0.6421,0.6421,1,0
738,1161,PreferencesDialog.java,M,6,3,156,0.9750,0.0188,159,michaelthoward,4,0.0997,0.3987,0.0000,0,3
738,1162,PreferencesDialog.java,M,7,5,154,0.9625,0.0313,159,michaelthoward,1,0.0037,0.0037,0.0037,0,1
738,1163,PreferencesDialog.java,M,6,5,154,0.9625,0.0313,159,michaelthoward,4,0.0997,0.3987,0.0000,0,3
738,1164,PreferencesDialog.java,M,6,5,154,0.9625,0.0313,159,michaelthoward,1,0.4995,0.4995,0.4995,0,0
738,1168,PreferencesDialog.java,M,7,2,157,0.9813,0.0125,159,michaelthoward,4,0.2636,0.5243,0.0053,2,2
738,1169,PreferencesDialog.java,M,7,4,155,0.9688,0.0250,159,michaelthoward,4,0.6192,0.9905,0.4809,2,0
738,1173,PreferencesDialog.java,M,5,6,153,0.9563,0.0375,159,michaelthoward,3,0.0939,0.2817,0.0000,0,2
738,1174,PreferencesDialog.java,M,5,6,153,0.9563,0.0375,159,michaelthoward,5,0.2000,1.0000,0.0000,1,4
738,1175,PreferencesDialog.java,M,5,6,153,0.9563,0.0375,159,michaelthoward,5,0.2000,1.0000,0.0000,1,4
738,1176,PreferencesDialog.java,M,6,5,154,0.9625,0.0313,159,michaelthoward,0,0.0000,0.0000,0.0000,0,0
738,1290,DisplayControl.java,M,5,7,24,0.7500,0.2188,31,michaelthoward,6,0.0000,0.0000,0.0000,0,6
738,1291,DisplayControl.java,M,5,9,21,0.6563,0.2813,31,michaelthoward,14,0.0087,0.1216,0.0000,0,14
738,1310,DisplayControl.java,M,8,2,8,0.7273,0.1818,10,michaelthoward,7,0.0000,0.0000,0.0000,0,7
739,168,AtomTypesModel.java,M,11,7,730,0.9892,0.0095,737,egonw,5,0.1099,0.5491,0.0000,1,4
739,236,Jmol.java,M,6,30,551,0.7466,0.0407,737,egonw,5,0.0001,0.0004,0.0000,0,5
739,269,Jmol.java,M,6,17,719,0.9743,0.0230,737,egonw,6,0.0007,0.0008,0.0005,0,6
739,275,Jmol.java,M,5,36,604,0.8184,0.0488,737,egonw,6,0.0003,0.0007,0.0000,0,6
739,713,Atom.java,M,5,11,566,0.9809,0.0191,576,egonw,3,0.0426,0.1277,0.0000,0,3
739,1005,Atom.java,M,5,5,297,0.9834,0.0166,301,egonw,0,0.0000,0.0000,0.0000,0,0
739,1006,Atom.java,M,8,6,296,0.9801,0.0199,301,egonw,0,0.0000,0.0000,0.0000,0,0
739,1117,CrystalPropertiesDialog.java,M,5,4,158,0.9576,0.0242,164,egonw,18,0.0000,0.0000,0.0000,0,18
739,1131,CrystalPropertiesDialog.java,M,7,2,161,0.9758,0.0121,164,egonw,2,0.4186,0.8371,0.0000,1,1
739,1132,CrystalPropertiesDialog.java,M,7,6,157,0.9515,0.0364,164,egonw,2,0.4186,0.8371,0.0000,1,1
739,1236,CrystalPropertiesDialog.java,M,5,4,119,0.9597,0.0323,123,egonw,3,0.3727,1.0000,0.0000,1,2
739,1238,CrystalPropertiesDialog.java,M,5,4,119,0.9597,0.0323,123,egonw,3,0.3727,1.0000,0.0000,1,2
739,1248,AtomShape.java,M,5,3,97,0.9510,0.0294,101,egonw,5,0.1098,0.5491,0.0000,1,4
739,1285,Atom.java,M,12,1,36,0.9730,0.0270,36,egonw,0,0.0000,0.0000,0.0000,0,0
740,1288,DisplayControl.java,M,5,6,27,0.7941,0.1765,33,michaelthoward,3,0.0000,0.0000,0.0000,0,3
740,1289,DisplayControl.java,M,5,11,22,0.6471,0.3235,33,michaelthoward,4,0.2020,0.8079,0.0000,1,3
740,1290,DisplayControl.java,M,5,8,25,0.7353,0.2353,33,michaelthoward,6,0.0000,0.0000,0.0000,0,6
740,1291,DisplayControl.java,M,5,10,22,0.6471,0.2941,33,michaelthoward,14,0.0075,0.1049,0.0000,0,14
740,1292,DisplayControl.java,M,5,10,22,0.6875,0.3125,31,michaelthoward,4,0.2020,0.8079,0.0000,1,3
740,1310,DisplayControl.java,M,8,3,9,0.6923,0.2308,12,michaelthoward,7,0.0000,0.0000,0.0000,0,7
740,1313,DisplayControl.java,M,5,1,0,0.0000,1.0000,0,michaelthoward,6,0.1667,1.0000,0.0000,1,5
740,1315,DisplayControl.java,M,5,1,0,0.0000,1.0000,0,michaelthoward,6,0.1667,1.0000,0.0000,1,5
740,1316,DisplayControl.java,M,6,1,0,0.0000,1.0000,0,michaelthoward,0,0.0000,0.0000,0.0000,0,0
740,1317,DisplayControl.java,M,6,1,0,0.0000,1.0000,0,michaelthoward,2,0.0000,0.0000,0.0000,0,2
740,1318,DisplayControl.java,M,5,1,0,0.0000,1.0000,0,michaelthoward,5,0.6000,1.0000,0.0000,3,2
740,1320,DisplayControl.java,M,5,1,0,0.0000,1.0000,0,michaelthoward,0,0.0000,0.0000,0.0000,0,0
740,1321,DisplayControl.java,M,5,1,0,0.0000,1.0000,0,michaelthoward,5,0.6000,1.0000,0.0000,3,2
740,1322,DisplayControl.java,M,5,1,0,0.0000,1.0000,0,michaelthoward,5,0.6000,1.0000,0.0000,3,2
740,1323,DisplayControl.java,M,5,1,0,0.0000,1.0000,0,michaelthoward,5,0.6000,1.0000,0.0000,3,2
742,732,RasMolScriptHandler.java,M,7,3,541,0.9819,0.0054,550,egonw,6,0.0000,0.0000,0.0000,0,6
742,734,RasMolScriptHandler.java,M,8,8,538,0.9835,0.0146,546,egonw,2,1.0000,1.0000,1.0000,2,0
742,735,RasMolScriptHandler.java,M,8,8,538,0.9835,0.0146,546,egonw,2,1.0000,1.0000,1.0000,2,0
742,740,RasMolScriptHandler.java,M,10,12,533,0.9762,0.0220,545,egonw,1,0.5268,0.5268,0.5268,1,0
742,742,RasMolScriptHandler.java,M,8,6,532,0.9870,0.0111,538,egonw,2,1.0000,1.0000,1.0000,2,0
742,1005,Atom.java,M,5,6,299,0.9803,0.0197,304,egonw,0,0.0000,0.0000,0.0000,0,0
742,1006,Atom.java,M,8,7,298,0.9770,0.0230,304,egonw,0,0.0000,0.0000,0.0000,0,0
742,1289,DisplayControl.java,M,5,12,23,0.6389,0.3333,35,egonw,4,0.2079,0.8318,0.0000,1,3
742,1290,DisplayControl.java,M,5,9,26,0.7222,0.2500,35,egonw,6,0.0000,0.0000,0.0000,0,6
742,1291,DisplayControl.java,M,5,11,23,0.6389,0.3056,35,egonw,14,0.0065,0.0915,0.0000,0,14
742,1292,DisplayControl.java,M,5,11,23,0.6765,0.3235,33,egonw,4,0.2079,0.8318,0.0000,1,3
742,1309,RasMolScriptHandler.java,M,8,2,14,0.8750,0.1250,15,egonw,1,0.0000,0.0000,0.0000,0,1
742,1310,DisplayControl.java,M,8,4,10,0.6667,0.2667,14,egonw,7,0.0000,0.0000,0.0000,0,7
742,1313,DisplayControl.java,M,5,2,1,0.3333,0.6667,2,egonw,6,0.2525,1.0000,0.0000,2,4
742,1314,DisplayControl.java,M,5,1,2,0.6667,0.3333,2,egonw,6,0.1717,0.5150,0.0000,2,4
742,1315,DisplayControl.java,M,5,2,1,0.3333,0.6667,2,egonw,6,0.2525,1.0000,0.0000,2,4
742,1316,DisplayControl.java,M,6,2,1,0.3333,0.6667,2,egonw,0,0.0000,0.0000,0.0000,0,0
742,1317,DisplayControl.java,M,6,2,1,0.3333,0.6667,2,egonw,2,0.0000,0.0000,0.0000,0,2
742,1318,DisplayControl.java,M,5,2,1,0.3333,0.6667,2,egonw,5,0.7030,1.0000,0.0000,4,1
742,1319,DisplayControl.java,M,5,1,2,0.6667,0.3333,2,egonw,5,0.4120,0.5150,0.0000,4,1
742,1320,DisplayControl.java,M,5,2,1,0.3333,0.6667,2,egonw,0,0.0000,0.0000,0.0000,0,0
742,1322,DisplayControl.java,M,5,2,1,0.3333,0.6667,2,egonw,5,0.7030,1.0000,0.0000,4,1
742,1323,DisplayControl.java,M,5,2,1,0.3333,0.6667,2,egonw,5,0.7030,1.0000,0.0000,4,1
745,1257,AtomShape.java,M,5,6,100,0.9259,0.0556,107,michaelthoward,5,0.2440,0.7440,0.0000,1,3
745,1264,AtomShape.java,M,9,6,87,0.9255,0.0638,93,michaelthoward,5,0.2390,0.5361,0.0000,1,2
745,1266,AtomShape.java,M,5,8,83,0.9022,0.0870,91,michaelthoward,5,0.2222,0.7440,0.0000,1,3
745,1267,AtomShape.java,M,9,8,83,0.9022,0.0870,91,michaelthoward,0,0.0000,0.0000,0.0000,0,0
745,1268,AtomShape.java,M,9,3,88,0.9565,0.0326,91,michaelthoward,0,0.0000,0.0000,0.0000,0,0
748,792,DisplayPanel.java,M,5,19,489,0.9626,0.0374,507,michaelthoward,0,0.0000,0.0000,0.0000,0,0
748,793,DisplayPanel.java,M,5,18,490,0.9646,0.0354,507,michaelthoward,4,0.0000,0.0000,0.0000,0,4
748,1311,DisplayPanel.java,M,5,2,19,0.9048,0.0952,20,michaelthoward,1,0.0000,0.0000,0.0000,0,1
749,1173,PreferencesDialog.java,M,5,7,163,0.9532,0.0409,170,michaelthoward,3,0.0622,0.1866,0.0000,0,3
749,1174,PreferencesDialog.java,M,5,7,163,0.9532,0.0409,170,michaelthoward,5,0.2000,1.0000,0.0000,1,4
749,1175,PreferencesDialog.java,M,5,7,163,0.9532,0.0409,170,michaelthoward,5,0.2000,1.0000,0.0000,1,4
749,1176,PreferencesDialog.java,M,6,6,164,0.9591,0.0351,170,michaelthoward,0,0.0000,0.0000,0.0000,0,0
750,1075,XYZReader.java,M,6,1,233,0.9915,0.0043,234,egonw,6,0.0000,0.0000,0.0000,0,6
754,713,Atom.java,M,5,12,580,0.9797,0.0203,591,michaelthoward,2,0.0000,0.0000,0.0000,0,2
754,1005,Atom.java,M,5,7,310,0.9779,0.0221,316,michaelthoward,0,0.0000,0.0000,0.0000,0,0
754,1006,Atom.java,M,8,8,309,0.9748,0.0252,316,michaelthoward,0,0.0000,0.0000,0.0000,0,0
754,1062,AtomShape.java,M,8,3,238,0.9794,0.0123,242,michaelthoward,5,0.2969,0.5313,0.0000,1,1
754,1257,AtomShape.java,M,5,7,108,0.9231,0.0598,116,michaelthoward,5,0.3990,0.8093,0.0000,2,1
754,1264,AtomShape.java,M,9,7,95,0.9223,0.0680,102,michaelthoward,5,0.4146,0.7115,0.0000,2,1
754,1265,AtomShape.java,M,9,6,96,0.9320,0.0583,102,michaelthoward,5,0.3710,0.7115,0.0000,2,1
754,1266,AtomShape.java,M,5,9,91,0.9010,0.0891,100,michaelthoward,5,0.3590,0.8093,0.0000,1,1
754,1267,AtomShape.java,M,9,9,91,0.9010,0.0891,100,michaelthoward,0,0.0000,0.0000,0.0000,0,0
754,1268,AtomShape.java,M,9,4,96,0.9505,0.0396,100,michaelthoward,0,0.0000,0.0000,0.0000,0,0
754,1295,Distance.java,M,5,1,39,0.9512,0.0244,40,michaelthoward,2,0.0000,0.0000,0.0000,0,2
754,1296,Angle.java,M,14,1,39,0.9512,0.0244,40,michaelthoward,0,0.0000,0.0000,0.0000,0,0
754,1297,Dihedral.java,M,15,1,39,0.9512,0.0244,40,michaelthoward,1,1.0000,1.0000,1.0000,1,0
754,1298,Angle.java,M,15,1,39,0.9512,0.0244,40,michaelthoward,1,1.0000,1.0000,1.0000,1,0
754,1299,Dihedral.java,M,15,1,39,0.9512,0.0244,40,michaelthoward,3,0.0000,0.0000,0.0000,0,3
754,1331,AtomShape.java,M,5,1,0,0.0000,1.0000,0,michaelthoward,4,0.0000,0.0000,0.0000,0,4
756,1264,AtomShape.java,M,9,8,96,0.9143,0.0762,104,michaelthoward,5,0.3689,0.7941,0.0000,1,1
756,1265,AtomShape.java,M,9,7,97,0.9238,0.0667,104,michaelthoward,5,0.3240,0.7941,0.0000,1,1
756,1331,AtomShape.java,M,5,2,1,0.3333,0.6667,2,michaelthoward,4,0.0000,0.0000,0.0000,0,4
757,487,ChemFrame.java,M,5,11,213,0.2938,0.0152,724,michaelthoward,7,0.0089,0.0522,0.0000,0,7
757,639,ChemFrame.java,M,5,24,694,0.9666,0.0334,717,michaelthoward,8,0.0000,0.0000,0.0000,0,8
757,1266,AtomShape.java,M,5,10,93,0.8942,0.0962,103,michaelthoward,5,0.2652,0.6327,0.0000,1,3
757,1267,AtomShape.java,M,9,10,93,0.8942,0.0962,103,michaelthoward,0,0.0000,0.0000,0.0000,0,0
758,713,Atom.java,M,5,13,583,0.9782,0.0218,595,michaelthoward,2,0.0000,0.0000,0.0000,0,2
758,1005,Atom.java,M,5,8,313,0.9751,0.0249,320,michaelthoward,0,0.0000,0.0000,0.0000,0,0
758,1006,Atom.java,M,8,9,312,0.9720,0.0280,320,michaelthoward,0,0.0000,0.0000,0.0000,0,0
758,1186,VectorShape.java,M,5,2,167,0.9766,0.0117,170,michaelthoward,7,0.0212,0.1481,0.0000,0,7
758,1257,AtomShape.java,M,5,8,111,0.9174,0.0661,120,michaelthoward,3,0.4791,0.7001,0.2106,2,0
758,1264,AtomShape.java,M,9,9,97,0.9065,0.0841,106,michaelthoward,3,0.5135,0.6089,0.4051,2,0
758,1266,AtomShape.java,M,5,11,93,0.8857,0.1048,104,michaelthoward,3,0.4224,0.7001,0.1620,1,1
758,1267,AtomShape.java,M,9,11,93,0.8857,0.1048,104,michaelthoward,0,0.0000,0.0000,0.0000,0,0
758,1268,AtomShape.java,M,9,5,99,0.9429,0.0476,104,michaelthoward,0,0.0000,0.0000,0.0000,0,0
758,1288,DisplayControl.java,M,5,7,44,0.8462,0.1346,51,michaelthoward,3,0.0000,0.0000,0.0000,0,3
758,1289,DisplayControl.java,M,5,13,38,0.7308,0.2500,51,michaelthoward,4,0.1732,0.6929,0.0000,1,3
758,1290,DisplayControl.java,M,5,10,41,0.7885,0.1923,51,michaelthoward,6,0.0000,0.0000,0.0000,0,6
758,1291,DisplayControl.java,M,5,12,38,0.7308,0.2308,51,michaelthoward,13,0.0000,0.0000,0.0000,0,13
758,1304,NonJavaSort.java,M,12,1,32,0.9412,0.0294,33,michaelthoward,3,0.3333,1.0000,0.0000,1,2
758,1305,UseJavaSort.java,M,12,1,32,0.9412,0.0294,33,michaelthoward,3,0.3333,1.0000,0.0000,1,2
758,1310,DisplayControl.java,M,8,5,25,0.8065,0.1613,30,michaelthoward,7,0.0000,0.0000,0.0000,0,7
758,1317,DisplayControl.java,M,6,3,16,0.8421,0.1579,18,michaelthoward,2,0.0000,0.0000,0.0000,0,2
758,1331,AtomShape.java,M,5,3,2,0.4000,0.6000,4,michaelthoward,4,0.0000,0.0000,0.0000,0,4
761,1257,AtomShape.java,M,5,9,113,0.9113,0.0726,123,michaelthoward,6,0.7839,1.0000,0.3455,5,0
761,1264,AtomShape.java,M,9,10,99,0.9000,0.0909,109,michaelthoward,6,0.7971,1.0000,0.4865,5,0
761,1265,AtomShape.java,M,9,8,101,0.9182,0.0727,109,michaelthoward,6,0.7184,1.0000,0.2767,4,0
761,1266,AtomShape.java,M,5,12,95,0.8796,0.1111,107,michaelthoward,6,0.7523,1.0000,0.2767,4,0
761,1267,AtomShape.java,M,9,12,95,0.8796,0.1111,107,michaelthoward,0,0.0000,0.0000,0.0000,0,0
761,1268,AtomShape.java,M,9,6,101,0.9352,0.0556,107,michaelthoward,1,1.0000,1.0000,1.0000,1,0
761,1332,AtomShape.java,M,6,1,0,0.0000,1.0000,0,michaelthoward,1,0.0000,0.0000,0.0000,0,1
761,1333,AtomShape.java,M,5,1,0,0.0000,1.0000,0,michaelthoward,6,1.0000,1.0000,1.0000,6,0
761,1334,AtomShape.java,M,9,1,0,0.0000,1.0000,0,michaelthoward,1,1.0000,1.0000,1.0000,1,0
761,1335,AtomShape.java,M,5,1,0,0.0000,1.0000,0,michaelthoward,6,1.0000,1.0000,1.0000,6,0
761,1336,AtomShape.java,M,5,1,0,0.0000,1.0000,0,michaelthoward,6,1.0000,1.0000,1.0000,6,0
762,1264,AtomShape.java,M,9,11,99,0.8919,0.0991,110,michaelthoward,1,0.7424,0.7424,0.7424,1,0
762,1265,AtomShape.java,M,9,9,101,0.9099,0.0811,110,michaelthoward,1,0.7424,0.7424,0.7424,1,0
762,1339,AtomShape.java,M,8,1,0,0.0000,1.0000,0,michaelthoward,1,0.0000,0.0000,0.0000,0,1
762,1341,AtomShape.java,M,6,1,0,0.0000,1.0000,0,michaelthoward,2,0.0000,0.0000,0.0000,0,2
762,1343,AtomShape.java,M,34,1,0,0.0000,1.0000,0,michaelthoward,3,0.0000,0.0000,0.0000,0,3
765,1288,DisplayControl.java,M,5,8,50,0.8475,0.1356,58,michaelthoward,3,0.0000,0.0000,0.0000,0,3
765,1290,DisplayControl.java,M,5,11,47,0.7966,0.1864,58,michaelthoward,8,0.0000,0.0000,0.0000,0,8
765,1291,DisplayControl.java,M,5,13,44,0.7458,0.2203,58,michaelthoward,13,0.0000,0.0000,0.0000,0,13
765,1292,DisplayControl.java,M,5,12,45,0.7895,0.2105,56,michaelthoward,4,0.1436,0.5745,0.0000,1,3
765,1310,DisplayControl.java,M,8,6,31,0.8158,0.1579,37,michaelthoward,7,0.0000,0.0000,0.0000,0,7
765,1313,DisplayControl.java,M,5,3,23,0.8846,0.1154,25,michaelthoward,6,0.1246,0.4934,0.0000,0,4
765,1317,DisplayControl.java,M,6,4,22,0.8462,0.1538,25,michaelthoward,2,0.0000,0.0000,0.0000,0,2
765,1318,DisplayControl.java,M,5,3,23,0.8846,0.1154,25,michaelthoward,5,0.7521,1.0000,0.0000,4,1
765,1319,DisplayControl.java,M,5,2,24,0.9231,0.0769,25,michaelthoward,5,0.6086,0.7607,0.0000,4,1
765,1320,DisplayControl.java,M,5,3,23,0.8846,0.1154,25,michaelthoward,0,0.0000,0.0000,0.0000,0,0
765,1321,DisplayControl.java,M,5,2,24,0.9231,0.0769,25,michaelthoward,5,0.7521,1.0000,0.0000,4,1
765,1322,DisplayControl.java,M,5,3,23,0.8846,0.1154,25,michaelthoward,5,0.7521,1.0000,0.0000,4,1
765,1323,DisplayControl.java,M,5,3,23,0.8846,0.1154,25,michaelthoward,5,0.7521,1.0000,0.0000,4,1
765,1331,AtomShape.java,M,5,4,2,0.1667,0.3333,11,michaelthoward,4,0.0000,0.0000,0.0000,0,4
765,1337,BondRenderer.java,M,6,1,2,0.5000,0.2500,3,michaelthoward,0,0.0000,0.0000,0.0000,0,0
765,1345,BondRenderer.java,M,9,1,2,0.5000,0.2500,3,michaelthoward,2,0.0000,0.0000,0.0000,0,2
765,1346,BondRenderer.java,M,19,1,2,0.5000,0.2500,3,michaelthoward,1,1.0000,1.0000,1.0000,1,0
765,1347,BondRenderer.java,M,19,1,2,0.5000,0.2500,3,michaelthoward,1,1.0000,1.0000,1.0000,1,0
765,1348,BondRenderer.java,M,5,1,2,0.5000,0.2500,3,michaelthoward,6,1.0000,1.0000,1.0000,6,0
765,1349,BondRenderer.java,M,9,1,2,0.5000,0.2500,3,michaelthoward,2,0.0000,0.0000,0.0000,0,2
765,1350,BondRenderer.java,M,9,1,2,0.5000,0.2500,3,michaelthoward,0,0.0000,0.0000,0.0000,0,0
765,1351,BondRenderer.java,M,9,1,2,0.5000,0.2500,3,michaelthoward,0,0.0000,0.0000,0.0000,0,0
765,1353,BondRenderer.java,M,5,1,2,0.5000,0.2500,3,michaelthoward,6,1.0000,1.0000,1.0000,6,0
765,1354,BondRenderer.java,M,5,1,2,0.5000,0.2500,3,michaelthoward,6,1.0000,1.0000,1.0000,6,0
765,1355,BondRenderer.java,M,5,1,2,0.5000,0.2500,3,michaelthoward,6,1.0000,1.0000,1.0000,6,0
765,1356,BondRenderer.java,M,5,1,2,0.5000,0.2500,3,michaelthoward,6,1.0000,1.0000,1.0000,6,0
765,1357,BondRenderer.java,M,5,1,2,0.5000,0.2500,3,michaelthoward,6,1.0000,1.0000,1.0000,6,0
766,1338,BondRenderer.java,M,5,1,3,0.6000,0.2000,4,michaelthoward,8,0.0000,0.0000,0.0000,0,8
766,1348,BondRenderer.java,M,5,2,2,0.4000,0.4000,4,michaelthoward,6,1.0000,1.0000,1.0000,6,0
766,1349,BondRenderer.java,M,9,2,2,0.4000,0.4000,4,michaelthoward,2,0.0000,0.0000,0.0000,0,2
766,1350,BondRenderer.java,M,9,2,2,0.4000,0.4000,4,michaelthoward,0,0.0000,0.0000,0.0000,0,0
766,1351,BondRenderer.java,M,9,2,2,0.4000,0.4000,4,michaelthoward,0,0.0000,0.0000,0.0000,0,0
766,1352,BondRenderer.java,M,5,1,3,0.6000,0.2000,4,michaelthoward,6,1.0000,1.0000,1.0000,6,0
766,1353,BondRenderer.java,M,5,2,2,0.4000,0.4000,4,michaelthoward,6,1.0000,1.0000,1.0000,6,0
766,1354,BondRenderer.java,M,5,2,2,0.4000,0.4000,4,michaelthoward,6,1.0000,1.0000,1.0000,6,0
766,1355,BondRenderer.java,M,5,2,2,0.4000,0.4000,4,michaelthoward,6,1.0000,1.0000,1.0000,6,0
766,1356,BondRenderer.java,M,5,2,2,0.4000,0.4000,4,michaelthoward,6,1.0000,1.0000,1.0000,6,0
766,1357,BondRenderer.java,M,5,2,2,0.4000,0.4000,4,michaelthoward,6,1.0000,1.0000,1.0000,6,0
766,1362,BondRenderer.java,M,5,1,0,0.0000,1.0000,0,michaelthoward,5,0.0000,0.0000,0.0000,0,5
766,1363,DisplayControl.java,M,8,1,0,0.0000,1.0000,0,michaelthoward,8,0.0000,0.0000,0.0000,0,8
768,792,DisplayPanel.java,M,5,20,508,0.9621,0.0379,527,egonw,0,0.0000,0.0000,0.0000,0,0
768,793,DisplayPanel.java,M,5,19,509,0.9640,0.0360,527,egonw,4,0.0000,0.0000,0.0000,0,4
769,236,Jmol.java,M,6,31,580,0.7552,0.0404,767,michaelthoward,5,0.0000,0.0001,0.0000,0,5
769,269,Jmol.java,M,6,18,748,0.9740,0.0234,767,michaelthoward,7,0.0002,0.0003,0.0000,0,7
769,270,Jmol.java,M,5,8,540,0.7031,0.0104,767,michaelthoward,5,0.0000,0.0000,0.0000,0,5
769,275,Jmol.java,M,5,37,633,0.8242,0.0482,767,michaelthoward,6,0.0001,0.0003,0.0000,0,6
769,1040,Jmol.java,M,6,14,279,0.9490,0.0476,293,michaelthoward,1,0.6455,0.6455,0.6455,1,0
769,1288,DisplayControl.java,M,5,9,53,0.8413,0.1429,62,michaelthoward,3,0.0000,0.0000,0.0000,0,3
769,1289,DisplayControl.java,M,5,14,48,0.7619,0.2222,62,michaelthoward,5,0.1286,0.6432,0.0000,1,4
769,1290,DisplayControl.java,M,5,12,50,0.7937,0.1905,62,michaelthoward,8,0.0000,0.0000,0.0000,0,8
769,1291,DisplayControl.java,M,5,14,47,0.7460,0.2222,62,michaelthoward,13,0.0000,0.0000,0.0000,0,13
769,1292,DisplayControl.java,M,5,13,48,0.7869,0.2131,60,michaelthoward,5,0.1286,0.6432,0.0000,1,4
769,1310,DisplayControl.java,M,8,7,34,0.8095,0.1667,41,michaelthoward,8,0.0653,0.5225,0.0000,1,7
769,1363,DisplayControl.java,M,8,2,2,0.5000,0.5000,3,michaelthoward,8,0.0653,0.5225,0.0000,1,7
769,1364,DisplayControl.java,M,7,1,3,0.7500,0.2500,3,michaelthoward,3,0.3333,1.0000,0.0000,1,2
769,1365,DisplayControl.java,M,7,1,3,0.7500,0.2500,3,michaelthoward,3,0.3333,1.0000,0.0000,1,2
769,1366,DisplayControl.java,M,5,1,2,0.5000,0.2500,3,michaelthoward,6,0.0000,0.0000,0.0000,0,6
770,1289,DisplayControl.java,M,5,15,48,0.7500,0.2344,63,michaelthoward,5,0.1388,0.6941,0.0000,1,4
770,1292,DisplayControl.java,M,5,14,48,0.7742,0.2258,61,michaelthoward,5,0.1388,0.6941,0.0000,1,4
770,1363,DisplayControl.java,M,8,3,2,0.4000,0.6000,4,michaelthoward,8,0.0425,0.3396,0.0000,0,7
770,1367,Token.java,M,5,1,0,0.0000,0.5000,1,michaelthoward,7,0.0000,0.0000,0.0000,0,7
770,1369,Token.java,M,5,1,0,0.0000,0.5000,1,michaelthoward,2,1.0000,1.0000,1.0000,2,0
770,1370,Token.java,M,5,1,0,0.0000,0.5000,1,michaelthoward,2,1.0000,1.0000,1.0000,2,0
770,1371,Token.java,M,5,1,0,0.0000,0.5000,1,michaelthoward,2,1.0000,1.0000,1.0000,2,0
771,1367,Token.java,M,5,2,0,0.0000,0.6667,2,michaelthoward,7,0.0000,0.0000,0.0000,0,7
771,1369,Token.java,M,5,2,0,0.0000,0.6667,2,michaelthoward,2,1.0000,1.0000,1.0000,2,0
771,1370,Token.java,M,5,2,0,0.0000,0.6667,2,michaelthoward,2,1.0000,1.0000,1.0000,2,0
771,1371,Token.java,M,5,2,0,0.0000,0.6667,2,michaelthoward,2,1.0000,1.0000,1.0000,2,0
772,1372,DisplayControl.java,M,5,1,0,0.0000,1.0000,0,michaelthoward,14,0.0000,0.0000,0.0000,0,14
773,1157,PreferencesDialog.java,M,6,4,190,0.9744,0.0205,194,michaelthoward,3,0.0367,0.1102,0.0000,0,3
773,1158,PreferencesDialog.java,M,6,4,190,0.9744,0.0205,194,michaelthoward,0,0.0000,0.0000,0.0000,0,0
773,1159,PreferencesDialog.java,M,6,5,189,0.9692,0.0256,194,michaelthoward,2,0.0861,0.1723,0.0000,0,2
773,1161,PreferencesDialog.java,M,6,4,190,0.9744,0.0205,194,michaelthoward,3,0.0000,0.0000,0.0000,0,3
773,1168,PreferencesDialog.java,M,7,3,191,0.9795,0.0154,194,michaelthoward,4,0.5544,0.8085,0.2103,3,0
773,1169,PreferencesDialog.java,M,7,5,189,0.9692,0.0256,194,michaelthoward,4,0.6979,0.8085,0.4011,3,0
773,1170,PreferencesDialog.java,M,7,4,190,0.9744,0.0205,194,michaelthoward,4,0.6458,1.0000,0.1929,3,1
773,1171,PreferencesDialog.java,M,7,4,190,0.9744,0.0205,194,michaelthoward,4,0.6458,1.0000,0.1929,3,1
773,1172,PreferencesDialog.java,M,7,3,191,0.9795,0.0154,194,michaelthoward,1,0.0018,0.0018,0.0018,0,1
773,1288,DisplayControl.java,M,5,10,56,0.8358,0.1493,66,michaelthoward,3,0.0000,0.0000,0.0000,0,3
773,1289,DisplayControl.java,M,5,16,50,0.7463,0.2388,66,michaelthoward,5,0.1471,0.7354,0.0000,1,4
773,1290,DisplayControl.java,M,5,13,53,0.7910,0.1940,66,michaelthoward,8,0.0000,0.0000,0.0000,0,8
773,1291,DisplayControl.java,M,5,15,50,0.7463,0.2239,66,michaelthoward,14,0.0000,0.0000,0.0000,0,14
773,1292,DisplayControl.java,M,5,15,50,0.7692,0.2308,64,michaelthoward,5,0.1471,0.7354,0.0000,1,4
773,1310,DisplayControl.java,M,8,8,37,0.8043,0.1739,45,michaelthoward,8,0.0653,0.5225,0.0000,1,7
773,1314,DisplayControl.java,M,5,2,32,0.9412,0.0588,33,michaelthoward,7,0.1349,0.7896,0.0000,1,6
773,1315,DisplayControl.java,M,5,3,31,0.9118,0.0882,33,michaelthoward,7,0.1557,0.7896,0.0000,1,5
773,1317,DisplayControl.java,M,6,5,29,0.8529,0.1471,33,michaelthoward,2,0.0000,0.0000,0.0000,0,2
773,1319,DisplayControl.java,M,5,3,31,0.9118,0.0882,33,michaelthoward,6,0.5927,0.8544,0.0000,4,1
773,1321,DisplayControl.java,M,5,3,31,0.9118,0.0882,33,michaelthoward,6,0.6654,1.0000,0.0000,5,1
773,1322,DisplayControl.java,M,5,4,30,0.8824,0.1176,33,michaelthoward,6,0.6654,1.0000,0.0000,5,1
773,1323,DisplayControl.java,M,5,4,30,0.8824,0.1176,33,michaelthoward,6,0.6654,1.0000,0.0000,5,1
773,1363,DisplayControl.java,M,8,4,4,0.5000,0.5000,7,michaelthoward,8,0.0653,0.5225,0.0000,1,7
773,1365,DisplayControl.java,M,7,2,6,0.7500,0.2500,7,michaelthoward,3,0.1567,0.4700,0.0000,0,2
773,1366,DisplayControl.java,M,5,2,5,0.6250,0.2500,7,michaelthoward,6,0.3533,0.5300,0.0000,4,2
774,1218,ABINITOutputReader.java,M,5,2,157,0.9752,0.0124,160,fdortu,1,0.2159,0.2159,0.2159,0,0
776,1129,CrystalPropertiesDialog.java,M,12,3,197,0.9752,0.0149,201,fdortu,6,0.1913,1.0000,0.0000,1,5
776,1130,CrystalPropertiesDialog.java,M,12,3,197,0.9752,0.0149,201,fdortu,6,0.1913,1.0000,0.0000,1,5
776,1131,CrystalPropertiesDialog.java,M,7,3,197,0.9752,0.0149,201,fdortu,5,0.1906,0.9532,0.0000,1,4
776,1132,CrystalPropertiesDialog.java,M,7,7,193,0.9554,0.0347,201,fdortu,5,0.1906,0.9532,0.0000,1,4
776,1133,CrystalPropertiesDialog.java,M,8,6,194,0.9604,0.0297,201,fdortu,1,0.0000,0.0000,0.0000,0,1
776,1232,CrystalPropertiesDialog.java,M,6,1,159,0.9876,0.0062,160,fdortu,3,0.0000,0.0000,0.0000,0,3
776,1241,EnergyBand.java,M,5,1,158,0.9875,0.0063,159,fdortu,3,0.2647,0.7941,0.0000,1,2
776,1242,EnergyBand.java,M,5,2,157,0.9813,0.0125,159,fdortu,3,0.2647,0.7941,0.0000,1,2
777,17,ChemFrame.java,M,8,20,755,0.9729,0.0258,775,fdortu,2,0.4344,0.8688,0.0000,1,1
777,189,ChemFrame.java,M,8,15,757,0.9755,0.0193,775,fdortu,0,0.0000,0.0000,0.0000,0,0
777,487,ChemFrame.java,M,5,12,232,0.3114,0.0161,744,fdortu,8,0.0046,0.0313,0.0000,0,8
777,639,ChemFrame.java,M,5,25,713,0.9661,0.0339,737,fdortu,8,0.0000,0.0000,0.0000,0,8
777,1045,ChemFrame.java,M,7,10,239,0.8415,0.0352,283,fdortu,2,0.4560,0.8688,0.0432,1,1
781,189,ChemFrame.java,M,8,16,760,0.9744,0.0205,779,michaelthoward,0,0.0000,0.0000,0.0000,0,0
781,639,ChemFrame.java,M,5,26,716,0.9650,0.0350,741,michaelthoward,8,0.0000,0.0000,0.0000,0,8
781,681,JmolApplet.java,M,6,8,660,0.9865,0.0120,668,michaelthoward,3,0.3333,1.0000,0.0000,1,2
781,750,JmolApplet.java,M,5,6,559,0.9876,0.0106,565,michaelthoward,11,0.0670,0.5671,0.0000,1,10
781,792,DisplayPanel.java,M,5,21,520,0.9612,0.0388,540,michaelthoward,0,0.0000,0.0000,0.0000,0,0
781,793,DisplayPanel.java,M,5,20,521,0.9630,0.0370,540,michaelthoward,3,0.0000,0.0000,0.0000,0,3
781,973,JmolApplet.java,M,5,2,420,0.9929,0.0047,422,michaelthoward,6,0.1304,0.4502,0.0000,0,4
781,1098,PDBReader.java,M,5,2,205,0.9809,0.0096,208,michaelthoward,2,0.0000,0.0000,0.0000,0,2
781,1099,PDBReader.java,M,9,2,205,0.9809,0.0096,208,michaelthoward,12,0.0000,0.0000,0.0000,0,12
781,1168,PreferencesDialog.java,M,7,4,198,0.9754,0.0197,202,michaelthoward,4,0.6389,0.8911,0.1198,3,1
781,1169,PreferencesDialog.java,M,7,6,196,0.9655,0.0296,202,michaelthoward,4,0.7205,0.8911,0.2284,3,0
781,1170,PreferencesDialog.java,M,7,5,197,0.9704,0.0246,202,michaelthoward,4,0.6908,1.0000,0.1098,3,1
781,1171,PreferencesDialog.java,M,7,5,197,0.9704,0.0246,202,michaelthoward,4,0.6908,1.0000,0.1098,3,1
781,1172,PreferencesDialog.java,M,7,4,198,0.9754,0.0197,202,michaelthoward,1,0.0011,0.0011,0.0011,0,1
781,1288,DisplayControl.java,M,5,11,63,0.8400,0.1467,74,michaelthoward,5,0.2000,1.0000,0.0000,1,4
781,1289,DisplayControl.java,M,5,17,57,0.7600,0.2267,74,michaelthoward,5,0.2069,0.7742,0.0000,1,3
781,1290,DisplayControl.java,M,5,14,60,0.8000,0.1867,74,michaelthoward,8,0.0000,0.0000,0.0000,0,8
781,1291,DisplayControl.java,M,5,16,57,0.7600,0.2133,74,michaelthoward,11,0.0510,0.3922,0.0000,0,10
781,1292,DisplayControl.java,M,5,16,57,0.7808,0.2192,72,michaelthoward,5,0.2069,0.7742,0.0000,1,3
781,1296,Angle.java,M,14,2,65,0.9559,0.0294,67,michaelthoward,0,0.0000,0.0000,0.0000,0,0
781,1297,Dihedral.java,M,15,2,65,0.9559,0.0294,67,michaelthoward,1,1.0000,1.0000,1.0000,1,0
781,1298,Angle.java,M,15,2,65,0.9559,0.0294,67,michaelthoward,1,1.0000,1.0000,1.0000,1,0
781,1299,Dihedral.java,M,15,2,65,0.9559,0.0294,67,michaelthoward,3,0.0000,0.0000,0.0000,0,3
781,1310,DisplayControl.java,M,8,9,44,0.8148,0.1667,53,michaelthoward,3,0.1288,0.3865,0.0000,0,2
781,1313,DisplayControl.java,M,5,4,38,0.9048,0.0952,41,michaelthoward,6,0.1614,0.5328,0.0000,1,4
781,1314,DisplayControl.java,M,5,3,39,0.9286,0.0714,41,michaelthoward,6,0.2189,0.8777,0.0000,1,4
781,1315,DisplayControl.java,M,5,4,38,0.9048,0.0952,41,michaelthoward,6,0.2351,0.8777,0.0000,2,4
781,1317,DisplayControl.java,M,6,6,36,0.8571,0.1429,41,michaelthoward,2,0.0000,0.0000,0.0000,0,2
781,1318,DisplayControl.java,M,5,4,38,0.9048,0.0952,41,michaelthoward,6,0.3849,0.7385,0.0000,1,1
781,1320,DisplayControl.java,M,5,4,38,0.9048,0.0952,41,michaelthoward,2,0.5000,1.0000,0.0000,1,1
781,1362,BondRenderer.java,M,5,2,14,0.8750,0.1250,15,michaelthoward,5,0.1041,0.2604,0.0000,0,3
781,1368,Token.java,M,6,1,11,0.8462,0.0769,12,michaelthoward,9,0.0000,0.0000,0.0000,0,9
781,1372,DisplayControl.java,M,5,2,8,0.8000,0.2000,9,michaelthoward,11,0.0872,0.5671,0.0000,1,9
781,1409,DisplayControl.java,M,5,1,0,0.0000,1.0000,0,michaelthoward,5,0.2000,1.0000,0.0000,1,4
781,1412,Eval.java,M,5,1,0,0.0000,1.0000,0,michaelthoward,2,0.5000,1.0000,0.0000,1,1
781,1416,DisplayPanel.java,M,17,1,0,0.0000,1.0000,0,michaelthoward,3,0.3333,1.0000,0.0000,1,2
781,1418,Eval.java,M,6,1,0,0.0000,1.0000,0,michaelthoward,4,0.0000,0.0000,0.0000,0,4
784,252,Gaussian94Reader.java,M,26,4,777,0.9923,0.0051,782,egonw,1,1.0000,1.0000,1.0000,1,0
784,793,DisplayPanel.java,M,5,21,523,0.9614,0.0386,543,egonw,3,0.0000,0.0000,0.0000,0,3
784,897,ChemFile.java,M,15,3,447,0.9911,0.0067,450,egonw,4,0.0001,0.0002,0.0000,0,4
784,991,MeasureRenderer.java,M,12,9,413,0.9741,0.0212,423,egonw,2,0.9455,1.0000,0.8909,2,0
784,1263,CrystalFrame.java,M,37,5,131,0.9632,0.0368,135,egonw,2,0.0125,0.0250,0.0000,0,2
784,1277,Gaussian98Reader.java,M,26,1,110,0.9821,0.0089,111,egonw,1,1.0000,1.0000,1.0000,1,0
784,1300,MeasureRenderer.java,M,12,2,69,0.9718,0.0282,70,egonw,2,0.9455,1.0000,0.8909,2,0
784,1301,MeasureRenderer.java,M,12,1,70,0.9859,0.0141,70,egonw,2,0.8909,0.8909,0.8909,2,0
786,1288,DisplayControl.java,M,5,12,67,0.8375,0.1500,79,michaelthoward,5,0.2000,1.0000,0.0000,1,4
786,1290,DisplayControl.java,M,5,15,64,0.8000,0.1875,79,michaelthoward,8,0.0000,0.0000,0.0000,0,8
786,1291,DisplayControl.java,M,5,17,61,0.7625,0.2125,79,michaelthoward,11,0.0658,0.5824,0.0000,1,10
786,1310,DisplayControl.java,M,8,10,48,0.8136,0.1695,58,michaelthoward,4,0.1322,0.5289,0.0000,1,3
786,1314,DisplayControl.java,M,5,4,43,0.9149,0.0851,46,michaelthoward,6,0.2053,0.9177,0.0000,1,4
786,1315,DisplayControl.java,M,5,5,42,0.8936,0.1064,46,michaelthoward,6,0.2170,0.9177,0.0000,1,4
786,1317,DisplayControl.java,M,6,7,40,0.8511,0.1489,46,michaelthoward,2,0.0000,0.0000,0.0000,0,2
786,1318,DisplayControl.java,M,5,5,42,0.8936,0.1064,46,michaelthoward,6,0.4586,0.8114,0.0000,4,1
786,1319,DisplayControl.java,M,5,4,43,0.9149,0.0851,46,michaelthoward,6,0.5507,0.9078,0.0000,4,1
786,1320,DisplayControl.java,M,5,5,42,0.8936,0.1064,46,michaelthoward,2,0.2313,0.4626,0.0000,0,1
786,1321,DisplayControl.java,M,5,4,43,0.9149,0.0851,46,michaelthoward,6,0.5796,0.8114,0.2157,4,0
786,1322,DisplayControl.java,M,5,5,42,0.8936,0.1064,46,michaelthoward,6,0.5895,1.0000,0.0000,4,1
786,1323,DisplayControl.java,M,5,5,42,0.8936,0.1064,46,michaelthoward,6,0.5895,1.0000,0.0000,4,1
786,1363,DisplayControl.java,M,8,5,15,0.7143,0.2381,20,michaelthoward,4,0.1322,0.5289,0.0000,1,3
786,1364,DisplayControl.java,M,7,2,18,0.8571,0.0952,20,michaelthoward,3,0.0879,0.2637,0.0000,0,2
786,1372,DisplayControl.java,M,5,3,12,0.8000,0.2000,14,michaelthoward,11,0.0840,0.5824,0.0000,1,9
786,1409,DisplayControl.java,M,5,2,4,0.6667,0.3333,5,michaelthoward,5,0.2000,1.0000,0.0000,1,4
786,1417,DisplayControl.java,M,6,1,5,0.8333,0.1667,5,michaelthoward,8,0.0000,0.0000,0.0000,0,8
786,1424,Eval.java,M,5,1,4,0.6667,0.1667,5,michaelthoward,0,0.0000,0.0000,0.0000,0,0
786,1425,Eval.java,M,18,1,4,0.6667,0.1667,5,michaelthoward,0,0.0000,0.0000,0.0000,0,0
786,1426,DisplayControl.java,M,32,1,0,0.0000,1.0000,0,michaelthoward,2,0.0000,0.0000,0.0000,0,2
788,681,JmolApplet.java,M,6,9,666,0.9852,0.0133,675,michaelthoward,3,0.1492,0.4477,0.0000,0,2
788,750,JmolApplet.java,M,5,7,565,0.9860,0.0122,572,michaelthoward,13,0.1127,0.5522,0.0000,2,10
788,864,JmolApplet.java,M,5,4,454,0.9742,0.0086,465,michaelthoward,13,0.1194,1.0000,0.0000,2,11
788,865,JmolApplet.java,M,5,4,454,0.9742,0.0086,465,michaelthoward,13,0.1194,1.0000,0.0000,2,11
788,973,JmolApplet.java,M,5,3,426,0.9907,0.0070,429,michaelthoward,6,0.0669,0.2166,0.0000,0,5
791,1363,DisplayControl.java,M,8,6,19,0.7308,0.2308,25,michaelthoward,4,0.1573,0.6290,0.0000,1,3
791,1364,DisplayControl.java,M,7,3,22,0.8462,0.1154,25,michaelthoward,3,0.0582,0.1746,0.0000,0,3
791,1417,DisplayControl.java,M,6,2,9,0.8182,0.1818,10,michaelthoward,8,0.0000,0.0000,0.0000,0,8
791,1428,DisplayControl.java,M,5,1,0,0.0000,1.0000,0,michaelthoward,6,0.0000,0.0000,0.0000,0,6
791,1429,JmolApplet.java,M,7,1,0,0.0000,1.0000,0,michaelthoward,1,0.0000,0.0000,0.0000,0,1
791,1430,JmolApplet.java,M,8,1,0,0.0000,1.0000,0,michaelthoward,0,0.0000,0.0000,0.0000,0,0
792,1410,Compiler.java,M,5,1,10,0.8333,0.0833,11,michaelthoward,2,0.0000,0.0000,0.0000,0,2
792,1413,Compiler.java,M,5,1,10,0.8333,0.0833,11,michaelthoward,2,0.0000,0.0000,0.0000,0,2
792,1419,Compiler.java,M,8,1,10,0.8333,0.0833,11,michaelthoward,0,0.0000,0.0000,0.0000,0,0
793,1412,Eval.java,M,5,2,11,0.8462,0.1538,12,michaelthoward,2,0.1391,0.2782,0.0000,0,1
793,1418,Eval.java,M,6,2,11,0.8462,0.1538,12,michaelthoward,4,0.0000,0.0000,0.0000,0,4
793,1424,Eval.java,M,5,2,10,0.7692,0.1538,12,michaelthoward,0,0.0000,0.0000,0.0000,0,0
793,1425,Eval.java,M,18,2,10,0.7692,0.1538,12,michaelthoward,0,0.0000,0.0000,0.0000,0,0
794,1289,DisplayControl.java,M,5,18,69,0.7841,0.2045,87,michaelthoward,6,0.1374,0.6365,0.0000,1,5
794,1431,Eval.java,M,5,1,0,0.0000,1.0000,0,michaelthoward,2,0.0000,0.0000,0.0000,0,2
795,1288,DisplayControl.java,M,5,13,75,0.8427,0.1461,88,michaelthoward,5,0.1174,0.5868,0.0000,1,4
795,1289,DisplayControl.java,M,5,19,69,0.7753,0.2135,88,michaelthoward,6,0.1982,0.6928,0.0000,1,4
795,1290,DisplayControl.java,M,5,16,72,0.8090,0.1798,88,michaelthoward,8,0.0000,0.0000,0.0000,0,8
795,1292,DisplayControl.java,M,5,17,70,0.8046,0.1954,86,michaelthoward,6,0.2349,0.6928,0.0000,2,4
795,1363,DisplayControl.java,M,8,7,22,0.7333,0.2333,29,michaelthoward,4,0.1752,0.7007,0.0000,1,3
795,1365,DisplayControl.java,M,7,3,26,0.8667,0.1000,29,michaelthoward,3,0.0421,0.1264,0.0000,0,3
795,1366,DisplayControl.java,M,5,3,25,0.8333,0.1000,29,michaelthoward,6,0.1197,0.1887,0.0000,0,6
795,1417,DisplayControl.java,M,6,3,12,0.8000,0.2000,14,michaelthoward,8,0.0000,0.0000,0.0000,0,8
795,1426,DisplayControl.java,M,32,2,8,0.8000,0.2000,9,michaelthoward,2,0.0000,0.0000,0.0000,0,2
795,1428,DisplayControl.java,M,5,2,3,0.6000,0.4000,4,michaelthoward,6,0.1467,0.5300,0.0000,1,4
796,1288,DisplayControl.java,M,5,14,75,0.8333,0.1556,89,michaelthoward,5,0.0823,0.4116,0.0000,0,4
796,1290,DisplayControl.java,M,5,17,72,0.8000,0.1889,89,michaelthoward,8,0.0000,0.0000,0.0000,0,8
796,1291,DisplayControl.java,M,5,18,70,0.7778,0.2000,89,michaelthoward,13,0.0393,0.4094,0.0000,0,12
796,1292,DisplayControl.java,M,5,18,70,0.7955,0.2045,87,michaelthoward,6,0.2626,0.7351,0.0000,2,4
796,1310,DisplayControl.java,M,8,11,57,0.8261,0.1594,68,michaelthoward,4,0.1876,0.7504,0.0000,1,3
796,1363,DisplayControl.java,M,8,8,22,0.7097,0.2581,30,michaelthoward,4,0.1876,0.7504,0.0000,1,3
796,1364,DisplayControl.java,M,7,4,26,0.8387,0.1290,30,michaelthoward,5,0.2640,1.0000,0.0000,1,3
796,1365,DisplayControl.java,M,7,4,26,0.8387,0.1290,30,michaelthoward,5,0.2640,1.0000,0.0000,1,3
796,1366,DisplayControl.java,M,5,4,25,0.8065,0.1290,30,michaelthoward,6,0.0880,0.1371,0.0000,0,6
796,1417,DisplayControl.java,M,6,4,12,0.7500,0.2500,15,michaelthoward,8,0.0000,0.0000,0.0000,0,8
796,1426,DisplayControl.java,M,32,3,8,0.7273,0.2727,10,michaelthoward,2,0.0000,0.0000,0.0000,0,2
796,1428,DisplayControl.java,M,5,3,3,0.5000,0.5000,5,michaelthoward,6,0.2030,0.6960,0.0000,2,4
796,1431,Eval.java,M,5,2,1,0.3333,0.6667,2,michaelthoward,2,0.0000,0.0000,0.0000,0,2
796,1432,Eval.java,M,18,1,0,0.0000,1.0000,0,michaelthoward,5,0.4000,1.0000,0.0000,2,3
797,1262,ChemFrame.java,M,33,5,144,0.9664,0.0336,148,michaelthoward,0,0.0000,0.0000,0.0000,0,0
797,1413,Compiler.java,M,5,2,14,0.8235,0.1176,16,michaelthoward,2,0.0000,0.0000,0.0000,0,2
797,1425,Eval.java,M,18,3,13,0.7647,0.1765,16,michaelthoward,0,0.0000,0.0000,0.0000,0,0
797,1431,Eval.java,M,5,3,1,0.2500,0.7500,3,michaelthoward,2,0.0000,0.0000,0.0000,0,2
797,1432,Eval.java,M,18,2,0,0.0000,1.0000,1,michaelthoward,5,0.1970,0.4925,0.0000,0,3
798,1363,DisplayControl.java,M,8,9,23,0.6970,0.2727,32,michaelthoward,4,0.1970,0.7879,0.0000,1,3
798,1365,DisplayControl.java,M,7,5,27,0.8182,0.1515,32,michaelthoward,5,0.1851,0.6668,0.0000,1,3
798,1366,DisplayControl.java,M,5,5,26,0.7879,0.1515,32,michaelthoward,6,0.0687,0.1063,0.0000,0,6
798,1413,Compiler.java,M,5,3,14,0.7778,0.1667,17,michaelthoward,2,0.1782,0.3564,0.0000,0,1
798,1421,Compiler.java,M,9,1,16,0.8889,0.0556,17,michaelthoward,4,0.0000,0.0000,0.0000,0,4
798,1423,Compiler.java,M,5,1,16,0.8889,0.0556,17,michaelthoward,2,0.1782,0.3564,0.0000,0,1
798,1424,Eval.java,M,5,3,14,0.7778,0.1667,17,michaelthoward,0,0.0000,0.0000,0.0000,0,0
798,1425,Eval.java,M,18,4,13,0.7222,0.2222,17,michaelthoward,0,0.0000,0.0000,0.0000,0,0
798,1428,DisplayControl.java,M,5,4,4,0.5000,0.5000,7,michaelthoward,6,0.1523,0.5062,0.0000,1,4
798,1431,Eval.java,M,5,4,1,0.2000,0.8000,4,michaelthoward,2,0.0000,0.0000,0.0000,0,2
798,1432,Eval.java,M,18,3,0,0.0000,1.0000,2,michaelthoward,5,0.1980,0.6668,0.0000,1,3
799,792,DisplayPanel.java,M,5,22,537,0.9606,0.0394,558,michaelthoward,0,0.0000,0.0000,0.0000,0,0
799,793,DisplayPanel.java,M,5,22,537,0.9606,0.0394,558,michaelthoward,3,0.0000,0.0000,0.0000,0,3
799,1141,PreferencesDialog.java,M,11,6,214,0.9683,0.0271,220,michaelthoward,4,0.0000,0.0000,0.0000,0,4
799,1144,PreferencesDialog.java,M,5,6,214,0.9683,0.0271,220,michaelthoward,1,0.0000,0.0000,0.0000,0,1
799,1154,PreferencesDialog.java,M,6,6,214,0.9683,0.0271,220,michaelthoward,1,0.8187,0.8187,0.8187,1,0
799,1155,PreferencesDialog.java,M,6,7,213,0.9638,0.0317,220,michaelthoward,1,0.5170,0.5170,0.5170,1,0
799,1156,PreferencesDialog.java,M,7,5,215,0.9729,0.0226,220,michaelthoward,4,0.5066,0.5563,0.4881,1,0
799,1157,PreferencesDialog.java,M,6,5,215,0.9729,0.0226,220,michaelthoward,3,0.1767,0.5300,0.0000,1,2
799,1158,PreferencesDialog.java,M,6,5,215,0.9729,0.0226,220,michaelthoward,0,0.0000,0.0000,0.0000,0,0
799,1159,PreferencesDialog.java,M,6,6,214,0.9683,0.0271,220,michaelthoward,2,0.0370,0.0741,0.0000,0,2
799,1160,PreferencesDialog.java,M,6,5,215,0.9729,0.0226,220,michaelthoward,1,0.5170,0.5170,0.5170,1,0
799,1161,PreferencesDialog.java,M,6,5,215,0.9729,0.0226,220,michaelthoward,3,0.0000,0.0000,0.0000,0,3
799,1162,PreferencesDialog.java,M,7,6,214,0.9683,0.0271,220,michaelthoward,1,0.4034,0.4034,0.4034,0,0
799,1164,PreferencesDialog.java,M,6,6,214,0.9683,0.0271,220,michaelthoward,1,0.8187,0.8187,0.8187,1,0
799,1168,PreferencesDialog.java,M,7,5,215,0.9729,0.0226,220,michaelthoward,4,0.7924,0.9375,0.4938,3,0
799,1169,PreferencesDialog.java,M,7,7,213,0.9638,0.0317,220,michaelthoward,4,0.8393,0.9375,0.5563,4,0
799,1170,PreferencesDialog.java,M,7,6,214,0.9683,0.0271,220,michaelthoward,4,0.8223,1.0000,0.4881,3,0
799,1171,PreferencesDialog.java,M,7,6,214,0.9683,0.0271,220,michaelthoward,4,0.8223,1.0000,0.4881,3,0
799,1172,PreferencesDialog.java,M,7,5,215,0.9729,0.0226,220,michaelthoward,1,0.4034,0.4034,0.4034,0,0
799,1173,PreferencesDialog.java,M,5,8,212,0.9593,0.0362,220,michaelthoward,3,0.1767,0.5300,0.0000,1,2
799,1174,PreferencesDialog.java,M,5,8,212,0.9593,0.0362,220,michaelthoward,8,0.2500,1.0000,0.0000,2,6
799,1288,DisplayControl.java,M,5,15,77,0.8280,0.1613,92,michaelthoward,5,0.1113,0.5565,0.0000,1,4
799,1290,DisplayControl.java,M,5,18,74,0.7957,0.1935,92,michaelthoward,8,0.0000,0.0000,0.0000,0,8
799,1292,DisplayControl.java,M,5,19,72,0.7912,0.2088,90,michaelthoward,6,0.2282,0.6389,0.0000,2,4
799,1310,DisplayControl.java,M,8,12,59,0.8194,0.1667,71,michaelthoward,4,0.2041,0.8162,0.0000,1,3
799,1320,DisplayControl.java,M,5,6,54,0.9000,0.1000,59,michaelthoward,0,0.0000,0.0000,0.0000,0,0
799,1321,DisplayControl.java,M,5,5,55,0.9167,0.0833,59,michaelthoward,6,0.5186,0.8301,0.1405,3,1
799,1322,DisplayControl.java,M,5,6,54,0.9000,0.1000,59,michaelthoward,6,0.5164,1.0000,0.0000,3,1
799,1323,DisplayControl.java,M,5,6,54,0.9000,0.1000,59,michaelthoward,6,0.5164,1.0000,0.0000,3,1
799,1363,DisplayControl.java,M,8,10,23,0.6765,0.2941,33,michaelthoward,4,0.2041,0.8162,0.0000,1,3
799,1364,DisplayControl.java,M,7,5,28,0.8235,0.1471,33,michaelthoward,5,0.1239,0.3804,0.0000,0,3
799,1365,DisplayControl.java,M,7,6,27,0.7941,0.1765,33,michaelthoward,5,0.1746,0.4925,0.0000,0,3
799,1366,DisplayControl.java,M,5,6,26,0.7647,0.1765,33,michaelthoward,6,0.1471,0.2745,0.0000,0,3
799,1372,DisplayControl.java,M,5,4,24,0.8571,0.1429,27,michaelthoward,13,0.0369,0.3090,0.0000,0,12
799,1409,DisplayControl.java,M,5,3,16,0.8421,0.1579,18,michaelthoward,5,0.1113,0.5565,0.0000,1,4
799,1416,DisplayPanel.java,M,17,2,17,0.8947,0.1053,18,michaelthoward,3,0.0844,0.2532,0.0000,0,2
799,1417,DisplayControl.java,M,6,5,14,0.7368,0.2632,18,michaelthoward,8,0.0000,0.0000,0.0000,0,8
799,1428,DisplayControl.java,M,5,5,4,0.4444,0.5556,8,michaelthoward,6,0.1578,0.6145,0.0000,1,4
799,1435,PreferencesDialog.java,M,5,1,0,0.0000,1.0000,0,michaelthoward,8,0.2500,1.0000,0.0000,2,6
800,318,MeasurementList.java,M,8,6,792,0.9912,0.0075,798,michaelthoward,2,0.0001,0.0002,0.0000,0,2
800,320,MeasurementList.java,M,8,6,792,0.9912,0.0075,798,michaelthoward,3,0.0001,0.0002,0.0000,0,3
800,328,MeasurementList.java,M,5,6,792,0.9912,0.0075,798,michaelthoward,18,0.2223,1.0000,0.0000,4,14
800,329,MeasurementList.java,M,5,6,792,0.9912,0.0075,798,michaelthoward,18,0.2223,1.0000,0.0000,4,14
800,330,MeasurementList.java,M,5,6,792,0.9912,0.0075,798,michaelthoward,18,0.2223,1.0000,0.0000,4,14
800,332,MeasurementList.java,M,5,6,792,0.9912,0.0075,798,michaelthoward,18,0.2223,1.0000,0.0000,4,14
800,334,MeasurementList.java,M,5,6,792,0.9912,0.0075,798,michaelthoward,18,0.2223,1.0000,0.0000,4,14
800,335,MeasurementList.java,M,5,5,793,0.9925,0.0063,798,michaelthoward,8,0.0000,0.0001,0.0000,0,8
800,340,MeasurementList.java,M,5,7,791,0.9900,0.0088,798,michaelthoward,8,0.2501,1.0000,0.0000,2,6
800,341,MeasurementList.java,M,5,7,791,0.9900,0.0088,798,michaelthoward,8,0.2501,1.0000,0.0000,2,6
800,342,MeasurementList.java,M,5,7,791,0.9900,0.0088,798,michaelthoward,8,0.2501,1.0000,0.0000,2,6
800,1363,DisplayControl.java,M,8,11,23,0.6571,0.3143,34,michaelthoward,4,0.2096,0.8385,0.0000,1,3
800,1428,DisplayControl.java,M,5,6,4,0.4000,0.6000,9,michaelthoward,6,0.1301,0.5012,0.0000,1,4
801,1288,DisplayControl.java,M,5,16,78,0.8211,0.1684,94,michaelthoward,5,0.1297,0.6484,0.0000,1,4
801,1289,DisplayControl.java,M,5,20,74,0.7789,0.2105,94,michaelthoward,6,0.1936,0.6829,0.0000,1,4
801,1290,DisplayControl.java,M,5,19,75,0.7895,0.2000,94,michaelthoward,8,0.0000,0.0000,0.0000,0,8
801,1291,DisplayControl.java,M,5,19,74,0.7789,0.2000,94,michaelthoward,13,0.0254,0.2452,0.0000,0,12
801,1292,DisplayControl.java,M,5,20,73,0.7849,0.2151,92,michaelthoward,6,0.2265,0.6829,0.0000,2,4
801,1363,DisplayControl.java,M,8,12,23,0.6389,0.3333,35,michaelthoward,4,0.2141,0.8564,0.0000,1,3
801,1365,DisplayControl.java,M,7,7,28,0.7778,0.1944,35,michaelthoward,5,0.1419,0.3855,0.0000,0,3
801,1366,DisplayControl.java,M,5,7,27,0.7500,0.1944,35,michaelthoward,6,0.1232,0.2288,0.0000,0,3
801,1409,DisplayControl.java,M,5,4,17,0.8095,0.1905,20,michaelthoward,5,0.1297,0.6484,0.0000,1,4
801,1417,DisplayControl.java,M,6,6,15,0.7143,0.2857,20,michaelthoward,8,0.0000,0.0000,0.0000,0,8
801,1428,DisplayControl.java,M,5,7,4,0.3636,0.6364,10,michaelthoward,6,0.1603,0.5808,0.0000,1,4
801,1436,DisplayControl.java,M,7,1,0,0.0000,1.0000,0,michaelthoward,2,0.0000,0.0000,0.0000,0,2
802,1414,MouseManager.java,M,5,1,20,0.9091,0.0455,21,michaelthoward,0,0.0000,0.0000,0.0000,0,0
803,1158,PreferencesDialog.java,M,6,6,218,0.9689,0.0267,224,michaelthoward,0,0.0000,0.0000,0.0000,0,0
803,1288,DisplayControl.java,M,5,17,79,0.8144,0.1753,96,michaelthoward,4,0.0000,0.0000,0.0000,0,4
803,1290,DisplayControl.java,M,5,20,76,0.7835,0.2062,96,michaelthoward,8,0.0000,0.0000,0.0000,0,8
803,1295,Distance.java,M,5,2,65,0.7222,0.0222,89,michaelthoward,4,0.0000,0.0000,0.0000,0,4
803,1296,Angle.java,M,14,3,86,0.9556,0.0333,89,michaelthoward,1,0.0000,0.0000,0.0000,0,1
803,1297,Dihedral.java,M,15,3,86,0.9556,0.0333,89,michaelthoward,1,1.0000,1.0000,1.0000,1,0
803,1298,Angle.java,M,15,3,86,0.9556,0.0333,89,michaelthoward,1,1.0000,1.0000,1.0000,1,0
803,1299,Dihedral.java,M,15,3,86,0.9556,0.0333,89,michaelthoward,3,0.0000,0.0000,0.0000,0,3
803,1310,DisplayControl.java,M,8,13,62,0.8158,0.1711,75,michaelthoward,3,0.0000,0.0000,0.0000,0,3
803,1314,DisplayControl.java,M,5,5,59,0.9219,0.0781,63,michaelthoward,6,0.1936,0.9467,0.0000,1,4
803,1315,DisplayControl.java,M,5,6,58,0.9063,0.0938,63,michaelthoward,6,0.2015,0.9467,0.0000,1,4
803,1318,DisplayControl.java,M,5,6,58,0.9063,0.0938,63,michaelthoward,5,0.5193,0.6800,0.1526,4,1
803,1319,DisplayControl.java,M,5,5,59,0.9219,0.0781,63,michaelthoward,5,0.5372,0.7056,0.0000,4,1
803,1321,DisplayControl.java,M,5,6,58,0.9063,0.0938,63,michaelthoward,5,0.6300,0.8721,0.1104,4,1
803,1322,DisplayControl.java,M,5,7,57,0.8906,0.1094,63,michaelthoward,5,0.6260,1.0000,0.0000,4,1
803,1323,DisplayControl.java,M,5,7,57,0.8906,0.1094,63,michaelthoward,5,0.6260,1.0000,0.0000,4,1
803,1415,AppletCanvas.java,M,17,1,21,0.9130,0.0435,22,michaelthoward,3,0.1387,0.4160,0.0000,0,2
803,1416,DisplayPanel.java,M,17,3,20,0.8696,0.1304,22,michaelthoward,3,0.1953,0.4160,0.0000,0,2
803,1417,DisplayControl.java,M,6,7,16,0.6957,0.3043,22,michaelthoward,8,0.0000,0.0000,0.0000,0,8
803,1426,DisplayControl.java,M,32,4,14,0.7778,0.2222,17,michaelthoward,2,0.0000,0.0000,0.0000,0,2
803,1428,DisplayControl.java,M,5,8,5,0.3846,0.6154,12,michaelthoward,4,0.0000,0.0000,0.0000,0,4
804,1438,TransformManager.java,M,5,1,0,0.0000,0.5000,1,michaelthoward,1,0.0000,0.0000,0.0000,0,1
804,1444,TransformManager.java,M,5,1,0,0.0000,0.5000,1,michaelthoward,0,0.0000,0.0000,0.0000,0,0
804,1445,TransformManager.java,M,5,1,0,0.0000,0.5000,1,michaelthoward,0,0.0000,0.0000,0.0000,0,0
804,1446,TransformManager.java,M,8,1,0,0.0000,0.5000,1,michaelthoward,0,0.0000,0.0000,0.0000,0,0
805,750,JmolApplet.java,M,5,8,581,0.9847,0.0136,589,michaelthoward,11,0.0523,0.2877,0.0000,0,9
805,1310,DisplayControl.java,M,8,14,63,0.8077,0.1795,77,michaelthoward,3,0.0000,0.0000,0.0000,0,3
805,1415,AppletCanvas.java,M,17,2,22,0.8800,0.0800,24,michaelthoward,3,0.1983,0.5949,0.0000,1,2
805,1416,DisplayPanel.java,M,17,4,21,0.8400,0.1600,24,michaelthoward,3,0.2403,0.5949,0.0000,1,2
808,1290,DisplayControl.java,M,5,21,80,0.7843,0.2059,101,michaelthoward,8,0.0000,0.0000,0.0000,0,8
808,1292,DisplayControl.java,M,5,21,74,0.7400,0.2100,99,michaelthoward,5,0.0157,0.0786,0.0000,0,5
808,1310,DisplayControl.java,M,8,15,65,0.8025,0.1852,80,michaelthoward,6,0.3333,1.0000,0.0000,2,4
808,1417,DisplayControl.java,M,6,8,20,0.7143,0.2857,27,michaelthoward,8,0.0000,0.0000,0.0000,0,8
808,1451,DisplayControl.java,M,8,1,0,0.0000,1.0000,0,michaelthoward,6,0.3333,1.0000,0.0000,2,4
808,1452,DisplayControl.java,M,8,1,0,0.0000,1.0000,0,michaelthoward,6,0.3333,1.0000,0.0000,2,4
809,1292,DisplayControl.java,M,5,22,74,0.7327,0.2178,100,michaelthoward,5,0.0133,0.0665,0.0000,0,5
809,1313,DisplayControl.java,M,5,5,65,0.9286,0.0714,69,michaelthoward,6,0.1493,0.4654,0.0000,0,4
809,1314,DisplayControl.java,M,5,6,64,0.9143,0.0857,69,michaelthoward,6,0.2322,0.9625,0.0000,1,4
809,1315,DisplayControl.java,M,5,7,63,0.9000,0.1000,69,michaelthoward,6,0.2380,0.9625,0.0000,1,4
809,1320,DisplayControl.java,M,5,7,63,0.9000,0.1000,69,michaelthoward,0,0.0000,0.0000,0.0000,0,0
809,1321,DisplayControl.java,M,5,7,63,0.9000,0.1000,69,michaelthoward,5,0.5323,0.9014,0.0879,3,1
809,1439,ColorManager.java,M,6,1,5,0.7143,0.1429,6,michaelthoward,5,0.0000,0.0000,0.0000,0,5
809,1451,DisplayControl.java,M,8,2,0,0.0000,1.0000,1,michaelthoward,5,0.2000,1.0000,0.0000,1,4
809,1452,DisplayControl.java,M,8,2,0,0.0000,1.0000,1,michaelthoward,5,0.2000,1.0000,0.0000,1,4
810,1313,DisplayControl.java,M,5,6,65,0.9155,0.0845,70,michaelthoward,6,0.1900,0.5835,0.0000,2,4
810,1314,DisplayControl.java,M,5,7,64,0.9014,0.0986,70,michaelthoward,6,0.2546,0.9713,0.0000,2,4
810,1315,DisplayControl.java,M,5,8,63,0.8873,0.1127,70,michaelthoward,6,0.2591,0.9713,0.0000,2,4
810,1318,DisplayControl.java,M,5,7,64,0.9014,0.0986,70,michaelthoward,5,0.5349,0.7552,0.1119,4,1
810,1319,DisplayControl.java,M,5,6,65,0.9155,0.0845,70,michaelthoward,5,0.5473,0.7819,0.0000,4,1
810,1321,DisplayControl.java,M,5,8,63,0.8873,0.1127,70,michaelthoward,5,0.5836,0.9202,0.0727,4,1
810,1322,DisplayControl.java,M,5,8,63,0.8873,0.1127,70,michaelthoward,5,0.5946,0.7990,0.0000,4,1
810,1438,TransformManager.java,M,5,2,5,0.6250,0.2500,7,michaelthoward,3,0.3333,1.0000,0.0000,1,2
810,1445,TransformManager.java,M,5,2,5,0.6250,0.2500,7,michaelthoward,0,0.0000,0.0000,0.0000,0,0
810,1446,TransformManager.java,M,8,2,5,0.6250,0.2500,7,michaelthoward,0,0.0000,0.0000,0.0000,0,0
810,1453,RepaintManager.java,M,8,1,0,0.0000,0.5000,1,michaelthoward,0,0.0000,0.0000,0.0000,0,0
810,1454,RepaintManager.java,M,5,1,0,0.0000,0.5000,1,michaelthoward,1,0.0000,0.0000,0.0000,0,1
810,1456,RepaintManager.java,M,6,1,0,0.0000,0.5000,1,michaelthoward,5,0.0000,0.0000,0.0000,0,5
810,1457,TransformManager.java,M,5,1,0,0.0000,1.0000,0,michaelthoward,3,0.3333,1.0000,0.0000,1,2
811,1440,ColorManager.java,M,5,1,7,0.7778,0.1111,8,michaelthoward,6,0.0000,0.0000,0.0000,0,6
812,1421,Compiler.java,M,9,2,29,0.9063,0.0625,31,michaelthoward,4,0.0000,0.0000,0.0000,0,4
812,1422,Compiler.java,M,9,1,30,0.9375,0.0313,31,michaelthoward,5,0.0000,0.0000,0.0000,0,5
812,1423,Compiler.java,M,5,2,29,0.9063,0.0625,31,michaelthoward,2,0.1155,0.2311,0.0000,0,1
812,1460,Compiler.java,M,5,1,0,0.0000,1.0000,0,michaelthoward,4,0.2500,1.0000,0.0000,1,3
812,1461,Compiler.java,M,5,1,0,0.0000,1.0000,0,michaelthoward,4,0.2500,1.0000,0.0000,1,3
813,1292,DisplayControl.java,M,5,23,77,0.7333,0.2190,104,michaelthoward,5,0.0113,0.0567,0.0000,0,5
813,1310,DisplayControl.java,M,8,16,65,0.7558,0.1860,85,michaelthoward,6,0.2257,0.6772,0.0000,2,4
813,1314,DisplayControl.java,M,5,8,66,0.8919,0.1081,73,michaelthoward,6,0.2375,0.9772,0.0000,1,4
813,1315,DisplayControl.java,M,5,9,65,0.8784,0.1216,73,michaelthoward,6,0.2412,0.9772,0.0000,1,4
813,1320,DisplayControl.java,M,5,8,66,0.8919,0.1081,73,michaelthoward,0,0.0000,0.0000,0.0000,0,0
813,1321,DisplayControl.java,M,5,9,65,0.8784,0.1216,73,michaelthoward,5,0.5176,0.9339,0.0611,3,1
813,1323,DisplayControl.java,M,5,8,66,0.8919,0.1081,73,michaelthoward,5,0.5075,0.9339,0.0000,3,1
813,1349,BondRenderer.java,M,9,3,48,0.9231,0.0577,51,michaelthoward,0,0.0000,0.0000,0.0000,0,0
813,1355,BondRenderer.java,M,5,3,48,0.9231,0.0577,51,michaelthoward,6,0.3248,0.3248,0.3248,0,0
813,1415,AppletCanvas.java,M,17,3,29,0.8788,0.0909,32,michaelthoward,3,0.2362,0.7085,0.0000,1,2
813,1416,DisplayPanel.java,M,17,5,28,0.8485,0.1515,32,michaelthoward,3,0.2678,0.7085,0.0000,1,2
813,1451,DisplayControl.java,M,8,3,3,0.5000,0.5000,5,michaelthoward,6,0.2795,1.0000,0.0000,2,4
813,1452,DisplayControl.java,M,8,3,3,0.5000,0.5000,5,michaelthoward,6,0.2795,1.0000,0.0000,2,4
814,1415,AppletCanvas.java,M,17,4,29,0.8529,0.1176,33,michaelthoward,3,0.2579,0.7738,0.0000,1,2
814,1416,DisplayPanel.java,M,17,6,28,0.8235,0.1765,33,michaelthoward,3,0.2831,0.7738,0.0000,1,2
815,639,ChemFrame.java,M,5,27,749,0.9652,0.0348,775,michaelthoward,8,0.0000,0.0000,0.0000,0,8
815,792,DisplayPanel.java,M,5,23,552,0.9600,0.0400,574,michaelthoward,0,0.0000,0.0000,0.0000,0,0
815,1045,ChemFrame.java,M,7,11,276,0.8571,0.0342,321,michaelthoward,2,0.1418,0.2714,0.0121,0,1
815,1262,ChemFrame.java,M,33,6,161,0.9641,0.0359,166,michaelthoward,0,0.0000,0.0000,0.0000,0,0
815,1292,DisplayControl.java,M,5,24,78,0.7290,0.2243,106,michaelthoward,5,0.0098,0.0490,0.0000,0,5
815,1320,DisplayControl.java,M,5,9,67,0.8816,0.1184,75,michaelthoward,0,0.0000,0.0000,0.0000,0,0
815,1451,DisplayControl.java,M,8,4,4,0.5000,0.5000,7,michaelthoward,6,0.1202,0.7213,0.0000,1,5
817,1157,PreferencesDialog.java,M,6,6,232,0.9707,0.0251,238,michaelthoward,3,0.0976,0.2929,0.0000,0,2
817,1158,PreferencesDialog.java,M,6,7,231,0.9665,0.0293,238,michaelthoward,0,0.0000,0.0000,0.0000,0,0
817,1160,PreferencesDialog.java,M,6,6,232,0.9707,0.0251,238,michaelthoward,1,0.3057,0.3057,0.3057,0,0
817,1320,DisplayControl.java,M,5,10,68,0.8718,0.1282,77,michaelthoward,0,0.0000,0.0000,0.0000,0,0
817,1363,DisplayControl.java,M,8,13,26,0.5000,0.2500,51,michaelthoward,6,0.0866,0.2910,0.0000,0,4
817,1441,ColorManager.java,M,5,1,13,0.8667,0.0667,14,michaelthoward,6,0.0000,0.0000,0.0000,0,6
817,1451,DisplayControl.java,M,8,5,5,0.5000,0.5000,9,michaelthoward,6,0.1689,0.7849,0.0000,1,4
817,1452,DisplayControl.java,M,8,4,6,0.6000,0.4000,9,michaelthoward,6,0.1793,0.7849,0.0000,1,4
819,681,JmolApplet.java,M,6,10,696,0.9844,0.0141,706,michaelthoward,3,0.0204,0.0611,0.0000,0,3
819,1157,PreferencesDialog.java,M,6,7,233,0.9668,0.0290,240,michaelthoward,3,0.0662,0.1986,0.0000,0,3
819,1158,PreferencesDialog.java,M,6,8,232,0.9627,0.0332,240,michaelthoward,0,0.0000,0.0000,0.0000,0,0
819,1160,PreferencesDialog.java,M,6,7,233,0.9668,0.0290,240,michaelthoward,1,0.2132,0.2132,0.2132,0,0
819,1292,DisplayControl.java,M,5,25,81,0.7297,0.2252,110,michaelthoward,5,0.0085,0.0425,0.0000,0,5
819,1320,DisplayControl.java,M,5,11,69,0.8625,0.1375,79,michaelthoward,0,0.0000,0.0000,0.0000,0,0
819,1429,JmolApplet.java,M,7,2,27,0.9310,0.0690,28,michaelthoward,1,0.0000,0.0000,0.0000,0,1
819,1430,JmolApplet.java,M,8,2,27,0.9310,0.0690,28,michaelthoward,0,0.0000,0.0000,0.0000,0,0
819,1441,ColorManager.java,M,5,2,14,0.8235,0.1176,16,michaelthoward,6,0.0000,0.0000,0.0000,0,6
819,1451,DisplayControl.java,M,8,6,6,0.5000,0.5000,11,michaelthoward,6,0.1685,0.8269,0.0000,1,5
819,1452,DisplayControl.java,M,8,5,7,0.5833,0.4167,11,michaelthoward,6,0.1749,0.8269,0.0000,1,4
820,487,ChemFrame.java,M,5,13,273,0.3464,0.0165,787,michaelthoward,8,0.0018,0.0127,0.0000,0,8
820,639,ChemFrame.java,M,5,28,753,0.9641,0.0359,780,michaelthoward,8,0.0000,0.0000,0.0000,0,8
821,897,ChemFile.java,M,15,4,483,0.9898,0.0082,487,michaelthoward,4,0.1880,0.7521,0.0000,1,3
821,898,ChemFile.java,M,15,3,484,0.9918,0.0061,487,michaelthoward,4,0.1881,0.7521,0.0000,1,3
821,1262,ChemFrame.java,M,33,7,166,0.9595,0.0405,172,michaelthoward,0,0.0000,0.0000,0.0000,0,0
821,1292,DisplayControl.java,M,5,26,82,0.7257,0.2301,112,michaelthoward,5,0.0074,0.0372,0.0000,0,5
821,1359,AtomRenderer.java,M,9,1,55,0.9649,0.0175,56,michaelthoward,1,1.0000,1.0000,1.0000,1,0
821,1360,AtomRenderer.java,M,9,1,55,0.9649,0.0175,56,michaelthoward,1,1.0000,1.0000,1.0000,1,0
821,1452,DisplayControl.java,M,8,6,8,0.5714,0.4286,13,michaelthoward,6,0.1438,0.6849,0.0000,1,5
821,1464,StyleManager.java,M,12,1,0,0.0000,1.0000,0,michaelthoward,6,0.0000,0.0000,0.0000,0,6
822,1310,DisplayControl.java,M,8,17,66,0.6947,0.1789,94,michaelthoward,7,0.1339,0.4445,0.0000,0,4
823,1310,DisplayControl.java,M,8,18,66,0.6875,0.1875,95,michaelthoward,7,0.1169,0.3999,0.0000,0,4
823,1348,BondRenderer.java,M,5,3,58,0.9355,0.0484,61,michaelthoward,6,0.9411,1.0000,0.6468,6,0
823,1350,BondRenderer.java,M,9,3,58,0.9355,0.0484,61,michaelthoward,0,0.0000,0.0000,0.0000,0,0
823,1351,BondRenderer.java,M,9,3,58,0.9355,0.0484,61,michaelthoward,0,0.0000,0.0000,0.0000,0,0
823,1352,BondRenderer.java,M,5,2,59,0.9516,0.0323,61,michaelthoward,6,0.9411,1.0000,0.6468,6,0
823,1353,BondRenderer.java,M,5,3,58,0.9355,0.0484,61,michaelthoward,6,0.9411,1.0000,0.6468,6,0
823,1354,BondRenderer.java,M,5,3,58,0.9355,0.0484,61,michaelthoward,6,0.9411,1.0000,0.6468,6,0
823,1355,BondRenderer.java,M,5,4,57,0.9194,0.0645,61,michaelthoward,6,0.6468,0.6468,0.6468,6,0
823,1356,BondRenderer.java,M,5,3,58,0.9355,0.0484,61,michaelthoward,6,0.9411,1.0000,0.6468,6,0
823,1357,BondRenderer.java,M,5,3,58,0.9355,0.0484,61,michaelthoward,6,0.9411,1.0000,0.6468,6,0
823,1362,BondRenderer.java,M,5,3,55,0.9483,0.0517,57,michaelthoward,5,0.0066,0.0329,0.0000,0,5
823,1366,DisplayControl.java,M,5,8,28,0.4828,0.1379,57,michaelthoward,1,0.0000,0.0000,0.0000,0,1
823,1445,TransformManager.java,M,5,3,17,0.8095,0.1429,20,michaelthoward,0,0.0000,0.0000,0.0000,0,0
823,1463,StyleManager.java,M,10,1,2,0.6667,0.3333,2,michaelthoward,0,0.0000,0.0000,0.0000,0,0
823,1464,StyleManager.java,M,12,2,1,0.3333,0.6667,2,michaelthoward,6,0.0000,0.0000,0.0000,0,6
823,1465,StyleManager.java,M,6,1,1,0.5000,0.5000,1,michaelthoward,8,0.0000,0.0000,0.0000,0,8
823,1466,StyleManager.java,M,17,1,0,0.0000,1.0000,0,michaelthoward,2,1.0000,1.0000,1.0000,2,0
823,1467,StyleManager.java,M,17,1,0,0.0000,1.0000,0,michaelthoward,2,1.0000,1.0000,1.0000,2,0
823,1468,StyleManager.java,M,17,1,0,0.0000,1.0000,0,michaelthoward,2,1.0000,1.0000,1.0000,2,0
824,1292,DisplayControl.java,M,5,27,84,0.7241,0.2328,115,michaelthoward,5,0.0059,0.0294,0.0000,0,5
824,1310,DisplayControl.java,M,8,19,66,0.6804,0.1959,96,michaelthoward,7,0.1421,0.3624,0.0000,0,4
824,1366,DisplayControl.java,M,5,9,28,0.4746,0.1525,58,michaelthoward,1,0.0000,0.0000,0.0000,0,1
824,1439,ColorManager.java,M,6,2,19,0.8636,0.0909,21,michaelthoward,5,0.0000,0.0000,0.0000,0,5
824,1440,ColorManager.java,M,5,2,19,0.8636,0.0909,21,michaelthoward,6,0.0994,0.5963,0.0000,1,5
824,1442,ColorManager.java,M,8,1,20,0.9091,0.0455,21,michaelthoward,1,0.0000,0.0000,0.0000,0,1
824,1443,ColorManager.java,M,9,1,20,0.9091,0.0455,21,michaelthoward,6,0.0994,0.5963,0.0000,1,5
824,1451,DisplayControl.java,M,8,7,10,0.5882,0.4118,16,michaelthoward,7,0.1720,0.7348,0.0000,1,5
824,1452,DisplayControl.java,M,8,7,10,0.5882,0.4118,16,michaelthoward,7,0.1705,0.7348,0.0000,1,5
824,1465,StyleManager.java,M,6,2,1,0.3333,0.6667,2,michaelthoward,8,0.0000,0.0000,0.0000,0,8
824,1466,StyleManager.java,M,17,2,0,0.0000,1.0000,1,michaelthoward,2,1.0000,1.0000,1.0000,2,0
824,1467,StyleManager.java,M,17,2,0,0.0000,1.0000,1,michaelthoward,2,1.0000,1.0000,1.0000,2,0
824,1468,StyleManager.java,M,17,2,0,0.0000,1.0000,1,michaelthoward,2,1.0000,1.0000,1.0000,2,0
824,1470,AtomRenderer.java,M,7,1,0,0.0000,1.0000,0,michaelthoward,5,0.0000,0.0000,0.0000,0,5
824,1473,StyleManager.java,M,7,1,0,0.0000,1.0000,0,michaelthoward,8,0.0000,0.0000,0.0000,0,8
826,1364,DisplayControl.java,M,7,6,31,0.5082,0.0984,60,michaelthoward,4,0.0376,0.1505,0.0000,0,4
826,1439,ColorManager.java,M,6,3,20,0.8333,0.1250,23,michaelthoward,5,0.0000,0.0000,0.0000,0,5
826,1440,ColorManager.java,M,5,3,20,0.8333,0.1250,23,michaelthoward,6,0.1010,0.3651,0.0000,0,4
826,1441,ColorManager.java,M,5,3,20,0.8333,0.1250,23,michaelthoward,6,0.0401,0.2408,0.0000,0,5
826,1442,ColorManager.java,M,8,2,21,0.8750,0.0833,23,michaelthoward,1,0.0000,0.0000,0.0000,0,1
826,1465,StyleManager.java,M,6,3,2,0.4000,0.6000,4,michaelthoward,8,0.0000,0.0000,0.0000,0,8
826,1474,StyleManager.java,M,7,1,2,0.6667,0.3333,2,michaelthoward,6,0.0000,0.0000,0.0000,0,6
827,1310,DisplayControl.java,M,8,20,68,0.6800,0.2000,99,michaelthoward,7,0.1130,0.3015,0.0000,0,4
828,205,ChemFrame.java,M,5,24,488,0.5901,0.0290,826,michaelthoward,6,0.0004,0.0024,0.0000,0,6
828,639,ChemFrame.java,M,5,29,760,0.9632,0.0368,788,michaelthoward,8,0.0000,0.0000,0.0000,0,8
828,1262,ChemFrame.java,M,33,8,172,0.9556,0.0444,179,michaelthoward,0,0.0000,0.0000,0.0000,0,0
828,1364,DisplayControl.java,M,7,7,32,0.5079,0.1111,62,michaelthoward,4,0.0270,0.1080,0.0000,0,4
829,1292,DisplayControl.java,M,5,28,88,0.7273,0.2314,120,michaelthoward,5,0.0052,0.0261,0.0000,0,5
829,1451,DisplayControl.java,M,8,8,14,0.6364,0.3636,21,michaelthoward,7,0.1568,0.7759,0.0000,1,6
829,1452,DisplayControl.java,M,8,8,14,0.6364,0.3636,21,michaelthoward,7,0.1561,0.7759,0.0000,1,6
830,1141,PreferencesDialog.java,M,11,7,244,0.9683,0.0278,251,michaelthoward,4,0.0000,0.0000,0.0000,0,4
830,1144,PreferencesDialog.java,M,5,7,244,0.9683,0.0278,251,michaelthoward,1,0.0000,0.0000,0.0000,0,1
830,1154,PreferencesDialog.java,M,6,7,244,0.9683,0.0278,251,michaelthoward,1,0.9307,0.9307,0.9307,1,0
830,1156,PreferencesDialog.java,M,7,6,245,0.9722,0.0238,251,michaelthoward,4,0.5032,0.7864,0.2350,2,0
830,1157,PreferencesDialog.java,M,6,8,243,0.9643,0.0317,251,michaelthoward,3,0.1488,0.4465,0.0000,0,2
830,1158,PreferencesDialog.java,M,6,9,242,0.9603,0.0357,251,michaelthoward,0,0.0000,0.0000,0.0000,0,0
830,1159,PreferencesDialog.java,M,6,7,244,0.9683,0.0278,251,michaelthoward,2,0.0152,0.0303,0.0000,0,2
830,1160,PreferencesDialog.java,M,6,8,243,0.9643,0.0317,251,michaelthoward,1,0.4463,0.4463,0.4463,0,0
830,1161,PreferencesDialog.java,M,6,6,245,0.9722,0.0238,251,michaelthoward,3,0.0000,0.0000,0.0000,0,3
830,1169,PreferencesDialog.java,M,7,8,243,0.9643,0.0317,251,michaelthoward,4,0.6632,0.9672,0.4483,2,0
830,1170,PreferencesDialog.java,M,7,7,244,0.9683,0.0278,251,michaelthoward,4,0.6506,0.9672,0.4182,2,0
830,1173,PreferencesDialog.java,M,5,9,242,0.9603,0.0357,251,michaelthoward,3,0.1488,0.4465,0.0000,0,2
830,1174,PreferencesDialog.java,M,5,9,242,0.9603,0.0357,251,michaelthoward,8,0.0849,0.3959,0.0000,0,6
830,1292,DisplayControl.java,M,5,29,88,0.7213,0.2377,121,michaelthoward,5,0.0047,0.0235,0.0000,0,5
830,1320,DisplayControl.java,M,5,12,79,0.8681,0.1319,90,michaelthoward,0,0.0000,0.0000,0.0000,0,0
830,1355,BondRenderer.java,M,5,5,63,0.9130,0.0725,68,michaelthoward,6,0.4072,0.4072,0.4072,0,0
830,1440,ColorManager.java,M,5,4,23,0.8214,0.1429,27,michaelthoward,6,0.1602,0.5582,0.0000,1,4
830,1441,ColorManager.java,M,5,4,23,0.8214,0.1429,27,michaelthoward,6,0.1076,0.4029,0.0000,0,4
830,1442,ColorManager.java,M,8,3,24,0.8571,0.1071,27,michaelthoward,1,0.0000,0.0000,0.0000,0,1
830,1443,ColorManager.java,M,9,2,25,0.8929,0.0714,27,michaelthoward,6,0.1335,0.5582,0.0000,1,4
830,1451,DisplayControl.java,M,8,9,14,0.6087,0.3913,22,michaelthoward,7,0.1691,0.8068,0.0000,1,5
830,1452,DisplayControl.java,M,8,9,14,0.6087,0.3913,22,michaelthoward,7,0.1684,0.8068,0.0000,1,5
831,1170,PreferencesDialog.java,M,7,8,244,0.9644,0.0316,252,michaelthoward,4,0.4231,0.6302,0.2725,1,0
831,1173,PreferencesDialog.java,M,5,10,242,0.9565,0.0395,252,michaelthoward,3,0.1129,0.3386,0.0000,0,2
831,1174,PreferencesDialog.java,M,5,10,242,0.9565,0.0395,252,michaelthoward,8,0.1999,0.6277,0.0000,2,5
831,1175,PreferencesDialog.java,M,5,8,242,0.9565,0.0316,252,michaelthoward,8,0.2799,1.0000,0.0000,3,5
831,1178,PreferencesDialog.java,M,5,1,35,0.1383,0.0040,252,michaelthoward,8,0.2147,0.7231,0.0000,2,5
831,1179,PreferencesDialog.java,M,5,1,35,0.1383,0.0040,252,michaelthoward,2,0.0000,0.0000,0.0000,0,2
831,1288,DisplayControl.java,M,5,18,83,0.6640,0.1440,124,michaelthoward,5,0.1339,0.6695,0.0000,1,4
831,1298,Angle.java,M,15,4,113,0.9576,0.0339,117,michaelthoward,1,0.4299,0.4299,0.4299,0,0
831,1299,Dihedral.java,M,15,4,113,0.9576,0.0339,117,michaelthoward,4,0.2500,1.0000,0.0000,1,3
831,1310,DisplayControl.java,M,8,21,70,0.6731,0.2019,103,michaelthoward,7,0.1399,0.3359,0.0000,0,4
831,1320,DisplayControl.java,M,5,13,79,0.8587,0.1413,91,michaelthoward,0,0.0000,0.0000,0.0000,0,0
831,1363,DisplayControl.java,M,8,14,39,0.5909,0.2121,65,michaelthoward,7,0.1088,0.3113,0.0000,0,4
831,1366,DisplayControl.java,M,5,10,29,0.4394,0.1515,65,michaelthoward,1,0.0000,0.0000,0.0000,0,1
831,1409,DisplayControl.java,M,5,5,18,0.3529,0.0980,50,michaelthoward,5,0.1339,0.6695,0.0000,1,4
831,1428,DisplayControl.java,M,5,9,8,0.1951,0.2195,40,michaelthoward,6,0.0238,0.1428,0.0000,0,6
831,1435,PreferencesDialog.java,M,5,2,30,0.9091,0.0606,32,michaelthoward,8,0.2888,1.0000,0.0000,3,5
831,1439,ColorManager.java,M,6,4,24,0.8276,0.1379,28,michaelthoward,5,0.0000,0.0000,0.0000,0,5
831,1440,ColorManager.java,M,5,5,23,0.7931,0.1724,28,michaelthoward,6,0.1559,0.5106,0.0000,1,4
831,1441,ColorManager.java,M,5,5,23,0.7931,0.1724,28,michaelthoward,6,0.1175,0.5106,0.0000,1,5
831,1451,DisplayControl.java,M,8,10,14,0.5833,0.4167,23,michaelthoward,7,0.1991,0.8309,0.0000,1,4
831,1452,DisplayControl.java,M,8,10,14,0.5833,0.4167,23,michaelthoward,7,0.1981,0.8309,0.0000,1,4
831,1470,AtomRenderer.java,M,7,2,6,0.7500,0.2500,7,michaelthoward,5,0.0000,0.0000,0.0000,0,5
831,1475,LabelRenderer.java,M,7,1,1,0.3333,0.3333,2,michaelthoward,4,0.2500,1.0000,0.0000,1,3
833,1310,DisplayControl.java,M,8,22,71,0.6698,0.2075,105,michaelthoward,7,0.1392,0.3623,0.0000,0,4
833,1363,DisplayControl.java,M,8,15,40,0.5882,0.2206,67,michaelthoward,7,0.1080,0.3623,0.0000,0,6
833,1364,DisplayControl.java,M,7,8,36,0.5294,0.1176,67,michaelthoward,4,0.0166,0.0664,0.0000,0,4
833,1366,DisplayControl.java,M,5,11,30,0.4412,0.1618,67,michaelthoward,1,0.0000,0.0000,0.0000,0,1
833,1431,Eval.java,M,5,5,35,0.8750,0.1250,39,michaelthoward,2,0.0000,0.0000,0.0000,0,2
833,1478,Distributor.java,M,5,1,0,0.0000,0.5000,1,michaelthoward,19,0.0000,0.0000,0.0000,0,19
834,1141,PreferencesDialog.java,M,11,8,247,0.9648,0.0313,255,michaelthoward,4,0.0000,0.0000,0.0000,0,4
834,1144,PreferencesDialog.java,M,5,8,247,0.9648,0.0313,255,michaelthoward,1,0.0000,0.0000,0.0000,0,1
834,1154,PreferencesDialog.java,M,6,8,247,0.9648,0.0313,255,michaelthoward,1,0.9591,0.9591,0.9591,1,0
834,1155,PreferencesDialog.java,M,6,8,247,0.9648,0.0313,255,michaelthoward,1,0.3345,0.3345,0.3345,0,0
834,1156,PreferencesDialog.java,M,7,7,248,0.9688,0.0273,255,michaelthoward,6,0.7555,1.0000,0.5173,6,0
834,1162,PreferencesDialog.java,M,7,7,248,0.9688,0.0273,255,michaelthoward,1,0.7226,0.7226,0.7226,1,0
834,1164,PreferencesDialog.java,M,6,7,248,0.9688,0.0273,255,michaelthoward,1,0.9591,0.9591,0.9591,1,0
834,1168,PreferencesDialog.java,M,7,6,249,0.9727,0.0234,255,michaelthoward,6,0.7645,1.0000,0.4733,5,0
834,1169,PreferencesDialog.java,M,7,9,246,0.9609,0.0352,255,michaelthoward,6,0.8172,1.0000,0.6519,6,0
834,1170,PreferencesDialog.java,M,7,9,246,0.9609,0.0352,255,michaelthoward,6,0.7220,1.0000,0.4733,4,0
834,1171,PreferencesDialog.java,M,7,7,248,0.9688,0.0273,255,michaelthoward,6,0.7676,1.0000,0.4952,5,0
834,1172,PreferencesDialog.java,M,7,6,249,0.9727,0.0234,255,michaelthoward,1,0.7226,0.7226,0.7226,1,0
834,1173,PreferencesDialog.java,M,5,11,244,0.9531,0.0430,255,michaelthoward,3,0.0893,0.2678,0.0000,0,2
834,1174,PreferencesDialog.java,M,5,11,244,0.9531,0.0430,255,michaelthoward,8,0.2528,0.7378,0.0000,3,5
834,1175,PreferencesDialog.java,M,5,9,244,0.9531,0.0352,255,michaelthoward,8,0.3131,1.0000,0.0000,3,5
834,1176,PreferencesDialog.java,M,6,7,246,0.9609,0.0273,255,michaelthoward,0,0.0000,0.0000,0.0000,0,0
834,1178,PreferencesDialog.java,M,5,2,37,0.1445,0.0078,255,michaelthoward,8,0.2723,0.8454,0.0000,3,5
834,1179,PreferencesDialog.java,M,5,2,37,0.1445,0.0078,255,michaelthoward,2,0.0000,0.0000,0.0000,0,2
834,1363,DisplayControl.java,M,8,16,40,0.5797,0.2319,68,michaelthoward,7,0.0979,0.3366,0.0000,0,6
834,1364,DisplayControl.java,M,7,9,36,0.5217,0.1304,68,michaelthoward,4,0.0137,0.0550,0.0000,0,4
834,1428,DisplayControl.java,M,5,10,9,0.2045,0.2273,43,michaelthoward,6,0.0215,0.1291,0.0000,0,6
834,1435,PreferencesDialog.java,M,5,3,32,0.8889,0.0833,35,michaelthoward,8,0.3205,1.0000,0.0000,3,5
834,1476,PreferencesDialog.java,M,5,1,3,0.6000,0.2000,4,michaelthoward,7,0.0000,0.0000,0.0000,0,7
834,1479,Distributor.java,M,6,1,1,0.3333,0.3333,2,michaelthoward,5,0.0000,0.0000,0.0000,0,5
834,1480,Eval.java,M,27,1,0,0.0000,0.5000,1,michaelthoward,6,1.0000,1.0000,1.0000,6,0
834,1481,Eval.java,M,27,1,0,0.0000,0.5000,1,michaelthoward,6,1.0000,1.0000,1.0000,6,0
835,1348,BondRenderer.java,M,5,4,69,0.9324,0.0541,73,michaelthoward,6,0.9309,1.0000,0.5856,6,0
835,1350,BondRenderer.java,M,9,4,69,0.9324,0.0541,73,michaelthoward,0,0.0000,0.0000,0.0000,0,0
835,1351,BondRenderer.java,M,9,4,69,0.9324,0.0541,73,michaelthoward,0,0.0000,0.0000,0.0000,0,0
835,1352,BondRenderer.java,M,5,3,70,0.9459,0.0405,73,michaelthoward,6,0.9309,1.0000,0.5856,6,0
835,1353,BondRenderer.java,M,5,4,69,0.9324,0.0541,73,michaelthoward,6,0.9309,1.0000,0.5856,6,0
835,1354,BondRenderer.java,M,5,4,69,0.9324,0.0541,73,michaelthoward,6,0.9309,1.0000,0.5856,6,0
835,1355,BondRenderer.java,M,5,6,67,0.9054,0.0811,73,michaelthoward,6,0.5856,0.5856,0.5856,6,0
835,1356,BondRenderer.java,M,5,4,69,0.9324,0.0541,73,michaelthoward,6,0.9309,1.0000,0.5856,6,0
835,1357,BondRenderer.java,M,5,4,69,0.9324,0.0541,73,michaelthoward,6,0.9309,1.0000,0.5856,6,0
836,1348,BondRenderer.java,M,5,5,69,0.9200,0.0667,74,michaelthoward,6,0.8896,1.0000,0.6538,6,0
836,1350,BondRenderer.java,M,9,5,69,0.9200,0.0667,74,michaelthoward,0,0.0000,0.0000,0.0000,0,0
836,1351,BondRenderer.java,M,9,5,69,0.9200,0.0667,74,michaelthoward,0,0.0000,0.0000,0.0000,0,0
836,1352,BondRenderer.java,M,5,4,70,0.9333,0.0533,74,michaelthoward,6,0.8896,1.0000,0.6538,6,0
836,1353,BondRenderer.java,M,5,5,69,0.9200,0.0667,74,michaelthoward,6,0.8896,1.0000,0.6538,6,0
836,1354,BondRenderer.java,M,5,5,69,0.9200,0.0667,74,michaelthoward,6,0.8896,1.0000,0.6538,6,0
836,1355,BondRenderer.java,M,5,7,67,0.8933,0.0933,74,michaelthoward,6,0.6442,0.6836,0.4470,5,0
836,1356,BondRenderer.java,M,5,5,69,0.9200,0.0667,74,michaelthoward,6,0.8896,1.0000,0.6538,6,0
836,1362,BondRenderer.java,M,5,4,67,0.9437,0.0563,70,michaelthoward,6,0.0035,0.0209,0.0000,0,6
836,1471,BondRenderer.java,M,7,1,12,0.9231,0.0769,12,michaelthoward,5,0.0000,0.0000,0.0000,0,5
836,1482,BondRenderer.java,M,5,1,0,0.0000,1.0000,0,michaelthoward,1,0.0000,0.0000,0.0000,0,1
838,1351,BondRenderer.java,M,9,6,70,0.9091,0.0779,76,michaelthoward,0,0.0000,0.0000,0.0000,0,0
838,1353,BondRenderer.java,M,5,6,70,0.9091,0.0779,76,michaelthoward,6,0.8709,1.0000,0.7312,6,0
838,1354,BondRenderer.java,M,5,6,70,0.9091,0.0779,76,michaelthoward,6,0.8709,1.0000,0.7312,6,0
838,1356,BondRenderer.java,M,5,6,70,0.9091,0.0779,76,michaelthoward,6,0.8709,1.0000,0.7312,6,0
838,1357,BondRenderer.java,M,5,5,71,0.9221,0.0649,76,michaelthoward,6,0.6706,0.7469,0.4781,5,0
838,1482,BondRenderer.java,M,5,2,1,0.3333,0.6667,2,michaelthoward,1,0.0000,0.0000,0.0000,0,1
840,1288,DisplayControl.java,M,5,19,91,0.6791,0.1418,133,michaelthoward,5,0.1523,0.7616,0.0000,1,4
840,1292,DisplayControl.java,M,5,30,97,0.7348,0.2273,131,michaelthoward,6,0.0224,0.1159,0.0000,0,6
840,1310,DisplayControl.java,M,8,23,77,0.6814,0.2035,112,michaelthoward,7,0.1482,0.3885,0.0000,0,4
840,1320,DisplayControl.java,M,5,14,87,0.8614,0.1386,100,michaelthoward,1,0.0000,0.0000,0.0000,0,1
840,1363,DisplayControl.java,M,8,17,45,0.6000,0.2267,74,michaelthoward,7,0.1166,0.3885,0.0000,0,5
840,1364,DisplayControl.java,M,7,10,41,0.5467,0.1333,74,michaelthoward,4,0.0541,0.2162,0.0000,0,3
840,1409,DisplayControl.java,M,5,6,26,0.4333,0.1000,59,michaelthoward,5,0.1523,0.7616,0.0000,1,4
840,1424,Eval.java,M,5,4,55,0.9167,0.0667,59,michaelthoward,0,0.0000,0.0000,0.0000,0,0
840,1425,Eval.java,M,18,5,54,0.9000,0.0833,59,michaelthoward,0,0.0000,0.0000,0.0000,0,0
840,1431,Eval.java,M,5,6,41,0.8723,0.1277,46,michaelthoward,2,0.0000,0.0000,0.0000,0,2
840,1432,Eval.java,M,18,4,41,0.9111,0.0889,44,michaelthoward,4,0.0541,0.2162,0.0000,0,3
840,1439,ColorManager.java,M,6,5,32,0.8421,0.1316,37,michaelthoward,5,0.0000,0.0000,0.0000,0,5
840,1440,ColorManager.java,M,5,6,31,0.8158,0.1579,37,michaelthoward,5,0.0826,0.4130,0.0000,0,4
840,1451,DisplayControl.java,M,8,11,22,0.6667,0.3333,32,michaelthoward,7,0.1947,0.7144,0.0000,1,4
841,1480,Eval.java,M,27,2,5,0.5556,0.2222,8,michaelthoward,6,0.4477,0.4477,0.4477,0,0
842,1310,DisplayControl.java,M,8,24,78,0.6783,0.2087,114,michaelthoward,7,0.1724,0.4354,0.0000,0,4
842,1320,DisplayControl.java,M,5,15,88,0.8544,0.1456,102,michaelthoward,1,0.2729,0.2729,0.2729,0,0
842,1351,BondRenderer.java,M,9,7,73,0.9012,0.0864,80,michaelthoward,0,0.0000,0.0000,0.0000,0,0
842,1352,BondRenderer.java,M,5,5,75,0.9259,0.0617,80,michaelthoward,6,0.7341,0.7937,0.5995,6,0
842,1353,BondRenderer.java,M,5,7,73,0.9012,0.0864,80,michaelthoward,6,0.8989,1.0000,0.7937,6,0
842,1354,BondRenderer.java,M,5,7,73,0.9012,0.0864,80,michaelthoward,6,0.8989,1.0000,0.7937,6,0
842,1355,BondRenderer.java,M,5,8,72,0.8889,0.0988,80,michaelthoward,6,0.7409,0.7938,0.6301,6,0
842,1356,BondRenderer.java,M,5,7,73,0.9012,0.0864,80,michaelthoward,6,0.8989,1.0000,0.7937,6,0
842,1357,BondRenderer.java,M,5,6,74,0.9136,0.0741,80,michaelthoward,6,0.7437,0.8057,0.5995,6,0
842,1362,BondRenderer.java,M,5,5,72,0.9351,0.0649,76,michaelthoward,6,0.0028,0.0167,0.0000,0,6
842,1363,DisplayControl.java,M,8,18,46,0.5974,0.2338,76,michaelthoward,7,0.1489,0.4354,0.0000,0,4
842,1364,DisplayControl.java,M,7,11,42,0.5455,0.1429,76,michaelthoward,4,0.1258,0.3365,0.0000,0,3
842,1424,Eval.java,M,5,5,56,0.9032,0.0806,61,michaelthoward,0,0.0000,0.0000,0.0000,0,0
842,1425,Eval.java,M,18,6,55,0.8871,0.0968,61,michaelthoward,0,0.0000,0.0000,0.0000,0,0
842,1431,Eval.java,M,5,7,42,0.8571,0.1429,48,michaelthoward,2,0.0000,0.0000,0.0000,0,2
842,1432,Eval.java,M,18,5,42,0.8936,0.1064,46,michaelthoward,4,0.1760,0.3677,0.0000,0,2
842,1433,Eval.java,M,18,1,42,0.8936,0.0213,46,michaelthoward,4,0.1336,0.3677,0.0000,0,3
842,1451,DisplayControl.java,M,8,12,23,0.6571,0.3429,34,michaelthoward,7,0.2200,0.7514,0.0000,1,4
842,1452,DisplayControl.java,M,8,11,24,0.6857,0.3143,34,michaelthoward,7,0.1916,0.7514,0.0000,1,4
842,1478,Distributor.java,M,5,2,8,0.7273,0.1818,10,michaelthoward,19,0.0000,0.0000,0.0000,0,19
842,1482,BondRenderer.java,M,5,3,4,0.5714,0.4286,6,michaelthoward,1,0.2729,0.2729,0.2729,0,0
842,1489,AtomRenderer.java,M,9,1,0,0.0000,1.0000,0,michaelthoward,3,0.0000,0.0000,0.0000,0,3
842,1490,BondRenderer.java,M,8,1,0,0.0000,1.0000,0,michaelthoward,1,0.0000,0.0000,0.0000,0,1
842,1491,Eval.java,M,10,1,0,0.0000,1.0000,0,michaelthoward,0,0.0000,0.0000,0.0000,0,0
842,1492,Eval.java,M,9,1,0,0.0000,1.0000,0,michaelthoward,6,0.0000,0.0000,0.0000,0,6
843,1288,DisplayControl.java,M,5,20,93,0.6788,0.1460,136,michaelthoward,5,0.1635,0.8173,0.0000,1,4
843,1292,DisplayControl.java,M,5,31,99,0.7333,0.2296,134,michaelthoward,6,0.0367,0.2051,0.0000,0,5
843,1310,DisplayControl.java,M,8,25,78,0.6724,0.2155,115,michaelthoward,7,0.1933,0.4789,0.0000,0,4
843,1320,DisplayControl.java,M,5,16,88,0.8462,0.1538,103,michaelthoward,1,0.4325,0.4325,0.4325,0,0
843,1355,BondRenderer.java,M,5,9,72,0.8780,0.1098,81,michaelthoward,6,0.6224,0.6670,0.5294,6,0
843,1409,DisplayControl.java,M,5,7,28,0.4444,0.1111,62,michaelthoward,5,0.1635,0.8173,0.0000,1,4
843,1428,DisplayControl.java,M,5,11,15,0.2830,0.2075,52,michaelthoward,6,0.0342,0.2051,0.0000,0,5
843,1451,DisplayControl.java,M,8,13,23,0.6389,0.3611,35,michaelthoward,7,0.2408,0.7807,0.0000,1,4
843,1452,DisplayControl.java,M,8,12,24,0.6667,0.3333,35,michaelthoward,7,0.2150,0.7807,0.0000,1,4
843,1482,BondRenderer.java,M,5,4,4,0.5000,0.5000,7,michaelthoward,1,0.4325,0.4325,0.4325,0,0
844,205,ChemFrame.java,M,5,25,503,0.5967,0.0297,842,michaelthoward,6,0.0002,0.0009,0.0000,0,6
844,639,ChemFrame.java,M,5,30,775,0.9627,0.0373,804,michaelthoward,8,0.0000,0.0000,0.0000,0,8
844,1262,ChemFrame.java,M,33,9,187,0.9541,0.0459,195,michaelthoward,0,0.0000,0.0000,0.0000,0,0
844,1263,CrystalFrame.java,M,37,6,190,0.9694,0.0306,195,michaelthoward,1,0.0000,0.0000,0.0000,0,1
844,1292,DisplayControl.java,M,5,32,99,0.7279,0.2353,135,michaelthoward,7,0.0619,0.2800,0.0000,0,6
844,1310,DisplayControl.java,M,8,26,78,0.6667,0.2222,116,michaelthoward,7,0.2115,0.5212,0.0000,2,4
844,1363,DisplayControl.java,M,8,19,47,0.5949,0.2405,78,michaelthoward,7,0.1983,0.5134,0.0000,1,4
844,1364,DisplayControl.java,M,7,12,43,0.5443,0.1519,78,michaelthoward,4,0.0946,0.2547,0.0000,0,3
844,1428,DisplayControl.java,M,5,12,15,0.2778,0.2222,53,michaelthoward,7,0.0822,0.2951,0.0000,0,5
844,1449,ModelManager.java,M,5,1,35,0.9459,0.0270,36,michaelthoward,7,0.0621,0.2951,0.0000,0,6
844,1450,ModelManager.java,M,11,1,35,0.9459,0.0270,36,michaelthoward,13,0.0000,0.0000,0.0000,0,13
844,1451,DisplayControl.java,M,8,14,23,0.6216,0.3784,36,michaelthoward,7,0.2583,0.8044,0.0000,2,4
844,1452,DisplayControl.java,M,8,13,24,0.6486,0.3514,36,michaelthoward,7,0.2347,0.8044,0.0000,1,4
844,1493,Eval.java,M,6,1,1,0.3333,0.3333,2,michaelthoward,3,0.0000,0.0000,0.0000,0,3
844,1494,Eval.java,M,13,1,1,0.3333,0.3333,2,michaelthoward,3,0.3333,1.0000,0.0000,1,2
844,1495,Eval.java,M,13,1,1,0.3333,0.3333,2,michaelthoward,3,0.3333,1.0000,0.0000,1,2
846,1495,Eval.java,M,13,2,2,0.4000,0.4000,4,michaelthoward,3,0.1617,0.4850,0.0000,0,2
846,1499,DisplayControl.java,M,5,1,0,0.0000,1.0000,0,michaelthoward,8,0.0000,0.0000,0.0000,0,8
846,1504,ChemFrameRenderer.java,M,5,1,0,0.0000,1.0000,0,michaelthoward,1,0.0000,0.0000,0.0000,0,1
847,205,ChemFrame.java,M,5,26,505,0.5969,0.0307,845,michaelthoward,6,0.0001,0.0005,0.0000,0,6
847,639,ChemFrame.java,M,5,31,777,0.9616,0.0384,807,michaelthoward,8,0.0000,0.0000,0.0000,0,8
848,991,MeasureRenderer.java,M,12,10,476,0.9754,0.0205,487,michaelthoward,2,0.9923,1.0000,0.9846,2,0
848,1300,MeasureRenderer.java,M,12,3,132,0.9778,0.0222,134,michaelthoward,2,0.9923,1.0000,0.9846,2,0
848,1301,MeasureRenderer.java,M,12,2,133,0.9852,0.0148,134,michaelthoward,2,0.9846,0.9846,0.9846,2,0
848,1363,DisplayControl.java,M,8,20,50,0.6024,0.2410,82,michaelthoward,7,0.1858,0.5126,0.0000,1,4
848,1364,DisplayControl.java,M,7,13,46,0.5542,0.1566,82,michaelthoward,4,0.1456,0.3457,0.0000,0,2
848,1424,Eval.java,M,5,6,61,0.8971,0.0882,67,michaelthoward,0,0.0000,0.0000,0.0000,0,0
848,1425,Eval.java,M,18,7,60,0.8824,0.1029,67,michaelthoward,0,0.0000,0.0000,0.0000,0,0
848,1428,DisplayControl.java,M,5,13,18,0.3103,0.2241,57,michaelthoward,8,0.0593,0.2531,0.0000,0,6
848,1431,Eval.java,M,5,8,47,0.8545,0.1455,54,michaelthoward,2,0.0000,0.0000,0.0000,0,2
848,1432,Eval.java,M,18,6,47,0.8868,0.1132,52,michaelthoward,4,0.2267,0.5610,0.0000,1,2
848,1433,Eval.java,M,18,2,47,0.8868,0.0377,52,michaelthoward,4,0.1994,0.5610,0.0000,1,2
848,1480,Eval.java,M,27,3,10,0.6250,0.1875,15,michaelthoward,6,0.3338,0.6715,0.2663,1,0
848,1481,Eval.java,M,27,2,11,0.6875,0.1250,15,michaelthoward,6,0.4423,0.6715,0.3965,1,0
848,1491,Eval.java,M,10,2,5,0.7143,0.2857,6,michaelthoward,0,0.0000,0.0000,0.0000,0,0
848,1493,Eval.java,M,6,2,4,0.5714,0.2857,6,michaelthoward,3,0.0000,0.0000,0.0000,0,3
848,1494,Eval.java,M,13,2,4,0.5714,0.2857,6,michaelthoward,3,0.1045,0.3135,0.0000,0,2
848,1505,Eval.java,M,6,1,0,0.0000,1.0000,0,michaelthoward,2,0.0000,0.0000,0.0000,0,2
848,1507,Eval.java,M,11,1,0,0.0000,1.0000,0,michaelthoward,8,0.0000,0.0000,0.0000,0,8
849,1413,Compiler.java,M,5,4,64,0.9275,0.0580,68,michaelthoward,2,0.3140,0.6280,0.0000,1,1
849,1421,Compiler.java,M,9,3,65,0.9420,0.0435,68,michaelthoward,4,0.0000,0.0000,0.0000,0,4
849,1422,Compiler.java,M,9,2,66,0.9565,0.0290,68,michaelthoward,5,0.0000,0.0000,0.0000,0,5
849,1423,Compiler.java,M,5,3,65,0.9420,0.0435,68,michaelthoward,2,0.3140,0.6280,0.0000,1,1
849,1424,Eval.java,M,5,7,61,0.8841,0.1014,68,michaelthoward,0,0.0000,0.0000,0.0000,0,0
849,1425,Eval.java,M,18,8,60,0.8696,0.1159,68,michaelthoward,0,0.0000,0.0000,0.0000,0,0
849,1432,Eval.java,M,18,7,47,0.8704,0.1296,53,michaelthoward,4,0.2433,0.6661,0.0000,1,2
849,1433,Eval.java,M,18,3,47,0.8704,0.0556,53,michaelthoward,4,0.2188,0.6661,0.0000,1,2
849,1480,Eval.java,M,27,4,10,0.5882,0.2353,16,michaelthoward,6,0.2846,0.7683,0.1878,1,5
849,1481,Eval.java,M,27,3,11,0.6471,0.1765,16,michaelthoward,6,0.3318,0.7683,0.2445,1,0
849,1493,Eval.java,M,6,3,4,0.5000,0.3750,7,michaelthoward,3,0.0000,0.0000,0.0000,0,3
849,1494,Eval.java,M,13,3,4,0.5000,0.3750,7,michaelthoward,3,0.0766,0.2298,0.0000,0,2
849,1505,Eval.java,M,6,2,0,0.0000,1.0000,1,michaelthoward,2,0.0000,0.0000,0.0000,0,2
849,1507,Eval.java,M,11,2,0,0.0000,1.0000,1,michaelthoward,8,0.0000,0.0000,0.0000,0,8
849,1508,Eval.java,M,13,1,0,0.0000,0.5000,1,michaelthoward,3,0.0000,0.0000,0.0000,0,3
849,1509,Eval.java,M,11,1,0,0.0000,0.5000,1,michaelthoward,4,0.0000,0.0000,0.0000,0,4
849,1510,Eval.java,M,13,1,0,0.0000,0.5000,1,michaelthoward,0,0.0000,0.0000,0.0000,0,0
850,205,ChemFrame.java,M,5,27,507,0.5972,0.0318,848,michaelthoward,6,0.0001,0.0004,0.0000,0,6
850,1491,Eval.java,M,10,3,6,0.6667,0.3333,8,michaelthoward,0,0.0000,0.0000,0.0000,0,0
850,1509,Eval.java,M,11,2,0,0.0000,0.6667,2,michaelthoward,4,0.0000,0.0000,0.0000,0,4
850,1510,Eval.java,M,13,2,0,0.0000,0.6667,2,michaelthoward,0,0.0000,0.0000,0.0000,0,0
850,1512,Eval.java,M,9,1,0,0.0000,1.0000,0,michaelthoward,6,0.1667,1.0000,0.0000,1,5
850,1513,Eval.java,M,9,1,0,0.0000,1.0000,0,michaelthoward,6,0.1667,1.0000,0.0000,1,5
851,1025,Mopac97Reader.java,M,42,3,375,0.9868,0.0079,379,michaelthoward,0,0.0000,0.0000,0.0000,0,0
854,1432,Eval.java,M,18,8,51,0.8644,0.1356,58,michaelthoward,4,0.2526,0.7388,0.0000,1,2
854,1433,Eval.java,M,18,4,51,0.8644,0.0678,58,michaelthoward,4,0.2307,0.7388,0.0000,1,3
854,1491,Eval.java,M,10,4,9,0.6923,0.3077,12,michaelthoward,0,0.0000,0.0000,0.0000,0,0
854,1493,Eval.java,M,6,4,8,0.6154,0.3077,12,michaelthoward,3,0.0000,0.0000,0.0000,0,3
854,1495,Eval.java,M,13,3,7,0.5385,0.2308,12,michaelthoward,3,0.0483,0.1450,0.0000,0,3
854,1507,Eval.java,M,11,3,4,0.5714,0.4286,6,michaelthoward,8,0.0000,0.0000,0.0000,0,8
854,1508,Eval.java,M,13,2,4,0.5714,0.2857,6,michaelthoward,3,0.0000,0.0000,0.0000,0,3
854,1509,Eval.java,M,11,3,3,0.4286,0.4286,6,michaelthoward,4,0.0000,0.0000,0.0000,0,4
854,1510,Eval.java,M,13,3,3,0.4286,0.4286,6,michaelthoward,0,0.0000,0.0000,0.0000,0,0
854,1513,Eval.java,M,9,2,3,0.6000,0.4000,4,michaelthoward,6,0.1667,1.0000,0.0000,1,5
855,1432,Eval.java,M,18,9,51,0.8500,0.1500,59,michaelthoward,4,0.2574,0.7867,0.0000,1,2
855,1433,Eval.java,M,18,5,51,0.8500,0.0833,59,michaelthoward,4,0.2376,0.7867,0.0000,1,3
855,1491,Eval.java,M,10,5,9,0.6429,0.3571,13,michaelthoward,0,0.0000,0.0000,0.0000,0,0
855,1493,Eval.java,M,6,5,8,0.5714,0.3571,13,michaelthoward,3,0.0000,0.0000,0.0000,0,3
855,1494,Eval.java,M,13,4,8,0.5714,0.2857,13,michaelthoward,3,0.0961,0.2884,0.0000,0,2
855,1495,Eval.java,M,13,4,7,0.5000,0.2857,13,michaelthoward,3,0.0961,0.2884,0.0000,0,2
855,1507,Eval.java,M,11,4,4,0.5000,0.5000,7,michaelthoward,8,0.0000,0.0000,0.0000,0,8
855,1509,Eval.java,M,11,4,3,0.3750,0.5000,7,michaelthoward,4,0.0000,0.0000,0.0000,0,4
855,1510,Eval.java,M,13,4,3,0.3750,0.5000,7,michaelthoward,0,0.0000,0.0000,0.0000,0,0
855,1514,ProteinProp.java,M,5,1,0,0.0000,1.0000,0,michaelthoward,1,1.0000,1.0000,1.0000,1,0
855,1515,ProteinProp.java,M,5,1,0,0.0000,1.0000,0,michaelthoward,1,1.0000,1.0000,1.0000,1,0
855,1516,Eval.java,M,5,1,0,0.0000,1.0000,0,michaelthoward,1,0.0000,0.0000,0.0000,0,1
856,1424,Eval.java,M,5,8,67,0.8816,0.1053,75,michaelthoward,0,0.0000,0.0000,0.0000,0,0
856,1425,Eval.java,M,18,9,66,0.8684,0.1184,75,michaelthoward,0,0.0000,0.0000,0.0000,0,0
856,1432,Eval.java,M,18,10,51,0.8361,0.1639,60,michaelthoward,4,0.2599,0.8205,0.0000,1,2
856,1433,Eval.java,M,18,6,51,0.8361,0.0984,60,michaelthoward,4,0.2419,0.8205,0.0000,1,3
856,1480,Eval.java,M,27,5,16,0.6667,0.2083,23,michaelthoward,6,0.2531,0.8300,0.1378,1,5
856,1481,Eval.java,M,27,4,17,0.7083,0.1667,23,michaelthoward,6,0.2767,0.8300,0.1660,1,5
856,1491,Eval.java,M,10,6,9,0.6000,0.4000,14,michaelthoward,0,0.0000,0.0000,0.0000,0,0
856,1493,Eval.java,M,6,6,8,0.5333,0.4000,14,michaelthoward,3,0.0000,0.0000,0.0000,0,3
856,1494,Eval.java,M,13,5,8,0.5333,0.3333,14,michaelthoward,3,0.1311,0.3933,0.0000,0,2
856,1495,Eval.java,M,13,5,7,0.4667,0.3333,14,michaelthoward,3,0.1311,0.3933,0.0000,0,2
856,1505,Eval.java,M,6,3,6,0.6667,0.3333,8,michaelthoward,2,0.0000,0.0000,0.0000,0,2
856,1507,Eval.java,M,11,5,4,0.4444,0.5556,8,michaelthoward,8,0.0000,0.0000,0.0000,0,8
856,1508,Eval.java,M,13,3,4,0.4444,0.3333,8,michaelthoward,3,0.0000,0.0000,0.0000,0,3
856,1509,Eval.java,M,11,5,3,0.3333,0.5556,8,michaelthoward,4,0.0000,0.0000,0.0000,0,4
856,1510,Eval.java,M,13,5,3,0.3333,0.5556,8,michaelthoward,0,0.0000,0.0000,0.0000,0,0
856,1511,Eval.java,M,9,1,6,0.8571,0.1429,6,michaelthoward,1,0.5075,0.5075,0.5075,1,0
856,1512,Eval.java,M,9,2,5,0.7143,0.2857,6,michaelthoward,6,0.1667,1.0000,0.0000,1,5
856,1513,Eval.java,M,9,3,4,0.5714,0.4286,6,michaelthoward,6,0.1667,1.0000,0.0000,1,5
856,1514,ProteinProp.java,M,5,2,0,0.0000,1.0000,1,michaelthoward,1,0.4925,0.4925,0.4925,0,0
856,1516,Eval.java,M,5,2,0,0.0000,1.0000,1,michaelthoward,1,0.5075,0.5075,0.5075,1,0
857,1413,Compiler.java,M,5,5,71,0.9221,0.0649,76,michaelthoward,2,0.3877,0.7754,0.0000,1,1
857,1421,Compiler.java,M,9,4,72,0.9351,0.0519,76,michaelthoward,4,0.0000,0.0000,0.0000,0,4
857,1422,Compiler.java,M,9,3,73,0.9481,0.0390,76,michaelthoward,5,0.0000,0.0000,0.0000,0,5
857,1423,Compiler.java,M,5,4,72,0.9351,0.0519,76,michaelthoward,2,0.3877,0.7754,0.0000,1,1
857,1432,Eval.java,M,18,11,51,0.8226,0.1774,61,michaelthoward,4,0.2612,0.8458,0.0000,1,3
857,1433,Eval.java,M,18,7,51,0.8226,0.1129,61,michaelthoward,4,0.2447,0.8458,0.0000,1,3
857,1491,Eval.java,M,10,7,9,0.5625,0.4375,15,michaelthoward,0,0.0000,0.0000,0.0000,0,0
857,1493,Eval.java,M,6,7,8,0.5000,0.4375,15,michaelthoward,3,0.0000,0.0000,0.0000,0,3
857,1494,Eval.java,M,13,6,8,0.5000,0.3750,15,michaelthoward,3,0.1578,0.4733,0.0000,0,2
857,1495,Eval.java,M,13,6,7,0.4375,0.3750,15,michaelthoward,3,0.1578,0.4733,0.0000,0,2
857,1507,Eval.java,M,11,6,4,0.4000,0.6000,9,michaelthoward,8,0.0000,0.0000,0.0000,0,8
857,1508,Eval.java,M,13,4,4,0.4000,0.4000,9,michaelthoward,3,0.0000,0.0000,0.0000,0,3
857,1509,Eval.java,M,11,6,3,0.3000,0.6000,9,michaelthoward,4,0.0000,0.0000,0.0000,0,4
857,1510,Eval.java,M,13,6,3,0.3000,0.6000,9,michaelthoward,0,0.0000,0.0000,0.0000,0,0
857,1514,ProteinProp.java,M,5,3,0,0.0000,1.0000,2,michaelthoward,1,0.6668,0.6668,0.6668,1,0
857,1515,ProteinProp.java,M,5,2,1,0.3333,0.6667,2,michaelthoward,1,0.6668,0.6668,0.6668,1,0
857,1516,Eval.java,M,5,3,0,0.0000,1.0000,2,michaelthoward,1,0.3332,0.3332,0.3332,0,0
857,1519,Token.java,M,5,1,0,0.0000,0.5000,1,michaelthoward,0,0.0000,0.0000,0.0000,0,0
857,1520,Eval.java,M,9,1,0,0.0000,1.0000,0,michaelthoward,7,0.0000,0.0000,0.0000,0,7
858,1292,DisplayControl.java,M,5,33,112,0.7467,0.2200,149,michaelthoward,8,0.2073,0.6035,0.0000,2,5
858,1310,DisplayControl.java,M,8,27,91,0.6947,0.2061,130,michaelthoward,7,0.2122,0.5538,0.0000,1,4
858,1363,DisplayControl.java,M,8,21,59,0.6344,0.2258,92,michaelthoward,7,0.2121,0.5538,0.0000,2,4
858,1364,DisplayControl.java,M,7,14,55,0.5914,0.1505,92,michaelthoward,4,0.1197,0.2683,0.0000,0,2
858,1413,Compiler.java,M,5,6,71,0.9103,0.0769,77,michaelthoward,2,0.4203,0.8405,0.0000,1,1
858,1421,Compiler.java,M,9,5,72,0.9231,0.0641,77,michaelthoward,4,0.0000,0.0000,0.0000,0,4
858,1422,Compiler.java,M,9,4,73,0.9359,0.0513,77,michaelthoward,5,0.0000,0.0000,0.0000,0,5
858,1423,Compiler.java,M,5,5,72,0.9231,0.0641,77,michaelthoward,2,0.4203,0.8405,0.0000,1,1
858,1424,Eval.java,M,5,9,68,0.8718,0.1154,77,michaelthoward,0,0.0000,0.0000,0.0000,0,0
858,1425,Eval.java,M,18,10,67,0.8590,0.1282,77,michaelthoward,0,0.0000,0.0000,0.0000,0,0
858,1428,DisplayControl.java,M,5,14,27,0.3971,0.2059,67,michaelthoward,8,0.1665,0.4170,0.0000,0,5
858,1432,Eval.java,M,18,12,51,0.8095,0.1905,62,michaelthoward,4,0.2834,0.8653,0.0000,1,2
858,1433,Eval.java,M,18,8,51,0.8095,0.1270,62,michaelthoward,4,0.2689,0.8653,0.0000,1,2
858,1451,DisplayControl.java,M,8,15,36,0.7059,0.2941,50,michaelthoward,7,0.2611,0.8321,0.0000,2,4
858,1452,DisplayControl.java,M,8,14,37,0.7255,0.2745,50,michaelthoward,7,0.2427,0.8321,0.0000,1,4
858,1480,Eval.java,M,27,6,17,0.6538,0.2308,25,michaelthoward,6,0.2341,0.8675,0.1074,1,5
858,1481,Eval.java,M,27,5,18,0.6923,0.1923,25,michaelthoward,6,0.2477,0.8675,0.1238,1,5
858,1491,Eval.java,M,10,8,9,0.5294,0.4706,16,michaelthoward,0,0.0000,0.0000,0.0000,0,0
858,1493,Eval.java,M,6,8,8,0.4706,0.4706,16,michaelthoward,3,0.0000,0.0000,0.0000,0,3
858,1496,DisplayControl.java,M,5,1,12,0.8000,0.0667,14,michaelthoward,8,0.2012,0.6035,0.0000,2,5
858,1499,DisplayControl.java,M,5,2,10,0.7692,0.1538,12,michaelthoward,8,0.1985,0.5890,0.0000,2,5
858,1505,Eval.java,M,6,4,7,0.6364,0.3636,10,michaelthoward,2,0.0000,0.0000,0.0000,0,2
858,1507,Eval.java,M,11,7,4,0.3636,0.6364,10,michaelthoward,8,0.0000,0.0000,0.0000,0,8
858,1508,Eval.java,M,13,5,4,0.3636,0.4545,10,michaelthoward,3,0.0000,0.0000,0.0000,0,3
858,1509,Eval.java,M,11,7,3,0.2727,0.6364,10,michaelthoward,4,0.0000,0.0000,0.0000,0,4
858,1510,Eval.java,M,13,7,3,0.2727,0.6364,10,michaelthoward,0,0.0000,0.0000,0.0000,0,0
858,1511,Eval.java,M,9,2,7,0.7778,0.2222,8,michaelthoward,1,0.5075,0.5075,0.5075,1,0
858,1512,Eval.java,M,9,3,6,0.6667,0.3333,8,michaelthoward,7,0.2154,1.0000,0.0000,2,5
858,1513,Eval.java,M,9,4,5,0.5556,0.4444,8,michaelthoward,7,0.2154,1.0000,0.0000,2,5
858,1516,Eval.java,M,5,4,0,0.0000,1.0000,3,michaelthoward,1,0.5075,0.5075,0.5075,1,0
858,1520,Eval.java,M,9,2,0,0.0000,1.0000,1,michaelthoward,7,0.1450,0.5075,0.0000,2,5
859,236,Jmol.java,M,6,32,669,0.7797,0.0373,857,michaelthoward,1,0.0000,0.0000,0.0000,0,1
859,275,Jmol.java,M,5,38,722,0.8415,0.0443,857,michaelthoward,7,0.0000,0.0000,0.0000,0,7
859,523,Jmol.java,M,6,14,652,0.7884,0.0169,826,michaelthoward,1,0.9661,0.9661,0.9661,1,0
859,1040,Jmol.java,M,6,15,368,0.9583,0.0391,383,michaelthoward,1,0.9661,0.9661,0.9661,1,0
859,1292,DisplayControl.java,M,5,34,112,0.7417,0.2252,150,michaelthoward,8,0.2712,0.7555,0.0000,2,4
859,1363,DisplayControl.java,M,8,22,59,0.6277,0.2340,93,michaelthoward,5,0.3056,0.5896,0.0000,1,2
859,1428,DisplayControl.java,M,5,15,27,0.3913,0.2174,68,michaelthoward,8,0.2405,0.5923,0.0000,2,4
859,1449,ModelManager.java,M,5,2,49,0.9423,0.0385,51,michaelthoward,8,0.1686,0.3834,0.0000,0,4
859,1450,ModelManager.java,M,11,2,49,0.9423,0.0385,51,michaelthoward,13,0.0000,0.0000,0.0000,0,13
859,1452,DisplayControl.java,M,8,15,37,0.7115,0.2885,51,michaelthoward,5,0.3409,0.7263,0.0000,1,2
859,1496,DisplayControl.java,M,5,2,12,0.7500,0.1250,15,michaelthoward,8,0.3094,0.7555,0.0000,3,4
859,1499,DisplayControl.java,M,5,3,10,0.7143,0.2143,13,michaelthoward,8,0.3064,0.7443,0.0000,3,4
860,128,Animate.java,M,5,11,847,0.9860,0.0128,858,michaelthoward,7,0.1427,0.9991,0.0000,1,6
860,130,Vibrate.java,M,5,9,849,0.9884,0.0105,858,michaelthoward,7,0.1427,0.9991,0.0000,1,6
860,139,Animate.java,M,8,9,849,0.9884,0.0105,858,michaelthoward,4,0.2498,0.9991,0.0000,1,3
860,140,Vibrate.java,M,6,8,850,0.9895,0.0093,858,michaelthoward,5,0.0001,0.0002,0.0000,0,5
860,141,Animate.java,M,7,10,848,0.9872,0.0116,858,michaelthoward,5,0.0000,0.0000,0.0000,0,5
860,143,Vibrate.java,M,8,7,851,0.9907,0.0081,858,michaelthoward,4,0.2498,0.9991,0.0000,1,3
860,148,Animate.java,M,5,11,847,0.9860,0.0128,858,michaelthoward,7,0.0687,0.4810,0.0000,0,6
860,160,Animate.java,M,6,2,480,0.5588,0.0023,858,michaelthoward,3,0.3082,0.9247,0.0000,1,2
860,236,Jmol.java,M,6,33,669,0.7788,0.0384,858,michaelthoward,1,0.0000,0.0000,0.0000,0,1
860,275,Jmol.java,M,5,39,722,0.8405,0.0454,858,michaelthoward,7,0.0687,0.4810,0.0000,0,6
860,523,Jmol.java,M,6,15,652,0.7874,0.0181,827,michaelthoward,1,0.9825,0.9825,0.9825,1,0
860,857,Vibrate.java,M,7,6,551,0.9892,0.0108,556,michaelthoward,2,0.0000,0.0000,0.0000,0,2
860,1040,Jmol.java,M,6,16,368,0.9558,0.0416,384,michaelthoward,1,0.9825,0.9825,0.9825,1,0
860,1094,Animate.java,M,6,1,296,0.9900,0.0033,298,michaelthoward,4,0.0000,0.0000,0.0000,0,4
860,1095,CalculateChemicalShifts.java,M,5,1,297,0.9933,0.0033,298,michaelthoward,2,0.0000,0.0000,0.0000,0,2
860,1096,Vibrate.java,M,5,1,297,0.9933,0.0033,298,michaelthoward,3,0.9988,1.0000,0.9965,3,0
860,1132,CrystalPropertiesDialog.java,M,7,8,276,0.9650,0.0280,285,michaelthoward,5,0.0193,0.0967,0.0000,0,5
860,1232,CrystalPropertiesDialog.java,M,6,2,242,0.9878,0.0082,244,michaelthoward,3,0.3082,0.9247,0.0000,1,2
860,1269,MakeCrystal.java,M,5,1,188,0.9895,0.0053,189,michaelthoward,3,0.9988,1.0000,0.9965,3,0
860,1273,CrystalPropertiesDialog.java,M,5,2,186,0.9841,0.0106,188,michaelthoward,3,0.9976,1.0000,0.9965,3,0
860,1310,DisplayControl.java,M,8,28,92,0.6917,0.2105,132,michaelthoward,5,0.2959,0.6209,0.0000,1,2
860,1363,DisplayControl.java,M,8,23,59,0.6211,0.2421,94,michaelthoward,5,0.2930,0.6209,0.0000,1,2
860,1364,DisplayControl.java,M,7,15,56,0.5895,0.1579,94,michaelthoward,4,0.1011,0.2272,0.0000,0,3
860,1407,TransformDialog.java,M,5,1,81,0.9759,0.0120,82,michaelthoward,3,1.0000,1.0000,1.0000,3,0
860,1416,DisplayPanel.java,M,17,7,73,0.9125,0.0875,79,michaelthoward,3,0.1487,0.4092,0.0000,0,2
860,1428,DisplayControl.java,M,5,16,27,0.3857,0.2286,69,michaelthoward,8,0.2153,0.4537,0.0000,0,4
860,1449,ModelManager.java,M,5,3,49,0.9245,0.0566,52,michaelthoward,8,0.1521,0.4537,0.0000,0,4
860,1450,ModelManager.java,M,11,3,49,0.9245,0.0566,52,michaelthoward,13,0.0000,0.0000,0.0000,0,13
860,1478,Distributor.java,M,5,3,25,0.8621,0.1034,28,michaelthoward,19,0.0000,0.0000,0.0000,0,19
860,1485,Eval.java,M,5,1,18,0.9474,0.0526,18,michaelthoward,2,0.0000,0.0000,0.0000,0,2
860,1486,Distributor.java,M,5,1,18,0.9474,0.0526,18,michaelthoward,5,0.0000,0.0000,0.0000,0,5
860,1487,Distributor.java,M,6,1,18,0.9474,0.0526,18,michaelthoward,4,0.2500,1.0000,0.0000,1,3
860,1488,Distributor.java,M,6,1,17,0.8947,0.0526,18,michaelthoward,4,0.2500,1.0000,0.0000,1,3
860,1522,ModelManager.java,M,5,1,0,0.0000,1.0000,0,michaelthoward,8,0.0000,0.0000,0.0000,0,8
861,1477,Distributor.java,M,7,1,28,0.9333,0.0333,29,michaelthoward,6,0.0000,0.0000,0.0000,0,6
861,1478,Distributor.java,M,5,4,25,0.8333,0.1333,29,michaelthoward,19,0.0000,0.0000,0.0000,0,19
864,1491,Eval.java,M,10,9,14,0.6087,0.3913,22,michaelthoward,0,0.0000,0.0000,0.0000,0,0
864,1493,Eval.java,M,6,9,13,0.5652,0.3913,22,michaelthoward,2,0.0000,0.0000,0.0000,0,2
864,1494,Eval.java,M,13,7,13,0.5652,0.3043,22,michaelthoward,3,0.1633,0.4898,0.0000,0,2
864,1495,Eval.java,M,13,7,12,0.5217,0.3043,22,michaelthoward,3,0.1633,0.4898,0.0000,0,2
864,1505,Eval.java,M,6,5,12,0.7059,0.2941,16,michaelthoward,2,0.0000,0.0000,0.0000,0,2
864,1508,Eval.java,M,13,6,9,0.5294,0.3529,16,michaelthoward,3,0.0000,0.0000,0.0000,0,3
864,1509,Eval.java,M,11,8,8,0.4706,0.4706,16,michaelthoward,4,0.0000,0.0000,0.0000,0,4
864,1510,Eval.java,M,13,8,8,0.4706,0.4706,16,michaelthoward,0,0.0000,0.0000,0.0000,0,0
864,1512,Eval.java,M,9,4,11,0.7333,0.2667,14,michaelthoward,7,0.2419,1.0000,0.0000,2,5
864,1513,Eval.java,M,9,5,10,0.6667,0.3333,14,michaelthoward,7,0.2419,1.0000,0.0000,2,5
864,1514,ProteinProp.java,M,5,4,6,0.6000,0.4000,9,michaelthoward,1,0.7659,0.7659,0.7659,1,0
864,1515,ProteinProp.java,M,5,3,7,0.7000,0.3000,9,michaelthoward,1,0.7659,0.7659,0.7659,1,0
864,1516,Eval.java,M,5,5,5,0.5000,0.5000,9,michaelthoward,1,0.3865,0.3865,0.3865,0,0
864,1519,Token.java,M,5,2,6,0.6667,0.2222,8,michaelthoward,0,0.0000,0.0000,0.0000,0,0
864,1520,Eval.java,M,9,3,5,0.6250,0.3750,7,michaelthoward,7,0.1982,0.6936,0.0000,2,5
866,1413,Compiler.java,M,5,7,78,0.9070,0.0814,85,michaelthoward,3,0.6278,1.0000,0.0000,2,1
866,1419,Compiler.java,M,8,2,83,0.9651,0.0233,85,michaelthoward,0,0.0000,0.0000,0.0000,0,0
866,1420,Compiler.java,M,11,1,84,0.9767,0.0116,85,michaelthoward,0,0.0000,0.0000,0.0000,0,0
866,1421,Compiler.java,M,9,6,79,0.9186,0.0698,85,michaelthoward,4,0.0000,0.0000,0.0000,0,4
866,1423,Compiler.java,M,5,6,79,0.9186,0.0698,85,michaelthoward,3,0.6278,1.0000,0.0000,2,1
866,1424,Eval.java,M,5,10,75,0.8721,0.1163,85,michaelthoward,0,0.0000,0.0000,0.0000,0,0
866,1425,Eval.java,M,18,11,74,0.8605,0.1279,85,michaelthoward,0,0.0000,0.0000,0.0000,0,0
866,1432,Eval.java,M,18,13,58,0.8169,0.1831,70,michaelthoward,4,0.2729,0.8840,0.0000,1,2
866,1433,Eval.java,M,18,9,58,0.8169,0.1268,70,michaelthoward,4,0.2614,0.8840,0.0000,1,3
866,1461,Compiler.java,M,5,2,53,0.9636,0.0364,54,michaelthoward,5,0.2330,1.0000,0.0000,1,4
866,1480,Eval.java,M,27,7,24,0.7059,0.2059,33,michaelthoward,6,0.2193,0.8965,0.0839,1,5
866,1481,Eval.java,M,27,6,25,0.7353,0.1765,33,michaelthoward,6,0.2274,0.8965,0.0935,1,5
866,1491,Eval.java,M,10,10,15,0.6000,0.4000,24,michaelthoward,0,0.0000,0.0000,0.0000,0,0
866,1493,Eval.java,M,6,10,14,0.5600,0.4000,24,michaelthoward,2,0.0000,0.0000,0.0000,0,2
866,1494,Eval.java,M,13,8,14,0.5600,0.3200,24,michaelthoward,3,0.1832,0.5497,0.0000,1,2
866,1507,Eval.java,M,11,8,11,0.5789,0.4211,18,michaelthoward,8,0.0000,0.0000,0.0000,0,8
866,1508,Eval.java,M,13,7,10,0.5263,0.3684,18,michaelthoward,3,0.0000,0.0000,0.0000,0,3
866,1510,Eval.java,M,13,9,9,0.4737,0.4737,18,michaelthoward,0,0.0000,0.0000,0.0000,0,0
866,1513,Eval.java,M,9,6,11,0.6471,0.3529,16,michaelthoward,7,0.2246,0.7910,0.0000,2,5
866,1514,ProteinProp.java,M,5,5,7,0.5833,0.4167,11,michaelthoward,1,0.8221,0.8221,0.8221,1,0
866,1515,ProteinProp.java,M,5,4,8,0.6667,0.3333,11,michaelthoward,1,0.8221,0.8221,0.8221,1,0
866,1520,Eval.java,M,9,4,6,0.6000,0.4000,9,michaelthoward,7,0.1823,0.7814,0.0000,1,5
866,1524,Compiler.java,M,5,1,0,0.0000,1.0000,0,michaelthoward,5,0.2000,1.0000,0.0000,1,4
866,1525,Compiler.java,M,5,1,0,0.0000,1.0000,0,michaelthoward,3,0.6667,1.0000,0.0000,2,1
866,1526,Eval.java,M,6,1,0,0.0000,1.0000,0,michaelthoward,4,0.0000,0.0000,0.0000,0,4
869,1144,PreferencesDialog.java,M,5,9,281,0.9656,0.0309,290,michaelthoward,3,0.0000,0.0000,0.0000,0,3
869,1154,PreferencesDialog.java,M,6,9,281,0.9656,0.0309,290,michaelthoward,1,0.9812,0.9812,0.9812,1,0
869,1155,PreferencesDialog.java,M,6,9,281,0.9656,0.0309,290,michaelthoward,3,0.1737,0.5210,0.0000,1,2
869,1157,PreferencesDialog.java,M,6,9,281,0.9656,0.0309,290,michaelthoward,3,0.1806,0.5417,0.0000,1,2
869,1158,PreferencesDialog.java,M,6,10,280,0.9622,0.0344,290,michaelthoward,0,0.0000,0.0000,0.0000,0,0
869,1159,PreferencesDialog.java,M,6,8,282,0.9691,0.0275,290,michaelthoward,2,0.0052,0.0104,0.0000,0,2
869,1160,PreferencesDialog.java,M,6,9,281,0.9656,0.0309,290,michaelthoward,3,0.1737,0.5210,0.0000,1,2
869,1162,PreferencesDialog.java,M,7,8,282,0.9691,0.0275,290,michaelthoward,1,0.2857,0.2857,0.2857,0,0
869,1173,PreferencesDialog.java,M,5,12,278,0.9553,0.0412,290,michaelthoward,3,0.1806,0.5417,0.0000,1,2
869,1174,PreferencesDialog.java,M,5,12,278,0.9553,0.0412,290,michaelthoward,8,0.3094,0.8579,0.0000,3,5
869,1175,PreferencesDialog.java,M,5,10,278,0.9553,0.0344,290,michaelthoward,8,0.3437,1.0000,0.0000,3,5
869,1176,PreferencesDialog.java,M,6,8,280,0.9622,0.0275,290,michaelthoward,0,0.0000,0.0000,0.0000,0,0
869,1178,PreferencesDialog.java,M,5,3,71,0.2440,0.0103,290,michaelthoward,8,0.3235,0.9317,0.0000,3,5
869,1435,PreferencesDialog.java,M,5,4,66,0.9296,0.0563,70,michaelthoward,8,0.3480,1.0000,0.0000,3,5
869,1476,PreferencesDialog.java,M,5,2,37,0.9250,0.0500,39,michaelthoward,8,0.0000,0.0000,0.0000,0,8
877,1141,PreferencesDialog.java,M,11,9,289,0.9666,0.0301,298,michaelthoward,4,0.0000,0.0000,0.0000,0,4
877,1144,PreferencesDialog.java,M,5,10,288,0.9632,0.0334,298,michaelthoward,3,0.0000,0.0000,0.0000,0,3
877,1154,PreferencesDialog.java,M,6,10,288,0.9632,0.0334,298,michaelthoward,1,0.9889,0.9889,0.9889,1,0
877,1155,PreferencesDialog.java,M,6,10,288,0.9632,0.0334,298,michaelthoward,3,0.2233,0.6700,0.0000,1,2
877,1158,PreferencesDialog.java,M,6,11,287,0.9599,0.0368,298,michaelthoward,0,0.0000,0.0000,0.0000,0,0
877,1159,PreferencesDialog.java,M,6,9,289,0.9666,0.0301,298,michaelthoward,2,0.0028,0.0057,0.0000,0,2
877,1160,PreferencesDialog.java,M,6,10,288,0.9632,0.0334,298,michaelthoward,3,0.2233,0.6700,0.0000,1,2
877,1162,PreferencesDialog.java,M,7,9,289,0.9666,0.0301,298,michaelthoward,1,0.1616,0.1616,0.1616,0,1
877,1164,PreferencesDialog.java,M,6,8,290,0.9699,0.0268,298,michaelthoward,1,0.9889,0.9889,0.9889,1,0
877,1168,PreferencesDialog.java,M,7,7,291,0.9732,0.0234,298,michaelthoward,6,0.5419,0.9803,0.0643,4,2
877,1169,PreferencesDialog.java,M,7,10,288,0.9632,0.0334,298,michaelthoward,6,0.5589,0.8663,0.0643,4,2
877,1170,PreferencesDialog.java,M,7,10,288,0.9632,0.0334,298,michaelthoward,6,0.5121,0.8663,0.0643,4,2
877,1171,PreferencesDialog.java,M,7,8,290,0.9699,0.0268,298,michaelthoward,6,0.5438,0.9803,0.0643,4,2
877,1173,PreferencesDialog.java,M,5,13,285,0.9532,0.0435,298,michaelthoward,3,0.1224,0.3671,0.0000,0,2
877,1174,PreferencesDialog.java,M,5,13,285,0.9532,0.0435,298,michaelthoward,8,0.3337,0.9102,0.0000,3,5
877,1175,PreferencesDialog.java,M,5,11,285,0.9532,0.0368,298,michaelthoward,8,0.3557,1.0000,0.0000,3,5
877,1176,PreferencesDialog.java,M,6,9,287,0.9599,0.0301,298,michaelthoward,0,0.0000,0.0000,0.0000,0,0
877,1178,PreferencesDialog.java,M,5,4,78,0.2609,0.0134,298,michaelthoward,8,0.3433,0.9600,0.0000,3,5
877,1435,PreferencesDialog.java,M,5,5,73,0.9241,0.0633,78,michaelthoward,8,0.3585,1.0000,0.0000,3,5
877,1476,PreferencesDialog.java,M,5,3,44,0.9167,0.0625,47,michaelthoward,8,0.0000,0.0000,0.0000,0,8
889,1310,DisplayControl.java,M,8,29,120,0.7407,0.1790,161,michaelthoward,5,0.2482,0.5253,0.0000,1,2
889,1364,DisplayControl.java,M,7,16,84,0.6774,0.1290,123,michaelthoward,4,0.0789,0.1776,0.0000,0,4
899,681,JmolApplet.java,M,6,11,775,0.9848,0.0140,786,michaelthoward,3,0.0054,0.0163,0.0000,0,3
899,750,JmolApplet.java,M,5,9,674,0.9854,0.0132,683,michaelthoward,9,0.0000,0.0000,0.0000,0,9
899,973,JmolApplet.java,M,5,4,536,0.9908,0.0074,540,michaelthoward,0,0.0000,0.0000,0.0000,0,0
899,1429,JmolApplet.java,M,7,3,106,0.9725,0.0275,108,michaelthoward,1,0.0000,0.0000,0.0000,0,1
900,17,ChemFrame.java,M,8,21,877,0.9755,0.0234,898,egonw,1,0.0000,0.0000,0.0000,0,1
900,205,ChemFrame.java,M,5,28,556,0.6185,0.0311,898,egonw,6,0.0000,0.0002,0.0000,0,6
903,1310,DisplayControl.java,M,8,30,133,0.7557,0.1705,175,michaelthoward,5,0.1993,0.4255,0.0000,0,2
903,1365,DisplayControl.java,M,7,8,34,0.2464,0.0580,137,michaelthoward,5,0.0576,0.2638,0.0000,0,4
903,1428,DisplayControl.java,M,5,17,69,0.6106,0.1504,112,michaelthoward,8,0.1293,0.2772,0.0000,0,4
903,1429,JmolApplet.java,M,7,4,109,0.9646,0.0354,112,michaelthoward,1,0.0000,0.0000,0.0000,0,1
903,1430,JmolApplet.java,M,8,3,110,0.9735,0.0265,112,michaelthoward,0,0.0000,0.0000,0.0000,0,0
903,1431,Eval.java,M,5,9,101,0.9182,0.0818,109,michaelthoward,2,0.0000,0.0000,0.0000,0,2
903,1530,JmolApplet.java,M,6,1,0,0.0000,1.0000,0,michaelthoward,1,0.0000,0.0000,0.0000,0,1
904,791,DisplayPanel.java,M,5,16,451,0.6792,0.0241,663,michaelthoward,6,0.0000,0.0000,0.0000,0,6
904,793,DisplayPanel.java,M,5,23,552,0.8313,0.0346,663,michaelthoward,3,0.0000,0.0000,0.0000,0,3
904,1288,DisplayControl.java,M,5,21,153,0.7727,0.1061,197,michaelthoward,5,0.1851,0.9256,0.0000,1,4
904,1292,DisplayControl.java,M,5,35,156,0.7959,0.1786,195,michaelthoward,8,0.1961,0.9014,0.0000,1,5
904,1310,DisplayControl.java,M,8,31,133,0.7514,0.1751,176,michaelthoward,5,0.2674,0.5195,0.0000,1,2
904,1363,DisplayControl.java,M,8,24,102,0.7338,0.1727,138,michaelthoward,5,0.3359,0.5943,0.0000,3,2
904,1409,DisplayControl.java,M,5,8,88,0.7097,0.0645,123,michaelthoward,5,0.1851,0.9256,0.0000,1,4
904,1451,DisplayControl.java,M,8,16,81,0.8351,0.1649,96,michaelthoward,5,0.3563,0.8163,0.0000,2,2
904,1452,DisplayControl.java,M,8,16,81,0.8351,0.1649,96,michaelthoward,5,0.3657,0.8163,0.0000,2,2
904,1496,DisplayControl.java,M,5,3,56,0.9180,0.0492,60,michaelthoward,8,0.1878,0.9014,0.0000,1,6
905,1364,DisplayControl.java,M,7,17,99,0.7071,0.1214,139,michaelthoward,5,0.1064,0.3451,0.0000,0,4
905,1365,DisplayControl.java,M,7,9,35,0.2500,0.0643,139,michaelthoward,5,0.0727,0.3451,0.0000,0,4
905,1531,JmolApplet.java,M,6,1,2,0.6667,0.3333,2,michaelthoward,1,0.0000,0.0000,0.0000,0,1
906,1416,DisplayPanel.java,M,17,8,118,0.9365,0.0635,125,michaelthoward,1,0.1425,0.1425,0.1425,0,1
907,791,DisplayPanel.java,M,5,17,453,0.6792,0.0255,666,michaelthoward,6,0.0871,0.5225,0.0000,1,5
907,792,DisplayPanel.java,M,5,24,643,0.9640,0.0360,666,michaelthoward,1,0.0000,0.0000,0.0000,0,1
907,1288,DisplayControl.java,M,5,22,155,0.7711,0.1095,200,michaelthoward,5,0.1910,0.9549,0.0000,1,4
907,1292,DisplayControl.java,M,5,36,158,0.7940,0.1809,198,michaelthoward,8,0.2488,0.9403,0.0000,2,5
907,1363,DisplayControl.java,M,8,25,104,0.7324,0.1761,141,michaelthoward,5,0.3432,0.6659,0.0000,2,2
907,1364,DisplayControl.java,M,7,18,100,0.7042,0.1268,141,michaelthoward,5,0.1215,0.4449,0.0000,0,4
907,1365,DisplayControl.java,M,7,10,36,0.2535,0.0704,141,michaelthoward,5,0.0919,0.4449,0.0000,0,4
907,1409,DisplayControl.java,M,5,9,90,0.7087,0.0709,126,michaelthoward,5,0.1910,0.9549,0.0000,1,4
907,1428,DisplayControl.java,M,5,18,72,0.6154,0.1538,116,michaelthoward,8,0.1798,0.5009,0.0000,1,5
907,1451,DisplayControl.java,M,8,17,83,0.8300,0.1700,99,michaelthoward,5,0.3522,0.6659,0.0000,2,2
907,1496,DisplayControl.java,M,5,4,58,0.9063,0.0625,63,michaelthoward,8,0.2482,0.9403,0.0000,2,5
907,1499,DisplayControl.java,M,5,4,55,0.8871,0.0645,61,michaelthoward,8,0.2227,0.5772,0.0000,3,5
907,1532,DisplayPanel.java,M,5,1,3,0.7500,0.2500,3,michaelthoward,6,0.0871,0.5225,0.0000,1,5
912,189,ChemFrame.java,M,8,17,890,0.9769,0.0187,910,michaelthoward,0,0.0000,0.0000,0.0000,0,0
912,205,ChemFrame.java,M,5,29,567,0.6224,0.0318,910,michaelthoward,6,0.1499,0.4532,0.0000,0,4
912,306,MeasurementList.java,M,5,7,902,0.9901,0.0077,910,michaelthoward,19,0.2543,0.9664,0.0000,5,14
912,318,MeasurementList.java,M,8,7,902,0.9901,0.0077,910,michaelthoward,1,0.0000,0.0000,0.0000,0,1
912,320,MeasurementList.java,M,8,7,902,0.9901,0.0077,910,michaelthoward,3,0.0000,0.0000,0.0000,0,3
912,328,MeasurementList.java,M,5,7,902,0.9901,0.0077,910,michaelthoward,19,0.2614,1.0000,0.0000,5,14
912,329,MeasurementList.java,M,5,7,902,0.9901,0.0077,910,michaelthoward,19,0.2614,1.0000,0.0000,5,14
912,330,MeasurementList.java,M,5,7,902,0.9901,0.0077,910,michaelthoward,19,0.2614,1.0000,0.0000,5,14
912,332,MeasurementList.java,M,5,7,902,0.9901,0.0077,910,michaelthoward,19,0.2614,1.0000,0.0000,5,14
912,333,MeasurementList.java,M,5,6,903,0.9912,0.0066,910,michaelthoward,6,0.2366,0.9664,0.0000,1,4
912,334,MeasurementList.java,M,5,7,902,0.9901,0.0077,910,michaelthoward,19,0.2614,1.0000,0.0000,5,14
912,335,MeasurementList.java,M,5,6,903,0.9912,0.0066,910,michaelthoward,6,0.2354,0.9664,0.0000,1,4
912,337,MeasurementList.java,M,14,5,904,0.9923,0.0055,910,michaelthoward,4,0.5000,1.0000,0.0000,2,2
912,338,MeasurementList.java,M,14,5,904,0.9923,0.0055,910,michaelthoward,4,0.5000,1.0000,0.0000,2,2
912,339,MeasurementList.java,M,14,5,904,0.9923,0.0055,910,michaelthoward,4,0.5000,1.0000,0.0000,2,2
912,639,ChemFrame.java,M,5,32,841,0.9633,0.0367,872,michaelthoward,8,0.0000,0.0000,0.0000,0,8
912,791,DisplayPanel.java,M,5,18,456,0.6786,0.0268,671,michaelthoward,6,0.1171,0.7029,0.0000,1,5
912,793,DisplayPanel.java,M,5,24,558,0.8304,0.0357,671,michaelthoward,3,0.0000,0.0000,0.0000,0,3
912,991,MeasureRenderer.java,M,12,11,539,0.9764,0.0199,551,michaelthoward,2,0.9989,1.0000,0.9978,2,0
912,1262,ChemFrame.java,M,33,10,254,0.9621,0.0379,263,michaelthoward,0,0.0000,0.0000,0.0000,0,0
912,1292,DisplayControl.java,M,5,37,162,0.7941,0.1814,203,michaelthoward,8,0.2075,0.6446,0.0000,1,4
912,1300,MeasureRenderer.java,M,12,4,195,0.9799,0.0201,198,michaelthoward,2,0.9989,1.0000,0.9978,2,0
912,1301,MeasureRenderer.java,M,12,3,196,0.9849,0.0151,198,michaelthoward,2,0.9978,0.9978,0.9978,2,0
912,1310,DisplayControl.java,M,8,32,140,0.7568,0.1730,184,michaelthoward,5,0.2437,0.5036,0.0000,1,2
912,1365,DisplayControl.java,M,7,11,40,0.2721,0.0748,146,michaelthoward,5,0.1081,0.5284,0.0000,1,4
912,1449,ModelManager.java,M,5,4,100,0.9524,0.0381,104,michaelthoward,8,0.0748,0.3182,0.0000,0,7
912,1532,DisplayPanel.java,M,5,2,6,0.6667,0.2222,8,michaelthoward,6,0.1171,0.7029,0.0000,1,5
914,71,MeasurementList.java,M,11,5,906,0.9923,0.0055,912,michaelthoward,1,0.0000,0.0000,0.0000,0,1
914,111,Distance.java,M,16,5,906,0.9923,0.0055,912,michaelthoward,1,0.0000,0.0000,0.0000,0,1
914,318,MeasurementList.java,M,8,8,903,0.9890,0.0088,912,michaelthoward,1,0.0000,0.0000,0.0000,0,1
914,320,MeasurementList.java,M,8,8,903,0.9890,0.0088,912,michaelthoward,3,0.0000,0.0000,0.0000,0,3
914,328,MeasurementList.java,M,5,8,903,0.9890,0.0088,912,michaelthoward,20,0.2238,1.0000,0.0000,4,15
914,329,MeasurementList.java,M,5,8,903,0.9890,0.0088,912,michaelthoward,20,0.2238,1.0000,0.0000,4,15
914,330,MeasurementList.java,M,5,8,903,0.9890,0.0088,912,michaelthoward,20,0.2238,1.0000,0.0000,4,15
914,332,MeasurementList.java,M,5,8,903,0.9890,0.0088,912,michaelthoward,20,0.2238,1.0000,0.0000,4,15
914,334,MeasurementList.java,M,5,8,903,0.9890,0.0088,912,michaelthoward,20,0.2238,1.0000,0.0000,4,15
914,337,MeasurementList.java,M,14,6,905,0.9912,0.0066,912,michaelthoward,4,0.5000,1.0000,0.0000,2,2
914,338,MeasurementList.java,M,14,6,905,0.9912,0.0066,912,michaelthoward,4,0.5000,1.0000,0.0000,2,2
914,339,MeasurementList.java,M,14,6,905,0.9912,0.0066,912,michaelthoward,4,0.5000,1.0000,0.0000,2,2
914,340,MeasurementList.java,M,5,8,903,0.9890,0.0088,912,michaelthoward,7,0.2857,1.0000,0.0000,2,5
914,341,MeasurementList.java,M,5,8,903,0.9890,0.0088,912,michaelthoward,7,0.2857,1.0000,0.0000,2,5
914,342,MeasurementList.java,M,5,8,903,0.9890,0.0088,912,michaelthoward,7,0.2857,1.0000,0.0000,2,5
914,1292,DisplayControl.java,M,5,38,163,0.7913,0.1845,205,michaelthoward,8,0.2688,0.7335,0.0000,2,4
914,1298,Angle.java,M,15,5,195,0.9701,0.0249,200,michaelthoward,4,0.0136,0.0546,0.0000,0,4
914,1299,Dihedral.java,M,15,5,195,0.9701,0.0249,200,michaelthoward,3,0.0000,0.0000,0.0000,0,3
914,1310,DisplayControl.java,M,8,33,141,0.7540,0.1765,186,michaelthoward,5,0.2370,0.5718,0.0000,1,2
914,1363,DisplayControl.java,M,8,26,110,0.7383,0.1745,148,michaelthoward,5,0.2893,0.5718,0.0000,2,2
914,1414,MouseManager.java,M,5,2,131,0.9776,0.0149,133,michaelthoward,0,0.0000,0.0000,0.0000,0,0
914,1428,DisplayControl.java,M,5,19,78,0.6290,0.1532,123,michaelthoward,8,0.2401,0.6488,0.0000,2,4
914,1449,ModelManager.java,M,5,5,101,0.9439,0.0467,106,michaelthoward,8,0.1767,0.4560,0.0000,0,4
914,1496,DisplayControl.java,M,5,5,64,0.9014,0.0704,70,michaelthoward,8,0.2833,0.7335,0.0000,3,4
914,1499,DisplayControl.java,M,5,5,61,0.8841,0.0725,68,michaelthoward,8,0.2820,0.7154,0.0000,3,4
921,236,Jmol.java,M,6,34,728,0.7913,0.0370,919,michaelthoward,1,0.0000,0.0000,0.0000,0,1
921,269,Jmol.java,M,6,19,898,0.9761,0.0207,919,michaelthoward,7,0.0000,0.0000,0.0000,0,7
921,523,Jmol.java,M,6,16,711,0.7998,0.0180,888,michaelthoward,1,0.2452,0.2452,0.2452,0,0
921,1535,Jmol.java,M,5,1,7,0.8750,0.1250,7,michaelthoward,8,0.1250,1.0000,0.0000,1,7
927,1364,DisplayControl.java,M,7,19,119,0.7346,0.1173,161,michaelthoward,5,0.1916,0.5476,0.0000,1,3
927,1365,DisplayControl.java,M,7,12,54,0.3333,0.0741,161,michaelthoward,5,0.2034,0.5476,0.0000,1,2
927,1413,Compiler.java,M,5,8,138,0.9388,0.0544,146,michaelthoward,3,0.6522,1.0000,0.0000,2,1
927,1419,Compiler.java,M,8,3,143,0.9728,0.0204,146,michaelthoward,0,0.0000,0.0000,0.0000,0,0
927,1420,Compiler.java,M,11,2,144,0.9796,0.0136,146,michaelthoward,0,0.0000,0.0000,0.0000,0,0
927,1421,Compiler.java,M,9,7,139,0.9456,0.0476,146,michaelthoward,4,0.0000,0.0000,0.0000,0,4
927,1423,Compiler.java,M,5,7,139,0.9456,0.0476,146,michaelthoward,3,0.6522,1.0000,0.0000,2,1
927,1431,Eval.java,M,5,10,124,0.9254,0.0746,133,michaelthoward,2,0.0000,0.0000,0.0000,0,2
927,1432,Eval.java,M,18,14,118,0.8939,0.1061,131,michaelthoward,5,0.2773,0.9378,0.0000,1,2
927,1433,Eval.java,M,18,10,118,0.8939,0.0758,131,michaelthoward,5,0.2738,0.9378,0.0000,1,3
927,1434,Eval.java,M,5,1,130,0.9924,0.0076,130,michaelthoward,0,0.0000,0.0000,0.0000,0,0
927,1460,Compiler.java,M,5,2,114,0.9828,0.0172,115,michaelthoward,5,0.3454,0.8654,0.0000,2,3
927,1461,Compiler.java,M,5,3,113,0.9741,0.0259,115,michaelthoward,5,0.3731,1.0000,0.0000,2,3
927,1491,Eval.java,M,10,11,75,0.8721,0.1279,85,michaelthoward,1,0.0000,0.0000,0.0000,0,1
927,1493,Eval.java,M,6,11,74,0.8605,0.1279,85,michaelthoward,2,0.0000,0.0000,0.0000,0,2
927,1494,Eval.java,M,13,9,74,0.8605,0.1047,85,michaelthoward,3,0.2467,0.7400,0.0000,1,2
927,1505,Eval.java,M,6,6,74,0.9250,0.0750,79,michaelthoward,2,0.0000,0.0000,0.0000,0,2
927,1507,Eval.java,M,11,9,71,0.8875,0.1125,79,michaelthoward,8,0.0000,0.0000,0.0000,0,8
927,1508,Eval.java,M,13,8,70,0.8750,0.1000,79,michaelthoward,3,0.0000,0.0000,0.0000,0,3
927,1509,Eval.java,M,11,9,69,0.8625,0.1125,79,michaelthoward,4,0.0000,0.0000,0.0000,0,4
927,1512,Eval.java,M,9,5,73,0.9359,0.0641,77,michaelthoward,7,0.2468,0.9093,0.0000,2,5
927,1513,Eval.java,M,9,7,71,0.9103,0.0897,77,michaelthoward,7,0.2615,0.9215,0.0000,2,5
927,1520,Eval.java,M,9,5,66,0.9296,0.0704,70,michaelthoward,7,0.2486,0.9215,0.0000,2,5
927,1524,Compiler.java,M,5,2,60,0.9677,0.0323,61,michaelthoward,5,0.3724,1.0000,0.0000,2,3
927,1525,Compiler.java,M,5,2,60,0.9677,0.0323,61,michaelthoward,3,0.6667,1.0000,0.0000,2,1
927,1526,Eval.java,M,6,2,60,0.9677,0.0323,61,michaelthoward,4,0.0000,0.0000,0.0000,0,4
928,1363,DisplayControl.java,M,8,27,123,0.7546,0.1656,162,michaelthoward,5,0.2601,0.6459,0.0000,1,2
928,1364,DisplayControl.java,M,7,20,119,0.7301,0.1227,162,michaelthoward,5,0.1642,0.4664,0.0000,0,4
928,1428,DisplayControl.java,M,5,20,91,0.6594,0.1449,137,michaelthoward,8,0.2492,0.7580,0.0000,2,4
928,1431,Eval.java,M,5,11,124,0.9185,0.0815,134,michaelthoward,2,0.0000,0.0000,0.0000,0,2
928,1496,DisplayControl.java,M,5,6,77,0.9059,0.0706,84,michaelthoward,8,0.2761,0.8099,0.0000,3,4
928,1499,DisplayControl.java,M,5,6,74,0.8916,0.0723,82,michaelthoward,8,0.2754,0.8099,0.0000,2,4
929,1363,DisplayControl.java,M,8,28,123,0.7500,0.1707,163,michaelthoward,5,0.2136,0.5482,0.0000,1,2
929,1428,DisplayControl.java,M,5,21,91,0.6547,0.1511,138,michaelthoward,8,0.2526,0.8167,0.0000,2,5
929,1496,DisplayControl.java,M,5,7,77,0.8953,0.0814,85,michaelthoward,8,0.2711,0.8584,0.0000,2,5
929,1499,DisplayControl.java,M,5,7,74,0.8810,0.0833,83,michaelthoward,8,0.2707,0.8584,0.0000,2,5
931,1543,ScriptWindow.java,M,6,1,0,0.0000,1.0000,0,michaelthoward,4,0.0000,0.0000,0.0000,0,4
932,1530,JmolApplet.java,M,6,2,27,0.9000,0.0667,29,michaelthoward,1,0.5365,0.5365,0.5365,1,0
932,1531,JmolApplet.java,M,6,2,27,0.9000,0.0667,29,michaelthoward,1,0.5365,0.5365,0.5365,1,0
933,1542,ScriptWindow.java,M,8,1,2,0.5000,0.2500,3,michaelthoward,7,0.0000,0.0000,0.0000,0,7
933,1543,ScriptWindow.java,M,6,2,1,0.3333,0.6667,2,michaelthoward,4,0.0000,0.0000,0.0000,0,4
933,1547,ScriptWindow.java,M,8,1,1,0.3333,0.3333,2,michaelthoward,1,0.0000,0.0000,0.0000,0,1
934,1431,Eval.java,M,5,12,129,0.9149,0.0851,140,michaelthoward,2,0.0000,0.0000,0.0000,0,2
934,1505,Eval.java,M,6,7,80,0.9195,0.0805,86,michaelthoward,2,0.0000,0.0000,0.0000,0,2
934,1513,Eval.java,M,9,8,77,0.9059,0.0941,84,michaelthoward,7,0.1952,0.9680,0.0000,1,5
934,1520,Eval.java,M,9,6,72,0.9231,0.0769,77,michaelthoward,7,0.1860,0.9680,0.0000,1,5
934,1526,Eval.java,M,6,3,66,0.9565,0.0435,68,michaelthoward,4,0.0000,0.0000,0.0000,0,4
934,1544,ScriptWindow.java,M,9,1,2,0.5000,0.2500,3,michaelthoward,3,0.3333,1.0000,0.0000,1,2
934,1545,ScriptWindow.java,M,9,1,2,0.5000,0.2500,3,michaelthoward,3,0.3333,1.0000,0.0000,1,2
934,1546,ScriptWindow.java,M,8,1,2,0.5000,0.2500,3,michaelthoward,2,0.5000,1.0000,0.0000,1,1
934,1548,ScriptWindow.java,M,8,1,2,0.5000,0.2500,3,michaelthoward,2,0.5000,1.0000,0.0000,1,1
934,1551,Eval.java,M,7,1,0,0.0000,1.0000,0,michaelthoward,6,0.0000,0.0000,0.0000,0,6
935,1425,Eval.java,M,18,12,142,0.9161,0.0774,154,michaelthoward,0,0.0000,0.0000,0.0000,0,0
935,1431,Eval.java,M,5,13,129,0.9085,0.0915,141,michaelthoward,2,0.0000,0.0000,0.0000,0,2
935,1432,Eval.java,M,18,15,125,0.8929,0.1071,139,michaelthoward,5,0.2569,0.9608,0.0000,1,4
935,1433,Eval.java,M,18,11,125,0.8929,0.0786,139,michaelthoward,5,0.2543,0.9608,0.0000,1,4
935,1480,Eval.java,M,27,8,92,0.8932,0.0777,102,michaelthoward,6,0.1830,0.9622,0.0256,1,5
935,1481,Eval.java,M,27,7,93,0.9029,0.0680,102,michaelthoward,6,0.1838,0.9622,0.0264,1,5
935,1491,Eval.java,M,10,12,82,0.8723,0.1277,93,michaelthoward,1,0.0000,0.0000,0.0000,0,1
935,1493,Eval.java,M,6,12,81,0.8617,0.1277,93,michaelthoward,2,0.0000,0.0000,0.0000,0,2
935,1494,Eval.java,M,13,10,81,0.8617,0.1064,93,michaelthoward,3,0.2770,0.8309,0.0000,1,2
935,1505,Eval.java,M,6,8,80,0.9091,0.0909,87,michaelthoward,2,0.0000,0.0000,0.0000,0,2
935,1507,Eval.java,M,11,10,78,0.8864,0.1136,87,michaelthoward,8,0.0000,0.0000,0.0000,0,8
935,1508,Eval.java,M,13,9,77,0.8750,0.1023,87,michaelthoward,3,0.0000,0.0000,0.0000,0,3
935,1509,Eval.java,M,11,10,76,0.8636,0.1136,87,michaelthoward,4,0.0000,0.0000,0.0000,0,4
935,1512,Eval.java,M,9,6,80,0.9302,0.0698,85,michaelthoward,7,0.1490,0.5428,0.0000,2,5
935,1513,Eval.java,M,9,9,77,0.8953,0.1047,85,michaelthoward,7,0.2170,0.9760,0.0000,2,5
935,1520,Eval.java,M,9,7,72,0.9114,0.0886,78,michaelthoward,7,0.2109,0.9760,0.0000,2,5
935,1526,Eval.java,M,6,4,66,0.9429,0.0571,69,michaelthoward,4,0.0000,0.0000,0.0000,0,4
935,1551,Eval.java,M,7,2,0,0.0000,1.0000,1,michaelthoward,6,0.0000,0.0000,0.0000,0,6
936,1363,DisplayControl.java,M,8,29,129,0.7544,0.1696,170,michaelthoward,5,0.2067,0.6192,0.0000,1,3
936,1428,DisplayControl.java,M,5,22,97,0.6644,0.1507,145,michaelthoward,8,0.2541,0.8589,0.0000,2,5
936,1496,DisplayControl.java,M,5,8,83,0.8925,0.0860,92,michaelthoward,8,0.2671,0.8923,0.0000,2,5
936,1499,DisplayControl.java,M,5,8,80,0.8791,0.0879,90,michaelthoward,8,0.2668,0.8923,0.0000,2,5
936,1544,ScriptWindow.java,M,9,2,3,0.5000,0.3333,5,michaelthoward,4,0.2500,1.0000,0.0000,1,3
936,1545,ScriptWindow.java,M,9,2,3,0.5000,0.3333,5,michaelthoward,4,0.2500,1.0000,0.0000,1,3
936,1546,ScriptWindow.java,M,8,2,3,0.5000,0.3333,5,michaelthoward,2,0.5000,1.0000,0.0000,1,1
936,1547,ScriptWindow.java,M,8,2,3,0.5000,0.3333,5,michaelthoward,1,0.0000,0.0000,0.0000,0,1
936,1548,ScriptWindow.java,M,8,2,3,0.5000,0.3333,5,michaelthoward,2,0.5000,1.0000,0.0000,1,1
936,1553,ScriptWindow.java,M,6,1,0,0.0000,1.0000,0,michaelthoward,5,0.0000,0.0000,0.0000,0,5
937,1548,ScriptWindow.java,M,8,3,3,0.4286,0.4286,6,michaelthoward,2,0.3267,0.6533,0.0000,1,1
940,128,Animate.java,M,5,12,925,0.9851,0.0128,938,michaelthoward,7,0.0119,0.0832,0.0000,0,7
940,136,Animate.java,M,6,8,929,0.9894,0.0085,938,michaelthoward,4,0.0000,0.0000,0.0000,0,4
940,1292,DisplayControl.java,M,5,39,188,0.8103,0.1681,231,michaelthoward,8,0.2280,0.6224,0.0000,1,4
940,1363,DisplayControl.java,M,8,30,132,0.7543,0.1714,174,michaelthoward,5,0.2400,0.6766,0.0000,1,3
940,1364,DisplayControl.java,M,7,21,130,0.7429,0.1200,174,michaelthoward,5,0.1024,0.3001,0.0000,0,4
940,1428,DisplayControl.java,M,5,23,100,0.6667,0.1533,149,michaelthoward,8,0.2980,0.8880,0.0000,2,4
940,1451,DisplayControl.java,M,8,18,115,0.8647,0.1353,132,michaelthoward,5,0.2215,0.3858,0.0000,0,2
940,1496,DisplayControl.java,M,5,9,86,0.8866,0.0928,96,michaelthoward,8,0.3122,0.9152,0.0000,2,4
940,1499,DisplayControl.java,M,5,9,83,0.8737,0.0947,94,michaelthoward,8,0.3137,0.9152,0.0000,2,4
940,1551,Eval.java,M,7,3,4,0.5714,0.4286,6,michaelthoward,6,0.0000,0.0000,0.0000,0,6
946,189,ChemFrame.java,M,8,18,923,0.9767,0.0190,944,egonw,1,0.0000,0.0000,0.0000,0,1
946,205,ChemFrame.java,M,5,30,600,0.6349,0.0317,944,egonw,4,0.0000,0.0000,0.0000,0,4
946,639,ChemFrame.java,M,5,33,874,0.9636,0.0364,906,egonw,8,0.0000,0.0000,0.0000,0,8
954,1531,JmolApplet.java,M,6,3,48,0.9231,0.0577,51,michaelthoward,1,0.2633,0.2633,0.2633,0,0
956,1213,ABINITInputReader.java,M,6,2,339,0.9883,0.0058,342,egonw,6,0.5006,1.0000,0.0012,3,3
956,1217,ABINITInputReader.java,M,6,2,339,0.9883,0.0058,342,egonw,6,0.5006,1.0000,0.0012,3,3
956,1219,ABINITInputReader.java,M,6,2,339,0.9883,0.0058,342,egonw,6,0.5006,1.0000,0.0012,3,3
956,1221,ABINITInputReader.java,M,6,1,340,0.9913,0.0029,342,egonw,5,0.0000,0.0000,0.0000,0,5
956,1224,ABINITInputReader.java,M,8,1,340,0.9913,0.0029,342,egonw,4,0.0000,0.0000,0.0000,0,4
957,1015,HistoryFile.java,M,5,1,508,0.9941,0.0020,510,egonw,8,0.1250,1.0000,0.0000,1,7
957,1016,HistoryFile.java,M,6,1,508,0.9941,0.0020,510,egonw,9,0.0000,0.0000,0.0000,0,9
958,205,ChemFrame.java,M,5,31,611,0.6385,0.0324,956,egonw,4,0.0000,0.0000,0.0000,0,4
958,639,ChemFrame.java,M,5,34,885,0.9630,0.0370,918,egonw,8,0.0000,0.0000,0.0000,0,8
958,873,Atom.java,M,10,5,621,0.9920,0.0080,625,egonw,3,0.0000,0.0000,0.0000,0,3
958,1123,UnitCellBox.java,M,6,3,380,0.9896,0.0078,383,egonw,11,0.0910,1.0000,0.0000,1,10
958,1124,UnitCellBox.java,M,6,3,380,0.9896,0.0078,383,egonw,11,0.0910,1.0000,0.0000,1,10
958,1286,Atom.java,M,7,3,49,0.1914,0.0117,255,egonw,3,0.0000,0.0000,0.0000,0,3
958,1556,ChemFrame.java,M,17,1,0,0.0000,1.0000,0,egonw,2,0.0000,0.0000,0.0000,0,2
959,192,ChemFrame.java,M,17,2,238,0.2484,0.0021,957,egonw,2,0.2537,0.5075,0.0000,1,1
959,1556,ChemFrame.java,M,17,2,0,0.0000,1.0000,1,egonw,2,0.2537,0.5075,0.0000,1,1
959,1557,AtomTypeTable.java,M,5,1,0,0.0000,1.0000,0,egonw,9,0.0000,0.0000,0.0000,0,9
960,1429,JmolApplet.java,M,7,5,164,0.9647,0.0294,169,michaelthoward,1,0.0000,0.0000,0.0000,0,1
960,1430,JmolApplet.java,M,8,4,165,0.9706,0.0235,169,michaelthoward,0,0.0000,0.0000,0.0000,0,0
961,1563,AtomTypeList.java,M,13,1,1,0.3333,0.3333,2,michaelthoward,1,1.0000,1.0000,1.0000,1,0
961,1564,AtomTypeList.java,M,13,1,1,0.3333,0.3333,2,michaelthoward,1,1.0000,1.0000,1.0000,1,0
962,1429,JmolApplet.java,M,7,6,165,0.9593,0.0349,171,michaelthoward,1,0.0000,0.0000,0.0000,0,1
962,1430,JmolApplet.java,M,8,5,166,0.9651,0.0291,171,michaelthoward,0,0.0000,0.0000,0.0000,0,0
968,1530,JmolApplet.java,M,6,3,62,0.9394,0.0455,65,michaelthoward,1,0.1483,0.1483,0.1483,0,1
974,1129,CrystalPropertiesDialog.java,M,12,4,393,0.9825,0.0100,399,michaelthoward,9,0.1112,1.0000,0.0000,1,8
974,1130,CrystalPropertiesDialog.java,M,12,4,393,0.9825,0.0100,399,michaelthoward,9,0.1112,1.0000,0.0000,1,8
974,1286,Atom.java,M,7,4,64,0.2353,0.0147,271,michaelthoward,3,0.2059,0.6177,0.0000,1,2
974,1555,Atom.java,M,7,1,16,0.9412,0.0588,16,michaelthoward,3,0.2059,0.6177,0.0000,1,2
977,897,ChemFile.java,M,15,5,638,0.9907,0.0078,643,egonw,7,0.0013,0.0092,0.0000,0,7
981,1429,JmolApplet.java,M,7,7,183,0.9581,0.0366,190,egonw,1,0.0000,0.0000,0.0000,0,1
981,1530,JmolApplet.java,M,6,4,74,0.9367,0.0506,78,egonw,1,0.4822,0.4822,0.4822,0,0
981,1531,JmolApplet.java,M,6,4,74,0.9367,0.0506,78,egonw,1,0.4822,0.4822,0.4822,0,0
984,85,ADFReader.java,M,47,7,974,0.9908,0.0071,982,egonw,7,0.0005,0.0005,0.0005,0,7
984,189,ChemFrame.java,M,8,19,960,0.9766,0.0193,982,egonw,2,0.0000,0.0000,0.0000,0,2
984,205,ChemFrame.java,M,5,32,636,0.6470,0.0326,982,egonw,4,0.0000,0.0000,0.0000,0,4
984,639,ChemFrame.java,M,5,35,910,0.9630,0.0370,944,egonw,9,0.0000,0.0000,0.0000,0,9
984,1036,Mopac97Reader.java,M,7,3,508,0.9903,0.0058,512,egonw,1,0.0000,0.0000,0.0000,0,1
984,1037,Mopac97Reader.java,M,9,2,509,0.9922,0.0039,512,egonw,9,0.2222,1.0000,0.0000,2,7
984,1038,Mopac97Reader.java,M,9,2,509,0.9922,0.0039,512,egonw,9,0.2222,1.0000,0.0000,2,7
984,1039,Mopac97Reader.java,M,9,2,509,0.9922,0.0039,512,egonw,9,0.2222,1.0000,0.0000,2,7
984,1097,PDBReader.java,M,5,1,409,0.9927,0.0024,411,egonw,2,0.4986,0.9973,0.0000,1,1
984,1262,ChemFrame.java,M,33,11,325,0.9673,0.0327,335,egonw,0,0.0000,0.0000,0.0000,0,0
984,1280,JmolCDO.java,M,11,2,310,0.9936,0.0064,311,egonw,6,0.1670,1.0000,0.0000,1,5
984,1281,JmolCDO.java,M,11,2,310,0.9936,0.0064,311,egonw,6,0.1670,1.0000,0.0000,1,5
984,1565,Mopac97Reader.java,M,7,1,0,0.0000,1.0000,0,egonw,2,0.5000,1.0000,0.0000,1,1
984,1566,Mopac97Reader.java,M,7,1,0,0.0000,1.0000,0,egonw,2,0.5000,1.0000,0.0000,1,1
984,1567,Convertor.java,M,14,1,0,0.0000,1.0000,0,egonw,1,0.0000,0.0000,0.0000,0,1
990,91,Aces2Reader.java,M,62,5,982,0.9929,0.0051,988,egonw,2,0.0000,0.0000,0.0000,0,2
990,92,Gaussian98Reader.java,M,62,5,982,0.9929,0.0051,988,egonw,4,1.0000,1.0000,1.0000,4,0
990,93,ADFReader.java,M,62,6,981,0.9919,0.0061,988,egonw,4,1.0000,1.0000,1.0000,4,0
990,94,Gaussian94Reader.java,M,62,5,982,0.9929,0.0051,988,egonw,4,1.0000,1.0000,1.0000,4,0
990,95,Gaussian92Reader.java,M,62,5,982,0.9929,0.0051,988,egonw,4,1.0000,1.0000,1.0000,4,0
990,130,Vibrate.java,M,5,10,977,0.9879,0.0101,988,egonw,8,0.0020,0.0163,0.0000,0,8
990,140,Vibrate.java,M,6,9,978,0.9889,0.0091,988,egonw,4,0.0000,0.0000,0.0000,0,4
990,171,Vibrate.java,M,12,8,979,0.9899,0.0081,988,egonw,7,0.0000,0.0000,0.0000,0,7
990,189,ChemFrame.java,M,8,20,965,0.9757,0.0202,988,egonw,2,0.0000,0.0000,0.0000,0,2
990,205,ChemFrame.java,M,5,33,641,0.6481,0.0334,988,egonw,4,0.0000,0.0000,0.0000,0,4
990,252,Gaussian94Reader.java,M,26,5,982,0.9929,0.0051,988,egonw,1,1.0000,1.0000,1.0000,1,0
990,639,ChemFrame.java,M,5,36,915,0.9621,0.0379,950,egonw,9,0.0000,0.0000,0.0000,0,9
990,809,Gaussian90Reader.java,M,62,5,722,0.9904,0.0069,728,egonw,4,1.0000,1.0000,1.0000,4,0
990,815,GamessReader.java,M,83,6,722,0.9904,0.0082,728,egonw,0,0.0000,0.0000,0.0000,0,0
990,816,JaguarReader.java,M,73,5,722,0.9904,0.0069,728,egonw,0,0.0000,0.0000,0.0000,0,0
990,818,GamessReader.java,M,70,6,722,0.9904,0.0082,728,egonw,2,1.0000,1.0000,1.0000,2,0
990,1026,Mopac97Reader.java,M,70,1,516,0.9942,0.0019,518,egonw,2,1.0000,1.0000,1.0000,2,0
990,1027,Mopac7Reader.java,M,70,1,516,0.9942,0.0019,518,egonw,2,1.0000,1.0000,1.0000,2,0
990,1097,PDBReader.java,M,5,2,414,0.9904,0.0048,417,egonw,2,0.2273,0.4546,0.0000,0,1
990,1129,CrystalPropertiesDialog.java,M,12,5,408,0.9808,0.0120,415,egonw,9,0.1111,1.0000,0.0000,1,8
990,1130,CrystalPropertiesDialog.java,M,12,5,408,0.9808,0.0120,415,egonw,9,0.1111,1.0000,0.0000,1,8
990,1262,ChemFrame.java,M,33,12,330,0.9649,0.0351,341,egonw,0,0.0000,0.0000,0.0000,0,0
990,1277,Gaussian98Reader.java,M,26,2,315,0.9906,0.0063,317,egonw,1,1.0000,1.0000,1.0000,1,0
990,1504,ChemFrameRenderer.java,M,5,2,143,0.9862,0.0138,144,egonw,1,0.0000,0.0000,0.0000,0,1
990,1562,AtomTypeList.java,M,10,1,30,0.9375,0.0313,31,egonw,4,0.0000,0.0000,0.0000,0,4
990,1568,Convertor.java,M,14,1,6,0.8571,0.1429,6,egonw,1,0.0000,0.0000,0.0000,0,1
990,1569,ChemFrameRenderer.java,M,5,1,0,0.0000,1.0000,0,egonw,1,0.0000,0.0000,0.0000,0,1
1018,56,AboutDialog.java,M,5,7,1008,0.9912,0.0069,1016,egonw,3,0.6667,1.0000,0.0000,2,1
1018,57,HelpDialog.java,M,5,7,1008,0.9912,0.0069,1016,egonw,3,0.6667,1.0000,0.0000,2,1
1018,58,WhatsNewDialog.java,M,5,7,1008,0.9912,0.0069,1016,egonw,3,0.6667,1.0000,0.0000,2,1
1018,128,Animate.java,M,5,13,1002,0.9853,0.0128,1016,egonw,7,0.1300,0.9046,0.0000,1,6
1018,136,Animate.java,M,6,9,1006,0.9892,0.0088,1016,egonw,4,0.2280,0.9121,0.0000,1,3
1018,205,ChemFrame.java,M,5,34,668,0.6568,0.0334,1016,egonw,4,0.0000,0.0000,0.0000,0,4
1018,254,Gaussian94Reader.java,M,5,6,1009,0.9921,0.0059,1016,egonw,1,1.0000,1.0000,1.0000,1,0
1018,255,Gaussian94Reader.java,M,5,5,1009,0.9921,0.0049,1016,egonw,1,1.0000,1.0000,1.0000,1,0
1018,260,Gaussian98Reader.java,M,5,7,1008,0.9912,0.0069,1016,egonw,1,1.0000,1.0000,1.0000,1,0
1018,261,Gaussian98Reader.java,M,5,6,1008,0.9912,0.0059,1016,egonw,1,1.0000,1.0000,1.0000,1,0
1018,282,JmolResourceHandler.java,M,7,11,1003,0.9862,0.0108,1016,egonw,6,0.0000,0.0000,0.0000,0,6
1018,305,ListNode.java,M,5,4,1011,0.9941,0.0039,1016,egonw,2,0.6462,0.7344,0.5579,2,0
1018,306,MeasurementList.java,M,5,8,1007,0.9902,0.0079,1016,egonw,20,0.1495,0.9601,0.0000,3,17
1018,332,MeasurementList.java,M,5,9,1006,0.9892,0.0088,1016,egonw,20,0.1559,1.0000,0.0000,3,17
1018,334,MeasurementList.java,M,5,9,1006,0.9892,0.0088,1016,egonw,20,0.1559,1.0000,0.0000,3,17
1018,340,MeasurementList.java,M,5,9,1006,0.9892,0.0088,1016,egonw,7,0.2857,1.0000,0.0000,2,5
1018,341,MeasurementList.java,M,5,9,1006,0.9892,0.0088,1016,egonw,7,0.2857,1.0000,0.0000,2,5
1018,342,MeasurementList.java,M,5,9,1006,0.9892,0.0088,1016,egonw,7,0.2857,1.0000,0.0000,2,5
1018,364,Preferences.java,M,5,3,674,0.6627,0.0029,1016,egonw,2,0.9845,0.9998,0.9692,2,0
1018,639,ChemFrame.java,M,5,37,942,0.9622,0.0378,978,egonw,9,0.0520,0.4681,0.0000,0,8
1018,693,PropertyGraph.java,M,6,7,870,0.9898,0.0080,878,egonw,11,0.3636,1.0000,0.0000,4,7
1018,729,PovrayDialog.java,M,5,4,833,0.9893,0.0048,841,egonw,2,0.4999,0.9999,0.0000,1,1
1018,730,PovrayDialog.java,M,5,5,835,0.9917,0.0059,841,egonw,2,0.4999,0.9999,0.0000,1,1
1018,791,DisplayPanel.java,M,5,19,561,0.7211,0.0244,777,egonw,6,0.4620,0.9705,0.0000,3,3
1018,792,DisplayPanel.java,M,5,25,752,0.9666,0.0321,777,egonw,1,0.0000,0.0000,0.0000,0,1
1018,793,DisplayPanel.java,M,5,25,663,0.8522,0.0321,777,egonw,3,0.0000,0.0000,0.0000,0,3
1018,805,JaguarReader.java,M,11,6,749,0.9894,0.0079,756,egonw,0,0.0000,0.0000,0.0000,0,0
1018,823,JaguarReader.java,M,9,6,749,0.9894,0.0079,756,egonw,8,0.2500,1.0000,0.0000,2,6
1018,824,JaguarReader.java,M,9,6,749,0.9894,0.0079,756,egonw,8,0.2500,1.0000,0.0000,2,6
1018,825,JaguarReader.java,M,9,5,750,0.9908,0.0066,756,egonw,8,0.2500,1.0000,0.0000,2,6
1018,997,DisplayPanel.java,M,5,2,276,0.4299,0.0031,641,egonw,6,0.4715,1.0000,0.0000,3,3
1018,1030,JaguarReader.java,M,7,3,543,0.9927,0.0055,546,egonw,3,0.0000,0.0000,0.0000,0,3
1018,1066,AtomVectorShape.java,M,5,4,501,0.9882,0.0079,506,egonw,7,0.1292,0.9046,0.0000,1,6
1018,1074,ReaderFactory.java,M,6,3,499,0.9920,0.0060,502,egonw,6,0.4715,1.0000,0.0000,3,3
1018,1097,PDBReader.java,M,5,3,441,0.9888,0.0067,445,egonw,2,0.6583,0.7587,0.5579,2,0
1018,1098,PDBReader.java,M,5,3,440,0.9865,0.0067,445,egonw,2,0.7466,0.7587,0.7344,2,0
1018,1143,PreferenceChangeEvent.java,M,6,1,437,0.9932,0.0023,439,egonw,11,0.3636,1.0000,0.0000,4,7
1018,1144,PreferencesDialog.java,M,5,11,427,0.9705,0.0250,439,egonw,2,0.4829,0.9658,0.0000,1,1
1018,1145,Preferences.java,M,5,2,437,0.9932,0.0045,439,egonw,2,0.9844,0.9998,0.9690,2,0
1018,1146,JmolResourceHandler.java,M,5,4,435,0.9886,0.0091,439,egonw,5,0.2000,1.0000,0.0000,1,4
1018,1148,PreferencesDialog.java,M,5,1,437,0.9932,0.0023,439,egonw,2,0.4829,0.9658,0.0000,1,1
1018,1154,PreferencesDialog.java,M,6,11,427,0.9705,0.0250,439,egonw,1,0.9996,0.9996,0.9996,1,0
1018,1157,PreferencesDialog.java,M,6,10,428,0.9727,0.0227,439,egonw,5,0.1945,0.9727,0.0000,1,4
1018,1158,PreferencesDialog.java,M,6,12,426,0.9682,0.0273,439,egonw,0,0.0000,0.0000,0.0000,0,0
1018,1159,PreferencesDialog.java,M,6,10,428,0.9727,0.0227,439,egonw,2,0.9691,0.9692,0.9690,2,0
1018,1160,PreferencesDialog.java,M,6,11,427,0.9705,0.0250,439,egonw,2,0.0150,0.0300,0.0000,0,2
1018,1173,PreferencesDialog.java,M,5,14,424,0.9636,0.0318,439,egonw,5,0.1945,0.9727,0.0000,1,4
1018,1174,PreferencesDialog.java,M,5,14,424,0.9636,0.0318,439,egonw,9,0.3319,0.9966,0.0000,3,6
1018,1175,PreferencesDialog.java,M,5,12,424,0.9636,0.0273,439,egonw,9,0.3327,1.0000,0.0000,3,6
1018,1176,PreferencesDialog.java,M,6,10,426,0.9682,0.0227,439,egonw,0,0.0000,0.0000,0.0000,0,0
1018,1178,PreferencesDialog.java,M,5,5,217,0.4932,0.0114,439,egonw,9,0.3323,0.9986,0.0000,3,6
1018,1188,CrystalBox.java,M,6,2,429,0.9954,0.0046,430,egonw,11,0.3636,1.0000,0.0000,4,7
1018,1199,ShelXReader.java,M,5,1,422,0.9929,0.0024,424,egonw,20,0.1400,0.9601,0.0000,3,17
1018,1200,PropertyGraph.java,M,5,2,418,0.9929,0.0048,420,egonw,8,0.0000,0.0000,0.0000,0,8
1018,1204,ReaderFactory.java,M,5,1,415,0.9952,0.0024,416,egonw,6,0.4649,1.0000,0.0000,3,3
1018,1205,ReaderFactory.java,M,5,2,289,0.6930,0.0048,416,egonw,6,0.4649,1.0000,0.0000,3,3
1018,1214,ABINITOutputReader.java,M,6,2,401,0.9901,0.0049,404,egonw,6,0.1668,1.0000,0.0002,1,5
1018,1215,ABINITOutputReader.java,M,6,2,401,0.9901,0.0049,404,egonw,6,0.1668,1.0000,0.0002,1,5
1018,1218,ABINITOutputReader.java,M,5,3,400,0.9877,0.0074,404,egonw,1,0.0002,0.0002,0.0002,0,1
1018,1222,ABINITOutputReader.java,M,6,1,402,0.9926,0.0025,404,egonw,5,0.0000,0.0000,0.0000,0,5
1018,1241,EnergyBand.java,M,5,2,399,0.9925,0.0050,401,egonw,4,0.2500,0.9998,0.0000,1,3
1018,1242,EnergyBand.java,M,5,3,398,0.9900,0.0075,401,egonw,4,0.2500,0.9998,0.0000,1,3
1018,1269,MakeCrystal.java,M,5,2,344,0.9885,0.0057,347,egonw,5,0.2035,1.0000,0.0000,1,4
1018,1276,JmolCDO.java,M,5,1,345,0.9971,0.0029,345,egonw,9,0.0520,0.4681,0.0000,0,8
1018,1280,JmolCDO.java,M,11,3,343,0.9913,0.0087,345,egonw,6,0.1668,0.7350,0.0000,1,4
1018,1282,JmolCDO.java,M,11,2,344,0.9942,0.0058,345,egonw,6,0.1226,0.7350,0.0000,1,5
1018,1310,DisplayControl.java,M,8,34,244,0.8385,0.1168,290,egonw,5,0.0896,0.2639,0.0000,0,4
1018,1373,FormatedText.java,M,6,1,242,0.9918,0.0041,243,egonw,11,0.3636,1.0000,0.0000,4,7
1018,1380,MathUtil.java,M,13,1,242,0.9918,0.0041,243,egonw,8,0.0000,0.0000,0.0000,0,8
1018,1382,FieldReader.java,M,6,1,242,0.9918,0.0041,243,egonw,5,0.4000,1.0000,0.0000,2,3
1018,1383,FieldReader.java,M,6,1,242,0.9918,0.0041,243,egonw,5,0.4000,1.0000,0.0000,2,3
1018,1384,FieldReader.java,M,6,1,242,0.9918,0.0041,243,egonw,5,0.4000,1.0000,0.0000,2,3
1018,1385,FieldReader.java,M,15,1,242,0.9918,0.0041,243,egonw,9,0.2190,1.0000,0.0000,2,7
1018,1386,FieldReader.java,M,15,1,242,0.9918,0.0041,243,egonw,9,0.2190,1.0000,0.0000,2,7
1018,1387,FieldReader.java,M,12,1,242,0.9918,0.0041,243,egonw,1,1.0000,1.0000,1.0000,1,0
1018,1388,FieldReader.java,M,12,1,242,0.9918,0.0041,243,egonw,1,1.0000,1.0000,1.0000,1,0
1018,1391,BandPlot.java,M,9,1,240,0.9877,0.0041,242,egonw,3,0.0000,0.0000,0.0000,0,3
1018,1393,BandPlot.java,M,9,1,240,0.9877,0.0041,242,egonw,4,0.2280,0.9121,0.0000,1,3
1018,1395,BandPlot.java,M,8,1,240,0.9877,0.0041,242,egonw,3,0.0000,0.0000,0.0000,0,3
1018,1397,BandPlotEPSRenderer.java,M,11,1,240,0.9877,0.0041,242,egonw,4,0.4762,1.0000,0.0000,2,2
1018,1398,BandPlotG2DRenderer.java,M,11,1,240,0.9877,0.0041,242,egonw,4,0.4762,1.0000,0.0000,2,2
1018,1399,BandPlotEPSRenderer.java,M,6,1,240,0.9877,0.0041,242,egonw,1,1.0000,1.0000,1.0000,1,0
1018,1400,BandPlotG2DRenderer.java,M,6,1,240,0.9877,0.0041,242,egonw,1,1.0000,1.0000,1.0000,1,0
1018,1401,BandPlotRenderer.java,M,21,1,240,0.9877,0.0041,242,egonw,5,0.0000,0.0000,0.0000,0,5
1018,1405,TransformDialog.java,M,11,1,238,0.9876,0.0041,240,egonw,5,0.0000,0.0000,0.0000,0,5
1018,1406,TransformDialog.java,M,9,1,238,0.9876,0.0041,240,egonw,5,0.2000,1.0000,0.0000,1,4
1018,1407,TransformDialog.java,M,5,2,237,0.9834,0.0083,240,egonw,5,0.2035,1.0000,0.0000,1,4
1018,1408,BandPlotEPSRenderer.java,M,8,1,236,0.9916,0.0042,237,egonw,3,0.0000,0.0000,0.0000,0,3
1018,1411,ScriptException.java,M,6,1,236,0.9916,0.0042,237,egonw,9,0.0000,0.0000,0.0000,0,9
1018,1414,MouseManager.java,M,5,3,234,0.9832,0.0126,237,egonw,0,0.0000,0.0000,0.0000,0,0
1018,1435,PreferencesDialog.java,M,5,6,212,0.9636,0.0273,219,egonw,9,0.3328,1.0000,0.0000,3,6
1018,1476,PreferencesDialog.java,M,5,4,183,0.9683,0.0212,188,egonw,9,0.2157,0.9709,0.0000,2,7
1018,1532,DisplayPanel.java,M,5,3,111,0.9652,0.0261,114,egonw,6,0.4711,0.9705,0.0000,3,3
1018,1540,MakeCrystal.java,M,6,1,91,0.9891,0.0109,91,egonw,11,0.3636,1.0000,0.0000,4,7
1018,1543,ScriptWindow.java,M,6,3,83,0.9432,0.0341,87,egonw,6,0.4430,0.9213,0.0000,3,3
1018,1546,ScriptWindow.java,M,8,3,84,0.9545,0.0341,87,egonw,2,0.4649,0.9298,0.0000,1,1
1018,1548,ScriptWindow.java,M,8,4,83,0.9432,0.0455,87,egonw,2,0.4649,0.9298,0.0000,1,1
1018,1553,ScriptWindow.java,M,6,2,81,0.9759,0.0241,82,egonw,6,0.4606,0.9213,0.0000,3,3
1018,1565,Mopac97Reader.java,M,7,2,33,0.9429,0.0571,34,egonw,2,0.1325,0.2650,0.0000,0,1
1018,1571,ConsoleTextArea.java,M,5,1,0,0.0000,1.0000,0,egonw,9,0.0000,0.0000,0.0000,0,9
1076,76,Aces2Reader.java,M,37,4,1069,0.9944,0.0037,1074,egonw,8,0.7500,1.0000,0.0000,6,2
1076,77,GamessReader.java,M,37,6,1067,0.9926,0.0056,1074,egonw,8,0.7500,1.0000,0.0000,6,2
1076,78,ADFReader.java,M,37,4,1069,0.9944,0.0037,1074,egonw,8,0.7500,1.0000,0.0000,6,2
1076,79,Gaussian94Reader.java,M,37,6,1067,0.9926,0.0056,1074,egonw,8,0.7500,1.0000,0.0000,6,2
1076,80,Gaussian98Reader.java,M,37,7,1066,0.9916,0.0065,1074,egonw,8,0.7500,1.0000,0.0000,6,2
1076,81,Gaussian92Reader.java,M,37,4,1069,0.9944,0.0037,1074,egonw,8,0.7500,1.0000,0.0000,6,2
1076,82,Aces2Reader.java,M,5,5,1068,0.9935,0.0047,1074,egonw,9,0.7475,1.0000,0.0000,7,2
1076,83,Aces2Reader.java,M,5,6,1067,0.9926,0.0056,1074,egonw,9,0.7475,1.0000,0.0000,7,2
1076,99,ADFReader.java,M,5,6,1067,0.9926,0.0056,1074,egonw,9,0.7475,1.0000,0.0000,7,2
1076,239,GamessReader.java,M,8,5,1068,0.9935,0.0047,1074,egonw,9,0.7094,1.0000,0.0000,7,2
1076,245,Gaussian92Reader.java,M,5,6,1067,0.9926,0.0056,1074,egonw,9,0.7475,1.0000,0.0000,7,2
1076,247,Gaussian94Reader.java,M,5,6,1067,0.9926,0.0056,1074,egonw,9,0.7475,1.0000,0.0000,7,2
1076,802,Gaussian90Reader.java,M,37,4,809,0.9926,0.0049,814,egonw,8,0.7500,1.0000,0.0000,6,2
1076,803,DaltonReader.java,M,5,5,808,0.9914,0.0061,814,egonw,9,0.7475,1.0000,0.0000,7,2
1076,804,Gaussian90Reader.java,M,5,6,807,0.9902,0.0074,814,egonw,9,0.7475,1.0000,0.0000,7,2
1076,805,JaguarReader.java,M,11,7,806,0.9890,0.0086,814,egonw,0,0.0000,0.0000,0.0000,0,0
1076,806,Gaussian90Reader.java,M,8,4,809,0.9926,0.0049,814,egonw,9,0.7094,1.0000,0.0000,7,2
1076,900,Gaussian98Reader.java,M,8,3,738,0.9946,0.0040,741,egonw,9,0.7094,1.0000,0.0000,7,2
1076,1020,GhemicalMMReader.java,M,6,2,622,0.9936,0.0032,625,egonw,1,1.0000,1.0000,1.0000,1,0
1076,1021,MdlReader.java,M,6,2,623,0.9952,0.0032,625,egonw,1,1.0000,1.0000,1.0000,1,0
1076,1028,Mopac7Reader.java,M,37,2,601,0.9934,0.0033,604,egonw,1,1.0000,1.0000,1.0000,1,0
1076,1029,Mopac97Reader.java,M,37,3,600,0.9917,0.0050,604,egonw,1,1.0000,1.0000,1.0000,1,0
1076,1144,PreferencesDialog.java,M,5,12,484,0.9719,0.0241,497,egonw,2,0.0743,0.1485,0.0000,0,2
1076,1154,PreferencesDialog.java,M,6,12,484,0.9719,0.0241,497,egonw,1,0.9999,0.9999,0.9999,1,0
1076,1155,PreferencesDialog.java,M,6,11,485,0.9739,0.0221,497,egonw,2,0.4247,0.8494,0.0000,1,1
1076,1157,PreferencesDialog.java,M,6,11,485,0.9739,0.0221,497,egonw,5,0.1992,0.9958,0.0000,1,4
1076,1158,PreferencesDialog.java,M,6,13,483,0.9699,0.0261,497,egonw,0,0.0000,0.0000,0.0000,0,0
1076,1159,PreferencesDialog.java,M,6,11,485,0.9739,0.0221,497,egonw,2,0.1486,0.1486,0.1486,0,2
1076,1160,PreferencesDialog.java,M,6,12,484,0.9719,0.0241,497,egonw,2,0.4247,0.8494,0.0000,1,1
1076,1162,PreferencesDialog.java,M,7,10,486,0.9759,0.0201,497,egonw,1,0.0009,0.0009,0.0009,0,1
1076,1173,PreferencesDialog.java,M,5,15,481,0.9659,0.0301,497,egonw,5,0.1992,0.9958,0.0000,1,4
1076,1174,PreferencesDialog.java,M,5,15,481,0.9659,0.0301,497,egonw,9,0.7095,0.9995,0.0000,7,2
1076,1175,PreferencesDialog.java,M,5,13,481,0.9659,0.0261,497,egonw,9,0.7098,1.0000,0.0000,7,2
1076,1176,PreferencesDialog.java,M,6,11,483,0.9699,0.0221,497,egonw,0,0.0000,0.0000,0.0000,0,0
1076,1178,PreferencesDialog.java,M,5,6,274,0.5502,0.0120,497,egonw,9,0.7098,0.9998,0.0000,7,2
1076,1186,VectorShape.java,M,5,3,483,0.9877,0.0061,488,egonw,7,0.0000,0.0000,0.0000,0,7
1076,1204,ReaderFactory.java,M,5,2,472,0.9937,0.0042,474,egonw,6,0.2156,1.0000,0.0000,1,5
1076,1205,ReaderFactory.java,M,5,3,346,0.7284,0.0063,474,egonw,6,0.2156,1.0000,0.0000,1,5
1076,1231,ABINITReader.java,M,5,2,459,0.9935,0.0043,461,egonw,2,0.0000,0.0000,0.0000,0,2
1076,1278,JmolCDO.java,M,28,1,403,0.9975,0.0025,403,egonw,7,0.2733,0.9681,0.0000,2,5
1076,1292,DisplayControl.java,M,5,40,323,0.8777,0.1087,367,egonw,8,0.4784,0.9802,0.0000,4,4
1076,1363,DisplayControl.java,M,8,31,267,0.8585,0.0997,310,egonw,5,0.1758,0.8355,0.0000,1,4
1076,1364,DisplayControl.java,M,7,22,265,0.8521,0.0707,310,egonw,5,0.0120,0.0330,0.0000,0,5
1076,1419,Compiler.java,M,8,4,291,0.9831,0.0135,295,egonw,0,0.0000,0.0000,0.0000,0,0
1076,1428,DisplayControl.java,M,5,24,235,0.8217,0.0839,285,egonw,8,0.4824,0.9915,0.0000,4,4
1076,1431,Eval.java,M,5,14,269,0.9505,0.0495,282,egonw,2,0.0000,0.0000,0.0000,0,2
1076,1435,PreferencesDialog.java,M,5,7,269,0.9676,0.0252,277,egonw,9,0.7099,1.0000,0.0000,7,2
1076,1449,ModelManager.java,M,5,6,262,0.9740,0.0223,268,egonw,8,0.4767,0.9802,0.0000,4,4
1076,1476,PreferencesDialog.java,M,5,5,240,0.9717,0.0202,246,egonw,9,0.0330,0.1486,0.0000,0,9
1076,1477,Distributor.java,M,7,2,242,0.9878,0.0082,244,egonw,6,0.0000,0.0000,0.0000,0,6
1076,1478,Distributor.java,M,5,5,239,0.9755,0.0204,244,egonw,20,0.0000,0.0000,0.0000,0,20
1076,1487,Distributor.java,M,6,2,232,0.9872,0.0085,234,egonw,4,0.4908,1.0000,0.0000,2,2
1076,1488,Distributor.java,M,6,2,231,0.9830,0.0085,234,egonw,4,0.4908,1.0000,0.0000,2,2
1076,1493,Eval.java,M,6,13,221,0.9404,0.0553,234,egonw,2,0.0000,0.0000,0.0000,0,2
1076,1496,DisplayControl.java,M,5,10,221,0.9485,0.0429,232,egonw,8,0.4849,0.9937,0.0000,4,4
1076,1499,DisplayControl.java,M,5,10,218,0.9437,0.0433,230,egonw,8,0.4855,0.9937,0.0000,4,4
1076,1503,ChemFrameRenderer.java,M,5,1,230,0.9957,0.0043,230,egonw,1,0.9287,0.9287,0.9287,1,0
1076,1504,ChemFrameRenderer.java,M,5,3,228,0.9870,0.0130,230,egonw,1,0.9287,0.9287,0.9287,1,0
1076,1505,Eval.java,M,6,9,220,0.9607,0.0393,228,egonw,2,0.0000,0.0000,0.0000,0,2
1076,1509,Eval.java,M,11,11,216,0.9432,0.0480,228,egonw,4,0.4816,0.9631,0.0000,2,2
1076,1512,Eval.java,M,9,7,220,0.9692,0.0308,226,egonw,7,0.2817,0.9725,0.0000,2,5
1076,1520,Eval.java,M,9,8,212,0.9636,0.0364,219,egonw,7,0.2816,0.9725,0.0000,2,5
1076,1526,Eval.java,M,6,5,206,0.9763,0.0237,210,egonw,4,0.0000,0.0000,0.0000,0,4
1076,1551,Eval.java,M,7,4,139,0.9720,0.0280,142,egonw,6,0.0000,0.0000,0.0000,0,6
1076,1567,Convertor.java,M,14,2,91,0.9785,0.0215,92,egonw,1,0.8779,0.8779,0.8779,1,0
1076,1568,Convertor.java,M,14,2,91,0.9785,0.0215,92,egonw,1,0.8779,0.8779,0.8779,1,0
1076,1572,Aces2Reader.java,M,8,1,58,0.9831,0.0169,58,egonw,9,0.7114,1.0000,0.0000,7,2
1111,236,Jmol.java,M,6,35,917,0.8261,0.0315,1109,michaelthoward,1,0.0000,0.0000,0.0000,0,1
1111,269,Jmol.java,M,6,20,1087,0.9793,0.0180,1109,michaelthoward,7,0.0000,0.0000,0.0000,0,7
1111,270,Jmol.java,M,5,9,880,0.7928,0.0081,1109,michaelthoward,5,0.0000,0.0000,0.0000,0,5
1111,275,Jmol.java,M,5,40,971,0.8748,0.0360,1109,michaelthoward,9,0.1112,1.0000,0.0000,1,8
1111,523,Jmol.java,M,6,17,900,0.8341,0.0158,1078,michaelthoward,2,0.4983,0.9966,0.0000,1,1
1111,639,ChemFrame.java,M,5,38,1034,0.9646,0.0354,1071,michaelthoward,9,0.1884,0.2363,0.0000,0,2
1111,791,DisplayPanel.java,M,5,20,653,0.7497,0.0230,870,michaelthoward,6,0.1855,0.9937,0.0000,1,5
1111,1005,Atom.java,M,5,9,348,0.5163,0.0134,673,michaelthoward,0,0.0000,0.0000,0.0000,0,0
1111,1040,Jmol.java,M,6,17,617,0.9701,0.0267,635,michaelthoward,2,0.4983,0.9966,0.0000,1,1
1111,1074,ReaderFactory.java,M,6,4,591,0.9916,0.0067,595,michaelthoward,6,0.1849,0.9937,0.0000,1,5
1111,1141,PreferencesDialog.java,M,11,10,521,0.9775,0.0188,532,michaelthoward,4,0.0000,0.0000,0.0000,0,4
1111,1144,PreferencesDialog.java,M,5,13,518,0.9719,0.0244,532,michaelthoward,1,0.0435,0.0435,0.0435,0,1
1111,1154,PreferencesDialog.java,M,6,13,518,0.9719,0.0244,532,michaelthoward,1,1.0000,1.0000,1.0000,1,0
1111,1156,PreferencesDialog.java,M,7,8,523,0.9812,0.0150,532,michaelthoward,4,0.7083,0.7084,0.7083,4,0
1111,1162,PreferencesDialog.java,M,7,11,520,0.9756,0.0206,532,michaelthoward,1,0.7399,0.7399,0.7399,1,0
1111,1164,PreferencesDialog.java,M,6,9,522,0.9794,0.0169,532,michaelthoward,1,1.0000,1.0000,1.0000,1,0
1111,1168,PreferencesDialog.java,M,7,8,523,0.9812,0.0150,532,michaelthoward,4,0.9269,1.0000,0.7083,4,0
1111,1169,PreferencesDialog.java,M,7,11,520,0.9756,0.0206,532,michaelthoward,4,0.9269,0.9998,0.7084,4,0
1111,1170,PreferencesDialog.java,M,7,11,520,0.9756,0.0206,532,michaelthoward,4,0.9268,0.9998,0.7083,4,0
1111,1171,PreferencesDialog.java,M,7,9,522,0.9794,0.0169,532,michaelthoward,4,0.9269,1.0000,0.7083,4,0
1111,1172,PreferencesDialog.java,M,7,7,524,0.9831,0.0131,532,michaelthoward,1,0.7399,0.7399,0.7399,1,0
1111,1173,PreferencesDialog.java,M,5,16,515,0.9662,0.0300,532,michaelthoward,5,0.0583,0.2916,0.0000,0,4
1111,1174,PreferencesDialog.java,M,5,16,515,0.9662,0.0300,532,michaelthoward,9,0.2861,0.9998,0.0000,1,2
1111,1204,ReaderFactory.java,M,5,3,506,0.9922,0.0059,509,michaelthoward,6,0.1811,1.0000,0.0000,1,5
1111,1205,ReaderFactory.java,M,5,4,380,0.7451,0.0078,509,michaelthoward,6,0.1811,1.0000,0.0000,1,5
1111,1292,DisplayControl.java,M,5,41,357,0.8859,0.1017,402,michaelthoward,8,0.3122,0.9866,0.0000,2,4
1111,1363,DisplayControl.java,M,8,32,301,0.8699,0.0925,345,michaelthoward,7,0.3441,0.9489,0.0000,3,4
1111,1364,DisplayControl.java,M,7,23,299,0.8642,0.0665,345,michaelthoward,5,0.4325,0.7271,0.0000,3,2
1111,1365,DisplayControl.java,M,7,13,237,0.6850,0.0376,345,michaelthoward,5,0.5382,0.9821,0.0000,3,2
1111,1428,DisplayControl.java,M,5,25,269,0.8380,0.0779,320,michaelthoward,8,0.3141,0.9977,0.0000,2,4
1111,1429,JmolApplet.java,M,7,8,312,0.9720,0.0249,320,michaelthoward,1,0.0000,0.0000,0.0000,0,1
1111,1430,JmolApplet.java,M,8,6,314,0.9782,0.0187,320,michaelthoward,0,0.0000,0.0000,0.0000,0,0
1111,1431,Eval.java,M,5,15,303,0.9528,0.0472,317,michaelthoward,2,0.0000,0.0000,0.0000,0,2
1111,1432,Eval.java,M,18,16,300,0.9494,0.0506,315,michaelthoward,5,0.5398,0.9995,0.0000,3,2
1111,1433,Eval.java,M,18,12,300,0.9494,0.0380,315,michaelthoward,5,0.5398,0.9995,0.0000,3,2
1111,1451,DisplayControl.java,M,8,19,285,0.9375,0.0625,303,michaelthoward,7,0.3463,0.9909,0.0000,3,4
1111,1452,DisplayControl.java,M,8,17,287,0.9441,0.0559,303,michaelthoward,7,0.3447,0.9909,0.0000,3,4
1111,1476,PreferencesDialog.java,M,5,6,274,0.9716,0.0213,281,michaelthoward,9,0.0876,0.7013,0.0000,1,8
1111,1491,Eval.java,M,10,13,257,0.9519,0.0481,269,michaelthoward,1,0.0000,0.0000,0.0000,0,1
1111,1493,Eval.java,M,6,14,255,0.9444,0.0519,269,michaelthoward,3,0.0000,0.0000,0.0000,0,3
1111,1499,DisplayControl.java,M,5,11,252,0.9474,0.0414,265,michaelthoward,8,0.3146,0.9977,0.0000,2,4
1111,1505,Eval.java,M,6,10,254,0.9621,0.0379,263,michaelthoward,2,0.0000,0.0000,0.0000,0,2
1111,1507,Eval.java,M,11,11,253,0.9583,0.0417,263,michaelthoward,9,0.0779,0.7013,0.0000,1,8
1111,1509,Eval.java,M,11,12,250,0.9470,0.0455,263,michaelthoward,4,0.1283,0.2567,0.0000,0,2
1111,1512,Eval.java,M,9,8,254,0.9695,0.0305,261,michaelthoward,7,0.2839,0.9926,0.0000,2,4
1111,1513,Eval.java,M,9,10,252,0.9618,0.0382,261,michaelthoward,7,0.2117,0.7443,0.0000,2,5
1111,1519,Token.java,M,5,3,252,0.9844,0.0117,255,michaelthoward,1,0.0000,0.0000,0.0000,0,1
1111,1520,Eval.java,M,9,9,246,0.9647,0.0353,254,michaelthoward,7,0.2846,0.9926,0.0000,2,4
1111,1526,Eval.java,M,6,6,240,0.9756,0.0244,245,michaelthoward,4,0.0000,0.0000,0.0000,0,4
1111,1530,JmolApplet.java,M,6,5,203,0.9713,0.0239,208,michaelthoward,1,0.0237,0.0237,0.0237,0,1
1111,1535,Jmol.java,M,5,2,196,0.9899,0.0101,197,michaelthoward,9,0.1111,1.0000,0.0000,1,8
1111,1539,PreferencesDialog.java,M,9,1,197,0.9949,0.0051,197,michaelthoward,2,0.0000,0.0000,0.0000,0,2
1111,1551,Eval.java,M,7,5,173,0.9719,0.0281,177,michaelthoward,6,0.0000,0.0000,0.0000,0,6
1111,1599,Eval.java,M,25,1,0,0.0000,1.0000,0,michaelthoward,1,1.0000,1.0000,1.0000,1,0
1111,1600,Eval.java,M,25,1,0,0.0000,1.0000,0,michaelthoward,1,1.0000,1.0000,1.0000,1,0
1112,108,Angle.java,M,8,6,1103,0.9928,0.0054,1110,michaelthoward,1,0.0000,0.0000,0.0000,0,1
1112,1297,Dihedral.java,M,15,4,394,0.9875,0.0100,398,michaelthoward,4,0.2493,0.9972,0.0000,1,3
1112,1298,Angle.java,M,15,6,392,0.9825,0.0150,398,michaelthoward,4,0.2493,0.9972,0.0000,1,3
1112,1299,Dihedral.java,M,15,6,392,0.9825,0.0150,398,michaelthoward,3,0.0000,0.0000,0.0000,0,3
1112,1348,BondRenderer.java,M,5,6,344,0.9801,0.0171,350,michaelthoward,6,0.6669,1.0000,0.0010,4,2
1112,1351,BondRenderer.java,M,9,8,342,0.9744,0.0228,350,michaelthoward,0,0.0000,0.0000,0.0000,0,0
1112,1354,BondRenderer.java,M,5,8,342,0.9744,0.0228,350,michaelthoward,6,0.6669,1.0000,0.0010,4,2
1112,1355,BondRenderer.java,M,5,10,340,0.9687,0.0285,350,michaelthoward,6,0.6666,0.9993,0.0010,4,2
1112,1357,BondRenderer.java,M,5,7,343,0.9772,0.0199,350,michaelthoward,6,0.6667,0.9997,0.0008,4,2
1112,1482,BondRenderer.java,M,5,5,272,0.9819,0.0181,276,michaelthoward,1,0.0000,0.0000,0.0000,0,1
1112,1489,AtomRenderer.java,M,9,2,269,0.9926,0.0074,270,michaelthoward,3,0.0000,0.0000,0.0000,0,3
1112,1490,BondRenderer.java,M,8,2,269,0.9926,0.0074,270,michaelthoward,1,0.0000,0.0000,0.0000,0,1
1112,1503,ChemFrameRenderer.java,M,5,2,265,0.9925,0.0075,266,michaelthoward,1,0.9809,0.9809,0.9809,1,0
1112,1504,ChemFrameRenderer.java,M,5,4,263,0.9850,0.0150,266,michaelthoward,1,0.9809,0.9809,0.9809,1,0
1112,1609,BondRenderer.java,M,10,1,0,0.0000,1.0000,0,michaelthoward,2,0.0000,0.0000,0.0000,0,2
1117,791,DisplayPanel.java,M,5,21,658,0.7503,0.0239,876,michaelthoward,4,0.2633,0.5577,0.0000,1,2
1117,792,DisplayPanel.java,M,5,26,850,0.9692,0.0296,876,michaelthoward,1,0.0000,0.0000,0.0000,0,1
1117,793,DisplayPanel.java,M,5,26,761,0.8677,0.0296,876,michaelthoward,3,0.0000,0.0000,0.0000,0,3
1117,1292,DisplayControl.java,M,5,42,362,0.8851,0.1027,408,michaelthoward,8,0.3413,0.9928,0.0000,3,5
1117,1365,DisplayControl.java,M,7,14,242,0.6875,0.0398,351,michaelthoward,5,0.3516,0.8532,0.0000,1,2
1117,1409,DisplayControl.java,M,5,10,299,0.8872,0.0297,336,michaelthoward,5,0.0009,0.0044,0.0000,0,5
1117,1428,DisplayControl.java,M,5,26,274,0.8379,0.0795,326,michaelthoward,8,0.3424,0.9988,0.0000,3,5
1117,1451,DisplayControl.java,M,8,20,290,0.9355,0.0645,309,michaelthoward,7,0.3194,0.9958,0.0000,2,4
1117,1452,DisplayControl.java,M,8,18,292,0.9419,0.0581,309,michaelthoward,7,0.3185,0.9958,0.0000,2,4
1117,1496,DisplayControl.java,M,5,11,260,0.9489,0.0401,273,michaelthoward,8,0.2567,0.6107,0.0000,3,4
1117,1532,DisplayPanel.java,M,5,4,209,0.9766,0.0187,213,michaelthoward,4,0.1584,0.5577,0.0000,1,3
1117,1612,Graphics25D.java,M,5,1,0,0.0000,1.0000,0,michaelthoward,4,0.0000,0.0000,0.0000,0,4
1123,1113,CrystalPropertiesDialog.java,M,9,5,539,0.9818,0.0091,548,fdortu,5,0.2000,1.0000,0.0000,1,4
1123,1132,CrystalPropertiesDialog.java,M,7,9,537,0.9781,0.0164,548,fdortu,5,0.0000,0.0000,0.0000,0,5
1123,1133,CrystalPropertiesDialog.java,M,8,7,539,0.9818,0.0128,548,fdortu,1,0.0000,0.0000,0.0000,0,1
1123,1270,CrystalPropertiesDialog.java,M,11,2,448,0.9912,0.0044,451,fdortu,5,0.0000,0.0000,0.0000,0,5
1123,1271,CrystalPropertiesDialog.java,M,9,2,448,0.9912,0.0044,451,fdortu,5,0.2000,1.0000,0.0000,1,4
1123,1272,CrystalPropertiesDialog.java,M,5,2,448,0.9912,0.0044,451,fdortu,5,0.0000,0.0000,0.0000,0,5
1123,1273,CrystalPropertiesDialog.java,M,5,3,447,0.9889,0.0066,451,fdortu,8,0.0001,0.0004,0.0000,0,8
1123,1615,CrystalFile.java,M,14,1,0,0.0000,1.0000,0,fdortu,4,0.2500,1.0000,0.0000,1,3
1123,1616,CrystalFile.java,M,14,1,0,0.0000,1.0000,0,fdortu,4,0.2500,1.0000,0.0000,1,3
1131,1489,AtomRenderer.java,M,9,3,287,0.9897,0.0103,289,michaelthoward,3,0.0000,0.0000,0.0000,0,3
1131,1490,BondRenderer.java,M,8,3,287,0.9897,0.0103,289,michaelthoward,1,0.0000,0.0000,0.0000,0,1
1131,1611,SphereG2D.java,M,17,1,18,0.9000,0.0500,19,michaelthoward,2,0.0000,0.0000,0.0000,0,2
1131,1617,Graphics25D.java,M,8,1,0,0.0000,1.0000,0,michaelthoward,2,0.0000,0.0000,0.0000,0,2
1131,1621,Swing25D.java,M,7,1,0,0.0000,1.0000,0,michaelthoward,4,0.0000,0.0000,0.0000,0,4
1132,1428,DisplayControl.java,M,5,27,288,0.8421,0.0789,341,michaelthoward,8,0.2508,0.7744,0.0000,3,5
1132,1496,DisplayControl.java,M,5,12,274,0.9481,0.0415,288,michaelthoward,8,0.1977,0.7744,0.0000,1,5
1132,1517,Token.java,M,5,1,264,0.9531,0.0036,276,michaelthoward,1,0.6522,0.6522,0.6522,1,0
1132,1519,Token.java,M,5,4,272,0.9819,0.0144,276,michaelthoward,1,0.6522,0.6522,0.6522,1,0
1132,1613,Graphics25D.java,M,19,1,10,0.7692,0.0769,12,michaelthoward,0,0.0000,0.0000,0.0000,0,0
1132,1614,Graphics25D.java,M,8,1,10,0.7692,0.0769,12,michaelthoward,2,0.0000,0.0000,0.0000,0,2
1132,1617,Graphics25D.java,M,8,2,0,0.0000,1.0000,1,michaelthoward,2,0.2537,0.5075,0.0000,1,1
1132,1618,Graphics25D.java,M,8,1,1,0.5000,0.5000,1,michaelthoward,2,0.2537,0.5075,0.0000,1,1
1133,1304,NonJavaSort.java,M,12,2,406,0.9927,0.0049,408,michaelthoward,4,0.2500,1.0000,0.0000,1,3
1133,1305,UseJavaSort.java,M,12,2,406,0.9927,0.0049,408,michaelthoward,4,0.2500,1.0000,0.0000,1,3
1133,1445,TransformManager.java,M,5,4,326,0.9849,0.0121,330,michaelthoward,0,0.0000,0.0000,0.0000,0,0
1133,1446,TransformManager.java,M,8,3,327,0.9879,0.0091,330,michaelthoward,0,0.0000,0.0000,0.0000,0,0
1133,1497,Axes.java,M,7,1,288,0.9931,0.0034,289,michaelthoward,4,0.5000,1.0000,0.0000,2,2
1133,1498,Axes.java,M,7,1,288,0.9931,0.0034,289,michaelthoward,4,0.5000,1.0000,0.0000,2,2
1133,1502,BoundingBox.java,M,7,1,286,0.9931,0.0035,287,michaelthoward,4,0.5000,1.0000,0.0000,2,2
1133,1574,LineShape.java,M,11,1,57,0.9828,0.0172,57,michaelthoward,0,0.0000,0.0000,0.0000,0,0
1133,1575,VectorShape.java,M,11,1,56,0.9655,0.0172,57,michaelthoward,0,0.0000,0.0000,0.0000,0,0
1133,1605,JmolPopupAwt.java,M,5,1,20,0.8696,0.0435,22,michaelthoward,1,0.0000,0.0000,0.0000,0,1
1140,1489,AtomRenderer.java,M,9,4,295,0.9866,0.0134,298,michaelthoward,3,0.0000,0.0000,0.0000,0,3
1140,1613,Graphics25D.java,M,19,2,17,0.8095,0.0952,20,michaelthoward,0,0.0000,0.0000,0.0000,0,0
1140,1614,Graphics25D.java,M,8,2,17,0.8095,0.0952,20,michaelthoward,2,0.0000,0.0000,0.0000,0,2
1140,1623,Graphics25D.java,M,7,1,0,0.0000,1.0000,0,michaelthoward,7,0.1429,1.0000,0.0000,1,6
1140,1624,Graphics25D.java,M,7,1,0,0.0000,1.0000,0,michaelthoward,7,0.1429,1.0000,0.0000,1,6
1140,1625,Graphics25D.java,M,20,1,0,0.0000,1.0000,0,michaelthoward,3,0.3333,1.0000,0.0000,1,2
1140,1626,Graphics25D.java,M,20,1,0,0.0000,1.0000,0,michaelthoward,3,0.3333,1.0000,0.0000,1,2
1141,1617,Graphics25D.java,M,8,3,8,0.7273,0.2727,10,michaelthoward,2,0.3521,0.7042,0.0000,1,1
1141,1618,Graphics25D.java,M,8,2,9,0.8182,0.1818,10,michaelthoward,2,0.3521,0.7042,0.0000,1,1
1141,1622,Graphics25D.java,M,7,1,1,0.5000,0.5000,1,michaelthoward,8,0.0000,0.0000,0.0000,0,8
1141,1625,Graphics25D.java,M,20,2,0,0.0000,1.0000,1,michaelthoward,3,0.3333,1.0000,0.0000,1,2
1141,1626,Graphics25D.java,M,20,2,0,0.0000,1.0000,1,michaelthoward,3,0.3333,1.0000,0.0000,1,2
1141,1627,Graphics25D.java,M,5,1,0,0.0000,1.0000,0,michaelthoward,2,0.0000,0.0000,0.0000,0,2
1141,1628,Graphics25D.java,M,17,1,0,0.0000,1.0000,0,michaelthoward,3,0.0000,0.0000,0.0000,0,3
1141,1629,Graphics25D.java,M,5,1,0,0.0000,1.0000,0,michaelthoward,5,0.0000,0.0000,0.0000,0,5
1141,1630,Graphics25D.java,M,8,1,0,0.0000,1.0000,0,michaelthoward,7,0.5714,1.0000,0.0000,4,3
1141,1631,Graphics25D.java,M,8,1,0,0.0000,1.0000,0,michaelthoward,7,0.5714,1.0000,0.0000,4,3
1141,1632,Graphics25D.java,M,5,1,0,0.0000,1.0000,0,michaelthoward,0,0.0000,0.0000,0.0000,0,0
1141,1633,Graphics25D.java,M,8,1,0,0.0000,1.0000,0,michaelthoward,7,0.5714,1.0000,0.0000,4,3
1141,1634,Graphics25D.java,M,8,1,0,0.0000,1.0000,0,michaelthoward,7,0.5714,1.0000,0.0000,4,3
1141,1635,Graphics25D.java,M,5,1,0,0.0000,1.0000,0,michaelthoward,3,0.0000,0.0000,0.0000,0,3
1141,1636,Graphics25D.java,M,5,1,0,0.0000,1.0000,0,michaelthoward,5,0.0000,0.0000,0.0000,0,5
1141,1637,Graphics25D.java,M,12,1,0,0.0000,1.0000,0,michaelthoward,2,0.0000,0.0000,0.0000,0,2
1142,1614,Graphics25D.java,M,8,3,17,0.7391,0.1304,22,michaelthoward,7,0.6439,1.0000,0.0000,5,2
1142,1620,Graphics25D.java,M,23,1,8,0.6667,0.0833,11,michaelthoward,4,0.2500,1.0000,0.0000,1,3
1142,1625,Graphics25D.java,M,20,3,0,0.0000,1.0000,2,michaelthoward,3,0.3333,1.0000,0.0000,1,2
1142,1626,Graphics25D.java,M,20,3,0,0.0000,1.0000,2,michaelthoward,3,0.3333,1.0000,0.0000,1,2
1142,1630,Graphics25D.java,M,8,2,0,0.0000,1.0000,1,michaelthoward,7,0.6439,1.0000,0.0000,5,2
1142,1631,Graphics25D.java,M,8,2,0,0.0000,1.0000,1,michaelthoward,7,0.6439,1.0000,0.0000,5,2
1142,1632,Graphics25D.java,M,5,2,0,0.0000,1.0000,1,michaelthoward,0,0.0000,0.0000,0.0000,0,0
1142,1633,Graphics25D.java,M,8,2,0,0.0000,1.0000,1,michaelthoward,7,0.6439,1.0000,0.0000,5,2
1142,1634,Graphics25D.java,M,8,2,0,0.0000,1.0000,1,michaelthoward,7,0.6439,1.0000,0.0000,5,2
1142,1635,Graphics25D.java,M,5,2,0,0.0000,1.0000,1,michaelthoward,3,0.0000,0.0000,0.0000,0,3
1142,1636,Graphics25D.java,M,5,2,0,0.0000,1.0000,1,michaelthoward,5,0.0000,0.0000,0.0000,0,5
1142,1640,Graphics25D.java,M,12,1,0,0.0000,0.5000,1,michaelthoward,2,0.5000,1.0000,0.0000,1,1
1142,1641,Graphics25D.java,M,14,1,0,0.0000,0.5000,1,michaelthoward,2,0.5000,1.0000,0.0000,1,1
1142,1643,Graphics25D.java,M,23,1,0,0.0000,0.5000,1,michaelthoward,4,0.2500,1.0000,0.0000,1,3
1142,1644,Graphics25D.java,M,10,1,0,0.0000,0.5000,1,michaelthoward,10,0.1000,1.0000,0.0000,1,9
1142,1645,Graphics25D.java,M,10,1,0,0.0000,0.5000,1,michaelthoward,10,0.1000,1.0000,0.0000,1,9
1142,1646,Graphics25D.java,M,8,1,0,0.0000,0.5000,1,michaelthoward,7,0.3625,0.5075,0.0000,5,2
1142,1647,Graphics25D.java,M,6,1,0,0.0000,0.5000,1,michaelthoward,2,0.0000,0.0000,0.0000,0,2
1143,1489,AtomRenderer.java,M,9,5,295,0.9768,0.0166,301,michaelthoward,3,0.0000,0.0000,0.0000,0,3
1143,1490,BondRenderer.java,M,8,4,296,0.9801,0.0132,301,michaelthoward,1,0.0000,0.0000,0.0000,0,1
1143,1618,Graphics25D.java,M,8,3,10,0.7692,0.2308,12,michaelthoward,2,0.2472,0.4945,0.0000,0,1
1143,1620,Graphics25D.java,M,23,2,8,0.6154,0.1538,12,michaelthoward,4,0.1231,0.4925,0.0000,0,3
1143,1622,Graphics25D.java,M,7,2,2,0.5000,0.5000,3,michaelthoward,8,0.0000,0.0000,0.0000,0,8
1143,1625,Graphics25D.java,M,20,4,0,0.0000,1.0000,3,michaelthoward,3,0.3333,1.0000,0.0000,1,2
1143,1626,Graphics25D.java,M,20,4,0,0.0000,1.0000,3,michaelthoward,3,0.3333,1.0000,0.0000,1,2
1143,1628,Graphics25D.java,M,17,2,1,0.3333,0.6667,2,michaelthoward,4,0.0000,0.0000,0.0000,0,4
1143,1630,Graphics25D.java,M,8,3,0,0.0000,1.0000,2,michaelthoward,7,0.6681,1.0000,0.0000,5,2
1143,1631,Graphics25D.java,M,8,3,0,0.0000,1.0000,2,michaelthoward,7,0.6681,1.0000,0.0000,5,2
1143,1632,Graphics25D.java,M,5,3,0,0.0000,1.0000,2,michaelthoward,0,0.0000,0.0000,0.0000,0,0
1143,1633,Graphics25D.java,M,8,3,0,0.0000,1.0000,2,michaelthoward,7,0.6681,1.0000,0.0000,5,2
1143,1634,Graphics25D.java,M,8,3,0,0.0000,1.0000,2,michaelthoward,7,0.6681,1.0000,0.0000,5,2
1143,1635,Graphics25D.java,M,5,3,0,0.0000,1.0000,2,michaelthoward,3,0.0000,0.0000,0.0000,0,3
1143,1636,Graphics25D.java,M,5,3,0,0.0000,1.0000,2,michaelthoward,5,0.0000,0.0000,0.0000,0,5
1143,1637,Graphics25D.java,M,12,2,1,0.3333,0.6667,2,michaelthoward,2,0.3434,0.3434,0.3434,0,0
1143,1640,Graphics25D.java,M,12,2,0,0.0000,0.6667,2,michaelthoward,2,0.6717,1.0000,0.3434,1,0
1143,1641,Graphics25D.java,M,14,2,0,0.0000,0.6667,2,michaelthoward,2,0.6717,1.0000,0.3434,1,0
1143,1644,Graphics25D.java,M,10,2,0,0.0000,0.6667,2,michaelthoward,10,0.1000,1.0000,0.0000,1,9
1143,1645,Graphics25D.java,M,10,2,0,0.0000,0.6667,2,michaelthoward,10,0.1000,1.0000,0.0000,1,9
1143,1646,Graphics25D.java,M,8,2,0,0.0000,0.6667,2,michaelthoward,7,0.4833,0.6766,0.0000,5,2
1143,1647,Graphics25D.java,M,6,2,0,0.0000,0.6667,2,michaelthoward,2,0.0000,0.0000,0.0000,0,2
1143,1648,Graphics25D.java,M,54,1,0,0.0000,1.0000,0,michaelthoward,4,0.0000,0.0000,0.0000,0,4
1143,1649,Graphics25D.java,M,41,1,0,0.0000,1.0000,0,michaelthoward,3,0.0000,0.0000,0.0000,0,3
1145,1614,Graphics25D.java,M,8,4,19,0.7308,0.1538,25,michaelthoward,7,0.6423,1.0000,0.0000,4,2
1145,1622,Graphics25D.java,M,7,3,3,0.5000,0.5000,5,michaelthoward,8,0.0000,0.0000,0.0000,0,8
1145,1631,Graphics25D.java,M,8,4,1,0.2000,0.8000,4,michaelthoward,7,0.6423,1.0000,0.0000,4,2
1145,1634,Graphics25D.java,M,8,4,1,0.2000,0.8000,4,michaelthoward,7,0.6423,1.0000,0.0000,4,2
1145,1636,Graphics25D.java,M,5,4,1,0.2000,0.8000,4,michaelthoward,5,0.0000,0.0000,0.0000,0,5
1145,1637,Graphics25D.java,M,12,3,2,0.4000,0.6000,4,michaelthoward,2,0.2516,0.2516,0.2516,0,0
1146,1348,BondRenderer.java,M,5,7,377,0.9792,0.0182,384,michaelthoward,6,0.7892,1.0000,0.0003,5,1
1146,1351,BondRenderer.java,M,9,9,375,0.9740,0.0234,384,michaelthoward,0,0.0000,0.0000,0.0000,0,0
1146,1353,BondRenderer.java,M,5,8,376,0.9766,0.0208,384,michaelthoward,6,0.6126,0.7351,0.0004,5,1
1146,1354,BondRenderer.java,M,5,9,375,0.9740,0.0234,384,michaelthoward,6,0.7892,1.0000,0.0003,5,1
1146,1357,BondRenderer.java,M,5,8,376,0.9766,0.0208,384,michaelthoward,6,0.7891,0.9999,0.0002,5,1
1146,1482,BondRenderer.java,M,5,6,305,0.9807,0.0193,310,michaelthoward,1,0.0000,0.0000,0.0000,0,1
1146,1604,JmolPopupSwing.java,M,9,1,34,0.9444,0.0278,35,michaelthoward,2,0.0000,0.0000,0.0000,0,2
1146,1609,BondRenderer.java,M,10,2,33,0.9429,0.0571,34,michaelthoward,3,0.0910,0.2731,0.0000,0,2
1146,1614,Graphics25D.java,M,8,5,19,0.7037,0.1852,26,michaelthoward,7,0.6578,1.0000,0.0000,5,2
1146,1619,Graphics25D.java,M,23,1,13,0.8125,0.0625,15,michaelthoward,4,0.2500,1.0000,0.0000,1,3
1146,1622,Graphics25D.java,M,7,4,3,0.4286,0.5714,6,michaelthoward,8,0.0000,0.0000,0.0000,0,8
1146,1625,Graphics25D.java,M,20,5,2,0.2857,0.7143,6,michaelthoward,3,0.3333,1.0000,0.0000,1,2
1146,1626,Graphics25D.java,M,20,5,2,0.2857,0.7143,6,michaelthoward,3,0.3333,1.0000,0.0000,1,2
1146,1630,Graphics25D.java,M,8,4,2,0.3333,0.6667,5,michaelthoward,7,0.6578,1.0000,0.0000,5,2
1146,1631,Graphics25D.java,M,8,5,1,0.1667,0.8333,5,michaelthoward,7,0.6578,1.0000,0.0000,5,2
1146,1633,Graphics25D.java,M,8,4,2,0.3333,0.6667,5,michaelthoward,7,0.6578,1.0000,0.0000,5,2
1146,1634,Graphics25D.java,M,8,5,1,0.1667,0.8333,5,michaelthoward,7,0.6578,1.0000,0.0000,5,2
1146,1635,Graphics25D.java,M,5,4,2,0.3333,0.6667,5,michaelthoward,3,0.0910,0.2731,0.0000,0,2
1146,1636,Graphics25D.java,M,5,5,1,0.1667,0.8333,5,michaelthoward,5,0.0000,0.0000,0.0000,0,5
1146,1637,Graphics25D.java,M,12,4,2,0.3333,0.6667,5,michaelthoward,4,0.0987,0.1973,0.0000,0,4
1146,1642,Graphics25D.java,M,23,1,3,0.5000,0.1667,5,michaelthoward,4,0.2500,1.0000,0.0000,1,3
1146,1644,Graphics25D.java,M,10,3,2,0.3333,0.5000,5,michaelthoward,10,0.1000,1.0000,0.0000,1,9
1146,1645,Graphics25D.java,M,10,3,2,0.3333,0.5000,5,michaelthoward,10,0.1000,1.0000,0.0000,1,9
1146,1646,Graphics25D.java,M,8,3,2,0.3333,0.5000,5,michaelthoward,7,0.4319,0.6047,0.0000,5,2
1146,1647,Graphics25D.java,M,6,3,2,0.3333,0.5000,5,michaelthoward,2,0.0000,0.0000,0.0000,0,2
1147,1613,Graphics25D.java,M,19,3,21,0.7500,0.1071,27,michaelthoward,0,0.0000,0.0000,0.0000,0,0
1147,1614,Graphics25D.java,M,8,6,19,0.6786,0.2143,27,michaelthoward,8,0.5846,1.0000,0.0000,5,3
1147,1619,Graphics25D.java,M,23,2,13,0.7647,0.1176,16,michaelthoward,4,0.2787,0.4925,0.0000,0,1
1147,1620,Graphics25D.java,M,23,3,11,0.6471,0.1765,16,michaelthoward,4,0.2365,0.6772,0.0000,1,2
1147,1622,Graphics25D.java,M,7,5,3,0.3750,0.6250,7,michaelthoward,8,0.0000,0.0000,0.0000,0,8
1147,1625,Graphics25D.java,M,20,6,2,0.2500,0.7500,7,michaelthoward,3,0.3333,1.0000,0.0000,1,2
1147,1626,Graphics25D.java,M,20,6,2,0.2500,0.7500,7,michaelthoward,3,0.3333,1.0000,0.0000,1,2
1147,1630,Graphics25D.java,M,8,5,2,0.2857,0.7143,6,michaelthoward,8,0.5846,1.0000,0.0000,5,3
1147,1631,Graphics25D.java,M,8,6,1,0.1429,0.8571,6,michaelthoward,8,0.5846,1.0000,0.0000,5,3
1147,1632,Graphics25D.java,M,5,4,3,0.4286,0.5714,6,michaelthoward,1,0.0000,0.0000,0.0000,0,1
1147,1633,Graphics25D.java,M,8,5,2,0.2857,0.7143,6,michaelthoward,8,0.5846,1.0000,0.0000,5,3
1147,1634,Graphics25D.java,M,8,6,1,0.1429,0.8571,6,michaelthoward,8,0.5846,1.0000,0.0000,5,3
1147,1636,Graphics25D.java,M,5,6,1,0.1429,0.8571,6,michaelthoward,5,0.0000,0.0000,0.0000,0,5
1147,1637,Graphics25D.java,M,12,5,2,0.2857,0.7143,6,michaelthoward,4,0.1717,0.3434,0.0000,0,2
1147,1640,Graphics25D.java,M,12,3,3,0.4286,0.4286,6,michaelthoward,4,0.3358,1.0000,0.0000,1,2
1147,1641,Graphics25D.java,M,14,3,3,0.4286,0.4286,6,michaelthoward,4,0.3358,1.0000,0.0000,1,2
1147,1643,Graphics25D.java,M,23,2,3,0.4286,0.2857,6,michaelthoward,4,0.2576,0.6772,0.0000,1,2
1147,1644,Graphics25D.java,M,10,4,2,0.2857,0.5714,6,michaelthoward,10,0.1000,1.0000,0.0000,1,9
1147,1645,Graphics25D.java,M,10,4,2,0.2857,0.5714,6,michaelthoward,10,0.1000,1.0000,0.0000,1,9
1147,1646,Graphics25D.java,M,8,4,2,0.2857,0.5714,6,michaelthoward,8,0.4229,0.6766,0.0000,5,3
1147,1647,Graphics25D.java,M,6,4,2,0.2857,0.5714,6,michaelthoward,2,0.0000,0.0000,0.0000,0,2
1147,1648,Graphics25D.java,M,54,2,3,0.6000,0.4000,4,michaelthoward,4,0.0000,0.0000,0.0000,0,4
1147,1649,Graphics25D.java,M,41,2,3,0.6000,0.4000,4,michaelthoward,3,0.0000,0.0000,0.0000,0,3
1147,1660,Graphics25D.java,M,7,1,0,0.0000,1.0000,0,michaelthoward,4,0.0000,0.0000,0.0000,0,4
1148,1482,BondRenderer.java,M,5,7,306,0.9776,0.0224,312,michaelthoward,1,0.0000,0.0000,0.0000,0,1
1148,1609,BondRenderer.java,M,10,3,34,0.9189,0.0811,36,michaelthoward,3,0.1455,0.4365,0.0000,0,2
1148,1614,Graphics25D.java,M,8,7,19,0.6552,0.2414,28,michaelthoward,8,0.5910,1.0000,0.0000,5,3
1148,1620,Graphics25D.java,M,23,4,11,0.6111,0.2222,17,michaelthoward,5,0.1406,0.4925,0.0000,0,3
1148,1622,Graphics25D.java,M,7,6,3,0.3333,0.6667,8,michaelthoward,8,0.0000,0.0000,0.0000,0,8
1148,1625,Graphics25D.java,M,20,7,2,0.2222,0.7778,8,michaelthoward,4,0.5000,1.0000,0.0000,2,2
1148,1626,Graphics25D.java,M,20,7,2,0.2222,0.7778,8,michaelthoward,4,0.5000,1.0000,0.0000,2,2
1148,1630,Graphics25D.java,M,8,6,2,0.2500,0.7500,7,michaelthoward,8,0.5910,1.0000,0.0000,5,3
1148,1631,Graphics25D.java,M,8,7,1,0.1250,0.8750,7,michaelthoward,8,0.5910,1.0000,0.0000,5,3
1148,1632,Graphics25D.java,M,5,5,3,0.3750,0.6250,7,michaelthoward,1,0.0000,0.0000,0.0000,0,1
1148,1634,Graphics25D.java,M,8,7,1,0.1250,0.8750,7,michaelthoward,8,0.5910,1.0000,0.0000,5,3
1148,1635,Graphics25D.java,M,5,5,3,0.3750,0.6250,7,michaelthoward,3,0.1455,0.4365,0.0000,0,2
1148,1636,Graphics25D.java,M,5,7,1,0.1250,0.8750,7,michaelthoward,5,0.0000,0.0000,0.0000,0,5
1148,1640,Graphics25D.java,M,12,4,3,0.3750,0.5000,7,michaelthoward,4,0.3223,1.0000,0.0000,1,2
1148,1641,Graphics25D.java,M,14,4,3,0.3750,0.5000,7,michaelthoward,4,0.3223,1.0000,0.0000,1,2
1148,1644,Graphics25D.java,M,10,5,2,0.2500,0.6250,7,michaelthoward,14,0.0714,1.0000,0.0000,1,13
1148,1645,Graphics25D.java,M,10,5,2,0.2500,0.6250,7,michaelthoward,14,0.0714,1.0000,0.0000,1,13
1148,1646,Graphics25D.java,M,8,5,2,0.2500,0.6250,7,michaelthoward,8,0.4548,0.7277,0.0000,5,3
1148,1647,Graphics25D.java,M,6,5,2,0.2500,0.6250,7,michaelthoward,9,0.0000,0.0000,0.0000,0,9
1148,1682,BondRenderer.java,M,25,1,0,0.0000,1.0000,0,michaelthoward,4,0.5000,1.0000,0.0000,2,2
1148,1684,BondRenderer.java,M,29,1,0,0.0000,1.0000,0,michaelthoward,3,0.0000,0.0000,0.0000,0,3
1150,1665,Triangle25D.java,M,5,1,1,0.3333,0.3333,2,michaelthoward,11,0.0909,1.0000,0.0000,1,10
1150,1667,Triangle25D.java,M,5,1,1,0.3333,0.3333,2,michaelthoward,11,0.0909,1.0000,0.0000,1,10
1150,1687,Triangle25D.java,M,12,1,0,0.0000,1.0000,0,michaelthoward,1,1.0000,1.0000,1.0000,1,0
1150,1688,Triangle25D.java,M,12,1,0,0.0000,1.0000,0,michaelthoward,1,1.0000,1.0000,1.0000,1,0
1152,1618,Graphics25D.java,M,8,4,18,0.8182,0.1818,21,michaelthoward,2,0.1199,0.2398,0.0000,0,1
1152,1622,Graphics25D.java,M,7,7,6,0.4615,0.5385,12,michaelthoward,9,0.1111,1.0000,0.0000,1,8
1152,1635,Graphics25D.java,M,5,6,6,0.5000,0.5000,11,michaelthoward,3,0.1161,0.3482,0.0000,0,2
1152,1636,Graphics25D.java,M,5,8,4,0.3333,0.6667,11,michaelthoward,5,0.0000,0.0000,0.0000,0,5
1152,1637,Graphics25D.java,M,12,6,6,0.5000,0.5000,11,michaelthoward,4,0.1227,0.2455,0.0000,0,2
1152,1689,Graphics25D.java,M,7,1,0,0.0000,1.0000,0,michaelthoward,9,0.1111,1.0000,0.0000,1,8
1153,1614,Graphics25D.java,M,8,8,23,0.6765,0.2353,33,michaelthoward,8,0.5635,1.0000,0.0000,5,3
1153,1619,Graphics25D.java,M,23,3,18,0.7826,0.1304,22,michaelthoward,5,0.2201,0.6843,0.0000,1,3
1153,1621,Swing25D.java,M,7,2,21,0.9130,0.0870,22,michaelthoward,4,0.0000,0.0000,0.0000,0,4
1153,1622,Graphics25D.java,M,7,8,6,0.4286,0.5714,13,michaelthoward,10,0.0493,0.4925,0.0000,0,9
1153,1625,Graphics25D.java,M,20,8,6,0.4286,0.5714,13,michaelthoward,4,0.3656,1.0000,0.0000,1,2
1153,1626,Graphics25D.java,M,20,8,6,0.4286,0.5714,13,michaelthoward,4,0.3656,1.0000,0.0000,1,2
1153,1630,Graphics25D.java,M,8,7,6,0.4615,0.5385,12,michaelthoward,8,0.5346,1.0000,0.0000,5,3
1153,1632,Graphics25D.java,M,5,6,7,0.5385,0.4615,12,michaelthoward,1,0.0000,0.0000,0.0000,0,1
1153,1633,Graphics25D.java,M,8,6,7,0.5385,0.4615,12,michaelthoward,8,0.5346,1.0000,0.0000,5,3
1153,1634,Graphics25D.java,M,8,8,5,0.3846,0.6154,12,michaelthoward,8,0.5635,1.0000,0.0000,5,3
1153,1636,Graphics25D.java,M,5,9,4,0.3077,0.6923,12,michaelthoward,5,0.0000,0.0000,0.0000,0,5
1153,1637,Graphics25D.java,M,12,7,6,0.4615,0.5385,12,michaelthoward,4,0.1736,0.3471,0.0000,0,2
1153,1640,Graphics25D.java,M,12,5,7,0.5385,0.3846,12,michaelthoward,4,0.3368,1.0000,0.0000,1,2
1153,1641,Graphics25D.java,M,14,5,7,0.5385,0.3846,12,michaelthoward,4,0.3368,1.0000,0.0000,1,2
1153,1642,Graphics25D.java,M,23,2,8,0.6154,0.1538,12,michaelthoward,5,0.1369,0.6843,0.0000,1,4
1153,1644,Graphics25D.java,M,10,6,6,0.4615,0.4615,12,michaelthoward,12,0.0833,1.0000,0.0000,1,11
1153,1645,Graphics25D.java,M,10,6,6,0.4615,0.4615,12,michaelthoward,12,0.0833,1.0000,0.0000,1,11
1153,1646,Graphics25D.java,M,8,6,6,0.4615,0.4615,12,michaelthoward,8,0.4560,0.7699,0.0000,5,3
1153,1647,Graphics25D.java,M,6,6,6,0.4615,0.4615,12,michaelthoward,9,0.0000,0.0000,0.0000,0,9
1154,1211,ABINITOutputReader.java,M,7,2,537,0.9926,0.0037,540,fdortu,6,0.0000,0.0000,0.0000,0,6
1154,1214,ABINITOutputReader.java,M,6,3,536,0.9908,0.0055,540,fdortu,10,0.1983,1.0000,0.0000,2,8
1154,1215,ABINITOutputReader.java,M,6,3,536,0.9908,0.0055,540,fdortu,10,0.1983,1.0000,0.0000,2,8
1154,1218,ABINITOutputReader.java,M,5,4,535,0.9889,0.0074,540,fdortu,1,0.0000,0.0000,0.0000,0,1
1154,1222,ABINITOutputReader.java,M,6,2,537,0.9926,0.0037,540,fdortu,5,0.0000,0.0000,0.0000,0,5
1155,1656,Sphere25D.java,M,15,1,8,0.8000,0.1000,9,michaelthoward,1,0.0000,0.0000,0.0000,0,1
1156,1656,Sphere25D.java,M,15,2,8,0.7273,0.1818,10,michaelthoward,1,0.0000,0.0000,0.0000,0,1
1156,1663,Sphere25D.java,M,5,1,7,0.7000,0.1000,9,michaelthoward,4,0.0000,0.0000,0.0000,0,4
1156,1664,Sphere25D.java,M,5,1,7,0.7000,0.1000,9,michaelthoward,7,0.0000,0.0000,0.0000,0,7
1156,1693,Sphere25D.java,M,5,1,0,0.0000,1.0000,0,michaelthoward,3,0.0000,0.0000,0.0000,0,3
1160,1263,CrystalFrame.java,M,37,7,505,0.9863,0.0137,511,fdortu,0,0.0000,0.0000,0.0000,0,0
1160,1615,CrystalFile.java,M,14,2,36,0.9474,0.0526,37,fdortu,4,0.2500,1.0000,0.0000,1,3
1160,1616,CrystalFile.java,M,14,2,36,0.9474,0.0526,37,fdortu,4,0.2500,1.0000,0.0000,1,3
1163,1362,BondRenderer.java,M,5,6,392,0.9849,0.0151,397,michaelthoward,11,0.0000,0.0000,0.0000,0,11
1163,1482,BondRenderer.java,M,5,8,320,0.9756,0.0244,327,michaelthoward,1,0.0000,0.0000,0.0000,0,1
1163,1614,Graphics25D.java,M,8,9,32,0.7273,0.2045,43,michaelthoward,7,0.6555,1.0000,0.0000,5,2
1163,1625,Graphics25D.java,M,20,9,15,0.6250,0.3750,23,michaelthoward,3,0.3333,1.0000,0.0000,1,2
1163,1626,Graphics25D.java,M,20,9,15,0.6250,0.3750,23,michaelthoward,3,0.3333,1.0000,0.0000,1,2
1163,1630,Graphics25D.java,M,8,8,15,0.6522,0.3478,22,michaelthoward,7,0.6269,1.0000,0.0000,5,2
1163,1631,Graphics25D.java,M,8,8,15,0.6522,0.3478,22,michaelthoward,7,0.6555,1.0000,0.0000,5,2
1163,1632,Graphics25D.java,M,5,7,16,0.6957,0.3043,22,michaelthoward,0,0.0000,0.0000,0.0000,0,0
1163,1633,Graphics25D.java,M,8,7,16,0.6957,0.3043,22,michaelthoward,7,0.6269,1.0000,0.0000,5,2
1163,1634,Graphics25D.java,M,8,9,14,0.6087,0.3913,22,michaelthoward,7,0.6555,1.0000,0.0000,5,2
1163,1635,Graphics25D.java,M,5,7,16,0.6957,0.3043,22,michaelthoward,3,0.0000,0.0000,0.0000,0,3
1163,1636,Graphics25D.java,M,5,10,13,0.5652,0.4348,22,michaelthoward,6,0.1667,1.0000,0.0000,1,5
1163,1640,Graphics25D.java,M,12,6,16,0.6957,0.2609,22,michaelthoward,2,0.7238,1.0000,0.4476,1,0
1163,1641,Graphics25D.java,M,14,6,16,0.6957,0.2609,22,michaelthoward,2,0.7238,1.0000,0.4476,1,0
1163,1643,Graphics25D.java,M,23,3,18,0.7826,0.1304,22,michaelthoward,5,0.1617,0.4635,0.0000,0,3
1163,1644,Graphics25D.java,M,10,7,15,0.6522,0.3043,22,michaelthoward,12,0.0833,1.0000,0.0000,1,11
1163,1645,Graphics25D.java,M,10,7,15,0.6522,0.3043,22,michaelthoward,12,0.0833,1.0000,0.0000,1,11
1163,1646,Graphics25D.java,M,8,7,15,0.6522,0.3043,22,michaelthoward,7,0.5528,0.8097,0.0000,5,2
1163,1647,Graphics25D.java,M,6,7,15,0.6522,0.3043,22,michaelthoward,9,0.0000,0.0000,0.0000,0,9
1163,1696,Cylinder25D.java,M,63,1,0,0.0000,1.0000,0,michaelthoward,5,0.0000,0.0000,0.0000,0,5
1163,1698,Cylinder25D.java,M,5,1,0,0.0000,1.0000,0,michaelthoward,6,0.1667,1.0000,0.0000,1,5
1163,1699,Cylinder25D.java,M,11,1,0,0.0000,1.0000,0,michaelthoward,5,0.0000,0.0000,0.0000,0,5
1163,1700,BondRenderer.java,M,16,1,0,0.0000,1.0000,0,michaelthoward,0,0.0000,0.0000,0.0000,0,0
1169,1614,Graphics25D.java,M,8,10,37,0.7400,0.2000,49,michaelthoward,7,0.6406,1.0000,0.0000,5,2
1169,1622,Graphics25D.java,M,7,9,21,0.7000,0.3000,29,michaelthoward,10,0.0271,0.2706,0.0000,0,9
1169,1631,Graphics25D.java,M,8,9,20,0.6897,0.3103,28,michaelthoward,7,0.6406,1.0000,0.0000,5,2
1169,1633,Graphics25D.java,M,8,8,21,0.7241,0.2759,28,michaelthoward,7,0.6183,1.0000,0.0000,5,2
1169,1634,Graphics25D.java,M,8,10,19,0.6552,0.3448,28,michaelthoward,7,0.6406,1.0000,0.0000,5,2
1169,1636,Graphics25D.java,M,5,11,18,0.6207,0.3793,28,michaelthoward,6,0.0759,0.4551,0.0000,0,5
1169,1637,Graphics25D.java,M,12,8,21,0.7241,0.2759,28,michaelthoward,2,0.3780,0.3780,0.3780,0,0
1169,1702,Text25D.java,M,6,1,0,0.0000,1.0000,0,michaelthoward,0,0.0000,0.0000,0.0000,0,0
1172,1703,ellipse.java,M,9,1,0,0.0000,0.5000,1,michaelthoward,12,0.2500,1.0000,0.0000,3,9
1172,1704,ellipse.java,M,9,1,0,0.0000,0.5000,1,michaelthoward,12,0.2500,1.0000,0.0000,3,9
1172,1708,ellipse.java,M,9,1,0,0.0000,0.5000,1,michaelthoward,12,0.2500,1.0000,0.0000,3,9
1172,1710,ellipse.java,M,83,1,0,0.0000,0.5000,1,michaelthoward,5,0.0000,0.0000,0.0000,0,5
1172,1711,ellipse.java,M,18,1,0,0.0000,0.5000,1,michaelthoward,5,0.2000,1.0000,0.0000,1,4
1172,1712,ellipse.java,M,18,1,0,0.0000,0.5000,1,michaelthoward,5,0.2000,1.0000,0.0000,1,4
1172,1713,ellipse.java,M,30,1,0,0.0000,0.5000,1,michaelthoward,6,0.1667,1.0000,0.0000,1,5
1172,1714,ellipse.java,M,30,1,0,0.0000,0.5000,1,michaelthoward,6,0.1667,1.0000,0.0000,1,5
1172,1715,ellipse.java,M,9,1,0,0.0000,0.5000,1,michaelthoward,10,0.0000,0.0000,0.0000,0,10
1172,1716,ellipse.java,M,10,1,0,0.0000,0.5000,1,michaelthoward,6,0.0000,0.0000,0.0000,0,6
1172,1717,ellipse.java,M,13,1,0,0.0000,0.5000,1,michaelthoward,5,0.2000,1.0000,0.0000,1,4
1172,1718,ellipse.java,M,13,1,0,0.0000,0.5000,1,michaelthoward,5,0.2000,1.0000,0.0000,1,4
1172,1719,ellipse.java,M,5,1,0,0.0000,1.0000,0,michaelthoward,7,0.0000,0.0000,0.0000,0,7
1172,1724,ellipse.java,M,6,1,0,0.0000,1.0000,0,michaelthoward,12,0.0000,0.0000,0.0000,0,12
1172,1727,ellipse.java,M,5,1,0,0.0000,1.0000,0,michaelthoward,10,0.0000,0.0000,0.0000,0,10
1172,1730,ellipse.java,M,29,1,0,0.0000,1.0000,0,michaelthoward,3,0.3333,1.0000,0.0000,1,2
1172,1732,ellipse.java,M,29,1,0,0.0000,1.0000,0,michaelthoward,3,0.3333,1.0000,0.0000,1,2
1172,1733,ellipse.java,M,9,1,0,0.0000,1.0000,0,michaelthoward,12,0.2500,1.0000,0.0000,3,9
1172,1735,ellipse.java,M,38,1,0,0.0000,1.0000,0,michaelthoward,10,0.0000,0.0000,0.0000,0,10
1172,1746,ellipse.java,M,16,1,0,0.0000,1.0000,0,michaelthoward,4,0.0000,0.0000,0.0000,0,4
1172,1749,ellipse.java,M,20,1,0,0.0000,1.0000,0,michaelthoward,6,0.0000,0.0000,0.0000,0,6
1173,189,ChemFrame.java,M,8,21,1147,0.9787,0.0179,1171,michaelthoward,2,0.0000,0.0000,0.0000,0,2
1173,205,ChemFrame.java,M,5,35,821,0.7005,0.0299,1171,michaelthoward,5,0.0000,0.0000,0.0000,0,5
1173,639,ChemFrame.java,M,5,39,1095,0.9656,0.0344,1133,michaelthoward,9,0.0353,0.0443,0.0000,0,9
1182,1341,AtomShape.java,M,6,2,2,0.0048,0.0048,420,michaelthoward,4,0.2500,1.0000,0.0000,1,3
1182,1493,Eval.java,M,6,15,325,0.9531,0.0440,340,michaelthoward,5,0.1278,0.6388,0.0000,1,4
1182,1499,DisplayControl.java,M,5,12,321,0.9525,0.0356,336,michaelthoward,11,0.0534,0.2328,0.0000,0,10
1182,1507,Eval.java,M,11,12,323,0.9642,0.0358,334,michaelthoward,9,0.0113,0.1016,0.0000,0,9
1182,1509,Eval.java,M,11,13,320,0.9552,0.0388,334,michaelthoward,5,0.0120,0.0300,0.0000,0,5
1182,1533,ColorManager.java,M,5,1,270,0.9963,0.0037,270,michaelthoward,1,0.0000,0.0000,0.0000,0,1
1182,1551,Eval.java,M,7,6,243,0.9759,0.0241,248,michaelthoward,6,0.0000,0.0000,0.0000,0,6
1182,1614,Graphics25D.java,M,8,11,49,0.7778,0.1746,62,michaelthoward,7,0.6284,1.0000,0.0000,5,2
1182,1617,Graphics25D.java,M,8,4,48,0.9231,0.0769,51,michaelthoward,2,0.0818,0.1637,0.0000,0,2
1182,1619,Graphics25D.java,M,23,4,46,0.8846,0.0769,51,michaelthoward,4,0.3494,0.6576,0.0000,2,2
1182,1622,Graphics25D.java,M,7,10,33,0.7674,0.2326,42,michaelthoward,10,0.0562,0.5620,0.0000,1,9
1182,1625,Graphics25D.java,M,20,10,33,0.7674,0.2326,42,michaelthoward,3,0.2873,0.8618,0.0000,1,2
1182,1626,Graphics25D.java,M,20,10,33,0.7674,0.2326,42,michaelthoward,3,0.2873,0.8618,0.0000,1,2
1182,1628,Graphics25D.java,M,17,3,39,0.9286,0.0714,41,michaelthoward,4,0.0000,0.0000,0.0000,0,4
1182,1630,Graphics25D.java,M,8,9,33,0.7857,0.2143,41,michaelthoward,7,0.6095,0.9240,0.0000,5,2
1182,1631,Graphics25D.java,M,8,10,32,0.7619,0.2381,41,michaelthoward,7,0.6284,1.0000,0.0000,5,2
1182,1632,Graphics25D.java,M,5,8,34,0.8095,0.1905,41,michaelthoward,0,0.0000,0.0000,0.0000,0,0
1182,1634,Graphics25D.java,M,8,11,31,0.7381,0.2619,41,michaelthoward,7,0.6284,1.0000,0.0000,5,2
1182,1635,Graphics25D.java,M,5,8,34,0.8095,0.1905,41,michaelthoward,3,0.0000,0.0000,0.0000,0,3
1182,1636,Graphics25D.java,M,5,12,30,0.7143,0.2857,41,michaelthoward,6,0.1163,0.6981,0.0000,1,5
1182,1640,Graphics25D.java,M,12,7,34,0.8095,0.1667,41,michaelthoward,3,0.4981,1.0000,0.0000,1,1
1182,1641,Graphics25D.java,M,14,7,34,0.8095,0.1667,41,michaelthoward,3,0.4981,1.0000,0.0000,1,1
1182,1642,Graphics25D.java,M,23,3,36,0.8571,0.0714,41,michaelthoward,4,0.2484,0.6576,0.0000,1,2
1182,1643,Graphics25D.java,M,23,4,36,0.8571,0.0952,41,michaelthoward,4,0.3014,0.6438,0.0000,1,1
1182,1644,Graphics25D.java,M,10,8,33,0.7857,0.1905,41,michaelthoward,12,0.0833,1.0000,0.0000,1,11
1182,1645,Graphics25D.java,M,10,8,33,0.7857,0.1905,41,michaelthoward,12,0.0833,1.0000,0.0000,1,11
1182,1646,Graphics25D.java,M,8,8,33,0.7857,0.1905,41,michaelthoward,7,0.4840,0.7373,0.0000,4,2
1182,1689,Graphics25D.java,M,7,2,29,0.9355,0.0645,30,michaelthoward,10,0.0562,0.5620,0.0000,1,9
1182,1691,Cylinder25D.java,M,8,1,24,0.8889,0.0370,26,michaelthoward,7,0.0000,0.0000,0.0000,0,7
1182,1692,Cylinder25D.java,M,5,1,24,0.8889,0.0370,26,michaelthoward,6,0.0000,0.0000,0.0000,0,6
1182,1698,Cylinder25D.java,M,5,2,18,0.9000,0.1000,19,michaelthoward,6,0.1163,0.6981,0.0000,1,5
1182,1699,Cylinder25D.java,M,11,2,18,0.9000,0.1000,19,michaelthoward,5,0.1278,0.6388,0.0000,1,4
1182,1757,AtomShape.java,M,6,1,0,0.0000,1.0000,0,michaelthoward,4,0.2500,1.0000,0.0000,1,3
1189,1288,DisplayControl.java,M,5,23,436,0.9027,0.0476,482,michaelthoward,5,0.1793,0.8966,0.0000,1,4
1189,1292,DisplayControl.java,M,5,43,433,0.9002,0.0894,480,michaelthoward,11,0.4294,1.0000,0.0000,6,5
1189,1297,Dihedral.java,M,15,5,470,0.9874,0.0105,475,michaelthoward,4,0.2499,0.9997,0.0000,1,3
1189,1298,Angle.java,M,15,7,468,0.9832,0.0147,475,michaelthoward,4,0.2499,0.9997,0.0000,1,3
1189,1310,DisplayControl.java,M,8,35,414,0.8961,0.0758,461,michaelthoward,7,0.2231,0.5847,0.0000,1,4
1189,1341,AtomShape.java,M,6,3,8,0.0187,0.0070,427,michaelthoward,4,0.2500,1.0000,0.0000,1,3
1189,1362,BondRenderer.java,M,5,7,417,0.9835,0.0165,423,michaelthoward,11,0.3027,0.6857,0.0000,5,5
1189,1363,DisplayControl.java,M,8,33,378,0.8915,0.0778,423,michaelthoward,7,0.3259,0.8486,0.0000,3,4
1189,1364,DisplayControl.java,M,7,24,376,0.8868,0.0566,423,michaelthoward,5,0.4762,0.8480,0.0000,3,2
1189,1365,DisplayControl.java,M,7,15,313,0.7382,0.0354,423,michaelthoward,5,0.5310,0.9035,0.0000,3,2
1189,1409,DisplayControl.java,M,5,11,370,0.9046,0.0269,408,michaelthoward,5,0.1793,0.8966,0.0000,1,4
1189,1428,DisplayControl.java,M,5,28,344,0.8622,0.0702,398,michaelthoward,11,0.4311,1.0000,0.0000,6,4
1189,1432,Eval.java,M,18,17,377,0.9569,0.0431,393,michaelthoward,5,0.5340,1.0000,0.0000,3,2
1189,1433,Eval.java,M,18,13,377,0.9569,0.0330,393,michaelthoward,5,0.5340,1.0000,0.0000,3,2
1189,1439,ColorManager.java,M,6,6,380,0.9819,0.0155,386,michaelthoward,5,0.0000,0.0000,0.0000,0,5
1189,1442,ColorManager.java,M,8,4,75,0.1938,0.0103,386,michaelthoward,1,0.0000,0.0000,0.0000,0,1
1189,1451,DisplayControl.java,M,8,21,361,0.9450,0.0550,381,michaelthoward,7,0.3338,0.9993,0.0000,2,4
1189,1452,DisplayControl.java,M,8,19,363,0.9503,0.0497,381,michaelthoward,7,0.3337,0.9993,0.0000,2,4
1189,1470,AtomRenderer.java,M,7,3,24,0.0656,0.0082,365,michaelthoward,5,0.2000,0.9999,0.0000,1,4
1189,1471,BondRenderer.java,M,7,2,76,0.2077,0.0055,365,michaelthoward,5,0.2000,0.9999,0.0000,1,4
1189,1478,Distributor.java,M,5,6,351,0.9804,0.0168,357,michaelthoward,20,0.0000,0.0000,0.0000,0,20
1189,1482,BondRenderer.java,M,5,9,345,0.9746,0.0254,353,michaelthoward,1,0.0000,0.0000,0.0000,0,1
1189,1489,AtomRenderer.java,M,9,6,340,0.9770,0.0172,347,michaelthoward,3,0.0000,0.0000,0.0000,0,3
1189,1490,BondRenderer.java,M,8,5,341,0.9799,0.0144,347,michaelthoward,1,0.0000,0.0000,0.0000,0,1
1189,1491,Eval.java,M,10,14,334,0.9598,0.0402,347,michaelthoward,1,0.0000,0.0000,0.0000,0,1
1189,1493,Eval.java,M,6,16,331,0.9511,0.0460,347,michaelthoward,9,0.1360,0.7980,0.0000,1,7
1189,1499,DisplayControl.java,M,5,13,327,0.9506,0.0378,343,michaelthoward,11,0.2854,0.6054,0.0000,3,5
1189,1507,Eval.java,M,11,13,329,0.9620,0.0380,341,michaelthoward,9,0.0055,0.0495,0.0000,0,9
1189,1509,Eval.java,M,11,14,326,0.9532,0.0409,341,michaelthoward,5,0.0945,0.4407,0.0000,0,4
1189,1551,Eval.java,M,7,7,249,0.9727,0.0273,255,michaelthoward,6,0.0000,0.0000,0.0000,0,6
1189,1599,Eval.java,M,25,2,77,0.9747,0.0253,78,michaelthoward,1,1.0000,1.0000,1.0000,1,0
1189,1600,Eval.java,M,25,2,77,0.9747,0.0253,78,michaelthoward,1,1.0000,1.0000,1.0000,1,0
1189,1613,Graphics25D.java,M,19,4,62,0.8857,0.0571,69,michaelthoward,0,0.0000,0.0000,0.0000,0,0
1189,1614,Graphics25D.java,M,8,12,55,0.7857,0.1714,69,michaelthoward,9,0.5905,1.0000,0.0000,6,3
1189,1617,Graphics25D.java,M,8,5,54,0.9153,0.0847,58,michaelthoward,2,0.1995,0.3991,0.0000,0,1
1189,1618,Graphics25D.java,M,8,5,54,0.9153,0.0847,58,michaelthoward,2,0.1995,0.3991,0.0000,0,1
1189,1622,Graphics25D.java,M,7,11,39,0.7800,0.2200,49,michaelthoward,10,0.0707,0.7067,0.0000,1,9
1189,1625,Graphics25D.java,M,20,11,39,0.7800,0.2200,49,michaelthoward,5,0.1779,0.8896,0.0000,1,4
1189,1626,Graphics25D.java,M,20,11,39,0.7800,0.2200,49,michaelthoward,5,0.1779,0.8896,0.0000,1,4
1189,1630,Graphics25D.java,M,8,10,39,0.7959,0.2041,48,michaelthoward,9,0.5796,1.0000,0.0000,6,3
1189,1631,Graphics25D.java,M,8,11,38,0.7755,0.2245,48,michaelthoward,9,0.5905,1.0000,0.0000,6,3
1189,1632,Graphics25D.java,M,5,9,40,0.8163,0.1837,48,michaelthoward,0,0.0000,0.0000,0.0000,0,0
1189,1633,Graphics25D.java,M,8,9,40,0.8163,0.1837,48,michaelthoward,9,0.5121,1.0000,0.0000,5,3
1189,1634,Graphics25D.java,M,8,12,37,0.7551,0.2449,48,michaelthoward,9,0.5905,1.0000,0.0000,6,3
1189,1635,Graphics25D.java,M,5,9,40,0.8163,0.1837,48,michaelthoward,5,0.0881,0.4407,0.0000,0,4
1189,1636,Graphics25D.java,M,5,13,36,0.7347,0.2653,48,michaelthoward,7,0.1150,0.8052,0.0000,1,6
1189,1637,Graphics25D.java,M,12,9,40,0.8163,0.1837,48,michaelthoward,3,0.3926,0.5890,0.0000,2,1
1189,1640,Graphics25D.java,M,12,8,40,0.8163,0.1633,48,michaelthoward,3,0.5297,1.0000,0.0000,2,1
1189,1641,Graphics25D.java,M,14,8,40,0.8163,0.1633,48,michaelthoward,3,0.5297,1.0000,0.0000,2,1
1189,1648,Graphics25D.java,M,54,3,44,0.9362,0.0638,46,michaelthoward,9,0.0963,0.4407,0.0000,0,7
1189,1649,Graphics25D.java,M,41,3,44,0.9362,0.0638,46,michaelthoward,3,0.0000,0.0000,0.0000,0,3
1189,1656,Sphere25D.java,M,15,3,39,0.8864,0.0682,43,michaelthoward,3,0.3333,1.0000,0.0000,1,2
1189,1658,Shade25D.java,M,8,1,41,0.9535,0.0233,42,michaelthoward,3,0.3333,1.0000,0.0000,1,2
1189,1659,Shade25D.java,M,8,1,41,0.9535,0.0233,42,michaelthoward,3,0.3333,1.0000,0.0000,1,2
1189,1665,Triangle25D.java,M,5,2,39,0.9286,0.0476,41,michaelthoward,11,0.3933,1.0000,0.0000,5,5
1189,1666,Triangle25D.java,M,5,1,40,0.9524,0.0238,41,michaelthoward,11,0.4331,1.0000,0.0000,6,5
1189,1667,Triangle25D.java,M,5,2,39,0.9286,0.0476,41,michaelthoward,11,0.3933,1.0000,0.0000,5,5
1189,1689,Graphics25D.java,M,7,3,35,0.9211,0.0789,37,michaelthoward,10,0.0707,0.7067,0.0000,1,9
1189,1691,Cylinder25D.java,M,8,2,30,0.8824,0.0588,33,michaelthoward,7,0.0000,0.0000,0.0000,0,7
1189,1696,Cylinder25D.java,M,63,2,25,0.9259,0.0741,26,michaelthoward,5,0.0881,0.4407,0.0000,0,4
1189,1697,Graphics25D.java,M,65,1,26,0.9630,0.0370,26,michaelthoward,5,0.0881,0.4407,0.0000,0,4
1189,1698,Cylinder25D.java,M,5,3,24,0.8889,0.1111,26,michaelthoward,7,0.1150,0.8052,0.0000,1,6
1189,1699,Cylinder25D.java,M,11,3,24,0.8889,0.1111,26,michaelthoward,9,0.1376,0.7980,0.0000,1,7
1189,1757,AtomShape.java,M,6,2,6,0.7500,0.2500,7,michaelthoward,4,0.2500,1.0000,0.0000,1,3
1189,1758,Cylinder25D.java,M,5,1,6,0.7500,0.1250,7,michaelthoward,4,0.5000,1.0000,0.0000,2,2
1189,1759,Cylinder25D.java,M,5,1,6,0.7500,0.1250,7,michaelthoward,4,0.5000,1.0000,0.0000,2,2
1189,1760,Cylinder25D.java,M,5,1,6,0.7500,0.1250,7,michaelthoward,4,0.5000,1.0000,0.0000,2,2
1189,1761,Cylinder25D.java,M,5,1,6,0.7500,0.1250,7,michaelthoward,6,0.5000,1.0000,0.0000,3,3
1189,1762,Cylinder25D.java,M,5,1,6,0.7500,0.1250,7,michaelthoward,6,0.5000,1.0000,0.0000,3,3
1189,1763,Cylinder25D.java,M,5,1,6,0.7500,0.1250,7,michaelthoward,6,0.5000,1.0000,0.0000,3,3
1189,1764,Cylinder25D.java,M,5,1,6,0.7500,0.1250,7,michaelthoward,6,0.5000,1.0000,0.0000,3,3
1189,1765,Cylinder25D.java,M,21,1,6,0.7500,0.1250,7,michaelthoward,7,0.1429,1.0000,0.0000,1,6
1189,1766,Cylinder25D.java,M,21,1,6,0.7500,0.1250,7,michaelthoward,7,0.1429,1.0000,0.0000,1,6
1189,1770,Cylinder25D.java,M,5,1,0,0.0000,1.0000,0,michaelthoward,10,0.1000,1.0000,0.0000,1,9
1189,1777,Graphics25D.java,M,19,1,0,0.0000,1.0000,0,michaelthoward,9,0.5556,1.0000,0.0000,5,4
1189,1784,Sphere25D.java,M,15,1,0,0.0000,1.0000,0,michaelthoward,3,0.3333,1.0000,0.0000,1,2
1189,1787,AtomShape.java,M,6,1,0,0.0000,1.0000,0,michaelthoward,5,0.6000,1.0000,0.0000,3,2
1189,1788,AtomShape.java,M,6,1,0,0.0000,1.0000,0,michaelthoward,5,0.6000,1.0000,0.0000,3,2
1189,1789,AtomShape.java,M,6,1,0,0.0000,1.0000,0,michaelthoward,5,0.6000,1.0000,0.0000,3,2
1189,1790,AtomShape.java,M,6,1,0,0.0000,1.0000,0,michaelthoward,5,0.6000,1.0000,0.0000,3,2
1190,1482,BondRenderer.java,M,5,10,345,0.9718,0.0282,354,michaelthoward,1,0.0000,0.0000,0.0000,0,1
1190,1770,Cylinder25D.java,M,5,2,0,0.0000,1.0000,1,michaelthoward,10,0.1000,1.0000,0.0000,1,9
1190,1771,Cylinder25D.java,M,5,1,0,0.0000,0.5000,1,michaelthoward,10,0.1000,1.0000,0.0000,1,9
1192,1696,Cylinder25D.java,M,63,3,27,0.9000,0.1000,29,michaelthoward,5,0.0595,0.2973,0.0000,0,4
1192,1698,Cylinder25D.java,M,5,4,26,0.8667,0.1333,29,michaelthoward,7,0.0829,0.5800,0.0000,1,6
1192,1699,Cylinder25D.java,M,11,4,26,0.8667,0.1333,29,michaelthoward,9,0.0929,0.5384,0.0000,1,7
1193,205,ChemFrame.java,M,5,36,840,0.7047,0.0302,1191,michaelthoward,5,0.0000,0.0000,0.0000,0,5
1193,639,ChemFrame.java,M,5,40,1114,0.9653,0.0347,1153,michaelthoward,9,0.0142,0.0178,0.0000,0,9
1193,1288,DisplayControl.java,M,5,24,439,0.9014,0.0493,486,michaelthoward,5,0.1897,0.9486,0.0000,1,4
1193,1341,AtomShape.java,M,6,4,11,0.0255,0.0093,431,michaelthoward,4,0.1541,0.6162,0.0000,1,3
1193,1362,BondRenderer.java,M,5,8,420,0.9813,0.0187,427,michaelthoward,11,0.2824,0.7056,0.0000,2,4
1193,1409,DisplayControl.java,M,5,12,373,0.9031,0.0291,412,michaelthoward,5,0.1897,0.9486,0.0000,1,4
1193,1428,DisplayControl.java,M,5,29,347,0.8610,0.0720,402,michaelthoward,11,0.3430,0.7056,0.0000,3,4
1193,1478,Distributor.java,M,5,7,354,0.9779,0.0193,361,michaelthoward,20,0.0000,0.0000,0.0000,0,20
1193,1482,BondRenderer.java,M,5,11,347,0.9693,0.0307,357,michaelthoward,1,0.0000,0.0000,0.0000,0,1
1193,1487,Distributor.java,M,6,3,347,0.9858,0.0085,351,michaelthoward,5,0.2021,1.0000,0.0000,1,4
1193,1488,Distributor.java,M,6,3,346,0.9830,0.0085,351,michaelthoward,5,0.2021,1.0000,0.0000,1,4
1193,1496,DisplayControl.java,M,5,13,334,0.9543,0.0371,349,michaelthoward,11,0.1291,0.5710,0.0000,1,8
1193,1499,DisplayControl.java,M,5,14,330,0.9483,0.0402,347,michaelthoward,11,0.2752,0.7055,0.0000,2,4
1194,1364,DisplayControl.java,M,7,25,380,0.8858,0.0583,428,michaelthoward,5,0.1831,0.3261,0.0000,0,2
1194,1428,DisplayControl.java,M,5,30,347,0.8589,0.0743,403,michaelthoward,11,0.2909,0.7810,0.0000,3,4
1194,1445,TransformManager.java,M,5,5,386,0.9847,0.0128,391,michaelthoward,0,0.0000,0.0000,0.0000,0,0
1194,1446,TransformManager.java,M,8,4,387,0.9872,0.0102,391,michaelthoward,0,0.0000,0.0000,0.0000,0,0
1194,1496,DisplayControl.java,M,5,14,334,0.9516,0.0399,350,michaelthoward,11,0.1431,0.7050,0.0000,2,8
1194,1499,DisplayControl.java,M,5,15,330,0.9456,0.0430,348,michaelthoward,11,0.2504,0.7810,0.0000,2,4
1194,1613,Graphics25D.java,M,19,5,66,0.8800,0.0667,74,michaelthoward,0,0.0000,0.0000,0.0000,0,0
1194,1614,Graphics25D.java,M,8,13,59,0.7867,0.1733,74,michaelthoward,9,0.6434,1.0000,0.0000,6,2
1194,1618,Graphics25D.java,M,8,6,58,0.9063,0.0938,63,michaelthoward,2,0.2736,0.5472,0.0000,1,1
1194,1619,Graphics25D.java,M,23,5,56,0.8750,0.0781,63,michaelthoward,4,0.3201,0.7771,0.0000,1,2
1194,1622,Graphics25D.java,M,7,12,43,0.7818,0.2182,54,michaelthoward,10,0.1089,0.7880,0.0000,1,8
1194,1625,Graphics25D.java,M,20,12,43,0.7818,0.2182,54,michaelthoward,5,0.3971,0.9105,0.0000,3,2
1194,1626,Graphics25D.java,M,20,12,43,0.7818,0.2182,54,michaelthoward,5,0.3971,0.9105,0.0000,3,2
1194,1628,Graphics25D.java,M,17,4,50,0.9259,0.0741,53,michaelthoward,5,0.3045,1.0000,0.0000,2,3
1194,1630,Graphics25D.java,M,8,11,43,0.7963,0.2037,53,michaelthoward,9,0.6350,1.0000,0.0000,6,2
1194,1631,Graphics25D.java,M,8,12,42,0.7778,0.2222,53,michaelthoward,9,0.6434,1.0000,0.0000,6,2
1194,1632,Graphics25D.java,M,5,10,44,0.8148,0.1852,53,michaelthoward,0,0.0000,0.0000,0.0000,0,0
1194,1633,Graphics25D.java,M,8,10,44,0.8148,0.1852,53,michaelthoward,9,0.5796,1.0000,0.0000,6,2
1194,1634,Graphics25D.java,M,8,13,41,0.7593,0.2407,53,michaelthoward,9,0.6434,1.0000,0.0000,6,2
1194,1635,Graphics25D.java,M,5,10,44,0.8148,0.1852,53,michaelthoward,5,0.2335,0.6301,0.0000,2,3
1194,1636,Graphics25D.java,M,5,14,40,0.7407,0.2593,53,michaelthoward,7,0.0639,0.4472,0.0000,0,6
1194,1637,Graphics25D.java,M,12,10,44,0.8148,0.1852,53,michaelthoward,3,0.4416,0.6624,0.0000,2,1
1194,1640,Graphics25D.java,M,12,9,44,0.8148,0.1667,53,michaelthoward,3,0.5541,1.0000,0.0000,2,1
1194,1641,Graphics25D.java,M,14,9,44,0.8148,0.1667,53,michaelthoward,3,0.5541,1.0000,0.0000,2,1
1194,1642,Graphics25D.java,M,23,4,46,0.8519,0.0741,53,michaelthoward,4,0.2510,0.7771,0.0000,1,2
1194,1644,Graphics25D.java,M,10,9,43,0.7963,0.1667,53,michaelthoward,12,0.0833,1.0000,0.0000,1,11
1194,1645,Graphics25D.java,M,10,9,43,0.7963,0.1667,53,michaelthoward,12,0.0833,1.0000,0.0000,1,11
1194,1648,Graphics25D.java,M,54,4,48,0.9231,0.0769,51,michaelthoward,9,0.2951,0.5374,0.0000,4,3
1194,1649,Graphics25D.java,M,41,4,48,0.9231,0.0769,51,michaelthoward,3,0.0000,0.0000,0.0000,0,3
1194,1650,Graphics25D.java,M,17,1,51,0.9808,0.0192,51,michaelthoward,5,0.3045,1.0000,0.0000,2,3
1194,1689,Graphics25D.java,M,7,4,39,0.9070,0.0930,42,michaelthoward,10,0.1179,0.7880,0.0000,1,8
1194,1690,Graphics25D.java,M,7,1,41,0.9762,0.0238,41,michaelthoward,10,0.0692,0.3909,0.0000,0,8
1194,1697,Graphics25D.java,M,65,2,30,0.9375,0.0625,31,michaelthoward,5,0.2335,0.6301,0.0000,2,3
1194,1768,Graphics25D.java,M,65,1,4,0.6667,0.1667,5,michaelthoward,5,0.2150,0.5374,0.0000,2,3
1194,1772,Graphics25D.java,M,5,1,4,0.6667,0.1667,5,michaelthoward,9,0.3930,1.0000,0.0000,4,5
1194,1773,Graphics25D.java,M,5,1,4,0.6667,0.1667,5,michaelthoward,9,0.3930,1.0000,0.0000,4,5
1194,1774,Graphics25D.java,M,5,1,4,0.6667,0.1667,5,michaelthoward,9,0.3930,1.0000,0.0000,4,5
1194,1775,Graphics25D.java,M,5,1,4,0.6667,0.1667,5,michaelthoward,9,0.3930,1.0000,0.0000,4,5
1194,1776,Graphics25D.java,M,8,1,4,0.6667,0.1667,5,michaelthoward,5,0.4000,1.0000,0.0000,2,3
1194,1777,Graphics25D.java,M,19,2,4,0.6667,0.3333,5,michaelthoward,9,0.6153,1.0000,0.0000,6,3
1194,1778,Graphics25D.java,M,19,1,4,0.6667,0.1667,5,michaelthoward,9,0.3583,0.5374,0.0000,6,3
1194,1779,Graphics25D.java,M,14,1,4,0.6667,0.1667,5,michaelthoward,5,0.4150,1.0000,0.0000,3,2
1194,1780,Graphics25D.java,M,14,1,4,0.6667,0.1667,5,michaelthoward,5,0.4150,1.0000,0.0000,3,2
1194,1781,Graphics25D.java,M,18,1,4,0.6667,0.1667,5,michaelthoward,3,0.3333,1.0000,0.0000,1,2
1194,1782,Graphics25D.java,M,18,1,4,0.6667,0.1667,5,michaelthoward,3,0.3333,1.0000,0.0000,1,2
1198,236,Jmol.java,M,6,36,1003,0.8379,0.0301,1196,egonw,1,0.0000,0.0000,0.0000,0,1
1198,269,Jmol.java,M,6,21,1173,0.9799,0.0175,1196,egonw,7,0.0000,0.0000,0.0000,0,7
1198,270,Jmol.java,M,5,10,966,0.8070,0.0084,1196,egonw,5,0.0000,0.0000,0.0000,0,5
1198,275,Jmol.java,M,5,41,1057,0.8830,0.0343,1196,egonw,9,0.1111,1.0000,0.0000,1,8
1198,523,Jmol.java,M,6,18,986,0.8456,0.0154,1165,egonw,3,0.3333,0.9998,0.0000,1,2
1198,805,JaguarReader.java,M,11,8,927,0.9893,0.0085,936,egonw,4,0.0000,0.0000,0.0000,0,4
1198,823,JaguarReader.java,M,9,7,928,0.9904,0.0075,936,egonw,12,0.0007,0.0045,0.0000,0,12
1198,1040,Jmol.java,M,6,18,703,0.9723,0.0249,722,egonw,3,0.3333,0.9998,0.0000,1,2
1198,1106,ABINITReader.java,M,6,3,619,0.9920,0.0048,623,egonw,9,0.0000,0.0000,0.0000,0,9
1198,1205,ReaderFactory.java,M,5,5,466,0.7806,0.0084,596,egonw,6,0.0170,0.0940,0.0000,0,6
1198,1210,ABINITOutputReader.java,M,5,2,581,0.9932,0.0034,584,egonw,4,0.1966,0.7864,0.0000,1,3
1198,1211,ABINITOutputReader.java,M,7,3,580,0.9915,0.0051,584,egonw,5,0.0000,0.0000,0.0000,0,5
1198,1214,ABINITOutputReader.java,M,6,4,579,0.9897,0.0068,584,egonw,10,0.1996,1.0000,0.0000,2,8
1198,1215,ABINITOutputReader.java,M,6,4,579,0.9897,0.0068,584,egonw,10,0.1996,1.0000,0.0000,2,8
1198,1218,ABINITOutputReader.java,M,5,5,578,0.9880,0.0085,584,egonw,4,0.1966,0.7864,0.0000,1,3
1198,1220,ABINITOutputReader.java,M,6,2,581,0.9932,0.0034,584,egonw,10,0.1993,0.9964,0.0000,2,8
1198,1222,ABINITOutputReader.java,M,6,3,580,0.9915,0.0051,584,egonw,5,0.0000,0.0000,0.0000,0,5
1198,1535,Jmol.java,M,5,3,282,0.9895,0.0105,284,egonw,9,0.1111,1.0000,0.0000,1,8
1198,1595,ABINITReader.java,M,24,1,87,0.9886,0.0114,87,egonw,7,0.0000,0.0000,0.0000,0,7
1198,1793,ABINITReader.java,M,6,1,0,0.0000,1.0000,0,egonw,7,0.0000,0.0000,0.0000,0,7
1198,1806,JaguarReader.java,M,83,1,0,0.0000,1.0000,0,egonw,3,0.0000,0.0000,0.0000,0,3
1201,1210,ABINITOutputReader.java,M,5,3,583,0.9915,0.0051,587,fdortu,6,0.4809,1.0000,0.0000,3,3
1201,1214,ABINITOutputReader.java,M,6,5,581,0.9881,0.0085,587,fdortu,10,0.1536,0.9981,0.0000,2,8
1201,1218,ABINITOutputReader.java,M,5,6,580,0.9864,0.0102,587,fdortu,6,0.4809,1.0000,0.0000,3,3
1201,1220,ABINITOutputReader.java,M,6,3,583,0.9915,0.0051,587,fdortu,10,0.1534,0.9981,0.0000,2,8
1201,1222,ABINITOutputReader.java,M,6,4,582,0.9898,0.0068,587,fdortu,5,0.0000,0.0000,0.0000,0,5
1201,1813,ABINITOutputReader.java,M,5,1,0,0.0000,1.0000,0,fdortu,6,0.5000,1.0000,0.0000,3,3
1201,1814,ABINITOutputReader.java,M,5,1,0,0.0000,1.0000,0,fdortu,6,0.5000,1.0000,0.0000,3,3
1202,1428,DisplayControl.java,M,5,31,354,0.8592,0.0752,411,michaelthoward,11,0.2591,0.8349,0.0000,2,6
1202,1496,DisplayControl.java,M,5,15,341,0.9499,0.0418,358,michaelthoward,11,0.1529,0.7889,0.0000,2,8
1202,1621,Swing25D.java,M,7,3,69,0.9583,0.0417,71,michaelthoward,5,0.0000,0.0000,0.0000,0,5
1203,1815,BandPlotEPSRenderer.java,M,40,1,0,0.0000,1.0000,0,fdortu,7,0.1429,1.0000,0.0000,1,6
1203,1816,BandPlotG2DRenderer.java,M,40,1,0,0.0000,1.0000,0,fdortu,7,0.1429,1.0000,0.0000,1,6
1206,17,ChemFrame.java,M,8,22,888,0.7369,0.0183,1204,michaelthoward,1,0.9999,0.9999,0.9999,1,0
1206,189,ChemFrame.java,M,8,22,1179,0.9784,0.0183,1204,michaelthoward,2,0.0000,0.0000,0.0000,0,2
1206,621,ChemFrame.java,M,5,14,323,0.2758,0.0120,1170,michaelthoward,21,0.0000,0.0000,0.0000,0,21
1206,639,ChemFrame.java,M,5,41,1126,0.9649,0.0351,1166,michaelthoward,10,0.0068,0.0095,0.0000,0,10
1206,887,ChemFrame.java,M,7,3,25,0.0286,0.0034,873,michaelthoward,1,0.0000,0.0000,0.0000,0,1
1206,1045,ChemFrame.java,M,7,12,281,0.3941,0.0168,712,michaelthoward,1,0.9999,0.9999,0.9999,1,0
1206,1046,ChemFrame.java,M,7,8,146,0.2048,0.0112,712,michaelthoward,3,0.3333,1.0000,0.0000,1,2
1206,1262,ChemFrame.java,M,33,13,545,0.9767,0.0233,557,michaelthoward,1,0.0000,0.0000,0.0000,0,1
1206,1288,DisplayControl.java,M,5,25,451,0.9020,0.0500,499,michaelthoward,5,0.1089,0.5444,0.0000,1,4
1206,1292,DisplayControl.java,M,5,44,449,0.9016,0.0884,497,michaelthoward,11,0.1924,0.4244,0.0000,0,5
1206,1310,DisplayControl.java,M,8,36,430,0.8977,0.0752,478,michaelthoward,7,0.1798,0.5393,0.0000,1,4
1206,1341,AtomShape.java,M,6,5,23,0.0517,0.0112,444,michaelthoward,3,0.2517,0.7551,0.0000,1,2
1206,1363,DisplayControl.java,M,8,34,394,0.8934,0.0771,440,michaelthoward,7,0.2702,0.6762,0.0000,3,4
1206,1364,DisplayControl.java,M,7,26,391,0.8866,0.0590,440,michaelthoward,5,0.1478,0.4194,0.0000,0,4
1206,1365,DisplayControl.java,M,7,16,329,0.7460,0.0363,440,michaelthoward,5,0.2363,0.4194,0.0000,0,2
1206,1428,DisplayControl.java,M,5,32,357,0.8582,0.0769,415,michaelthoward,11,0.2400,0.8707,0.0000,2,7
1206,1451,DisplayControl.java,M,8,22,377,0.9449,0.0551,398,michaelthoward,7,0.2908,0.9997,0.0000,2,4
1206,1452,DisplayControl.java,M,8,20,379,0.9499,0.0501,398,michaelthoward,7,0.2908,0.9997,0.0000,2,4
1206,1503,ChemFrameRenderer.java,M,5,3,358,0.9917,0.0083,360,michaelthoward,1,0.0738,0.0738,0.0738,0,1
1206,1757,AtomShape.java,M,6,3,22,0.8800,0.1200,24,michaelthoward,3,0.2517,0.7551,0.0000,1,2
1206,1817,ChemFrame.java,M,12,1,0,0.0000,1.0000,0,michaelthoward,3,0.3333,1.0000,0.0000,1,2
1208,1614,Graphics25D.java,M,8,14,72,0.8090,0.1573,88,michaelthoward,10,0.4949,0.9601,0.0000,6,3
1208,1619,Graphics25D.java,M,23,6,69,0.8846,0.0769,77,michaelthoward,4,0.2983,0.8544,0.0000,1,2
1208,1625,Graphics25D.java,M,20,13,56,0.8116,0.1884,68,michaelthoward,5,0.4843,0.9305,0.0000,3,2
1208,1626,Graphics25D.java,M,20,13,56,0.8116,0.1884,68,michaelthoward,5,0.4843,0.9305,0.0000,3,2
1208,1630,Graphics25D.java,M,8,12,56,0.8235,0.1765,67,michaelthoward,10,0.4908,0.9601,0.0000,6,3
1208,1631,Graphics25D.java,M,8,13,55,0.8088,0.1912,67,michaelthoward,10,0.4506,1.0000,0.0000,5,3
1208,1632,Graphics25D.java,M,5,11,57,0.8382,0.1618,67,michaelthoward,7,0.0000,0.0000,0.0000,0,7
1208,1633,Graphics25D.java,M,8,11,57,0.8382,0.1618,67,michaelthoward,10,0.4546,0.9020,0.0000,5,3
1208,1634,Graphics25D.java,M,8,14,54,0.7941,0.2059,67,michaelthoward,10,0.4506,1.0000,0.0000,5,3
1208,1635,Graphics25D.java,M,5,11,57,0.8382,0.1618,67,michaelthoward,6,0.1186,0.4158,0.0000,0,4
1208,1636,Graphics25D.java,M,5,15,53,0.7794,0.2206,67,michaelthoward,8,0.0415,0.3316,0.0000,0,7
1208,1637,Graphics25D.java,M,12,11,57,0.8382,0.1618,67,michaelthoward,5,0.2493,0.6233,0.0000,2,3
1208,1640,Graphics25D.java,M,12,10,57,0.8382,0.1471,67,michaelthoward,5,0.3247,1.0000,0.0000,2,3
1208,1641,Graphics25D.java,M,14,10,57,0.8382,0.1471,67,michaelthoward,5,0.3247,1.0000,0.0000,2,3
1208,1642,Graphics25D.java,M,23,5,59,0.8676,0.0735,67,michaelthoward,4,0.2515,0.8544,0.0000,1,3
1208,1644,Graphics25D.java,M,10,10,56,0.8235,0.1471,67,michaelthoward,12,0.0833,1.0000,0.0000,1,11
1208,1645,Graphics25D.java,M,10,10,56,0.8235,0.1471,67,michaelthoward,12,0.0833,1.0000,0.0000,1,11
1208,1646,Graphics25D.java,M,8,9,56,0.8235,0.1324,67,michaelthoward,10,0.2643,0.5950,0.0000,4,5
1208,1647,Graphics25D.java,M,6,8,57,0.8382,0.1176,67,michaelthoward,9,0.0000,0.0000,0.0000,0,9
1208,1772,Graphics25D.java,M,5,2,17,0.8500,0.1000,19,michaelthoward,9,0.3662,1.0000,0.0000,3,5
1208,1773,Graphics25D.java,M,5,2,17,0.8500,0.1000,19,michaelthoward,9,0.3662,1.0000,0.0000,3,5
1208,1774,Graphics25D.java,M,5,2,17,0.8500,0.1000,19,michaelthoward,9,0.3662,1.0000,0.0000,3,5
1208,1775,Graphics25D.java,M,5,2,17,0.8500,0.1000,19,michaelthoward,9,0.3662,1.0000,0.0000,3,5
1208,1779,Graphics25D.java,M,14,2,17,0.8500,0.1000,19,michaelthoward,5,0.4982,1.0000,0.0000,3,2
1208,1780,Graphics25D.java,M,14,2,17,0.8500,0.1000,19,michaelthoward,5,0.4982,1.0000,0.0000,3,2
1208,1781,Graphics25D.java,M,18,2,17,0.8500,0.1000,19,michaelthoward,3,0.1322,0.3965,0.0000,0,2
1209,205,ChemFrame.java,M,5,37,854,0.7070,0.0306,1207,michaelthoward,5,0.0000,0.0000,0.0000,0,5
1210,1614,Graphics25D.java,M,8,15,73,0.8022,0.1648,90,michaelthoward,10,0.4838,0.9675,0.0000,5,3
1210,1631,Graphics25D.java,M,8,14,56,0.8000,0.2000,69,michaelthoward,10,0.4529,1.0000,0.0000,5,4
1210,1632,Graphics25D.java,M,5,12,58,0.8286,0.1714,69,michaelthoward,7,0.0000,0.0000,0.0000,0,7
1210,1633,Graphics25D.java,M,8,12,58,0.8286,0.1714,69,michaelthoward,10,0.4500,0.9201,0.0000,5,3
1210,1634,Graphics25D.java,M,8,15,55,0.7857,0.2143,69,michaelthoward,10,0.4529,1.0000,0.0000,5,4
1210,1635,Graphics25D.java,M,5,12,58,0.8286,0.1714,69,michaelthoward,6,0.0843,0.3055,0.0000,0,4
1210,1636,Graphics25D.java,M,5,16,54,0.7714,0.2286,69,michaelthoward,9,0.1400,1.0000,0.0000,1,7
1210,1646,Graphics25D.java,M,8,10,57,0.8143,0.1429,69,michaelthoward,10,0.3063,0.6725,0.0000,5,5
1210,1647,Graphics25D.java,M,6,9,58,0.8286,0.1286,69,michaelthoward,9,0.0000,0.0000,0.0000,0,9
1210,1665,Triangle25D.java,M,5,3,59,0.9365,0.0476,62,michaelthoward,11,0.2309,1.0000,0.0000,2,7
1210,1666,Triangle25D.java,M,5,2,60,0.9524,0.0317,62,michaelthoward,11,0.2254,0.9026,0.0000,2,7
1210,1667,Triangle25D.java,M,5,3,59,0.9365,0.0476,62,michaelthoward,11,0.2309,1.0000,0.0000,2,7
1210,1687,Triangle25D.java,M,12,2,59,0.9672,0.0328,60,michaelthoward,1,1.0000,1.0000,1.0000,1,0
1210,1688,Triangle25D.java,M,12,2,59,0.9672,0.0328,60,michaelthoward,1,1.0000,1.0000,1.0000,1,0
1210,1772,Graphics25D.java,M,5,3,18,0.8182,0.1364,21,michaelthoward,9,0.3556,1.0000,0.0000,3,5
1210,1773,Graphics25D.java,M,5,3,18,0.8182,0.1364,21,michaelthoward,9,0.3556,1.0000,0.0000,3,5
1210,1774,Graphics25D.java,M,5,3,18,0.8182,0.1364,21,michaelthoward,9,0.3556,1.0000,0.0000,3,5
1210,1775,Graphics25D.java,M,5,3,18,0.8182,0.1364,21,michaelthoward,9,0.3556,1.0000,0.0000,3,5
1210,1776,Graphics25D.java,M,8,2,19,0.8636,0.0909,21,michaelthoward,5,0.1529,0.3823,0.0000,0,3
1210,1827,Triangle25D.java,M,5,1,0,0.0000,1.0000,0,michaelthoward,9,0.1111,1.0000,0.0000,1,8
1211,205,ChemFrame.java,M,5,38,855,0.7066,0.0314,1209,michaelthoward,5,0.0000,0.0000,0.0000,0,5
1211,621,ChemFrame.java,M,5,15,327,0.2781,0.0128,1175,michaelthoward,21,0.0000,0.0000,0.0000,0,21
1211,639,ChemFrame.java,M,5,42,1130,0.9642,0.0358,1171,michaelthoward,10,0.0033,0.0046,0.0000,0,10
1211,1817,ChemFrame.java,M,12,2,4,0.6667,0.3333,5,michaelthoward,3,0.1542,0.4626,0.0000,0,2
1211,1818,JmolFrame.java,M,8,1,4,0.6667,0.1667,5,michaelthoward,1,1.0000,1.0000,1.0000,1,0
1211,1822,JmolFrame.java,M,10,1,4,0.6667,0.1667,5,michaelthoward,1,0.0000,0.0000,0.0000,0,1
1211,1824,JmolFrame.java,M,8,1,4,0.6667,0.1667,5,michaelthoward,1,1.0000,1.0000,1.0000,1,0
1213,1785,Sphere25D.java,M,10,1,23,0.9200,0.0400,24,michaelthoward,2,0.5000,1.0000,0.0000,1,1
1213,1786,Sphere25D.java,M,10,1,23,0.9200,0.0400,24,michaelthoward,2,0.5000,1.0000,0.0000,1,1
1215,1785,Sphere25D.java,M,10,2,24,0.8889,0.0741,26,michaelthoward,2,0.5000,1.0000,0.0000,1,1
1215,1786,Sphere25D.java,M,10,2,24,0.8889,0.0741,26,michaelthoward,2,0.5000,1.0000,0.0000,1,1
1216,1758,Cylinder25D.java,M,5,2,32,0.9143,0.0571,34,michaelthoward,6,0.3333,1.0000,0.0000,2,4
1216,1759,Cylinder25D.java,M,5,2,32,0.9143,0.0571,34,michaelthoward,6,0.3333,1.0000,0.0000,2,4
1216,1760,Cylinder25D.java,M,5,2,32,0.9143,0.0571,34,michaelthoward,6,0.3333,1.0000,0.0000,2,4
1216,1761,Cylinder25D.java,M,5,2,32,0.9143,0.0571,34,michaelthoward,7,0.4286,1.0000,0.0000,3,4
1216,1762,Cylinder25D.java,M,5,2,32,0.9143,0.0571,34,michaelthoward,7,0.4286,1.0000,0.0000,3,4
1216,1763,Cylinder25D.java,M,5,2,32,0.9143,0.0571,34,michaelthoward,7,0.4286,1.0000,0.0000,3,4
1216,1764,Cylinder25D.java,M,5,2,32,0.9143,0.0571,34,michaelthoward,7,0.4286,1.0000,0.0000,3,4
1216,1770,Cylinder25D.java,M,5,3,25,0.8929,0.1071,27,michaelthoward,11,0.0909,1.0000,0.0000,1,10
1216,1771,Cylinder25D.java,M,5,2,25,0.8929,0.0714,27,michaelthoward,11,0.0909,1.0000,0.0000,1,10
1218,1696,Cylinder25D.java,M,63,4,52,0.9286,0.0714,55,michaelthoward,5,0.0348,0.1739,0.0000,0,5
1218,1698,Cylinder25D.java,M,5,5,51,0.9107,0.0893,55,michaelthoward,9,0.0227,0.2043,0.0000,0,8
1218,1699,Cylinder25D.java,M,11,5,51,0.9107,0.0893,55,michaelthoward,9,0.0511,0.3149,0.0000,0,8
1218,1758,Cylinder25D.java,M,5,3,33,0.8919,0.0811,36,michaelthoward,6,0.3333,1.0000,0.0000,2,4
1218,1759,Cylinder25D.java,M,5,3,33,0.8919,0.0811,36,michaelthoward,6,0.3333,1.0000,0.0000,2,4
1218,1760,Cylinder25D.java,M,5,3,33,0.8919,0.0811,36,michaelthoward,6,0.3333,1.0000,0.0000,2,4
1218,1761,Cylinder25D.java,M,5,3,33,0.8919,0.0811,36,michaelthoward,7,0.4286,1.0000,0.0000,3,4
1218,1762,Cylinder25D.java,M,5,3,33,0.8919,0.0811,36,michaelthoward,7,0.4286,1.0000,0.0000,3,4
1218,1763,Cylinder25D.java,M,5,3,33,0.8919,0.0811,36,michaelthoward,7,0.4286,1.0000,0.0000,3,4
1218,1764,Cylinder25D.java,M,5,3,33,0.8919,0.0811,36,michaelthoward,7,0.4286,1.0000,0.0000,3,4
1218,1770,Cylinder25D.java,M,5,4,26,0.8667,0.1333,29,michaelthoward,11,0.0909,1.0000,0.0000,1,10
1218,1771,Cylinder25D.java,M,5,3,26,0.8667,0.1000,29,michaelthoward,11,0.0909,1.0000,0.0000,1,10
1219,1292,DisplayControl.java,M,5,45,461,0.9022,0.0881,510,michaelthoward,10,0.1386,0.5398,0.0000,1,8
1219,1310,DisplayControl.java,M,8,37,442,0.8984,0.0752,491,michaelthoward,7,0.2055,0.6511,0.0000,2,4
1219,1363,DisplayControl.java,M,8,35,406,0.8943,0.0771,453,michaelthoward,7,0.2678,0.7947,0.0000,2,4
1219,1365,DisplayControl.java,M,7,17,341,0.7511,0.0374,453,michaelthoward,5,0.1439,0.3088,0.0000,0,2
1219,1452,DisplayControl.java,M,8,21,391,0.9490,0.0510,411,michaelthoward,7,0.2641,0.7947,0.0000,3,4
1219,1478,Distributor.java,M,5,8,379,0.9768,0.0206,387,michaelthoward,21,0.0000,0.0000,0.0000,0,21
1219,1487,Distributor.java,M,6,4,372,0.9841,0.0106,377,michaelthoward,5,0.2012,1.0000,0.0000,1,4
1219,1488,Distributor.java,M,6,4,371,0.9815,0.0106,377,michaelthoward,5,0.2012,1.0000,0.0000,1,4
1219,1496,DisplayControl.java,M,5,16,357,0.9495,0.0426,375,michaelthoward,10,0.1055,0.6295,0.0000,1,8
1219,1830,DisplayControl.java,M,6,1,0,0.0000,1.0000,0,michaelthoward,6,0.0000,0.0000,0.0000,0,6
1220,1632,Graphics25D.java,M,5,13,67,0.8375,0.1625,79,michaelthoward,8,0.1250,1.0000,0.0000,1,7
1220,1658,Shade25D.java,M,8,2,71,0.9595,0.0270,73,michaelthoward,3,0.3333,1.0000,0.0000,1,2
1220,1659,Shade25D.java,M,8,2,71,0.9595,0.0270,73,michaelthoward,3,0.3333,1.0000,0.0000,1,2
1220,1691,Cylinder25D.java,M,8,3,60,0.9231,0.0462,64,michaelthoward,8,0.0000,0.0000,0.0000,0,8
1220,1698,Cylinder25D.java,M,5,6,52,0.8966,0.1034,57,michaelthoward,9,0.0185,0.1663,0.0000,0,9
1220,1834,Cylinder25D.java,M,5,1,0,0.0000,1.0000,0,michaelthoward,8,0.1250,1.0000,0.0000,1,7
1222,1691,Cylinder25D.java,M,8,4,61,0.9104,0.0597,66,michaelthoward,8,0.0000,0.0000,0.0000,0,8
1222,1698,Cylinder25D.java,M,5,7,53,0.8833,0.1167,59,michaelthoward,9,0.0154,0.1389,0.0000,0,9
1223,1619,Graphics25D.java,M,23,7,83,0.8925,0.0753,92,michaelthoward,4,0.3599,0.5534,0.0000,2,1
1223,1620,Graphics25D.java,M,23,5,81,0.8710,0.0538,92,michaelthoward,4,0.2496,0.6455,0.0000,1,2
1223,1626,Graphics25D.java,M,20,14,70,0.8333,0.1667,83,michaelthoward,5,0.4575,0.8508,0.0000,3,2
1223,1631,Graphics25D.java,M,8,15,68,0.8193,0.1807,82,michaelthoward,10,0.4133,0.8329,0.0000,5,3
1223,1633,Graphics25D.java,M,8,13,70,0.8434,0.1566,82,michaelthoward,10,0.4559,0.9373,0.0000,6,3
1223,1640,Graphics25D.java,M,12,11,71,0.8554,0.1325,82,michaelthoward,5,0.2718,1.0000,0.0000,1,3
1223,1641,Graphics25D.java,M,14,11,71,0.8554,0.1325,82,michaelthoward,5,0.2718,1.0000,0.0000,1,3
1223,1643,Graphics25D.java,M,23,5,74,0.8916,0.0602,82,michaelthoward,4,0.3196,0.6455,0.0000,2,2
1223,1644,Graphics25D.java,M,10,11,70,0.8434,0.1325,82,michaelthoward,12,0.0833,1.0000,0.0000,1,11
1223,1645,Graphics25D.java,M,10,11,70,0.8434,0.1325,82,michaelthoward,12,0.0833,1.0000,0.0000,1,11
1223,1646,Graphics25D.java,M,8,11,69,0.8313,0.1325,82,michaelthoward,10,0.3564,0.7257,0.0000,4,3
1223,1647,Graphics25D.java,M,6,10,70,0.8434,0.1205,82,michaelthoward,9,0.0000,0.0000,0.0000,0,9
1223,1697,Graphics25D.java,M,65,3,58,0.9508,0.0492,60,michaelthoward,6,0.0758,0.2354,0.0000,0,4
1223,1772,Graphics25D.java,M,5,4,30,0.8571,0.1143,34,michaelthoward,8,0.3919,1.0000,0.0000,3,5
1223,1773,Graphics25D.java,M,5,4,30,0.8571,0.1143,34,michaelthoward,8,0.3919,1.0000,0.0000,3,5
1223,1774,Graphics25D.java,M,5,4,30,0.8571,0.1143,34,michaelthoward,8,0.3919,1.0000,0.0000,3,5
1223,1775,Graphics25D.java,M,5,4,30,0.8571,0.1143,34,michaelthoward,8,0.3919,1.0000,0.0000,3,5
1223,1776,Graphics25D.java,M,8,3,31,0.8857,0.0857,34,michaelthoward,5,0.0800,0.1999,0.0000,0,5
1223,1777,Graphics25D.java,M,19,3,32,0.9143,0.0857,34,michaelthoward,10,0.3086,0.7974,0.0000,3,4
1223,1778,Graphics25D.java,M,19,2,32,0.9143,0.0571,34,michaelthoward,10,0.2620,0.7974,0.0000,1,5
1223,1779,Graphics25D.java,M,14,3,31,0.8857,0.0857,34,michaelthoward,5,0.4385,1.0000,0.0000,2,2
1223,1780,Graphics25D.java,M,14,3,31,0.8857,0.0857,34,michaelthoward,5,0.4385,1.0000,0.0000,2,2
1223,1781,Graphics25D.java,M,18,3,31,0.8857,0.0857,34,michaelthoward,3,0.2300,0.6900,0.0000,1,2
1223,1782,Graphics25D.java,M,18,2,32,0.9143,0.0571,34,michaelthoward,3,0.2300,0.6900,0.0000,1,2
1224,1698,Cylinder25D.java,M,5,8,54,0.8710,0.1290,61,michaelthoward,9,0.0131,0.1182,0.0000,0,9
1224,1834,Cylinder25D.java,M,5,2,3,0.6000,0.4000,4,michaelthoward,8,0.0588,0.4700,0.0000,0,7
1225,1691,Cylinder25D.java,M,8,5,63,0.9000,0.0714,69,michaelthoward,8,0.0000,0.0000,0.0000,0,8
1225,1698,Cylinder25D.java,M,5,9,54,0.8571,0.1429,62,michaelthoward,9,0.0114,0.1025,0.0000,0,9
1225,1834,Cylinder25D.java,M,5,3,3,0.5000,0.5000,5,michaelthoward,8,0.0380,0.3040,0.0000,0,7
1226,71,MeasurementList.java,M,11,6,1217,0.9935,0.0049,1224,michaelthoward,1,0.0000,0.0000,0.0000,0,1
1226,205,ChemFrame.java,M,5,39,869,0.7094,0.0318,1224,michaelthoward,5,0.0000,0.0000,0.0000,0,5
1226,306,MeasurementList.java,M,5,9,1214,0.9910,0.0073,1224,michaelthoward,19,0.0003,0.0020,0.0000,0,19
1226,314,Measure.java,M,8,6,1217,0.9935,0.0049,1224,michaelthoward,4,0.2500,1.0000,0.0000,1,3
1226,315,Measure.java,M,8,7,1216,0.9927,0.0057,1224,michaelthoward,4,0.2500,1.0000,0.0000,1,3
1226,318,MeasurementList.java,M,8,9,1214,0.9910,0.0073,1224,michaelthoward,1,0.0000,0.0000,0.0000,0,1
1226,320,MeasurementList.java,M,8,9,1214,0.9910,0.0073,1224,michaelthoward,6,0.0000,0.0000,0.0000,0,6
1226,639,ChemFrame.java,M,5,43,1144,0.9638,0.0362,1186,michaelthoward,10,0.0024,0.0033,0.0000,0,10
1226,1289,DisplayControl.java,M,5,21,75,0.1442,0.0404,519,michaelthoward,14,0.2290,1.0000,0.0000,2,8
1226,1364,DisplayControl.java,M,7,27,410,0.8894,0.0586,460,michaelthoward,5,0.0909,0.2329,0.0000,0,4
1226,1487,Distributor.java,M,6,5,378,0.9818,0.0130,384,michaelthoward,4,0.2510,1.0000,0.0000,1,3
1226,1488,Distributor.java,M,6,5,377,0.9792,0.0130,384,michaelthoward,4,0.2510,1.0000,0.0000,1,3
1226,1496,DisplayControl.java,M,5,17,363,0.9478,0.0444,382,michaelthoward,14,0.2491,1.0000,0.0000,3,8
1226,1499,DisplayControl.java,M,5,16,359,0.9423,0.0420,380,michaelthoward,14,0.2808,1.0000,0.0000,4,8
1226,1536,MeasurementManager.java,M,6,1,311,0.9936,0.0032,312,michaelthoward,1,0.0000,0.0000,0.0000,0,1
1226,1537,MeasurementManager.java,M,13,1,311,0.9936,0.0032,312,michaelthoward,1,1.0000,1.0000,1.0000,1,0
1226,1538,MeasurementManager.java,M,13,1,311,0.9936,0.0032,312,michaelthoward,1,1.0000,1.0000,1.0000,1,0
1226,1702,Text25D.java,M,6,2,56,0.9655,0.0345,57,michaelthoward,0,0.0000,0.0000,0.0000,0,0
1226,1741,Text25D.java,M,5,1,47,0.8545,0.0182,54,michaelthoward,9,0.0000,0.0000,0.0000,0,9
1226,1825,JmolFrame.java,M,7,1,19,0.9048,0.0476,20,michaelthoward,1,1.0000,1.0000,1.0000,1,0
1226,1826,JmolFrame.java,M,7,1,19,0.9048,0.0476,20,michaelthoward,1,1.0000,1.0000,1.0000,1,0
1226,1831,Distributor.java,M,6,1,6,0.7500,0.1250,7,michaelthoward,0,0.0000,0.0000,0.0000,0,0
1226,1833,JmolFrame.java,M,6,1,6,0.7500,0.1250,7,michaelthoward,0,0.0000,0.0000,0.0000,0,0
1226,1836,DisplayControl.java,M,5,1,0,0.0000,1.0000,0,michaelthoward,14,0.4286,1.0000,0.0000,6,8
1226,1837,JmolFrame.java,M,8,1,0,0.0000,1.0000,0,michaelthoward,1,0.0000,0.0000,0.0000,0,1
1227,189,ChemFrame.java,M,8,23,1199,0.9780,0.0188,1225,michaelthoward,2,0.0000,0.0000,0.0000,0,2
1227,639,ChemFrame.java,M,5,44,1144,0.9630,0.0370,1187,michaelthoward,10,0.0018,0.0025,0.0000,0,10
1227,1289,DisplayControl.java,M,5,22,75,0.1440,0.0422,520,michaelthoward,14,0.2765,1.0000,0.0000,3,7
1227,1292,DisplayControl.java,M,5,46,468,0.9017,0.0886,518,michaelthoward,14,0.3198,1.0000,0.0000,6,7
1227,1310,DisplayControl.java,M,8,38,449,0.8980,0.0760,499,michaelthoward,7,0.2092,0.7830,0.0000,2,5
1227,1365,DisplayControl.java,M,7,18,348,0.7532,0.0390,461,michaelthoward,5,0.0890,0.1859,0.0000,0,5
1227,1452,DisplayControl.java,M,8,22,398,0.9476,0.0524,419,michaelthoward,7,0.2156,0.6573,0.0000,2,4
1227,1496,DisplayControl.java,M,5,18,363,0.9453,0.0469,383,michaelthoward,14,0.3080,1.0000,0.0000,5,7
1227,1499,DisplayControl.java,M,5,17,359,0.9398,0.0445,381,michaelthoward,14,0.3321,1.0000,0.0000,5,8
1227,1509,Eval.java,M,11,15,363,0.9553,0.0395,379,michaelthoward,4,0.0014,0.0028,0.0000,0,4
1227,1573,ChemFrame.java,M,6,1,151,0.9934,0.0066,151,michaelthoward,13,0.0000,0.0000,0.0000,0,13
1227,1835,DisplayControl.java,M,5,1,1,0.5000,0.5000,1,michaelthoward,14,0.2175,0.5075,0.0000,6,8
1227,1836,DisplayControl.java,M,5,2,0,0.0000,1.0000,1,michaelthoward,14,0.4286,1.0000,0.0000,6,7
1228,791,DisplayPanel.java,M,5,22,768,0.7773,0.0223,987,michaelthoward,4,0.0167,0.0354,0.0000,0,4
1228,1141,PreferencesDialog.java,M,11,11,637,0.9800,0.0169,649,michaelthoward,4,0.0000,0.0000,0.0000,0,4
1228,1144,PreferencesDialog.java,M,5,14,634,0.9754,0.0215,649,michaelthoward,1,0.0018,0.0018,0.0018,0,1
1228,1154,PreferencesDialog.java,M,6,14,634,0.9754,0.0215,649,michaelthoward,1,1.0000,1.0000,1.0000,1,0
1228,1158,PreferencesDialog.java,M,6,14,634,0.9754,0.0215,649,michaelthoward,0,0.0000,0.0000,0.0000,0,0
1228,1159,PreferencesDialog.java,M,6,12,636,0.9785,0.0185,649,michaelthoward,2,0.0018,0.0018,0.0018,0,2
1228,1162,PreferencesDialog.java,M,7,12,636,0.9785,0.0185,649,michaelthoward,1,0.9899,0.9899,0.9899,1,0
1228,1164,PreferencesDialog.java,M,6,10,638,0.9815,0.0154,649,michaelthoward,1,1.0000,1.0000,1.0000,1,0
1228,1169,PreferencesDialog.java,M,7,12,636,0.9785,0.0185,649,michaelthoward,6,0.3411,1.0000,0.0000,2,4
1228,1171,PreferencesDialog.java,M,7,10,638,0.9815,0.0154,649,michaelthoward,6,0.3410,1.0000,0.0000,2,4
1228,1172,PreferencesDialog.java,M,7,8,640,0.9846,0.0123,649,michaelthoward,1,0.9899,0.9899,0.9899,1,0
1228,1173,PreferencesDialog.java,M,5,17,631,0.9708,0.0262,649,michaelthoward,5,0.0024,0.0118,0.0000,0,5
1228,1174,PreferencesDialog.java,M,5,17,631,0.9708,0.0262,649,michaelthoward,10,0.2983,1.0000,0.0000,3,7
1228,1175,PreferencesDialog.java,M,5,14,631,0.9708,0.0215,649,michaelthoward,10,0.2983,1.0000,0.0000,3,7
1228,1176,PreferencesDialog.java,M,6,12,633,0.9738,0.0185,649,michaelthoward,0,0.0000,0.0000,0.0000,0,0
1228,1178,PreferencesDialog.java,M,5,7,424,0.6523,0.0108,649,michaelthoward,10,0.2984,1.0000,0.0000,3,7
1228,1289,DisplayControl.java,M,5,23,75,0.1437,0.0441,521,michaelthoward,14,0.3254,1.0000,0.0000,5,6
1228,1292,DisplayControl.java,M,5,47,468,0.9000,0.0904,519,michaelthoward,14,0.3587,1.0000,0.0000,6,6
1228,1310,DisplayControl.java,M,8,39,449,0.8962,0.0778,500,michaelthoward,7,0.2454,0.8188,0.0000,2,4
1228,1362,BondRenderer.java,M,5,9,454,0.9806,0.0194,462,michaelthoward,14,0.1857,0.5075,0.0000,1,7
1228,1363,DisplayControl.java,M,8,36,414,0.8942,0.0778,462,michaelthoward,7,0.2748,0.8188,0.0000,2,4
1228,1364,DisplayControl.java,M,7,28,411,0.8877,0.0605,462,michaelthoward,5,0.0987,0.3261,0.0000,0,4
1228,1365,DisplayControl.java,M,7,19,348,0.7516,0.0410,462,michaelthoward,5,0.1028,0.3261,0.0000,0,4
1228,1428,DisplayControl.java,M,5,33,371,0.8470,0.0753,437,michaelthoward,14,0.3666,1.0000,0.0000,6,7
1228,1435,PreferencesDialog.java,M,5,8,419,0.9744,0.0186,429,michaelthoward,10,0.2984,1.0000,0.0000,3,7
1228,1451,DisplayControl.java,M,8,23,398,0.9454,0.0546,420,michaelthoward,7,0.1725,0.5219,0.0000,1,4
1228,1452,DisplayControl.java,M,8,23,398,0.9454,0.0546,420,michaelthoward,7,0.2629,0.7259,0.0000,3,4
1228,1489,AtomRenderer.java,M,9,7,378,0.9767,0.0181,386,michaelthoward,3,0.0000,0.0000,0.0000,0,3
1228,1490,BondRenderer.java,M,8,6,379,0.9793,0.0155,386,michaelthoward,1,0.0000,0.0000,0.0000,0,1
1228,1491,Eval.java,M,10,15,372,0.9612,0.0388,386,michaelthoward,1,0.0000,0.0000,0.0000,0,1
1228,1493,Eval.java,M,6,17,369,0.9535,0.0439,386,michaelthoward,7,0.1560,0.2730,0.0000,0,3
1228,1496,DisplayControl.java,M,5,19,363,0.9429,0.0494,384,michaelthoward,14,0.3484,1.0000,0.0000,6,7
1228,1499,DisplayControl.java,M,5,18,359,0.9373,0.0470,382,michaelthoward,14,0.3662,1.0000,0.0000,5,7
1228,1509,Eval.java,M,11,16,363,0.9528,0.0420,380,michaelthoward,4,0.0011,0.0022,0.0000,0,4
1228,1539,PreferencesDialog.java,M,9,2,313,0.9937,0.0063,314,michaelthoward,2,0.0000,0.0000,0.0000,0,2
1228,1551,Eval.java,M,7,8,287,0.9729,0.0271,294,michaelthoward,6,0.0000,0.0000,0.0000,0,6
1228,1578,PreferencesDialog.java,M,6,1,117,0.9915,0.0085,117,michaelthoward,8,0.0000,0.0000,0.0000,0,8
1228,1599,Eval.java,M,25,3,115,0.9746,0.0254,117,michaelthoward,1,1.0000,1.0000,1.0000,1,0
1228,1600,Eval.java,M,25,3,115,0.9746,0.0254,117,michaelthoward,1,1.0000,1.0000,1.0000,1,0
1228,1614,Graphics25D.java,M,8,16,90,0.8257,0.1468,108,michaelthoward,10,0.4437,0.8078,0.0000,5,3
1228,1617,Graphics25D.java,M,8,6,92,0.9388,0.0612,97,michaelthoward,3,0.2437,0.7310,0.0000,1,2
1228,1618,Graphics25D.java,M,8,7,91,0.9286,0.0714,97,michaelthoward,3,0.2437,0.7310,0.0000,1,2
1228,1619,Graphics25D.java,M,23,8,87,0.8878,0.0816,97,michaelthoward,4,0.4693,0.6831,0.0000,3,1
1228,1620,Graphics25D.java,M,23,6,85,0.8673,0.0612,97,michaelthoward,4,0.3983,0.7825,0.0000,2,1
1228,1625,Graphics25D.java,M,20,14,75,0.8427,0.1573,88,michaelthoward,5,0.3426,0.6704,0.0000,3,2
1228,1626,Graphics25D.java,M,20,15,74,0.8315,0.1685,88,michaelthoward,5,0.4938,0.8992,0.0000,3,2
1228,1628,Graphics25D.java,M,17,5,83,0.9432,0.0568,87,michaelthoward,5,0.2580,0.8050,0.0000,1,3
1228,1630,Graphics25D.java,M,8,13,75,0.8523,0.1477,87,michaelthoward,10,0.5267,0.9498,0.0000,7,3
1228,1631,Graphics25D.java,M,8,16,72,0.8182,0.1818,87,michaelthoward,10,0.4651,0.8601,0.0000,6,3
1228,1632,Graphics25D.java,M,5,14,74,0.8409,0.1591,87,michaelthoward,8,0.0274,0.2193,0.0000,0,7
1228,1633,Graphics25D.java,M,8,14,74,0.8409,0.1591,87,michaelthoward,10,0.5086,0.9498,0.0000,7,3
1228,1634,Graphics25D.java,M,8,16,72,0.8182,0.1818,87,michaelthoward,10,0.3992,0.8601,0.0000,4,3
1228,1635,Graphics25D.java,M,5,13,75,0.8523,0.1477,87,michaelthoward,6,0.2090,0.4855,0.0000,0,3
1228,1636,Graphics25D.java,M,5,17,71,0.8068,0.1932,87,michaelthoward,9,0.0509,0.3682,0.0000,0,8
1228,1637,Graphics25D.java,M,12,12,76,0.8636,0.1364,87,michaelthoward,5,0.1845,0.4613,0.0000,0,3
1228,1640,Graphics25D.java,M,12,12,75,0.8523,0.1364,87,michaelthoward,5,0.2923,1.0000,0.0000,1,3
1228,1641,Graphics25D.java,M,14,12,75,0.8523,0.1364,87,michaelthoward,5,0.2923,1.0000,0.0000,1,3
1228,1642,Graphics25D.java,M,23,6,77,0.8750,0.0682,87,michaelthoward,4,0.3302,0.6831,0.0000,1,1
1228,1643,Graphics25D.java,M,23,6,78,0.8864,0.0682,87,michaelthoward,4,0.4510,0.7825,0.0000,2,1
1228,1644,Graphics25D.java,M,10,12,74,0.8409,0.1364,87,michaelthoward,10,0.1000,1.0000,0.0000,1,9
1228,1645,Graphics25D.java,M,10,12,74,0.8409,0.1364,87,michaelthoward,10,0.1000,1.0000,0.0000,1,9
1228,1646,Graphics25D.java,M,8,12,73,0.8295,0.1364,87,michaelthoward,10,0.4326,0.7804,0.0000,6,3
1228,1647,Graphics25D.java,M,6,11,74,0.8409,0.1250,87,michaelthoward,2,0.0000,0.0000,0.0000,0,2
1228,1649,Graphics25D.java,M,41,5,81,0.9419,0.0581,85,michaelthoward,4,0.2500,1.0000,0.0000,1,3
1228,1650,Graphics25D.java,M,17,2,84,0.9767,0.0233,85,michaelthoward,5,0.2580,0.8050,0.0000,1,3
1228,1697,Graphics25D.java,M,65,4,62,0.9394,0.0606,65,michaelthoward,6,0.2240,0.5374,0.0000,1,3
1228,1768,Graphics25D.java,M,65,2,37,0.9250,0.0500,39,michaelthoward,6,0.2930,0.7350,0.0000,2,3
1228,1769,Graphics25D.java,M,65,1,38,0.9500,0.0250,39,michaelthoward,6,0.2478,0.7350,0.0000,1,3
1228,1772,Graphics25D.java,M,5,5,34,0.8500,0.1250,39,michaelthoward,7,0.4676,1.0000,0.0000,3,3
1228,1773,Graphics25D.java,M,5,5,34,0.8500,0.1250,39,michaelthoward,7,0.4676,1.0000,0.0000,3,3
1228,1774,Graphics25D.java,M,5,5,34,0.8500,0.1250,39,michaelthoward,7,0.4676,1.0000,0.0000,3,3
1228,1775,Graphics25D.java,M,5,5,34,0.8500,0.1250,39,michaelthoward,7,0.4676,1.0000,0.0000,3,3
1228,1776,Graphics25D.java,M,8,4,35,0.8750,0.1000,39,michaelthoward,5,0.1941,0.4852,0.0000,0,3
1228,1777,Graphics25D.java,M,19,4,36,0.9000,0.1000,39,michaelthoward,10,0.4080,0.8774,0.0000,5,3
1228,1778,Graphics25D.java,M,19,3,36,0.9000,0.0750,39,michaelthoward,10,0.3746,0.8774,0.0000,4,3
1228,1779,Graphics25D.java,M,14,4,35,0.8750,0.1000,39,michaelthoward,5,0.4841,1.0000,0.0000,3,2
1228,1780,Graphics25D.java,M,14,4,35,0.8750,0.1000,39,michaelthoward,5,0.4841,1.0000,0.0000,3,2
1228,1781,Graphics25D.java,M,18,4,35,0.8750,0.1000,39,michaelthoward,3,0.2673,0.8019,0.0000,1,2
1228,1782,Graphics25D.java,M,18,3,36,0.9000,0.0750,39,michaelthoward,3,0.2673,0.8019,0.0000,1,2
1228,1824,JmolFrame.java,M,8,2,20,0.8696,0.0870,22,michaelthoward,1,0.5150,0.5150,0.5150,1,0
1228,1833,JmolFrame.java,M,6,2,7,0.7000,0.2000,9,michaelthoward,0,0.0000,0.0000,0.0000,0,0
1228,1835,DisplayControl.java,M,5,2,1,0.3333,0.6667,2,michaelthoward,14,0.3262,0.6766,0.0000,7,7
1228,1836,DisplayControl.java,M,5,3,0,0.0000,1.0000,2,michaelthoward,14,0.4531,1.0000,0.0000,6,6
1228,1837,JmolFrame.java,M,8,2,1,0.3333,0.6667,2,michaelthoward,1,0.5150,0.5150,0.5150,1,0
1228,1838,BondRenderer.java,M,5,1,0,0.0000,1.0000,0,michaelthoward,3,0.0000,0.0000,0.0000,0,3
1228,1839,Graphics25D.java,M,41,1,0,0.0000,1.0000,0,michaelthoward,4,0.2500,1.0000,0.0000,1,3
1231,1424,Eval.java,M,5,11,439,0.9734,0.0244,450,michaelthoward,0,0.0000,0.0000,0.0000,0,0
1231,1499,DisplayControl.java,M,5,19,361,0.9352,0.0492,385,michaelthoward,14,0.2958,0.7269,0.0000,4,7
1231,1505,Eval.java,M,6,11,373,0.9714,0.0286,383,michaelthoward,4,0.0000,0.0000,0.0000,0,4
1231,1512,Eval.java,M,9,9,373,0.9764,0.0236,381,michaelthoward,7,0.2856,0.9997,0.0000,2,5
1231,1513,Eval.java,M,9,11,371,0.9712,0.0288,381,michaelthoward,7,0.2830,0.9908,0.0000,2,5
1231,1520,Eval.java,M,9,10,365,0.9733,0.0267,374,michaelthoward,7,0.2857,0.9997,0.0000,2,5
1231,1526,Eval.java,M,6,7,359,0.9809,0.0191,365,michaelthoward,4,0.0000,0.0000,0.0000,0,4
1231,1818,JmolFrame.java,M,8,2,18,0.6923,0.0769,25,michaelthoward,2,0.4947,0.6289,0.3604,1,0
1231,1824,JmolFrame.java,M,8,3,22,0.8462,0.1154,25,michaelthoward,2,0.6593,0.6898,0.6289,2,0
1231,1833,JmolFrame.java,M,6,3,9,0.6923,0.2308,12,michaelthoward,2,0.0000,0.0000,0.0000,0,2
1231,1837,JmolFrame.java,M,8,3,3,0.5000,0.5000,5,michaelthoward,2,0.5251,0.6898,0.3604,1,0
1231,1842,JmolFrame.java,M,34,1,0,0.0000,1.0000,0,michaelthoward,1,1.0000,1.0000,1.0000,1,0
1231,1843,JmolFrame.java,M,34,1,0,0.0000,1.0000,0,michaelthoward,1,1.0000,1.0000,1.0000,1,0
1231,1844,JmolFrame.java,M,8,1,0,0.0000,1.0000,0,michaelthoward,1,1.0000,1.0000,1.0000,1,0
1231,1845,JmolFrame.java,M,8,1,0,0.0000,1.0000,0,michaelthoward,1,1.0000,1.0000,1.0000,1,0
1232,1846,JmolFrame.java,M,5,1,0,0.0000,1.0000,0,michaelthoward,2,0.0000,0.0000,0.0000,0,2
1233,1487,Distributor.java,M,6,6,384,0.9796,0.0153,391,michaelthoward,4,0.2504,1.0000,0.0000,1,3
1233,1488,Distributor.java,M,6,6,383,0.9770,0.0153,391,michaelthoward,4,0.2504,1.0000,0.0000,1,3
1233,1828,Distributor.java,M,5,1,13,0.8667,0.0667,14,michaelthoward,5,0.0000,0.0000,0.0000,0,5
1234,1702,Text25D.java,M,6,3,63,0.9545,0.0455,65,michaelthoward,0,0.0000,0.0000,0.0000,0,0
1234,1741,Text25D.java,M,5,2,54,0.8571,0.0317,62,michaelthoward,9,0.0000,0.0000,0.0000,0,9
1236,1428,DisplayControl.java,M,5,34,378,0.8475,0.0762,445,michaelthoward,14,0.3107,1.0000,0.0000,4,7
1236,1470,AtomRenderer.java,M,7,4,70,0.1695,0.0097,412,michaelthoward,5,0.0392,0.1962,0.0000,0,5
1236,1475,LabelRenderer.java,M,7,2,28,0.0686,0.0049,407,michaelthoward,0,0.0000,0.0000,0.0000,0,0
1236,1487,Distributor.java,M,6,7,386,0.9772,0.0177,394,michaelthoward,4,0.2504,1.0000,0.0000,1,3
1236,1488,Distributor.java,M,6,7,385,0.9747,0.0177,394,michaelthoward,4,0.2504,1.0000,0.0000,1,3
1236,1489,AtomRenderer.java,M,9,8,385,0.9747,0.0203,394,michaelthoward,3,0.0000,0.0000,0.0000,0,3
1236,1499,DisplayControl.java,M,5,20,365,0.9335,0.0512,390,michaelthoward,14,0.2713,0.7927,0.0000,4,8
1236,1825,JmolFrame.java,M,7,2,28,0.9032,0.0645,30,michaelthoward,1,1.0000,1.0000,1.0000,1,0
1236,1826,JmolFrame.java,M,7,2,28,0.9032,0.0645,30,michaelthoward,1,1.0000,1.0000,1.0000,1,0
1236,1828,Distributor.java,M,5,2,15,0.8333,0.1111,17,michaelthoward,5,0.0000,0.0000,0.0000,0,5
1236,1836,DisplayControl.java,M,5,4,7,0.6364,0.3636,10,michaelthoward,14,0.3440,1.0000,0.0000,5,6
1237,1289,DisplayControl.java,M,5,24,83,0.1563,0.0452,530,michaelthoward,14,0.3106,0.7769,0.0000,5,7
1237,1292,DisplayControl.java,M,5,48,476,0.8998,0.0907,528,michaelthoward,14,0.3358,0.7769,0.0000,6,7
1237,1364,DisplayControl.java,M,7,29,419,0.8877,0.0614,471,michaelthoward,5,0.1153,0.4502,0.0000,0,4
1237,1365,DisplayControl.java,M,7,20,356,0.7542,0.0424,471,michaelthoward,5,0.1176,0.4502,0.0000,0,4
1237,1428,DisplayControl.java,M,5,35,378,0.8456,0.0783,446,michaelthoward,14,0.3320,1.0000,0.0000,6,7
1237,1451,DisplayControl.java,M,8,24,406,0.9442,0.0558,429,michaelthoward,7,0.1996,0.6488,0.0000,1,4
1237,1452,DisplayControl.java,M,8,24,406,0.9442,0.0558,429,michaelthoward,7,0.2577,0.6515,0.0000,3,4
1237,1496,DisplayControl.java,M,5,20,371,0.9416,0.0508,393,michaelthoward,14,0.3267,0.7769,0.0000,6,7
1237,1499,DisplayControl.java,M,5,21,365,0.9311,0.0536,391,michaelthoward,14,0.2964,0.8339,0.0000,4,8
1237,1835,DisplayControl.java,M,5,3,9,0.7500,0.2500,11,michaelthoward,14,0.3091,0.7769,0.0000,5,7
1237,1836,DisplayControl.java,M,5,5,7,0.5833,0.4167,11,michaelthoward,14,0.3636,1.0000,0.0000,6,8
1238,1341,AtomShape.java,M,6,6,54,0.1132,0.0126,476,michaelthoward,3,0.1999,0.5997,0.0000,1,2
1238,1487,Distributor.java,M,6,8,387,0.9748,0.0202,396,michaelthoward,4,0.2503,1.0000,0.0000,1,3
1238,1488,Distributor.java,M,6,8,386,0.9723,0.0202,396,michaelthoward,4,0.2503,1.0000,0.0000,1,3
1238,1496,DisplayControl.java,M,5,21,371,0.9392,0.0532,394,michaelthoward,14,0.2781,0.6814,0.0000,6,8
1238,1757,AtomShape.java,M,6,4,53,0.9298,0.0702,56,michaelthoward,3,0.1999,0.5997,0.0000,1,2
1239,791,DisplayPanel.java,M,5,23,778,0.7788,0.0230,998,michaelthoward,4,0.1487,0.5811,0.0000,1,3
1239,1432,Eval.java,M,18,18,426,0.9595,0.0405,443,michaelthoward,5,0.2208,1.0000,0.0000,1,4
1239,1433,Eval.java,M,18,14,426,0.9595,0.0315,443,michaelthoward,5,0.2208,1.0000,0.0000,1,4
1239,1491,Eval.java,M,10,16,382,0.9598,0.0402,397,michaelthoward,1,0.0000,0.0000,0.0000,0,1
1239,1493,Eval.java,M,6,18,379,0.9523,0.0452,397,michaelthoward,7,0.1131,0.1979,0.0000,0,7
1239,1496,DisplayControl.java,M,5,22,371,0.9369,0.0556,395,michaelthoward,14,0.2445,0.7170,0.0000,3,8
1239,1499,DisplayControl.java,M,5,22,366,0.9289,0.0558,393,michaelthoward,14,0.2399,0.7170,0.0000,3,8
1239,1507,Eval.java,M,11,14,378,0.9643,0.0357,391,michaelthoward,8,0.0000,0.0000,0.0000,0,8
1239,1509,Eval.java,M,11,17,373,0.9515,0.0434,391,michaelthoward,4,0.0005,0.0011,0.0000,0,4
1239,1532,DisplayPanel.java,M,5,5,330,0.9821,0.0149,335,michaelthoward,4,0.1459,0.5811,0.0000,1,3
1239,1551,Eval.java,M,7,9,297,0.9706,0.0294,305,michaelthoward,6,0.0000,0.0000,0.0000,0,6
1239,1818,JmolFrame.java,M,8,3,25,0.7353,0.0882,33,michaelthoward,2,0.5012,0.7552,0.2472,1,0
1239,1824,JmolFrame.java,M,8,4,29,0.8529,0.1176,33,michaelthoward,2,0.6141,0.7552,0.4731,1,0
1239,1826,JmolFrame.java,M,7,3,30,0.8824,0.0882,33,michaelthoward,1,0.6140,0.6140,0.6140,1,0
1239,1842,JmolFrame.java,M,34,2,7,0.7778,0.2222,8,michaelthoward,1,1.0000,1.0000,1.0000,1,0
1239,1843,JmolFrame.java,M,34,2,7,0.7778,0.2222,8,michaelthoward,1,1.0000,1.0000,1.0000,1,0
1239,1844,JmolFrame.java,M,8,2,7,0.7778,0.2222,8,michaelthoward,2,0.5000,1.0000,0.0000,1,1
1239,1845,JmolFrame.java,M,8,2,7,0.7778,0.2222,8,michaelthoward,2,0.5000,1.0000,0.0000,1,1
1239,1855,JmolFrame.java,M,5,1,0,0.0000,1.0000,0,michaelthoward,1,0.0000,0.0000,0.0000,0,1
1240,639,ChemFrame.java,M,5,45,1156,0.9625,0.0375,1200,michaelthoward,10,0.0013,0.0019,0.0000,0,10
1240,1613,Graphics25D.java,M,19,6,111,0.9174,0.0496,120,michaelthoward,2,0.0000,0.0000,0.0000,0,2
1240,1617,Graphics25D.java,M,8,7,103,0.9364,0.0636,109,michaelthoward,3,0.1540,0.4621,0.0000,0,2
1240,1625,Graphics25D.java,M,20,15,86,0.8515,0.1485,100,michaelthoward,3,0.2483,0.7450,0.0000,1,2
1240,1626,Graphics25D.java,M,20,16,85,0.8416,0.1584,100,michaelthoward,3,0.2483,0.7450,0.0000,1,2
1240,1628,Graphics25D.java,M,17,6,94,0.9400,0.0600,99,michaelthoward,4,0.2236,0.8945,0.0000,1,3
1240,1631,Graphics25D.java,M,8,17,83,0.8300,0.1700,99,michaelthoward,8,0.4913,0.8865,0.0000,5,3
1240,1633,Graphics25D.java,M,8,15,85,0.8500,0.1500,99,michaelthoward,8,0.5043,0.9610,0.0000,5,3
1240,1634,Graphics25D.java,M,8,17,83,0.8300,0.1700,99,michaelthoward,8,0.4606,0.8865,0.0000,5,3
1240,1635,Graphics25D.java,M,5,14,86,0.8600,0.1400,99,michaelthoward,3,0.0000,0.0000,0.0000,0,3
1240,1636,Graphics25D.java,M,5,18,82,0.8200,0.1800,99,michaelthoward,9,0.0299,0.1932,0.0000,0,9
1240,1637,Graphics25D.java,M,12,13,87,0.8700,0.1300,99,michaelthoward,4,0.1404,0.5617,0.0000,1,3
1240,1640,Graphics25D.java,M,12,13,86,0.8600,0.1300,99,michaelthoward,4,0.1404,0.5617,0.0000,1,3
1240,1646,Graphics25D.java,M,8,13,84,0.8400,0.1300,99,michaelthoward,8,0.4527,0.8293,0.0000,5,3
1240,1649,Graphics25D.java,M,41,6,92,0.9388,0.0612,97,michaelthoward,4,0.2500,1.0000,0.0000,1,3
1240,1650,Graphics25D.java,M,17,3,95,0.9694,0.0306,97,michaelthoward,4,0.2236,0.8945,0.0000,1,3
1240,1818,JmolFrame.java,M,8,4,25,0.7143,0.1143,34,michaelthoward,2,0.6251,0.8188,0.4313,1,0
1240,1824,JmolFrame.java,M,8,5,29,0.8286,0.1429,34,michaelthoward,2,0.7104,0.8188,0.6019,2,0
1240,1826,JmolFrame.java,M,7,4,30,0.8571,0.1143,34,michaelthoward,1,0.4393,0.4393,0.4393,0,0
1240,1833,JmolFrame.java,M,6,4,17,0.7727,0.1818,21,michaelthoward,2,0.0000,0.0000,0.0000,0,2
1240,1837,JmolFrame.java,M,8,4,11,0.7333,0.2667,14,michaelthoward,2,0.5166,0.6019,0.4313,1,0
1240,1839,Graphics25D.java,M,41,2,11,0.8462,0.1538,12,michaelthoward,4,0.2500,1.0000,0.0000,1,3
1240,1845,JmolFrame.java,M,8,3,7,0.7000,0.3000,9,michaelthoward,2,0.4985,0.6342,0.3627,1,0
1240,1846,JmolFrame.java,M,5,2,7,0.7778,0.2222,8,michaelthoward,2,0.1814,0.3627,0.0000,0,1
1240,1855,JmolFrame.java,M,5,2,0,0.0000,1.0000,1,michaelthoward,1,0.0000,0.0000,0.0000,0,1
1244,873,Atom.java,M,10,6,906,0.9934,0.0066,911,michaelthoward,5,0.0000,0.0000,0.0000,0,5
1244,1005,Atom.java,M,5,10,480,0.5948,0.0124,806,michaelthoward,0,0.0000,0.0000,0.0000,0,0
1248,665,PropertyGraph.java,M,6,8,1142,0.9913,0.0069,1151,michaelthoward,2,0.5000,1.0000,0.0000,1,1
1248,693,PropertyGraph.java,M,6,8,1099,0.9910,0.0072,1108,michaelthoward,13,0.0772,0.9990,0.0000,1,12
1248,694,PropertyGraph.java,M,6,6,1101,0.9928,0.0054,1108,michaelthoward,13,0.0768,0.9990,0.0000,1,12
1248,856,PropertyGraph.java,M,6,6,940,0.9926,0.0063,946,michaelthoward,2,0.5000,1.0000,0.0000,1,1
1248,1909,Jmol.java,M,5,1,0,0.0000,1.0000,0,michaelthoward,1,0.0000,0.0000,0.0000,0,1
1250,1531,JmolApplet.java,M,6,5,341,0.9799,0.0144,347,michaelthoward,1,0.0004,0.0004,0.0004,0,1
1251,1292,DisplayControl.java,M,5,49,489,0.9006,0.0902,542,michaelthoward,12,0.3589,0.8485,0.0000,6,6
1251,1428,DisplayControl.java,M,5,36,391,0.8482,0.0781,460,michaelthoward,12,0.3602,1.0000,0.0000,5,6
1251,1496,DisplayControl.java,M,5,23,382,0.9363,0.0564,407,michaelthoward,12,0.3015,0.7560,0.0000,5,6
1251,1499,DisplayControl.java,M,5,23,377,0.9286,0.0567,405,michaelthoward,12,0.2967,0.7560,0.0000,4,6
1251,1835,DisplayControl.java,M,5,4,22,0.8462,0.1538,25,michaelthoward,12,0.3358,0.8485,0.0000,5,6
1251,1836,DisplayControl.java,M,5,6,20,0.7692,0.2308,25,michaelthoward,12,0.3751,1.0000,0.0000,6,6
1252,137,Vibrate.java,M,6,9,1240,0.9912,0.0072,1250,michaelthoward,5,0.0000,0.0000,0.0000,0,5
1252,1363,DisplayControl.java,M,8,37,437,0.8973,0.0760,486,michaelthoward,7,0.2202,0.8409,0.0000,1,4
1252,1522,ModelManager.java,M,5,2,83,0.2112,0.0051,392,michaelthoward,9,0.0000,0.0000,0.0000,0,9
1253,1310,DisplayControl.java,M,8,40,473,0.8992,0.0760,525,michaelthoward,6,0.1769,0.8621,0.0000,1,5
1253,1364,DisplayControl.java,M,7,30,434,0.8893,0.0615,487,michaelthoward,5,0.1306,0.5763,0.0000,1,4
1253,1365,DisplayControl.java,M,7,21,371,0.7602,0.0430,487,michaelthoward,5,0.1314,0.5763,0.0000,1,4
1253,1449,ModelManager.java,M,5,7,425,0.9529,0.0157,445,michaelthoward,13,0.1028,0.3185,0.0000,0,10
1253,1499,DisplayControl.java,M,5,24,378,0.9265,0.0588,407,michaelthoward,13,0.2846,0.7146,0.0000,4,7
1253,1835,DisplayControl.java,M,5,5,23,0.8214,0.1786,27,michaelthoward,13,0.3063,0.7696,0.0000,4,6
1253,1836,DisplayControl.java,M,5,7,21,0.7500,0.2500,27,michaelthoward,13,0.3459,1.0000,0.0000,5,6
1254,1341,AtomShape.java,M,6,7,69,0.1400,0.0142,492,michaelthoward,3,0.2466,0.7398,0.0000,1,2
1254,1487,Distributor.java,M,6,9,402,0.9734,0.0218,412,michaelthoward,6,0.1668,1.0000,0.0000,1,5
1254,1488,Distributor.java,M,6,9,401,0.9709,0.0218,412,michaelthoward,6,0.1668,1.0000,0.0000,1,5
1254,1496,DisplayControl.java,M,5,24,384,0.9343,0.0584,410,michaelthoward,13,0.2259,0.6990,0.0000,2,7
1254,1757,AtomShape.java,M,6,5,68,0.9315,0.0685,72,michaelthoward,3,0.2466,0.7398,0.0000,1,2
1254,1833,JmolFrame.java,M,6,5,30,0.8333,0.1389,35,michaelthoward,2,0.0000,0.0000,0.0000,0,2
1254,1844,JmolFrame.java,M,8,3,21,0.8750,0.1250,23,michaelthoward,2,0.3815,0.4074,0.3557,0,0
1254,1846,JmolFrame.java,M,5,3,20,0.8696,0.1304,22,michaelthoward,2,0.2947,0.3557,0.2337,0,0
1254,1855,JmolFrame.java,M,5,3,13,0.8125,0.1875,15,michaelthoward,1,0.0000,0.0000,0.0000,0,1
1255,1005,Atom.java,M,5,11,490,0.5990,0.0134,817,michaelthoward,0,0.0000,0.0000,0.0000,0,0
1259,1912,DeprecatedAdapter.java,M,5,1,0,0.0000,1.0000,0,michaelthoward,6,0.0000,0.0000,0.0000,0,6
1259,1914,JmolFrameBuilder.java,M,7,1,0,0.0000,1.0000,0,michaelthoward,4,0.2500,1.0000,0.0000,1,3
1259,1916,JmolFrameBuilder.java,M,7,1,0,0.0000,1.0000,0,michaelthoward,4,0.2500,1.0000,0.0000,1,3
1261,1470,AtomRenderer.java,M,7,5,94,0.2146,0.0114,437,michaelthoward,4,0.1756,0.7025,0.0000,1,3
1261,1471,BondRenderer.java,M,7,3,147,0.3356,0.0068,437,michaelthoward,4,0.1756,0.7025,0.0000,1,3
1261,1475,LabelRenderer.java,M,7,3,52,0.1201,0.0069,432,michaelthoward,0,0.0000,0.0000,0.0000,0,0
1261,1489,AtomRenderer.java,M,9,9,409,0.9738,0.0214,419,michaelthoward,3,0.0000,0.0000,0.0000,0,3
1261,1490,BondRenderer.java,M,8,7,411,0.9786,0.0167,419,michaelthoward,1,0.0000,0.0000,0.0000,0,1
1262,76,Aces2Reader.java,M,37,5,1254,0.9944,0.0040,1260,michaelthoward,9,0.7778,1.0000,0.0000,7,2
1262,77,GamessReader.java,M,37,7,1252,0.9929,0.0056,1260,michaelthoward,9,0.7778,1.0000,0.0000,7,2
1262,78,ADFReader.java,M,37,5,1254,0.9944,0.0040,1260,michaelthoward,9,0.7778,1.0000,0.0000,7,2
1262,79,Gaussian94Reader.java,M,37,7,1252,0.9929,0.0056,1260,michaelthoward,9,0.7778,1.0000,0.0000,7,2
1262,80,Gaussian98Reader.java,M,37,8,1251,0.9921,0.0063,1260,michaelthoward,9,0.7778,1.0000,0.0000,7,2
1262,81,Gaussian92Reader.java,M,37,5,1254,0.9944,0.0040,1260,michaelthoward,9,0.7778,1.0000,0.0000,7,2
1262,82,Aces2Reader.java,M,5,6,1253,0.9937,0.0048,1260,michaelthoward,12,0.5001,1.0000,0.0000,6,6
1262,83,Aces2Reader.java,M,5,7,1252,0.9929,0.0056,1260,michaelthoward,12,0.5001,1.0000,0.0000,6,6
1262,99,ADFReader.java,M,5,7,1252,0.9929,0.0056,1260,michaelthoward,12,0.5001,1.0000,0.0000,6,6
1262,137,Vibrate.java,M,6,10,1249,0.9905,0.0079,1260,michaelthoward,5,0.0000,0.0000,0.0000,0,5
1262,239,GamessReader.java,M,8,6,1253,0.9937,0.0048,1260,michaelthoward,10,0.6930,1.0000,0.0000,8,2
1262,245,Gaussian92Reader.java,M,5,7,1252,0.9929,0.0056,1260,michaelthoward,12,0.5001,1.0000,0.0000,6,6
1262,247,Gaussian94Reader.java,M,5,7,1252,0.9929,0.0056,1260,michaelthoward,12,0.5001,1.0000,0.0000,6,6
1262,275,Jmol.java,M,5,42,1120,0.8882,0.0333,1260,michaelthoward,9,0.0151,0.1360,0.0000,0,9
1262,314,Measure.java,M,8,7,1252,0.9929,0.0056,1260,michaelthoward,5,0.3493,1.0000,0.0000,2,3
1262,315,Measure.java,M,8,8,1251,0.9921,0.0063,1260,michaelthoward,5,0.3493,1.0000,0.0000,2,3
1262,316,Measure.java,M,8,6,1253,0.9937,0.0048,1260,michaelthoward,5,0.2986,0.7465,0.0000,2,3
1262,332,MeasurementList.java,M,5,10,1249,0.9905,0.0079,1260,michaelthoward,24,0.0834,1.0000,0.0000,2,22
1262,334,MeasurementList.java,M,5,10,1249,0.9905,0.0079,1260,michaelthoward,24,0.0834,1.0000,0.0000,2,22
1262,791,DisplayPanel.java,M,5,24,800,0.7828,0.0235,1021,michaelthoward,4,0.3349,0.8031,0.0000,2,2
1262,792,DisplayPanel.java,M,5,27,994,0.9726,0.0264,1021,michaelthoward,1,0.0000,0.0000,0.0000,0,1
1262,793,DisplayPanel.java,M,5,27,905,0.8855,0.0264,1021,michaelthoward,3,0.3289,0.9866,0.0000,1,2
1262,802,Gaussian90Reader.java,M,37,5,994,0.9930,0.0050,1000,michaelthoward,9,0.7778,1.0000,0.0000,7,2
1262,803,DaltonReader.java,M,5,6,993,0.9920,0.0060,1000,michaelthoward,12,0.5001,1.0000,0.0000,6,6
1262,804,Gaussian90Reader.java,M,5,7,992,0.9910,0.0070,1000,michaelthoward,12,0.5001,1.0000,0.0000,6,6
1262,805,JaguarReader.java,M,11,9,990,0.9890,0.0090,1000,michaelthoward,0,0.0000,0.0000,0.0000,0,0
1262,806,Gaussian90Reader.java,M,8,5,994,0.9930,0.0050,1000,michaelthoward,10,0.6930,1.0000,0.0000,8,2
1262,900,Gaussian98Reader.java,M,8,4,923,0.9946,0.0043,927,michaelthoward,10,0.6930,1.0000,0.0000,8,2
1262,997,DisplayPanel.java,M,5,3,519,0.5858,0.0034,885,michaelthoward,4,0.2979,0.6604,0.0000,2,2
1262,1020,GhemicalMMReader.java,M,6,3,807,0.9938,0.0037,811,michaelthoward,1,1.0000,1.0000,1.0000,1,0
1262,1021,MdlReader.java,M,6,3,808,0.9951,0.0037,811,michaelthoward,1,1.0000,1.0000,1.0000,1,0
1262,1028,Mopac7Reader.java,M,37,3,786,0.9937,0.0038,790,michaelthoward,2,0.5000,1.0000,0.0000,1,1
1262,1029,Mopac97Reader.java,M,37,4,785,0.9924,0.0051,790,michaelthoward,2,0.5000,1.0000,0.0000,1,1
1262,1094,Animate.java,M,6,2,696,0.9929,0.0029,700,michaelthoward,4,0.0000,0.0000,0.0000,0,4
1262,1095,CalculateChemicalShifts.java,M,5,2,696,0.9929,0.0029,700,michaelthoward,3,0.3289,0.9866,0.0000,1,2
1262,1096,Vibrate.java,M,5,2,697,0.9943,0.0029,700,michaelthoward,8,0.4648,0.9993,0.0000,4,4
1262,1155,PreferencesDialog.java,M,6,12,670,0.9795,0.0175,683,michaelthoward,2,0.3648,0.7296,0.0000,1,1
1262,1156,PreferencesDialog.java,M,7,9,673,0.9839,0.0132,683,michaelthoward,6,0.5771,0.9968,0.0000,4,2
1262,1157,PreferencesDialog.java,M,6,12,670,0.9795,0.0175,683,michaelthoward,5,0.1460,0.7301,0.0000,1,4
1262,1158,PreferencesDialog.java,M,6,15,667,0.9751,0.0219,683,michaelthoward,0,0.0000,0.0000,0.0000,0,0
1262,1159,PreferencesDialog.java,M,6,13,669,0.9781,0.0190,683,michaelthoward,2,0.0005,0.0005,0.0005,0,2
1262,1160,PreferencesDialog.java,M,6,13,669,0.9781,0.0190,683,michaelthoward,2,0.3648,0.7296,0.0000,1,1
1262,1162,PreferencesDialog.java,M,7,13,669,0.9781,0.0190,683,michaelthoward,6,0.1662,0.9972,0.0000,1,5
1262,1166,PreferencesDialog.java,M,102,4,678,0.9912,0.0058,683,michaelthoward,9,0.0000,0.0000,0.0000,0,9
1262,1168,PreferencesDialog.java,M,7,9,673,0.9839,0.0132,683,michaelthoward,6,0.5348,1.0000,0.0000,4,2
1262,1169,PreferencesDialog.java,M,7,13,669,0.9781,0.0190,683,michaelthoward,6,0.5785,1.0000,0.0000,4,2
1262,1170,PreferencesDialog.java,M,7,12,670,0.9795,0.0175,683,michaelthoward,6,0.5348,1.0000,0.0000,4,2
1262,1171,PreferencesDialog.java,M,7,11,671,0.9810,0.0161,683,michaelthoward,6,0.5785,1.0000,0.0000,4,2
1262,1172,PreferencesDialog.java,M,7,9,673,0.9839,0.0132,683,michaelthoward,6,0.1662,0.9972,0.0000,1,5
1262,1173,PreferencesDialog.java,M,5,18,664,0.9708,0.0263,683,michaelthoward,5,0.1460,0.7301,0.0000,1,4
1262,1174,PreferencesDialog.java,M,5,18,664,0.9708,0.0263,683,michaelthoward,10,0.6638,1.0000,0.0000,8,2
1262,1175,PreferencesDialog.java,M,5,15,664,0.9708,0.0219,683,michaelthoward,10,0.6638,1.0000,0.0000,8,2
1262,1176,PreferencesDialog.java,M,6,13,666,0.9737,0.0190,683,michaelthoward,2,0.0000,0.0000,0.0000,0,2
1262,1178,PreferencesDialog.java,M,5,8,457,0.6681,0.0117,683,michaelthoward,10,0.6661,1.0000,0.0000,8,2
1262,1199,ShelXReader.java,M,5,2,665,0.9940,0.0030,668,michaelthoward,24,0.0833,0.9999,0.0000,2,22
1262,1204,ReaderFactory.java,M,5,4,656,0.9924,0.0061,660,michaelthoward,7,0.1250,0.8738,0.0000,1,6
1262,1205,ReaderFactory.java,M,5,6,529,0.8003,0.0091,660,michaelthoward,7,0.1250,0.8738,0.0000,1,6
1262,1269,MakeCrystal.java,M,5,3,587,0.9916,0.0051,591,michaelthoward,8,0.4648,1.0000,0.0000,4,4
1262,1273,CrystalPropertiesDialog.java,M,5,4,585,0.9898,0.0068,590,michaelthoward,8,0.4600,0.9848,0.0000,4,4
1262,1278,JmolCDO.java,M,28,2,588,0.9966,0.0034,589,michaelthoward,6,0.0009,0.0027,0.0000,0,6
1262,1294,PovraySaver.java,M,5,2,551,0.9964,0.0036,552,michaelthoward,4,0.0000,0.0000,0.0000,0,4
1262,1407,TransformDialog.java,M,5,3,480,0.9897,0.0062,484,michaelthoward,8,0.4648,1.0000,0.0000,4,4
1262,1429,JmolApplet.java,M,7,9,462,0.9788,0.0191,471,michaelthoward,1,0.0000,0.0000,0.0000,0,1
1262,1430,JmolApplet.java,M,8,7,464,0.9831,0.0148,471,michaelthoward,2,0.0000,0.0000,0.0000,0,2
1262,1435,PreferencesDialog.java,M,5,9,452,0.9741,0.0194,463,michaelthoward,10,0.6661,1.0000,0.0000,8,2
1262,1530,JmolApplet.java,M,6,6,353,0.9806,0.0167,359,michaelthoward,1,0.5853,0.5853,0.5853,1,0
1262,1531,JmolApplet.java,M,6,6,352,0.9778,0.0167,359,michaelthoward,1,0.5853,0.5853,0.5853,1,0
1262,1532,DisplayPanel.java,M,5,6,352,0.9805,0.0167,358,michaelthoward,4,0.3660,0.8031,0.0000,2,2
1262,1539,PreferencesDialog.java,M,9,3,346,0.9914,0.0086,348,michaelthoward,2,0.0000,0.0000,0.0000,0,2
1262,1567,Convertor.java,M,14,3,276,0.9892,0.0108,278,michaelthoward,1,0.9995,0.9995,0.9995,1,0
1262,1568,Convertor.java,M,14,3,276,0.9892,0.0108,278,michaelthoward,1,0.9995,0.9995,0.9995,1,0
1262,1572,Aces2Reader.java,M,8,2,243,0.9918,0.0082,244,michaelthoward,10,0.6930,1.0000,0.0000,8,2
1262,1573,ChemFrame.java,M,6,2,185,0.9893,0.0107,186,michaelthoward,14,0.0356,0.4983,0.0000,0,13
1262,1578,PreferencesDialog.java,M,6,2,150,0.9868,0.0132,151,michaelthoward,8,0.3665,0.7350,0.0000,4,4
1262,1594,VASPReader.java,M,6,1,150,0.9868,0.0066,151,michaelthoward,5,0.1744,0.8721,0.0000,1,4
1262,1601,JmolPopupAwt.java,M,7,1,150,0.9868,0.0066,151,michaelthoward,0,0.0000,0.0000,0.0000,0,0
1262,1602,JmolPopupSwing.java,M,13,1,150,0.9868,0.0066,151,michaelthoward,8,0.0000,0.0000,0.0000,0,8
1262,1603,JmolPopupAwt.java,M,9,1,150,0.9868,0.0066,151,michaelthoward,1,0.9701,0.9701,0.9701,1,0
1262,1604,JmolPopupSwing.java,M,9,2,149,0.9803,0.0132,151,michaelthoward,1,0.9701,0.9701,0.9701,1,0
1262,1793,ABINITReader.java,M,6,2,63,0.9692,0.0308,64,michaelthoward,5,0.1744,0.8721,0.0000,1,4
1262,1794,Gaussian03Reader.java,M,37,1,63,0.9692,0.0154,64,michaelthoward,9,0.7778,1.0000,0.0000,7,2
1262,1795,Gaussian03Reader.java,M,8,1,63,0.9692,0.0154,64,michaelthoward,10,0.6940,1.0000,0.0000,8,2
1262,1913,JmolCDO.java,M,5,1,3,0.7500,0.2500,3,michaelthoward,2,0.0000,0.0000,0.0000,0,2
1266,1573,ChemFrame.java,M,6,3,188,0.9843,0.0157,190,michaelthoward,14,0.0228,0.3190,0.0000,0,13
1267,1489,AtomRenderer.java,M,9,10,413,0.9695,0.0235,425,michaelthoward,3,0.0000,0.0000,0.0000,0,3
1267,2012,DistributionManager.java,M,5,1,4,0.6667,0.1667,5,michaelthoward,12,0.0000,0.0000,0.0000,0,12
1267,2025,DistributionManager.java,M,6,1,4,0.6667,0.1667,5,michaelthoward,2,0.5000,1.0000,0.0000,1,1
1267,2026,DistributionManager.java,M,6,1,4,0.6667,0.1667,5,michaelthoward,2,0.5000,1.0000,0.0000,1,1
1269,1757,AtomShape.java,M,6,6,81,0.9205,0.0682,87,michaelthoward,3,0.2773,0.8320,0.0000,1,2
1269,1818,JmolFrame.java,M,8,5,52,0.8125,0.0781,63,michaelthoward,2,0.7645,0.8881,0.6409,2,0
1269,1824,JmolFrame.java,M,8,6,56,0.8750,0.0938,63,michaelthoward,2,0.8184,0.8881,0.7487,2,0
1269,1833,JmolFrame.java,M,6,6,43,0.8431,0.1176,50,michaelthoward,4,0.0000,0.0000,0.0000,0,4
1269,1837,JmolFrame.java,M,8,5,38,0.8636,0.1136,43,michaelthoward,2,0.6948,0.7487,0.6409,2,0
1269,1838,BondRenderer.java,M,5,2,37,0.8810,0.0476,41,michaelthoward,3,0.0000,0.0000,0.0000,0,3
1269,2029,JmolFrame.java,M,5,1,0,0.0000,1.0000,0,michaelthoward,27,0.0741,1.0000,0.0000,2,25
1269,2030,JmolFrame.java,M,5,1,0,0.0000,1.0000,0,michaelthoward,27,0.0741,1.0000,0.0000,2,25
1269,2031,JmolFrame.java,M,5,1,0,0.0000,1.0000,0,michaelthoward,27,0.0741,1.0000,0.0000,2,25
1269,2032,JmolFrame.java,M,8,1,0,0.0000,1.0000,0,michaelthoward,4,0.2500,1.0000,0.0000,1,3
1269,2033,JmolFrame.java,M,8,1,0,0.0000,1.0000,0,michaelthoward,4,0.2500,1.0000,0.0000,1,3
1269,2034,AtomShape.java,M,7,1,0,0.0000,1.0000,0,michaelthoward,6,0.0000,0.0000,0.0000,0,6
1270,1833,JmolFrame.java,M,6,7,43,0.8269,0.1346,51,michaelthoward,4,0.0000,0.0000,0.0000,0,4
1273,236,Jmol.java,M,6,37,1077,0.8467,0.0291,1271,michaelthoward,2,0.0000,0.0000,0.0000,0,2
1273,269,Jmol.java,M,6,22,1247,0.9803,0.0173,1271,michaelthoward,5,0.0000,0.0000,0.0000,0,5
1273,270,Jmol.java,M,5,11,1040,0.8176,0.0086,1271,michaelthoward,8,0.0000,0.0000,0.0000,0,8
1273,275,Jmol.java,M,5,43,1130,0.8884,0.0338,1271,michaelthoward,9,0.0675,0.6076,0.0000,1,8
1273,523,Jmol.java,M,6,19,1060,0.8541,0.0153,1240,michaelthoward,3,0.3333,1.0000,0.0000,1,2
1273,1040,Jmol.java,M,6,19,777,0.9737,0.0238,797,michaelthoward,3,0.3333,1.0000,0.0000,1,2
1273,1535,Jmol.java,M,5,4,356,0.9889,0.0111,359,michaelthoward,9,0.0675,0.6076,0.0000,1,8
1274,1757,AtomShape.java,M,6,7,85,0.9140,0.0753,92,michaelthoward,3,0.2937,0.8810,0.0000,1,2
1274,1994,JmolViewer.java,M,8,1,11,0.8462,0.0769,12,michaelthoward,8,0.0000,0.0000,0.0000,0,8
1274,1996,JmolViewer.java,M,5,1,11,0.8462,0.0769,12,michaelthoward,27,0.1111,1.0000,0.0000,3,24
1274,1997,JmolViewer.java,M,6,1,11,0.8462,0.0769,12,michaelthoward,0,0.0000,0.0000,0.0000,0,0
1274,1998,JmolViewer.java,M,5,1,11,0.8462,0.0769,12,michaelthoward,27,0.1111,1.0000,0.0000,3,24
1274,1999,JmolViewer.java,M,5,1,11,0.8462,0.0769,12,michaelthoward,14,0.0000,0.0000,0.0000,0,14
1274,2000,JmolViewer.java,M,5,1,11,0.8462,0.0769,12,michaelthoward,27,0.1111,1.0000,0.0000,3,24
1274,2001,JmolViewer.java,M,13,1,11,0.8462,0.0769,12,michaelthoward,0,0.0000,0.0000,0.0000,0,0
1274,2004,JmolViewer.java,M,8,1,11,0.8462,0.0769,12,michaelthoward,0,0.0000,0.0000,0.0000,0,0
1274,2005,JmolViewer.java,M,6,1,11,0.8462,0.0769,12,michaelthoward,0,0.0000,0.0000,0.0000,0,0
1274,2006,JmolViewer.java,M,5,1,11,0.8462,0.0769,12,michaelthoward,27,0.1111,1.0000,0.0000,3,24
1274,2007,JmolViewer.java,M,8,1,11,0.8462,0.0769,12,michaelthoward,0,0.0000,0.0000,0.0000,0,0
1274,2012,DistributionManager.java,M,5,2,10,0.7692,0.1538,12,michaelthoward,12,0.0000,0.0000,0.0000,0,12
1274,2023,JmolViewer.java,M,7,1,11,0.8462,0.0769,12,michaelthoward,2,0.0000,0.0000,0.0000,0,2
1274,2035,DeprecatedJmolModelAdapter.java,M,5,1,1,0.3333,0.3333,2,michaelthoward,4,0.2500,1.0000,0.0000,1,3
1274,2041,CdkJmolModelAdapter.java,M,5,1,0,0.0000,0.5000,1,michaelthoward,2,0.0000,0.0000,0.0000,0,2
1274,2042,DeprecatedJmolModelAdapter.java,M,5,1,1,0.5000,0.5000,1,michaelthoward,3,0.0000,0.0000,0.0000,0,3
1274,2043,CdkJmolModelAdapter.java,M,5,1,0,0.0000,0.5000,1,michaelthoward,4,0.2500,1.0000,0.0000,1,3
1274,2045,CdkJmolModelAdapter.java,M,13,1,0,0.0000,1.0000,0,michaelthoward,6,0.0000,0.0000,0.0000,0,6
1276,1914,JmolFrameBuilder.java,M,7,2,15,0.8333,0.1111,17,michaelthoward,4,0.2500,1.0000,0.0000,1,3
1276,1915,JmolFrameBuilder.java,M,7,1,16,0.8889,0.0556,17,michaelthoward,2,0.0000,0.0000,0.0000,0,2
1276,1916,JmolFrameBuilder.java,M,7,2,15,0.8333,0.1111,17,michaelthoward,4,0.2500,1.0000,0.0000,1,3
1277,1995,JmolViewer.java,M,6,1,14,0.8750,0.0625,15,michaelthoward,7,0.0000,0.0000,0.0000,0,7
1277,1996,JmolViewer.java,M,5,2,13,0.8125,0.1250,15,michaelthoward,27,0.0724,1.0000,0.0000,1,24
1277,1997,JmolViewer.java,M,6,2,13,0.8125,0.1250,15,michaelthoward,0,0.0000,0.0000,0.0000,0,0
1277,2000,JmolViewer.java,M,5,2,13,0.8125,0.1250,15,michaelthoward,27,0.0724,1.0000,0.0000,1,24
1277,2002,JmolViewer.java,M,8,1,14,0.8750,0.0625,15,michaelthoward,0,0.0000,0.0000,0.0000,0,0
1277,2003,JmolViewer.java,M,5,1,14,0.8750,0.0625,15,michaelthoward,12,0.0000,0.0000,0.0000,0,12
1278,2040,DeprecatedJmolModelAdapter.java,M,21,1,5,0.8333,0.1667,5,michaelthoward,0,0.0000,0.0000,0.0000,0,0
1278,2045,CdkJmolModelAdapter.java,M,13,2,3,0.6000,0.4000,4,michaelthoward,6,0.0000,0.0000,0.0000,0,6
1280,1141,PreferencesDialog.java,M,11,12,688,0.9801,0.0171,701,michaelthoward,4,0.0000,0.0000,0.0000,0,4
1280,1144,PreferencesDialog.java,M,5,15,685,0.9758,0.0214,701,michaelthoward,3,0.0001,0.0002,0.0000,0,3
1280,1154,PreferencesDialog.java,M,6,15,685,0.9758,0.0214,701,michaelthoward,2,0.5000,1.0000,0.0000,1,1
1280,1155,PreferencesDialog.java,M,6,13,687,0.9786,0.0185,701,michaelthoward,2,0.4398,0.8797,0.0000,1,1
1280,1156,PreferencesDialog.java,M,7,10,690,0.9829,0.0142,701,michaelthoward,4,0.9402,0.9986,0.8819,4,0
1280,1157,PreferencesDialog.java,M,6,13,687,0.9786,0.0185,701,michaelthoward,5,0.1760,0.8799,0.0000,1,4
1280,1158,PreferencesDialog.java,M,6,16,684,0.9744,0.0228,701,michaelthoward,0,0.0000,0.0000,0.0000,0,0
1280,1159,PreferencesDialog.java,M,6,14,686,0.9772,0.0199,701,michaelthoward,2,0.0002,0.0002,0.0002,0,2
1280,1160,PreferencesDialog.java,M,6,14,686,0.9772,0.0199,701,michaelthoward,2,0.4398,0.8797,0.0000,1,1
1280,1162,PreferencesDialog.java,M,7,14,686,0.9772,0.0199,701,michaelthoward,6,0.1665,0.9988,0.0000,1,5
1280,1164,PreferencesDialog.java,M,6,11,689,0.9815,0.0157,701,michaelthoward,2,0.5000,1.0000,0.0000,1,1
1280,1168,PreferencesDialog.java,M,7,10,690,0.9829,0.0142,701,michaelthoward,4,0.9121,1.0000,0.8819,4,0
1280,1169,PreferencesDialog.java,M,7,14,686,0.9772,0.0199,701,michaelthoward,4,0.9412,1.0000,0.8832,4,0
1280,1170,PreferencesDialog.java,M,7,13,687,0.9786,0.0185,701,michaelthoward,4,0.9121,1.0000,0.8819,4,0
1280,1171,PreferencesDialog.java,M,7,12,688,0.9801,0.0171,701,michaelthoward,4,0.9412,1.0000,0.8832,4,0
1280,1172,PreferencesDialog.java,M,7,10,690,0.9829,0.0142,701,michaelthoward,6,0.1665,0.9988,0.0000,1,5
1280,1173,PreferencesDialog.java,M,5,19,681,0.9701,0.0271,701,michaelthoward,5,0.1760,0.8799,0.0000,1,4
1280,1174,PreferencesDialog.java,M,5,19,681,0.9701,0.0271,701,michaelthoward,10,0.4617,1.0000,0.0000,3,2
1280,1175,PreferencesDialog.java,M,5,16,681,0.9701,0.0228,701,michaelthoward,10,0.4617,1.0000,0.0000,3,2
1280,1176,PreferencesDialog.java,M,6,14,683,0.9729,0.0199,701,michaelthoward,2,0.0000,0.0000,0.0000,0,2
1280,1178,PreferencesDialog.java,M,5,9,474,0.6752,0.0128,701,michaelthoward,10,0.4621,1.0000,0.0000,3,2
1280,1435,PreferencesDialog.java,M,5,10,469,0.9730,0.0207,481,michaelthoward,10,0.4621,1.0000,0.0000,3,2
1280,1539,PreferencesDialog.java,M,9,4,363,0.9891,0.0109,366,michaelthoward,2,0.0000,0.0000,0.0000,0,2
1280,1941,Graphics3D.java,M,19,1,17,0.8500,0.0500,19,michaelthoward,1,0.0000,0.0000,0.0000,0,1
1280,1942,Graphics3D.java,M,5,1,17,0.8500,0.0500,19,michaelthoward,0,0.0000,0.0000,0.0000,0,0
1280,1943,Graphics3D.java,M,5,1,17,0.8500,0.0500,19,michaelthoward,3,0.0000,0.0000,0.0000,0,3
1280,1944,Graphics3D.java,M,7,1,17,0.8500,0.0500,19,michaelthoward,4,1.0000,1.0000,1.0000,4,0
1280,1954,Graphics3D.java,M,5,1,17,0.8500,0.0500,19,michaelthoward,2,0.5000,1.0000,0.0000,1,1
1280,1955,Graphics3D.java,M,5,1,17,0.8500,0.0500,19,michaelthoward,2,0.5000,1.0000,0.0000,1,1
1280,1958,Graphics3D.java,M,7,1,17,0.8500,0.0500,19,michaelthoward,4,1.0000,1.0000,1.0000,4,0
1280,1959,Graphics3D.java,M,7,1,17,0.8500,0.0500,19,michaelthoward,4,1.0000,1.0000,1.0000,4,0
1280,1960,Graphics3D.java,M,8,1,17,0.8500,0.0500,19,michaelthoward,2,0.0000,0.0000,0.0000,0,2
1280,1961,Graphics3D.java,M,7,1,17,0.8500,0.0500,19,michaelthoward,4,1.0000,1.0000,1.0000,4,0
1280,1962,Graphics3D.java,M,7,1,17,0.8500,0.0500,19,michaelthoward,4,1.0000,1.0000,1.0000,4,0
1280,1994,JmolViewer.java,M,8,2,16,0.8421,0.1053,18,michaelthoward,8,0.0000,0.0000,0.0000,0,8
1280,1996,JmolViewer.java,M,5,3,15,0.7895,0.1579,18,michaelthoward,27,0.0730,0.6676,0.0000,3,24
1280,1997,JmolViewer.java,M,6,3,15,0.7895,0.1579,18,michaelthoward,0,0.0000,0.0000,0.0000,0,0
1280,1998,JmolViewer.java,M,5,2,16,0.8421,0.1053,18,michaelthoward,27,0.0730,1.0000,0.0000,2,24
1280,1999,JmolViewer.java,M,5,2,16,0.8421,0.1053,18,michaelthoward,14,0.0000,0.0000,0.0000,0,14
1280,2004,JmolViewer.java,M,8,2,16,0.8421,0.1053,18,michaelthoward,0,0.0000,0.0000,0.0000,0,0
1280,2006,JmolViewer.java,M,5,2,16,0.8421,0.1053,18,michaelthoward,27,0.0730,1.0000,0.0000,2,24
1280,2007,JmolViewer.java,M,8,2,16,0.8421,0.1053,18,michaelthoward,0,0.0000,0.0000,0.0000,0,0
1280,2023,JmolViewer.java,M,7,2,16,0.8421,0.1053,18,michaelthoward,2,0.0000,0.0000,0.0000,0,2
1280,2024,JmolViewer.java,M,7,1,17,0.8947,0.0526,18,michaelthoward,2,0.0000,0.0000,0.0000,0,2
1281,1938,Line3D.java,M,5,1,18,0.8571,0.0476,20,michaelthoward,3,0.3333,1.0000,0.0000,1,2
1281,1939,Line3D.java,M,5,1,18,0.8571,0.0476,20,michaelthoward,3,0.3333,1.0000,0.0000,1,2
1281,1941,Graphics3D.java,M,19,2,17,0.8095,0.0952,20,michaelthoward,1,0.0000,0.0000,0.0000,0,1
1281,1942,Graphics3D.java,M,5,2,17,0.8095,0.0952,20,michaelthoward,0,0.0000,0.0000,0.0000,0,0
1281,1943,Graphics3D.java,M,5,2,17,0.8095,0.0952,20,michaelthoward,3,0.0000,0.0000,0.0000,0,3
1281,1944,Graphics3D.java,M,7,2,17,0.8095,0.0952,20,michaelthoward,4,0.7463,1.0000,0.4925,2,0
1281,1948,Graphics3D.java,M,41,1,18,0.8571,0.0476,20,michaelthoward,1,1.0000,1.0000,1.0000,1,0
1281,1949,Graphics3D.java,M,41,1,18,0.8571,0.0476,20,michaelthoward,1,1.0000,1.0000,1.0000,1,0
1281,1950,Graphics3D.java,M,14,1,18,0.8571,0.0476,20,michaelthoward,1,0.0000,0.0000,0.0000,0,1
1281,1951,Graphics3D.java,M,17,1,18,0.8571,0.0476,20,michaelthoward,0,0.0000,0.0000,0.0000,0,0
1281,1952,Graphics3D.java,M,13,1,18,0.8571,0.0476,20,michaelthoward,4,0.0000,0.0000,0.0000,0,4
1281,1953,Graphics3D.java,M,11,1,18,0.8571,0.0476,20,michaelthoward,4,0.0000,0.0000,0.0000,0,4
1281,1958,Graphics3D.java,M,7,2,17,0.8095,0.0952,20,michaelthoward,4,0.7463,1.0000,0.4925,2,0
1281,1960,Graphics3D.java,M,8,2,17,0.8095,0.0952,20,michaelthoward,0,0.0000,0.0000,0.0000,0,0
1281,1961,Graphics3D.java,M,7,2,17,0.8095,0.0952,20,michaelthoward,4,0.7463,1.0000,0.4925,2,0
1281,1963,Graphics3D.java,M,13,1,18,0.8571,0.0476,20,michaelthoward,1,1.0000,1.0000,1.0000,1,0
1281,1965,Graphics3D.java,M,13,1,18,0.8571,0.0476,20,michaelthoward,2,0.0000,0.0000,0.0000,0,2
1281,1966,Graphics3D.java,M,13,1,18,0.8571,0.0476,20,michaelthoward,1,1.0000,1.0000,1.0000,1,0
1281,1968,Graphics3D.java,M,20,1,18,0.8571,0.0476,20,michaelthoward,0,0.0000,0.0000,0.0000,0,0
1281,1969,Graphics3D.java,M,19,1,18,0.8571,0.0476,20,michaelthoward,7,0.0000,0.0000,0.0000,0,7
1281,1972,Line3D.java,M,5,1,18,0.8571,0.0476,20,michaelthoward,4,0.0000,0.0000,0.0000,0,4
1281,1975,Line3D.java,M,74,1,18,0.8571,0.0476,20,michaelthoward,9,0.1111,1.0000,0.0000,1,8
1281,1979,Line3D.java,M,19,1,18,0.8571,0.0476,20,michaelthoward,1,0.0000,0.0000,0.0000,0,1
1281,1980,Line3D.java,M,16,1,18,0.8571,0.0476,20,michaelthoward,2,0.5000,1.0000,0.0000,1,1
1281,1981,Line3D.java,M,16,1,18,0.8571,0.0476,20,michaelthoward,2,0.5000,1.0000,0.0000,1,1
1281,1982,Line3D.java,M,14,1,18,0.8571,0.0476,20,michaelthoward,2,0.0000,0.0000,0.0000,0,2
1281,1983,Line3D.java,M,23,1,18,0.8571,0.0476,20,michaelthoward,1,0.0000,0.0000,0.0000,0,1
1281,2050,Line3D.java,M,74,1,0,0.0000,1.0000,0,michaelthoward,9,0.1111,1.0000,0.0000,1,8
1282,71,MeasurementList.java,M,11,7,1272,0.9930,0.0055,1280,michaelthoward,4,0.0000,0.0000,0.0000,0,4
1282,314,Measure.java,M,8,8,1271,0.9922,0.0062,1280,michaelthoward,5,0.3785,1.0000,0.0000,2,3
1282,315,Measure.java,M,8,9,1270,0.9914,0.0070,1280,michaelthoward,5,0.3785,1.0000,0.0000,2,3
1282,316,Measure.java,M,8,7,1272,0.9930,0.0055,1280,michaelthoward,5,0.3570,0.8926,0.0000,2,3
1282,318,MeasurementList.java,M,8,10,1269,0.9906,0.0078,1280,michaelthoward,1,0.0000,0.0000,0.0000,0,1
1282,320,MeasurementList.java,M,8,10,1269,0.9906,0.0078,1280,michaelthoward,7,0.0000,0.0000,0.0000,0,7
1282,1537,MeasurementManager.java,M,13,2,365,0.9892,0.0054,368,michaelthoward,1,1.0000,1.0000,1.0000,1,0
1282,1538,MeasurementManager.java,M,13,2,365,0.9892,0.0054,368,michaelthoward,1,1.0000,1.0000,1.0000,1,0
1282,1833,JmolFrame.java,M,6,8,54,0.8438,0.1250,63,michaelthoward,2,0.0000,0.0000,0.0000,0,2
1282,1995,JmolViewer.java,M,6,2,18,0.8571,0.0952,20,michaelthoward,7,0.0000,0.0000,0.0000,0,7
1282,1996,JmolViewer.java,M,5,4,16,0.7619,0.1905,20,michaelthoward,19,0.1188,0.7602,0.0000,3,16
1282,1997,JmolViewer.java,M,6,4,16,0.7619,0.1905,20,michaelthoward,0,0.0000,0.0000,0.0000,0,0
1282,1998,JmolViewer.java,M,5,3,17,0.8095,0.1429,20,michaelthoward,19,0.1188,1.0000,0.0000,2,16
1282,2000,JmolViewer.java,M,5,3,17,0.8095,0.1429,20,michaelthoward,19,0.0912,0.7376,0.0000,1,16
1282,2004,JmolViewer.java,M,8,3,17,0.8095,0.1429,20,michaelthoward,0,0.0000,0.0000,0.0000,0,0
1282,2005,JmolViewer.java,M,6,2,18,0.8571,0.0952,20,michaelthoward,0,0.0000,0.0000,0.0000,0,0
1282,2006,JmolViewer.java,M,5,3,17,0.8095,0.1429,20,michaelthoward,19,0.1188,1.0000,0.0000,2,16
1282,2007,JmolViewer.java,M,8,3,17,0.8095,0.1429,20,michaelthoward,0,0.0000,0.0000,0.0000,0,0
1282,2023,JmolViewer.java,M,7,3,17,0.8095,0.1429,20,michaelthoward,2,0.0000,0.0000,0.0000,0,2
1282,2024,JmolViewer.java,M,7,2,18,0.8571,0.0952,20,michaelthoward,2,0.0000,0.0000,0.0000,0,2
1282,2053,JmolViewer.java,M,5,1,0,0.0000,1.0000,0,michaelthoward,1,0.0000,0.0000,0.0000,0,1
1283,2055,MeasurementShape.java,M,5,1,0,0.0000,1.0000,0,michaelthoward,1,1.0000,1.0000,1.0000,1,0
1283,2056,MeasurementShape.java,M,5,1,0,0.0000,1.0000,0,michaelthoward,1,1.0000,1.0000,1.0000,1,0
1284,1447,FileManager.java,M,7,1,475,0.9937,0.0021,477,michaelthoward,0,0.0000,0.0000,0.0000,0,0
1285,130,Vibrate.java,M,5,11,1271,0.9899,0.0086,1283,egonw,9,0.0000,0.0000,0.0000,0,9
1285,137,Vibrate.java,M,6,11,1271,0.9899,0.0086,1283,egonw,5,0.0000,0.0000,0.0000,0,5
1285,1096,Vibrate.java,M,5,3,719,0.9931,0.0041,723,egonw,7,0.1429,0.3340,0.0000,0,4
1285,1205,ReaderFactory.java,M,5,7,551,0.8056,0.0102,683,egonw,7,0.0460,0.3217,0.0000,0,6
1285,2041,CdkJmolModelAdapter.java,M,5,2,10,0.7692,0.1538,12,egonw,2,0.0000,0.0000,0.0000,0,2
1285,2043,CdkJmolModelAdapter.java,M,5,2,10,0.7692,0.1538,12,egonw,4,0.1046,0.4182,0.0000,0,3
1287,137,Vibrate.java,M,6,12,1272,0.9891,0.0093,1285,michaelthoward,5,0.0000,0.0000,0.0000,0,5
1287,236,Jmol.java,M,6,38,1090,0.8476,0.0295,1285,michaelthoward,2,0.0000,0.0000,0.0000,0,2
1287,275,Jmol.java,M,5,44,1143,0.8888,0.0342,1285,michaelthoward,8,0.0000,0.0000,0.0000,0,8
1287,523,Jmol.java,M,6,20,1073,0.8550,0.0159,1254,michaelthoward,3,0.3333,1.0000,0.0000,1,2
1287,1040,Jmol.java,M,6,20,790,0.9729,0.0246,811,michaelthoward,3,0.3333,1.0000,0.0000,1,2
1287,2008,JmolViewer.java,M,6,1,24,0.9231,0.0385,25,michaelthoward,7,0.0000,0.0000,0.0000,0,7
1287,2015,JmolViewer.java,M,6,1,24,0.9231,0.0385,25,michaelthoward,2,0.0000,0.0000,0.0000,0,2
1287,2059,FileManager.java,M,12,1,0,0.0000,1.0000,0,michaelthoward,7,0.1429,1.0000,0.0000,1,6
1287,2060,FileManager.java,M,12,1,0,0.0000,1.0000,0,michaelthoward,7,0.1429,1.0000,0.0000,1,6
1288,1994,JmolViewer.java,M,8,3,23,0.8519,0.1111,26,michaelthoward,8,0.0000,0.0000,0.0000,0,8
1288,1995,JmolViewer.java,M,6,3,23,0.8519,0.1111,26,michaelthoward,7,0.0405,0.2837,0.0000,0,6
1288,1996,JmolViewer.java,M,5,5,21,0.7778,0.1852,26,michaelthoward,18,0.1497,0.8202,0.0000,3,14
1288,1997,JmolViewer.java,M,6,5,21,0.7778,0.1852,26,michaelthoward,0,0.0000,0.0000,0.0000,0,0
1288,1998,JmolViewer.java,M,5,4,22,0.8148,0.1481,26,michaelthoward,18,0.1527,1.0000,0.0000,3,14
1288,1999,JmolViewer.java,M,5,3,23,0.8519,0.1111,26,michaelthoward,14,0.0000,0.0000,0.0000,0,14
1288,2000,JmolViewer.java,M,5,4,22,0.8148,0.1481,26,michaelthoward,18,0.1312,0.8032,0.0000,3,14
1288,2001,JmolViewer.java,M,13,2,24,0.8889,0.0741,26,michaelthoward,0,0.0000,0.0000,0.0000,0,0
1288,2004,JmolViewer.java,M,8,4,22,0.8148,0.1481,26,michaelthoward,0,0.0000,0.0000,0.0000,0,0
1288,2005,JmolViewer.java,M,6,3,23,0.8519,0.1111,26,michaelthoward,0,0.0000,0.0000,0.0000,0,0
1288,2006,JmolViewer.java,M,5,4,22,0.8148,0.1481,26,michaelthoward,18,0.1527,1.0000,0.0000,3,14
1288,2008,JmolViewer.java,M,6,2,24,0.8889,0.0741,26,michaelthoward,7,0.0405,0.2837,0.0000,0,6
1288,2009,JmolViewer.java,M,5,1,25,0.9259,0.0370,26,michaelthoward,18,0.0651,0.3114,0.0000,0,14
1288,2053,JmolViewer.java,M,5,2,5,0.7143,0.2857,6,michaelthoward,1,0.0000,0.0000,0.0000,0,1
1289,2059,FileManager.java,M,12,2,1,0.3333,0.6667,2,michaelthoward,7,0.1429,1.0000,0.0000,1,6
1289,2060,FileManager.java,M,12,2,1,0.3333,0.6667,2,michaelthoward,7,0.1429,1.0000,0.0000,1,6
1290,275,Jmol.java,M,5,45,1145,0.8883,0.0349,1288,egonw,8,0.0000,0.0000,0.0000,0,8
1296,2041,CdkJmolModelAdapter.java,M,5,3,20,0.8333,0.1250,23,egonw,2,0.0000,0.0000,0.0000,0,2
1296,2043,CdkJmolModelAdapter.java,M,5,3,20,0.8333,0.1250,23,egonw,5,0.0462,0.2312,0.0000,0,4
1299,2059,FileManager.java,M,12,3,10,0.7692,0.2308,12,michaelthoward,7,0.1429,1.0000,0.0000,1,6
1299,2060,FileManager.java,M,12,3,10,0.7692,0.2308,12,michaelthoward,7,0.1429,1.0000,0.0000,1,6
1299,2062,JmolApplet.java,M,7,1,0,0.0000,1.0000,0,michaelthoward,7,0.0000,0.0000,0.0000,0,7
1299,2064,FileManager.java,M,5,1,0,0.0000,1.0000,0,michaelthoward,19,0.0000,0.0000,0.0000,0,19
1299,2065,JmolApplet.java,M,10,1,0,0.0000,1.0000,0,michaelthoward,7,0.1429,1.0000,0.0000,1,6
1299,2066,JmolApplet.java,M,10,1,0,0.0000,1.0000,0,michaelthoward,7,0.1429,1.0000,0.0000,1,6
1301,1094,Animate.java,M,6,3,734,0.9919,0.0041,739,michaelthoward,4,0.0000,0.0000,0.0000,0,4
1301,1095,CalculateChemicalShifts.java,M,5,3,734,0.9919,0.0041,739,michaelthoward,3,0.0787,0.2361,0.0000,0,2
1301,1096,Vibrate.java,M,5,4,734,0.9919,0.0054,739,michaelthoward,7,0.2908,0.6792,0.0000,3,4
1301,1269,MakeCrystal.java,M,5,4,625,0.9905,0.0063,630,michaelthoward,7,0.3822,1.0000,0.0000,3,4
1301,1273,CrystalPropertiesDialog.java,M,5,5,623,0.9889,0.0079,629,michaelthoward,7,0.3814,0.9962,0.0000,3,4
1301,1407,TransformDialog.java,M,5,4,518,0.9885,0.0076,523,michaelthoward,7,0.3822,1.0000,0.0000,3,4
1301,1995,JmolViewer.java,M,6,4,35,0.8750,0.1000,39,michaelthoward,7,0.0707,0.4952,0.0000,0,6
1301,1997,JmolViewer.java,M,6,6,33,0.8250,0.1500,39,michaelthoward,0,0.0000,0.0000,0.0000,0,0
1301,1998,JmolViewer.java,M,5,5,34,0.8500,0.1250,39,michaelthoward,19,0.1497,1.0000,0.0000,4,15
1301,1999,JmolViewer.java,M,5,4,35,0.8750,0.1000,39,michaelthoward,14,0.0241,0.3373,0.0000,0,13
1301,2000,JmolViewer.java,M,5,5,34,0.8500,0.1250,39,michaelthoward,19,0.1350,0.7250,0.0000,4,15
1301,2002,JmolViewer.java,M,8,2,37,0.9250,0.0500,39,michaelthoward,0,0.0000,0.0000,0.0000,0,0
1301,2005,JmolViewer.java,M,6,4,35,0.8750,0.1000,39,michaelthoward,0,0.0000,0.0000,0.0000,0,0
1301,2006,JmolViewer.java,M,5,5,34,0.8500,0.1250,39,michaelthoward,19,0.1497,1.0000,0.0000,4,15
1301,2007,JmolViewer.java,M,8,4,35,0.8750,0.1000,39,michaelthoward,0,0.0000,0.0000,0.0000,0,0
1301,2008,JmolViewer.java,M,6,3,36,0.9000,0.0750,39,michaelthoward,7,0.0707,0.4952,0.0000,0,6
1301,2009,JmolViewer.java,M,5,2,37,0.9250,0.0500,39,michaelthoward,19,0.0922,0.5283,0.0000,3,16
1301,2023,JmolViewer.java,M,7,4,35,0.8750,0.1000,39,michaelthoward,2,0.0000,0.0000,0.0000,0,2
1301,2024,JmolViewer.java,M,7,3,36,0.9000,0.0750,39,michaelthoward,2,0.0000,0.0000,0.0000,0,2
1301,2046,ModelManager.java,M,7,1,26,0.9286,0.0357,27,michaelthoward,0,0.0000,0.0000,0.0000,0,0
1301,2047,ModelManager.java,M,8,1,26,0.9286,0.0357,27,michaelthoward,0,0.0000,0.0000,0.0000,0,0
1301,2048,ModelManager.java,M,12,1,26,0.9286,0.0357,27,michaelthoward,0,0.0000,0.0000,0.0000,0,0
1301,2049,ModelManager.java,M,5,1,26,0.9286,0.0357,27,michaelthoward,0,0.0000,0.0000,0.0000,0,0
1301,2054,JmolViewer.java,M,8,1,19,0.9500,0.0500,19,michaelthoward,0,0.0000,0.0000,0.0000,0,0
1303,729,PovrayDialog.java,M,5,5,1117,0.9911,0.0044,1126,michaelthoward,4,0.0000,0.0002,0.0000,0,4
1303,1833,JmolFrame.java,M,6,9,74,0.8706,0.1059,84,michaelthoward,2,0.0000,0.0000,0.0000,0,2
1303,1844,JmolFrame.java,M,8,4,68,0.9315,0.0548,72,michaelthoward,1,0.1594,0.1594,0.1594,0,1
1303,1994,JmolViewer.java,M,8,4,37,0.8810,0.0952,41,michaelthoward,8,0.0000,0.0000,0.0000,0,8
1303,1999,JmolViewer.java,M,5,5,36,0.8571,0.1190,41,michaelthoward,14,0.0177,0.2483,0.0000,0,13
1303,2001,JmolViewer.java,M,13,3,38,0.9048,0.0714,41,michaelthoward,0,0.0000,0.0000,0.0000,0,0
1303,2004,JmolViewer.java,M,8,5,36,0.8571,0.1190,41,michaelthoward,0,0.0000,0.0000,0.0000,0,0
1303,2005,JmolViewer.java,M,6,5,36,0.8571,0.1190,41,michaelthoward,0,0.0000,0.0000,0.0000,0,0
1303,2006,JmolViewer.java,M,5,6,35,0.8333,0.1429,41,michaelthoward,19,0.1634,0.7520,0.0000,3,12
1303,2009,JmolViewer.java,M,5,3,38,0.9048,0.0714,41,michaelthoward,19,0.1363,0.6396,0.0000,1,13
1303,2023,JmolViewer.java,M,7,5,36,0.8571,0.1190,41,michaelthoward,2,0.0000,0.0000,0.0000,0,2
1303,2024,JmolViewer.java,M,7,4,37,0.8810,0.0952,41,michaelthoward,2,0.0000,0.0000,0.0000,0,2
1303,2029,JmolFrame.java,M,5,2,33,0.9429,0.0571,34,michaelthoward,19,0.1351,1.0000,0.0000,2,15
1303,2030,JmolFrame.java,M,5,2,33,0.9429,0.0571,34,michaelthoward,19,0.1351,1.0000,0.0000,2,15
1303,2031,JmolFrame.java,M,5,2,33,0.9429,0.0571,34,michaelthoward,19,0.1351,1.0000,0.0000,2,15
1303,2032,JmolFrame.java,M,8,2,33,0.9429,0.0571,34,michaelthoward,4,0.2500,1.0000,0.0000,1,3
1303,2033,JmolFrame.java,M,8,2,33,0.9429,0.0571,34,michaelthoward,4,0.2500,1.0000,0.0000,1,3
1303,2053,JmolViewer.java,M,5,3,19,0.8636,0.1364,21,michaelthoward,1,0.0000,0.0000,0.0000,0,1
1303,2054,JmolViewer.java,M,8,2,20,0.9091,0.0909,21,michaelthoward,0,0.0000,0.0000,0.0000,0,0
1304,2067,ScriptWindow.java,M,5,1,0,0.0000,1.0000,0,michaelthoward,3,0.0000,0.0000,0.0000,0,3
1309,71,MeasurementList.java,M,11,8,1298,0.9924,0.0061,1307,michaelthoward,5,0.0000,0.0000,0.0000,0,5
1309,1538,MeasurementManager.java,M,13,3,391,0.9874,0.0076,395,michaelthoward,1,1.0000,1.0000,1.0000,1,0
1309,1994,JmolViewer.java,M,8,5,42,0.8750,0.1042,47,michaelthoward,8,0.0000,0.0000,0.0000,0,8
1309,1996,JmolViewer.java,M,5,6,41,0.8542,0.1250,47,michaelthoward,13,0.1406,0.7013,0.0000,2,10
1309,1998,JmolViewer.java,M,5,6,41,0.8542,0.1250,47,michaelthoward,13,0.1809,0.8088,0.0000,3,9
1309,2005,JmolViewer.java,M,6,6,41,0.8542,0.1250,47,michaelthoward,0,0.0000,0.0000,0.0000,0,0
1309,2006,JmolViewer.java,M,5,7,40,0.8333,0.1458,47,michaelthoward,13,0.2201,0.8088,0.0000,2,9
1309,2007,JmolViewer.java,M,8,5,42,0.8750,0.1042,47,michaelthoward,0,0.0000,0.0000,0.0000,0,0
1309,2024,JmolViewer.java,M,7,5,42,0.8750,0.1042,47,michaelthoward,2,0.0000,0.0000,0.0000,0,2
1309,2053,JmolViewer.java,M,5,4,24,0.8571,0.1429,27,michaelthoward,1,0.0000,0.0000,0.0000,0,1
1309,2054,JmolViewer.java,M,8,3,25,0.8929,0.1071,27,michaelthoward,0,0.0000,0.0000,0.0000,0,0
1309,2070,MeasurementManager.java,M,6,1,0,0.0000,1.0000,0,michaelthoward,1,0.0000,0.0000,0.0000,0,1
1310,791,DisplayPanel.java,M,5,25,847,0.7916,0.0234,1069,michaelthoward,3,0.5980,0.9392,0.0000,2,1
1310,792,DisplayPanel.java,M,5,28,1041,0.9729,0.0262,1069,michaelthoward,1,0.0000,0.0000,0.0000,0,1
1310,793,DisplayPanel.java,M,5,28,952,0.8897,0.0262,1069,michaelthoward,3,0.0394,0.1183,0.0000,0,3
1310,997,DisplayPanel.java,M,5,4,566,0.6060,0.0043,933,michaelthoward,3,0.5884,0.9103,0.0000,2,1
1310,1532,DisplayPanel.java,M,5,7,399,0.9803,0.0172,406,michaelthoward,3,0.6165,0.9392,0.0000,2,1
1310,2058,DisplayPanel.java,M,6,1,23,0.9583,0.0417,23,michaelthoward,3,0.0000,0.0000,0.0000,0,3
1311,2059,FileManager.java,M,12,4,21,0.8400,0.1600,24,michaelthoward,7,0.1429,1.0000,0.0000,1,6
1311,2060,FileManager.java,M,12,4,21,0.8400,0.1600,24,michaelthoward,7,0.1429,1.0000,0.0000,1,6
1324,2081,BondShape.java,M,6,1,0,0.0000,1.0000,0,michaelthoward,3,0.0000,0.0000,0.0000,0,3
1326,1341,AtomShape.java,M,6,8,139,0.2460,0.0142,564,michaelthoward,3,0.3167,0.9502,0.0000,1,2
1326,1757,AtomShape.java,M,6,8,136,0.9379,0.0552,144,michaelthoward,3,0.3167,0.9502,0.0000,1,2
1326,1994,JmolViewer.java,M,8,6,58,0.8923,0.0923,64,michaelthoward,8,0.0000,0.0000,0.0000,0,8
1326,2013,JmolViewer.java,M,7,1,63,0.9692,0.0154,64,michaelthoward,1,0.0000,0.0000,0.0000,0,1
1326,2017,BondRenderer.java,M,11,1,63,0.9692,0.0154,64,michaelthoward,6,0.0000,0.0000,0.0000,0,6
1326,2024,JmolViewer.java,M,7,6,58,0.8923,0.0923,64,michaelthoward,2,0.0000,0.0000,0.0000,0,2
1326,2077,MeasurementTable.java,M,26,1,15,0.8824,0.0588,16,michaelthoward,9,0.0000,0.0000,0.0000,0,9
1326,2088,JmolFrame.java,M,6,1,0,0.0000,1.0000,0,michaelthoward,1,0.0000,0.0000,0.0000,0,1
1335,275,Jmol.java,M,5,46,1189,0.8913,0.0345,1333,michaelthoward,6,0.0000,0.0000,0.0000,0,6
1335,2061,Jmol.java,M,8,1,45,0.9783,0.0217,45,michaelthoward,2,0.0000,0.0000,0.0000,0,2
1337,2089,JmolApplet.java,M,6,1,0,0.0000,1.0000,0,michaelthoward,1,0.0000,0.0000,0.0000,0,1
1344,1937,Graphics3D.java,M,8,1,73,0.8690,0.0119,83,michaelthoward,1,0.0000,0.0000,0.0000,0,1
1344,1994,JmolViewer.java,M,8,7,64,0.7711,0.0843,82,michaelthoward,8,0.0000,0.0000,0.0000,0,8
1344,1995,JmolViewer.java,M,6,5,66,0.7952,0.0602,82,michaelthoward,7,0.1081,0.7565,0.0000,1,6
1344,1997,JmolViewer.java,M,6,7,64,0.7711,0.0843,82,michaelthoward,0,0.0000,0.0000,0.0000,0,0
1344,1999,JmolViewer.java,M,5,6,65,0.7831,0.0723,82,michaelthoward,14,0.0093,0.1306,0.0000,0,14
1344,2001,JmolViewer.java,M,13,4,67,0.8072,0.0482,82,michaelthoward,0,0.0000,0.0000,0.0000,0,0
1344,2002,JmolViewer.java,M,8,3,68,0.8193,0.0361,82,michaelthoward,0,0.0000,0.0000,0.0000,0,0
1344,2003,JmolViewer.java,M,5,2,69,0.8313,0.0241,82,michaelthoward,18,0.1111,1.0000,0.0000,2,16
1344,2005,JmolViewer.java,M,6,7,64,0.7711,0.0843,82,michaelthoward,0,0.0000,0.0000,0.0000,0,0
1344,2007,JmolViewer.java,M,8,6,65,0.7831,0.0723,82,michaelthoward,0,0.0000,0.0000,0.0000,0,0
1344,2008,JmolViewer.java,M,6,4,67,0.8072,0.0482,82,michaelthoward,7,0.1081,0.7565,0.0000,1,6
1344,2053,JmolViewer.java,M,5,5,47,0.7460,0.0794,62,michaelthoward,1,0.0000,0.0000,0.0000,0,1
1344,2054,JmolViewer.java,M,8,4,48,0.7619,0.0635,62,michaelthoward,0,0.0000,0.0000,0.0000,0,0
1344,2090,JmolViewer.java,M,5,1,4,0.8000,0.2000,4,michaelthoward,18,0.1111,1.0000,0.0000,2,16
1344,2091,JmolViewer.java,M,5,1,4,0.8000,0.2000,4,michaelthoward,18,0.1111,1.0000,0.0000,2,16
1344,2092,JmolViewer.java,M,5,1,4,0.8000,0.2000,4,michaelthoward,3,0.3333,1.0000,0.0000,1,2
1344,2093,JmolViewer.java,M,5,1,4,0.8000,0.2000,4,michaelthoward,3,0.3333,1.0000,0.0000,1,2
1344,2098,TransformManager.java,M,11,1,0,0.0000,1.0000,0,michaelthoward,1,1.0000,1.0000,1.0000,1,0
1344,2099,TransformManager.java,M,11,1,0,0.0000,1.0000,0,michaelthoward,1,1.0000,1.0000,1.0000,1,0
1345,1818,JmolFrame.java,M,8,6,120,0.8571,0.0429,139,michaelthoward,2,0.9492,0.9764,0.9220,2,0
1345,1824,JmolFrame.java,M,8,7,124,0.8857,0.0500,139,michaelthoward,2,0.9609,0.9764,0.9454,2,0
1345,1833,JmolFrame.java,M,6,10,107,0.8425,0.0787,126,michaelthoward,2,0.0000,0.0000,0.0000,0,2
1345,1837,JmolFrame.java,M,8,6,105,0.8750,0.0500,119,michaelthoward,2,0.9337,0.9454,0.9220,2,0
1345,1934,Graphics3D.java,M,8,1,74,0.8706,0.0118,84,michaelthoward,1,0.5075,0.5075,0.5075,1,0
1345,1941,Graphics3D.java,M,19,3,72,0.8471,0.0353,84,michaelthoward,1,0.0000,0.0000,0.0000,0,1
1345,1943,Graphics3D.java,M,5,3,72,0.8471,0.0353,84,michaelthoward,3,0.0000,0.0000,0.0000,0,3
1345,1944,Graphics3D.java,M,7,3,72,0.8471,0.0353,84,michaelthoward,4,0.7492,1.0000,0.2241,3,0
1345,1946,Graphics3D.java,M,6,1,74,0.8706,0.0118,84,michaelthoward,3,0.3383,0.5075,0.0000,2,1
1345,1947,Graphics3D.java,M,6,1,74,0.8706,0.0118,84,michaelthoward,0,0.0000,0.0000,0.0000,0,0
1345,1959,Graphics3D.java,M,7,2,73,0.8588,0.0235,84,michaelthoward,4,0.7207,1.0000,0.1104,3,1
1345,1960,Graphics3D.java,M,8,3,72,0.8471,0.0353,84,michaelthoward,0,0.0000,0.0000,0.0000,0,0
1345,1961,Graphics3D.java,M,7,3,72,0.8471,0.0353,84,michaelthoward,4,0.7492,1.0000,0.2241,3,0
1345,1962,Graphics3D.java,M,7,2,73,0.8588,0.0235,84,michaelthoward,4,0.7207,1.0000,0.1104,3,1
1345,1963,Graphics3D.java,M,13,2,73,0.8588,0.0235,84,michaelthoward,1,1.0000,1.0000,1.0000,1,0
1345,1965,Graphics3D.java,M,13,2,73,0.8588,0.0235,84,michaelthoward,2,0.0000,0.0000,0.0000,0,2
1345,1966,Graphics3D.java,M,13,2,73,0.8588,0.0235,84,michaelthoward,1,1.0000,1.0000,1.0000,1,0
1345,1994,JmolViewer.java,M,8,8,64,0.7619,0.0952,83,michaelthoward,8,0.0000,0.0000,0.0000,0,8
1345,1995,JmolViewer.java,M,6,6,66,0.7857,0.0714,83,michaelthoward,7,0.1202,0.8412,0.0000,1,6
1345,1997,JmolViewer.java,M,6,8,64,0.7619,0.0952,83,michaelthoward,0,0.0000,0.0000,0.0000,0,0
1345,2001,JmolViewer.java,M,13,5,67,0.7976,0.0595,83,michaelthoward,0,0.0000,0.0000,0.0000,0,0
1345,2002,JmolViewer.java,M,8,4,68,0.8095,0.0476,83,michaelthoward,0,0.0000,0.0000,0.0000,0,0
1345,2003,JmolViewer.java,M,5,3,69,0.8214,0.0357,83,michaelthoward,18,0.1111,1.0000,0.0000,2,16
1345,2007,JmolViewer.java,M,8,7,65,0.7738,0.0833,83,michaelthoward,0,0.0000,0.0000,0.0000,0,0
1345,2008,JmolViewer.java,M,6,5,67,0.7976,0.0595,83,michaelthoward,7,0.1202,0.8412,0.0000,1,6
1345,2013,JmolViewer.java,M,7,2,70,0.8333,0.0238,83,michaelthoward,1,0.0000,0.0000,0.0000,0,1
1345,2014,JmolViewer.java,M,13,1,27,0.3214,0.0119,83,michaelthoward,5,0.0000,0.0000,0.0000,0,5
1345,2024,JmolViewer.java,M,7,7,65,0.7738,0.0833,83,michaelthoward,2,0.0000,0.0000,0.0000,0,2
1345,2054,JmolViewer.java,M,8,5,48,0.7500,0.0781,63,michaelthoward,0,0.0000,0.0000,0.0000,0,0
1345,2087,JmolFrame.java,M,6,1,11,0.5500,0.0500,19,michaelthoward,1,0.6388,0.6388,0.6388,1,0
1345,2088,JmolFrame.java,M,6,2,10,0.5000,0.1000,19,michaelthoward,1,0.6388,0.6388,0.6388,1,0
1345,2090,JmolViewer.java,M,5,2,4,0.6667,0.3333,5,michaelthoward,18,0.1111,1.0000,0.0000,2,16
1345,2091,JmolViewer.java,M,5,2,4,0.6667,0.3333,5,michaelthoward,18,0.1111,1.0000,0.0000,2,16
1345,2092,JmolViewer.java,M,5,2,4,0.6667,0.3333,5,michaelthoward,3,0.5025,1.0000,0.0000,2,1
1345,2093,JmolViewer.java,M,5,2,4,0.6667,0.3333,5,michaelthoward,3,0.5025,1.0000,0.0000,2,1
1345,2096,JmolViewer.java,M,8,1,5,0.8333,0.1667,5,michaelthoward,0,0.0000,0.0000,0.0000,0,0
1346,2080,AtomShape.java,M,6,1,15,0.6522,0.0435,22,michaelthoward,5,0.0000,0.0000,0.0000,0,5
1346,2092,JmolViewer.java,M,5,3,4,0.5714,0.4286,6,michaelthoward,3,0.3300,0.6566,0.0000,1,1
1349,2102,DotsRenderer.java,M,6,1,2,0.5000,0.2500,3,michaelthoward,0,0.0000,0.0000,0.0000,0,0
1349,2106,DotsRenderer.java,M,14,1,2,0.5000,0.2500,3,michaelthoward,5,0.0000,0.0000,0.0000,0,5
1349,2118,Dots.java,M,5,1,0,0.0000,1.0000,0,michaelthoward,4,0.0000,0.0000,0.0000,0,4
1349,2119,DotsRenderer.java,M,6,1,0,0.0000,1.0000,0,michaelthoward,3,0.0000,0.0000,0.0000,0,3
1351,2041,CdkJmolModelAdapter.java,M,5,4,73,0.9241,0.0506,78,egonw,6,0.0000,0.0000,0.0000,0,6
1354,1583,Bspt.java,M,5,1,236,0.9672,0.0041,243,michaelthoward,4,0.2500,1.0000,0.0000,1,3
1354,1586,Bspt.java,M,22,1,235,0.9631,0.0041,243,michaelthoward,2,0.0000,0.0000,0.0000,0,2
1354,1824,JmolFrame.java,M,8,8,132,0.8859,0.0537,148,michaelthoward,2,0.4734,0.4801,0.4668,0,0
1354,1833,JmolFrame.java,M,6,11,115,0.8456,0.0809,135,michaelthoward,2,0.0000,0.0000,0.0000,0,2
1354,1842,JmolFrame.java,M,34,3,113,0.9113,0.0242,123,michaelthoward,1,1.0000,1.0000,1.0000,1,0
1354,1843,JmolFrame.java,M,34,3,113,0.9113,0.0242,123,michaelthoward,1,1.0000,1.0000,1.0000,1,0
1354,1844,JmolFrame.java,M,8,5,111,0.8952,0.0403,123,michaelthoward,1,0.7794,0.7794,0.7794,1,0
1354,1845,JmolFrame.java,M,8,4,112,0.9032,0.0323,123,michaelthoward,1,0.7794,0.7794,0.7794,1,0
1354,1867,Bspt.java,M,7,1,104,0.9123,0.0088,113,michaelthoward,1,0.0000,0.0000,0.0000,0,1
1354,1871,Bspt.java,M,7,1,104,0.9123,0.0088,113,michaelthoward,4,0.0000,0.0000,0.0000,0,4
1354,1875,Bspt.java,M,5,1,104,0.9123,0.0088,113,michaelthoward,3,0.0000,0.0000,0.0000,0,3
1354,1877,Bspt.java,M,8,1,104,0.9123,0.0088,113,michaelthoward,7,0.0000,0.0000,0.0000,0,7
1354,1880,Bspt.java,M,5,1,104,0.9123,0.0088,113,michaelthoward,4,0.2500,1.0000,0.0000,1,3
1354,1881,Bspt.java,M,5,1,104,0.9123,0.0088,113,michaelthoward,4,0.2500,1.0000,0.0000,1,3
1354,1994,JmolViewer.java,M,8,9,72,0.7742,0.0968,92,michaelthoward,8,0.0000,0.0000,0.0000,0,8
1354,1997,JmolViewer.java,M,6,9,72,0.7742,0.0968,92,michaelthoward,0,0.0000,0.0000,0.0000,0,0
1354,1999,JmolViewer.java,M,5,7,74,0.7957,0.0753,92,michaelthoward,14,0.0057,0.0796,0.0000,0,14
1354,2024,JmolViewer.java,M,7,8,73,0.7849,0.0860,92,michaelthoward,2,0.0000,0.0000,0.0000,0,2
1354,2034,AtomShape.java,M,7,2,78,0.9070,0.0233,85,michaelthoward,8,0.1250,1.0000,0.0000,1,7
1354,2053,JmolViewer.java,M,5,6,56,0.7671,0.0822,72,michaelthoward,1,0.0000,0.0000,0.0000,0,1
1354,2054,JmolViewer.java,M,8,6,56,0.7671,0.0822,72,michaelthoward,0,0.0000,0.0000,0.0000,0,0
1354,2087,JmolFrame.java,M,6,2,19,0.6552,0.0690,28,michaelthoward,2,0.6739,1.0000,0.3478,1,0
1354,2090,JmolViewer.java,M,5,3,12,0.8000,0.2000,14,michaelthoward,18,0.0889,1.0000,0.0000,2,16
1354,2091,JmolViewer.java,M,5,3,12,0.8000,0.2000,14,michaelthoward,18,0.0889,1.0000,0.0000,2,16
1354,2093,JmolViewer.java,M,5,3,12,0.8000,0.2000,14,michaelthoward,3,0.2540,0.4571,0.0000,0,1
1354,2096,JmolViewer.java,M,8,2,13,0.8667,0.1333,14,michaelthoward,0,0.0000,0.0000,0.0000,0,0
1354,2100,DotsRenderer.java,M,5,1,6,0.6667,0.1111,8,michaelthoward,4,0.0000,0.0000,0.0000,0,4
1354,2106,DotsRenderer.java,M,14,2,6,0.6667,0.2222,8,michaelthoward,5,0.0000,0.0000,0.0000,0,5
1354,2110,DotsRenderer.java,M,15,1,6,0.6667,0.1111,8,michaelthoward,0,0.0000,0.0000,0.0000,0,0
1354,2112,FrameRenderer.java,M,5,1,5,0.7143,0.1429,6,michaelthoward,6,0.0000,0.0000,0.0000,0,6
1354,2113,FrameRenderer.java,M,10,1,5,0.7143,0.1429,6,michaelthoward,2,0.5000,1.0000,0.0000,1,1
1354,2114,FrameRenderer.java,M,5,1,5,0.7143,0.1429,6,michaelthoward,0,0.0000,0.0000,0.0000,0,0
1354,2115,FrameRenderer.java,M,5,1,5,0.7143,0.1429,6,michaelthoward,2,1.0000,1.0000,1.0000,2,0
1354,2116,FrameRenderer.java,M,15,1,5,0.7143,0.1429,6,michaelthoward,10,0.0000,0.0000,0.0000,0,10
1354,2117,FrameRenderer.java,M,5,1,5,0.7143,0.1429,6,michaelthoward,2,1.0000,1.0000,1.0000,2,0
1354,2119,DotsRenderer.java,M,6,2,4,0.6667,0.3333,5,michaelthoward,3,0.0000,0.0000,0.0000,0,3
1354,2121,JmolFrame.java,M,5,1,0,0.0000,1.0000,0,michaelthoward,2,1.0000,1.0000,1.0000,2,0
1354,2122,JmolFrame.java,M,5,1,0,0.0000,1.0000,0,michaelthoward,8,0.1250,1.0000,0.0000,1,7
1355,1947,Graphics3D.java,M,6,2,83,0.8737,0.0211,94,michaelthoward,0,0.0000,0.0000,0.0000,0,0
1356,1997,JmolViewer.java,M,6,10,73,0.7684,0.1053,94,michaelthoward,0,0.0000,0.0000,0.0000,0,0
1356,1999,JmolViewer.java,M,5,8,75,0.7895,0.0842,94,michaelthoward,14,0.0040,0.0563,0.0000,0,14
1356,2001,JmolViewer.java,M,13,6,77,0.8105,0.0632,94,michaelthoward,0,0.0000,0.0000,0.0000,0,0
1356,2005,JmolViewer.java,M,6,8,75,0.7895,0.0842,94,michaelthoward,0,0.0000,0.0000,0.0000,0,0
1356,2013,JmolViewer.java,M,7,3,80,0.8421,0.0316,94,michaelthoward,1,0.0000,0.0000,0.0000,0,1
1356,2024,JmolViewer.java,M,7,9,74,0.7789,0.0947,94,michaelthoward,2,0.0000,0.0000,0.0000,0,2
1356,2048,ModelManager.java,M,12,2,69,0.8313,0.0241,82,michaelthoward,0,0.0000,0.0000,0.0000,0,0
1356,2049,ModelManager.java,M,5,2,69,0.8313,0.0241,82,michaelthoward,0,0.0000,0.0000,0.0000,0,0
1356,2054,JmolViewer.java,M,8,7,57,0.7600,0.0933,74,michaelthoward,0,0.0000,0.0000,0.0000,0,0
1356,2090,JmolViewer.java,M,5,4,13,0.7647,0.2353,16,michaelthoward,18,0.0790,1.0000,0.0000,1,16
1356,2091,JmolViewer.java,M,5,4,13,0.7647,0.2353,16,michaelthoward,18,0.0790,1.0000,0.0000,1,16
1356,2092,JmolViewer.java,M,5,4,13,0.7647,0.2353,16,michaelthoward,3,0.2724,0.5895,0.0000,1,1
1356,2093,JmolViewer.java,M,5,4,13,0.7647,0.2353,16,michaelthoward,3,0.2679,0.5895,0.0000,1,1
1356,2096,JmolViewer.java,M,8,3,14,0.8235,0.1765,16,michaelthoward,0,0.0000,0.0000,0.0000,0,0
1356,2125,XyzJmolModelAdapter.java,M,5,1,0,0.0000,1.0000,0,michaelthoward,8,0.0000,0.0000,0.0000,0,8
1357,1586,Bspt.java,M,22,2,237,0.9595,0.0081,246,michaelthoward,2,0.0000,0.0000,0.0000,0,2
1357,1599,Eval.java,M,25,4,230,0.9312,0.0162,246,michaelthoward,1,1.0000,1.0000,1.0000,1,0
1357,1600,Eval.java,M,25,4,230,0.9312,0.0162,246,michaelthoward,1,1.0000,1.0000,1.0000,1,0
1357,1842,JmolFrame.java,M,34,4,115,0.9055,0.0315,126,michaelthoward,1,1.0000,1.0000,1.0000,1,0
1357,1843,JmolFrame.java,M,34,4,115,0.9055,0.0315,126,michaelthoward,1,1.0000,1.0000,1.0000,1,0
1357,1844,JmolFrame.java,M,8,6,113,0.8898,0.0472,126,michaelthoward,1,0.8779,0.8779,0.8779,1,0
1357,1845,JmolFrame.java,M,8,5,114,0.8976,0.0394,126,michaelthoward,1,0.8779,0.8779,0.8779,1,0
1357,1873,Bspt.java,M,15,1,107,0.9145,0.0085,116,michaelthoward,1,0.0000,0.0000,0.0000,0,1
1357,2080,AtomShape.java,M,6,2,25,0.7353,0.0588,33,michaelthoward,5,0.0957,0.4784,0.0000,0,4
1357,2081,BondShape.java,M,6,2,26,0.7647,0.0588,33,michaelthoward,5,0.0957,0.4784,0.0000,0,4
1357,2121,JmolFrame.java,M,5,2,2,0.5000,0.5000,3,michaelthoward,2,0.4775,0.4775,0.4775,0,0
1358,1162,PreferencesDialog.java,M,7,15,758,0.9718,0.0192,779,michaelthoward,7,0.2124,0.9998,0.0000,1,5
1358,1172,PreferencesDialog.java,M,7,11,762,0.9769,0.0141,779,michaelthoward,7,0.2124,0.9998,0.0000,1,5
1358,1444,TransformManager.java,M,5,2,541,0.9730,0.0036,555,michaelthoward,0,0.0000,0.0000,0.0000,0,0
1358,1500,Axes.java,M,14,1,505,0.9844,0.0019,512,michaelthoward,5,0.0000,0.0000,0.0000,0,5
1358,1501,BoundingBox.java,M,11,1,504,0.9825,0.0019,512,michaelthoward,2,0.0000,0.0000,0.0000,0,2
1358,1842,JmolFrame.java,M,34,5,115,0.8984,0.0391,127,michaelthoward,1,1.0000,1.0000,1.0000,1,0
1358,1843,JmolFrame.java,M,34,5,115,0.8984,0.0391,127,michaelthoward,1,1.0000,1.0000,1.0000,1,0
1358,1844,JmolFrame.java,M,8,7,113,0.8828,0.0547,127,michaelthoward,1,0.9164,0.9164,0.9164,1,0
1358,1845,JmolFrame.java,M,8,6,114,0.8906,0.0469,127,michaelthoward,1,0.9164,0.9164,0.9164,1,0
1358,1997,JmolViewer.java,M,6,11,74,0.7629,0.1134,96,michaelthoward,0,0.0000,0.0000,0.0000,0,0
1358,2034,AtomShape.java,M,7,3,81,0.9000,0.0333,89,michaelthoward,7,0.2064,0.4872,0.0000,0,4
1358,2055,MeasurementShape.java,M,5,2,66,0.8684,0.0263,75,michaelthoward,1,1.0000,1.0000,1.0000,1,0
1358,2056,MeasurementShape.java,M,5,2,66,0.8684,0.0263,75,michaelthoward,1,1.0000,1.0000,1.0000,1,0
1358,2090,JmolViewer.java,M,5,5,14,0.7368,0.2632,18,michaelthoward,18,0.0734,1.0000,0.0000,1,16
1358,2091,JmolViewer.java,M,5,5,14,0.7368,0.2632,18,michaelthoward,18,0.0734,1.0000,0.0000,1,16
1358,2099,TransformManager.java,M,11,2,13,0.8667,0.1333,14,michaelthoward,1,0.3965,0.3965,0.3965,0,0
1358,2121,JmolFrame.java,M,5,3,2,0.4000,0.6000,4,michaelthoward,2,0.3104,0.3104,0.3104,0,0
1364,2055,MeasurementShape.java,M,5,3,71,0.8659,0.0366,81,michaelthoward,1,1.0000,1.0000,1.0000,1,0
1364,2056,MeasurementShape.java,M,5,3,71,0.8659,0.0366,81,michaelthoward,1,1.0000,1.0000,1.0000,1,0
1364,2112,FrameRenderer.java,M,5,2,14,0.8235,0.1176,16,michaelthoward,5,0.0000,0.0000,0.0000,0,5
1364,2114,FrameRenderer.java,M,5,2,14,0.8235,0.1176,16,michaelthoward,0,0.0000,0.0000,0.0000,0,0
1364,2115,FrameRenderer.java,M,5,2,14,0.8235,0.1176,16,michaelthoward,2,0.6094,1.0000,0.2187,1,0
1364,2117,FrameRenderer.java,M,5,2,14,0.8235,0.1176,16,michaelthoward,2,0.6094,1.0000,0.2187,1,0
1364,2133,MeasurementShape.java,M,8,1,0,0.0000,1.0000,0,michaelthoward,3,0.0000,0.0000,0.0000,0,3
1365,1818,JmolFrame.java,M,8,7,139,0.8688,0.0438,159,michaelthoward,2,0.8316,0.9679,0.6954,2,0
1365,1824,JmolFrame.java,M,8,9,142,0.8875,0.0563,159,michaelthoward,2,0.6913,0.6954,0.6871,2,0
1365,1833,JmolFrame.java,M,6,12,125,0.8503,0.0816,146,michaelthoward,2,0.0000,0.0000,0.0000,0,2
1365,1837,JmolFrame.java,M,8,7,124,0.8857,0.0500,139,michaelthoward,2,0.8275,0.9679,0.6871,2,0
1365,1843,JmolFrame.java,M,34,6,121,0.8963,0.0444,134,michaelthoward,1,0.7021,0.7021,0.7021,1,0
1365,1844,JmolFrame.java,M,8,8,119,0.8815,0.0593,134,michaelthoward,1,0.9398,0.9398,0.9398,1,0
1365,1845,JmolFrame.java,M,8,7,120,0.8889,0.0519,134,michaelthoward,1,0.9398,0.9398,0.9398,1,0
1365,2056,MeasurementShape.java,M,5,4,71,0.8554,0.0482,82,michaelthoward,1,0.6511,0.6511,0.6511,1,0
1365,2087,JmolFrame.java,M,6,3,29,0.7250,0.0750,39,michaelthoward,2,0.4340,0.6008,0.2673,1,0
1365,2088,JmolFrame.java,M,6,3,28,0.7000,0.0750,39,michaelthoward,2,0.3004,0.6008,0.0000,1,1
1365,2121,JmolFrame.java,M,5,4,8,0.6667,0.3333,11,michaelthoward,2,0.1677,0.1677,0.1677,0,2
1365,2132,ArcTest.java,M,7,1,0,0.0000,0.5000,1,michaelthoward,3,0.1692,0.5075,0.0000,1,2
1365,2133,MeasurementShape.java,M,8,2,0,0.0000,1.0000,1,michaelthoward,3,0.1692,0.5075,0.0000,1,2
1366,2100,DotsRenderer.java,M,5,2,16,0.7619,0.0952,20,michaelthoward,4,0.0000,0.0000,0.0000,0,4
1366,2136,Dots.java,M,8,1,0,0.0000,0.5000,1,michaelthoward,7,0.0000,0.0000,0.0000,0,7
1366,2140,DotsRenderer.java,M,5,1,0,0.0000,0.5000,1,michaelthoward,3,0.0000,0.0000,0.0000,0,3
1366,2141,Dots.java,M,6,1,0,0.0000,1.0000,0,michaelthoward,3,0.0000,0.0000,0.0000,0,3
1366,2142,DotsRenderer.java,M,7,1,0,0.0000,1.0000,0,michaelthoward,4,0.0000,0.0000,0.0000,0,4
1366,2143,Dots.java,M,8,1,0,0.0000,1.0000,0,michaelthoward,2,0.0000,0.0000,0.0000,0,2
1366,2144,Dots.java,M,13,1,0,0.0000,1.0000,0,michaelthoward,5,0.0000,0.0000,0.0000,0,5
1369,1509,Eval.java,M,11,18,489,0.9368,0.0345,521,michaelthoward,4,0.0000,0.0000,0.0000,0,4
1369,1551,Eval.java,M,7,10,413,0.9472,0.0229,435,michaelthoward,7,0.0000,0.0000,0.0000,0,7
1369,1994,JmolViewer.java,M,8,10,86,0.7963,0.0926,107,michaelthoward,8,0.0000,0.0000,0.0000,0,8
1369,1995,JmolViewer.java,M,6,7,89,0.8241,0.0648,107,michaelthoward,7,0.0701,0.4906,0.0000,0,6
1369,1999,JmolViewer.java,M,5,9,87,0.8056,0.0833,107,michaelthoward,14,0.0028,0.0393,0.0000,0,14
1369,2003,JmolViewer.java,M,5,4,92,0.8519,0.0370,107,michaelthoward,18,0.0406,0.4907,0.0000,0,16
1369,2007,JmolViewer.java,M,8,8,88,0.8148,0.0741,107,michaelthoward,0,0.0000,0.0000,0.0000,0,0
1369,2014,JmolViewer.java,M,13,2,50,0.4630,0.0185,107,michaelthoward,5,0.0000,0.0000,0.0000,0,5
1369,2015,JmolViewer.java,M,6,2,94,0.8704,0.0185,107,michaelthoward,3,0.0000,0.0000,0.0000,0,3
1369,2024,JmolViewer.java,M,7,10,86,0.7963,0.0926,107,michaelthoward,2,0.0000,0.0000,0.0000,0,2
1369,2054,JmolViewer.java,M,8,8,69,0.7841,0.0909,87,michaelthoward,0,0.0000,0.0000,0.0000,0,0
1369,2090,JmolViewer.java,M,5,6,24,0.8000,0.2000,29,michaelthoward,18,0.0689,0.7495,0.0000,1,16
1369,2092,JmolViewer.java,M,5,5,25,0.8333,0.1667,29,michaelthoward,4,0.4633,1.0000,0.0000,2,2
1369,2093,JmolViewer.java,M,5,5,25,0.8333,0.1667,29,michaelthoward,4,0.4617,1.0000,0.0000,2,2
1369,2096,JmolViewer.java,M,8,4,26,0.8667,0.1333,29,michaelthoward,0,0.0000,0.0000,0.0000,0,0
1369,2100,DotsRenderer.java,M,5,3,18,0.7500,0.1250,23,michaelthoward,4,0.0000,0.0000,0.0000,0,4
1369,2119,DotsRenderer.java,M,6,3,17,0.8095,0.1429,20,michaelthoward,3,0.0000,0.0000,0.0000,0,3
1369,2120,Eval.java,M,5,1,20,0.9524,0.0476,20,michaelthoward,5,0.0000,0.0000,0.0000,0,5
1369,2141,Dots.java,M,6,2,2,0.5000,0.5000,3,michaelthoward,3,0.0000,0.0000,0.0000,0,3
1369,2142,DotsRenderer.java,M,7,2,2,0.5000,0.5000,3,michaelthoward,4,0.0000,0.0000,0.0000,0,4
1369,2146,JmolViewer.java,M,5,1,0,0.0000,1.0000,0,michaelthoward,4,0.5000,1.0000,0.0000,2,2
1369,2147,DotsRenderer.java,M,8,1,0,0.0000,1.0000,0,michaelthoward,3,0.0000,0.0000,0.0000,0,3
1369,2148,DotsRenderer.java,M,9,1,0,0.0000,1.0000,0,michaelthoward,1,0.0000,0.0000,0.0000,0,1
1370,1941,Graphics3D.java,M,19,4,96,0.8727,0.0364,109,michaelthoward,1,0.0000,0.0000,0.0000,0,1
1370,1943,Graphics3D.java,M,5,4,96,0.8727,0.0364,109,michaelthoward,3,0.0000,0.0000,0.0000,0,3
1370,1944,Graphics3D.java,M,7,4,96,0.8727,0.0364,109,michaelthoward,4,0.9051,1.0000,0.7064,4,0
1370,1958,Graphics3D.java,M,7,3,97,0.8818,0.0273,109,michaelthoward,4,0.6849,0.7064,0.6633,4,0
1370,1959,Graphics3D.java,M,7,3,97,0.8818,0.0273,109,michaelthoward,4,0.8943,1.0000,0.6633,4,0
1370,1961,Graphics3D.java,M,7,4,96,0.8727,0.0364,109,michaelthoward,4,0.9051,1.0000,0.7064,4,0
1370,1962,Graphics3D.java,M,7,3,97,0.8818,0.0273,109,michaelthoward,4,0.8943,1.0000,0.6633,4,0
1370,1963,Graphics3D.java,M,13,3,97,0.8818,0.0273,109,michaelthoward,4,0.2500,1.0000,0.0000,1,3
1370,1965,Graphics3D.java,M,13,3,97,0.8818,0.0273,109,michaelthoward,2,0.0000,0.0000,0.0000,0,2
1370,2100,DotsRenderer.java,M,5,4,18,0.7200,0.1600,24,michaelthoward,4,0.0000,0.0000,0.0000,0,4
1370,2119,DotsRenderer.java,M,6,4,17,0.7727,0.1818,21,michaelthoward,3,0.0000,0.0000,0.0000,0,3
1370,2136,Dots.java,M,8,2,3,0.5000,0.3333,5,michaelthoward,7,0.0000,0.0000,0.0000,0,7
1370,2141,Dots.java,M,6,3,2,0.4000,0.6000,4,michaelthoward,3,0.0000,0.0000,0.0000,0,3
1370,2144,Dots.java,M,13,2,3,0.6000,0.4000,4,michaelthoward,5,0.0000,0.0000,0.0000,0,5
1370,2148,DotsRenderer.java,M,9,2,0,0.0000,1.0000,1,michaelthoward,1,0.0000,0.0000,0.0000,0,1
1370,2149,Dots.java,M,6,1,0,0.0000,1.0000,0,michaelthoward,1,0.0000,0.0000,0.0000,0,1
1370,2150,DotsRenderer.java,M,6,1,0,0.0000,1.0000,0,michaelthoward,1,1.0000,1.0000,1.0000,1,0
1370,2151,DotsRenderer.java,M,6,1,0,0.0000,1.0000,0,michaelthoward,1,1.0000,1.0000,1.0000,1,0
1373,2100,DotsRenderer.java,M,5,5,20,0.7143,0.1786,27,michaelthoward,4,0.0000,0.0000,0.0000,0,4
1373,2119,DotsRenderer.java,M,6,5,19,0.7600,0.2000,24,michaelthoward,3,0.0000,0.0000,0.0000,0,3
1373,2134,Dots.java,M,5,1,7,0.7778,0.1111,8,michaelthoward,8,0.0000,0.0000,0.0000,0,8
1373,2136,Dots.java,M,8,3,5,0.5556,0.3333,8,michaelthoward,7,0.0000,0.0000,0.0000,0,7
1373,2138,Dots.java,M,6,1,7,0.7778,0.1111,8,michaelthoward,0,0.0000,0.0000,0.0000,0,0
1373,2141,Dots.java,M,6,4,4,0.5000,0.5000,7,michaelthoward,3,0.0000,0.0000,0.0000,0,3
1373,2143,Dots.java,M,8,2,6,0.7500,0.2500,7,michaelthoward,2,0.0000,0.0000,0.0000,0,2
1373,2144,Dots.java,M,13,3,5,0.6250,0.3750,7,michaelthoward,5,0.0000,0.0000,0.0000,0,5
1373,2149,Dots.java,M,6,2,2,0.5000,0.5000,3,michaelthoward,1,0.0000,0.0000,0.0000,0,1
1374,2100,DotsRenderer.java,M,5,6,20,0.6897,0.2069,28,michaelthoward,4,0.0000,0.0000,0.0000,0,4
1374,2119,DotsRenderer.java,M,6,6,19,0.7308,0.2308,25,michaelthoward,3,0.0000,0.0000,0.0000,0,3
1374,2136,Dots.java,M,8,4,5,0.5000,0.4000,9,michaelthoward,7,0.0000,0.0000,0.0000,0,7
1374,2138,Dots.java,M,6,2,7,0.7000,0.2000,9,michaelthoward,0,0.0000,0.0000,0.0000,0,0
1374,2141,Dots.java,M,6,5,4,0.4444,0.5556,8,michaelthoward,3,0.0000,0.0000,0.0000,0,3
1374,2142,DotsRenderer.java,M,7,3,6,0.6667,0.3333,8,michaelthoward,4,0.0000,0.0000,0.0000,0,4
1374,2143,Dots.java,M,8,3,6,0.6667,0.3333,8,michaelthoward,2,0.0000,0.0000,0.0000,0,2
1374,2144,Dots.java,M,13,4,5,0.5556,0.4444,8,michaelthoward,7,0.2857,1.0000,0.0000,2,5
1374,2148,DotsRenderer.java,M,9,3,3,0.5000,0.5000,5,michaelthoward,1,0.0000,0.0000,0.0000,0,1
1374,2149,Dots.java,M,6,3,2,0.4000,0.6000,4,michaelthoward,1,0.0000,0.0000,0.0000,0,1
1374,2150,DotsRenderer.java,M,6,2,3,0.6000,0.4000,4,michaelthoward,1,1.0000,1.0000,1.0000,1,0
1374,2151,DotsRenderer.java,M,6,2,3,0.6000,0.4000,4,michaelthoward,1,1.0000,1.0000,1.0000,1,0
1374,2152,Dots.java,M,5,1,0,0.0000,1.0000,0,michaelthoward,4,0.0000,0.0000,0.0000,0,4
1374,2154,Dots.java,M,19,1,0,0.0000,1.0000,0,michaelthoward,3,0.0000,0.0000,0.0000,0,3
1374,2155,Dots.java,M,39,1,0,0.0000,1.0000,0,michaelthoward,7,0.2857,1.0000,0.0000,2,5
1374,2156,Dots.java,M,39,1,0,0.0000,1.0000,0,michaelthoward,7,0.2857,1.0000,0.0000,2,5
1378,2100,DotsRenderer.java,M,5,7,23,0.6970,0.2121,32,michaelthoward,4,0.0000,0.0000,0.0000,0,4
1378,2119,DotsRenderer.java,M,6,7,22,0.7333,0.2333,29,michaelthoward,3,0.0000,0.0000,0.0000,0,3
1378,2143,Dots.java,M,8,4,9,0.6923,0.3077,12,michaelthoward,2,0.0000,0.0000,0.0000,0,2
1378,2144,Dots.java,M,13,5,8,0.6154,0.3846,12,michaelthoward,7,0.1343,0.4700,0.0000,0,5
1378,2157,Dots.java,M,5,1,0,0.0000,1.0000,0,michaelthoward,3,0.3333,1.0000,0.0000,1,2
1378,2158,Dots.java,M,5,1,0,0.0000,1.0000,0,michaelthoward,3,0.3333,1.0000,0.0000,1,2
1379,2100,DotsRenderer.java,M,5,8,23,0.6765,0.2353,33,michaelthoward,4,0.0000,0.0000,0.0000,0,4
1379,2119,DotsRenderer.java,M,6,8,22,0.7097,0.2581,30,michaelthoward,3,0.0000,0.0000,0.0000,0,3
1379,2136,Dots.java,M,8,5,9,0.6000,0.3333,14,michaelthoward,7,0.0000,0.0000,0.0000,0,7
1379,2139,Dots.java,M,5,1,7,0.4667,0.0667,14,michaelthoward,3,0.1313,0.3940,0.0000,0,2
1379,2140,DotsRenderer.java,M,5,2,8,0.5333,0.1333,14,michaelthoward,3,0.1313,0.3940,0.0000,0,2
1379,2141,Dots.java,M,6,6,8,0.5714,0.4286,13,michaelthoward,3,0.0000,0.0000,0.0000,0,3
1379,2144,Dots.java,M,13,6,8,0.5714,0.4286,13,michaelthoward,5,0.0000,0.0000,0.0000,0,5
1379,2149,Dots.java,M,6,4,6,0.6000,0.4000,9,michaelthoward,1,0.0000,0.0000,0.0000,0,1
1379,2150,DotsRenderer.java,M,6,3,6,0.6000,0.3000,9,michaelthoward,1,1.0000,1.0000,1.0000,1,0
1379,2151,DotsRenderer.java,M,6,3,6,0.6000,0.3000,9,michaelthoward,1,1.0000,1.0000,1.0000,1,0
1379,2157,Dots.java,M,5,2,0,0.0000,1.0000,1,michaelthoward,3,0.1642,0.4925,0.0000,0,2
1388,2100,DotsRenderer.java,M,5,9,31,0.7209,0.2093,42,michaelthoward,4,0.0000,0.0000,0.0000,0,4
1388,2119,DotsRenderer.java,M,6,9,30,0.7500,0.2250,39,michaelthoward,3,0.0000,0.0000,0.0000,0,3
1388,2136,Dots.java,M,8,6,17,0.7083,0.2500,23,michaelthoward,7,0.0000,0.0000,0.0000,0,7
1388,2138,Dots.java,M,6,3,20,0.8333,0.1250,23,michaelthoward,0,0.0000,0.0000,0.0000,0,0
1388,2139,Dots.java,M,5,2,15,0.6250,0.0833,23,michaelthoward,3,0.2001,0.6003,0.0000,1,2
1388,2140,DotsRenderer.java,M,5,3,16,0.6667,0.1250,23,michaelthoward,3,0.2001,0.6003,0.0000,1,2
1388,2142,DotsRenderer.java,M,7,4,19,0.8261,0.1739,22,michaelthoward,4,0.0000,0.0000,0.0000,0,4
1388,2143,Dots.java,M,8,5,18,0.7826,0.2174,22,michaelthoward,3,0.3333,1.0000,0.0000,1,2
1388,2148,DotsRenderer.java,M,9,4,16,0.8000,0.2000,19,michaelthoward,1,0.0000,0.0000,0.0000,0,1
1388,2149,Dots.java,M,6,5,14,0.7368,0.2632,18,michaelthoward,2,0.5000,1.0000,0.0000,1,1
1388,2163,Dots.java,M,8,1,0,0.0000,1.0000,0,michaelthoward,3,0.3333,1.0000,0.0000,1,2
1388,2164,Dots.java,M,6,1,0,0.0000,1.0000,0,michaelthoward,2,0.5000,1.0000,0.0000,1,1
1392,1424,Eval.java,M,5,12,587,0.9592,0.0196,611,michaelthoward,0,0.0000,0.0000,0.0000,0,0
1392,1509,Eval.java,M,11,19,511,0.9376,0.0349,544,michaelthoward,4,0.0000,0.0000,0.0000,0,4
1392,1512,Eval.java,M,9,10,521,0.9595,0.0184,542,michaelthoward,6,0.3333,1.0000,0.0000,2,4
1392,1513,Eval.java,M,9,12,519,0.9558,0.0221,542,michaelthoward,6,0.3333,0.9999,0.0000,2,4
1392,1520,Eval.java,M,9,11,513,0.9571,0.0205,535,michaelthoward,6,0.3333,1.0000,0.0000,2,4
1392,1526,Eval.java,M,6,8,507,0.9620,0.0152,526,michaelthoward,4,0.0000,0.0000,0.0000,0,4
1392,1551,Eval.java,M,7,11,435,0.9477,0.0240,458,michaelthoward,7,0.0000,0.0000,0.0000,0,7
1392,1824,JmolFrame.java,M,8,10,168,0.8984,0.0535,186,michaelthoward,2,0.3582,0.3601,0.3562,0,0
1392,1833,JmolFrame.java,M,6,13,151,0.8678,0.0747,173,michaelthoward,3,0.0000,0.0000,0.0000,0,3
1392,1844,JmolFrame.java,M,8,9,145,0.8951,0.0556,161,michaelthoward,2,0.4815,0.9631,0.0000,1,1
1392,1845,JmolFrame.java,M,8,8,146,0.9012,0.0494,161,michaelthoward,2,0.4815,0.9631,0.0000,1,1
1392,1855,JmolFrame.java,M,5,4,142,0.9221,0.0260,153,michaelthoward,2,0.0000,0.0000,0.0000,0,2
1392,2012,DistributionManager.java,M,5,3,99,0.7557,0.0229,130,michaelthoward,18,0.0000,0.0000,0.0000,0,18
1392,2048,ModelManager.java,M,12,3,104,0.8739,0.0252,118,michaelthoward,0,0.0000,0.0000,0.0000,0,0
1392,2049,ModelManager.java,M,5,3,104,0.8739,0.0252,118,michaelthoward,0,0.0000,0.0000,0.0000,0,0
1392,2088,JmolFrame.java,M,6,4,54,0.8060,0.0597,66,michaelthoward,2,0.1605,0.3209,0.0000,0,1
1392,2092,JmolViewer.java,M,5,6,47,0.8868,0.1132,52,michaelthoward,4,0.3079,0.8025,0.0000,1,2
1392,2093,JmolViewer.java,M,5,6,47,0.8868,0.1132,52,michaelthoward,4,0.3072,0.8025,0.0000,1,2
1392,2120,Eval.java,M,5,2,42,0.9545,0.0455,43,michaelthoward,4,0.0000,0.0000,0.0000,0,4
1392,2121,JmolFrame.java,M,5,5,34,0.8718,0.1282,38,michaelthoward,2,0.1100,0.1100,0.1100,0,2
1392,2126,SimpleModelAdapter.java,M,6,1,29,0.9355,0.0323,30,michaelthoward,2,0.0000,0.0000,0.0000,0,2
1392,2127,SimpleModelAdapter.java,M,5,1,29,0.9355,0.0323,30,michaelthoward,2,0.0000,0.0000,0.0000,0,2
1392,2128,SimpleModelAdapter.java,M,5,1,29,0.9355,0.0323,30,michaelthoward,3,0.3333,1.0000,0.0000,1,2
1392,2129,SimpleModelAdapter.java,M,6,1,29,0.9355,0.0323,30,michaelthoward,2,0.0000,0.0000,0.0000,0,2
1392,2131,SimpleModelAdapter.java,M,5,1,29,0.9355,0.0323,30,michaelthoward,4,0.0000,0.0000,0.0000,0,4
1392,2145,SimpleModelAdapter.java,M,5,1,23,0.9583,0.0417,23,michaelthoward,3,0.3333,1.0000,0.0000,1,2
1392,2165,CdkJmolModelAdapter.java,M,5,1,0,0.0000,1.0000,0,michaelthoward,16,0.0625,1.0000,0.0000,1,15
1392,2166,DeprecatedJmolModelAdapter.java,M,5,1,0,0.0000,1.0000,0,michaelthoward,16,0.0625,1.0000,0.0000,1,15
1392,2171,ModelManager.java,M,11,1,0,0.0000,1.0000,0,michaelthoward,3,0.0000,0.0000,0.0000,0,3
1401,2176,JmolAppletControl.java,M,8,1,0,0.0000,1.0000,0,michaelthoward,9,0.1111,1.0000,0.0000,1,8
1401,2177,JmolAppletControl.java,M,8,1,0,0.0000,1.0000,0,michaelthoward,9,0.1111,1.0000,0.0000,1,8
1402,2175,JmolAppletControl.java,M,13,1,0,0.0000,0.5000,1,michaelthoward,19,0.0000,0.0000,0.0000,0,19
1403,2175,JmolAppletControl.java,M,13,2,0,0.0000,0.6667,2,michaelthoward,20,0.0500,1.0000,0.0000,1,19
1403,2178,JmolAppletControl.java,M,13,1,0,0.0000,1.0000,0,michaelthoward,20,0.0500,1.0000,0.0000,1,19
1404,1517,Token.java,M,5,2,522,0.9508,0.0036,548,michaelthoward,1,0.9998,0.9998,0.9998,1,0
1404,1519,Token.java,M,5,5,530,0.9654,0.0091,548,michaelthoward,1,0.9998,0.9998,0.9998,1,0
1407,2089,JmolApplet.java,M,6,2,68,0.9577,0.0282,70,michaelthoward,3,0.0000,0.0000,0.0000,0,3
1410,2160,RSSViewerPlugin.java,M,8,1,22,0.8800,0.0400,24,egonw,1,0.0000,0.0000,0.0000,0,1
1410,2162,RSSViewerPlugin.java,M,9,1,22,0.8800,0.0400,24,egonw,3,0.0000,0.0000,0.0000,0,3
1410,2181,RSSViewerPlugin.java,M,6,1,0,0.0000,1.0000,0,egonw,2,0.0000,0.0000,0.0000,0,2
1412,2159,RSSViewerPlugin.java,M,8,1,25,0.9259,0.0370,26,egonw,1,0.0000,0.0000,0.0000,0,1
1412,2181,RSSViewerPlugin.java,M,6,2,1,0.3333,0.6667,2,egonw,2,0.0000,0.0000,0.0000,0,2
1414,2126,SimpleModelAdapter.java,M,6,2,50,0.9434,0.0377,52,michaelthoward,2,0.0000,0.0000,0.0000,0,2
1414,2127,SimpleModelAdapter.java,M,5,2,50,0.9434,0.0377,52,michaelthoward,2,0.0000,0.0000,0.0000,0,2
1414,2128,SimpleModelAdapter.java,M,5,2,50,0.9434,0.0377,52,michaelthoward,3,0.3333,1.0000,0.0000,1,2
1414,2129,SimpleModelAdapter.java,M,6,2,50,0.9434,0.0377,52,michaelthoward,2,0.0000,0.0000,0.0000,0,2
1414,2145,SimpleModelAdapter.java,M,5,2,44,0.9565,0.0435,45,michaelthoward,3,0.3333,1.0000,0.0000,1,2
1415,1838,BondRenderer.java,M,5,3,173,0.9202,0.0160,187,michaelthoward,3,0.0000,0.0000,0.0000,0,3
1415,1941,Graphics3D.java,M,19,5,140,0.9032,0.0323,154,michaelthoward,1,0.0000,0.0000,0.0000,0,1
1415,1943,Graphics3D.java,M,5,5,140,0.9032,0.0323,154,michaelthoward,3,0.0000,0.0000,0.0000,0,3
1415,1944,Graphics3D.java,M,7,5,140,0.9032,0.0323,154,michaelthoward,4,0.7956,1.0000,0.2079,3,0
1415,1959,Graphics3D.java,M,7,4,141,0.9097,0.0258,154,michaelthoward,4,0.7925,1.0000,0.1952,3,1
1415,1960,Graphics3D.java,M,8,4,141,0.9097,0.0258,154,michaelthoward,0,0.0000,0.0000,0.0000,0,0
1415,1961,Graphics3D.java,M,7,5,140,0.9032,0.0323,154,michaelthoward,4,0.7956,1.0000,0.2079,3,0
1415,1962,Graphics3D.java,M,7,4,141,0.9097,0.0258,154,michaelthoward,4,0.7925,1.0000,0.1952,3,1
1415,1963,Graphics3D.java,M,13,4,141,0.9097,0.0258,154,michaelthoward,4,0.2500,1.0000,0.0000,1,3
1415,1965,Graphics3D.java,M,13,4,141,0.9097,0.0258,154,michaelthoward,2,0.0000,0.0000,0.0000,0,2
1415,1966,Graphics3D.java,M,13,3,142,0.9161,0.0194,154,michaelthoward,4,0.2500,1.0000,0.0000,1,3
1415,1968,Graphics3D.java,M,20,2,143,0.9226,0.0129,154,michaelthoward,0,0.0000,0.0000,0.0000,0,0
1415,1969,Graphics3D.java,M,19,2,143,0.9226,0.0129,154,michaelthoward,5,0.0000,0.0000,0.0000,0,5
1415,1992,Triangle3D.java,M,13,1,141,0.9097,0.0065,154,michaelthoward,2,0.0000,0.0000,0.0000,0,2
1415,1993,Triangle3D.java,M,13,1,141,0.9097,0.0065,154,michaelthoward,1,0.0000,0.0000,0.0000,0,1
1415,2123,Graphics3D.java,M,14,1,61,0.9839,0.0161,61,michaelthoward,1,1.0000,1.0000,1.0000,1,0
1415,2124,Graphics3D.java,M,14,1,60,0.9677,0.0161,61,michaelthoward,1,1.0000,1.0000,1.0000,1,0
1419,1918,Triangle3D.java,M,7,1,145,0.9119,0.0063,158,michaelthoward,1,0.0000,0.0000,0.0000,0,1
1419,1919,Triangle3D.java,M,5,1,145,0.9119,0.0063,158,michaelthoward,2,0.0000,0.0000,0.0000,0,2
1419,1941,Graphics3D.java,M,19,6,143,0.8994,0.0377,158,michaelthoward,1,0.0000,0.0000,0.0000,0,1
1419,1943,Graphics3D.java,M,5,6,143,0.8994,0.0377,158,michaelthoward,4,0.0000,0.0000,0.0000,0,4
1419,1944,Graphics3D.java,M,7,6,143,0.8994,0.0377,158,michaelthoward,4,0.8862,1.0000,0.5589,4,0
1419,1958,Graphics3D.java,M,7,4,145,0.9119,0.0252,158,michaelthoward,4,0.5554,0.5589,0.5518,4,0
1419,1959,Graphics3D.java,M,7,5,144,0.9057,0.0314,158,michaelthoward,4,0.8844,1.0000,0.5518,4,0
1419,1960,Graphics3D.java,M,8,5,144,0.9057,0.0314,158,michaelthoward,0,0.0000,0.0000,0.0000,0,0
1419,1961,Graphics3D.java,M,7,6,143,0.8994,0.0377,158,michaelthoward,4,0.8862,1.0000,0.5589,4,0
1419,1962,Graphics3D.java,M,7,5,144,0.9057,0.0314,158,michaelthoward,4,0.8844,1.0000,0.5518,4,0
1419,1963,Graphics3D.java,M,13,5,144,0.9057,0.0314,158,michaelthoward,4,0.2500,1.0000,0.0000,1,3
1419,1966,Graphics3D.java,M,13,4,145,0.9119,0.0252,158,michaelthoward,4,0.2500,1.0000,0.0000,1,3
1419,1968,Graphics3D.java,M,20,3,146,0.9182,0.0189,158,michaelthoward,0,0.0000,0.0000,0.0000,0,0
1419,1969,Graphics3D.java,M,19,3,146,0.9182,0.0189,158,michaelthoward,5,0.0000,0.0000,0.0000,0,5
1419,1992,Triangle3D.java,M,13,2,144,0.9057,0.0126,158,michaelthoward,3,0.3333,1.0000,0.0000,1,2
1419,2114,FrameRenderer.java,M,5,3,68,0.9444,0.0417,71,michaelthoward,0,0.0000,0.0000,0.0000,0,0
1419,2115,FrameRenderer.java,M,5,3,68,0.9444,0.0417,71,michaelthoward,2,0.5310,1.0000,0.0620,1,1
1419,2117,FrameRenderer.java,M,5,3,68,0.9444,0.0417,71,michaelthoward,2,0.5310,1.0000,0.0620,1,1
1419,2123,Graphics3D.java,M,14,2,64,0.9697,0.0303,65,michaelthoward,1,1.0000,1.0000,1.0000,1,0
1419,2124,Graphics3D.java,M,14,2,63,0.9545,0.0303,65,michaelthoward,1,1.0000,1.0000,1.0000,1,0
1419,2183,Triangle3D.java,M,5,1,0,0.0000,1.0000,0,michaelthoward,7,0.0000,0.0000,0.0000,0,7
1419,2185,Triangle3D.java,M,13,1,0,0.0000,1.0000,0,michaelthoward,3,0.3333,1.0000,0.0000,1,2
1421,1994,JmolViewer.java,M,8,11,137,0.8563,0.0688,159,michaelthoward,8,0.0000,0.0000,0.0000,0,8
1421,1995,JmolViewer.java,M,6,8,140,0.8750,0.0500,159,michaelthoward,7,0.0235,0.1645,0.0000,0,7
1421,2001,JmolViewer.java,M,13,7,141,0.8813,0.0438,159,michaelthoward,0,0.0000,0.0000,0.0000,0,0
1421,2002,JmolViewer.java,M,8,5,143,0.8938,0.0313,159,michaelthoward,0,0.0000,0.0000,0.0000,0,0
1421,2003,JmolViewer.java,M,5,5,143,0.8938,0.0313,159,michaelthoward,20,0.0439,0.7676,0.0000,1,19
1421,2005,JmolViewer.java,M,6,9,139,0.8688,0.0563,159,michaelthoward,0,0.0000,0.0000,0.0000,0,0
1421,2007,JmolViewer.java,M,8,9,139,0.8688,0.0563,159,michaelthoward,0,0.0000,0.0000,0.0000,0,0
1421,2014,JmolViewer.java,M,13,3,101,0.6313,0.0188,159,michaelthoward,5,0.0000,0.0000,0.0000,0,5
1421,2024,JmolViewer.java,M,7,11,137,0.8563,0.0688,159,michaelthoward,2,0.0000,0.0000,0.0000,0,2
1421,2053,JmolViewer.java,M,5,7,122,0.8714,0.0500,139,michaelthoward,0,0.0000,0.0000,0.0000,0,0
1421,2054,JmolViewer.java,M,8,9,120,0.8571,0.0643,139,michaelthoward,0,0.0000,0.0000,0.0000,0,0
1421,2090,JmolViewer.java,M,5,7,75,0.9146,0.0854,81,michaelthoward,20,0.0555,0.7676,0.0000,1,18
1421,2093,JmolViewer.java,M,5,7,75,0.9146,0.0854,81,michaelthoward,4,0.3078,0.7428,0.0000,1,2
1421,2096,JmolViewer.java,M,8,5,77,0.9390,0.0610,81,michaelthoward,0,0.0000,0.0000,0.0000,0,0
1421,2146,JmolViewer.java,M,5,2,51,0.9623,0.0377,52,michaelthoward,4,0.2180,0.7428,0.0000,1,3
1423,1500,Axes.java,M,14,2,569,0.9844,0.0035,577,michaelthoward,5,0.0000,0.0000,0.0000,0,5
1423,1501,BoundingBox.java,M,11,2,568,0.9827,0.0035,577,michaelthoward,2,0.0000,0.0000,0.0000,0,2
1423,1943,Graphics3D.java,M,5,7,146,0.8957,0.0429,162,michaelthoward,4,0.0000,0.0000,0.0000,0,4
1423,1944,Graphics3D.java,M,7,7,146,0.8957,0.0429,162,michaelthoward,4,0.9241,1.0000,0.7058,4,0
1423,1958,Graphics3D.java,M,7,5,148,0.9080,0.0307,162,michaelthoward,4,0.7035,0.7058,0.7011,4,0
1423,1959,Graphics3D.java,M,7,6,147,0.9018,0.0368,162,michaelthoward,4,0.9229,1.0000,0.7011,4,0
1423,1960,Graphics3D.java,M,8,6,147,0.9018,0.0368,162,michaelthoward,0,0.0000,0.0000,0.0000,0,0
1423,1961,Graphics3D.java,M,7,7,146,0.8957,0.0429,162,michaelthoward,4,0.9241,1.0000,0.7058,4,0
1423,1962,Graphics3D.java,M,7,6,147,0.9018,0.0368,162,michaelthoward,4,0.9229,1.0000,0.7011,4,0
1423,1963,Graphics3D.java,M,13,6,147,0.9018,0.0368,162,michaelthoward,4,0.2500,1.0000,0.0000,1,3
1423,1965,Graphics3D.java,M,13,5,148,0.9080,0.0307,162,michaelthoward,2,0.0000,0.0000,0.0000,0,2
1423,1966,Graphics3D.java,M,13,5,148,0.9080,0.0307,162,michaelthoward,4,0.2500,1.0000,0.0000,1,3
1423,2092,JmolViewer.java,M,5,7,77,0.9167,0.0833,83,michaelthoward,4,0.1868,0.6215,0.0000,1,3
1423,2093,JmolViewer.java,M,5,8,76,0.9048,0.0952,83,michaelthoward,4,0.2759,0.6215,0.0000,1,2
1423,2113,FrameRenderer.java,M,10,2,73,0.9605,0.0263,75,michaelthoward,2,0.0267,0.0535,0.0000,0,2
1423,2186,Axes.java,M,7,1,0,0.0000,1.0000,0,michaelthoward,1,1.0000,1.0000,1.0000,1,0
1423,2187,BoundingBox.java,M,7,1,0,0.0000,1.0000,0,michaelthoward,1,1.0000,1.0000,1.0000,1,0
1424,1999,JmolViewer.java,M,5,10,141,0.8650,0.0613,162,michaelthoward,16,0.0010,0.0153,0.0000,0,16
1424,2001,JmolViewer.java,M,13,8,143,0.8773,0.0491,162,michaelthoward,0,0.0000,0.0000,0.0000,0,0
1424,2005,JmolViewer.java,M,6,10,141,0.8650,0.0613,162,michaelthoward,0,0.0000,0.0000,0.0000,0,0
1424,2090,JmolViewer.java,M,5,8,77,0.9059,0.0941,84,michaelthoward,20,0.0534,0.5874,0.0000,1,18
1424,2091,JmolViewer.java,M,5,6,79,0.9294,0.0706,84,michaelthoward,20,0.0328,0.5874,0.0000,1,19
1424,2093,JmolViewer.java,M,5,9,76,0.8941,0.1059,84,michaelthoward,4,0.2024,0.4658,0.0000,0,2
1425,1994,JmolViewer.java,M,8,12,140,0.8537,0.0732,163,michaelthoward,8,0.0000,0.0000,0.0000,0,8
1425,1995,JmolViewer.java,M,6,9,143,0.8720,0.0549,163,michaelthoward,7,0.0134,0.0940,0.0000,0,7
1425,1999,JmolViewer.java,M,5,11,141,0.8598,0.0671,163,michaelthoward,16,0.0006,0.0094,0.0000,0,16
1425,2001,JmolViewer.java,M,13,9,143,0.8720,0.0549,163,michaelthoward,0,0.0000,0.0000,0.0000,0,0
1425,2002,JmolViewer.java,M,8,6,146,0.8902,0.0366,163,michaelthoward,0,0.0000,0.0000,0.0000,0,0
1425,2003,JmolViewer.java,M,5,6,146,0.8902,0.0366,163,michaelthoward,20,0.0199,0.3476,0.0000,0,19
1425,2005,JmolViewer.java,M,6,11,141,0.8598,0.0671,163,michaelthoward,0,0.0000,0.0000,0.0000,0,0
1425,2014,JmolViewer.java,M,13,4,104,0.6341,0.0244,163,michaelthoward,5,0.0000,0.0000,0.0000,0,5
1425,2024,JmolViewer.java,M,7,12,140,0.8537,0.0732,163,michaelthoward,2,0.0000,0.0000,0.0000,0,2
1425,2053,JmolViewer.java,M,5,8,125,0.8681,0.0556,143,michaelthoward,0,0.0000,0.0000,0.0000,0,0
1425,2054,JmolViewer.java,M,8,10,123,0.8542,0.0694,143,michaelthoward,0,0.0000,0.0000,0.0000,0,0
1425,2093,JmolViewer.java,M,5,10,76,0.8837,0.1163,85,michaelthoward,4,0.2163,0.4758,0.0000,0,2
1425,2096,JmolViewer.java,M,8,6,80,0.9302,0.0698,85,michaelthoward,0,0.0000,0.0000,0.0000,0,0
1425,2146,JmolViewer.java,M,5,3,54,0.9474,0.0526,56,michaelthoward,4,0.1327,0.4758,0.0000,0,3
1425,2188,TransformManager.java,M,20,1,0,0.0000,1.0000,0,michaelthoward,2,0.5000,1.0000,0.0000,1,1
1425,2189,TransformManager.java,M,20,1,0,0.0000,1.0000,0,michaelthoward,2,0.5000,1.0000,0.0000,1,1
1426,1141,PreferencesDialog.java,M,11,13,828,0.9764,0.0153,847,michaelthoward,5,0.0000,0.0000,0.0000,0,5
1426,1144,PreferencesDialog.java,M,5,16,825,0.9729,0.0189,847,michaelthoward,4,0.0000,0.0000,0.0000,0,4
1426,1154,PreferencesDialog.java,M,6,16,825,0.9729,0.0189,847,michaelthoward,3,0.3333,1.0000,0.0000,1,2
1426,1155,PreferencesDialog.java,M,6,14,827,0.9752,0.0165,847,michaelthoward,2,0.4987,0.9973,0.0000,1,1
1426,1158,PreferencesDialog.java,M,6,17,824,0.9717,0.0200,847,michaelthoward,0,0.0000,0.0000,0.0000,0,0
1426,1159,PreferencesDialog.java,M,6,15,826,0.9741,0.0177,847,michaelthoward,2,0.0000,0.0000,0.0000,0,2
1426,1160,PreferencesDialog.java,M,6,15,826,0.9741,0.0177,847,michaelthoward,2,0.4987,0.9973,0.0000,1,1
1426,1162,PreferencesDialog.java,M,7,16,825,0.9729,0.0189,847,michaelthoward,3,0.3333,1.0000,0.0000,1,2
1426,1164,PreferencesDialog.java,M,6,12,829,0.9776,0.0142,847,michaelthoward,3,0.3333,1.0000,0.0000,1,2
1426,1169,PreferencesDialog.java,M,7,15,826,0.9741,0.0177,847,michaelthoward,4,0.5097,1.0000,0.0195,2,2
1426,1170,PreferencesDialog.java,M,7,14,827,0.9752,0.0165,847,michaelthoward,4,0.5085,0.9974,0.0195,2,2
1426,1171,PreferencesDialog.java,M,7,13,828,0.9764,0.0153,847,michaelthoward,4,0.5097,1.0000,0.0195,2,2
1426,1172,PreferencesDialog.java,M,7,12,829,0.9776,0.0142,847,michaelthoward,3,0.3333,1.0000,0.0000,1,2
1426,1173,PreferencesDialog.java,M,5,20,821,0.9682,0.0236,847,michaelthoward,5,0.0039,0.0194,0.0000,0,5
1426,1174,PreferencesDialog.java,M,5,20,821,0.9682,0.0236,847,michaelthoward,11,0.2760,1.0000,0.0000,3,8
1426,1175,PreferencesDialog.java,M,5,17,821,0.9682,0.0200,847,michaelthoward,11,0.2760,1.0000,0.0000,3,8
1426,1176,PreferencesDialog.java,M,6,15,823,0.9705,0.0177,847,michaelthoward,1,0.0000,0.0000,0.0000,0,1
1426,1178,PreferencesDialog.java,M,5,10,614,0.7241,0.0118,847,michaelthoward,11,0.2760,1.0000,0.0000,3,8
1426,1435,PreferencesDialog.java,M,5,11,609,0.9697,0.0175,627,michaelthoward,11,0.2760,1.0000,0.0000,3,8
1426,1539,PreferencesDialog.java,M,9,5,497,0.9688,0.0097,512,michaelthoward,2,0.0000,0.0000,0.0000,0,2
1426,2003,JmolViewer.java,M,5,7,146,0.8848,0.0424,164,michaelthoward,20,0.0154,0.2703,0.0000,0,19
1426,2053,JmolViewer.java,M,5,9,125,0.8621,0.0621,144,michaelthoward,0,0.0000,0.0000,0.0000,0,0
1426,2054,JmolViewer.java,M,8,11,123,0.8483,0.0759,144,michaelthoward,0,0.0000,0.0000,0.0000,0,0
1426,2092,JmolViewer.java,M,5,8,79,0.9080,0.0920,86,michaelthoward,4,0.1966,0.4801,0.0000,0,2
1426,2093,JmolViewer.java,M,5,11,76,0.8736,0.1264,86,michaelthoward,4,0.2680,0.5761,0.0000,1,2
1426,2096,JmolViewer.java,M,8,7,80,0.9195,0.0805,86,michaelthoward,0,0.0000,0.0000,0.0000,0,0
1426,2146,JmolViewer.java,M,5,4,54,0.9310,0.0690,57,michaelthoward,4,0.2129,0.5761,0.0000,1,2
1428,1419,Compiler.java,M,8,5,629,0.9707,0.0077,647,michaelthoward,0,0.0000,0.0000,0.0000,0,0
1428,1424,Eval.java,M,5,13,622,0.9599,0.0201,647,michaelthoward,0,0.0000,0.0000,0.0000,0,0
1428,1460,Compiler.java,M,5,3,601,0.9741,0.0049,616,michaelthoward,5,0.4000,1.0000,0.0000,2,3
1428,1461,Compiler.java,M,5,4,600,0.9724,0.0065,616,michaelthoward,5,0.4000,1.0000,0.0000,2,3
1428,1493,Eval.java,M,6,19,554,0.9438,0.0324,586,michaelthoward,3,0.0000,0.0000,0.0000,0,3
1428,1507,Eval.java,M,11,15,553,0.9518,0.0258,580,michaelthoward,8,0.0000,0.0000,0.0000,0,8
1428,1509,Eval.java,M,11,20,546,0.9398,0.0344,580,michaelthoward,4,0.0000,0.0000,0.0000,0,4
1428,1513,Eval.java,M,9,13,554,0.9568,0.0225,578,michaelthoward,6,0.3336,1.0000,0.0000,2,3
1428,1520,Eval.java,M,9,12,548,0.9580,0.0210,571,michaelthoward,6,0.3336,1.0000,0.0000,2,3
1428,1524,Compiler.java,M,5,3,547,0.9716,0.0053,562,michaelthoward,5,0.4000,1.0000,0.0000,2,3
1428,1526,Eval.java,M,6,9,542,0.9627,0.0160,562,michaelthoward,4,0.0000,0.0000,0.0000,0,4
1428,1551,Eval.java,M,7,12,470,0.9495,0.0242,494,michaelthoward,7,0.0000,0.0000,0.0000,0,7
1428,2027,Eval.java,M,9,1,153,0.9162,0.0060,166,michaelthoward,6,0.2488,0.7465,0.0000,2,4
1428,2120,Eval.java,M,5,3,77,0.9625,0.0375,79,michaelthoward,4,0.0000,0.0000,0.0000,0,4
1428,2192,Compiler.java,M,5,1,0,0.0000,1.0000,0,michaelthoward,8,0.2500,1.0000,0.0000,2,6
1428,2193,Compiler.java,M,6,1,0,0.0000,1.0000,0,michaelthoward,1,1.0000,1.0000,1.0000,1,0
1428,2194,Compiler.java,M,5,1,0,0.0000,1.0000,0,michaelthoward,8,0.2500,1.0000,0.0000,2,6
1428,2195,Compiler.java,M,5,1,0,0.0000,1.0000,0,michaelthoward,8,0.2500,1.0000,0.0000,2,6
1428,2196,Compiler.java,M,6,1,0,0.0000,1.0000,0,michaelthoward,1,1.0000,1.0000,1.0000,1,0
1429,1413,Compiler.java,M,5,9,626,0.9646,0.0139,648,michaelthoward,2,0.5075,0.5075,0.5075,2,0
1429,1423,Compiler.java,M,5,8,627,0.9661,0.0123,648,michaelthoward,2,0.7537,1.0000,0.5075,2,0
1429,1507,Eval.java,M,11,16,553,0.9502,0.0275,581,michaelthoward,8,0.0000,0.0000,0.0000,0,8
1429,1509,Eval.java,M,11,21,546,0.9381,0.0361,581,michaelthoward,4,0.0000,0.0000,0.0000,0,4
1429,1513,Eval.java,M,9,14,554,0.9552,0.0241,579,michaelthoward,6,0.3335,1.0000,0.0000,2,4
1429,1519,Token.java,M,5,6,554,0.9652,0.0105,573,michaelthoward,1,0.3209,0.3209,0.3209,0,0
1429,1520,Eval.java,M,9,13,548,0.9564,0.0227,572,michaelthoward,6,0.3335,1.0000,0.0000,2,4
1429,1525,Compiler.java,M,5,3,548,0.9716,0.0053,563,michaelthoward,2,0.7537,1.0000,0.5075,2,0
1429,1526,Eval.java,M,6,10,542,0.9610,0.0177,563,michaelthoward,4,0.0000,0.0000,0.0000,0,4
1429,1551,Eval.java,M,7,13,470,0.9476,0.0262,495,michaelthoward,7,0.0000,0.0000,0.0000,0,7
1429,2027,Eval.java,M,9,2,153,0.9107,0.0119,167,michaelthoward,6,0.2856,0.8567,0.0000,2,4
1429,2028,Eval.java,M,10,1,154,0.9167,0.0060,167,michaelthoward,0,0.0000,0.0000,0.0000,0,0
1429,2120,Eval.java,M,5,4,77,0.9506,0.0494,80,michaelthoward,4,0.0000,0.0000,0.0000,0,4
1429,2192,Compiler.java,M,5,2,0,0.0000,1.0000,1,michaelthoward,9,0.2222,1.0000,0.0000,2,7
1429,2194,Compiler.java,M,5,2,0,0.0000,1.0000,1,michaelthoward,9,0.2222,1.0000,0.0000,2,7
1431,1429,JmolApplet.java,M,7,10,628,0.9797,0.0156,640,michaelthoward,6,0.0000,0.0000,0.0000,0,6
1431,1430,JmolApplet.java,M,8,8,630,0.9828,0.0125,640,michaelthoward,3,0.0000,0.0000,0.0000,0,3
1431,2062,JmolApplet.java,M,7,2,127,0.9549,0.0150,132,michaelthoward,7,0.0000,0.0000,0.0000,0,7
1431,2065,JmolApplet.java,M,10,2,130,0.9774,0.0150,132,michaelthoward,7,0.1429,1.0000,0.0000,1,6
1431,2066,JmolApplet.java,M,10,2,130,0.9774,0.0150,132,michaelthoward,7,0.1429,1.0000,0.0000,1,6
1442,1429,JmolApplet.java,M,7,11,638,0.9785,0.0169,651,michaelthoward,6,0.0000,0.0000,0.0000,0,6
1444,1994,JmolViewer.java,M,8,13,158,0.8634,0.0710,182,michaelthoward,8,0.0000,0.0000,0.0000,0,8
1444,1995,JmolViewer.java,M,6,10,161,0.8798,0.0546,182,michaelthoward,7,0.0076,0.0535,0.0000,0,7
1444,1999,JmolViewer.java,M,5,12,159,0.8689,0.0656,182,michaelthoward,16,0.0003,0.0056,0.0000,0,16
1444,2001,JmolViewer.java,M,13,10,161,0.8798,0.0546,182,michaelthoward,0,0.0000,0.0000,0.0000,0,0
1444,2002,JmolViewer.java,M,8,7,164,0.8962,0.0383,182,michaelthoward,0,0.0000,0.0000,0.0000,0,0
1444,2003,JmolViewer.java,M,5,8,163,0.8907,0.0437,182,michaelthoward,20,0.0112,0.1956,0.0000,0,20
1444,2005,JmolViewer.java,M,6,12,159,0.8689,0.0656,182,michaelthoward,0,0.0000,0.0000,0.0000,0,0
1444,2007,JmolViewer.java,M,8,10,161,0.8798,0.0546,182,michaelthoward,0,0.0000,0.0000,0.0000,0,0
1444,2014,JmolViewer.java,M,13,5,122,0.6667,0.0273,182,michaelthoward,5,0.0000,0.0000,0.0000,0,5
1444,2024,JmolViewer.java,M,7,13,158,0.8634,0.0710,182,michaelthoward,2,0.0000,0.0000,0.0000,0,2
1444,2053,JmolViewer.java,M,5,10,142,0.8712,0.0613,162,michaelthoward,0,0.0000,0.0000,0.0000,0,0
1444,2054,JmolViewer.java,M,8,12,140,0.8589,0.0736,162,michaelthoward,0,0.0000,0.0000,0.0000,0,0
1444,2096,JmolViewer.java,M,8,8,97,0.9238,0.0762,104,michaelthoward,0,0.0000,0.0000,0.0000,0,0
1444,2146,JmolViewer.java,M,5,5,71,0.9342,0.0658,75,michaelthoward,4,0.1576,0.4337,0.0000,0,3
1445,2199,MouseManager12.java,M,5,1,0,0.0000,1.0000,0,michaelthoward,5,0.0000,0.0000,0.0000,0,5
1446,1934,Graphics3D.java,M,8,2,174,0.9355,0.0108,185,michaelthoward,3,0.3191,0.9572,0.0000,1,2
1446,1943,Graphics3D.java,M,5,8,168,0.9032,0.0430,185,michaelthoward,4,0.0000,0.0000,0.0000,0,4
1446,1961,Graphics3D.java,M,7,8,168,0.9032,0.0430,185,michaelthoward,4,0.6551,0.9972,0.4241,3,0
1446,1962,Graphics3D.java,M,7,7,169,0.9086,0.0376,185,michaelthoward,4,0.6541,0.9972,0.4213,3,0
1448,2126,SimpleModelAdapter.java,M,6,3,83,0.9540,0.0345,86,michaelthoward,2,0.0000,0.0000,0.0000,0,2
1448,2127,SimpleModelAdapter.java,M,5,3,83,0.9540,0.0345,86,michaelthoward,2,0.0000,0.0000,0.0000,0,2
1448,2128,SimpleModelAdapter.java,M,5,3,83,0.9540,0.0345,86,michaelthoward,3,0.3333,1.0000,0.0000,1,2
1448,2129,SimpleModelAdapter.java,M,6,3,83,0.9540,0.0345,86,michaelthoward,2,0.0000,0.0000,0.0000,0,2
1448,2145,SimpleModelAdapter.java,M,5,3,77,0.9625,0.0375,79,michaelthoward,3,0.3333,1.0000,0.0000,1,2
1448,2167,SimpleModelAdapter.java,M,5,1,54,0.9474,0.0175,56,michaelthoward,4,0.0000,0.0000,0.0000,0,4
1451,1430,JmolApplet.java,M,8,9,649,0.9818,0.0136,660,michaelthoward,3,0.0000,0.0000,0.0000,0,3
1451,1994,JmolViewer.java,M,8,14,164,0.8632,0.0737,189,michaelthoward,8,0.0000,0.0000,0.0000,0,8
1451,1995,JmolViewer.java,M,6,11,167,0.8789,0.0579,189,michaelthoward,7,0.0546,0.3821,0.0000,0,6
1451,1997,JmolViewer.java,M,6,12,166,0.8737,0.0632,189,michaelthoward,0,0.0000,0.0000,0.0000,0,0
1451,1999,JmolViewer.java,M,5,13,165,0.8684,0.0684,189,michaelthoward,16,0.0002,0.0037,0.0000,0,16
1451,2001,JmolViewer.java,M,13,11,167,0.8789,0.0579,189,michaelthoward,0,0.0000,0.0000,0.0000,0,0
1451,2002,JmolViewer.java,M,8,8,170,0.8947,0.0421,189,michaelthoward,0,0.0000,0.0000,0.0000,0,0
1451,2003,JmolViewer.java,M,5,9,169,0.8895,0.0474,189,michaelthoward,20,0.0338,0.4001,0.0000,0,18
1451,2005,JmolViewer.java,M,6,13,165,0.8684,0.0684,189,michaelthoward,0,0.0000,0.0000,0.0000,0,0
1451,2007,JmolViewer.java,M,8,11,167,0.8789,0.0579,189,michaelthoward,0,0.0000,0.0000,0.0000,0,0
1451,2008,JmolViewer.java,M,6,6,172,0.9053,0.0316,189,michaelthoward,7,0.0546,0.3821,0.0000,0,6
1451,2013,JmolViewer.java,M,7,4,174,0.9158,0.0211,189,michaelthoward,1,0.0000,0.0000,0.0000,0,1
1451,2062,JmolApplet.java,M,7,3,146,0.9542,0.0196,152,michaelthoward,7,0.0000,0.0000,0.0000,0,7
1451,2090,JmolViewer.java,M,5,9,103,0.9196,0.0804,111,michaelthoward,20,0.0588,0.7756,0.0000,1,18
1451,2091,JmolViewer.java,M,5,7,105,0.9375,0.0625,111,michaelthoward,20,0.0525,0.7756,0.0000,1,18
1451,2092,JmolViewer.java,M,5,9,103,0.9196,0.0804,111,michaelthoward,4,0.2611,0.6204,0.0000,1,2
1451,2093,JmolViewer.java,M,5,12,100,0.8929,0.1071,111,michaelthoward,4,0.2994,0.6204,0.0000,2,2
1451,2096,JmolViewer.java,M,8,9,103,0.9196,0.0804,111,michaelthoward,0,0.0000,0.0000,0.0000,0,0
1451,2146,JmolViewer.java,M,5,6,77,0.9277,0.0723,82,michaelthoward,4,0.2430,0.5660,0.0000,1,2
1459,2162,RSSViewerPlugin.java,M,9,2,69,0.9324,0.0270,73,egonw,3,0.0000,0.0000,0.0000,0,3
1459,2202,RSSViewerPlugin.java,M,5,1,0,0.0000,1.0000,0,egonw,18,0.0000,0.0000,0.0000,0,18
1465,1489,AtomRenderer.java,M,9,11,604,0.9679,0.0176,623,michaelthoward,3,0.0000,0.0000,0.0000,0,3
1465,1941,Graphics3D.java,M,19,7,188,0.9171,0.0341,204,michaelthoward,1,0.0000,0.0000,0.0000,0,1
1465,1943,Graphics3D.java,M,5,9,186,0.9073,0.0439,204,michaelthoward,4,0.0000,0.0000,0.0000,0,4
1465,1944,Graphics3D.java,M,7,8,187,0.9122,0.0390,204,michaelthoward,4,0.7448,0.9978,0.3506,3,0
1465,1946,Graphics3D.java,M,6,2,193,0.9415,0.0098,204,michaelthoward,4,0.0047,0.0108,0.0000,0,4
1465,1947,Graphics3D.java,M,6,3,192,0.9366,0.0146,204,michaelthoward,0,0.0000,0.0000,0.0000,0,0
1465,1950,Graphics3D.java,M,14,2,193,0.9415,0.0098,204,michaelthoward,1,0.0000,0.0000,0.0000,0,1
1465,1958,Graphics3D.java,M,7,6,189,0.9220,0.0293,204,michaelthoward,4,0.6592,0.8647,0.2470,3,0
1465,1959,Graphics3D.java,M,7,7,188,0.9171,0.0341,204,michaelthoward,4,0.7440,0.9978,0.3512,3,0
1465,1960,Graphics3D.java,M,8,7,188,0.9171,0.0341,204,michaelthoward,0,0.0000,0.0000,0.0000,0,0
1465,1961,Graphics3D.java,M,7,9,186,0.9073,0.0439,204,michaelthoward,4,0.6943,0.7660,0.5846,4,0
1465,1965,Graphics3D.java,M,13,6,189,0.9220,0.0293,204,michaelthoward,2,0.0000,0.0000,0.0000,0,2
1465,1966,Graphics3D.java,M,13,6,189,0.9220,0.0293,204,michaelthoward,4,0.1915,0.7660,0.0000,1,3
1465,1968,Graphics3D.java,M,20,4,191,0.9317,0.0195,204,michaelthoward,0,0.0000,0.0000,0.0000,0,0
1465,1969,Graphics3D.java,M,19,4,191,0.9317,0.0195,204,michaelthoward,5,0.0000,0.0000,0.0000,0,5
1465,2123,Graphics3D.java,M,14,3,109,0.9732,0.0268,111,michaelthoward,1,1.0000,1.0000,1.0000,1,0
1465,2124,Graphics3D.java,M,14,3,108,0.9643,0.0268,111,michaelthoward,1,1.0000,1.0000,1.0000,1,0
1467,1489,AtomRenderer.java,M,9,12,605,0.9665,0.0192,625,michaelthoward,3,0.0000,0.0000,0.0000,0,3
1467,1921,Circle3D.java,M,25,1,196,0.9469,0.0048,206,michaelthoward,9,0.0000,0.0000,0.0000,0,9
1467,1922,Circle3D.java,M,25,1,196,0.9469,0.0048,206,michaelthoward,2,0.0000,0.0000,0.0000,0,2
1467,1926,Circle3D.java,M,6,1,196,0.9469,0.0048,206,michaelthoward,1,1.0000,1.0000,1.0000,1,0
1467,1927,Circle3D.java,M,6,1,196,0.9469,0.0048,206,michaelthoward,1,1.0000,1.0000,1.0000,1,0
1467,1943,Graphics3D.java,M,5,10,187,0.9034,0.0483,206,michaelthoward,4,0.0000,0.0000,0.0000,0,4
1467,1944,Graphics3D.java,M,7,9,188,0.9082,0.0435,206,michaelthoward,4,0.7484,0.9986,0.5322,4,0
1467,1946,Graphics3D.java,M,6,3,194,0.9372,0.0145,206,michaelthoward,4,0.0034,0.0076,0.0000,0,4
1467,1947,Graphics3D.java,M,6,4,193,0.9324,0.0193,206,michaelthoward,0,0.0000,0.0000,0.0000,0,0
1467,1958,Graphics3D.java,M,7,7,190,0.9179,0.0338,206,michaelthoward,4,0.6909,0.9140,0.4602,2,0
1467,1959,Graphics3D.java,M,7,8,189,0.9130,0.0386,206,michaelthoward,4,0.7479,0.9986,0.5311,4,0
1467,1962,Graphics3D.java,M,7,8,189,0.9130,0.0386,206,michaelthoward,4,0.4953,0.5495,0.4062,2,0
1467,1963,Graphics3D.java,M,13,7,190,0.9179,0.0338,206,michaelthoward,4,0.2094,0.8374,0.0000,1,3
1467,1965,Graphics3D.java,M,13,7,190,0.9179,0.0338,206,michaelthoward,2,0.0000,0.0000,0.0000,0,2
1467,1966,Graphics3D.java,M,13,7,190,0.9179,0.0338,206,michaelthoward,4,0.2094,0.8374,0.0000,1,3
1467,2124,Graphics3D.java,M,14,4,109,0.9561,0.0351,113,michaelthoward,1,0.5814,0.5814,0.5814,1,0
1468,1837,JmolFrame.java,M,8,8,226,0.9300,0.0329,242,michaelthoward,2,0.0660,0.0695,0.0624,0,2
1468,2055,MeasurementShape.java,M,5,4,174,0.9355,0.0215,185,michaelthoward,1,0.9597,0.9597,0.9597,1,0
1468,2056,MeasurementShape.java,M,5,5,173,0.9301,0.0269,185,michaelthoward,1,0.9597,0.9597,0.9597,1,0
1468,2092,JmolViewer.java,M,5,10,119,0.9225,0.0775,128,michaelthoward,4,0.1793,0.4281,0.0000,0,2
1468,2114,FrameRenderer.java,M,5,4,116,0.9587,0.0331,120,michaelthoward,0,0.0000,0.0000,0.0000,0,0
1468,2121,JmolFrame.java,M,5,6,109,0.9478,0.0522,114,michaelthoward,2,0.0214,0.0214,0.0214,0,2
1469,2055,MeasurementShape.java,M,5,5,174,0.9305,0.0267,186,michaelthoward,1,0.9789,0.9789,0.9789,1,0
1469,2056,MeasurementShape.java,M,5,6,173,0.9251,0.0321,186,michaelthoward,1,0.9789,0.9789,0.9789,1,0
1469,2132,ArcTest.java,M,7,2,103,0.9717,0.0189,105,michaelthoward,3,0.2686,0.8057,0.0000,1,2
1469,2142,DotsRenderer.java,M,7,5,99,0.9519,0.0481,103,michaelthoward,3,0.2686,0.8057,0.0000,1,2
1478,1429,JmolApplet.java,M,7,12,673,0.9782,0.0174,687,michaelthoward,6,0.0000,0.0000,0.0000,0,6
1480,1341,AtomShape.java,M,6,9,286,0.3978,0.0125,718,michaelthoward,3,0.3331,0.9992,0.0000,1,2
1480,1757,AtomShape.java,M,6,9,283,0.9465,0.0301,298,michaelthoward,3,0.3331,0.9992,0.0000,1,2
1480,2048,ModelManager.java,M,12,4,191,0.9227,0.0193,206,michaelthoward,0,0.0000,0.0000,0.0000,0,0
1480,2049,ModelManager.java,M,5,4,191,0.9227,0.0193,206,michaelthoward,0,0.0000,0.0000,0.0000,0,0
1482,1933,Text3D.java,M,5,1,208,0.9369,0.0045,221,michaelthoward,4,0.0000,0.0000,0.0000,0,4
1482,1991,Text3D.java,M,6,1,208,0.9369,0.0045,221,michaelthoward,2,0.0000,0.0000,0.0000,0,2
1483,1933,Text3D.java,M,5,2,208,0.9327,0.0090,222,michaelthoward,4,0.0000,0.0000,0.0000,0,4
1483,1991,Text3D.java,M,6,2,208,0.9327,0.0090,222,michaelthoward,2,0.0000,0.0000,0.0000,0,2
1484,1991,Text3D.java,M,6,3,208,0.9286,0.0134,223,michaelthoward,2,0.0000,0.0000,0.0000,0,2
1484,2210,Text3D.java,M,7,1,0,0.0000,1.0000,0,michaelthoward,5,0.0000,0.0000,0.0000,0,5
1485,2041,CdkJmolModelAdapter.java,M,5,5,206,0.9671,0.0235,212,michaelthoward,6,0.0000,0.0000,0.0000,0,6
1485,2043,CdkJmolModelAdapter.java,M,5,4,207,0.9718,0.0188,212,michaelthoward,3,0.0006,0.0018,0.0000,0,3
1485,2080,AtomShape.java,M,6,3,152,0.9383,0.0185,161,michaelthoward,3,0.0069,0.0206,0.0000,0,3
1485,2127,SimpleModelAdapter.java,M,5,4,119,0.9597,0.0323,123,michaelthoward,2,0.0000,0.0000,0.0000,0,2
1485,2128,SimpleModelAdapter.java,M,5,4,119,0.9597,0.0323,123,michaelthoward,3,0.3333,1.0000,0.0000,1,2
1485,2129,SimpleModelAdapter.java,M,6,4,119,0.9597,0.0323,123,michaelthoward,2,0.0000,0.0000,0.0000,0,2
1485,2131,SimpleModelAdapter.java,M,5,2,120,0.9677,0.0161,123,michaelthoward,4,0.1797,0.7189,0.0000,1,3
1485,2145,SimpleModelAdapter.java,M,5,4,113,0.9658,0.0342,116,michaelthoward,3,0.3333,1.0000,0.0000,1,2
1485,2167,SimpleModelAdapter.java,M,5,2,90,0.9574,0.0213,93,michaelthoward,4,0.1797,0.7189,0.0000,1,3
1487,1918,Triangle3D.java,M,7,2,212,0.9339,0.0088,226,michaelthoward,1,0.0000,0.0000,0.0000,0,1
1488,1919,Triangle3D.java,M,5,2,213,0.9342,0.0088,227,michaelthoward,2,0.0000,0.0000,0.0000,0,2
1488,2182,Triangle3D.java,M,5,1,68,0.9714,0.0143,69,michaelthoward,5,0.0000,0.0000,0.0000,0,5
1488,2183,Triangle3D.java,M,5,2,68,0.9714,0.0286,69,michaelthoward,7,0.0000,0.0000,0.0000,0,7
1488,2211,Triangle3D.java,M,9,1,0,0.0000,1.0000,0,michaelthoward,7,0.1429,1.0000,0.0000,1,6
1488,2212,Triangle3D.java,M,9,1,0,0.0000,1.0000,0,michaelthoward,7,0.1429,1.0000,0.0000,1,6
1489,1824,JmolFrame.java,M,8,11,264,0.9296,0.0387,283,michaelthoward,2,0.0305,0.0366,0.0245,0,2
1489,1833,JmolFrame.java,M,6,14,247,0.9114,0.0517,270,michaelthoward,3,0.0000,0.0000,0.0000,0,3
1489,1844,JmolFrame.java,M,8,10,241,0.9305,0.0386,258,michaelthoward,2,0.0595,0.1190,0.0000,0,2
1489,2087,JmolFrame.java,M,6,4,152,0.9268,0.0244,163,michaelthoward,2,0.8482,0.9289,0.7675,2,0
1489,2088,JmolFrame.java,M,6,5,150,0.9146,0.0305,163,michaelthoward,2,0.8267,0.9289,0.7245,2,0
1489,2113,FrameRenderer.java,M,10,3,138,0.9718,0.0211,141,michaelthoward,2,0.7460,0.7675,0.7245,2,0
1489,2115,FrameRenderer.java,M,5,4,137,0.9648,0.0282,141,michaelthoward,2,0.7805,1.0000,0.5611,2,0
1489,2117,FrameRenderer.java,M,5,4,137,0.9648,0.0282,141,michaelthoward,2,0.7805,1.0000,0.5611,2,0
1489,2121,JmolFrame.java,M,5,7,129,0.9485,0.0515,135,michaelthoward,2,0.5611,0.5611,0.5611,2,0
1490,1994,JmolViewer.java,M,8,15,202,0.8821,0.0655,228,michaelthoward,8,0.0000,0.0000,0.0000,0,8
1490,1999,JmolViewer.java,M,5,14,203,0.8865,0.0611,228,michaelthoward,18,0.0001,0.0018,0.0000,0,18
1490,2001,JmolViewer.java,M,13,12,205,0.8952,0.0524,228,michaelthoward,0,0.0000,0.0000,0.0000,0,0
1490,2005,JmolViewer.java,M,6,14,203,0.8865,0.0611,228,michaelthoward,0,0.0000,0.0000,0.0000,0,0
1490,2007,JmolViewer.java,M,8,12,205,0.8952,0.0524,228,michaelthoward,0,0.0000,0.0000,0.0000,0,0
1490,2024,JmolViewer.java,M,7,14,203,0.8865,0.0611,228,michaelthoward,2,0.0000,0.0000,0.0000,0,2
1491,1493,Eval.java,M,6,20,616,0.9477,0.0308,649,michaelthoward,3,0.0000,0.0000,0.0000,0,3
1491,1824,JmolFrame.java,M,8,12,265,0.9266,0.0420,285,michaelthoward,2,0.0168,0.0187,0.0149,0,2
1491,1833,JmolFrame.java,M,6,15,248,0.9084,0.0549,272,michaelthoward,3,0.0000,0.0000,0.0000,0,3
1491,1844,JmolFrame.java,M,8,11,242,0.9272,0.0421,260,michaelthoward,2,0.0308,0.0617,0.0000,0,2
1491,2087,JmolFrame.java,M,6,5,153,0.9217,0.0301,165,michaelthoward,2,0.9172,0.9635,0.8709,2,0
1491,2088,JmolFrame.java,M,6,6,151,0.9096,0.0361,165,michaelthoward,2,0.9039,0.9635,0.8443,2,0
1491,2093,JmolViewer.java,M,5,13,139,0.9145,0.0855,151,michaelthoward,4,0.1469,0.3188,0.0000,0,2
1491,2113,FrameRenderer.java,M,10,4,139,0.9653,0.0278,143,michaelthoward,2,0.8576,0.8709,0.8443,2,0
1491,2114,FrameRenderer.java,M,5,5,116,0.8056,0.0347,143,michaelthoward,1,0.0000,0.0000,0.0000,0,1
1491,2115,FrameRenderer.java,M,5,5,138,0.9583,0.0347,143,michaelthoward,2,0.8616,1.0000,0.7232,2,0
1491,2117,FrameRenderer.java,M,5,5,138,0.9583,0.0347,143,michaelthoward,2,0.8616,1.0000,0.7232,2,0
1491,2121,JmolFrame.java,M,5,8,130,0.9420,0.0580,137,michaelthoward,2,0.7232,0.7232,0.7232,2,0
1493,1838,BondRenderer.java,M,5,4,250,0.9398,0.0150,265,michaelthoward,3,0.0000,0.0000,0.0000,0,3
1493,2017,BondRenderer.java,M,11,2,223,0.9612,0.0086,231,michaelthoward,3,0.0000,0.0000,0.0000,0,3
1493,2113,FrameRenderer.java,M,10,5,140,0.9589,0.0342,145,michaelthoward,2,0.5846,0.5915,0.5776,2,0
1493,2115,FrameRenderer.java,M,5,6,139,0.9521,0.0411,145,michaelthoward,2,0.7597,1.0000,0.5195,2,0
1493,2117,FrameRenderer.java,M,5,6,139,0.9521,0.0411,145,michaelthoward,2,0.7597,1.0000,0.5195,2,0
1493,2147,DotsRenderer.java,M,8,2,123,0.9840,0.0160,124,michaelthoward,3,0.0000,0.0000,0.0000,0,3
1493,2217,MeasurementRenderer.java,M,11,1,0,0.0000,1.0000,0,michaelthoward,4,0.0000,0.0000,0.0000,0,4
1494,1490,BondRenderer.java,M,8,8,636,0.9740,0.0123,652,michaelthoward,2,0.0000,0.0000,0.0000,0,2
1494,1512,Eval.java,M,9,11,622,0.9643,0.0171,644,michaelthoward,7,0.2254,0.7888,0.0000,2,5
1494,1537,MeasurementManager.java,M,13,3,564,0.9707,0.0052,580,michaelthoward,1,1.0000,1.0000,1.0000,1,0
1494,1538,MeasurementManager.java,M,13,4,564,0.9707,0.0069,580,michaelthoward,1,1.0000,1.0000,1.0000,1,0
1494,1943,Graphics3D.java,M,5,11,213,0.9103,0.0470,233,michaelthoward,5,0.0000,0.0000,0.0000,0,5
1494,1944,Graphics3D.java,M,7,10,214,0.9145,0.0427,233,michaelthoward,5,0.5913,0.9992,0.0000,4,1
1494,1959,Graphics3D.java,M,7,9,215,0.9188,0.0385,233,michaelthoward,5,0.5911,0.9992,0.0000,4,1
1494,1961,Graphics3D.java,M,7,10,214,0.9145,0.0427,233,michaelthoward,5,0.4730,0.7226,0.0000,3,1
1494,1962,Graphics3D.java,M,7,9,215,0.9188,0.0385,233,michaelthoward,5,0.4792,0.7329,0.0000,3,1
1494,1963,Graphics3D.java,M,13,8,216,0.9231,0.0342,233,michaelthoward,1,0.9036,0.9036,0.9036,1,0
1494,1965,Graphics3D.java,M,13,8,216,0.9231,0.0342,233,michaelthoward,2,0.0000,0.0000,0.0000,0,2
1494,1997,JmolViewer.java,M,6,13,208,0.8927,0.0558,232,michaelthoward,0,0.0000,0.0000,0.0000,0,0
1494,2001,JmolViewer.java,M,13,13,208,0.8927,0.0558,232,michaelthoward,0,0.0000,0.0000,0.0000,0,0
1494,2003,JmolViewer.java,M,5,10,211,0.9056,0.0429,232,michaelthoward,18,0.0745,0.6231,0.0000,2,15
1494,2005,JmolViewer.java,M,6,15,206,0.8841,0.0644,232,michaelthoward,0,0.0000,0.0000,0.0000,0,0
1494,2012,DistributionManager.java,M,5,4,200,0.8584,0.0172,232,michaelthoward,18,0.0650,0.6601,0.0000,2,16
1494,2014,JmolViewer.java,M,13,6,171,0.7339,0.0258,232,michaelthoward,5,0.0000,0.0000,0.0000,0,5
1494,2025,DistributionManager.java,M,6,2,219,0.9399,0.0086,232,michaelthoward,2,0.5000,1.0000,0.0000,1,1
1494,2026,DistributionManager.java,M,6,2,219,0.9399,0.0086,232,michaelthoward,2,0.5000,1.0000,0.0000,1,1
1494,2048,ModelManager.java,M,12,5,204,0.9231,0.0226,220,michaelthoward,0,0.0000,0.0000,0.0000,0,0
1494,2049,ModelManager.java,M,5,5,204,0.9231,0.0226,220,michaelthoward,0,0.0000,0.0000,0.0000,0,0
1494,2054,JmolViewer.java,M,8,13,189,0.8873,0.0610,212,michaelthoward,0,0.0000,0.0000,0.0000,0,0
1494,2070,MeasurementManager.java,M,6,2,173,0.9301,0.0108,185,michaelthoward,1,0.9961,0.9961,0.9961,1,0
1494,2071,MeasurementManager.java,M,6,1,173,0.9301,0.0054,185,michaelthoward,1,0.9961,0.9961,0.9961,1,0
1494,2091,JmolViewer.java,M,5,8,147,0.9484,0.0516,154,michaelthoward,18,0.0875,0.6601,0.0000,2,15
1494,2138,Dots.java,M,6,4,125,0.9615,0.0308,129,michaelthoward,0,0.0000,0.0000,0.0000,0,0
1494,2171,ModelManager.java,M,11,2,101,0.9806,0.0194,102,michaelthoward,4,0.1269,0.5075,0.0000,1,3
1494,2214,Trace.java,M,10,1,2,0.5000,0.2500,3,michaelthoward,5,0.0000,0.0000,0.0000,0,5
1494,2217,MeasurementRenderer.java,M,11,2,0,0.0000,1.0000,1,michaelthoward,4,0.1269,0.5075,0.0000,1,3
1494,2218,FrameRenderer.java,M,9,1,0,0.0000,1.0000,0,michaelthoward,0,0.0000,0.0000,0.0000,0,0
1495,1500,Axes.java,M,14,3,640,0.9846,0.0046,649,michaelthoward,5,0.0000,0.0000,0.0000,0,5
1496,791,DisplayPanel.java,M,5,26,1030,0.8201,0.0207,1255,michaelthoward,3,0.9984,0.9997,0.9962,3,0
1496,997,DisplayPanel.java,M,5,5,749,0.6688,0.0045,1119,michaelthoward,3,0.9983,0.9995,0.9962,3,0
1496,1500,Axes.java,M,14,4,640,0.9831,0.0061,650,michaelthoward,5,0.0570,0.2851,0.0000,0,4
1496,1532,DisplayPanel.java,M,5,8,582,0.9815,0.0135,592,michaelthoward,3,0.9985,0.9997,0.9962,3,0
1496,1599,Eval.java,M,25,5,368,0.9534,0.0130,385,michaelthoward,1,1.0000,1.0000,1.0000,1,0
1496,1600,Eval.java,M,25,5,368,0.9534,0.0130,385,michaelthoward,1,1.0000,1.0000,1.0000,1,0
1496,1994,JmolViewer.java,M,8,16,207,0.8809,0.0681,234,michaelthoward,8,0.0000,0.0000,0.0000,0,8
1496,1997,JmolViewer.java,M,6,14,209,0.8894,0.0596,234,michaelthoward,0,0.0000,0.0000,0.0000,0,0
1496,1999,JmolViewer.java,M,5,15,208,0.8851,0.0638,234,michaelthoward,18,0.0001,0.0011,0.0000,0,18
1496,2002,JmolViewer.java,M,8,9,214,0.9106,0.0383,234,michaelthoward,0,0.0000,0.0000,0.0000,0,0
1496,2003,JmolViewer.java,M,5,11,212,0.9021,0.0468,234,michaelthoward,18,0.1060,0.7504,0.0000,2,15
1496,2007,JmolViewer.java,M,8,13,210,0.8936,0.0553,234,michaelthoward,0,0.0000,0.0000,0.0000,0,0
1496,2008,JmolViewer.java,M,6,7,216,0.9191,0.0298,234,michaelthoward,7,0.0233,0.1633,0.0000,0,7
1496,2012,DistributionManager.java,M,5,5,201,0.8553,0.0213,234,michaelthoward,18,0.1041,0.8001,0.0000,2,15
1496,2013,JmolViewer.java,M,7,5,218,0.9277,0.0213,234,michaelthoward,1,0.0000,0.0000,0.0000,0,1
1496,2014,JmolViewer.java,M,13,7,172,0.7319,0.0298,234,michaelthoward,5,0.0570,0.2851,0.0000,0,4
1496,2015,JmolViewer.java,M,6,3,220,0.9362,0.0128,234,michaelthoward,4,0.0000,0.0000,0.0000,0,4
1496,2024,JmolViewer.java,M,7,15,208,0.8851,0.0638,234,michaelthoward,2,0.0000,0.0000,0.0000,0,2
1496,2054,JmolViewer.java,M,8,14,190,0.8837,0.0651,214,michaelthoward,0,0.0000,0.0000,0.0000,0,0
1496,2075,DisplayPanel.java,M,5,1,184,0.9840,0.0053,186,michaelthoward,3,0.9962,0.9962,0.9962,3,0
1496,2090,JmolViewer.java,M,5,10,147,0.9363,0.0637,156,michaelthoward,18,0.0801,0.5740,0.0000,1,15
1496,2091,JmolViewer.java,M,5,9,148,0.9427,0.0573,156,michaelthoward,18,0.1180,0.8001,0.0000,3,15
1496,2092,JmolViewer.java,M,5,11,146,0.9299,0.0701,156,michaelthoward,5,0.1322,0.4906,0.0000,0,4
1496,2093,JmolViewer.java,M,5,14,143,0.9108,0.0892,156,michaelthoward,5,0.1410,0.4906,0.0000,0,3
1496,2096,JmolViewer.java,M,8,10,147,0.9363,0.0637,156,michaelthoward,0,0.0000,0.0000,0.0000,0,0
1496,2205,StyleManager.java,M,6,1,21,0.9130,0.0435,22,michaelthoward,0,0.0000,0.0000,0.0000,0,0
1496,2206,StyleManager.java,M,8,1,21,0.9130,0.0435,22,michaelthoward,0,0.0000,0.0000,0.0000,0,0
1496,2223,Atom.java,M,7,1,1,0.3333,0.3333,2,michaelthoward,3,0.3333,1.0000,0.0000,1,2
1496,2224,Atom.java,M,7,1,1,0.3333,0.3333,2,michaelthoward,3,0.3333,1.0000,0.0000,1,2
1496,2225,Atom.java,M,5,1,1,0.3333,0.3333,2,michaelthoward,7,0.0000,0.0000,0.0000,0,7
1496,2226,Bond.java,M,6,1,1,0.3333,0.3333,2,michaelthoward,0,0.0000,0.0000,0.0000,0,0
1497,2037,CdkJmolModelAdapter.java,M,5,1,222,0.9867,0.0044,224,michaelthoward,9,0.1111,1.0000,0.0000,1,8
1497,2038,DeprecatedJmolModelAdapter.java,M,5,1,223,0.9911,0.0044,224,michaelthoward,9,0.1111,1.0000,0.0000,1,8
1497,2048,ModelManager.java,M,12,6,206,0.9196,0.0268,223,michaelthoward,0,0.0000,0.0000,0.0000,0,0
1497,2049,ModelManager.java,M,5,6,206,0.9196,0.0268,223,michaelthoward,0,0.0000,0.0000,0.0000,0,0
1497,2171,ModelManager.java,M,11,3,103,0.9717,0.0283,105,michaelthoward,4,0.0816,0.3263,0.0000,0,3
1498,1943,Graphics3D.java,M,5,12,216,0.9076,0.0504,237,michaelthoward,5,0.0000,0.0000,0.0000,0,5
1498,1944,Graphics3D.java,M,7,11,217,0.9118,0.0462,237,michaelthoward,5,0.6592,0.9995,0.0000,4,1
1498,1958,Graphics3D.java,M,7,8,220,0.9244,0.0336,237,michaelthoward,5,0.4699,0.6700,0.0000,4,1
1498,1959,Graphics3D.java,M,7,10,218,0.9160,0.0420,237,michaelthoward,5,0.6591,0.9995,0.0000,4,1
1498,1961,Graphics3D.java,M,7,11,217,0.9118,0.0462,237,michaelthoward,5,0.5759,0.8098,0.0000,4,1
1498,1962,Graphics3D.java,M,7,10,218,0.9160,0.0420,237,michaelthoward,5,0.5801,0.8170,0.0000,4,1
1498,1965,Graphics3D.java,M,13,9,219,0.9202,0.0378,237,michaelthoward,2,0.0000,0.0000,0.0000,0,2
1498,1966,Graphics3D.java,M,13,8,220,0.9244,0.0336,237,michaelthoward,1,0.9339,0.9339,0.9339,1,0
1498,2123,Graphics3D.java,M,14,4,141,0.9724,0.0276,144,michaelthoward,1,0.2821,0.2821,0.2821,0,0
1500,1429,JmolApplet.java,M,7,13,694,0.9775,0.0183,709,michaelthoward,7,0.0000,0.0000,0.0000,0,7
1500,1941,Graphics3D.java,M,19,8,222,0.9250,0.0333,239,michaelthoward,1,0.0000,0.0000,0.0000,0,1
1500,1943,Graphics3D.java,M,5,13,217,0.9042,0.0542,239,michaelthoward,5,0.0000,0.0000,0.0000,0,5
1500,1944,Graphics3D.java,M,7,12,218,0.9083,0.0500,239,michaelthoward,5,0.6953,0.9996,0.0000,4,1
1500,1958,Graphics3D.java,M,7,9,221,0.9208,0.0375,239,michaelthoward,5,0.5543,0.7569,0.0000,4,1
1500,1959,Graphics3D.java,M,7,11,219,0.9125,0.0458,239,michaelthoward,5,0.6952,0.9996,0.0000,4,1
1500,1961,Graphics3D.java,M,7,12,218,0.9083,0.0500,239,michaelthoward,5,0.6320,0.8574,0.0000,4,1
1500,1962,Graphics3D.java,M,7,11,219,0.9125,0.0458,239,michaelthoward,5,0.6352,0.8628,0.0000,4,1
1500,1963,Graphics3D.java,M,13,9,221,0.9208,0.0375,239,michaelthoward,1,0.9505,0.9505,0.9505,1,0
1500,1965,Graphics3D.java,M,13,10,220,0.9167,0.0417,239,michaelthoward,2,0.0000,0.0000,0.0000,0,2
1500,1966,Graphics3D.java,M,13,9,221,0.9208,0.0375,239,michaelthoward,1,0.9505,0.9505,0.9505,1,0
1500,2124,Graphics3D.java,M,14,5,141,0.9592,0.0340,146,michaelthoward,1,0.1824,0.1824,0.1824,0,1
1502,2179,ColorManager.java,M,19,1,97,0.9798,0.0101,98,michaelthoward,3,0.3333,1.0000,0.0000,1,2
1502,2180,ColorManager.java,M,19,1,97,0.9798,0.0101,98,michaelthoward,3,0.3333,1.0000,0.0000,1,2
1506,2172,PdbMolecule.java,M,6,1,113,0.9826,0.0087,114,michaelthoward,0,0.0000,0.0000,0.0000,0,0
1507,1513,Eval.java,M,9,15,631,0.9590,0.0228,657,michaelthoward,7,0.1353,0.4734,0.0000,0,5
1507,2249,PdbMolecule.java,M,5,1,0,0.0000,0.5000,1,michaelthoward,1,0.0000,0.0000,0.0000,0,1
1508,1997,JmolViewer.java,M,6,15,220,0.8907,0.0607,246,michaelthoward,0,0.0000,0.0000,0.0000,0,0
1508,1999,JmolViewer.java,M,5,16,219,0.8866,0.0648,246,michaelthoward,19,0.0000,0.0007,0.0000,0,19
1508,2001,JmolViewer.java,M,13,14,221,0.8947,0.0567,246,michaelthoward,0,0.0000,0.0000,0.0000,0,0
1508,2005,JmolViewer.java,M,6,16,219,0.8866,0.0648,246,michaelthoward,0,0.0000,0.0000,0.0000,0,0
1508,2007,JmolViewer.java,M,8,14,221,0.8947,0.0567,246,michaelthoward,0,0.0000,0.0000,0.0000,0,0
1508,2090,JmolViewer.java,M,5,11,158,0.9349,0.0651,168,michaelthoward,18,0.0722,0.7288,0.0000,1,15
1508,2091,JmolViewer.java,M,5,10,159,0.9408,0.0592,168,michaelthoward,18,0.0965,0.7288,0.0000,3,15
1508,2093,JmolViewer.java,M,5,15,154,0.9112,0.0888,168,michaelthoward,5,0.0971,0.3406,0.0000,0,4
1508,2214,Trace.java,M,10,2,15,0.8333,0.1111,17,michaelthoward,5,0.0000,0.0000,0.0000,0,5
1509,1433,Eval.java,M,18,15,682,0.9552,0.0210,713,michaelthoward,3,0.0001,0.0004,0.0000,0,3
1509,1507,Eval.java,M,11,17,632,0.9547,0.0257,661,michaelthoward,8,0.0000,0.0000,0.0000,0,8
1509,1509,Eval.java,M,11,22,625,0.9441,0.0332,661,michaelthoward,4,0.0000,0.0000,0.0000,0,4
1509,1551,Eval.java,M,7,14,549,0.9531,0.0243,575,michaelthoward,7,0.0000,0.0000,0.0000,0,7
1509,2028,Eval.java,M,10,2,233,0.9395,0.0081,247,michaelthoward,0,0.0000,0.0000,0.0000,0,0
1509,2120,Eval.java,M,5,5,156,0.9689,0.0311,160,michaelthoward,5,0.0000,0.0000,0.0000,0,5
1509,2222,Frame.java,M,9,1,14,0.8750,0.0625,15,michaelthoward,0,0.0000,0.0000,0.0000,0,0
1509,2234,Frame.java,M,8,1,14,0.8750,0.0625,15,michaelthoward,1,0.0000,0.0000,0.0000,0,1
1509,2239,Frame.java,M,6,1,14,0.8750,0.0625,15,michaelthoward,0,0.0000,0.0000,0.0000,0,0
1509,2240,Frame.java,M,6,1,14,0.8750,0.0625,15,michaelthoward,2,0.0000,0.0000,0.0000,0,2
1509,2253,Trace.java,M,7,1,0,0.0000,1.0000,0,michaelthoward,3,0.0000,0.0000,0.0000,0,3
1509,2254,Trace.java,M,13,1,0,0.0000,1.0000,0,michaelthoward,0,0.0000,0.0000,0.0000,0,0
1510,1141,PreferencesDialog.java,M,11,14,911,0.9775,0.0150,931,michaelthoward,5,0.0000,0.0000,0.0000,0,5
1510,1144,PreferencesDialog.java,M,5,17,908,0.9742,0.0182,931,michaelthoward,5,0.0000,0.0000,0.0000,0,5
1510,1154,PreferencesDialog.java,M,6,17,908,0.9742,0.0182,931,michaelthoward,3,0.3333,1.0000,0.0000,1,2
1510,1155,PreferencesDialog.java,M,6,15,910,0.9764,0.0161,931,michaelthoward,1,0.9998,0.9998,0.9998,1,0
1510,1156,PreferencesDialog.java,M,7,11,914,0.9807,0.0118,931,michaelthoward,4,0.9441,0.9998,0.9255,4,0
1510,1159,PreferencesDialog.java,M,6,16,909,0.9753,0.0172,931,michaelthoward,2,0.0000,0.0000,0.0000,0,2
1510,1162,PreferencesDialog.java,M,7,17,908,0.9742,0.0182,931,michaelthoward,3,0.3333,1.0000,0.0000,1,2
1510,1164,PreferencesDialog.java,M,6,13,912,0.9785,0.0139,931,michaelthoward,3,0.3333,1.0000,0.0000,1,2
1510,1168,PreferencesDialog.java,M,7,11,914,0.9807,0.0118,931,michaelthoward,4,0.9441,0.9998,0.9255,4,0
1510,1169,PreferencesDialog.java,M,7,16,909,0.9753,0.0172,931,michaelthoward,4,0.9627,1.0000,0.9255,4,0
1510,1170,PreferencesDialog.java,M,7,15,910,0.9764,0.0161,931,michaelthoward,4,0.9627,0.9998,0.9255,4,0
1510,1171,PreferencesDialog.java,M,7,14,911,0.9775,0.0150,931,michaelthoward,4,0.9627,1.0000,0.9255,4,0
1510,1172,PreferencesDialog.java,M,7,13,912,0.9785,0.0139,931,michaelthoward,3,0.3333,1.0000,0.0000,1,2
1510,1173,PreferencesDialog.java,M,5,21,904,0.9700,0.0225,931,michaelthoward,9,0.0002,0.0015,0.0000,0,9
1510,1174,PreferencesDialog.java,M,5,21,904,0.9700,0.0225,931,michaelthoward,11,0.3571,1.0000,0.0000,4,7
1510,1175,PreferencesDialog.java,M,5,18,904,0.9700,0.0193,931,michaelthoward,11,0.3571,1.0000,0.0000,4,7
1510,1176,PreferencesDialog.java,M,6,16,906,0.9721,0.0172,931,michaelthoward,1,0.0000,0.0000,0.0000,0,1
1510,1178,PreferencesDialog.java,M,5,11,697,0.7479,0.0118,931,michaelthoward,11,0.3571,1.0000,0.0000,4,7
1510,1435,PreferencesDialog.java,M,5,12,692,0.9719,0.0169,711,michaelthoward,11,0.3571,1.0000,0.0000,4,7
1510,1539,PreferencesDialog.java,M,9,6,580,0.9715,0.0101,596,michaelthoward,2,0.0000,0.0000,0.0000,0,2
1510,2191,PreferencesDialog.java,M,5,1,83,0.9765,0.0118,84,michaelthoward,11,0.3366,0.9255,0.0000,4,7
1511,1144,PreferencesDialog.java,M,5,18,908,0.9732,0.0193,932,michaelthoward,5,0.0975,0.4877,0.0000,0,4
1511,1148,PreferencesDialog.java,M,5,2,924,0.9904,0.0021,932,michaelthoward,5,0.0975,0.4877,0.0000,0,4
1511,1162,PreferencesDialog.java,M,7,18,908,0.9732,0.0193,932,michaelthoward,3,0.3333,1.0000,0.0000,1,2
1511,1168,PreferencesDialog.java,M,7,12,914,0.9796,0.0129,932,michaelthoward,4,0.7275,0.9999,0.4741,2,0
1511,1169,PreferencesDialog.java,M,7,17,909,0.9743,0.0182,932,michaelthoward,4,0.7370,0.9619,0.5122,4,0
1511,1172,PreferencesDialog.java,M,7,14,912,0.9775,0.0150,932,michaelthoward,3,0.3333,1.0000,0.0000,1,2
1511,1173,PreferencesDialog.java,M,5,22,904,0.9689,0.0236,932,michaelthoward,9,0.0001,0.0008,0.0000,0,9
1511,1174,PreferencesDialog.java,M,5,22,904,0.9689,0.0236,932,michaelthoward,11,0.3603,1.0000,0.0000,4,7
1511,1175,PreferencesDialog.java,M,5,19,904,0.9689,0.0204,932,michaelthoward,11,0.3603,1.0000,0.0000,4,7
1511,1176,PreferencesDialog.java,M,6,17,906,0.9711,0.0182,932,michaelthoward,1,0.0000,0.0000,0.0000,0,1
1511,1178,PreferencesDialog.java,M,5,12,697,0.7471,0.0129,932,michaelthoward,11,0.3603,1.0000,0.0000,4,7
1511,1435,PreferencesDialog.java,M,5,13,692,0.9705,0.0182,712,michaelthoward,11,0.3603,1.0000,0.0000,4,7
1511,2191,PreferencesDialog.java,M,5,2,83,0.9651,0.0233,85,michaelthoward,11,0.3498,0.9619,0.0000,4,7
1513,2255,Compiler.java,M,5,1,0,0.0000,1.0000,0,michaelthoward,7,0.0000,0.0000,0.0000,0,7
1515,2257,JmolAppletRegistry.java,M,7,1,0,0.0000,1.0000,0,michaelthoward,9,0.0000,0.0000,0.0000,0,9
1516,1997,JmolViewer.java,M,6,16,227,0.8902,0.0627,254,michaelthoward,0,0.0000,0.0000,0.0000,0,0
1516,1999,JmolViewer.java,M,5,17,226,0.8863,0.0667,254,michaelthoward,18,0.0000,0.0005,0.0000,0,18
1516,2007,JmolViewer.java,M,8,15,228,0.8941,0.0588,254,michaelthoward,0,0.0000,0.0000,0.0000,0,0
1516,2090,JmolViewer.java,M,5,12,165,0.9322,0.0678,176,michaelthoward,18,0.0674,0.8145,0.0000,1,16
1516,2091,JmolViewer.java,M,5,11,166,0.9379,0.0621,176,michaelthoward,18,0.0841,0.8145,0.0000,1,15
1516,2093,JmolViewer.java,M,5,16,161,0.9096,0.0904,176,michaelthoward,5,0.0695,0.2452,0.0000,0,4
1517,1493,Eval.java,M,6,21,641,0.9482,0.0311,675,michaelthoward,3,0.0000,0.0000,0.0000,0,3
1517,1509,Eval.java,M,11,23,632,0.9433,0.0343,669,michaelthoward,4,0.0000,0.0000,0.0000,0,4
1517,2120,Eval.java,M,5,6,163,0.9645,0.0355,168,michaelthoward,5,0.0000,0.0000,0.0000,0,5
1518,2065,JmolApplet.java,M,10,3,216,0.9818,0.0136,219,michaelthoward,7,0.1429,1.0000,0.0000,1,6
1518,2066,JmolApplet.java,M,10,3,216,0.9818,0.0136,219,michaelthoward,7,0.1429,1.0000,0.0000,1,6
1518,2089,JmolApplet.java,M,6,3,174,0.9560,0.0165,181,michaelthoward,4,0.0000,0.0000,0.0000,0,4
1521,2024,JmolViewer.java,M,7,16,232,0.8923,0.0615,259,michaelthoward,2,0.0000,0.0000,0.0000,0,2
1522,1934,Graphics3D.java,M,8,3,249,0.9504,0.0115,261,michaelthoward,3,0.3319,0.9957,0.0000,1,2
1522,1937,Graphics3D.java,M,8,2,250,0.9542,0.0076,261,michaelthoward,3,0.3319,0.9957,0.0000,1,2
1522,1943,Graphics3D.java,M,5,14,238,0.9084,0.0534,261,michaelthoward,5,0.0000,0.0000,0.0000,0,5
1522,1944,Graphics3D.java,M,7,13,239,0.9122,0.0496,261,michaelthoward,5,0.7300,0.9998,0.0000,4,1
1522,1958,Graphics3D.java,M,7,10,242,0.9237,0.0382,261,michaelthoward,5,0.6355,0.8390,0.0000,4,1
1522,1959,Graphics3D.java,M,7,12,240,0.9160,0.0458,261,michaelthoward,5,0.7300,0.9998,0.0000,4,1
1522,1961,Graphics3D.java,M,7,13,239,0.9122,0.0496,261,michaelthoward,5,0.6868,0.9040,0.0000,4,1
1522,1962,Graphics3D.java,M,7,12,240,0.9160,0.0458,261,michaelthoward,5,0.6889,0.9076,0.0000,4,1
1527,1490,BondRenderer.java,M,8,9,667,0.9723,0.0131,685,michaelthoward,2,0.0000,0.0000,0.0000,0,2
1527,1929,Cylinder3D.java,M,5,1,256,0.9588,0.0037,266,michaelthoward,1,1.0000,1.0000,1.0000,1,0
1527,1930,Cylinder3D.java,M,5,1,256,0.9588,0.0037,266,michaelthoward,1,1.0000,1.0000,1.0000,1,0
1527,1931,Cylinder3D.java,M,5,1,141,0.5281,0.0037,266,michaelthoward,0,0.0000,0.0000,0.0000,0,0
1527,1932,Cylinder3D.java,M,6,1,256,0.9588,0.0037,266,michaelthoward,5,0.0000,0.0000,0.0000,0,5
1527,1945,Cylinder3D.java,M,6,1,256,0.9588,0.0037,266,michaelthoward,5,0.0000,0.0000,0.0000,0,5
1533,1929,Cylinder3D.java,M,5,2,261,0.9560,0.0073,272,michaelthoward,1,1.0000,1.0000,1.0000,1,0
1533,1930,Cylinder3D.java,M,5,2,261,0.9560,0.0073,272,michaelthoward,1,1.0000,1.0000,1.0000,1,0
1545,2048,ModelManager.java,M,12,7,253,0.9301,0.0257,271,michaelthoward,0,0.0000,0.0000,0.0000,0,0
1545,2165,CdkJmolModelAdapter.java,M,5,2,152,0.9870,0.0130,153,michaelthoward,19,0.0005,0.0101,0.0000,0,19
1565,236,Jmol.java,M,6,39,1364,0.8721,0.0249,1563,michaelthoward,2,0.0000,0.0000,0.0000,0,2
1565,269,Jmol.java,M,6,23,1535,0.9815,0.0147,1563,michaelthoward,1,0.0000,0.0000,0.0000,0,1
1565,275,Jmol.java,M,5,47,1415,0.9047,0.0301,1563,michaelthoward,8,0.1247,0.9977,0.0000,1,7
1565,523,Jmol.java,M,6,21,1347,0.8787,0.0137,1532,michaelthoward,1,1.0000,1.0000,1.0000,1,0
1565,791,DisplayPanel.java,M,5,27,1098,0.8287,0.0204,1324,michaelthoward,3,0.9998,1.0000,0.9996,3,0
1565,793,DisplayPanel.java,M,5,29,1204,0.9087,0.0219,1324,michaelthoward,7,0.0000,0.0001,0.0000,0,7
1565,997,DisplayPanel.java,M,5,6,817,0.6871,0.0050,1188,michaelthoward,3,0.9998,0.9999,0.9996,3,0
1565,1040,Jmol.java,M,6,21,1064,0.9761,0.0193,1089,michaelthoward,1,1.0000,1.0000,1.0000,1,0
1565,1532,DisplayPanel.java,M,5,9,650,0.9819,0.0136,661,michaelthoward,3,0.9998,1.0000,0.9996,3,0
1565,1535,Jmol.java,M,5,5,594,0.9110,0.0077,651,michaelthoward,8,0.1247,0.9977,0.0000,1,7
1565,2075,DisplayPanel.java,M,5,2,252,0.9844,0.0078,255,michaelthoward,3,0.9996,0.9996,0.9996,3,0
1567,792,DisplayPanel.java,M,5,29,1295,0.9759,0.0219,1326,michaelthoward,2,0.0000,0.0000,0.0000,0,2
1567,793,DisplayPanel.java,M,5,30,1205,0.9081,0.0226,1326,michaelthoward,7,0.0000,0.0001,0.0000,0,7
1567,2058,DisplayPanel.java,M,6,2,109,0.3879,0.0071,280,michaelthoward,4,0.0000,0.0000,0.0000,0,4
1567,2075,DisplayPanel.java,M,5,3,253,0.9806,0.0116,257,michaelthoward,3,0.6763,0.9998,0.5146,3,0
1569,2265,Sphere3D.java,M,74,1,0,0.0000,1.0000,0,michaelthoward,10,0.2000,1.0000,0.0000,2,8
1569,2266,Sphere3D.java,M,69,1,0,0.0000,1.0000,0,michaelthoward,12,0.0000,0.0000,0.0000,0,12
1569,2267,Sphere3D.java,M,9,1,0,0.0000,1.0000,0,michaelthoward,7,0.2857,1.0000,0.0000,2,5
1569,2268,Sphere3D.java,M,9,1,0,0.0000,1.0000,0,michaelthoward,7,0.2857,1.0000,0.0000,2,5
1569,2269,Sphere3D.java,M,9,1,0,0.0000,1.0000,0,michaelthoward,7,0.2857,1.0000,0.0000,2,5
1569,2271,Sphere3D.java,M,20,1,0,0.0000,1.0000,0,michaelthoward,3,0.0000,0.0000,0.0000,0,3
1569,2272,Sphere3D.java,M,9,1,0,0.0000,1.0000,0,michaelthoward,10,0.2000,1.0000,0.0000,2,8
1569,2273,Sphere3D.java,M,9,1,0,0.0000,1.0000,0,michaelthoward,5,0.0000,0.0000,0.0000,0,5
1570,2274,PdbAtom.java,M,8,1,0,0.0000,1.0000,0,michaelthoward,3,0.0000,0.0000,0.0000,0,3
1570,2276,ColorManager.java,M,6,1,0,0.0000,1.0000,0,michaelthoward,11,0.0000,0.0000,0.0000,0,11
1575,1934,Graphics3D.java,M,8,4,301,0.9556,0.0127,314,michaelthoward,3,0.3331,0.9992,0.0000,1,2
1575,1937,Graphics3D.java,M,8,3,302,0.9587,0.0095,314,michaelthoward,3,0.3331,0.9992,0.0000,1,2
1575,1941,Graphics3D.java,M,19,9,296,0.9397,0.0286,314,michaelthoward,1,0.0000,0.0000,0.0000,0,1
1575,1943,Graphics3D.java,M,5,15,290,0.9206,0.0476,314,michaelthoward,4,0.0000,0.0000,0.0000,0,4
1575,1944,Graphics3D.java,M,7,14,291,0.9238,0.0444,314,michaelthoward,5,0.6503,0.9999,0.0000,3,1
1575,1946,Graphics3D.java,M,6,4,301,0.9556,0.0127,314,michaelthoward,5,0.0003,0.0008,0.0000,0,5
1575,1947,Graphics3D.java,M,6,5,300,0.9524,0.0159,314,michaelthoward,0,0.0000,0.0000,0.0000,0,0
1575,1958,Graphics3D.java,M,7,11,294,0.9333,0.0349,314,michaelthoward,5,0.6142,0.9394,0.0000,3,1
1575,1959,Graphics3D.java,M,7,13,292,0.9270,0.0413,314,michaelthoward,5,0.6502,0.9999,0.0000,3,1
1575,1962,Graphics3D.java,M,7,13,292,0.9270,0.0413,314,michaelthoward,5,0.6342,0.9645,0.0000,3,1
1575,2123,Graphics3D.java,M,14,5,217,0.9775,0.0225,221,michaelthoward,2,0.4061,0.8122,0.0000,1,1
1575,2124,Graphics3D.java,M,14,6,215,0.9685,0.0270,221,michaelthoward,2,0.4061,0.8122,0.0000,1,1
1576,1938,Line3D.java,M,5,2,303,0.9589,0.0063,315,michaelthoward,5,0.2000,1.0000,0.0000,1,4
1576,1939,Line3D.java,M,5,2,303,0.9589,0.0063,315,michaelthoward,5,0.2000,1.0000,0.0000,1,4
1576,1970,Line3D.java,M,33,1,305,0.9652,0.0032,315,michaelthoward,3,0.3333,1.0000,0.0000,1,2
1576,1971,Line3D.java,M,33,1,305,0.9652,0.0032,315,michaelthoward,3,0.3333,1.0000,0.0000,1,2
1576,1972,Line3D.java,M,5,2,304,0.9620,0.0063,315,michaelthoward,4,0.0000,0.0000,0.0000,0,4
1576,1974,Line3D.java,M,74,1,304,0.9620,0.0032,315,michaelthoward,9,0.1111,0.9999,0.0000,1,8
1576,1976,Line3D.java,M,14,1,305,0.9652,0.0032,315,michaelthoward,2,0.5000,1.0000,0.0000,1,1
1576,1977,Line3D.java,M,14,1,305,0.9652,0.0032,315,michaelthoward,2,0.5000,1.0000,0.0000,1,1
1576,1978,Line3D.java,M,19,1,304,0.9620,0.0032,315,michaelthoward,1,0.9999,0.9999,0.9999,1,0
1576,1979,Line3D.java,M,19,2,303,0.9589,0.0063,315,michaelthoward,1,0.9999,0.9999,0.9999,1,0
1576,1980,Line3D.java,M,16,2,304,0.9620,0.0063,315,michaelthoward,3,0.3333,1.0000,0.0000,1,2
1576,1981,Line3D.java,M,16,2,304,0.9620,0.0063,315,michaelthoward,3,0.3333,1.0000,0.0000,1,2
1576,1982,Line3D.java,M,14,2,303,0.9589,0.0063,315,michaelthoward,1,0.9999,0.9999,0.9999,1,0
1576,1983,Line3D.java,M,23,2,303,0.9589,0.0063,315,michaelthoward,1,0.0000,0.0000,0.0000,0,1
1576,2050,Line3D.java,M,74,2,285,0.9628,0.0068,295,michaelthoward,9,0.1111,0.9999,0.0000,1,8
1576,2051,Line3D.java,M,14,1,285,0.9628,0.0034,295,michaelthoward,1,0.9999,0.9999,0.9999,1,0
1576,2280,Line3D.java,M,5,1,0,0.0000,1.0000,0,michaelthoward,5,0.0000,0.0000,0.0000,0,5
1581,1930,Cylinder3D.java,M,5,3,308,0.9595,0.0093,320,michaelthoward,0,0.0000,0.0000,0.0000,0,0
1581,1943,Graphics3D.java,M,5,16,295,0.9190,0.0498,320,michaelthoward,5,0.0000,0.0000,0.0000,0,5
1581,1944,Graphics3D.java,M,7,15,296,0.9221,0.0467,320,michaelthoward,5,0.7138,0.9999,0.0000,4,1
1581,1958,Graphics3D.java,M,7,12,299,0.9315,0.0374,320,michaelthoward,5,0.6931,0.9653,0.0000,4,1
1581,1959,Graphics3D.java,M,7,14,297,0.9252,0.0436,320,michaelthoward,5,0.7138,0.9999,0.0000,4,1
1581,1961,Graphics3D.java,M,7,14,297,0.9252,0.0436,320,michaelthoward,5,0.4915,0.6244,0.0000,4,1
1581,1962,Graphics3D.java,M,7,14,297,0.9252,0.0436,320,michaelthoward,5,0.7045,0.9795,0.0000,4,1
1581,1963,Graphics3D.java,M,13,10,301,0.9377,0.0312,320,michaelthoward,1,0.9926,0.9926,0.9926,1,0
1581,1966,Graphics3D.java,M,13,10,301,0.9377,0.0312,320,michaelthoward,1,0.9926,0.9926,0.9926,1,0
1581,2123,Graphics3D.java,M,14,6,222,0.9737,0.0263,227,michaelthoward,2,0.2113,0.4225,0.0000,0,1
1582,1838,BondRenderer.java,M,5,5,337,0.9493,0.0141,354,michaelthoward,3,0.0000,0.0000,0.0000,0,3
1582,1943,Graphics3D.java,M,5,17,295,0.9161,0.0528,321,michaelthoward,6,0.1667,1.0000,0.0000,1,5
1582,1944,Graphics3D.java,M,7,16,296,0.9193,0.0497,321,michaelthoward,5,0.6789,1.0000,0.0000,4,1
1582,1959,Graphics3D.java,M,7,15,297,0.9224,0.0466,321,michaelthoward,5,0.6789,1.0000,0.0000,4,1
1582,1961,Graphics3D.java,M,7,15,297,0.9224,0.0466,321,michaelthoward,5,0.5245,0.7386,0.0000,3,1
1582,1962,Graphics3D.java,M,7,15,297,0.9224,0.0466,321,michaelthoward,5,0.6727,0.9858,0.0000,4,1
1582,2284,Cylinder3D.java,M,5,1,0,0.0000,1.0000,0,michaelthoward,6,0.1667,1.0000,0.0000,1,5
1583,1935,Line3D.java,M,5,1,309,0.9567,0.0031,322,michaelthoward,7,0.1429,1.0000,0.0000,1,6
1583,1936,Line3D.java,M,5,1,309,0.9567,0.0031,322,michaelthoward,6,0.1244,0.5075,0.0000,1,4
1583,1943,Graphics3D.java,M,5,18,295,0.9133,0.0557,322,michaelthoward,6,0.2064,1.0000,0.0000,1,4
1583,1944,Graphics3D.java,M,7,17,296,0.9164,0.0526,322,michaelthoward,5,0.7079,1.0000,0.0000,4,1
1583,1958,Graphics3D.java,M,7,13,300,0.9288,0.0402,322,michaelthoward,5,0.5578,0.7492,0.0000,4,1
1583,1959,Graphics3D.java,M,7,16,297,0.9195,0.0495,322,michaelthoward,5,0.7079,1.0000,0.0000,4,1
1583,1961,Graphics3D.java,M,7,16,297,0.9195,0.0495,322,michaelthoward,5,0.5902,0.8010,0.0000,4,1
1583,1962,Graphics3D.java,M,7,16,297,0.9195,0.0495,322,michaelthoward,5,0.7031,0.9892,0.0000,4,1
1583,1963,Graphics3D.java,M,13,11,302,0.9350,0.0341,322,michaelthoward,1,0.9961,0.9961,0.9961,1,0
1583,1966,Graphics3D.java,M,13,11,302,0.9350,0.0341,322,michaelthoward,1,0.9961,0.9961,0.9961,1,0
1583,1967,Line3D.java,M,7,1,309,0.9567,0.0031,322,michaelthoward,1,0.2386,0.2386,0.2386,0,0
1583,1973,Line3D.java,M,74,1,312,0.9659,0.0031,322,michaelthoward,9,0.2338,0.9999,0.0000,3,6
1583,1974,Line3D.java,M,74,2,310,0.9598,0.0062,322,michaelthoward,9,0.2338,0.9999,0.0000,3,6
1583,1975,Line3D.java,M,74,2,310,0.9598,0.0062,322,michaelthoward,9,0.2338,0.9999,0.0000,3,6
1583,1976,Line3D.java,M,14,2,311,0.9628,0.0062,322,michaelthoward,1,1.0000,1.0000,1.0000,1,0
1583,1977,Line3D.java,M,14,2,311,0.9628,0.0062,322,michaelthoward,1,1.0000,1.0000,1.0000,1,0
1583,1980,Line3D.java,M,16,3,310,0.9598,0.0093,322,michaelthoward,3,0.5174,1.0000,0.0000,2,1
1583,1981,Line3D.java,M,16,3,310,0.9598,0.0093,322,michaelthoward,3,0.5174,1.0000,0.0000,2,1
1583,1982,Line3D.java,M,14,3,309,0.9567,0.0093,322,michaelthoward,1,0.9999,0.9999,0.9999,1,0
1583,1983,Line3D.java,M,23,3,309,0.9567,0.0093,322,michaelthoward,1,0.0000,0.0000,0.0000,0,1
1583,2050,Line3D.java,M,74,3,291,0.9604,0.0099,302,michaelthoward,9,0.2338,0.9999,0.0000,3,6
1583,2051,Line3D.java,M,14,2,291,0.9604,0.0066,302,michaelthoward,1,0.9999,0.9999,0.9999,1,0
1583,2052,Line3D.java,M,14,1,291,0.9604,0.0033,302,michaelthoward,3,0.3682,0.5523,0.0000,2,1
1583,2184,Line3D.java,M,5,1,163,0.9879,0.0061,164,michaelthoward,7,0.1429,1.0000,0.0000,1,6
1583,2281,Line3D.java,M,67,1,7,0.8750,0.1250,7,michaelthoward,1,0.0000,0.0000,0.0000,0,1
1583,2283,Line3D.java,M,24,1,6,0.7500,0.1250,7,michaelthoward,5,0.2000,1.0000,0.0000,1,4
1583,2284,Cylinder3D.java,M,5,2,0,0.0000,1.0000,1,michaelthoward,6,0.2512,1.0000,0.0000,2,4
1583,2285,Line3D.java,M,22,1,0,0.0000,1.0000,0,michaelthoward,4,0.0000,0.0000,0.0000,0,4
1583,2286,Line3D.java,M,23,1,0,0.0000,1.0000,0,michaelthoward,3,0.0000,0.0000,0.0000,0,3
1583,2287,Line3D.java,M,24,1,0,0.0000,1.0000,0,michaelthoward,5,0.2000,1.0000,0.0000,1,4
1585,2160,RSSViewerPlugin.java,M,8,2,196,0.9800,0.0100,199,egonw,3,0.0000,0.0000,0.0000,0,3
1585,2162,RSSViewerPlugin.java,M,9,3,193,0.9650,0.0150,199,egonw,4,0.0000,0.0000,0.0000,0,4
1585,2202,RSSViewerPlugin.java,M,5,2,125,0.9843,0.0157,126,egonw,19,0.0000,0.0000,0.0000,0,19
1586,2172,PdbMolecule.java,M,6,2,192,0.9846,0.0103,194,michaelthoward,0,0.0000,0.0000,0.0000,0,0
1586,2173,PdbAtom.java,M,5,1,193,0.9897,0.0051,194,michaelthoward,0,0.0000,0.0000,0.0000,0,0
1586,2251,PdbMolecule.java,M,5,1,78,0.9750,0.0125,79,michaelthoward,5,0.0000,0.0000,0.0000,0,5
1586,2252,PdbMolecule.java,M,8,1,78,0.9750,0.0125,79,michaelthoward,0,0.0000,0.0000,0.0000,0,0
1586,2253,Trace.java,M,7,2,76,0.9744,0.0256,77,michaelthoward,3,0.0000,0.0000,0.0000,0,3
1586,2274,PdbAtom.java,M,8,2,15,0.8824,0.1176,16,michaelthoward,3,0.0000,0.0000,0.0000,0,3
1586,2277,PdbAtom.java,M,5,1,15,0.8824,0.0588,16,michaelthoward,1,0.0000,0.0000,0.0000,0,1
1586,2291,Trace.java,M,5,1,0,0.0000,1.0000,0,michaelthoward,2,0.0000,0.0000,0.0000,0,2
1588,137,Vibrate.java,M,6,13,1566,0.9868,0.0082,1586,michaelthoward,7,0.0000,0.0000,0.0000,0,7
1588,1493,Eval.java,M,6,22,711,0.9518,0.0295,746,michaelthoward,4,0.0000,0.0000,0.0000,0,4
1588,1509,Eval.java,M,11,24,702,0.9474,0.0324,740,michaelthoward,5,0.0000,0.0000,0.0000,0,5
1588,1551,Eval.java,M,7,15,627,0.9573,0.0229,654,michaelthoward,10,0.0000,0.0000,0.0000,0,10
1588,1943,Graphics3D.java,M,5,19,299,0.9116,0.0579,327,michaelthoward,6,0.1360,0.6291,0.0000,1,5
1588,1944,Graphics3D.java,M,7,18,300,0.9146,0.0549,327,michaelthoward,5,0.7279,1.0000,0.0000,4,1
1588,1958,Graphics3D.java,M,7,14,304,0.9268,0.0427,327,michaelthoward,5,0.6104,0.8038,0.0000,4,1
1588,1959,Graphics3D.java,M,7,17,301,0.9177,0.0518,327,michaelthoward,5,0.7279,1.0000,0.0000,4,1
1588,1961,Graphics3D.java,M,7,17,301,0.9177,0.0518,327,michaelthoward,5,0.6358,0.8442,0.0000,4,1
1588,1962,Graphics3D.java,M,7,17,301,0.9177,0.0518,327,michaelthoward,5,0.7241,0.9915,0.0000,4,1
1588,1994,JmolViewer.java,M,8,17,298,0.9113,0.0520,326,michaelthoward,8,0.0000,0.0000,0.0000,0,8
1588,1995,JmolViewer.java,M,6,12,303,0.9266,0.0367,326,michaelthoward,7,0.1310,0.9167,0.0000,1,6
1588,1997,JmolViewer.java,M,6,17,298,0.9113,0.0520,326,michaelthoward,0,0.0000,0.0000,0.0000,0,0
1588,1999,JmolViewer.java,M,5,18,297,0.9083,0.0550,326,michaelthoward,19,0.0000,0.0001,0.0000,0,19
1588,2001,JmolViewer.java,M,13,15,300,0.9174,0.0459,326,michaelthoward,0,0.0000,0.0000,0.0000,0,0
1588,2008,JmolViewer.java,M,6,8,307,0.9388,0.0245,326,michaelthoward,7,0.1310,0.9167,0.0000,1,6
1588,2013,JmolViewer.java,M,7,6,309,0.9450,0.0183,326,michaelthoward,1,0.0000,0.0000,0.0000,0,1
1588,2014,JmolViewer.java,M,13,8,263,0.8043,0.0245,326,michaelthoward,5,0.0104,0.0518,0.0000,0,5
1588,2024,JmolViewer.java,M,7,17,298,0.9113,0.0520,326,michaelthoward,2,0.0000,0.0000,0.0000,0,2
1588,2053,JmolViewer.java,M,5,11,285,0.9283,0.0358,306,michaelthoward,0,0.0000,0.0000,0.0000,0,0
1588,2090,JmolViewer.java,M,5,13,236,0.9478,0.0522,248,michaelthoward,18,0.0589,0.9504,0.0000,1,17
1588,2091,JmolViewer.java,M,5,12,237,0.9518,0.0482,248,michaelthoward,18,0.0634,0.9504,0.0000,1,17
1588,2092,JmolViewer.java,M,5,12,237,0.9518,0.0482,248,michaelthoward,5,0.2069,0.9405,0.0000,1,4
1588,2096,JmolViewer.java,M,8,11,238,0.9558,0.0442,248,michaelthoward,0,0.0000,0.0000,0.0000,0,0
1588,2120,Eval.java,M,5,7,233,0.9708,0.0292,239,michaelthoward,3,0.0000,0.0000,0.0000,0,3
1588,2222,Frame.java,M,9,2,92,0.9684,0.0211,94,michaelthoward,0,0.0000,0.0000,0.0000,0,0
1588,2234,Frame.java,M,8,2,92,0.9684,0.0211,94,michaelthoward,2,0.4573,0.9145,0.0000,1,1
1588,2235,Frame.java,M,8,1,93,0.9789,0.0105,94,michaelthoward,2,0.4573,0.9145,0.0000,1,1
1588,2236,Frame.java,M,13,1,93,0.9789,0.0105,94,michaelthoward,0,0.0000,0.0000,0.0000,0,0
1588,2237,Frame.java,M,5,1,93,0.9789,0.0105,94,michaelthoward,5,0.1881,0.9405,0.0000,1,4
1588,2238,Frame.java,M,11,1,93,0.9789,0.0105,94,michaelthoward,0,0.0000,0.0000,0.0000,0,0
1588,2239,Frame.java,M,6,2,92,0.9684,0.0211,94,michaelthoward,0,0.0000,0.0000,0.0000,0,0
1588,2240,Frame.java,M,6,2,92,0.9684,0.0211,94,michaelthoward,2,0.0000,0.0000,0.0000,0,2
1588,2253,Trace.java,M,7,3,77,0.9625,0.0375,79,michaelthoward,3,0.0000,0.0000,0.0000,0,3
1588,2260,Eval.java,M,24,1,72,0.9863,0.0137,72,michaelthoward,0,0.0000,0.0000,0.0000,0,0
1588,2275,Frame.java,M,5,1,18,0.9474,0.0526,18,michaelthoward,0,0.0000,0.0000,0.0000,0,0
1588,2293,PdbResidue.java,M,5,1,1,0.3333,0.3333,2,michaelthoward,1,0.0000,0.0000,0.0000,0,1
1588,2302,TraceRenderer.java,M,11,1,0,0.0000,1.0000,0,michaelthoward,0,0.0000,0.0000,0.0000,0,0
1588,2304,TraceRenderer.java,M,7,1,0,0.0000,1.0000,0,michaelthoward,1,0.0000,0.0000,0.0000,0,1
1588,2305,Eval.java,M,20,1,0,0.0000,1.0000,0,michaelthoward,8,0.0000,0.0000,0.0000,0,8
1590,1935,Line3D.java,M,5,2,315,0.9545,0.0061,329,michaelthoward,7,0.1429,1.0000,0.0000,1,6
1590,1936,Line3D.java,M,5,2,315,0.9545,0.0061,329,michaelthoward,6,0.0773,0.3121,0.0000,0,5
1590,1967,Line3D.java,M,7,2,315,0.9545,0.0061,329,michaelthoward,1,0.1518,0.1518,0.1518,0,1
1590,1983,Line3D.java,M,23,4,315,0.9545,0.0121,329,michaelthoward,1,0.0000,0.0000,0.0000,0,1
1590,2050,Line3D.java,M,74,4,297,0.9581,0.0129,309,michaelthoward,9,0.1391,0.5947,0.0000,1,6
1590,2184,Line3D.java,M,5,2,169,0.9826,0.0116,171,michaelthoward,7,0.1429,1.0000,0.0000,1,6
1590,2306,Line3D.java,M,7,1,0,0.0000,1.0000,0,michaelthoward,1,1.0000,1.0000,1.0000,1,0
1590,2307,Line3D.java,M,7,1,0,0.0000,1.0000,0,michaelthoward,1,1.0000,1.0000,1.0000,1,0
1590,2308,Line3D.java,M,23,1,0,0.0000,1.0000,0,michaelthoward,2,0.0000,0.0000,0.0000,0,2
1591,1943,Graphics3D.java,M,5,20,301,0.9094,0.0604,330,michaelthoward,6,0.0958,0.4475,0.0000,0,5
1591,1944,Graphics3D.java,M,7,19,302,0.9124,0.0574,330,michaelthoward,5,0.7418,1.0000,0.0000,4,1
1591,1958,Graphics3D.java,M,7,15,306,0.9245,0.0453,330,michaelthoward,5,0.6468,0.8415,0.0000,4,1
1591,1959,Graphics3D.java,M,7,18,303,0.9154,0.0544,330,michaelthoward,5,0.7417,1.0000,0.0000,4,1
1591,1961,Graphics3D.java,M,7,18,303,0.9154,0.0544,330,michaelthoward,5,0.6673,0.8741,0.0000,4,1
1591,1962,Graphics3D.java,M,7,18,303,0.9154,0.0544,330,michaelthoward,5,0.7387,0.9931,0.0000,4,1
1591,1963,Graphics3D.java,M,13,12,309,0.9335,0.0363,330,michaelthoward,1,0.9975,0.9975,0.9975,1,0
1591,1966,Graphics3D.java,M,13,12,309,0.9335,0.0363,330,michaelthoward,1,0.9975,0.9975,0.9975,1,0
1591,1999,JmolViewer.java,M,5,19,299,0.9061,0.0576,329,michaelthoward,19,0.0000,0.0001,0.0000,0,19
1591,2001,JmolViewer.java,M,13,16,302,0.9152,0.0485,329,michaelthoward,0,0.0000,0.0000,0.0000,0,0
1591,2090,JmolViewer.java,M,5,14,238,0.9444,0.0556,251,michaelthoward,18,0.0574,0.9725,0.0000,1,17
1591,2091,JmolViewer.java,M,5,13,239,0.9484,0.0516,251,michaelthoward,18,0.0600,0.9725,0.0000,1,17
1591,2093,JmolViewer.java,M,5,17,235,0.9325,0.0675,251,michaelthoward,5,0.0135,0.0403,0.0000,0,5
1591,2123,Graphics3D.java,M,14,7,231,0.9706,0.0294,237,michaelthoward,3,0.2165,0.6495,0.0000,1,2
1591,2124,Graphics3D.java,M,14,7,229,0.9622,0.0294,237,michaelthoward,3,0.2165,0.6495,0.0000,1,2
1591,2291,Trace.java,M,5,2,4,0.6667,0.3333,5,michaelthoward,2,0.0000,0.0000,0.0000,0,2
1591,2294,Strands.java,M,8,1,2,0.5000,0.2500,3,michaelthoward,6,0.1667,1.0000,0.0000,1,5
1591,2296,Strands.java,M,24,1,2,0.5000,0.2500,3,michaelthoward,4,0.0000,0.0000,0.0000,0,4
1591,2310,Eval.java,M,11,1,0,0.0000,1.0000,0,michaelthoward,6,0.1667,1.0000,0.0000,1,5
1592,236,Jmol.java,M,6,40,1390,0.8737,0.0251,1590,egonw,1,0.0000,0.0000,0.0000,0,1
1592,269,Jmol.java,M,6,24,1561,0.9811,0.0151,1590,egonw,1,0.0000,0.0000,0.0000,0,1
1592,270,Jmol.java,M,5,12,1355,0.8517,0.0075,1590,egonw,10,0.0000,0.0000,0.0000,0,10
1592,275,Jmol.java,M,5,48,1441,0.9057,0.0302,1590,egonw,8,0.1249,0.9993,0.0000,1,7
1592,523,Jmol.java,M,6,22,1373,0.8801,0.0141,1559,egonw,1,1.0000,1.0000,1.0000,1,0
1592,1040,Jmol.java,M,6,22,1090,0.9758,0.0197,1116,egonw,1,1.0000,1.0000,1.0000,1,0
1592,1535,Jmol.java,M,5,6,620,0.9131,0.0088,678,egonw,8,0.1249,0.9993,0.0000,1,7
1592,2264,Jmol.java,M,7,1,27,0.9643,0.0357,27,egonw,10,0.0000,0.0000,0.0000,0,10
1593,2251,PdbMolecule.java,M,5,2,84,0.9655,0.0230,86,michaelthoward,5,0.1105,0.5523,0.0000,1,4
1593,2289,PdbChain.java,M,5,1,6,0.7500,0.1250,7,michaelthoward,5,0.1105,0.5523,0.0000,1,4
1593,2290,PdbMolecule.java,M,5,1,6,0.7500,0.1250,7,michaelthoward,3,0.0000,0.0000,0.0000,0,3
1596,1943,Graphics3D.java,M,5,21,305,0.9077,0.0625,335,michaelthoward,6,0.0737,0.3351,0.0000,0,5
1596,1958,Graphics3D.java,M,7,16,310,0.9226,0.0476,335,michaelthoward,5,0.5652,0.8651,0.0000,4,1
1596,1962,Graphics3D.java,M,7,19,307,0.9137,0.0565,335,michaelthoward,5,0.6405,0.8651,0.0000,4,1
1597,1490,BondRenderer.java,M,8,10,736,0.9735,0.0132,755,michaelthoward,2,0.0000,0.0000,0.0000,0,2
1597,2223,Atom.java,M,7,2,101,0.9712,0.0192,103,michaelthoward,3,0.3333,1.0000,0.0000,1,2
1597,2224,Atom.java,M,7,2,101,0.9712,0.0192,103,michaelthoward,3,0.3333,1.0000,0.0000,1,2
1598,2172,PdbMolecule.java,M,6,3,203,0.9807,0.0145,206,michaelthoward,0,0.0000,0.0000,0.0000,0,0
1598,2173,PdbAtom.java,M,5,2,204,0.9855,0.0097,206,michaelthoward,0,0.0000,0.0000,0.0000,0,0
1598,2251,PdbMolecule.java,M,5,3,88,0.9565,0.0326,91,michaelthoward,5,0.0673,0.3364,0.0000,0,4
1598,2253,Trace.java,M,7,4,86,0.9556,0.0444,89,michaelthoward,3,0.0000,0.0000,0.0000,0,3
1598,2291,Trace.java,M,5,3,10,0.7692,0.2308,12,michaelthoward,2,0.0000,0.0000,0.0000,0,2
1598,2313,PdbResidue.java,M,5,1,0,0.0000,1.0000,0,michaelthoward,6,0.0000,0.0000,0.0000,0,6
1600,1493,Eval.java,M,6,23,722,0.9513,0.0303,758,michaelthoward,4,0.0000,0.0000,0.0000,0,4
1600,1997,JmolViewer.java,M,6,18,309,0.9115,0.0531,338,michaelthoward,0,0.0000,0.0000,0.0000,0,0
1600,1999,JmolViewer.java,M,5,20,307,0.9056,0.0590,338,michaelthoward,19,0.0000,0.0000,0.0000,0,19
1600,2001,JmolViewer.java,M,13,17,310,0.9145,0.0501,338,michaelthoward,0,0.0000,0.0000,0.0000,0,0
1600,2005,JmolViewer.java,M,6,17,310,0.9145,0.0501,338,michaelthoward,0,0.0000,0.0000,0.0000,0,0
1600,2007,JmolViewer.java,M,8,16,311,0.9174,0.0472,338,michaelthoward,0,0.0000,0.0000,0.0000,0,0
1600,2090,JmolViewer.java,M,5,15,246,0.9425,0.0575,260,michaelthoward,18,0.0568,0.9826,0.0000,1,17
1600,2091,JmolViewer.java,M,5,14,247,0.9464,0.0536,260,michaelthoward,18,0.0583,0.9826,0.0000,1,17
1600,2093,JmolViewer.java,M,5,18,243,0.9310,0.0690,260,michaelthoward,6,0.0695,0.3775,0.0000,0,5
1600,2172,PdbMolecule.java,M,6,4,204,0.9761,0.0191,208,michaelthoward,0,0.0000,0.0000,0.0000,0,0
1600,2222,Frame.java,M,9,3,103,0.9626,0.0280,106,michaelthoward,0,0.0000,0.0000,0.0000,0,0
1600,2235,Frame.java,M,8,2,104,0.9720,0.0187,106,michaelthoward,2,0.1979,0.3958,0.0000,0,1
1600,2236,Frame.java,M,13,2,104,0.9720,0.0187,106,michaelthoward,0,0.0000,0.0000,0.0000,0,0
1600,2237,Frame.java,M,5,2,104,0.9720,0.0187,106,michaelthoward,6,0.1297,0.4005,0.0000,0,4
1600,2238,Frame.java,M,11,2,104,0.9720,0.0187,106,michaelthoward,0,0.0000,0.0000,0.0000,0,0
1600,2239,Frame.java,M,6,3,103,0.9626,0.0280,106,michaelthoward,0,0.0000,0.0000,0.0000,0,0
1600,2240,Frame.java,M,6,3,103,0.9626,0.0280,106,michaelthoward,2,0.0000,0.0000,0.0000,0,2
1600,2275,Frame.java,M,5,2,29,0.9355,0.0645,30,michaelthoward,0,0.0000,0.0000,0.0000,0,0
1600,2277,PdbAtom.java,M,5,2,27,0.8710,0.0645,30,michaelthoward,1,0.0000,0.0000,0.0000,0,1
1600,2309,Eval.java,M,9,1,9,0.9000,0.1000,9,michaelthoward,2,0.0000,0.0000,0.0000,0,2
1600,2310,Eval.java,M,11,2,8,0.8000,0.2000,9,michaelthoward,6,0.0722,0.4329,0.0000,0,5
1602,1509,Eval.java,M,11,25,715,0.9470,0.0331,754,michaelthoward,6,0.0000,0.0000,0.0000,0,6
1602,1551,Eval.java,M,7,16,640,0.9567,0.0239,668,michaelthoward,10,0.0000,0.0000,0.0000,0,10
1602,2027,Eval.java,M,9,3,325,0.9531,0.0088,340,michaelthoward,7,0.0022,0.0099,0.0000,0,7
1602,2120,Eval.java,M,5,8,246,0.9685,0.0315,253,michaelthoward,3,0.0000,0.0000,0.0000,0,3
1602,2192,Compiler.java,M,5,3,172,0.9829,0.0171,174,michaelthoward,9,0.3327,1.0000,0.0000,3,6
1602,2194,Compiler.java,M,5,3,172,0.9829,0.0171,174,michaelthoward,9,0.3327,1.0000,0.0000,3,6
1602,2195,Compiler.java,M,5,2,173,0.9886,0.0114,174,michaelthoward,9,0.3327,1.0000,0.0000,3,6
1602,2197,Compiler.java,M,5,1,173,0.9943,0.0057,173,michaelthoward,9,0.3315,0.9945,0.0000,3,6
1602,2255,Compiler.java,M,5,2,88,0.9778,0.0222,89,michaelthoward,7,0.1336,0.9352,0.0000,1,6
1602,2256,Compiler.java,M,5,1,88,0.9778,0.0111,89,michaelthoward,7,0.1336,0.9352,0.0000,1,6
1602,2277,PdbAtom.java,M,5,3,28,0.8485,0.0909,32,michaelthoward,1,0.0000,0.0000,0.0000,0,1
1604,1943,Graphics3D.java,M,5,22,312,0.9070,0.0640,343,michaelthoward,6,0.0572,0.2540,0.0000,0,5
1604,1944,Graphics3D.java,M,7,20,314,0.9128,0.0581,343,michaelthoward,5,0.6992,1.0000,0.0000,4,1
1604,1958,Graphics3D.java,M,7,17,317,0.9215,0.0494,343,michaelthoward,5,0.6095,0.8905,0.0000,4,1
1604,1959,Graphics3D.java,M,7,19,315,0.9157,0.0552,343,michaelthoward,5,0.6992,1.0000,0.0000,4,1
1604,1961,Graphics3D.java,M,7,19,315,0.9157,0.0552,343,michaelthoward,5,0.6469,0.9019,0.0000,4,1
1604,1962,Graphics3D.java,M,7,20,314,0.9128,0.0581,343,michaelthoward,5,0.6705,0.8905,0.0000,4,1
1604,1963,Graphics3D.java,M,13,13,321,0.9331,0.0378,343,michaelthoward,1,0.9981,0.9981,0.9981,1,0
1604,1966,Graphics3D.java,M,13,13,321,0.9331,0.0378,343,michaelthoward,1,0.9981,0.9981,0.9981,1,0
1604,2123,Graphics3D.java,M,14,8,243,0.9681,0.0319,250,michaelthoward,2,0.2055,0.4109,0.0000,0,1
1605,1943,Graphics3D.java,M,5,23,312,0.9043,0.0667,344,michaelthoward,6,0.0466,0.2033,0.0000,0,5
1605,1944,Graphics3D.java,M,7,21,314,0.9101,0.0609,344,michaelthoward,5,0.7160,1.0000,0.0000,4,1
1605,1958,Graphics3D.java,M,7,18,317,0.9188,0.0522,344,michaelthoward,5,0.6404,0.9083,0.0000,4,1
1605,1959,Graphics3D.java,M,7,20,315,0.9130,0.0580,344,michaelthoward,5,0.7160,1.0000,0.0000,4,1
1605,1961,Graphics3D.java,M,7,20,315,0.9130,0.0580,344,michaelthoward,5,0.6727,0.9201,0.0000,4,1
1605,1962,Graphics3D.java,M,7,21,314,0.9101,0.0609,344,michaelthoward,5,0.6915,0.9083,0.0000,4,1
1605,1966,Graphics3D.java,M,13,14,321,0.9304,0.0406,344,michaelthoward,1,0.8130,0.8130,0.8130,1,0
1605,2123,Graphics3D.java,M,14,9,243,0.9643,0.0357,251,michaelthoward,2,0.1491,0.2981,0.0000,0,1
1607,2323,CartoonRenderer.java,M,11,1,5,0.7143,0.1429,6,michaelthoward,0,0.0000,0.0000,0.0000,0,0
1607,2324,CartoonRenderer.java,M,13,1,1,0.3333,0.3333,2,michaelthoward,9,0.0000,0.0000,0.0000,0,9
1608,2165,CdkJmolModelAdapter.java,M,5,3,214,0.9862,0.0138,216,michaelthoward,19,0.0001,0.0013,0.0000,0,19
1610,1994,JmolViewer.java,M,8,18,319,0.9140,0.0516,348,michaelthoward,8,0.0000,0.0000,0.0000,0,8
1610,1995,JmolViewer.java,M,6,13,324,0.9284,0.0372,348,michaelthoward,7,0.1385,0.9696,0.0000,1,6
1610,1997,JmolViewer.java,M,6,19,318,0.9112,0.0544,348,michaelthoward,0,0.0000,0.0000,0.0000,0,0
1610,1999,JmolViewer.java,M,5,21,316,0.9054,0.0602,348,michaelthoward,19,0.0000,0.0000,0.0000,0,19
1610,2001,JmolViewer.java,M,13,18,319,0.9140,0.0516,348,michaelthoward,0,0.0000,0.0000,0.0000,0,0
1610,2002,JmolViewer.java,M,8,10,327,0.9370,0.0287,348,michaelthoward,0,0.0000,0.0000,0.0000,0,0
1610,2005,JmolViewer.java,M,6,18,319,0.9140,0.0516,348,michaelthoward,0,0.0000,0.0000,0.0000,0,0
1610,2007,JmolViewer.java,M,8,17,320,0.9169,0.0487,348,michaelthoward,0,0.0000,0.0000,0.0000,0,0
1610,2008,JmolViewer.java,M,6,9,328,0.9398,0.0258,348,michaelthoward,7,0.1385,0.9696,0.0000,1,6
1610,2014,JmolViewer.java,M,13,9,284,0.8138,0.0258,348,michaelthoward,5,0.0040,0.0200,0.0000,0,5
1610,2024,JmolViewer.java,M,7,18,319,0.9140,0.0516,348,michaelthoward,2,0.0000,0.0000,0.0000,0,2
1610,2053,JmolViewer.java,M,5,12,306,0.9301,0.0365,328,michaelthoward,0,0.0000,0.0000,0.0000,0,0
1610,2054,JmolViewer.java,M,8,15,303,0.9210,0.0456,328,michaelthoward,0,0.0000,0.0000,0.0000,0,0
1610,2090,JmolViewer.java,M,5,16,255,0.9410,0.0590,270,michaelthoward,18,0.0379,0.6564,0.0000,1,17
1610,2092,JmolViewer.java,M,5,13,258,0.9520,0.0480,270,michaelthoward,6,0.2012,0.6348,0.0000,1,3
1610,2093,JmolViewer.java,M,5,19,252,0.9299,0.0701,270,michaelthoward,6,0.1672,0.4066,0.0000,0,3
1610,2096,JmolViewer.java,M,8,12,259,0.9557,0.0443,270,michaelthoward,0,0.0000,0.0000,0.0000,0,0
1610,2146,JmolViewer.java,M,5,7,235,0.9711,0.0289,241,michaelthoward,6,0.1736,0.6348,0.0000,1,4
1612,2216,Renderer.java,M,5,1,0,0.0000,0.0083,119,michaelthoward,4,0.0000,0.0000,0.0000,0,4
1612,2319,Cartoon.java,M,13,1,10,0.8333,0.0833,11,michaelthoward,4,0.0000,0.0000,0.0000,0,4
1633,2313,PdbResidue.java,M,5,2,34,0.9444,0.0556,35,michaelthoward,6,0.0000,0.0000,0.0000,0,6
1633,2315,PdbStructure.java,M,6,1,31,0.9394,0.0303,32,michaelthoward,4,0.0000,0.0000,0.0000,0,4
1634,2330,CartoonRenderer.java,M,5,1,0,0.0000,1.0000,0,michaelthoward,1,0.0000,0.0000,0.0000,0,1
1634,2332,CartoonRenderer.java,M,16,1,0,0.0000,1.0000,0,michaelthoward,4,0.0000,0.0000,0.0000,0,4
1634,2334,Helix.java,M,21,1,0,0.0000,1.0000,0,michaelthoward,1,0.0000,0.0000,0.0000,0,1
1646,2092,JmolViewer.java,M,5,14,293,0.9544,0.0456,306,michaelthoward,6,0.0830,0.2231,0.0000,0,5
1650,2065,JmolApplet.java,M,10,4,347,0.9858,0.0114,351,michaelthoward,7,0.0029,0.0201,0.0000,0,7
1650,2089,JmolApplet.java,M,6,4,305,0.9713,0.0127,313,michaelthoward,4,0.0000,0.0000,0.0000,0,4
1652,2291,Trace.java,M,5,4,63,0.9403,0.0597,66,michaelthoward,2,0.0000,0.0000,0.0000,0,2
1652,2318,Cartoon.java,M,6,1,50,0.9615,0.0192,51,michaelthoward,2,0.0000,0.0000,0.0000,0,2
1654,1941,Graphics3D.java,M,19,10,374,0.9492,0.0254,393,michaelthoward,1,0.0464,0.0464,0.0464,0,1
1654,1943,Graphics3D.java,M,5,24,360,0.9137,0.0609,393,michaelthoward,6,0.0259,0.1088,0.0000,0,6
1654,1944,Graphics3D.java,M,7,22,362,0.9188,0.0558,393,michaelthoward,5,0.7513,1.0000,0.0000,4,1
1654,1958,Graphics3D.java,M,7,19,365,0.9264,0.0482,393,michaelthoward,5,0.7065,0.9463,0.0000,4,1
1654,1959,Graphics3D.java,M,7,21,363,0.9213,0.0533,393,michaelthoward,5,0.7513,1.0000,0.0000,4,1
1654,1961,Graphics3D.java,M,7,21,363,0.9213,0.0533,393,michaelthoward,5,0.7264,0.9558,0.0000,4,1
1654,1962,Graphics3D.java,M,7,22,362,0.9188,0.0558,393,michaelthoward,5,0.7364,0.9463,0.0000,4,1
1654,1963,Graphics3D.java,M,13,14,370,0.9391,0.0355,393,michaelthoward,1,0.8965,0.8965,0.8965,1,0
1654,1966,Graphics3D.java,M,13,15,369,0.9365,0.0381,393,michaelthoward,1,0.8965,0.8965,0.8965,1,0
1654,1994,JmolViewer.java,M,8,19,362,0.9211,0.0483,392,michaelthoward,8,0.0000,0.0000,0.0000,0,8
1654,1995,JmolViewer.java,M,6,14,367,0.9338,0.0356,392,michaelthoward,7,0.1416,0.9910,0.0000,1,6
1654,1997,JmolViewer.java,M,6,20,361,0.9186,0.0509,392,michaelthoward,0,0.0000,0.0000,0.0000,0,0
1654,1999,JmolViewer.java,M,5,22,359,0.9135,0.0560,392,michaelthoward,19,0.0000,0.0000,0.0000,0,19
1654,2007,JmolViewer.java,M,8,18,363,0.9237,0.0458,392,michaelthoward,0,0.0000,0.0000,0.0000,0,0
1654,2008,JmolViewer.java,M,6,10,371,0.9440,0.0254,392,michaelthoward,7,0.1416,0.9910,0.0000,1,6
1654,2053,JmolViewer.java,M,5,13,349,0.9357,0.0349,372,michaelthoward,0,0.0000,0.0000,0.0000,0,0
1654,2054,JmolViewer.java,M,8,16,346,0.9276,0.0429,372,michaelthoward,0,0.0000,0.0000,0.0000,0,0
1654,2090,JmolViewer.java,M,5,17,298,0.9460,0.0540,314,michaelthoward,18,0.0477,0.8468,0.0000,1,17
1654,2091,JmolViewer.java,M,5,15,300,0.9524,0.0476,314,michaelthoward,18,0.0484,0.8468,0.0000,1,17
1654,2092,JmolViewer.java,M,5,15,300,0.9524,0.0476,314,michaelthoward,6,0.1122,0.4932,0.0000,0,5
1654,2093,JmolViewer.java,M,5,20,295,0.9365,0.0635,314,michaelthoward,6,0.1278,0.4932,0.0000,0,5
1654,2123,Graphics3D.java,M,14,10,291,0.9668,0.0332,300,michaelthoward,1,0.1359,0.1359,0.1359,0,1
1654,2317,Cartoon.java,M,18,1,52,0.9630,0.0185,53,michaelthoward,2,0.0000,0.0000,0.0000,0,2
1654,2332,CartoonRenderer.java,M,16,2,19,0.9048,0.0952,20,michaelthoward,4,0.0000,0.0000,0.0000,0,4
1654,2333,TraceRenderer.java,M,16,1,20,0.9524,0.0476,20,michaelthoward,3,0.0000,0.0000,0.0000,0,3
1655,1986,Sphere3D.java,M,15,1,383,0.9696,0.0025,394,michaelthoward,1,1.0000,1.0000,1.0000,1,0
1655,1987,Sphere3D.java,M,15,1,383,0.9696,0.0025,394,michaelthoward,1,1.0000,1.0000,1.0000,1,0
1655,1994,JmolViewer.java,M,8,20,362,0.9188,0.0508,393,michaelthoward,8,0.0000,0.0000,0.0000,0,8
1655,1995,JmolViewer.java,M,6,15,367,0.9315,0.0381,393,michaelthoward,7,0.0821,0.5744,0.0000,1,6
1655,2001,JmolViewer.java,M,13,19,363,0.9213,0.0482,393,michaelthoward,0,0.0000,0.0000,0.0000,0,0
1655,2005,JmolViewer.java,M,6,19,363,0.9213,0.0482,393,michaelthoward,0,0.0000,0.0000,0.0000,0,0
1655,2007,JmolViewer.java,M,8,19,363,0.9213,0.0482,393,michaelthoward,0,0.0000,0.0000,0.0000,0,0
1655,2013,JmolViewer.java,M,7,7,375,0.9518,0.0178,393,michaelthoward,1,0.0000,0.0000,0.0000,0,1
1655,2014,JmolViewer.java,M,13,10,328,0.8325,0.0254,393,michaelthoward,5,0.0012,0.0060,0.0000,0,5
1655,2090,JmolViewer.java,M,5,18,298,0.9430,0.0570,315,michaelthoward,18,0.0304,0.5390,0.0000,1,17
1655,2092,JmolViewer.java,M,5,16,300,0.9494,0.0506,315,michaelthoward,6,0.0795,0.3531,0.0000,0,5
1655,2096,JmolViewer.java,M,8,13,303,0.9589,0.0411,315,michaelthoward,0,0.0000,0.0000,0.0000,0,0
1656,1424,Eval.java,M,5,14,849,0.9692,0.0160,875,michaelthoward,0,0.0000,0.0000,0.0000,0,0
1656,1431,Eval.java,M,5,16,835,0.9676,0.0185,862,michaelthoward,3,0.0000,0.0000,0.0000,0,3
1656,1505,Eval.java,M,6,12,785,0.9703,0.0148,808,michaelthoward,4,0.0000,0.0000,0.0000,0,4
1656,1507,Eval.java,M,11,18,778,0.9617,0.0222,808,michaelthoward,8,0.0000,0.0000,0.0000,0,8
1656,1509,Eval.java,M,11,26,768,0.9493,0.0321,808,michaelthoward,6,0.0000,0.0000,0.0000,0,6
1656,1512,Eval.java,M,9,12,783,0.9703,0.0149,806,michaelthoward,6,0.3061,0.9867,0.0000,2,4
1656,1513,Eval.java,M,9,16,779,0.9653,0.0198,806,michaelthoward,6,0.3051,0.9867,0.0000,2,4
1656,1520,Eval.java,M,9,14,774,0.9675,0.0175,799,michaelthoward,6,0.2823,0.8502,0.0000,2,4
1656,1526,Eval.java,M,6,11,768,0.9709,0.0139,790,michaelthoward,4,0.0000,0.0000,0.0000,0,4
1656,1551,Eval.java,M,7,17,693,0.9585,0.0235,722,michaelthoward,10,0.0000,0.0000,0.0000,0,10
1656,2001,JmolViewer.java,M,13,20,363,0.9190,0.0506,394,michaelthoward,0,0.0000,0.0000,0.0000,0,0
1656,2005,JmolViewer.java,M,6,20,363,0.9190,0.0506,394,michaelthoward,0,0.0000,0.0000,0.0000,0,0
1656,2007,JmolViewer.java,M,8,20,363,0.9190,0.0506,394,michaelthoward,0,0.0000,0.0000,0.0000,0,0
1656,2090,JmolViewer.java,M,5,19,298,0.9401,0.0599,316,michaelthoward,18,0.0221,0.3921,0.0000,0,17
1656,2092,JmolViewer.java,M,5,17,300,0.9464,0.0536,316,michaelthoward,6,0.0611,0.2732,0.0000,0,5
1656,2120,Eval.java,M,5,9,299,0.9708,0.0292,307,michaelthoward,3,0.0000,0.0000,0.0000,0,3
1656,2305,Eval.java,M,20,2,67,0.9710,0.0290,68,michaelthoward,9,0.0000,0.0000,0.0000,0,9
1656,2309,Eval.java,M,9,2,64,0.9697,0.0303,65,michaelthoward,2,0.0000,0.0000,0.0000,0,2
1657,1424,Eval.java,M,5,15,849,0.9681,0.0171,876,michaelthoward,0,0.0000,0.0000,0.0000,0,0
1657,1431,Eval.java,M,5,17,835,0.9664,0.0197,863,michaelthoward,3,0.0000,0.0000,0.0000,0,3
1657,1432,Eval.java,M,18,19,830,0.9629,0.0220,861,michaelthoward,3,0.3294,0.9883,0.0000,1,2
1657,1433,Eval.java,M,18,16,829,0.9617,0.0186,861,michaelthoward,3,0.3294,0.9883,0.0000,1,2
1657,1493,Eval.java,M,6,24,778,0.9534,0.0294,815,michaelthoward,4,0.0000,0.0000,0.0000,0,4
1657,1507,Eval.java,M,11,19,778,0.9605,0.0235,809,michaelthoward,8,0.0000,0.0000,0.0000,0,8
1657,1509,Eval.java,M,11,27,768,0.9481,0.0333,809,michaelthoward,6,0.0672,0.4030,0.0000,0,5
1657,1512,Eval.java,M,9,13,783,0.9691,0.0161,807,michaelthoward,6,0.3189,0.9934,0.0000,2,4
1657,1513,Eval.java,M,9,17,779,0.9641,0.0210,807,michaelthoward,6,0.3182,0.9934,0.0000,2,4
1657,1520,Eval.java,M,9,15,774,0.9663,0.0187,800,michaelthoward,6,0.3060,0.9198,0.0000,2,4
1657,1526,Eval.java,M,6,12,768,0.9697,0.0152,791,michaelthoward,4,0.0000,0.0000,0.0000,0,4
1657,1551,Eval.java,M,7,18,693,0.9572,0.0249,723,michaelthoward,10,0.0000,0.0000,0.0000,0,10
1657,1599,Eval.java,M,25,6,528,0.9653,0.0110,546,michaelthoward,2,0.7253,0.9858,0.4648,1,0
1657,1600,Eval.java,M,25,6,528,0.9653,0.0110,546,michaelthoward,2,0.7253,0.9858,0.4648,1,0
1657,2011,Eval.java,M,6,1,383,0.9672,0.0025,395,michaelthoward,11,0.0000,0.0000,0.0000,0,11
1657,2120,Eval.java,M,5,10,299,0.9676,0.0324,308,michaelthoward,3,0.0000,0.0000,0.0000,0,3
1657,2130,Eval.java,M,6,1,295,0.9966,0.0034,295,michaelthoward,0,0.0000,0.0000,0.0000,0,0
1657,2260,Eval.java,M,24,2,140,0.9859,0.0141,141,michaelthoward,0,0.0000,0.0000,0.0000,0,0
1657,2305,Eval.java,M,20,3,67,0.9571,0.0429,69,michaelthoward,9,0.0000,0.0000,0.0000,0,9
1657,2309,Eval.java,M,9,3,64,0.9552,0.0448,66,michaelthoward,2,0.4648,0.4648,0.4648,0,0
1657,2310,Eval.java,M,11,3,64,0.9552,0.0448,66,michaelthoward,6,0.0846,0.4030,0.0000,0,5
1658,1997,JmolViewer.java,M,6,21,364,0.9169,0.0529,396,michaelthoward,0,0.0000,0.0000,0.0000,0,0
1658,1999,JmolViewer.java,M,5,23,362,0.9118,0.0579,396,michaelthoward,19,0.0000,0.0000,0.0000,0,19
1658,2001,JmolViewer.java,M,13,21,364,0.9169,0.0529,396,michaelthoward,0,0.0000,0.0000,0.0000,0,0
1658,2005,JmolViewer.java,M,6,21,364,0.9169,0.0529,396,michaelthoward,0,0.0000,0.0000,0.0000,0,0
1658,2007,JmolViewer.java,M,8,21,364,0.9169,0.0529,396,michaelthoward,0,0.0000,0.0000,0.0000,0,0
1658,2089,JmolApplet.java,M,6,5,312,0.9689,0.0155,321,michaelthoward,4,0.0000,0.0000,0.0000,0,4
1658,2090,JmolViewer.java,M,5,20,299,0.9373,0.0627,318,michaelthoward,18,0.0296,0.5285,0.0000,1,17
1658,2091,JmolViewer.java,M,5,16,303,0.9498,0.0502,318,michaelthoward,18,0.0301,0.5285,0.0000,1,17
1658,2093,JmolViewer.java,M,5,21,298,0.9342,0.0658,318,michaelthoward,6,0.0642,0.2202,0.0000,0,5
1658,2338,Jmol.java,M,6,1,0,0.0000,1.0000,0,michaelthoward,5,0.0000,0.0000,0.0000,0,5
1669,1994,JmolViewer.java,M,8,21,375,0.9191,0.0515,407,michaelthoward,8,0.0000,0.0000,0.0000,0,8
1669,1995,JmolViewer.java,M,6,16,380,0.9314,0.0392,407,michaelthoward,7,0.1058,0.7404,0.0000,1,6
1669,1997,JmolViewer.java,M,6,22,374,0.9167,0.0539,407,michaelthoward,0,0.0000,0.0000,0.0000,0,0
1669,1999,JmolViewer.java,M,5,24,372,0.9118,0.0588,407,michaelthoward,19,0.0000,0.0000,0.0000,0,19
1669,2007,JmolViewer.java,M,8,22,374,0.9167,0.0539,407,michaelthoward,0,0.0000,0.0000,0.0000,0,0
1669,2008,JmolViewer.java,M,6,11,385,0.9436,0.0270,407,michaelthoward,7,0.1058,0.7404,0.0000,1,6
1669,2053,JmolViewer.java,M,5,14,363,0.9356,0.0361,387,michaelthoward,0,0.0000,0.0000,0.0000,0,0
1669,2054,JmolViewer.java,M,8,17,360,0.9278,0.0438,387,michaelthoward,0,0.0000,0.0000,0.0000,0,0
1669,2090,JmolViewer.java,M,5,21,309,0.9364,0.0636,329,michaelthoward,18,0.0358,0.6407,0.0000,1,17
1669,2091,JmolViewer.java,M,5,17,313,0.9485,0.0515,329,michaelthoward,18,0.0361,0.6407,0.0000,1,17
1669,2092,JmolViewer.java,M,5,18,312,0.9455,0.0545,329,michaelthoward,6,0.0758,0.3858,0.0000,0,5
1669,2093,JmolViewer.java,M,5,22,308,0.9333,0.0667,329,michaelthoward,6,0.0821,0.3858,0.0000,0,5
1669,2337,ColorManager.java,M,6,1,13,0.8667,0.0667,14,michaelthoward,0,0.0000,0.0000,0.0000,0,0
1671,2131,SimpleModelAdapter.java,M,5,3,305,0.9839,0.0097,309,michaelthoward,4,0.0009,0.0038,0.0000,0,4
1674,1141,PreferencesDialog.java,M,11,15,1074,0.9799,0.0137,1095,michaelthoward,5,0.0000,0.0000,0.0000,0,5
1674,1144,PreferencesDialog.java,M,5,19,1070,0.9763,0.0173,1095,michaelthoward,3,0.3307,0.9922,0.0000,1,2
1674,1148,PreferencesDialog.java,M,5,3,1086,0.9909,0.0027,1095,michaelthoward,3,0.3307,0.9922,0.0000,1,2
1674,1154,PreferencesDialog.java,M,6,18,1071,0.9772,0.0164,1095,michaelthoward,4,0.2500,1.0000,0.0000,1,3
1674,1164,PreferencesDialog.java,M,6,14,1075,0.9808,0.0128,1095,michaelthoward,4,0.2500,1.0000,0.0000,1,3
1674,1173,PreferencesDialog.java,M,5,23,1066,0.9726,0.0210,1095,michaelthoward,9,0.0000,0.0000,0.0000,0,9
1674,1174,PreferencesDialog.java,M,5,23,1066,0.9726,0.0210,1095,michaelthoward,12,0.2512,1.0000,0.0000,3,9
1674,1176,PreferencesDialog.java,M,6,18,1068,0.9745,0.0164,1095,michaelthoward,2,0.0000,0.0000,0.0000,0,2
1674,1178,PreferencesDialog.java,M,5,13,859,0.7838,0.0119,1095,michaelthoward,12,0.2512,1.0000,0.0000,3,9
1674,2205,StyleManager.java,M,6,2,198,0.9851,0.0100,200,michaelthoward,0,0.0000,0.0000,0.0000,0,0
1674,2206,StyleManager.java,M,8,2,198,0.9851,0.0100,200,michaelthoward,0,0.0000,0.0000,0.0000,0,0
1677,2341,SimpleModelAdapter.java,M,12,1,0,0.0000,1.0000,0,michaelthoward,1,0.0000,0.0000,0.0000,0,1
1680,2131,SimpleModelAdapter.java,M,5,4,313,0.9812,0.0125,318,michaelthoward,4,0.2399,0.5671,0.0000,1,2
1680,2339,SimpleModelAdapter.java,M,5,1,8,0.8000,0.1000,9,michaelthoward,4,0.2817,0.5671,0.0000,2,2
1684,1493,Eval.java,M,6,25,804,0.9537,0.0297,842,michaelthoward,4,0.0000,0.0000,0.0000,0,4
1684,1551,Eval.java,M,7,19,719,0.9574,0.0253,750,michaelthoward,10,0.0000,0.0000,0.0000,0,10
1684,2090,JmolViewer.java,M,5,22,323,0.9362,0.0638,344,michaelthoward,18,0.0411,0.7383,0.0000,1,17
1684,2091,JmolViewer.java,M,5,18,327,0.9478,0.0522,344,michaelthoward,18,0.0413,0.7383,0.0000,1,17
1684,2120,Eval.java,M,5,11,325,0.9673,0.0327,335,michaelthoward,3,0.0000,0.0000,0.0000,0,3
1686,1424,Eval.java,M,5,16,877,0.9680,0.0177,905,michaelthoward,0,0.0000,0.0000,0.0000,0,0
1686,1520,Eval.java,M,9,16,802,0.9663,0.0193,829,michaelthoward,6,0.2327,0.9601,0.0000,1,4
1686,2253,Trace.java,M,7,5,173,0.9719,0.0281,177,michaelthoward,3,0.0000,0.0000,0.0000,0,3
1686,2291,Trace.java,M,5,5,96,0.9505,0.0495,100,michaelthoward,2,0.0000,0.0000,0.0000,0,2
1686,2296,Strands.java,M,24,2,96,0.9697,0.0202,98,michaelthoward,4,0.0000,0.0000,0.0000,0,4
1686,2317,Cartoon.java,M,18,2,83,0.9651,0.0233,85,michaelthoward,2,0.0000,0.0000,0.0000,0,2
1686,2318,Cartoon.java,M,6,2,83,0.9651,0.0233,85,michaelthoward,2,0.0000,0.0000,0.0000,0,2
1688,1493,Eval.java,M,6,26,807,0.9528,0.0307,846,michaelthoward,4,0.0000,0.0000,0.0000,0,4
1688,1551,Eval.java,M,7,20,722,0.9563,0.0265,754,michaelthoward,10,0.0000,0.0000,0.0000,0,10
1688,1997,JmolViewer.java,M,6,23,392,0.9180,0.0539,426,michaelthoward,0,0.0000,0.0000,0.0000,0,0
1688,1999,JmolViewer.java,M,5,25,390,0.9133,0.0585,426,michaelthoward,19,0.0000,0.0000,0.0000,0,19
1688,2001,JmolViewer.java,M,13,22,393,0.9204,0.0515,426,michaelthoward,0,0.0000,0.0000,0.0000,0,0
1688,2005,JmolViewer.java,M,6,22,393,0.9204,0.0515,426,michaelthoward,0,0.0000,0.0000,0.0000,0,0
1688,2007,JmolViewer.java,M,8,23,392,0.9180,0.0539,426,michaelthoward,0,0.0000,0.0000,0.0000,0,0
1688,2090,JmolViewer.java,M,5,23,326,0.9341,0.0659,348,michaelthoward,18,0.0445,0.7997,0.0000,1,17
1688,2091,JmolViewer.java,M,5,19,330,0.9456,0.0544,348,michaelthoward,18,0.0446,0.7997,0.0000,1,17
1688,2120,Eval.java,M,5,12,328,0.9647,0.0353,339,michaelthoward,3,0.0000,0.0000,0.0000,0,3
1688,2260,Eval.java,M,24,3,170,0.9827,0.0173,172,michaelthoward,0,0.0000,0.0000,0.0000,0,0
1688,2305,Eval.java,M,20,4,97,0.9604,0.0396,100,michaelthoward,11,0.0000,0.0000,0.0000,0,11
1688,2309,Eval.java,M,9,4,94,0.9592,0.0408,97,michaelthoward,2,0.2134,0.2134,0.2134,0,0
1688,2310,Eval.java,M,11,4,94,0.9592,0.0408,97,michaelthoward,6,0.0392,0.1994,0.0000,0,6
1690,2173,PdbAtom.java,M,5,3,294,0.9833,0.0100,298,michaelthoward,1,0.0000,0.0000,0.0000,0,1
1690,2274,PdbAtom.java,M,8,3,117,0.9669,0.0248,120,michaelthoward,3,0.0000,0.0000,0.0000,0,3
1691,2025,DistributionManager.java,M,6,3,415,0.9651,0.0070,429,michaelthoward,2,0.5000,1.0000,0.0000,1,1
1691,2026,DistributionManager.java,M,6,3,415,0.9651,0.0070,429,michaelthoward,2,0.5000,1.0000,0.0000,1,1
1691,2173,PdbAtom.java,M,5,4,294,0.9800,0.0133,299,michaelthoward,1,0.0000,0.0000,0.0000,0,1
1691,2221,Atom.java,M,11,1,196,0.9899,0.0051,197,michaelthoward,3,0.0000,0.0000,0.0000,0,3
1691,2223,Atom.java,M,7,3,194,0.9798,0.0152,197,michaelthoward,3,0.0196,0.0588,0.0000,0,3
1692,1493,Eval.java,M,6,27,810,0.9518,0.0317,850,michaelthoward,4,0.0000,0.0000,0.0000,0,4
1692,1509,Eval.java,M,11,28,802,0.9491,0.0331,844,michaelthoward,6,0.0817,0.4899,0.0000,0,5
1692,1997,JmolViewer.java,M,6,24,395,0.9165,0.0557,430,michaelthoward,0,0.0000,0.0000,0.0000,0,0
1692,1999,JmolViewer.java,M,5,26,393,0.9118,0.0603,430,michaelthoward,19,0.0000,0.0000,0.0000,0,19
1692,2001,JmolViewer.java,M,13,23,396,0.9188,0.0534,430,michaelthoward,0,0.0000,0.0000,0.0000,0,0
1692,2005,JmolViewer.java,M,6,23,396,0.9188,0.0534,430,michaelthoward,0,0.0000,0.0000,0.0000,0,0
1692,2007,JmolViewer.java,M,8,24,395,0.9165,0.0557,430,michaelthoward,0,0.0000,0.0000,0.0000,0,0
1692,2090,JmolViewer.java,M,5,24,329,0.9320,0.0680,352,michaelthoward,18,0.0468,0.8416,0.0000,1,17
1692,2091,JmolViewer.java,M,5,20,333,0.9433,0.0567,352,michaelthoward,18,0.0469,0.8416,0.0000,1,17
1692,2093,JmolViewer.java,M,5,23,330,0.9348,0.0652,352,michaelthoward,5,0.0667,0.2710,0.0000,0,4
1692,2120,Eval.java,M,5,13,331,0.9622,0.0378,343,michaelthoward,3,0.0000,0.0000,0.0000,0,3
1692,2260,Eval.java,M,24,4,173,0.9774,0.0226,176,michaelthoward,0,0.0000,0.0000,0.0000,0,0
1692,2305,Eval.java,M,20,5,100,0.9524,0.0476,104,michaelthoward,11,0.0482,0.5300,0.0000,1,10
1692,2309,Eval.java,M,9,5,97,0.9510,0.0490,101,michaelthoward,2,0.1326,0.1326,0.1326,0,2
1692,2310,Eval.java,M,11,5,97,0.9510,0.0490,101,michaelthoward,6,0.0851,0.4899,0.0000,0,5
1692,2343,Eval.java,M,20,1,8,0.8889,0.1111,8,michaelthoward,11,0.0482,0.5300,0.0000,1,10
1693,2120,Eval.java,M,5,14,331,0.9594,0.0406,344,michaelthoward,3,0.0000,0.0000,0.0000,0,3
1693,2126,SimpleModelAdapter.java,M,6,4,327,0.9849,0.0120,331,michaelthoward,2,0.0000,0.0000,0.0000,0,2
1693,2127,SimpleModelAdapter.java,M,5,5,326,0.9819,0.0151,331,michaelthoward,2,0.0000,0.0000,0.0000,0,2
1693,2128,SimpleModelAdapter.java,M,5,5,326,0.9819,0.0151,331,michaelthoward,5,0.2000,1.0000,0.0000,1,4
1693,2129,SimpleModelAdapter.java,M,6,5,326,0.9819,0.0151,331,michaelthoward,2,0.0000,0.0000,0.0000,0,2
1693,2131,SimpleModelAdapter.java,M,5,5,325,0.9789,0.0151,331,michaelthoward,4,0.3449,0.7644,0.0000,2,2
1693,2145,SimpleModelAdapter.java,M,5,5,320,0.9846,0.0154,324,michaelthoward,5,0.2000,1.0000,0.0000,1,4
1693,2167,SimpleModelAdapter.java,M,5,3,294,0.9735,0.0099,301,michaelthoward,4,0.3435,0.7590,0.0000,2,2
1693,2339,SimpleModelAdapter.java,M,5,2,20,0.8696,0.0870,22,michaelthoward,4,0.3808,0.7644,0.0000,2,2
1693,2350,Eval.java,M,10,1,0,0.0000,1.0000,0,michaelthoward,0,0.0000,0.0000,0.0000,0,0
1694,2131,SimpleModelAdapter.java,M,5,6,325,0.9760,0.0180,332,michaelthoward,4,0.3901,0.8397,0.0000,2,2
1694,2197,Compiler.java,M,5,2,264,0.9925,0.0075,265,michaelthoward,9,0.1243,0.9997,0.0000,1,8
1694,2339,SimpleModelAdapter.java,M,5,3,20,0.8333,0.1250,23,michaelthoward,4,0.4188,0.8397,0.0000,2,2
1695,1875,Bspt.java,M,5,2,444,0.9758,0.0044,454,michaelthoward,2,0.0000,0.0000,0.0000,0,2
1696,1867,Bspt.java,M,7,2,445,0.9759,0.0044,455,michaelthoward,0,0.0000,0.0000,0.0000,0,0
1696,1875,Bspt.java,M,5,3,444,0.9737,0.0066,455,michaelthoward,2,0.0000,0.0000,0.0000,0,2
1696,1880,Bspt.java,M,5,2,445,0.9759,0.0044,455,michaelthoward,4,0.2500,1.0000,0.0000,1,3
1696,1881,Bspt.java,M,5,2,445,0.9759,0.0044,455,michaelthoward,4,0.2500,1.0000,0.0000,1,3
1696,2222,Frame.java,M,9,4,198,0.9754,0.0197,202,michaelthoward,0,0.0000,0.0000,0.0000,0,0
1696,2240,Frame.java,M,6,4,197,0.9704,0.0197,202,michaelthoward,3,0.0000,0.0000,0.0000,0,3
1701,2354,Frame.java,M,6,1,0,0.0000,1.0000,0,michaelthoward,0,0.0000,0.0000,0.0000,0,0
1705,2214,Trace.java,M,10,3,211,0.9814,0.0140,214,michaelthoward,3,0.0000,0.0000,0.0000,0,3
1705,2253,Trace.java,M,7,6,191,0.9695,0.0305,196,michaelthoward,3,0.0000,0.0000,0.0000,0,3
1705,2291,Trace.java,M,5,6,114,0.9500,0.0500,119,michaelthoward,2,0.0000,0.0000,0.0000,0,2
1705,2294,Strands.java,M,8,2,115,0.9746,0.0169,117,michaelthoward,4,0.0032,0.0126,0.0000,0,4
1705,2296,Strands.java,M,24,3,114,0.9661,0.0254,117,michaelthoward,4,0.0000,0.0000,0.0000,0,4
1705,2298,Trace.java,M,13,1,107,0.9068,0.0085,117,michaelthoward,5,0.1884,0.9421,0.0000,1,4
1705,2314,Cartoon.java,M,5,1,103,0.9810,0.0095,104,michaelthoward,4,0.0000,0.0000,0.0000,0,4
1705,2317,Cartoon.java,M,18,3,101,0.9619,0.0286,104,michaelthoward,2,0.0000,0.0000,0.0000,0,2
1705,2318,Cartoon.java,M,6,3,101,0.9619,0.0286,104,michaelthoward,2,0.0000,0.0000,0.0000,0,2
1705,2319,Cartoon.java,M,13,2,102,0.9714,0.0190,104,michaelthoward,5,0.1884,0.9421,0.0000,1,4
1705,2344,PdbGroup.java,M,6,1,18,0.9000,0.0500,19,michaelthoward,5,0.0000,0.0000,0.0000,0,5
1706,2355,PdbFile.java,M,5,1,0,0.0000,0.5000,1,michaelthoward,5,0.0000,0.0000,0.0000,0,5
1706,2357,PdbFile.java,M,5,1,0,0.0000,0.5000,1,michaelthoward,0,0.0000,0.0000,0.0000,0,0
1706,2358,PdbFile.java,M,8,1,0,0.0000,0.5000,1,michaelthoward,0,0.0000,0.0000,0.0000,0,0
1707,1513,Eval.java,M,9,18,828,0.9650,0.0210,857,michaelthoward,6,0.1178,0.4836,0.0000,0,4
1707,2344,PdbGroup.java,M,6,2,19,0.8636,0.0909,21,michaelthoward,5,0.0000,0.0000,0.0000,0,5
1707,2348,PdbAtom.java,M,5,1,19,0.8636,0.0455,21,michaelthoward,0,0.0000,0.0000,0.0000,0,0
1707,2358,PdbFile.java,M,8,2,0,0.0000,0.6667,2,michaelthoward,0,0.0000,0.0000,0.0000,0,0
1709,2003,JmolViewer.java,M,5,12,424,0.9464,0.0268,447,michaelthoward,18,0.0165,0.2936,0.0000,0,17
1709,2007,JmolViewer.java,M,8,25,411,0.9174,0.0558,447,michaelthoward,0,0.0000,0.0000,0.0000,0,0
1709,2091,JmolViewer.java,M,5,21,349,0.9432,0.0568,369,michaelthoward,18,0.0510,0.6242,0.0000,1,16
1709,2093,JmolViewer.java,M,5,24,346,0.9351,0.0649,369,michaelthoward,5,0.0436,0.1813,0.0000,0,5
1709,2226,Bond.java,M,6,2,212,0.9815,0.0093,215,michaelthoward,0,0.0000,0.0000,0.0000,0,0
1709,2240,Frame.java,M,6,5,209,0.9676,0.0231,215,michaelthoward,3,0.0000,0.0000,0.0000,0,3
1710,2363,Trace.java,M,13,1,1,0.3333,0.3333,2,michaelthoward,3,0.0000,0.0000,0.0000,0,3
1711,1509,Eval.java,M,11,29,820,0.9491,0.0336,863,michaelthoward,4,0.1723,0.6893,0.0000,1,3
1711,1551,Eval.java,M,7,21,744,0.9563,0.0270,777,michaelthoward,10,0.0000,0.0000,0.0000,0,10
1711,1997,JmolViewer.java,M,6,25,413,0.9178,0.0556,449,michaelthoward,0,0.0000,0.0000,0.0000,0,0
1711,1999,JmolViewer.java,M,5,27,411,0.9133,0.0600,449,michaelthoward,19,0.0000,0.0000,0.0000,0,19
1711,2005,JmolViewer.java,M,6,24,414,0.9200,0.0533,449,michaelthoward,0,0.0000,0.0000,0.0000,0,0
1711,2007,JmolViewer.java,M,8,26,412,0.9156,0.0578,449,michaelthoward,0,0.0000,0.0000,0.0000,0,0
1711,2090,JmolViewer.java,M,5,25,347,0.9328,0.0672,371,michaelthoward,18,0.0392,0.7051,0.0000,1,17
1711,2091,JmolViewer.java,M,5,22,350,0.9409,0.0591,371,michaelthoward,18,0.0517,0.7051,0.0000,1,16
1711,2222,Frame.java,M,9,5,212,0.9725,0.0229,217,michaelthoward,0,0.0000,0.0000,0.0000,0,0
1711,2235,Frame.java,M,8,3,214,0.9817,0.0138,217,michaelthoward,1,0.0235,0.0235,0.0235,0,1
1711,2236,Frame.java,M,13,3,214,0.9817,0.0138,217,michaelthoward,0,0.0000,0.0000,0.0000,0,0
1711,2237,Frame.java,M,5,3,214,0.9817,0.0138,217,michaelthoward,5,0.0045,0.0119,0.0000,0,5
1711,2238,Frame.java,M,11,3,214,0.9817,0.0138,217,michaelthoward,0,0.0000,0.0000,0.0000,0,0
1711,2239,Frame.java,M,6,4,213,0.9771,0.0183,217,michaelthoward,1,0.0000,0.0000,0.0000,0,1
1711,2240,Frame.java,M,6,6,210,0.9633,0.0275,217,michaelthoward,3,0.0000,0.0000,0.0000,0,3
1711,2275,Frame.java,M,5,3,139,0.9789,0.0211,141,michaelthoward,0,0.0000,0.0000,0.0000,0,0
1711,2310,Eval.java,M,11,6,115,0.9504,0.0496,120,michaelthoward,4,0.1745,0.6893,0.0000,1,3
1712,2214,Trace.java,M,10,4,217,0.9775,0.0180,221,michaelthoward,5,0.0000,0.0000,0.0000,0,5
1712,2291,Trace.java,M,5,7,116,0.9134,0.0551,126,michaelthoward,2,0.0000,0.0000,0.0000,0,2
1713,2363,Trace.java,M,13,2,3,0.5000,0.3333,5,michaelthoward,3,0.0000,0.0000,0.0000,0,3
1715,1997,JmolViewer.java,M,6,26,416,0.9163,0.0573,453,michaelthoward,0,0.0000,0.0000,0.0000,0,0
1715,1999,JmolViewer.java,M,5,28,414,0.9119,0.0617,453,michaelthoward,19,0.0000,0.0000,0.0000,0,19
1715,2001,JmolViewer.java,M,13,24,418,0.9207,0.0529,453,michaelthoward,0,0.0000,0.0000,0.0000,0,0
1715,2005,JmolViewer.java,M,6,25,417,0.9185,0.0551,453,michaelthoward,0,0.0000,0.0000,0.0000,0,0
1715,2007,JmolViewer.java,M,8,27,415,0.9141,0.0595,453,michaelthoward,0,0.0000,0.0000,0.0000,0,0
1715,2090,JmolViewer.java,M,5,26,350,0.9309,0.0691,375,michaelthoward,18,0.0424,0.7627,0.0000,1,17
1715,2091,JmolViewer.java,M,5,23,353,0.9388,0.0612,375,michaelthoward,18,0.0522,0.7627,0.0000,1,17
1715,2093,JmolViewer.java,M,5,25,351,0.9335,0.0665,375,michaelthoward,5,0.0304,0.1298,0.0000,0,5
1715,2113,FrameRenderer.java,M,10,6,140,0.3804,0.0163,367,michaelthoward,0,0.0000,0.0000,0.0000,0,0
1715,2371,Frame.java,M,15,1,0,0.0000,1.0000,0,michaelthoward,10,0.0000,0.0000,0.0000,0,10
1716,2329,FrameRenderer.java,M,10,1,103,0.9904,0.0096,103,michaelthoward,2,0.0000,0.0000,0.0000,0,2
1716,2372,FrameRenderer.java,M,24,1,0,0.0000,1.0000,0,michaelthoward,0,0.0000,0.0000,0.0000,0,0
1717,2222,Frame.java,M,9,6,217,0.9688,0.0268,223,michaelthoward,0,0.0000,0.0000,0.0000,0,0
1717,2234,Frame.java,M,8,3,220,0.9821,0.0134,223,michaelthoward,1,0.5407,0.5407,0.5407,1,0
1717,2235,Frame.java,M,8,4,219,0.9777,0.0179,223,michaelthoward,1,0.5407,0.5407,0.5407,1,0
1717,2236,Frame.java,M,13,4,219,0.9777,0.0179,223,michaelthoward,0,0.0000,0.0000,0.0000,0,0
1717,2237,Frame.java,M,5,4,219,0.9777,0.0179,223,michaelthoward,5,0.0028,0.0076,0.0000,0,5
1717,2239,Frame.java,M,6,5,218,0.9732,0.0223,223,michaelthoward,1,0.0000,0.0000,0.0000,0,1
1717,2240,Frame.java,M,6,7,215,0.9598,0.0313,223,michaelthoward,3,0.0000,0.0000,0.0000,0,3
1717,2275,Frame.java,M,5,4,144,0.9730,0.0270,147,michaelthoward,0,0.0000,0.0000,0.0000,0,0
1717,2354,Frame.java,M,6,2,15,0.8824,0.1176,16,michaelthoward,0,0.0000,0.0000,0.0000,0,0
1718,1997,JmolViewer.java,M,6,27,418,0.9147,0.0591,456,michaelthoward,0,0.0000,0.0000,0.0000,0,0
1718,1999,JmolViewer.java,M,5,29,416,0.9103,0.0635,456,michaelthoward,19,0.0000,0.0000,0.0000,0,19
1718,2001,JmolViewer.java,M,13,25,420,0.9190,0.0547,456,michaelthoward,0,0.0000,0.0000,0.0000,0,0
1718,2005,JmolViewer.java,M,6,26,419,0.9168,0.0569,456,michaelthoward,0,0.0000,0.0000,0.0000,0,0
1718,2007,JmolViewer.java,M,8,28,417,0.9125,0.0613,456,michaelthoward,0,0.0000,0.0000,0.0000,0,0
1718,2091,JmolViewer.java,M,5,24,355,0.9367,0.0633,378,michaelthoward,18,0.0429,0.6284,0.0000,1,17
1718,2093,JmolViewer.java,M,5,26,353,0.9314,0.0686,378,michaelthoward,5,0.0588,0.1846,0.0000,0,5
1718,2222,Frame.java,M,9,7,217,0.9644,0.0311,224,michaelthoward,0,0.0000,0.0000,0.0000,0,0
1718,2234,Frame.java,M,8,4,220,0.9778,0.0178,224,michaelthoward,2,0.3514,0.7029,0.0000,1,1
1718,2235,Frame.java,M,8,5,219,0.9733,0.0222,224,michaelthoward,2,0.3514,0.7029,0.0000,1,1
1718,2236,Frame.java,M,13,5,219,0.9733,0.0222,224,michaelthoward,0,0.0000,0.0000,0.0000,0,0
1718,2237,Frame.java,M,5,5,219,0.9733,0.0222,224,michaelthoward,5,0.0380,0.1846,0.0000,0,5
1718,2238,Frame.java,M,11,4,220,0.9778,0.0178,224,michaelthoward,0,0.0000,0.0000,0.0000,0,0
1718,2239,Frame.java,M,6,6,218,0.9689,0.0267,224,michaelthoward,1,0.0000,0.0000,0.0000,0,1
1718,2240,Frame.java,M,6,8,215,0.9556,0.0356,224,michaelthoward,3,0.0000,0.0000,0.0000,0,3
1718,2305,Eval.java,M,20,6,125,0.9542,0.0458,130,michaelthoward,11,0.0223,0.2458,0.0000,0,10
1718,2318,Cartoon.java,M,6,4,113,0.9576,0.0339,117,michaelthoward,2,0.0000,0.0000,0.0000,0,2
1718,2354,Frame.java,M,6,3,15,0.8333,0.1667,17,michaelthoward,0,0.0000,0.0000,0.0000,0,0
1718,2373,Cartoon.java,M,9,1,0,0.0000,1.0000,0,michaelthoward,3,0.0000,0.0000,0.0000,0,3
1718,2374,Cartoon.java,M,13,1,0,0.0000,1.0000,0,michaelthoward,3,0.0000,0.0000,0.0000,0,3
1719,1997,JmolViewer.java,M,6,28,418,0.9127,0.0611,457,michaelthoward,0,0.0000,0.0000,0.0000,0,0
1719,1999,JmolViewer.java,M,5,30,416,0.9083,0.0655,457,michaelthoward,18,0.0000,0.0000,0.0000,0,18
1719,2005,JmolViewer.java,M,6,27,419,0.9148,0.0590,457,michaelthoward,0,0.0000,0.0000,0.0000,0,0
1719,2007,JmolViewer.java,M,8,29,417,0.9105,0.0633,457,michaelthoward,0,0.0000,0.0000,0.0000,0,0
1719,2091,JmolViewer.java,M,5,25,355,0.9342,0.0658,379,michaelthoward,18,0.0363,0.5319,0.0000,1,17
1719,2093,JmolViewer.java,M,5,27,353,0.9289,0.0711,379,michaelthoward,5,0.0487,0.1558,0.0000,0,5
1719,2296,Strands.java,M,24,4,126,0.9545,0.0303,131,michaelthoward,3,0.0000,0.0000,0.0000,0,3
1719,2297,Strands.java,M,6,1,2,0.0152,0.0076,131,michaelthoward,3,0.0000,0.0000,0.0000,0,3
1720,2222,Frame.java,M,9,8,218,0.9604,0.0352,226,michaelthoward,0,0.0000,0.0000,0.0000,0,0
1720,2232,Frame.java,M,34,1,225,0.9912,0.0044,226,michaelthoward,0,0.0000,0.0000,0.0000,0,0
1720,2233,Frame.java,M,17,1,225,0.9912,0.0044,226,michaelthoward,0,0.0000,0.0000,0.0000,0,0
1720,2234,Frame.java,M,8,5,221,0.9736,0.0220,226,michaelthoward,2,0.3920,0.7839,0.0000,1,1
1720,2235,Frame.java,M,8,6,220,0.9692,0.0264,226,michaelthoward,2,0.3920,0.7839,0.0000,1,1
1720,2236,Frame.java,M,13,6,220,0.9692,0.0264,226,michaelthoward,0,0.0000,0.0000,0.0000,0,0
1720,2237,Frame.java,M,5,6,220,0.9692,0.0264,226,michaelthoward,5,0.0277,0.1342,0.0000,0,5
1720,2238,Frame.java,M,11,5,221,0.9736,0.0220,226,michaelthoward,0,0.0000,0.0000,0.0000,0,0
1720,2239,Frame.java,M,6,7,219,0.9648,0.0308,226,michaelthoward,1,0.0000,0.0000,0.0000,0,1
1720,2240,Frame.java,M,6,9,216,0.9515,0.0396,226,michaelthoward,3,0.0000,0.0000,0.0000,0,3
1720,2327,FrameRenderer.java,M,10,1,107,0.9817,0.0092,108,michaelthoward,2,0.2650,0.5300,0.0000,1,1
1720,2329,FrameRenderer.java,M,10,2,106,0.9815,0.0185,107,michaelthoward,2,0.2650,0.5300,0.0000,1,1
1720,2354,Frame.java,M,6,4,16,0.8000,0.2000,19,michaelthoward,0,0.0000,0.0000,0.0000,0,0
1720,2372,FrameRenderer.java,M,24,2,3,0.6000,0.4000,4,michaelthoward,0,0.0000,0.0000,0.0000,0,0
1721,2344,PdbGroup.java,M,6,3,32,0.8889,0.0833,35,michaelthoward,5,0.0000,0.0000,0.0000,0,5
1722,2297,Strands.java,M,6,2,4,0.0296,0.0148,134,michaelthoward,3,0.0863,0.2588,0.0000,0,2
1722,2318,Cartoon.java,M,6,5,116,0.9508,0.0410,121,michaelthoward,3,0.0863,0.2588,0.0000,0,2
1722,2332,CartoonRenderer.java,M,16,3,86,0.9663,0.0337,88,michaelthoward,4,0.0000,0.0000,0.0000,0,4
1722,2376,Mcg.java,M,6,1,0,0.0000,1.0000,0,michaelthoward,1,0.0000,0.0000,0.0000,0,1
1724,2297,Strands.java,M,6,3,5,0.0365,0.0219,136,michaelthoward,3,0.1395,0.4186,0.0000,0,2
1724,2315,PdbStructure.java,M,6,2,119,0.9597,0.0161,123,michaelthoward,4,0.0000,0.0000,0.0000,0,4
1724,2318,Cartoon.java,M,6,6,117,0.9435,0.0484,123,michaelthoward,3,0.1395,0.4186,0.0000,0,2
1724,2324,CartoonRenderer.java,M,13,2,115,0.9583,0.0167,119,michaelthoward,11,0.0000,0.0000,0.0000,0,11
1724,2325,CartoonRenderer.java,M,9,1,115,0.9583,0.0083,119,michaelthoward,2,0.0000,0.0000,0.0000,0,2
1724,2332,CartoonRenderer.java,M,16,4,87,0.9560,0.0440,90,michaelthoward,4,0.0000,0.0000,0.0000,0,4
1724,2374,Cartoon.java,M,13,2,5,0.7143,0.2857,6,michaelthoward,3,0.0000,0.0000,0.0000,0,3
1725,2315,PdbStructure.java,M,6,3,119,0.9520,0.0240,124,michaelthoward,4,0.0000,0.0000,0.0000,0,4
1725,2334,Helix.java,M,21,2,88,0.9565,0.0217,91,michaelthoward,1,0.9388,0.9388,0.9388,1,0
1725,2335,Sheet.java,M,21,1,89,0.9674,0.0109,91,michaelthoward,1,0.9388,0.9388,0.9388,1,0
1725,2377,PdbChain.java,M,8,1,2,0.6667,0.3333,2,michaelthoward,13,0.0000,0.0000,0.0000,0,13
1726,2255,Compiler.java,M,5,3,211,0.9860,0.0140,213,michaelthoward,7,0.1426,0.9984,0.0000,1,6
1726,2256,Compiler.java,M,5,2,211,0.9860,0.0093,213,michaelthoward,7,0.1426,0.9984,0.0000,1,6
1728,2333,TraceRenderer.java,M,16,2,93,0.9789,0.0211,94,michaelthoward,3,0.0000,0.0000,0.0000,0,3
1731,1432,Eval.java,M,18,20,902,0.9637,0.0214,935,michaelthoward,3,0.0326,0.0979,0.0000,0,3
1731,2335,Sheet.java,M,21,2,94,0.9592,0.0204,97,michaelthoward,1,0.4420,0.4420,0.4420,0,0
1734,1430,JmolApplet.java,M,8,10,929,0.9841,0.0106,943,michaelthoward,2,0.0000,0.0000,0.0000,0,2
1734,1997,JmolViewer.java,M,6,29,431,0.9112,0.0613,472,michaelthoward,0,0.0000,0.0000,0.0000,0,0
1734,2090,JmolViewer.java,M,5,27,367,0.9291,0.0684,394,michaelthoward,18,0.0346,0.6228,0.0000,1,17
1734,2091,JmolViewer.java,M,5,26,368,0.9316,0.0658,394,michaelthoward,18,0.0399,0.6228,0.0000,1,17
1735,2335,Sheet.java,M,21,3,97,0.9510,0.0294,101,michaelthoward,1,0.2768,0.2768,0.2768,0,0
1738,2345,PdbChain.java,M,5,1,51,0.9623,0.0189,52,michaelthoward,13,0.0000,0.0000,0.0000,0,13
1740,1513,Eval.java,M,9,19,859,0.9641,0.0213,890,michaelthoward,6,0.1456,0.7789,0.0000,1,5
1740,2344,PdbGroup.java,M,6,4,50,0.9091,0.0727,54,michaelthoward,5,0.0000,0.0000,0.0000,0,5
1742,1413,Compiler.java,M,5,10,938,0.9751,0.0104,961,michaelthoward,2,0.6121,0.6121,0.6121,2,0
1742,1419,Compiler.java,M,8,6,942,0.9792,0.0062,961,michaelthoward,0,0.0000,0.0000,0.0000,0,0
1742,1420,Compiler.java,M,11,3,945,0.9823,0.0031,961,michaelthoward,0,0.0000,0.0000,0.0000,0,0
1742,1421,Compiler.java,M,9,8,940,0.9771,0.0083,961,michaelthoward,2,0.0000,0.0000,0.0000,0,2
1742,1423,Compiler.java,M,5,9,939,0.9761,0.0094,961,michaelthoward,2,0.8060,1.0000,0.6121,2,0
1742,1525,Compiler.java,M,5,4,860,0.9806,0.0046,876,michaelthoward,2,0.8060,1.0000,0.6121,2,0
1742,2194,Compiler.java,M,5,4,311,0.9873,0.0127,314,michaelthoward,9,0.1818,0.8108,0.0000,2,7
1742,2195,Compiler.java,M,5,3,312,0.9905,0.0095,314,michaelthoward,9,0.2025,0.9999,0.0000,2,7
1742,2197,Compiler.java,M,5,3,311,0.9904,0.0096,313,michaelthoward,9,0.2025,0.9999,0.0000,2,7
1742,2389,Compiler.java,M,5,1,0,0.0000,1.0000,0,michaelthoward,1,0.0000,0.0000,0.0000,0,1
1742,2390,Compiler.java,M,10,1,0,0.0000,1.0000,0,michaelthoward,0,0.0000,0.0000,0.0000,0,0
1743,1520,Eval.java,M,9,17,857,0.9662,0.0192,886,michaelthoward,6,0.1551,0.8640,0.0000,1,5
1743,2194,Compiler.java,M,5,5,311,0.9842,0.0158,315,michaelthoward,10,0.2800,1.0000,0.0000,3,7
1743,2195,Compiler.java,M,5,4,312,0.9873,0.0127,315,michaelthoward,10,0.2903,1.0000,0.0000,3,7
1743,2197,Compiler.java,M,5,4,311,0.9873,0.0127,314,michaelthoward,10,0.2903,1.0000,0.0000,3,7
1743,2255,Compiler.java,M,5,4,227,0.9827,0.0173,230,michaelthoward,7,0.1428,0.9994,0.0000,1,6
1743,2256,Compiler.java,M,5,3,226,0.9784,0.0130,230,michaelthoward,7,0.1428,0.9994,0.0000,1,6
1743,2344,PdbGroup.java,M,6,5,52,0.8966,0.0862,57,michaelthoward,5,0.0000,0.0000,0.0000,0,5
1743,2390,Compiler.java,M,10,2,0,0.0000,1.0000,1,michaelthoward,0,0.0000,0.0000,0.0000,0,0
1743,2391,Compiler.java,M,5,1,0,0.0000,1.0000,0,michaelthoward,10,0.3000,1.0000,0.0000,3,7
1744,1838,BondRenderer.java,M,5,6,498,0.9632,0.0116,516,michaelthoward,3,0.0000,0.0000,0.0000,0,3
1744,1936,Line3D.java,M,5,3,468,0.9669,0.0062,483,michaelthoward,6,0.1651,0.9763,0.0000,1,5
1744,1967,Line3D.java,M,7,3,468,0.9669,0.0062,483,michaelthoward,1,0.0068,0.0068,0.0068,0,1
1744,1972,Line3D.java,M,5,3,471,0.9731,0.0062,483,michaelthoward,4,0.0000,0.0000,0.0000,0,4
1744,1974,Line3D.java,M,74,3,470,0.9711,0.0062,483,michaelthoward,9,0.0033,0.0141,0.0000,0,9
1744,1980,Line3D.java,M,16,4,470,0.9711,0.0083,483,michaelthoward,2,0.5000,1.0000,0.0000,1,1
1744,1981,Line3D.java,M,16,4,470,0.9711,0.0083,483,michaelthoward,2,0.5000,1.0000,0.0000,1,1
1744,1982,Line3D.java,M,14,4,469,0.9690,0.0083,483,michaelthoward,1,1.0000,1.0000,1.0000,1,0
1744,1983,Line3D.java,M,23,5,468,0.9669,0.0103,483,michaelthoward,1,0.0000,0.0000,0.0000,0,1
1744,2051,Line3D.java,M,14,3,451,0.9720,0.0065,463,michaelthoward,1,1.0000,1.0000,1.0000,1,0
1744,2184,Line3D.java,M,5,3,322,0.9877,0.0092,325,michaelthoward,7,0.1429,1.0000,0.0000,1,6
1744,2280,Line3D.java,M,5,2,167,0.9882,0.0118,168,michaelthoward,6,0.1627,0.9763,0.0000,1,5
1744,2281,Line3D.java,M,67,2,167,0.9882,0.0118,168,michaelthoward,1,0.0000,0.0000,0.0000,0,1
1744,2283,Line3D.java,M,24,2,166,0.9822,0.0118,168,michaelthoward,5,0.0016,0.0079,0.0000,0,5
1744,2286,Line3D.java,M,23,2,160,0.9877,0.0123,161,michaelthoward,3,0.0000,0.0000,0.0000,0,3
1744,2306,Line3D.java,M,7,2,153,0.9871,0.0129,154,michaelthoward,1,1.0000,1.0000,1.0000,1,0
1744,2307,Line3D.java,M,7,2,153,0.9871,0.0129,154,michaelthoward,1,1.0000,1.0000,1.0000,1,0
1744,2308,Line3D.java,M,23,2,153,0.9871,0.0129,154,michaelthoward,2,0.0000,0.0000,0.0000,0,2
1744,2393,BondRenderer.java,M,13,1,0,0.0000,1.0000,0,michaelthoward,6,0.0000,0.0000,0.0000,0,6
1746,1943,Graphics3D.java,M,5,25,451,0.9280,0.0514,485,michaelthoward,6,0.0028,0.0130,0.0000,0,6
1746,1944,Graphics3D.java,M,7,23,453,0.9321,0.0473,485,michaelthoward,5,0.7936,1.0000,0.0000,4,1
1746,1958,Graphics3D.java,M,7,20,456,0.9383,0.0412,485,michaelthoward,5,0.7876,0.9929,0.0000,4,1
1746,1959,Graphics3D.java,M,7,22,454,0.9342,0.0453,485,michaelthoward,5,0.7936,1.0000,0.0000,4,1
1746,1961,Graphics3D.java,M,7,22,454,0.9342,0.0453,485,michaelthoward,5,0.7904,0.9945,0.0000,4,1
1746,1962,Graphics3D.java,M,7,23,453,0.9321,0.0473,485,michaelthoward,5,0.7916,0.9929,0.0000,4,1
1746,1963,Graphics3D.java,M,13,15,461,0.9486,0.0309,485,michaelthoward,1,0.9871,0.9871,0.9871,1,0
1746,1966,Graphics3D.java,M,13,16,460,0.9465,0.0329,485,michaelthoward,1,0.9871,0.9871,0.9871,1,0
1746,1972,Line3D.java,M,5,4,472,0.9712,0.0082,485,michaelthoward,4,0.0000,0.0000,0.0000,0,4
1746,2124,Graphics3D.java,M,14,8,382,0.9720,0.0204,392,michaelthoward,1,0.0142,0.0142,0.0142,0,1
1746,2394,Line3D.java,M,10,1,0,0.0000,1.0000,0,michaelthoward,0,0.0000,0.0000,0.0000,0,0
1747,1935,Line3D.java,M,5,3,470,0.9651,0.0062,486,michaelthoward,7,0.1429,1.0000,0.0000,1,6
1747,1936,Line3D.java,M,5,4,470,0.9651,0.0082,486,michaelthoward,6,0.1658,0.9885,0.0000,1,5
1747,1961,Graphics3D.java,M,7,23,454,0.9322,0.0472,486,michaelthoward,5,0.4164,0.5227,0.0000,4,1
1747,1972,Line3D.java,M,5,5,472,0.9692,0.0103,486,michaelthoward,4,0.0000,0.0000,0.0000,0,4
1747,1973,Line3D.java,M,74,2,475,0.9754,0.0041,486,michaelthoward,9,0.2787,1.0000,0.0000,3,6
1747,1974,Line3D.java,M,74,4,472,0.9692,0.0082,486,michaelthoward,9,0.1743,0.5233,0.0000,3,6
1747,1975,Line3D.java,M,74,3,473,0.9713,0.0062,486,michaelthoward,9,0.2787,1.0000,0.0000,3,6
1747,2050,Line3D.java,M,74,5,453,0.9700,0.0107,466,michaelthoward,9,0.2771,0.9854,0.0000,3,6
1747,2184,Line3D.java,M,5,4,324,0.9848,0.0122,328,michaelthoward,7,0.1429,1.0000,0.0000,1,6
1747,2280,Line3D.java,M,5,3,169,0.9826,0.0174,171,michaelthoward,6,0.1648,0.9885,0.0000,1,5
1747,2283,Line3D.java,M,24,3,168,0.9767,0.0174,171,michaelthoward,5,0.1049,0.5243,0.0000,1,4
1747,2285,Line3D.java,M,22,2,163,0.9879,0.0121,164,michaelthoward,5,0.2000,1.0000,0.0000,1,4
1747,2286,Line3D.java,M,23,3,162,0.9818,0.0182,164,michaelthoward,4,0.2500,1.0000,0.0000,1,3
1747,2287,Line3D.java,M,24,2,163,0.9879,0.0121,164,michaelthoward,5,0.1049,0.5243,0.0000,1,4
1747,2308,Line3D.java,M,23,3,155,0.9810,0.0190,157,michaelthoward,2,0.0000,0.0000,0.0000,0,2
1747,2392,BondRenderer.java,M,13,1,3,0.7500,0.2500,3,michaelthoward,6,0.0871,0.5225,0.0000,1,5
1747,2393,BondRenderer.java,M,13,2,2,0.5000,0.5000,3,michaelthoward,6,0.0871,0.5225,0.0000,1,5
1747,2395,Line3D.java,M,22,1,0,0.0000,1.0000,0,michaelthoward,5,0.2000,1.0000,0.0000,1,4
1747,2396,Line3D.java,M,22,1,0,0.0000,1.0000,0,michaelthoward,8,0.0000,0.0000,0.0000,0,8
1747,2397,Line3D.java,M,23,1,0,0.0000,1.0000,0,michaelthoward,4,0.2500,1.0000,0.0000,1,3
1748,2392,BondRenderer.java,M,13,2,3,0.6000,0.4000,4,michaelthoward,6,0.1149,0.6896,0.0000,1,5
1748,2393,BondRenderer.java,M,13,3,2,0.4000,0.6000,4,michaelthoward,6,0.1149,0.6896,0.0000,1,5
1749,2392,BondRenderer.java,M,13,3,3,0.5000,0.5000,5,michaelthoward,6,0.1286,0.7719,0.0000,1,5
1749,2393,BondRenderer.java,M,13,4,2,0.3333,0.6667,5,michaelthoward,6,0.1286,0.7719,0.0000,1,5
1753,2240,Frame.java,M,6,10,248,0.9538,0.0385,259,michaelthoward,3,0.0000,0.0000,0.0000,0,3
1753,2380,PdbPolymer.java,M,11,1,29,0.9355,0.0323,30,michaelthoward,12,0.0000,0.0000,0.0000,0,12
1755,1838,BondRenderer.java,M,5,7,508,0.9621,0.0133,527,michaelthoward,3,0.0000,0.0000,0.0000,0,3
1757,2400,BondRenderer.java,M,20,1,0,0.0000,1.0000,0,michaelthoward,6,0.0000,0.0000,0.0000,0,6
1758,1432,Eval.java,M,18,21,928,0.9637,0.0218,962,michaelthoward,3,0.2339,0.7018,0.0000,1,2
1758,1433,Eval.java,M,18,17,928,0.9637,0.0177,962,michaelthoward,3,0.2339,0.7018,0.0000,1,2
1758,1493,Eval.java,M,6,28,874,0.9531,0.0305,916,michaelthoward,3,0.0000,0.0000,0.0000,0,3
1758,1507,Eval.java,M,11,20,877,0.9627,0.0220,910,michaelthoward,8,0.0000,0.0000,0.0000,0,8
1758,1509,Eval.java,M,11,30,865,0.9495,0.0329,910,michaelthoward,3,0.2935,0.8806,0.0000,1,2
1758,1551,Eval.java,M,7,22,789,0.9564,0.0267,824,michaelthoward,10,0.0000,0.0000,0.0000,0,10
1758,2120,Eval.java,M,5,15,394,0.9610,0.0366,409,michaelthoward,2,0.0000,0.0000,0.0000,0,2
1758,2260,Eval.java,M,24,5,237,0.9753,0.0206,242,michaelthoward,0,0.0000,0.0000,0.0000,0,0
1758,2305,Eval.java,M,20,7,163,0.9532,0.0409,170,michaelthoward,11,0.1245,0.7287,0.0000,2,9
1758,2309,Eval.java,M,9,6,161,0.9583,0.0357,167,michaelthoward,0,0.0000,0.0000,0.0000,0,0
1758,2310,Eval.java,M,11,7,160,0.9524,0.0417,167,michaelthoward,3,0.2935,0.8806,0.0000,1,2
1758,2342,Eval.java,M,20,1,73,0.9733,0.0133,74,michaelthoward,11,0.1381,0.8787,0.0000,2,9
1758,2343,Eval.java,M,20,2,72,0.9600,0.0267,74,michaelthoward,11,0.1461,0.8787,0.0000,2,9
1758,2373,Cartoon.java,M,9,2,3,0.0732,0.0488,40,michaelthoward,3,0.0000,0.0000,0.0000,0,3
1758,2402,Mcpg.java,M,9,1,0,0.0000,1.0000,0,michaelthoward,1,0.0000,0.0000,0.0000,0,1
1760,1997,JmolViewer.java,M,6,30,456,0.9138,0.0601,498,michaelthoward,0,0.0000,0.0000,0.0000,0,0
1760,1999,JmolViewer.java,M,5,31,455,0.9118,0.0621,498,michaelthoward,19,0.0000,0.0000,0.0000,0,19
1760,2001,JmolViewer.java,M,13,26,460,0.9218,0.0521,498,michaelthoward,0,0.0000,0.0000,0.0000,0,0
1760,2005,JmolViewer.java,M,6,28,458,0.9178,0.0561,498,michaelthoward,0,0.0000,0.0000,0.0000,0,0
1760,2007,JmolViewer.java,M,8,30,456,0.9138,0.0601,498,michaelthoward,0,0.0000,0.0000,0.0000,0,0
1760,2090,JmolViewer.java,M,5,28,392,0.9311,0.0665,420,michaelthoward,18,0.0243,0.4375,0.0000,0,17
1760,2093,JmolViewer.java,M,5,28,392,0.9311,0.0665,420,michaelthoward,5,0.0289,0.0919,0.0000,0,5
1761,2225,Atom.java,M,5,2,263,0.9813,0.0075,267,michaelthoward,6,0.0000,0.0000,0.0000,0,6
1762,1838,BondRenderer.java,M,5,8,514,0.9607,0.0150,534,michaelthoward,3,0.0000,0.0000,0.0000,0,3
1762,2400,BondRenderer.java,M,20,2,4,0.6667,0.3333,5,michaelthoward,6,0.0000,0.0000,0.0000,0,6
1764,1444,TransformManager.java,M,5,3,945,0.9823,0.0031,961,michaelthoward,1,1.0000,1.0000,1.0000,1,0
1764,1994,JmolViewer.java,M,8,22,468,0.9304,0.0437,502,michaelthoward,8,0.0000,0.0000,0.0000,0,8
1764,1995,JmolViewer.java,M,6,17,473,0.9404,0.0338,502,michaelthoward,8,0.1208,0.9665,0.0000,1,7
1764,1999,JmolViewer.java,M,5,32,458,0.9105,0.0636,502,michaelthoward,19,0.0000,0.0000,0.0000,0,19
1764,2001,JmolViewer.java,M,13,27,463,0.9205,0.0537,502,michaelthoward,0,0.0000,0.0000,0.0000,0,0
1764,2002,JmolViewer.java,M,8,11,479,0.9523,0.0219,502,michaelthoward,0,0.0000,0.0000,0.0000,0,0
1764,2003,JmolViewer.java,M,5,13,477,0.9483,0.0258,502,michaelthoward,18,0.0036,0.0641,0.0000,0,18
1764,2005,JmolViewer.java,M,6,29,461,0.9165,0.0577,502,michaelthoward,0,0.0000,0.0000,0.0000,0,0
1764,2007,JmolViewer.java,M,8,31,459,0.9125,0.0616,502,michaelthoward,0,0.0000,0.0000,0.0000,0,0
1764,2008,JmolViewer.java,M,6,12,478,0.9503,0.0239,502,michaelthoward,8,0.1208,0.9665,0.0000,1,7
1764,2013,JmolViewer.java,M,7,8,482,0.9583,0.0159,502,michaelthoward,0,0.0000,0.0000,0.0000,0,0
1764,2014,JmolViewer.java,M,13,11,435,0.8648,0.0219,502,michaelthoward,5,0.0001,0.0003,0.0000,0,5
1764,2024,JmolViewer.java,M,7,19,471,0.9364,0.0378,502,michaelthoward,3,0.0000,0.0000,0.0000,0,3
1764,2054,JmolViewer.java,M,8,18,453,0.9379,0.0373,482,michaelthoward,0,0.0000,0.0000,0.0000,0,0
1764,2092,JmolViewer.java,M,5,19,405,0.9529,0.0447,424,michaelthoward,5,0.2354,0.8301,0.0000,1,3
1764,2093,JmolViewer.java,M,5,29,395,0.9294,0.0682,424,michaelthoward,5,0.1477,0.3445,0.0000,0,3
1764,2096,JmolViewer.java,M,8,14,410,0.9647,0.0329,424,michaelthoward,0,0.0000,0.0000,0.0000,0,0
1764,2146,JmolViewer.java,M,5,8,387,0.9773,0.0202,395,michaelthoward,5,0.2313,0.8301,0.0000,1,3
1764,2190,TransformManager.java,M,5,1,338,0.9971,0.0029,338,michaelthoward,1,1.0000,1.0000,1.0000,1,0
1765,1994,JmolViewer.java,M,8,23,468,0.9286,0.0456,503,michaelthoward,8,0.0000,0.0000,0.0000,0,8
1765,1995,JmolViewer.java,M,6,18,473,0.9385,0.0357,503,michaelthoward,8,0.0637,0.5094,0.0000,1,7
1765,1999,JmolViewer.java,M,5,33,458,0.9087,0.0655,503,michaelthoward,19,0.0000,0.0000,0.0000,0,19
1765,2001,JmolViewer.java,M,13,28,463,0.9187,0.0556,503,michaelthoward,0,0.0000,0.0000,0.0000,0,0
1765,2013,JmolViewer.java,M,7,9,482,0.9563,0.0179,503,michaelthoward,0,0.0000,0.0000,0.0000,0,0
1765,2014,JmolViewer.java,M,13,12,435,0.8631,0.0238,503,michaelthoward,5,0.0000,0.0002,0.0000,0,5
1765,2090,JmolViewer.java,M,5,29,396,0.9296,0.0681,425,michaelthoward,18,0.0323,0.5820,0.0000,1,17
1765,2091,JmolViewer.java,M,5,27,398,0.9343,0.0634,425,michaelthoward,18,0.0350,0.5820,0.0000,1,17
1765,2092,JmolViewer.java,M,5,20,405,0.9507,0.0469,425,michaelthoward,5,0.1910,0.5039,0.0000,1,3
1765,2093,JmolViewer.java,M,5,30,395,0.9272,0.0704,425,michaelthoward,5,0.1604,0.5039,0.0000,1,3
1765,2096,JmolViewer.java,M,8,15,410,0.9624,0.0352,425,michaelthoward,0,0.0000,0.0000,0.0000,0,0
1765,2179,ColorManager.java,M,19,2,358,0.9890,0.0055,361,michaelthoward,3,0.0001,0.0004,0.0000,0,3
1766,2116,FrameRenderer.java,M,15,2,73,0.1742,0.0048,418,michaelthoward,13,0.0632,0.8220,0.0000,1,12
1766,2371,Frame.java,M,15,2,50,0.9615,0.0385,51,michaelthoward,13,0.0632,0.8220,0.0000,1,12
1776,1429,JmolApplet.java,M,7,14,968,0.9817,0.0142,985,michaelthoward,7,0.0000,0.0000,0.0000,0,7
1776,1430,JmolApplet.java,M,8,11,970,0.9838,0.0112,985,michaelthoward,2,0.0000,0.0000,0.0000,0,2
1776,1934,Graphics3D.java,M,8,5,501,0.9709,0.0097,515,michaelthoward,3,0.3333,1.0000,0.0000,1,2
1776,1937,Graphics3D.java,M,8,4,502,0.9729,0.0078,515,michaelthoward,3,0.3333,1.0000,0.0000,1,2
1776,1941,Graphics3D.java,M,19,11,495,0.9593,0.0213,515,michaelthoward,1,0.0013,0.0013,0.0013,0,1
1776,1943,Graphics3D.java,M,5,26,480,0.9302,0.0504,515,michaelthoward,6,0.0009,0.0041,0.0000,0,6
1776,1944,Graphics3D.java,M,7,24,482,0.9341,0.0465,515,michaelthoward,5,0.6174,1.0000,0.0000,3,1
1776,1946,Graphics3D.java,M,6,5,501,0.9709,0.0097,515,michaelthoward,4,0.0000,0.0000,0.0000,0,4
1776,1947,Graphics3D.java,M,6,6,500,0.9690,0.0116,515,michaelthoward,0,0.0000,0.0000,0.0000,0,0
1776,1950,Graphics3D.java,M,14,3,503,0.9748,0.0058,515,michaelthoward,1,0.0000,0.0000,0.0000,0,1
1776,1958,Graphics3D.java,M,7,21,485,0.9399,0.0407,515,michaelthoward,5,0.6158,0.9947,0.0000,3,1
1776,1959,Graphics3D.java,M,7,23,483,0.9360,0.0446,515,michaelthoward,5,0.6174,1.0000,0.0000,3,1
1776,1961,Graphics3D.java,M,7,24,482,0.9341,0.0465,515,michaelthoward,5,0.5139,0.7762,0.0000,3,1
1776,1966,Graphics3D.java,M,13,17,489,0.9477,0.0329,515,michaelthoward,1,0.3130,0.3130,0.3130,0,0
1776,2123,Graphics3D.java,M,14,11,412,0.9740,0.0260,422,michaelthoward,1,0.0044,0.0044,0.0044,0,1
1777,1838,BondRenderer.java,M,5,9,528,0.9600,0.0164,549,michaelthoward,3,0.0000,0.0000,0.0000,0,3
1778,2222,Frame.java,M,9,9,275,0.9649,0.0316,284,michaelthoward,0,0.0000,0.0000,0.0000,0,0
1780,2120,Eval.java,M,5,16,415,0.9606,0.0370,431,michaelthoward,2,0.0000,0.0000,0.0000,0,2
1780,2223,Atom.java,M,7,4,281,0.9791,0.0139,286,michaelthoward,3,0.3118,0.9355,0.0000,1,2
1780,2224,Atom.java,M,7,3,282,0.9826,0.0105,286,michaelthoward,3,0.3118,0.9355,0.0000,1,2
1781,2131,SimpleModelAdapter.java,M,5,7,411,0.9786,0.0167,419,michaelthoward,4,0.4096,0.9700,0.0000,2,2
1781,2339,SimpleModelAdapter.java,M,5,4,106,0.9550,0.0360,110,michaelthoward,4,0.4132,0.9700,0.0000,2,2
1788,2048,ModelManager.java,M,12,8,495,0.9612,0.0155,514,michaelthoward,0,0.0000,0.0000,0.0000,0,0
1788,2049,ModelManager.java,M,5,7,496,0.9631,0.0136,514,michaelthoward,0,0.0000,0.0000,0.0000,0,0
1789,2048,ModelManager.java,M,12,9,495,0.9593,0.0174,515,michaelthoward,0,0.0000,0.0000,0.0000,0,0
1789,2049,ModelManager.java,M,5,8,496,0.9612,0.0155,515,michaelthoward,0,0.0000,0.0000,0.0000,0,0
1789,2143,Dots.java,M,8,6,417,0.9835,0.0142,423,michaelthoward,3,0.3333,1.0000,0.0000,1,2
1789,2163,Dots.java,M,8,2,399,0.9925,0.0050,401,michaelthoward,3,0.3333,1.0000,0.0000,1,2
1789,2223,Atom.java,M,7,5,289,0.9764,0.0169,295,michaelthoward,3,0.3236,0.9709,0.0000,1,2
1789,2224,Atom.java,M,7,4,290,0.9797,0.0135,295,michaelthoward,3,0.3236,0.9709,0.0000,1,2
1789,2225,Atom.java,M,5,3,290,0.9797,0.0101,295,michaelthoward,6,0.0000,0.0000,0.0000,0,6
1791,2126,SimpleModelAdapter.java,M,6,5,424,0.9860,0.0116,429,michaelthoward,2,0.0000,0.0000,0.0000,0,2
1791,2127,SimpleModelAdapter.java,M,5,6,423,0.9837,0.0140,429,michaelthoward,2,0.0000,0.0000,0.0000,0,2
1791,2131,SimpleModelAdapter.java,M,5,8,420,0.9767,0.0186,429,michaelthoward,4,0.4492,0.9857,0.0000,2,2
1791,2145,SimpleModelAdapter.java,M,5,6,416,0.9835,0.0142,422,michaelthoward,6,0.0084,0.0504,0.0000,0,6
1791,2339,SimpleModelAdapter.java,M,5,5,115,0.9504,0.0413,120,michaelthoward,4,0.4516,0.9857,0.0000,2,2
1792,2048,ModelManager.java,M,12,10,497,0.9576,0.0193,518,michaelthoward,0,0.0000,0.0000,0.0000,0,0
1792,2049,ModelManager.java,M,5,9,498,0.9595,0.0173,518,michaelthoward,0,0.0000,0.0000,0.0000,0,0
1793,793,DisplayPanel.java,M,5,31,1430,0.9208,0.0200,1552,michaelthoward,5,0.0000,0.0000,0.0000,0,5
1793,1141,PreferencesDialog.java,M,11,16,1192,0.9811,0.0132,1214,michaelthoward,5,0.0000,0.0000,0.0000,0,5
1793,1144,PreferencesDialog.java,M,5,20,1188,0.9778,0.0165,1214,michaelthoward,2,0.7198,0.9998,0.4398,1,0
1793,1148,PreferencesDialog.java,M,5,4,1204,0.9909,0.0033,1214,michaelthoward,2,0.7198,0.9998,0.4398,1,0
1793,1155,PreferencesDialog.java,M,6,16,1192,0.9811,0.0132,1214,michaelthoward,1,1.0000,1.0000,1.0000,1,0
1793,1156,PreferencesDialog.java,M,7,12,1196,0.9844,0.0099,1214,michaelthoward,4,0.9794,1.0000,0.9724,4,0
1793,1159,PreferencesDialog.java,M,6,17,1191,0.9802,0.0140,1214,michaelthoward,2,0.0000,0.0000,0.0000,0,2
1793,1160,PreferencesDialog.java,M,6,16,1192,0.9811,0.0132,1214,michaelthoward,1,1.0000,1.0000,1.0000,1,0
1793,1162,PreferencesDialog.java,M,7,19,1189,0.9786,0.0156,1214,michaelthoward,2,0.5000,1.0000,0.0000,1,1
1793,1164,PreferencesDialog.java,M,6,15,1193,0.9819,0.0123,1214,michaelthoward,4,0.0069,0.0276,0.0000,0,4
1793,1168,PreferencesDialog.java,M,7,13,1195,0.9835,0.0107,1214,michaelthoward,4,0.9862,0.9998,0.9726,4,0
1793,1169,PreferencesDialog.java,M,7,18,1190,0.9794,0.0148,1214,michaelthoward,4,0.9794,1.0000,0.9724,4,0
1793,1170,PreferencesDialog.java,M,7,16,1192,0.9811,0.0132,1214,michaelthoward,4,0.9861,1.0000,0.9724,4,0
1793,1171,PreferencesDialog.java,M,7,15,1193,0.9819,0.0123,1214,michaelthoward,4,0.9861,1.0000,0.9724,4,0
1793,1172,PreferencesDialog.java,M,7,15,1193,0.9819,0.0123,1214,michaelthoward,2,0.5000,1.0000,0.0000,1,1
1793,1173,PreferencesDialog.java,M,5,24,1184,0.9745,0.0198,1214,michaelthoward,9,0.0000,0.0000,0.0000,0,9
1793,1174,PreferencesDialog.java,M,5,24,1184,0.9745,0.0198,1214,michaelthoward,13,0.3056,1.0000,0.0000,4,9
1793,1175,PreferencesDialog.java,M,5,20,1184,0.9745,0.0165,1214,michaelthoward,13,0.3056,1.0000,0.0000,4,9
1793,1176,PreferencesDialog.java,M,6,19,1186,0.9761,0.0156,1214,michaelthoward,1,0.0000,0.0000,0.0000,0,1
1793,1178,PreferencesDialog.java,M,5,14,977,0.8041,0.0115,1214,michaelthoward,13,0.3056,1.0000,0.0000,4,9
1793,1435,PreferencesDialog.java,M,5,14,972,0.9769,0.0141,994,michaelthoward,13,0.3056,1.0000,0.0000,4,9
1793,1532,DisplayPanel.java,M,5,10,877,0.9854,0.0112,889,michaelthoward,3,0.6663,0.9989,0.0012,2,1
1793,1551,Eval.java,M,7,23,823,0.9570,0.0267,859,michaelthoward,10,0.0000,0.0000,0.0000,0,10
1793,1999,JmolViewer.java,M,5,34,485,0.9117,0.0639,531,michaelthoward,19,0.0000,0.0000,0.0000,0,19
1793,2001,JmolViewer.java,M,13,29,490,0.9211,0.0545,531,michaelthoward,0,0.0000,0.0000,0.0000,0,0
1793,2005,JmolViewer.java,M,6,30,489,0.9192,0.0564,531,michaelthoward,0,0.0000,0.0000,0.0000,0,0
1793,2012,DistributionManager.java,M,5,6,497,0.9342,0.0113,531,michaelthoward,18,0.0245,0.4401,0.0000,0,17
1793,2025,DistributionManager.java,M,6,4,516,0.9699,0.0075,531,michaelthoward,2,0.5000,1.0000,0.0000,1,1
1793,2026,DistributionManager.java,M,6,4,516,0.9699,0.0075,531,michaelthoward,2,0.5000,1.0000,0.0000,1,1
1793,2058,DisplayPanel.java,M,6,3,333,0.6568,0.0059,506,michaelthoward,4,0.1386,0.5544,0.0000,1,3
1793,2075,DisplayPanel.java,M,5,4,478,0.9876,0.0083,483,michaelthoward,3,0.6667,1.0000,0.0012,2,1
1793,2089,JmolApplet.java,M,6,6,443,0.9694,0.0131,456,michaelthoward,4,0.1386,0.5544,0.0000,1,3
1793,2091,JmolViewer.java,M,5,28,425,0.9361,0.0617,453,michaelthoward,18,0.0464,0.4401,0.0000,0,16
1793,2120,Eval.java,M,5,17,427,0.9596,0.0382,444,michaelthoward,2,0.4398,0.4398,0.4398,0,0
1793,2191,PreferencesDialog.java,M,5,3,363,0.9864,0.0082,367,michaelthoward,13,0.2993,0.9726,0.0000,4,9
1793,2245,DisplayPanel.java,M,7,1,292,0.9932,0.0034,293,michaelthoward,7,0.0000,0.0000,0.0000,0,7
1794,2347,PdbGroup.java,M,5,1,107,0.9817,0.0092,108,michaelthoward,1,0.0000,0.0000,0.0000,0,1
1795,1141,PreferencesDialog.java,M,11,17,1193,0.9803,0.0140,1216,michaelthoward,5,0.0000,0.0000,0.0000,0,5
1795,1144,PreferencesDialog.java,M,5,21,1189,0.9770,0.0173,1216,michaelthoward,2,0.8090,0.9999,0.6181,2,0
1795,1148,PreferencesDialog.java,M,5,5,1205,0.9901,0.0041,1216,michaelthoward,2,0.8090,0.9999,0.6182,2,0
1795,1156,PreferencesDialog.java,M,7,13,1197,0.9836,0.0107,1216,michaelthoward,4,0.9898,1.0000,0.9864,4,0
1795,1159,PreferencesDialog.java,M,6,18,1192,0.9795,0.0148,1216,michaelthoward,2,0.0000,0.0000,0.0000,0,2
1795,1162,PreferencesDialog.java,M,7,20,1190,0.9778,0.0164,1216,michaelthoward,2,0.5000,1.0000,0.0000,1,1
1795,1164,PreferencesDialog.java,M,6,16,1194,0.9811,0.0131,1216,michaelthoward,4,0.0034,0.0136,0.0000,0,4
1795,1168,PreferencesDialog.java,M,7,14,1196,0.9827,0.0115,1216,michaelthoward,4,0.9932,0.9999,0.9865,4,0
1795,1169,PreferencesDialog.java,M,7,19,1191,0.9786,0.0156,1216,michaelthoward,4,0.9898,1.0000,0.9864,4,0
1795,1170,PreferencesDialog.java,M,7,17,1193,0.9803,0.0140,1216,michaelthoward,4,0.9932,1.0000,0.9864,4,0
1795,1171,PreferencesDialog.java,M,7,16,1194,0.9811,0.0131,1216,michaelthoward,4,0.9932,1.0000,0.9864,4,0
1795,1172,PreferencesDialog.java,M,7,16,1194,0.9811,0.0131,1216,michaelthoward,2,0.5000,1.0000,0.0000,1,1
1795,1173,PreferencesDialog.java,M,5,25,1185,0.9737,0.0205,1216,michaelthoward,9,0.0000,0.0000,0.0000,0,9
1795,1174,PreferencesDialog.java,M,5,25,1185,0.9737,0.0205,1216,michaelthoward,13,0.3067,1.0000,0.0000,4,9
1795,1175,PreferencesDialog.java,M,5,21,1185,0.9737,0.0173,1216,michaelthoward,13,0.3067,1.0000,0.0000,4,9
1795,1176,PreferencesDialog.java,M,6,20,1187,0.9753,0.0164,1216,michaelthoward,1,0.0000,0.0000,0.0000,0,1
1795,1178,PreferencesDialog.java,M,5,15,978,0.8036,0.0123,1216,michaelthoward,13,0.3067,1.0000,0.0000,4,9
1795,1435,PreferencesDialog.java,M,5,15,973,0.9759,0.0150,996,michaelthoward,13,0.3067,1.0000,0.0000,4,9
1795,1493,Eval.java,M,6,29,910,0.9539,0.0304,953,michaelthoward,4,0.1527,0.6106,0.0000,1,3
1795,1551,Eval.java,M,7,24,824,0.9559,0.0278,861,michaelthoward,10,0.0000,0.0000,0.0000,0,10
1795,1838,BondRenderer.java,M,5,10,545,0.9595,0.0176,567,michaelthoward,3,0.0000,0.0000,0.0000,0,3
1795,1997,JmolViewer.java,M,6,31,490,0.9176,0.0581,533,michaelthoward,0,0.0000,0.0000,0.0000,0,0
1795,1999,JmolViewer.java,M,5,35,486,0.9101,0.0655,533,michaelthoward,19,0.0000,0.0000,0.0000,0,19
1795,2012,DistributionManager.java,M,5,7,498,0.9326,0.0131,533,michaelthoward,18,0.0515,0.6184,0.0000,1,16
1795,2025,DistributionManager.java,M,6,5,517,0.9682,0.0094,533,michaelthoward,2,0.5000,1.0000,0.0000,1,1
1795,2026,DistributionManager.java,M,6,5,517,0.9682,0.0094,533,michaelthoward,2,0.5000,1.0000,0.0000,1,1
1795,2090,JmolViewer.java,M,5,30,425,0.9320,0.0658,455,michaelthoward,18,0.0474,0.5451,0.0000,1,16
1795,2091,JmolViewer.java,M,5,29,426,0.9342,0.0636,455,michaelthoward,18,0.0658,0.6184,0.0000,2,16
1795,2120,Eval.java,M,5,18,428,0.9575,0.0403,446,michaelthoward,2,0.6182,0.6182,0.6181,2,0
1795,2191,PreferencesDialog.java,M,5,4,364,0.9838,0.0108,369,michaelthoward,13,0.3035,0.9865,0.0000,4,9
1795,2205,StyleManager.java,M,6,3,317,0.9845,0.0093,321,michaelthoward,0,0.0000,0.0000,0.0000,0,0
1795,2206,StyleManager.java,M,8,3,317,0.9845,0.0093,321,michaelthoward,0,0.0000,0.0000,0.0000,0,0
1795,2260,Eval.java,M,24,6,273,0.9750,0.0214,279,michaelthoward,0,0.0000,0.0000,0.0000,0,0
1795,2305,Eval.java,M,20,8,199,0.9567,0.0385,207,michaelthoward,11,0.1023,0.9078,0.0000,1,9
1795,2309,Eval.java,M,9,7,197,0.9610,0.0341,204,michaelthoward,0,0.0000,0.0000,0.0000,0,0
1795,2310,Eval.java,M,11,8,196,0.9561,0.0390,204,michaelthoward,3,0.1024,0.3071,0.0000,0,2
1795,2343,Eval.java,M,20,3,108,0.9643,0.0268,111,michaelthoward,11,0.1043,0.9078,0.0000,1,9
1795,2349,PdbGroup.java,M,5,1,108,0.9818,0.0091,109,michaelthoward,3,0.0000,0.0000,0.0000,0,3
1795,2401,BondRenderer.java,M,20,1,37,0.9487,0.0256,38,michaelthoward,6,0.0000,0.0000,0.0000,0,6
1795,2403,Eval.java,M,6,1,34,0.9444,0.0278,35,michaelthoward,4,0.1527,0.6106,0.0000,1,3
1795,2404,Eval.java,M,6,1,34,0.9444,0.0278,35,michaelthoward,4,0.0000,0.0000,0.0000,0,4
1795,2410,Eval.java,M,23,1,0,0.0000,1.0000,0,michaelthoward,0,0.0000,0.0000,0.0000,0,0
1798,1431,Eval.java,M,5,18,974,0.9692,0.0179,1004,michaelthoward,3,0.0000,0.0000,0.0000,0,3
1798,1493,Eval.java,M,6,30,912,0.9530,0.0313,956,michaelthoward,4,0.0915,0.3661,0.0000,0,3
1798,1505,Eval.java,M,6,13,924,0.9716,0.0137,950,michaelthoward,4,0.0000,0.0000,0.0000,0,4
1798,1509,Eval.java,M,11,31,904,0.9506,0.0326,950,michaelthoward,2,0.0000,0.0000,0.0000,0,2
1798,1512,Eval.java,M,9,14,922,0.9715,0.0148,948,michaelthoward,5,0.2289,0.7176,0.0000,1,3
1798,1513,Eval.java,M,9,20,916,0.9652,0.0211,948,michaelthoward,5,0.2040,0.5931,0.0000,1,3
1798,1520,Eval.java,M,9,18,911,0.9671,0.0191,941,michaelthoward,5,0.2621,0.7176,0.0000,2,3
1798,1551,Eval.java,M,7,25,826,0.9549,0.0289,864,michaelthoward,10,0.0000,0.0000,0.0000,0,10
1798,1994,JmolViewer.java,M,8,24,500,0.9311,0.0447,536,michaelthoward,8,0.0000,0.0000,0.0000,0,8
1798,1995,JmolViewer.java,M,6,19,505,0.9404,0.0354,536,michaelthoward,8,0.0980,0.7841,0.0000,1,7
1798,2001,JmolViewer.java,M,13,30,494,0.9199,0.0559,536,michaelthoward,0,0.0000,0.0000,0.0000,0,0
1798,2007,JmolViewer.java,M,8,32,492,0.9162,0.0596,536,michaelthoward,0,0.0000,0.0000,0.0000,0,0
1798,2008,JmolViewer.java,M,6,13,511,0.9516,0.0242,536,michaelthoward,8,0.0980,0.7841,0.0000,1,7
1798,2013,JmolViewer.java,M,7,10,514,0.9572,0.0186,536,michaelthoward,0,0.0000,0.0000,0.0000,0,0
1798,2024,JmolViewer.java,M,7,20,504,0.9385,0.0372,536,michaelthoward,3,0.0000,0.0000,0.0000,0,3
1798,2053,JmolViewer.java,M,5,15,490,0.9478,0.0290,516,michaelthoward,0,0.0000,0.0000,0.0000,0,0
1798,2090,JmolViewer.java,M,5,31,427,0.9303,0.0675,458,michaelthoward,18,0.0491,0.6528,0.0000,1,16
1798,2091,JmolViewer.java,M,5,30,428,0.9325,0.0654,458,michaelthoward,18,0.0627,0.6528,0.0000,1,16
1798,2092,JmolViewer.java,M,5,21,437,0.9521,0.0458,458,michaelthoward,5,0.1804,0.7001,0.0000,1,3
1798,2093,JmolViewer.java,M,5,31,427,0.9303,0.0675,458,michaelthoward,5,0.1761,0.7001,0.0000,1,4
1798,2120,Eval.java,M,5,19,430,0.9556,0.0422,449,michaelthoward,2,0.4585,0.4585,0.4584,0,0
1798,2305,Eval.java,M,20,9,201,0.9526,0.0427,210,michaelthoward,11,0.0975,0.9465,0.0000,1,10
1798,2343,Eval.java,M,20,4,110,0.9565,0.0348,114,michaelthoward,11,0.0982,0.9465,0.0000,1,10
1798,2404,Eval.java,M,6,2,36,0.9231,0.0513,38,michaelthoward,4,0.0000,0.0000,0.0000,0,4
1803,1433,Eval.java,M,18,18,972,0.9643,0.0179,1007,michaelthoward,3,0.0653,0.1959,0.0000,0,3
1803,1551,Eval.java,M,7,26,830,0.9540,0.0299,869,michaelthoward,10,0.0000,0.0000,0.0000,0,10
1803,2048,ModelManager.java,M,12,11,507,0.9566,0.0208,529,michaelthoward,0,0.0000,0.0000,0.0000,0,0
1803,2049,ModelManager.java,M,5,10,508,0.9585,0.0189,529,michaelthoward,0,0.0000,0.0000,0.0000,0,0
1803,2092,JmolViewer.java,M,5,22,441,0.9504,0.0474,463,michaelthoward,5,0.1835,0.7946,0.0000,1,4
1803,2093,JmolViewer.java,M,5,32,431,0.9289,0.0690,463,michaelthoward,5,0.1836,0.7946,0.0000,1,4
1803,2120,Eval.java,M,5,20,434,0.9538,0.0440,454,michaelthoward,2,0.3526,0.3526,0.3526,0,0
1803,2126,SimpleModelAdapter.java,M,6,6,435,0.9842,0.0136,441,michaelthoward,2,0.0000,0.0000,0.0000,0,2
1803,2131,SimpleModelAdapter.java,M,5,9,431,0.9751,0.0204,441,michaelthoward,4,0.4688,0.9918,0.0000,2,2
1803,2145,SimpleModelAdapter.java,M,5,7,427,0.9816,0.0161,434,michaelthoward,5,0.0043,0.0213,0.0000,0,5
1803,2167,SimpleModelAdapter.java,M,5,4,403,0.9782,0.0097,411,michaelthoward,4,0.4433,0.8897,0.0000,2,2
1803,2260,Eval.java,M,24,7,280,0.9722,0.0243,287,michaelthoward,0,0.0000,0.0000,0.0000,0,0
1803,2305,Eval.java,M,20,10,205,0.9491,0.0463,215,michaelthoward,11,0.0656,0.6364,0.0000,1,10
1803,2339,SimpleModelAdapter.java,M,5,6,126,0.9474,0.0451,132,michaelthoward,4,0.4704,0.9918,0.0000,2,2
1803,2410,Eval.java,M,23,2,7,0.7778,0.2222,8,michaelthoward,0,0.0000,0.0000,0.0000,0,0
1804,1424,Eval.java,M,5,17,993,0.9697,0.0166,1023,michaelthoward,0,0.0000,0.0000,0.0000,0,0
1804,1431,Eval.java,M,5,19,979,0.9683,0.0188,1010,michaelthoward,3,0.0000,0.0000,0.0000,0,3
1804,1432,Eval.java,M,18,22,973,0.9643,0.0218,1008,michaelthoward,3,0.0375,0.1124,0.0000,0,3
1804,1489,AtomRenderer.java,M,9,13,939,0.9751,0.0135,962,michaelthoward,3,0.0000,0.0000,0.0000,0,3
1804,1493,Eval.java,M,6,31,917,0.9522,0.0322,962,michaelthoward,4,0.1087,0.4348,0.0000,0,3
1804,1505,Eval.java,M,6,14,929,0.9707,0.0146,956,michaelthoward,4,0.0000,0.0000,0.0000,0,4
1804,1507,Eval.java,M,11,21,922,0.9634,0.0219,956,michaelthoward,8,0.0000,0.0000,0.0000,0,8
1804,1509,Eval.java,M,11,32,909,0.9498,0.0334,956,michaelthoward,2,0.0000,0.0000,0.0000,0,2
1804,1512,Eval.java,M,9,15,927,0.9707,0.0157,954,michaelthoward,5,0.2926,0.8461,0.0000,2,3
1804,1513,Eval.java,M,9,21,921,0.9644,0.0220,954,michaelthoward,5,0.2690,0.7280,0.0000,2,3
1804,1520,Eval.java,M,9,19,916,0.9662,0.0200,947,michaelthoward,5,0.3148,0.8461,0.0000,2,3
1804,1526,Eval.java,M,6,13,913,0.9723,0.0138,938,michaelthoward,4,0.0000,0.0000,0.0000,0,4
1804,1551,Eval.java,M,7,27,830,0.9529,0.0310,870,michaelthoward,10,0.0000,0.0000,0.0000,0,10
1804,1997,JmolViewer.java,M,6,32,498,0.9171,0.0589,542,michaelthoward,0,0.0000,0.0000,0.0000,0,0
1804,2091,JmolViewer.java,M,5,31,433,0.9312,0.0667,464,michaelthoward,18,0.0484,0.5086,0.0000,1,16
1804,2120,Eval.java,M,5,21,434,0.9518,0.0461,455,michaelthoward,2,0.2849,0.2849,0.2849,0,0
1804,2305,Eval.java,M,20,11,205,0.9447,0.0507,216,michaelthoward,11,0.0720,0.7282,0.0000,1,10
1804,2343,Eval.java,M,20,5,115,0.9504,0.0413,120,michaelthoward,11,0.0741,0.7282,0.0000,1,10
1804,2350,Eval.java,M,10,2,109,0.9732,0.0179,111,michaelthoward,0,0.0000,0.0000,0.0000,0,0
1804,2403,Eval.java,M,6,2,42,0.9333,0.0444,44,michaelthoward,4,0.1087,0.4348,0.0000,0,3
1804,2404,Eval.java,M,6,3,41,0.9111,0.0667,44,michaelthoward,4,0.0000,0.0000,0.0000,0,4
1805,2344,PdbGroup.java,M,6,6,103,0.8583,0.0500,119,michaelthoward,6,0.0000,0.0000,0.0000,0,6
1808,1424,Eval.java,M,5,18,996,0.9689,0.0175,1027,michaelthoward,0,0.0000,0.0000,0.0000,0,0
1808,1431,Eval.java,M,5,20,982,0.9675,0.0197,1014,michaelthoward,3,0.0000,0.0000,0.0000,0,3
1808,1432,Eval.java,M,18,23,976,0.9635,0.0227,1012,michaelthoward,3,0.1335,0.4005,0.0000,0,2
1808,1433,Eval.java,M,18,19,976,0.9635,0.0188,1012,michaelthoward,3,0.1335,0.4005,0.0000,0,2
1808,1493,Eval.java,M,6,32,920,0.9514,0.0331,966,michaelthoward,4,0.1394,0.5577,0.0000,1,3
1808,1507,Eval.java,M,11,22,925,0.9625,0.0229,960,michaelthoward,8,0.0000,0.0000,0.0000,0,8
1808,1509,Eval.java,M,11,33,912,0.9490,0.0343,960,michaelthoward,2,0.0000,0.0000,0.0000,0,2
1808,1512,Eval.java,M,9,16,930,0.9698,0.0167,958,michaelthoward,5,0.3239,0.8983,0.0000,2,3
1808,1513,Eval.java,M,9,22,924,0.9635,0.0229,958,michaelthoward,5,0.3047,0.8021,0.0000,2,3
1808,1520,Eval.java,M,9,20,919,0.9653,0.0210,951,michaelthoward,5,0.3401,0.8983,0.0000,2,3
1808,1526,Eval.java,M,6,14,916,0.9714,0.0148,942,michaelthoward,4,0.0000,0.0000,0.0000,0,4
1808,1551,Eval.java,M,7,28,833,0.9520,0.0320,874,michaelthoward,10,0.0000,0.0000,0.0000,0,10
1808,2120,Eval.java,M,5,22,437,0.9500,0.0478,459,michaelthoward,2,0.2341,0.2341,0.2341,0,0
1808,2260,Eval.java,M,24,8,284,0.9693,0.0273,292,michaelthoward,0,0.0000,0.0000,0.0000,0,0
1808,2305,Eval.java,M,20,12,208,0.9412,0.0543,220,michaelthoward,11,0.0963,0.7884,0.0000,1,9
1808,2342,Eval.java,M,20,2,122,0.9760,0.0160,124,michaelthoward,11,0.0559,0.3437,0.0000,0,9
1808,2343,Eval.java,M,20,6,118,0.9440,0.0480,124,michaelthoward,11,0.1029,0.7884,0.0000,1,9
1808,2350,Eval.java,M,10,3,112,0.9655,0.0259,115,michaelthoward,0,0.0000,0.0000,0.0000,0,0
1808,2403,Eval.java,M,6,3,45,0.9184,0.0612,48,michaelthoward,4,0.1394,0.5577,0.0000,1,3
1808,2404,Eval.java,M,6,4,44,0.8980,0.0816,48,michaelthoward,4,0.0000,0.0000,0.0000,0,4
1808,2410,Eval.java,M,23,3,11,0.7857,0.2143,13,michaelthoward,0,0.0000,0.0000,0.0000,0,0
1809,1608,JmolPopupSwing.java,M,42,1,691,0.9886,0.0014,698,michaelthoward,7,0.0000,0.0000,0.0000,0,7
1809,2413,JmolPopupSwing.java,M,8,1,0,0.0000,1.0000,0,michaelthoward,3,0.0000,0.0000,0.0000,0,3
1810,236,Jmol.java,M,6,41,1607,0.8883,0.0227,1808,michaelthoward,1,0.0000,0.0000,0.0000,0,1
1810,275,Jmol.java,M,5,49,1658,0.9165,0.0271,1808,michaelthoward,8,0.1250,1.0000,0.0000,1,7
1810,1040,Jmol.java,M,6,23,1307,0.9790,0.0172,1334,michaelthoward,1,0.0021,0.0021,0.0021,0,1
1810,1535,Jmol.java,M,5,7,837,0.9331,0.0078,896,michaelthoward,8,0.1250,1.0000,0.0000,1,7
1810,2264,Jmol.java,M,7,2,244,0.9919,0.0081,245,michaelthoward,10,0.0000,0.0000,0.0000,0,10
1810,2338,Jmol.java,M,6,2,151,0.9869,0.0131,152,michaelthoward,5,0.0000,0.0000,0.0000,0,5
1811,275,Jmol.java,M,5,50,1658,0.9160,0.0276,1809,michaelthoward,8,0.1250,1.0000,0.0000,1,7
1811,1327,GuiMap.java,M,5,1,1059,0.9953,0.0009,1063,michaelthoward,19,0.1053,1.0000,0.0000,2,17
1811,1328,GuiMap.java,M,5,1,1059,0.9953,0.0009,1063,michaelthoward,19,0.1053,1.0000,0.0000,2,17
1811,1329,GuiMap.java,M,5,1,1059,0.9953,0.0009,1063,michaelthoward,1,0.0000,0.0000,0.0000,0,1
1811,1330,GuiMap.java,M,5,1,1059,0.9953,0.0009,1063,michaelthoward,19,0.1053,1.0000,0.0000,2,17
1811,1535,Jmol.java,M,5,8,837,0.9321,0.0089,897,michaelthoward,8,0.1250,1.0000,0.0000,1,7
1811,2264,Jmol.java,M,7,3,244,0.9879,0.0121,246,michaelthoward,10,0.0000,0.0000,0.0000,0,10
1811,2338,Jmol.java,M,6,3,151,0.9805,0.0195,153,michaelthoward,5,0.0000,0.0000,0.0000,0,5
1812,236,Jmol.java,M,6,42,1608,0.8879,0.0232,1810,michaelthoward,1,0.0000,0.0000,0.0000,0,1
1812,275,Jmol.java,M,5,51,1658,0.9155,0.0282,1810,michaelthoward,8,0.1250,1.0000,0.0000,1,7
1812,523,Jmol.java,M,6,23,1592,0.8944,0.0129,1779,michaelthoward,1,0.5155,0.5155,0.5155,1,0
1812,1040,Jmol.java,M,6,24,1308,0.9783,0.0180,1336,michaelthoward,1,0.5155,0.5155,0.5155,1,0
1812,1535,Jmol.java,M,5,9,837,0.9310,0.0100,898,michaelthoward,8,0.1250,1.0000,0.0000,1,7
1812,2264,Jmol.java,M,7,4,244,0.9839,0.0161,247,michaelthoward,10,0.0000,0.0000,0.0000,0,10
1812,2338,Jmol.java,M,6,4,151,0.9742,0.0258,154,michaelthoward,5,0.0000,0.0000,0.0000,0,5
1813,236,Jmol.java,M,6,43,1608,0.8874,0.0237,1811,michaelthoward,1,0.0000,0.0000,0.0000,0,1
1813,275,Jmol.java,M,5,52,1658,0.9150,0.0287,1811,michaelthoward,8,0.1250,1.0000,0.0000,1,7
1813,523,Jmol.java,M,6,24,1592,0.8939,0.0135,1780,michaelthoward,1,0.3369,0.3369,0.3369,0,0
1813,791,DisplayPanel.java,M,5,28,1345,0.8551,0.0178,1572,michaelthoward,3,0.6667,1.0000,0.0004,2,1
1813,792,DisplayPanel.java,M,5,30,1540,0.9790,0.0191,1572,michaelthoward,3,0.0000,0.0000,0.0000,0,3
1813,793,DisplayPanel.java,M,5,32,1449,0.9212,0.0203,1572,michaelthoward,5,0.0000,0.0000,0.0000,0,5
1813,1532,DisplayPanel.java,M,5,11,896,0.9846,0.0121,909,michaelthoward,3,0.6665,0.9996,0.0004,2,1
1813,1535,Jmol.java,M,5,10,837,0.9300,0.0111,899,michaelthoward,8,0.1250,1.0000,0.0000,1,7
1813,2058,DisplayPanel.java,M,6,4,352,0.6679,0.0076,526,michaelthoward,4,0.0690,0.2758,0.0000,0,3
1813,2075,DisplayPanel.java,M,5,5,497,0.9861,0.0099,503,michaelthoward,3,0.6667,1.0000,0.0004,2,1
1813,2264,Jmol.java,M,7,5,244,0.9799,0.0201,248,michaelthoward,10,0.0000,0.0000,0.0000,0,10
1813,2338,Jmol.java,M,6,5,151,0.9679,0.0321,155,michaelthoward,5,0.0000,0.0000,0.0000,0,5
1814,1159,PreferencesDialog.java,M,6,19,1210,0.9790,0.0154,1235,michaelthoward,2,0.0000,0.0000,0.0000,0,2
1816,1432,Eval.java,M,18,24,983,0.9628,0.0235,1020,michaelthoward,3,0.1919,0.5756,0.0000,1,2
1816,1433,Eval.java,M,18,20,983,0.9628,0.0196,1020,michaelthoward,3,0.1919,0.5756,0.0000,1,2
1816,1493,Eval.java,M,6,33,927,0.9508,0.0338,974,michaelthoward,4,0.1634,0.6535,0.0000,1,3
1816,1507,Eval.java,M,11,23,932,0.9618,0.0237,968,michaelthoward,8,0.0000,0.0000,0.0000,0,8
1816,1509,Eval.java,M,11,34,919,0.9484,0.0351,968,michaelthoward,2,0.0000,0.0000,0.0000,0,2
1816,1551,Eval.java,M,7,29,840,0.9513,0.0328,882,michaelthoward,10,0.0000,0.0000,0.0000,0,10
1816,2120,Eval.java,M,5,23,444,0.9487,0.0491,467,michaelthoward,2,0.1909,0.1909,0.1909,0,2
1816,2192,Compiler.java,M,5,4,385,0.9897,0.0103,388,michaelthoward,9,0.2803,0.8993,0.0000,3,6
1816,2194,Compiler.java,M,5,6,383,0.9846,0.0154,388,michaelthoward,9,0.3308,1.0000,0.0000,3,6
1816,2195,Compiler.java,M,5,5,384,0.9871,0.0129,388,michaelthoward,9,0.3312,1.0000,0.0000,3,6
1816,2255,Compiler.java,M,5,5,299,0.9836,0.0164,303,michaelthoward,7,0.1428,0.9999,0.0000,1,6
1816,2256,Compiler.java,M,5,4,298,0.9803,0.0132,303,michaelthoward,7,0.1428,0.9999,0.0000,1,6
1816,2260,Eval.java,M,24,9,291,0.9668,0.0299,300,michaelthoward,0,0.0000,0.0000,0.0000,0,0
1816,2305,Eval.java,M,20,13,215,0.9389,0.0568,228,michaelthoward,11,0.1151,0.8349,0.0000,1,9
1816,2342,Eval.java,M,20,3,129,0.9699,0.0226,132,michaelthoward,11,0.0861,0.5164,0.0000,1,9
1816,2343,Eval.java,M,20,7,125,0.9398,0.0526,132,michaelthoward,11,0.1228,0.8349,0.0000,2,9
1816,2391,Compiler.java,M,5,2,72,0.9730,0.0270,73,michaelthoward,9,0.3333,1.0000,0.0000,3,6
1816,2403,Eval.java,M,6,4,52,0.9123,0.0702,56,michaelthoward,4,0.1634,0.6535,0.0000,1,3
1816,2404,Eval.java,M,6,5,51,0.8947,0.0877,56,michaelthoward,4,0.0000,0.0000,0.0000,0,4
1816,2410,Eval.java,M,23,4,18,0.8182,0.1818,21,michaelthoward,0,0.0000,0.0000,0.0000,0,0
1817,1432,Eval.java,M,18,25,983,0.9618,0.0245,1021,michaelthoward,3,0.2246,0.6738,0.0000,1,2
1817,1433,Eval.java,M,18,21,983,0.9618,0.0205,1021,michaelthoward,3,0.2246,0.6738,0.0000,1,2
1817,1493,Eval.java,M,6,34,927,0.9498,0.0348,975,michaelthoward,4,0.1792,0.7168,0.0000,1,3
1817,1507,Eval.java,M,11,24,932,0.9608,0.0247,969,michaelthoward,8,0.0000,0.0000,0.0000,0,8
1817,1509,Eval.java,M,11,35,919,0.9474,0.0361,969,michaelthoward,2,0.0000,0.0000,0.0000,0,2
1817,1551,Eval.java,M,7,30,840,0.9502,0.0339,883,michaelthoward,10,0.0000,0.0000,0.0000,0,10
1817,2120,Eval.java,M,5,24,444,0.9467,0.0512,468,michaelthoward,2,0.1604,0.1604,0.1604,0,2
1817,2260,Eval.java,M,24,10,291,0.9636,0.0331,301,michaelthoward,0,0.0000,0.0000,0.0000,0,0
1817,2305,Eval.java,M,20,14,215,0.9348,0.0609,229,michaelthoward,11,0.1274,0.8654,0.0000,2,9
1817,2342,Eval.java,M,20,4,129,0.9627,0.0299,133,michaelthoward,11,0.1051,0.6196,0.0000,2,9
1817,2343,Eval.java,M,20,8,125,0.9328,0.0597,133,michaelthoward,11,0.1350,0.8654,0.0000,2,9
1817,2403,Eval.java,M,6,5,52,0.8966,0.0862,57,michaelthoward,4,0.1792,0.7168,0.0000,1,3
1817,2404,Eval.java,M,6,6,51,0.8793,0.1034,57,michaelthoward,4,0.0000,0.0000,0.0000,0,4
1817,2410,Eval.java,M,23,5,18,0.7826,0.2174,22,michaelthoward,0,0.0000,0.0000,0.0000,0,0
1818,2377,PdbChain.java,M,8,2,93,0.9688,0.0208,95,michaelthoward,14,0.0000,0.0000,0.0000,0,14
1818,2415,Eval.java,M,13,1,0,0.0000,1.0000,0,michaelthoward,7,0.1429,1.0000,0.0000,1,6
1818,2416,Eval.java,M,13,1,0,0.0000,1.0000,0,michaelthoward,7,0.1429,1.0000,0.0000,1,6
1822,1509,Eval.java,M,11,36,923,0.9467,0.0369,974,michaelthoward,2,0.0000,0.0000,0.0000,0,2
1822,2120,Eval.java,M,5,25,448,0.9451,0.0527,473,michaelthoward,2,0.1353,0.1353,0.1353,0,2
1822,2126,SimpleModelAdapter.java,M,6,7,453,0.9826,0.0152,460,michaelthoward,2,0.0000,0.0000,0.0000,0,2
1822,2127,SimpleModelAdapter.java,M,5,7,453,0.9826,0.0152,460,michaelthoward,2,0.0000,0.0000,0.0000,0,2
1822,2128,SimpleModelAdapter.java,M,5,6,454,0.9848,0.0130,460,michaelthoward,6,0.0859,0.5154,0.0000,1,5
1822,2129,SimpleModelAdapter.java,M,6,6,453,0.9826,0.0130,460,michaelthoward,2,0.0000,0.0000,0.0000,0,2
1822,2131,SimpleModelAdapter.java,M,5,10,449,0.9740,0.0217,460,michaelthoward,4,0.4814,0.9954,0.0000,2,2
1822,2145,SimpleModelAdapter.java,M,5,8,445,0.9802,0.0176,453,michaelthoward,6,0.0859,0.5154,0.0000,1,5
1822,2339,SimpleModelAdapter.java,M,5,7,144,0.9474,0.0461,151,michaelthoward,4,0.4824,0.9954,0.0000,2,2
1826,2007,JmolViewer.java,M,8,33,519,0.9186,0.0584,564,michaelthoward,0,0.0000,0.0000,0.0000,0,0
1826,2092,JmolViewer.java,M,5,23,463,0.9507,0.0472,486,michaelthoward,5,0.1115,0.4881,0.0000,0,4
1826,2408,TransformManager.java,M,9,1,61,0.9683,0.0159,62,michaelthoward,0,0.0000,0.0000,0.0000,0,0
1826,2417,Eval.java,M,13,1,0,0.0000,1.0000,0,michaelthoward,2,0.0000,0.0000,0.0000,0,2
1828,2041,CdkJmolModelAdapter.java,M,5,6,548,0.9856,0.0108,555,michaelthoward,7,0.0000,0.0000,0.0000,0,7
1828,2043,CdkJmolModelAdapter.java,M,5,5,549,0.9874,0.0090,555,michaelthoward,4,0.0000,0.0000,0.0000,0,4
1828,2131,SimpleModelAdapter.java,M,5,11,454,0.9722,0.0236,466,michaelthoward,4,0.4875,0.9969,0.0000,2,2
1828,2166,DeprecatedJmolModelAdapter.java,M,5,2,434,0.9931,0.0046,436,michaelthoward,19,0.0000,0.0000,0.0000,0,19
1828,2339,SimpleModelAdapter.java,M,5,8,149,0.9430,0.0506,157,michaelthoward,4,0.4882,0.9969,0.0000,2,2
1828,2418,Jmol.java,M,6,1,0,0.0000,1.0000,0,michaelthoward,2,0.5000,1.0000,0.0000,1,1
1828,2419,Jmol.java,M,6,1,0,0.0000,1.0000,0,michaelthoward,2,0.5000,1.0000,0.0000,1,1
1831,2126,SimpleModelAdapter.java,M,6,8,461,0.9809,0.0170,469,michaelthoward,2,0.0000,0.0000,0.0000,0,2
1831,2127,SimpleModelAdapter.java,M,5,8,461,0.9809,0.0170,469,michaelthoward,2,0.0000,0.0000,0.0000,0,2
1831,2145,SimpleModelAdapter.java,M,5,9,453,0.9784,0.0194,462,michaelthoward,5,0.0000,0.0000,0.0000,0,5
1836,2420,FileManager.java,M,5,1,0,0.0000,0.5000,1,michaelthoward,6,0.0000,0.0000,0.0000,0,6
1836,2422,FileManager.java,M,6,1,0,0.0000,0.5000,1,michaelthoward,7,0.1429,1.0000,0.0000,1,6
1836,2423,FileManager.java,M,6,1,0,0.0000,1.0000,0,michaelthoward,7,0.1429,1.0000,0.0000,1,6
1837,2422,FileManager.java,M,6,2,0,0.0000,0.6667,2,michaelthoward,7,0.1429,1.0000,0.0000,1,6
1837,2423,FileManager.java,M,6,2,0,0.0000,1.0000,1,michaelthoward,7,0.1429,1.0000,0.0000,1,6
1841,1997,JmolViewer.java,M,6,33,534,0.9207,0.0569,579,michaelthoward,0,0.0000,0.0000,0.0000,0,0
1841,1999,JmolViewer.java,M,5,36,531,0.9155,0.0621,579,michaelthoward,19,0.0000,0.0000,0.0000,0,19
1841,2001,JmolViewer.java,M,13,31,536,0.9241,0.0534,579,michaelthoward,0,0.0000,0.0000,0.0000,0,0
1841,2007,JmolViewer.java,M,8,34,533,0.9190,0.0586,579,michaelthoward,0,0.0000,0.0000,0.0000,0,0
1841,2090,JmolViewer.java,M,5,32,469,0.9343,0.0637,501,michaelthoward,18,0.0459,0.7058,0.0000,1,17
1841,2091,JmolViewer.java,M,5,32,469,0.9343,0.0637,501,michaelthoward,18,0.0510,0.7058,0.0000,1,16
1841,2222,Frame.java,M,9,10,337,0.9684,0.0287,347,michaelthoward,0,0.0000,0.0000,0.0000,0,0
1841,2234,Frame.java,M,8,6,341,0.9799,0.0172,347,michaelthoward,1,0.0695,0.0695,0.0695,0,1
1841,2275,Frame.java,M,5,5,267,0.9816,0.0184,271,michaelthoward,0,0.0000,0.0000,0.0000,0,0
1842,2222,Frame.java,M,9,11,337,0.9656,0.0315,348,michaelthoward,0,0.0000,0.0000,0.0000,0,0
1842,2236,Frame.java,M,13,7,341,0.9771,0.0201,348,michaelthoward,0,0.0000,0.0000,0.0000,0,0
1842,2238,Frame.java,M,11,6,342,0.9799,0.0172,348,michaelthoward,0,0.0000,0.0000,0.0000,0,0
1842,2239,Frame.java,M,6,8,340,0.9742,0.0229,348,michaelthoward,1,0.0000,0.0000,0.0000,0,1
1842,2240,Frame.java,M,6,11,336,0.9628,0.0315,348,michaelthoward,3,0.0000,0.0000,0.0000,0,3
1842,2275,Frame.java,M,5,6,267,0.9780,0.0220,272,michaelthoward,0,0.0000,0.0000,0.0000,0,0
1843,2222,Frame.java,M,9,12,337,0.9629,0.0343,349,michaelthoward,0,0.0000,0.0000,0.0000,0,0
1843,2239,Frame.java,M,6,9,340,0.9714,0.0257,349,michaelthoward,1,0.0000,0.0000,0.0000,0,1
1843,2240,Frame.java,M,6,12,336,0.9600,0.0343,349,michaelthoward,3,0.0000,0.0000,0.0000,0,3
1843,2275,Frame.java,M,5,7,267,0.9745,0.0255,273,michaelthoward,0,0.0000,0.0000,0.0000,0,0
1844,2101,DotsRenderer.java,M,6,1,22,0.0441,0.0020,498,michaelthoward,5,0.0000,0.0000,0.0000,0,5
1844,2116,FrameRenderer.java,M,15,3,150,0.3018,0.0060,496,michaelthoward,13,0.0066,0.0862,0.0000,0,13
1844,2222,Frame.java,M,9,13,337,0.9601,0.0370,350,michaelthoward,0,0.0000,0.0000,0.0000,0,0
1844,2240,Frame.java,M,6,13,336,0.9573,0.0370,350,michaelthoward,3,0.0000,0.0000,0.0000,0,3
1844,2275,Frame.java,M,5,8,267,0.9709,0.0291,274,michaelthoward,0,0.0000,0.0000,0.0000,0,0
1845,2136,Dots.java,M,8,7,472,0.9813,0.0146,480,michaelthoward,2,0.0000,0.0000,0.0000,0,2
1845,2139,Dots.java,M,5,3,469,0.9751,0.0062,480,michaelthoward,3,0.0000,0.0000,0.0000,0,3
1845,2143,Dots.java,M,8,7,472,0.9833,0.0146,479,michaelthoward,3,0.3333,1.0000,0.0000,1,2
1845,2149,Dots.java,M,6,6,469,0.9853,0.0126,475,michaelthoward,3,0.3333,1.0000,0.0000,1,2
1845,2163,Dots.java,M,8,3,454,0.9913,0.0066,457,michaelthoward,3,0.3333,1.0000,0.0000,1,2
1845,2164,Dots.java,M,6,2,455,0.9934,0.0044,457,michaelthoward,3,0.3333,1.0000,0.0000,1,2
1849,2131,SimpleModelAdapter.java,M,5,12,474,0.9713,0.0246,487,michaelthoward,4,0.4922,0.9981,0.0000,2,2
1849,2145,SimpleModelAdapter.java,M,5,10,470,0.9771,0.0208,480,michaelthoward,5,0.0000,0.0000,0.0000,0,5
1849,2167,SimpleModelAdapter.java,M,5,5,447,0.9760,0.0109,457,michaelthoward,4,0.4859,0.9726,0.0000,2,2
1849,2339,SimpleModelAdapter.java,M,5,9,169,0.9441,0.0503,178,michaelthoward,4,0.4927,0.9981,0.0000,2,2
1850,1493,Eval.java,M,6,35,959,0.9504,0.0347,1008,michaelthoward,4,0.1202,0.4807,0.0000,0,3
1850,2404,Eval.java,M,6,7,83,0.9121,0.0769,90,michaelthoward,4,0.0000,0.0000,0.0000,0,4
1851,1997,JmolViewer.java,M,6,34,543,0.9203,0.0576,589,michaelthoward,0,0.0000,0.0000,0.0000,0,0
1851,1999,JmolViewer.java,M,5,37,540,0.9153,0.0627,589,michaelthoward,19,0.0000,0.0000,0.0000,0,19
1851,2001,JmolViewer.java,M,13,32,545,0.9237,0.0542,589,michaelthoward,0,0.0000,0.0000,0.0000,0,0
1851,2007,JmolViewer.java,M,8,35,542,0.9186,0.0593,589,michaelthoward,0,0.0000,0.0000,0.0000,0,0
1851,2090,JmolViewer.java,M,5,33,478,0.9336,0.0645,511,michaelthoward,18,0.0490,0.8092,0.0000,1,17
1851,2091,JmolViewer.java,M,5,33,478,0.9336,0.0645,511,michaelthoward,18,0.0525,0.8092,0.0000,1,17
1851,2093,JmolViewer.java,M,5,33,478,0.9336,0.0645,511,michaelthoward,4,0.0778,0.2687,0.0000,0,3
1852,1429,JmolApplet.java,M,7,15,1043,0.9821,0.0141,1061,michaelthoward,7,0.0000,0.0000,0.0000,0,7
1852,1430,JmolApplet.java,M,8,12,1045,0.9840,0.0113,1061,michaelthoward,2,0.0000,0.0000,0.0000,0,2
1852,2089,JmolApplet.java,M,6,7,501,0.9709,0.0136,515,michaelthoward,4,0.0263,0.1053,0.0000,0,4
1852,2094,JmolApplet.java,M,6,1,503,0.9805,0.0019,512,michaelthoward,3,0.0000,0.0000,0.0000,0,3
1853,2116,FrameRenderer.java,M,15,4,158,0.3123,0.0079,505,michaelthoward,13,0.0446,0.5794,0.0000,1,12
1853,2305,Eval.java,M,20,15,250,0.9398,0.0564,265,michaelthoward,11,0.0825,0.5606,0.0000,1,9
1853,2371,Frame.java,M,15,3,136,0.9784,0.0216,138,michaelthoward,13,0.0446,0.5794,0.0000,1,12
1854,1500,Axes.java,M,14,5,997,0.9881,0.0050,1008,michaelthoward,7,0.0000,0.0000,0.0000,0,7
1854,2227,Bbox.java,M,13,1,359,0.9945,0.0028,360,michaelthoward,3,0.0000,0.0000,0.0000,0,3
1854,2428,Shape.java,M,6,1,0,0.0000,0.5000,1,michaelthoward,16,0.0000,0.0000,0.0000,0,16
1855,1178,PreferencesDialog.java,M,5,16,1037,0.8121,0.0125,1276,michaelthoward,14,0.0404,0.1417,0.0000,0,14
1855,2179,ColorManager.java,M,19,3,447,0.9889,0.0066,451,michaelthoward,3,0.0000,0.0000,0.0000,0,3
1855,2337,ColorManager.java,M,6,2,150,0.7463,0.0100,200,michaelthoward,0,0.0000,0.0000,0.0000,0,0
1855,2404,Eval.java,M,6,8,87,0.9063,0.0833,95,michaelthoward,4,0.0000,0.0000,0.0000,0,4
1856,2131,SimpleModelAdapter.java,M,5,13,480,0.9697,0.0263,494,michaelthoward,4,0.4947,0.9987,0.0000,2,2
1856,2145,SimpleModelAdapter.java,M,5,11,476,0.9754,0.0225,487,michaelthoward,3,0.0000,0.0000,0.0000,0,3
1856,2339,SimpleModelAdapter.java,M,5,10,175,0.9409,0.0538,185,michaelthoward,4,0.4950,0.9987,0.0000,2,2
1856,2424,SimpleModelAdapter.java,M,10,1,6,0.7500,0.1250,7,michaelthoward,4,0.2500,1.0000,0.0000,1,3
1856,2426,SimpleModelAdapter.java,M,10,1,6,0.7500,0.1250,7,michaelthoward,4,0.2500,1.0000,0.0000,1,3
1857,1413,Compiler.java,M,5,11,1052,0.9768,0.0102,1076,michaelthoward,2,0.9809,0.9809,0.9809,2,0
1857,1419,Compiler.java,M,8,7,1056,0.9805,0.0065,1076,michaelthoward,0,0.0000,0.0000,0.0000,0,0
1857,1420,Compiler.java,M,11,4,1059,0.9833,0.0037,1076,michaelthoward,0,0.0000,0.0000,0.0000,0,0
1857,1421,Compiler.java,M,9,9,1054,0.9786,0.0084,1076,michaelthoward,2,0.0000,0.0000,0.0000,0,2
1857,1525,Compiler.java,M,5,5,974,0.9819,0.0050,991,michaelthoward,2,0.9904,1.0000,0.9809,2,0
1857,2194,Compiler.java,M,5,7,423,0.9837,0.0163,429,michaelthoward,8,0.2822,1.0000,0.0000,2,5
1857,2195,Compiler.java,M,5,6,424,0.9860,0.0140,429,michaelthoward,8,0.2828,1.0000,0.0000,2,5
1857,2255,Compiler.java,M,5,6,339,0.9826,0.0174,344,michaelthoward,7,0.0367,0.2566,0.0000,0,6
1857,2391,Compiler.java,M,5,3,112,0.9739,0.0261,114,michaelthoward,8,0.2807,1.0000,0.0000,2,5
1859,1413,Compiler.java,M,5,12,1053,0.9759,0.0111,1078,michaelthoward,2,0.9905,0.9905,0.9905,2,0
1859,1419,Compiler.java,M,8,8,1057,0.9796,0.0074,1078,michaelthoward,0,0.0000,0.0000,0.0000,0,0
1859,1420,Compiler.java,M,11,5,1060,0.9824,0.0046,1078,michaelthoward,0,0.0000,0.0000,0.0000,0,0
1859,1421,Compiler.java,M,9,10,1055,0.9778,0.0093,1078,michaelthoward,2,0.0000,0.0000,0.0000,0,2
1859,1423,Compiler.java,M,5,10,1055,0.9778,0.0093,1078,michaelthoward,2,0.9952,1.0000,0.9905,2,0
1859,1525,Compiler.java,M,5,6,975,0.9809,0.0060,993,michaelthoward,2,0.9952,1.0000,0.9905,2,0
1859,2194,Compiler.java,M,5,8,424,0.9815,0.0185,431,michaelthoward,8,0.3228,1.0000,0.0000,2,5
1859,2195,Compiler.java,M,5,7,425,0.9838,0.0162,431,michaelthoward,8,0.3231,1.0000,0.0000,2,5
1859,2197,Compiler.java,M,5,5,426,0.9884,0.0116,430,michaelthoward,8,0.1738,0.4674,0.0000,0,5
1859,2391,Compiler.java,M,5,4,113,0.9658,0.0342,116,michaelthoward,8,0.3226,1.0000,0.0000,2,5
1861,2041,CdkJmolModelAdapter.java,M,5,7,580,0.9847,0.0119,588,egonw,7,0.0000,0.0000,0.0000,0,7
1861,2043,CdkJmolModelAdapter.java,M,5,6,581,0.9864,0.0102,588,egonw,4,0.0000,0.0000,0.0000,0,4
1861,2165,CdkJmolModelAdapter.java,M,5,4,465,0.9894,0.0085,469,egonw,19,0.0000,0.0000,0.0000,0,19
1864,1424,Eval.java,M,5,19,1051,0.9696,0.0175,1083,michaelthoward,0,0.0000,0.0000,0.0000,0,0
1864,1431,Eval.java,M,5,21,1037,0.9683,0.0196,1070,michaelthoward,3,0.0000,0.0000,0.0000,0,3
1864,1432,Eval.java,M,18,26,1029,0.9626,0.0243,1068,michaelthoward,3,0.2775,0.8325,0.0000,1,2
1864,1433,Eval.java,M,18,22,1029,0.9626,0.0206,1068,michaelthoward,3,0.2775,0.8325,0.0000,1,2
1864,1493,Eval.java,M,6,36,972,0.9501,0.0352,1022,michaelthoward,4,0.1635,0.6541,0.0000,1,3
1864,1500,Axes.java,M,14,6,1006,0.9872,0.0059,1018,michaelthoward,7,0.0000,0.0000,0.0000,0,7
1864,1505,Eval.java,M,6,15,988,0.9715,0.0147,1016,michaelthoward,4,0.0000,0.0000,0.0000,0,4
1864,1507,Eval.java,M,11,25,978,0.9617,0.0246,1016,michaelthoward,8,0.0000,0.0000,0.0000,0,8
1864,1509,Eval.java,M,11,37,964,0.9479,0.0364,1016,michaelthoward,2,0.0000,0.0000,0.0000,0,2
1864,1512,Eval.java,M,9,17,985,0.9704,0.0167,1014,michaelthoward,5,0.3701,0.9639,0.0000,2,3
1864,1513,Eval.java,M,9,23,979,0.9645,0.0227,1014,michaelthoward,5,0.3613,0.9195,0.0000,2,3
1864,1520,Eval.java,M,9,21,974,0.9663,0.0208,1007,michaelthoward,5,0.3767,0.9639,0.0000,2,3
1864,1526,Eval.java,M,6,15,971,0.9720,0.0150,998,michaelthoward,4,0.0000,0.0000,0.0000,0,4
1864,1551,Eval.java,M,7,31,886,0.9517,0.0333,930,michaelthoward,10,0.0000,0.0000,0.0000,0,10
1864,2120,Eval.java,M,5,26,489,0.9477,0.0504,515,michaelthoward,2,0.0872,0.0872,0.0872,0,2
1864,2227,Bbox.java,M,13,2,368,0.9919,0.0054,370,michaelthoward,3,0.0000,0.0000,0.0000,0,3
1864,2260,Eval.java,M,24,11,337,0.9656,0.0315,348,michaelthoward,0,0.0000,0.0000,0.0000,0,0
1864,2305,Eval.java,M,20,16,260,0.9386,0.0578,276,michaelthoward,11,0.1152,0.7051,0.0000,2,9
1864,2342,Eval.java,M,20,5,175,0.9669,0.0276,180,michaelthoward,11,0.1235,0.7970,0.0000,2,9
1864,2343,Eval.java,M,20,9,171,0.9448,0.0497,180,michaelthoward,11,0.1366,0.7970,0.0000,2,9
1864,2403,Eval.java,M,6,6,98,0.9333,0.0571,104,michaelthoward,4,0.1635,0.6541,0.0000,1,3
1864,2404,Eval.java,M,6,9,95,0.9048,0.0857,104,michaelthoward,4,0.0000,0.0000,0.0000,0,4
1864,2410,Eval.java,M,23,6,64,0.9143,0.0857,69,michaelthoward,0,0.0000,0.0000,0.0000,0,0
1864,2415,Eval.java,M,13,2,45,0.9574,0.0426,46,michaelthoward,9,0.0223,0.2010,0.0000,0,8
1864,2417,Eval.java,M,13,2,37,0.9487,0.0513,38,michaelthoward,2,0.0000,0.0000,0.0000,0,2
1865,2241,FrameBuilder.java,M,7,1,370,0.9946,0.0027,371,michaelthoward,3,0.3333,1.0000,0.0000,1,2
1865,2242,FrameBuilder.java,M,7,1,370,0.9946,0.0027,371,michaelthoward,3,0.3333,1.0000,0.0000,1,2
1869,2403,Eval.java,M,6,7,102,0.9273,0.0636,109,michaelthoward,4,0.1178,0.4713,0.0000,0,3
1870,2222,Frame.java,M,9,14,362,0.9602,0.0371,376,michaelthoward,0,0.0000,0.0000,0.0000,0,0
1870,2240,Frame.java,M,6,14,361,0.9576,0.0371,376,michaelthoward,3,0.0000,0.0000,0.0000,0,3
1870,2275,Frame.java,M,5,9,292,0.9701,0.0299,300,michaelthoward,0,0.0000,0.0000,0.0000,0,0
1871,2222,Frame.java,M,9,15,362,0.9577,0.0397,377,michaelthoward,0,0.0000,0.0000,0.0000,0,0
1871,2236,Frame.java,M,13,8,369,0.9762,0.0212,377,michaelthoward,0,0.0000,0.0000,0.0000,0,0
1871,2238,Frame.java,M,11,7,370,0.9788,0.0185,377,michaelthoward,0,0.0000,0.0000,0.0000,0,0
1871,2239,Frame.java,M,6,10,367,0.9709,0.0265,377,michaelthoward,1,0.0000,0.0000,0.0000,0,1
1871,2240,Frame.java,M,6,15,361,0.9550,0.0397,377,michaelthoward,3,0.0000,0.0000,0.0000,0,3
1876,2227,Bbox.java,M,13,3,379,0.9896,0.0078,382,michaelthoward,3,0.0000,0.0000,0.0000,0,3
1879,2424,SimpleModelAdapter.java,M,10,2,28,0.9032,0.0645,30,michaelthoward,4,0.4165,1.0000,0.0000,2,2
1879,2425,SimpleModelAdapter.java,M,10,1,29,0.9355,0.0323,30,michaelthoward,4,0.3330,0.6660,0.0000,2,2
1879,2426,SimpleModelAdapter.java,M,10,2,28,0.9032,0.0645,30,michaelthoward,4,0.4165,1.0000,0.0000,2,2
1880,792,DisplayPanel.java,M,5,31,1606,0.9793,0.0189,1639,michaelthoward,2,0.0000,0.0000,0.0000,0,2
1880,2222,Frame.java,M,9,16,370,0.9561,0.0413,386,michaelthoward,0,0.0000,0.0000,0.0000,0,0
1880,2236,Frame.java,M,13,9,377,0.9742,0.0233,386,michaelthoward,0,0.0000,0.0000,0.0000,0,0
1880,2238,Frame.java,M,11,8,378,0.9767,0.0207,386,michaelthoward,0,0.0000,0.0000,0.0000,0,0
1880,2239,Frame.java,M,6,11,375,0.9690,0.0284,386,michaelthoward,1,0.0000,0.0000,0.0000,0,1
1880,2240,Frame.java,M,6,16,369,0.9535,0.0413,386,michaelthoward,3,0.0000,0.0000,0.0000,0,3
1880,2275,Frame.java,M,5,10,301,0.9678,0.0322,310,michaelthoward,0,0.0000,0.0000,0.0000,0,0
1880,2435,Frame.java,M,6,1,0,0.0000,1.0000,0,michaelthoward,0,0.0000,0.0000,0.0000,0,0
1880,2436,Frame.java,M,5,1,0,0.0000,1.0000,0,michaelthoward,15,0.0000,0.0000,0.0000,0,15
1881,2405,TransformManager.java,M,6,1,116,0.9831,0.0085,117,michaelthoward,1,0.0000,0.0000,0.0000,0,1
1881,2408,TransformManager.java,M,9,2,115,0.9746,0.0169,117,michaelthoward,0,0.0000,0.0000,0.0000,0,0
1882,2120,Eval.java,M,5,27,506,0.9476,0.0506,533,michaelthoward,2,0.0541,0.0541,0.0541,0,2
1882,2305,Eval.java,M,20,17,277,0.9390,0.0576,294,michaelthoward,11,0.0736,0.4507,0.0000,0,9
1882,2371,Frame.java,M,15,4,164,0.9762,0.0238,167,michaelthoward,13,0.0195,0.2532,0.0000,0,12
1884,2222,Frame.java,M,9,17,373,0.9540,0.0435,390,michaelthoward,0,0.0000,0.0000,0.0000,0,0
1884,2236,Frame.java,M,13,10,380,0.9719,0.0256,390,michaelthoward,0,0.0000,0.0000,0.0000,0,0
1884,2238,Frame.java,M,11,9,381,0.9744,0.0230,390,michaelthoward,0,0.0000,0.0000,0.0000,0,0
1884,2239,Frame.java,M,6,12,378,0.9668,0.0307,390,michaelthoward,1,0.0000,0.0000,0.0000,0,1
1884,2240,Frame.java,M,6,17,372,0.9514,0.0435,390,michaelthoward,3,0.0000,0.0000,0.0000,0,3
1884,2435,Frame.java,M,6,2,3,0.6000,0.4000,4,michaelthoward,0,0.0000,0.0000,0.0000,0,0
1884,2436,Frame.java,M,5,2,3,0.6000,0.4000,4,michaelthoward,15,0.0000,0.0000,0.0000,0,15
1886,2035,DeprecatedJmolModelAdapter.java,M,5,2,605,0.9837,0.0033,614,michaelthoward,4,0.1517,0.6068,0.0000,1,3
1886,2041,CdkJmolModelAdapter.java,M,5,8,604,0.9837,0.0130,613,michaelthoward,7,0.0000,0.0000,0.0000,0,7
1886,2042,DeprecatedJmolModelAdapter.java,M,5,2,610,0.9935,0.0033,613,michaelthoward,2,0.0000,0.0000,0.0000,0,2
1886,2043,CdkJmolModelAdapter.java,M,5,7,605,0.9853,0.0114,613,michaelthoward,4,0.1517,0.6068,0.0000,1,3
1886,2045,CdkJmolModelAdapter.java,M,13,3,608,0.9918,0.0049,612,michaelthoward,8,0.1250,1.0000,0.0000,1,7
1886,2127,SimpleModelAdapter.java,M,5,9,515,0.9810,0.0171,524,michaelthoward,2,0.0000,0.0000,0.0000,0,2
1886,2129,SimpleModelAdapter.java,M,6,7,516,0.9829,0.0133,524,michaelthoward,2,0.0000,0.0000,0.0000,0,2
1886,2131,SimpleModelAdapter.java,M,5,14,509,0.9695,0.0267,524,michaelthoward,4,0.4970,0.9993,0.0000,2,2
1886,2145,SimpleModelAdapter.java,M,5,12,505,0.9749,0.0232,517,michaelthoward,3,0.0000,0.0000,0.0000,0,3
1886,2167,SimpleModelAdapter.java,M,5,6,483,0.9758,0.0121,494,michaelthoward,4,0.4946,0.9895,0.0000,2,2
1886,2311,CdkJmolModelAdapter.java,M,12,1,293,0.9932,0.0034,294,michaelthoward,3,0.0000,0.0000,0.0000,0,3
1886,2337,ColorManager.java,M,6,3,180,0.7759,0.0129,231,michaelthoward,0,0.0000,0.0000,0.0000,0,0
1886,2339,SimpleModelAdapter.java,M,5,11,204,0.9444,0.0509,215,michaelthoward,4,0.4972,0.9993,0.0000,2,2
1886,2425,SimpleModelAdapter.java,M,10,2,35,0.9211,0.0526,37,michaelthoward,4,0.2956,0.8166,0.0000,1,2
1886,2426,SimpleModelAdapter.java,M,10,3,34,0.8947,0.0789,37,michaelthoward,4,0.3414,0.8166,0.0000,2,2
1886,2433,CdkJmolModelAdapter.java,M,5,1,25,0.9615,0.0385,25,michaelthoward,8,0.1250,1.0000,0.0000,1,7
1887,2041,CdkJmolModelAdapter.java,M,5,9,604,0.9821,0.0146,614,michaelthoward,7,0.0000,0.0000,0.0000,0,7
1887,2043,CdkJmolModelAdapter.java,M,5,8,605,0.9837,0.0130,614,michaelthoward,4,0.0933,0.3734,0.0000,0,3
1887,2126,SimpleModelAdapter.java,M,6,9,516,0.9810,0.0171,525,michaelthoward,2,0.0000,0.0000,0.0000,0,2
1887,2127,SimpleModelAdapter.java,M,5,10,515,0.9791,0.0190,525,michaelthoward,2,0.0000,0.0000,0.0000,0,2
1887,2129,SimpleModelAdapter.java,M,6,8,516,0.9810,0.0152,525,michaelthoward,2,0.0000,0.0000,0.0000,0,2
1887,2131,SimpleModelAdapter.java,M,5,15,509,0.9677,0.0285,525,michaelthoward,4,0.4980,0.9995,0.0000,2,2
1887,2145,SimpleModelAdapter.java,M,5,13,505,0.9730,0.0250,518,michaelthoward,3,0.0000,0.0000,0.0000,0,3
1887,2167,SimpleModelAdapter.java,M,5,7,483,0.9738,0.0141,495,michaelthoward,4,0.4963,0.9928,0.0000,2,2
1887,2339,SimpleModelAdapter.java,M,5,12,204,0.9401,0.0553,216,michaelthoward,4,0.4981,0.9995,0.0000,2,2
1887,2424,SimpleModelAdapter.java,M,10,3,35,0.8974,0.0769,38,michaelthoward,4,0.3147,0.6921,0.0000,2,2
1887,2425,SimpleModelAdapter.java,M,10,3,35,0.8974,0.0769,38,michaelthoward,4,0.3604,0.8748,0.0000,2,2
1887,2426,SimpleModelAdapter.java,M,10,4,34,0.8718,0.1026,38,michaelthoward,4,0.3917,0.8748,0.0000,2,2
1887,2433,CdkJmolModelAdapter.java,M,5,2,25,0.9259,0.0741,26,michaelthoward,8,0.0616,0.4925,0.0000,0,7
1887,2437,ModelManager.java,M,6,1,0,0.0000,1.0000,0,michaelthoward,0,0.0000,0.0000,0.0000,0,0
1888,2041,CdkJmolModelAdapter.java,M,5,10,604,0.9805,0.0162,615,michaelthoward,7,0.0000,0.0000,0.0000,0,7
1888,2043,CdkJmolModelAdapter.java,M,5,9,605,0.9821,0.0146,615,michaelthoward,2,0.0000,0.0000,0.0000,0,2
1888,2126,SimpleModelAdapter.java,M,6,10,516,0.9791,0.0190,526,michaelthoward,2,0.0000,0.0000,0.0000,0,2
1888,2127,SimpleModelAdapter.java,M,5,11,515,0.9772,0.0209,526,michaelthoward,2,0.0000,0.0000,0.0000,0,2
1888,2129,SimpleModelAdapter.java,M,6,9,516,0.9791,0.0171,526,michaelthoward,2,0.0000,0.0000,0.0000,0,2
1888,2131,SimpleModelAdapter.java,M,5,16,509,0.9658,0.0304,526,michaelthoward,4,0.4985,0.9996,0.0000,2,2
1888,2145,SimpleModelAdapter.java,M,5,14,505,0.9712,0.0269,519,michaelthoward,3,0.0000,0.0000,0.0000,0,3
1888,2167,SimpleModelAdapter.java,M,5,8,483,0.9718,0.0161,496,michaelthoward,4,0.4972,0.9946,0.0000,2,2
1888,2339,SimpleModelAdapter.java,M,5,13,204,0.9358,0.0596,217,michaelthoward,4,0.4985,0.9996,0.0000,2,2
1888,2424,SimpleModelAdapter.java,M,10,4,35,0.8750,0.1000,39,michaelthoward,4,0.3604,0.7680,0.0000,2,2
1888,2425,SimpleModelAdapter.java,M,10,4,35,0.8750,0.1000,39,michaelthoward,4,0.3948,0.9057,0.0000,2,2
1888,2426,SimpleModelAdapter.java,M,10,5,34,0.8500,0.1250,39,michaelthoward,4,0.4184,0.9057,0.0000,2,2
1888,2433,CdkJmolModelAdapter.java,M,5,3,25,0.8929,0.1071,27,michaelthoward,6,0.0000,0.0000,0.0000,0,6
1889,1994,JmolViewer.java,M,8,25,590,0.9395,0.0398,627,michaelthoward,8,0.0000,0.0000,0.0000,0,8
1889,1999,JmolViewer.java,M,5,38,577,0.9188,0.0605,627,michaelthoward,18,0.0000,0.0000,0.0000,0,18
1889,2001,JmolViewer.java,M,13,33,582,0.9268,0.0525,627,michaelthoward,0,0.0000,0.0000,0.0000,0,0
1889,2007,JmolViewer.java,M,8,36,579,0.9220,0.0573,627,michaelthoward,0,0.0000,0.0000,0.0000,0,0
1889,2024,JmolViewer.java,M,7,21,594,0.9459,0.0334,627,michaelthoward,3,0.0000,0.0000,0.0000,0,3
1889,2043,CdkJmolModelAdapter.java,M,5,10,605,0.9806,0.0162,616,michaelthoward,2,0.0000,0.0000,0.0000,0,2
1889,2053,JmolViewer.java,M,5,16,580,0.9539,0.0263,607,michaelthoward,0,0.0000,0.0000,0.0000,0,0
1889,2054,JmolViewer.java,M,8,19,577,0.9490,0.0313,607,michaelthoward,0,0.0000,0.0000,0.0000,0,0
1889,2092,JmolViewer.java,M,5,24,525,0.9545,0.0436,549,michaelthoward,4,0.1784,0.6960,0.0000,1,3
1889,2093,JmolViewer.java,M,5,34,515,0.9364,0.0618,549,michaelthoward,4,0.1778,0.6960,0.0000,1,3
1889,2096,JmolViewer.java,M,8,16,533,0.9691,0.0291,549,michaelthoward,0,0.0000,0.0000,0.0000,0,0
1889,2126,SimpleModelAdapter.java,M,6,11,516,0.9773,0.0208,527,michaelthoward,2,0.0000,0.0000,0.0000,0,2
1889,2127,SimpleModelAdapter.java,M,5,12,515,0.9754,0.0227,527,michaelthoward,2,0.0000,0.0000,0.0000,0,2
1889,2129,SimpleModelAdapter.java,M,6,10,516,0.9773,0.0189,527,michaelthoward,2,0.0000,0.0000,0.0000,0,2
1889,2145,SimpleModelAdapter.java,M,5,15,505,0.9693,0.0288,520,michaelthoward,3,0.0000,0.0000,0.0000,0,3
1889,2167,SimpleModelAdapter.java,M,5,9,483,0.9699,0.0181,497,michaelthoward,4,0.4978,0.9956,0.0000,2,2
1889,2222,Frame.java,M,9,18,377,0.9520,0.0455,395,michaelthoward,0,0.0000,0.0000,0.0000,0,0
1889,2228,Frame.java,M,5,1,394,0.9949,0.0025,395,michaelthoward,2,0.0000,0.0000,0.0000,0,2
1889,2236,Frame.java,M,13,11,384,0.9697,0.0278,395,michaelthoward,0,0.0000,0.0000,0.0000,0,0
1889,2239,Frame.java,M,6,13,382,0.9646,0.0328,395,michaelthoward,1,0.0000,0.0000,0.0000,0,1
1889,2240,Frame.java,M,6,18,376,0.9495,0.0455,395,michaelthoward,3,0.0000,0.0000,0.0000,0,3
1889,2339,SimpleModelAdapter.java,M,5,14,204,0.9315,0.0639,218,michaelthoward,4,0.4988,0.9997,0.0000,2,2
1889,2424,SimpleModelAdapter.java,M,10,5,35,0.8537,0.1220,40,michaelthoward,4,0.3380,0.7397,0.0000,2,2
1889,2425,SimpleModelAdapter.java,M,10,5,35,0.8537,0.1220,40,michaelthoward,4,0.3655,0.7397,0.0000,2,2
1889,2435,Frame.java,M,6,3,7,0.7000,0.3000,9,michaelthoward,0,0.0000,0.0000,0.0000,0,0
1889,2436,Frame.java,M,5,3,7,0.7000,0.3000,9,michaelthoward,15,0.0000,0.0000,0.0000,0,15
1890,2041,CdkJmolModelAdapter.java,M,5,11,605,0.9790,0.0178,617,michaelthoward,7,0.0000,0.0000,0.0000,0,7
1890,2043,CdkJmolModelAdapter.java,M,5,11,605,0.9790,0.0178,617,michaelthoward,2,0.0000,0.0000,0.0000,0,2
1890,2126,SimpleModelAdapter.java,M,6,12,516,0.9754,0.0227,528,michaelthoward,2,0.0000,0.0000,0.0000,0,2
1890,2127,SimpleModelAdapter.java,M,5,13,515,0.9735,0.0246,528,michaelthoward,2,0.0000,0.0000,0.0000,0,2
1890,2129,SimpleModelAdapter.java,M,6,11,516,0.9754,0.0208,528,michaelthoward,2,0.0000,0.0000,0.0000,0,2
1890,2131,SimpleModelAdapter.java,M,5,17,510,0.9641,0.0321,528,michaelthoward,4,0.4990,0.9998,0.0000,2,2
1890,2145,SimpleModelAdapter.java,M,5,16,505,0.9674,0.0307,521,michaelthoward,3,0.0000,0.0000,0.0000,0,3
1890,2167,SimpleModelAdapter.java,M,5,10,483,0.9679,0.0200,498,michaelthoward,4,0.4981,0.9964,0.0000,2,2
1890,2339,SimpleModelAdapter.java,M,5,15,204,0.9273,0.0682,219,michaelthoward,4,0.4990,0.9998,0.0000,2,2
1890,2424,SimpleModelAdapter.java,M,10,6,35,0.8333,0.1429,41,michaelthoward,4,0.3228,0.6794,0.0000,2,2
1890,2426,SimpleModelAdapter.java,M,10,6,34,0.8095,0.1429,41,michaelthoward,4,0.3192,0.6794,0.0000,2,2
1890,2440,SimpleModelAdapter.java,M,5,1,0,0.0000,1.0000,0,michaelthoward,4,0.0000,0.0000,0.0000,0,4
1891,2043,CdkJmolModelAdapter.java,M,5,12,605,0.9774,0.0194,618,michaelthoward,2,0.0000,0.0000,0.0000,0,2
1891,2092,JmolViewer.java,M,5,25,526,0.9529,0.0453,551,michaelthoward,4,0.2056,0.8124,0.0000,1,3
1891,2093,JmolViewer.java,M,5,35,516,0.9348,0.0634,551,michaelthoward,4,0.2054,0.8124,0.0000,1,3
1891,2222,Frame.java,M,9,19,378,0.9497,0.0477,397,michaelthoward,0,0.0000,0.0000,0.0000,0,0
1891,2228,Frame.java,M,5,2,395,0.9925,0.0050,397,michaelthoward,2,0.0000,0.0000,0.0000,0,2
1891,2229,Frame.java,M,7,1,396,0.9950,0.0025,397,michaelthoward,0,0.0000,0.0000,0.0000,0,0
1891,2239,Frame.java,M,6,14,383,0.9623,0.0352,397,michaelthoward,1,0.0000,0.0000,0.0000,0,1
1891,2240,Frame.java,M,6,19,377,0.9472,0.0477,397,michaelthoward,3,0.0000,0.0000,0.0000,0,3
1891,2435,Frame.java,M,6,4,8,0.6667,0.3333,11,michaelthoward,0,0.0000,0.0000,0.0000,0,0
1891,2436,Frame.java,M,5,4,8,0.6667,0.3333,11,michaelthoward,15,0.0000,0.0000,0.0000,0,15
1891,2439,SimpleModelAdapter.java,M,5,1,1,0.5000,0.5000,1,michaelthoward,4,0.1269,0.5075,0.0000,1,3
1891,2440,SimpleModelAdapter.java,M,5,2,0,0.0000,1.0000,1,michaelthoward,4,0.1269,0.5075,0.0000,1,3
1892,1994,JmolViewer.java,M,8,26,592,0.9382,0.0412,630,michaelthoward,8,0.0000,0.0000,0.0000,0,8
1892,1995,JmolViewer.java,M,6,20,598,0.9477,0.0317,630,michaelthoward,8,0.0094,0.0754,0.0000,0,8
1892,1999,JmolViewer.java,M,5,39,579,0.9176,0.0618,630,michaelthoward,18,0.0000,0.0000,0.0000,0,18
1892,2007,JmolViewer.java,M,8,37,581,0.9208,0.0586,630,michaelthoward,0,0.0000,0.0000,0.0000,0,0
1892,2053,JmolViewer.java,M,5,17,582,0.9525,0.0278,610,michaelthoward,0,0.0000,0.0000,0.0000,0,0
1892,2054,JmolViewer.java,M,8,20,579,0.9476,0.0327,610,michaelthoward,0,0.0000,0.0000,0.0000,0,0
1892,2090,JmolViewer.java,M,5,34,518,0.9367,0.0615,552,michaelthoward,17,0.0018,0.0312,0.0000,0,17
1892,2092,JmolViewer.java,M,5,26,526,0.9512,0.0470,552,michaelthoward,4,0.2181,0.8655,0.0000,1,3
1892,2093,JmolViewer.java,M,5,36,516,0.9331,0.0651,552,michaelthoward,4,0.2180,0.8655,0.0000,1,3
1892,2129,SimpleModelAdapter.java,M,6,12,517,0.9736,0.0226,530,michaelthoward,2,0.0000,0.0000,0.0000,0,2
1892,2131,SimpleModelAdapter.java,M,5,18,511,0.9623,0.0339,530,michaelthoward,4,0.4991,0.9998,0.0000,2,2
1892,2145,SimpleModelAdapter.java,M,5,17,506,0.9656,0.0324,523,michaelthoward,3,0.0000,0.0000,0.0000,0,3
1892,2167,SimpleModelAdapter.java,M,5,11,484,0.9661,0.0220,500,michaelthoward,4,0.4984,0.9969,0.0000,2,2
1892,2339,SimpleModelAdapter.java,M,5,16,205,0.9234,0.0721,221,michaelthoward,4,0.4992,0.9998,0.0000,2,2
1892,2424,SimpleModelAdapter.java,M,10,7,36,0.8182,0.1591,43,michaelthoward,4,0.3116,0.7290,0.0000,2,2
1892,2426,SimpleModelAdapter.java,M,10,7,35,0.7955,0.1591,43,michaelthoward,4,0.3085,0.7290,0.0000,2,2
1892,2443,ModelManager.java,M,5,1,0,0.0000,1.0000,0,michaelthoward,3,0.0000,0.0000,0.0000,0,3
1896,1994,JmolViewer.java,M,8,27,595,0.9370,0.0425,634,michaelthoward,8,0.0000,0.0000,0.0000,0,8
1896,1999,JmolViewer.java,M,5,40,582,0.9165,0.0630,634,michaelthoward,15,0.0000,0.0000,0.0000,0,15
1896,2001,JmolViewer.java,M,13,34,588,0.9260,0.0535,634,michaelthoward,0,0.0000,0.0000,0.0000,0,0
1896,2007,JmolViewer.java,M,8,38,584,0.9197,0.0598,634,michaelthoward,0,0.0000,0.0000,0.0000,0,0
1896,2013,JmolViewer.java,M,7,11,611,0.9622,0.0173,634,michaelthoward,0,0.0000,0.0000,0.0000,0,0
1896,2014,JmolViewer.java,M,13,13,565,0.8898,0.0205,634,michaelthoward,6,0.0000,0.0000,0.0000,0,6
1896,2054,JmolViewer.java,M,8,21,582,0.9463,0.0341,614,michaelthoward,0,0.0000,0.0000,0.0000,0,0
1896,2090,JmolViewer.java,M,5,35,521,0.9354,0.0628,556,michaelthoward,17,0.0011,0.0190,0.0000,0,17
1896,2092,JmolViewer.java,M,5,27,529,0.9497,0.0485,556,michaelthoward,4,0.2258,0.8980,0.0000,1,3
1896,2093,JmolViewer.java,M,5,37,519,0.9318,0.0664,556,michaelthoward,4,0.2257,0.8980,0.0000,1,3
1896,2096,JmolViewer.java,M,8,17,539,0.9677,0.0305,556,michaelthoward,0,0.0000,0.0000,0.0000,0,0
1913,2358,PdbFile.java,M,8,3,204,0.9761,0.0144,208,michaelthoward,0,0.0000,0.0000,0.0000,0,0
1913,2377,PdbChain.java,M,8,3,187,0.9791,0.0157,190,michaelthoward,15,0.0630,0.9453,0.0000,1,14
1913,2414,PdbGroup.java,M,8,1,94,0.9792,0.0104,95,michaelthoward,15,0.0630,0.9453,0.0000,1,14
1914,2041,CdkJmolModelAdapter.java,M,5,12,628,0.9782,0.0187,641,michaelthoward,7,0.0000,0.0000,0.0000,0,7
1916,2126,SimpleModelAdapter.java,M,6,13,541,0.9748,0.0234,554,michaelthoward,2,0.0000,0.0000,0.0000,0,2
1916,2127,SimpleModelAdapter.java,M,5,14,540,0.9730,0.0252,554,michaelthoward,2,0.0000,0.0000,0.0000,0,2
1916,2131,SimpleModelAdapter.java,M,5,19,534,0.9622,0.0342,554,michaelthoward,4,0.4993,0.9998,0.0000,2,2
1916,2339,SimpleModelAdapter.java,M,5,17,228,0.9268,0.0691,245,michaelthoward,4,0.4994,0.9998,0.0000,2,2
1917,2127,SimpleModelAdapter.java,M,5,15,540,0.9712,0.0270,555,michaelthoward,2,0.0000,0.0000,0.0000,0,2
1917,2129,SimpleModelAdapter.java,M,6,13,541,0.9730,0.0234,555,michaelthoward,2,0.0000,0.0000,0.0000,0,2
1917,2131,SimpleModelAdapter.java,M,5,20,534,0.9604,0.0360,555,michaelthoward,4,0.4995,0.9999,0.0000,2,2
1917,2339,SimpleModelAdapter.java,M,5,18,228,0.9231,0.0729,246,michaelthoward,4,0.4995,0.9999,0.0000,2,2
1918,2167,SimpleModelAdapter.java,M,5,12,509,0.9658,0.0228,526,michaelthoward,4,0.4568,0.9985,0.0000,2,2
1918,2339,SimpleModelAdapter.java,M,5,19,228,0.9194,0.0766,247,michaelthoward,4,0.4571,0.9985,0.0000,2,2
1918,2424,SimpleModelAdapter.java,M,10,8,60,0.8571,0.1143,69,michaelthoward,4,0.2960,0.6391,0.0000,2,2
1918,2425,SimpleModelAdapter.java,M,10,6,61,0.8714,0.0857,69,michaelthoward,4,0.2541,0.6391,0.0000,1,2
1919,1493,Eval.java,M,6,37,1026,0.9518,0.0343,1077,michaelthoward,4,0.1913,0.7653,0.0000,1,3
1919,2305,Eval.java,M,20,18,313,0.9428,0.0542,331,michaelthoward,11,0.0827,0.7378,0.0000,1,10
1919,2343,Eval.java,M,20,10,225,0.9534,0.0424,235,michaelthoward,11,0.0882,0.7378,0.0000,1,9
1919,2403,Eval.java,M,6,8,151,0.9438,0.0500,159,michaelthoward,4,0.1913,0.7653,0.0000,1,3
1919,2404,Eval.java,M,6,10,149,0.9313,0.0625,159,michaelthoward,4,0.0000,0.0000,0.0000,0,4
1919,2417,Eval.java,M,13,3,91,0.9681,0.0319,93,michaelthoward,2,0.0000,0.0000,0.0000,0,2
1923,1493,Eval.java,M,6,38,1029,0.9510,0.0351,1081,michaelthoward,4,0.1176,0.4704,0.0000,0,3
1923,1943,Graphics3D.java,M,5,27,626,0.9442,0.0407,662,michaelthoward,6,0.0000,0.0001,0.0000,0,6
1923,1944,Graphics3D.java,M,7,25,628,0.9472,0.0377,662,michaelthoward,5,0.7966,1.0000,0.0000,4,1
1923,1958,Graphics3D.java,M,7,22,631,0.9517,0.0332,662,michaelthoward,5,0.7965,0.9999,0.0000,4,1
1923,1959,Graphics3D.java,M,7,24,629,0.9487,0.0362,662,michaelthoward,5,0.7966,1.0000,0.0000,4,1
1923,1961,Graphics3D.java,M,7,25,628,0.9472,0.0377,662,michaelthoward,5,0.7936,0.9950,0.0000,4,1
1923,1962,Graphics3D.java,M,7,24,629,0.9487,0.0362,662,michaelthoward,5,0.7894,0.9880,0.0000,4,1
1924,1431,Eval.java,M,5,22,1096,0.9691,0.0195,1130,michaelthoward,3,0.0000,0.0000,0.0000,0,3
1924,1493,Eval.java,M,6,39,1029,0.9501,0.0360,1082,michaelthoward,4,0.1552,0.6209,0.0000,1,3
1924,1505,Eval.java,M,6,16,1047,0.9721,0.0149,1076,michaelthoward,4,0.0000,0.0000,0.0000,0,4
1924,1509,Eval.java,M,11,38,1023,0.9499,0.0353,1076,michaelthoward,2,0.0000,0.0000,0.0000,0,2
1924,1512,Eval.java,M,9,18,1044,0.9712,0.0167,1074,michaelthoward,5,0.3936,0.9926,0.0000,2,3
1924,1520,Eval.java,M,9,22,1033,0.9672,0.0206,1067,michaelthoward,5,0.3950,0.9926,0.0000,2,3
1924,2007,JmolViewer.java,M,8,39,611,0.9216,0.0588,662,michaelthoward,0,0.0000,0.0000,0.0000,0,0
1924,2092,JmolViewer.java,M,5,28,556,0.9504,0.0479,584,michaelthoward,3,0.1919,0.5756,0.0000,1,2
1924,2343,Eval.java,M,20,11,229,0.9502,0.0456,240,michaelthoward,11,0.0533,0.4591,0.0000,0,10
1924,2403,Eval.java,M,6,9,155,0.9394,0.0545,164,michaelthoward,4,0.1552,0.6209,0.0000,1,3
1924,2404,Eval.java,M,6,11,153,0.9273,0.0667,164,michaelthoward,4,0.0000,0.0000,0.0000,0,4
1924,2417,Eval.java,M,13,4,95,0.9596,0.0404,98,michaelthoward,2,0.0000,0.0000,0.0000,0,2
1925,2092,JmolViewer.java,M,5,29,556,0.9488,0.0495,585,michaelthoward,3,0.2301,0.6902,0.0000,1,2
1925,2093,JmolViewer.java,M,5,38,547,0.9334,0.0648,585,michaelthoward,3,0.2301,0.6902,0.0000,1,2
1926,1995,JmolViewer.java,M,6,21,631,0.9489,0.0316,664,michaelthoward,8,0.0027,0.0215,0.0000,0,8
1926,2001,JmolViewer.java,M,13,35,617,0.9278,0.0526,664,michaelthoward,0,0.0000,0.0000,0.0000,0,0
1926,2007,JmolViewer.java,M,8,40,612,0.9203,0.0602,664,michaelthoward,0,0.0000,0.0000,0.0000,0,0
1926,2024,JmolViewer.java,M,7,22,630,0.9474,0.0331,664,michaelthoward,3,0.0000,0.0000,0.0000,0,3
1926,2053,JmolViewer.java,M,5,18,615,0.9535,0.0279,644,michaelthoward,0,0.0000,0.0000,0.0000,0,0
1926,2054,JmolViewer.java,M,8,22,611,0.9473,0.0341,644,michaelthoward,0,0.0000,0.0000,0.0000,0,0
1926,2090,JmolViewer.java,M,5,36,550,0.9370,0.0613,586,michaelthoward,17,0.0006,0.0096,0.0000,0,17
1926,2092,JmolViewer.java,M,5,30,556,0.9472,0.0511,586,michaelthoward,3,0.2525,0.7576,0.0000,1,2
1926,2093,JmolViewer.java,M,5,39,547,0.9319,0.0664,586,michaelthoward,3,0.2525,0.7576,0.0000,1,2
1926,2096,JmolViewer.java,M,8,18,568,0.9676,0.0307,586,michaelthoward,0,0.0000,0.0000,0.0000,0,0
1927,1489,AtomRenderer.java,M,9,14,963,0.8867,0.0129,1085,michaelthoward,4,0.2500,1.0000,0.0000,1,3
1927,1838,BondRenderer.java,M,5,11,676,0.9657,0.0157,699,michaelthoward,3,0.0000,0.0000,0.0000,0,3
1927,2444,AtomRenderer.java,M,9,1,0,0.0000,1.0000,0,michaelthoward,4,0.2500,1.0000,0.0000,1,3
1928,1493,Eval.java,M,6,40,1032,0.9494,0.0368,1086,michaelthoward,4,0.1782,0.7129,0.0000,1,3
1928,1994,JmolViewer.java,M,8,28,626,0.9385,0.0420,666,michaelthoward,8,0.0000,0.0000,0.0000,0,8
1928,1999,JmolViewer.java,M,5,41,613,0.9190,0.0615,666,michaelthoward,14,0.0000,0.0000,0.0000,0,14
1928,2001,JmolViewer.java,M,13,36,618,0.9265,0.0540,666,michaelthoward,0,0.0000,0.0000,0.0000,0,0
1928,2007,JmolViewer.java,M,8,41,613,0.9190,0.0615,666,michaelthoward,0,0.0000,0.0000,0.0000,0,0
1928,2024,JmolViewer.java,M,7,23,631,0.9460,0.0345,666,michaelthoward,3,0.0000,0.0000,0.0000,0,3
1928,2090,JmolViewer.java,M,5,37,551,0.9355,0.0628,588,michaelthoward,17,0.0004,0.0063,0.0000,0,17
1928,2092,JmolViewer.java,M,5,31,557,0.9457,0.0526,588,michaelthoward,3,0.2677,0.8031,0.0000,1,2
1928,2093,JmolViewer.java,M,5,40,548,0.9304,0.0679,588,michaelthoward,3,0.2677,0.8031,0.0000,1,2
1928,2222,Frame.java,M,9,20,414,0.9517,0.0460,434,michaelthoward,0,0.0000,0.0000,0.0000,0,0
1928,2228,Frame.java,M,5,3,431,0.9908,0.0069,434,michaelthoward,2,0.0000,0.0000,0.0000,0,2
1928,2229,Frame.java,M,7,2,432,0.9931,0.0046,434,michaelthoward,0,0.0000,0.0000,0.0000,0,0
1928,2236,Frame.java,M,13,12,422,0.9701,0.0276,434,michaelthoward,0,0.0000,0.0000,0.0000,0,0
1928,2238,Frame.java,M,11,10,424,0.9747,0.0230,434,michaelthoward,0,0.0000,0.0000,0.0000,0,0
1928,2239,Frame.java,M,6,15,419,0.9632,0.0345,434,michaelthoward,0,0.0000,0.0000,0.0000,0,0
1928,2240,Frame.java,M,6,20,413,0.9494,0.0460,434,michaelthoward,3,0.0000,0.0000,0.0000,0,3
1928,2305,Eval.java,M,20,19,321,0.9413,0.0557,340,michaelthoward,11,0.0657,0.6206,0.0000,1,10
1928,2343,Eval.java,M,20,12,232,0.9469,0.0490,244,michaelthoward,11,0.0641,0.6206,0.0000,1,10
1928,2371,Frame.java,M,15,5,209,0.9766,0.0234,213,michaelthoward,13,0.0060,0.0782,0.0000,0,13
1928,2403,Eval.java,M,6,10,158,0.9349,0.0592,168,michaelthoward,4,0.1782,0.7129,0.0000,1,3
1928,2404,Eval.java,M,6,12,156,0.9231,0.0710,168,michaelthoward,4,0.0000,0.0000,0.0000,0,4
1928,2435,Frame.java,M,6,5,44,0.8980,0.1020,48,michaelthoward,0,0.0000,0.0000,0.0000,0,0
1928,2436,Frame.java,M,5,5,44,0.8980,0.1020,48,michaelthoward,15,0.0000,0.0000,0.0000,0,15
1928,2444,AtomRenderer.java,M,9,2,0,0.0000,1.0000,1,michaelthoward,4,0.1231,0.4925,0.0000,0,3
1929,2445,RepaintManager.java,M,12,1,0,0.0000,1.0000,0,michaelthoward,1,1.0000,1.0000,1.0000,1,0
1929,2446,RepaintManager.java,M,12,1,0,0.0000,1.0000,0,michaelthoward,1,1.0000,1.0000,1.0000,1,0
1931,2445,RepaintManager.java,M,12,2,1,0.3333,0.6667,2,michaelthoward,1,1.0000,1.0000,1.0000,1,0
1931,2446,RepaintManager.java,M,12,2,1,0.3333,0.6667,2,michaelthoward,1,1.0000,1.0000,1.0000,1,0
1931,2450,RepaintManager.java,M,5,1,0,0.0000,0.5000,1,michaelthoward,1,0.0000,0.0000,0.0000,0,1
1932,2424,SimpleModelAdapter.java,M,10,9,73,0.8690,0.1071,83,michaelthoward,4,0.2832,0.7393,0.0000,1,2
1932,2425,SimpleModelAdapter.java,M,10,7,74,0.8810,0.0833,83,michaelthoward,4,0.2530,0.7393,0.0000,1,2
1934,1493,Eval.java,M,6,41,1037,0.9488,0.0375,1092,michaelthoward,4,0.1944,0.7775,0.0000,1,3
1934,2093,JmolViewer.java,M,5,41,553,0.9294,0.0689,594,michaelthoward,3,0.2186,0.6557,0.0000,1,2
1934,2305,Eval.java,M,20,20,326,0.9395,0.0576,346,michaelthoward,11,0.0717,0.7206,0.0000,1,10
1934,2343,Eval.java,M,20,13,237,0.9442,0.0518,250,michaelthoward,11,0.0710,0.7206,0.0000,1,10
1934,2403,Eval.java,M,6,11,163,0.9314,0.0629,174,michaelthoward,4,0.1944,0.7775,0.0000,1,3
1934,2404,Eval.java,M,6,13,161,0.9200,0.0743,174,michaelthoward,4,0.0000,0.0000,0.0000,0,4
1934,2417,Eval.java,M,13,5,103,0.9450,0.0459,108,michaelthoward,2,0.0000,0.0000,0.0000,0,2
1934,2445,RepaintManager.java,M,12,3,3,0.5000,0.5000,5,michaelthoward,1,1.0000,1.0000,1.0000,1,0
1934,2446,RepaintManager.java,M,12,3,3,0.5000,0.5000,5,michaelthoward,1,1.0000,1.0000,1.0000,1,0
1934,2453,RepaintManager.java,M,5,1,0,0.0000,1.0000,0,michaelthoward,2,0.0000,0.0000,0.0000,0,2
1937,1493,Eval.java,M,6,42,1039,0.9480,0.0383,1095,jmol initial support for custom colors,4,0.2054,0.8215,0.0000,1,3
1937,1941,Graphics3D.java,M,19,12,655,0.9675,0.0177,676,jmol initial support for custom colors,1,0.0000,0.0000,0.0000,0,1
1937,1959,Graphics3D.java,M,7,25,642,0.9483,0.0369,676,jmol initial support for custom colors,5,0.4393,1.0000,0.0000,1,1
1937,2002,JmolViewer.java,M,8,12,651,0.9630,0.0178,675,jmol initial support for custom colors,0,0.0000,0.0000,0.0000,0,0
1937,2092,JmolViewer.java,M,5,32,565,0.9448,0.0535,597,jmol initial support for custom colors,3,0.2378,0.7133,0.0000,1,2
1937,2093,JmolViewer.java,M,5,42,555,0.9281,0.0702,597,jmol initial support for custom colors,3,0.2378,0.7133,0.0000,1,2
1937,2123,Graphics3D.java,M,14,12,572,0.9795,0.0205,583,jmol initial support for custom colors,1,0.9886,0.9886,0.9886,1,0
1937,2124,Graphics3D.java,M,14,9,572,0.9795,0.0154,583,jmol initial support for custom colors,1,0.9886,0.9886,0.9886,1,0
1937,2179,ColorManager.java,M,19,4,528,0.9888,0.0075,533,jmol initial support for custom colors,3,0.3055,0.9164,0.0000,1,2
1937,2180,ColorManager.java,M,19,2,530,0.9925,0.0037,533,jmol initial support for custom colors,3,0.3055,0.9164,0.0000,1,2
1937,2276,ColorManager.java,M,6,2,365,0.9918,0.0054,367,jmol initial support for custom colors,16,0.0000,0.0000,0.0000,0,16
1937,2343,Eval.java,M,20,14,239,0.9409,0.0551,253,jmol initial support for custom colors,11,0.0550,0.5594,0.0000,1,10
1937,2403,Eval.java,M,6,12,165,0.9270,0.0674,177,jmol initial support for custom colors,4,0.2054,0.8215,0.0000,1,3
1937,2404,Eval.java,M,6,14,163,0.9157,0.0787,177,jmol initial support for custom colors,4,0.0000,0.0000,0.0000,0,4
1937,2411,Shade3D.java,M,5,1,138,0.9857,0.0071,139,jmol initial support for custom colors,5,0.0000,0.0000,0.0000,0,5
1937,2417,Eval.java,M,13,6,105,0.9375,0.0536,111,jmol initial support for custom colors,2,0.0000,0.0000,0.0000,0,2
1939,1178,PreferencesDialog.java,M,5,17,1120,0.8229,0.0125,1360,michaelthoward,15,0.0620,0.8659,0.0000,1,14
1939,1429,JmolApplet.java,M,7,16,1129,0.9826,0.0139,1148,michaelthoward,7,0.0000,0.0000,0.0000,0,7
1939,1430,JmolApplet.java,M,8,13,1131,0.9843,0.0113,1148,michaelthoward,1,0.0000,0.0000,0.0000,0,1
1939,1444,TransformManager.java,M,5,4,1119,0.9842,0.0035,1136,michaelthoward,1,1.0000,1.0000,1.0000,1,0
1939,2007,JmolViewer.java,M,8,42,623,0.9189,0.0619,677,michaelthoward,0,0.0000,0.0000,0.0000,0,0
1939,2062,JmolApplet.java,M,7,4,632,0.9860,0.0062,640,michaelthoward,9,0.0000,0.0000,0.0000,0,9
1939,2065,JmolApplet.java,M,10,5,634,0.9891,0.0078,640,michaelthoward,7,0.1428,0.9998,0.0000,1,6
1939,2066,JmolApplet.java,M,10,4,635,0.9906,0.0062,640,michaelthoward,7,0.1428,0.9998,0.0000,1,6
1939,2089,JmolApplet.java,M,6,8,587,0.9735,0.0133,602,michaelthoward,2,0.0056,0.0112,0.0000,0,2
1939,2094,JmolApplet.java,M,6,2,589,0.9817,0.0033,599,michaelthoward,3,0.0000,0.0000,0.0000,0,3
1939,2190,TransformManager.java,M,5,2,512,0.9961,0.0039,513,michaelthoward,1,1.0000,1.0000,1.0000,1,0
1939,2191,PreferencesDialog.java,M,5,5,507,0.9864,0.0097,513,michaelthoward,15,0.0625,0.8659,0.0000,1,14
1939,2405,TransformManager.java,M,6,2,173,0.9830,0.0114,175,michaelthoward,1,0.0000,0.0000,0.0000,0,1
1939,2408,TransformManager.java,M,9,3,172,0.9773,0.0170,175,michaelthoward,0,0.0000,0.0000,0.0000,0,0
1940,2455,Graphics3D.java,M,5,1,2,0.5000,0.2500,3,michaelthoward,1,0.0000,0.0000,0.0000,0,1
1947,2305,Eval.java,M,20,21,338,0.9389,0.0583,359,michaelthoward,11,0.0433,0.4296,0.0000,0,10
1948,1999,JmolViewer.java,M,5,42,632,0.9199,0.0611,686,michaelthoward,14,0.0000,0.0000,0.0000,0,14
1948,2001,JmolViewer.java,M,13,37,637,0.9272,0.0539,686,michaelthoward,0,0.0000,0.0000,0.0000,0,0
1948,2007,JmolViewer.java,M,8,43,631,0.9185,0.0626,686,michaelthoward,0,0.0000,0.0000,0.0000,0,0
1948,2090,JmolViewer.java,M,5,38,570,0.9360,0.0624,608,michaelthoward,17,0.0002,0.0039,0.0000,0,17
1948,2093,JmolViewer.java,M,5,43,565,0.9278,0.0706,608,michaelthoward,3,0.1929,0.5787,0.0000,1,2
1949,1537,MeasurementManager.java,M,13,4,1018,0.9826,0.0039,1035,michaelthoward,1,1.0000,1.0000,1.0000,1,0
1949,1538,MeasurementManager.java,M,13,5,1018,0.9826,0.0048,1035,michaelthoward,1,1.0000,1.0000,1.0000,1,0
1949,2070,MeasurementManager.java,M,6,3,627,0.9782,0.0047,640,michaelthoward,3,0.0000,0.0000,0.0000,0,3
1950,2327,FrameRenderer.java,M,10,2,336,0.9912,0.0059,338,,2,0.4996,0.9991,0.0000,1,1
1950,2329,FrameRenderer.java,M,10,3,335,0.9911,0.0089,337,,2,0.4996,0.9991,0.0000,1,1
1951,1999,JmolViewer.java,M,5,43,634,0.9188,0.0623,689,michaelthoward,14,0.0000,0.0000,0.0000,0,14
1951,2222,Frame.java,M,9,21,436,0.9520,0.0459,457,michaelthoward,0,0.0000,0.0000,0.0000,0,0
1951,2239,Frame.java,M,6,16,441,0.9629,0.0349,457,michaelthoward,0,0.0000,0.0000,0.0000,0,0
1951,2240,Frame.java,M,6,21,435,0.9498,0.0459,457,michaelthoward,3,0.0000,0.0000,0.0000,0,3
1951,2435,Frame.java,M,6,6,66,0.9167,0.0833,71,michaelthoward,0,0.0000,0.0000,0.0000,0,0
1951,2436,Frame.java,M,5,6,66,0.9167,0.0833,71,michaelthoward,15,0.0000,0.0000,0.0000,0,15
1954,1994,JmolViewer.java,M,8,29,651,0.9394,0.0418,692,michaelthoward,8,0.0000,0.0000,0.0000,0,8
1954,1995,JmolViewer.java,M,6,22,658,0.9495,0.0317,692,michaelthoward,8,0.0789,0.6316,0.0000,1,7
1954,1999,JmolViewer.java,M,5,44,636,0.9177,0.0635,692,michaelthoward,14,0.0000,0.0000,0.0000,0,14
1954,2007,JmolViewer.java,M,8,44,636,0.9177,0.0635,692,michaelthoward,0,0.0000,0.0000,0.0000,0,0
1954,2008,JmolViewer.java,M,6,14,666,0.9610,0.0202,692,michaelthoward,8,0.0789,0.6316,0.0000,1,7
1954,2014,JmolViewer.java,M,13,14,622,0.8975,0.0202,692,michaelthoward,6,0.0000,0.0000,0.0000,0,6
1954,2024,JmolViewer.java,M,7,24,656,0.9466,0.0346,692,michaelthoward,3,0.0000,0.0000,0.0000,0,3
1954,2054,JmolViewer.java,M,8,23,638,0.9480,0.0342,672,michaelthoward,0,0.0000,0.0000,0.0000,0,0
1954,2092,JmolViewer.java,M,5,33,581,0.9447,0.0537,614,michaelthoward,3,0.2188,0.6563,0.0000,1,2
1954,2093,JmolViewer.java,M,5,44,570,0.9268,0.0715,614,michaelthoward,3,0.2188,0.6563,0.0000,1,2
1954,2096,JmolViewer.java,M,8,19,595,0.9675,0.0309,614,michaelthoward,0,0.0000,0.0000,0.0000,0,0
1954,2260,Eval.java,M,24,12,426,0.9704,0.0273,438,michaelthoward,0,0.0000,0.0000,0.0000,0,0
1954,2410,Eval.java,M,23,7,153,0.9563,0.0438,159,michaelthoward,0,0.0000,0.0000,0.0000,0,0
1955,1994,JmolViewer.java,M,8,30,651,0.9380,0.0432,693,michaelthoward,8,0.0000,0.0000,0.0000,0,8
1955,1995,JmolViewer.java,M,6,23,658,0.9481,0.0331,693,michaelthoward,8,0.0970,0.7757,0.0000,1,7
1955,1999,JmolViewer.java,M,5,45,636,0.9164,0.0648,693,michaelthoward,14,0.0000,0.0000,0.0000,0,14
1955,2007,JmolViewer.java,M,8,45,636,0.9164,0.0648,693,michaelthoward,0,0.0000,0.0000,0.0000,0,0
1955,2008,JmolViewer.java,M,6,15,666,0.9597,0.0216,693,michaelthoward,8,0.0970,0.7757,0.0000,1,7
1955,2014,JmolViewer.java,M,13,15,622,0.8963,0.0216,693,michaelthoward,6,0.0000,0.0000,0.0000,0,6
1955,2024,JmolViewer.java,M,7,25,656,0.9452,0.0360,693,michaelthoward,3,0.0000,0.0000,0.0000,0,3
1955,2053,JmolViewer.java,M,5,19,643,0.9540,0.0282,673,michaelthoward,0,0.0000,0.0000,0.0000,0,0
1955,2054,JmolViewer.java,M,8,24,638,0.9466,0.0356,673,michaelthoward,0,0.0000,0.0000,0.0000,0,0
1955,2092,JmolViewer.java,M,5,34,581,0.9432,0.0552,615,michaelthoward,3,0.2371,0.7112,0.0000,1,2
1955,2093,JmolViewer.java,M,5,45,570,0.9253,0.0731,615,michaelthoward,3,0.2371,0.7112,0.0000,1,2
1955,2096,JmolViewer.java,M,8,20,595,0.9659,0.0325,615,michaelthoward,0,0.0000,0.0000,0.0000,0,0
1955,2305,Eval.java,M,20,22,345,0.9375,0.0598,367,michaelthoward,11,0.0270,0.2717,0.0000,0,10
1955,2410,Eval.java,M,23,8,153,0.9503,0.0497,160,michaelthoward,0,0.0000,0.0000,0.0000,0,0
1956,1999,JmolViewer.java,M,5,46,636,0.9151,0.0662,694,michaelthoward,14,0.0000,0.0000,0.0000,0,14
1956,2007,JmolViewer.java,M,8,46,636,0.9151,0.0662,694,michaelthoward,0,0.0000,0.0000,0.0000,0,0
1956,2136,Dots.java,M,8,8,582,0.9831,0.0135,591,michaelthoward,2,0.0000,0.0000,0.0000,0,2
1956,2143,Dots.java,M,8,8,582,0.9848,0.0135,590,michaelthoward,3,0.3333,1.0000,0.0000,1,2
1956,2149,Dots.java,M,6,7,579,0.9864,0.0119,586,michaelthoward,3,0.3333,1.0000,0.0000,1,2
1956,2163,Dots.java,M,8,4,564,0.9912,0.0070,568,michaelthoward,3,0.3333,1.0000,0.0000,1,2
1956,2164,Dots.java,M,6,3,565,0.9930,0.0053,568,michaelthoward,3,0.3333,1.0000,0.0000,1,2
1956,2430,Mcps.java,M,9,1,102,0.9808,0.0096,103,michaelthoward,2,0.0000,0.0000,0.0000,0,2
1956,2431,Mcps.java,M,6,1,102,0.9808,0.0096,103,michaelthoward,9,0.1111,1.0000,0.0000,1,8
1956,2432,Mcps.java,M,6,1,102,0.9808,0.0096,103,michaelthoward,9,0.1111,1.0000,0.0000,1,8
1956,2463,Dots.java,M,20,1,0,0.0000,1.0000,0,michaelthoward,2,0.0000,0.0000,0.0000,0,2
1956,2465,Sticks.java,M,6,1,0,0.0000,1.0000,0,michaelthoward,1,0.0000,0.0000,0.0000,0,1
1957,1999,JmolViewer.java,M,5,47,636,0.9138,0.0675,695,michaelthoward,14,0.0000,0.0000,0.0000,0,14
1957,2007,JmolViewer.java,M,8,47,636,0.9138,0.0675,695,michaelthoward,0,0.0000,0.0000,0.0000,0,0
1958,2007,JmolViewer.java,M,8,48,636,0.9125,0.0689,696,michaelthoward,0,0.0000,0.0000,0.0000,0,0
1958,2093,JmolViewer.java,M,5,46,572,0.9241,0.0743,618,michaelthoward,3,0.2018,0.6055,0.0000,1,2
1958,2136,Dots.java,M,8,9,583,0.9815,0.0152,593,michaelthoward,2,0.0000,0.0000,0.0000,0,2
1958,2139,Dots.java,M,5,4,580,0.9764,0.0067,593,michaelthoward,4,0.0000,0.0000,0.0000,0,4
1958,2143,Dots.java,M,8,9,583,0.9831,0.0152,592,michaelthoward,3,0.3333,1.0000,0.0000,1,2
1958,2149,Dots.java,M,6,8,580,0.9847,0.0136,588,michaelthoward,3,0.3333,1.0000,0.0000,1,2
1958,2163,Dots.java,M,8,5,565,0.9895,0.0088,570,michaelthoward,3,0.3333,1.0000,0.0000,1,2
1958,2164,Dots.java,M,6,4,566,0.9912,0.0070,570,michaelthoward,3,0.3333,1.0000,0.0000,1,2
1958,2222,Frame.java,M,9,22,442,0.9505,0.0473,464,michaelthoward,0,0.0000,0.0000,0.0000,0,0
1958,2239,Frame.java,M,6,17,447,0.9613,0.0366,464,michaelthoward,0,0.0000,0.0000,0.0000,0,0
1958,2240,Frame.java,M,6,22,441,0.9484,0.0473,464,michaelthoward,3,0.0000,0.0000,0.0000,0,3
1958,2431,Mcps.java,M,6,2,103,0.9717,0.0189,105,michaelthoward,9,0.0539,0.4850,0.0000,0,8
1958,2435,Frame.java,M,6,7,72,0.9114,0.0886,78,michaelthoward,0,0.0000,0.0000,0.0000,0,0
1958,2436,Frame.java,M,5,7,72,0.9114,0.0886,78,michaelthoward,15,0.0000,0.0000,0.0000,0,15
1958,2464,Balls.java,M,5,1,1,0.3333,0.3333,2,michaelthoward,0,0.0000,0.0000,0.0000,0,0
1960,1141,PreferencesDialog.java,M,11,18,1357,0.9819,0.0130,1381,michaelthoward,5,0.0000,0.0000,0.0000,0,5
1960,1144,PreferencesDialog.java,M,5,22,1353,0.9790,0.0159,1381,michaelthoward,1,1.0000,1.0000,1.0000,1,0
1960,1148,PreferencesDialog.java,M,5,6,1369,0.9906,0.0043,1381,michaelthoward,1,1.0000,1.0000,1.0000,1,0
1960,1154,PreferencesDialog.java,M,6,19,1356,0.9812,0.0137,1381,michaelthoward,4,0.2466,0.9864,0.0000,1,3
1960,1156,PreferencesDialog.java,M,7,14,1361,0.9848,0.0101,1381,michaelthoward,4,0.9999,1.0000,0.9998,4,0
1960,1160,PreferencesDialog.java,M,6,17,1349,0.9761,0.0123,1381,michaelthoward,1,0.0066,0.0066,0.0066,0,1
1960,1164,PreferencesDialog.java,M,6,17,1358,0.9826,0.0123,1381,michaelthoward,4,0.2466,0.9864,0.0000,1,3
1960,1168,PreferencesDialog.java,M,7,15,1360,0.9841,0.0109,1381,michaelthoward,4,0.9999,1.0000,0.9998,4,0
1960,1169,PreferencesDialog.java,M,7,20,1355,0.9805,0.0145,1381,michaelthoward,4,0.9999,1.0000,0.9998,4,0
1960,1170,PreferencesDialog.java,M,7,18,1357,0.9819,0.0130,1381,michaelthoward,4,0.9999,1.0000,0.9998,4,0
1960,1171,PreferencesDialog.java,M,7,17,1358,0.9826,0.0123,1381,michaelthoward,4,0.9999,1.0000,0.9998,4,0
1960,1174,PreferencesDialog.java,M,5,26,1349,0.9761,0.0188,1381,michaelthoward,15,0.2132,1.0000,0.0000,4,11
1960,1175,PreferencesDialog.java,M,5,22,1349,0.9761,0.0159,1381,michaelthoward,15,0.2034,0.9201,0.0000,4,11
1960,1176,PreferencesDialog.java,M,6,21,1351,0.9776,0.0152,1381,michaelthoward,0,0.0000,0.0000,0.0000,0,0
1960,1178,PreferencesDialog.java,M,5,18,1140,0.8249,0.0130,1381,michaelthoward,15,0.1854,0.9481,0.0000,4,11
1960,1435,PreferencesDialog.java,M,5,16,1137,0.9785,0.0138,1161,michaelthoward,15,0.2132,1.0000,0.0000,4,11
1960,1994,JmolViewer.java,M,8,31,655,0.9371,0.0443,698,michaelthoward,8,0.0000,0.0000,0.0000,0,8
1960,1995,JmolViewer.java,M,6,24,662,0.9471,0.0343,698,michaelthoward,8,0.1057,0.8458,0.0000,1,7
1960,1999,JmolViewer.java,M,5,48,638,0.9127,0.0687,698,michaelthoward,14,0.0000,0.0000,0.0000,0,14
1960,2007,JmolViewer.java,M,8,49,637,0.9113,0.0701,698,michaelthoward,0,0.0000,0.0000,0.0000,0,0
1960,2008,JmolViewer.java,M,6,16,670,0.9585,0.0229,698,michaelthoward,8,0.1057,0.8458,0.0000,1,7
1960,2014,JmolViewer.java,M,13,16,626,0.8956,0.0229,698,michaelthoward,6,0.0000,0.0000,0.0000,0,6
1960,2024,JmolViewer.java,M,7,26,660,0.9442,0.0372,698,michaelthoward,3,0.0000,0.0000,0.0000,0,3
1960,2054,JmolViewer.java,M,8,25,642,0.9455,0.0368,678,michaelthoward,0,0.0000,0.0000,0.0000,0,0
1960,2092,JmolViewer.java,M,5,35,585,0.9420,0.0564,620,michaelthoward,3,0.2198,0.6593,0.0000,1,2
1960,2093,JmolViewer.java,M,5,47,573,0.9227,0.0757,620,michaelthoward,3,0.2198,0.6593,0.0000,1,2
1960,2096,JmolViewer.java,M,8,21,599,0.9646,0.0338,620,michaelthoward,0,0.0000,0.0000,0.0000,0,0
1960,2191,PreferencesDialog.java,M,5,6,527,0.9850,0.0112,534,michaelthoward,15,0.1920,0.9481,0.0000,4,11
1961,236,Jmol.java,M,6,44,1755,0.8954,0.0224,1959,michaelthoward,1,0.0000,0.0000,0.0000,0,1
1961,275,Jmol.java,M,5,53,1805,0.9209,0.0270,1959,michaelthoward,8,0.1250,1.0000,0.0000,1,7
1961,523,Jmol.java,M,6,25,1739,0.9015,0.0130,1928,michaelthoward,1,0.9782,0.9782,0.9782,1,0
1961,1040,Jmol.java,M,6,25,1456,0.9798,0.0168,1485,michaelthoward,1,0.9782,0.9782,0.9782,1,0
1961,1535,Jmol.java,M,5,11,984,0.9389,0.0105,1047,michaelthoward,8,0.1250,1.0000,0.0000,1,7
1961,2264,Jmol.java,M,7,6,391,0.9849,0.0151,396,michaelthoward,9,0.0000,0.0000,0.0000,0,9
1961,2418,Jmol.java,M,6,2,132,0.9851,0.0149,133,michaelthoward,1,1.0000,1.0000,1.0000,1,0
1961,2419,Jmol.java,M,6,2,132,0.9851,0.0149,133,michaelthoward,1,1.0000,1.0000,1.0000,1,0
1962,1994,JmolViewer.java,M,8,32,656,0.9358,0.0456,700,michaelthoward,8,0.0000,0.0000,0.0000,0,8
1962,1995,JmolViewer.java,M,6,25,663,0.9458,0.0357,700,michaelthoward,8,0.0794,0.6351,0.0000,1,7
1962,1999,JmolViewer.java,M,5,49,639,0.9116,0.0699,700,michaelthoward,14,0.0000,0.0000,0.0000,0,14
1962,2007,JmolViewer.java,M,8,50,638,0.9101,0.0713,700,michaelthoward,0,0.0000,0.0000,0.0000,0,0
1962,2014,JmolViewer.java,M,13,17,627,0.8944,0.0243,700,michaelthoward,6,0.0000,0.0000,0.0000,0,6
1962,2024,JmolViewer.java,M,7,27,661,0.9429,0.0385,700,michaelthoward,3,0.0000,0.0000,0.0000,0,3
1962,2053,JmolViewer.java,M,5,20,649,0.9530,0.0294,680,michaelthoward,0,0.0000,0.0000,0.0000,0,0
1962,2092,JmolViewer.java,M,5,36,586,0.9406,0.0578,622,michaelthoward,4,0.1757,0.7023,0.0000,1,3
1962,2093,JmolViewer.java,M,5,48,574,0.9213,0.0770,622,michaelthoward,4,0.1757,0.7023,0.0000,1,3
1962,2096,JmolViewer.java,M,8,22,600,0.9631,0.0353,622,michaelthoward,0,0.0000,0.0000,0.0000,0,0
1973,1604,JmolPopupSwing.java,M,9,3,852,0.9873,0.0035,862,michaelthoward,1,0.0000,0.0000,0.0000,0,1
1973,2412,JmolPopupSwing.java,M,8,1,164,0.9939,0.0061,164,michaelthoward,1,0.0000,0.0000,0.0000,0,1
1973,2413,JmolPopupSwing.java,M,8,2,163,0.9879,0.0121,164,michaelthoward,3,0.0000,0.0000,0.0000,0,3
1973,2467,JmolPopupAwt.java,M,5,1,0,0.0000,1.0000,0,michaelthoward,9,0.0000,0.0000,0.0000,0,9
1977,1994,JmolViewer.java,M,8,33,670,0.9358,0.0461,715,michaelthoward,8,0.0000,0.0000,0.0000,0,8
1977,1995,JmolViewer.java,M,6,26,677,0.9455,0.0363,715,michaelthoward,8,0.0922,0.7376,0.0000,1,7
1977,1999,JmolViewer.java,M,5,50,653,0.9120,0.0698,715,michaelthoward,14,0.0000,0.0000,0.0000,0,14
1977,2007,JmolViewer.java,M,8,51,652,0.9106,0.0712,715,michaelthoward,0,0.0000,0.0000,0.0000,0,0
1977,2008,JmolViewer.java,M,6,17,686,0.9581,0.0237,715,michaelthoward,8,0.0922,0.7376,0.0000,1,7
1977,2014,JmolViewer.java,M,13,18,641,0.8953,0.0251,715,michaelthoward,6,0.0000,0.0000,0.0000,0,6
1977,2024,JmolViewer.java,M,7,28,675,0.9427,0.0391,715,michaelthoward,3,0.0000,0.0000,0.0000,0,3
1977,2053,JmolViewer.java,M,5,21,663,0.9526,0.0302,695,michaelthoward,0,0.0000,0.0000,0.0000,0,0
1977,2054,JmolViewer.java,M,8,26,658,0.9454,0.0374,695,michaelthoward,0,0.0000,0.0000,0.0000,0,0
1977,2092,JmolViewer.java,M,5,37,600,0.9404,0.0580,637,michaelthoward,4,0.1880,0.7516,0.0000,1,3
1977,2093,JmolViewer.java,M,5,49,588,0.9216,0.0768,637,michaelthoward,4,0.1880,0.7516,0.0000,1,3
1977,2096,JmolViewer.java,M,8,23,614,0.9624,0.0361,637,michaelthoward,0,0.0000,0.0000,0.0000,0,0
1977,2469,JmolPopupAwt.java,M,7,1,0,0.0000,1.0000,0,michaelthoward,0,0.0000,0.0000,0.0000,0,0
1977,2471,JmolPopupAwt.java,M,7,1,0,0.0000,1.0000,0,michaelthoward,0,0.0000,0.0000,0.0000,0,0
1978,2007,JmolViewer.java,M,8,52,652,0.9093,0.0725,716,michaelthoward,0,0.0000,0.0000,0.0000,0,0
1978,2092,JmolViewer.java,M,5,38,600,0.9390,0.0595,638,michaelthoward,4,0.1606,0.6421,0.0000,1,3
1978,2222,Frame.java,M,9,23,461,0.9505,0.0474,484,michaelthoward,0,0.0000,0.0000,0.0000,0,0
1978,2240,Frame.java,M,6,23,460,0.9485,0.0474,484,michaelthoward,3,0.0000,0.0000,0.0000,0,3
1978,2371,Frame.java,M,15,6,258,0.9773,0.0227,263,michaelthoward,13,0.0015,0.0191,0.0000,0,13
1978,2431,Mcps.java,M,6,3,122,0.9683,0.0238,125,michaelthoward,9,0.0816,0.7343,0.0000,1,8
1978,2432,Mcps.java,M,6,2,123,0.9762,0.0159,125,michaelthoward,9,0.0816,0.7343,0.0000,1,8
1978,2435,Frame.java,M,6,8,91,0.9192,0.0808,98,michaelthoward,0,0.0000,0.0000,0.0000,0,0
1978,2436,Frame.java,M,5,8,91,0.9192,0.0808,98,michaelthoward,15,0.0000,0.0000,0.0000,0,15
1980,2468,Mcps.java,M,5,1,3,0.6000,0.2000,4,michaelthoward,7,0.0000,0.0000,0.0000,0,7
1981,2348,PdbAtom.java,M,5,2,291,0.9831,0.0068,295,michaelthoward,0,0.0000,0.0000,0.0000,0,0
1982,2167,SimpleModelAdapter.java,M,5,13,572,0.9679,0.0220,590,michaelthoward,4,0.3459,0.9993,0.0000,1,2
1982,2339,SimpleModelAdapter.java,M,5,20,291,0.9327,0.0641,311,michaelthoward,4,0.3459,0.9993,0.0000,1,2
1982,2424,SimpleModelAdapter.java,M,10,10,122,0.9104,0.0746,133,michaelthoward,4,0.2648,0.8839,0.0000,1,3
1982,2425,SimpleModelAdapter.java,M,10,8,123,0.9179,0.0597,133,michaelthoward,4,0.2513,0.8839,0.0000,1,3
1985,1999,JmolViewer.java,M,5,51,660,0.9116,0.0704,723,michaelthoward,14,0.0000,0.0000,0.0000,0,14
1985,2007,JmolViewer.java,M,8,53,658,0.9088,0.0732,723,michaelthoward,0,0.0000,0.0000,0.0000,0,0
1985,2024,JmolViewer.java,M,7,29,682,0.9420,0.0401,723,michaelthoward,3,0.0000,0.0000,0.0000,0,3
1985,2453,RepaintManager.java,M,5,2,50,0.9615,0.0385,51,michaelthoward,2,0.0000,0.0000,0.0000,0,2
1991,2455,Graphics3D.java,M,5,2,52,0.9455,0.0364,54,michaelthoward,1,0.0000,0.0000,0.0000,0,1
1994,2411,Shade3D.java,M,5,2,194,0.9848,0.0102,196,michaelthoward,5,0.0000,0.0000,0.0000,0,5
1996,2411,Shade3D.java,M,5,3,195,0.9799,0.0151,198,michaelthoward,5,0.0000,0.0000,0.0000,0,5
1998,2284,Cylinder3D.java,M,5,3,414,0.9928,0.0072,416,michaelthoward,7,0.0000,0.0000,0.0000,0,7
1999,1972,Line3D.java,M,5,6,723,0.9783,0.0081,738,michaelthoward,4,0.0000,0.0000,0.0000,0,4
1999,2123,Graphics3D.java,M,14,13,633,0.9799,0.0201,645,michaelthoward,1,0.1345,0.1345,0.1345,0,1
1999,2283,Line3D.java,M,24,4,419,0.9882,0.0094,423,michaelthoward,5,0.1999,0.9995,0.0000,1,4
1999,2287,Line3D.java,M,24,3,414,0.9928,0.0072,416,michaelthoward,5,0.1999,0.9995,0.0000,1,4
1999,2308,Line3D.java,M,23,4,406,0.9902,0.0098,409,michaelthoward,2,0.0000,0.0000,0.0000,0,2
1999,2394,Line3D.java,M,10,2,252,0.9921,0.0079,253,michaelthoward,0,0.0000,0.0000,0.0000,0,0
1999,2455,Graphics3D.java,M,5,3,59,0.9365,0.0476,62,michaelthoward,1,0.0000,0.0000,0.0000,0,1
1999,2474,Line3D.java,M,74,1,0,0.0000,1.0000,0,michaelthoward,10,0.1000,1.0000,0.0000,1,9
1999,2475,Line3D.java,M,22,1,0,0.0000,1.0000,0,michaelthoward,4,0.0000,0.0000,0.0000,0,4
2000,2411,Shade3D.java,M,5,4,198,0.9754,0.0197,202,michaelthoward,5,0.0000,0.0000,0.0000,0,5
2002,2126,SimpleModelAdapter.java,M,6,14,626,0.9766,0.0218,640,michaelthoward,2,0.0000,0.0000,0.0000,0,2
2002,2127,SimpleModelAdapter.java,M,5,16,624,0.9735,0.0250,640,michaelthoward,2,0.0000,0.0000,0.0000,0,2
2002,2129,SimpleModelAdapter.java,M,6,14,625,0.9750,0.0218,640,michaelthoward,2,0.0000,0.0000,0.0000,0,2
2002,2131,SimpleModelAdapter.java,M,5,21,618,0.9641,0.0328,640,michaelthoward,4,0.3443,0.6888,0.0000,2,2
2002,2167,SimpleModelAdapter.java,M,5,14,591,0.9673,0.0229,610,michaelthoward,4,0.4220,0.9996,0.0000,2,2
2002,2339,SimpleModelAdapter.java,M,5,21,310,0.9337,0.0633,331,michaelthoward,4,0.4221,0.9996,0.0000,2,2
2002,2424,SimpleModelAdapter.java,M,10,11,141,0.9156,0.0714,153,michaelthoward,4,0.3830,0.9422,0.0000,2,2
2002,2425,SimpleModelAdapter.java,M,10,9,142,0.9221,0.0584,153,michaelthoward,4,0.3763,0.9422,0.0000,2,2
2002,2426,SimpleModelAdapter.java,M,10,8,140,0.9091,0.0519,153,michaelthoward,4,0.2882,0.5898,0.0000,2,2
2002,2440,SimpleModelAdapter.java,M,5,3,110,0.9735,0.0265,112,michaelthoward,4,0.0084,0.0334,0.0000,0,4
2011,2007,JmolViewer.java,M,8,54,683,0.9107,0.0720,749,michaelthoward,0,0.0000,0.0000,0.0000,0,0
2011,2222,Frame.java,M,9,24,493,0.9517,0.0463,517,michaelthoward,0,0.0000,0.0000,0.0000,0,0
2011,2228,Frame.java,M,5,4,513,0.9903,0.0077,517,michaelthoward,0,0.0000,0.0000,0.0000,0,0
2011,2239,Frame.java,M,6,18,499,0.9633,0.0347,517,michaelthoward,0,0.0000,0.0000,0.0000,0,0
2011,2240,Frame.java,M,6,24,492,0.9498,0.0463,517,michaelthoward,3,0.0000,0.0000,0.0000,0,3
2011,2371,Frame.java,M,15,7,290,0.9764,0.0236,296,michaelthoward,13,0.0005,0.0063,0.0000,0,13
2011,2435,Frame.java,M,6,9,123,0.9318,0.0682,131,michaelthoward,0,0.0000,0.0000,0.0000,0,0
2011,2436,Frame.java,M,5,9,123,0.9318,0.0682,131,michaelthoward,15,0.0000,0.0000,0.0000,0,15
2012,1413,Compiler.java,M,5,13,1205,0.9781,0.0106,1231,michaelthoward,2,0.9998,0.9998,0.9998,2,0
2012,1420,Compiler.java,M,11,6,1212,0.9838,0.0049,1231,michaelthoward,0,0.0000,0.0000,0.0000,0,0
2012,1421,Compiler.java,M,9,11,1207,0.9797,0.0089,1231,michaelthoward,2,0.0000,0.0000,0.0000,0,2
2012,1423,Compiler.java,M,5,11,1207,0.9797,0.0089,1231,michaelthoward,2,0.9999,1.0000,0.9998,2,0
2012,1525,Compiler.java,M,5,7,1127,0.9826,0.0061,1146,michaelthoward,2,0.9999,1.0000,0.9998,2,0
2012,2192,Compiler.java,M,5,5,580,0.9915,0.0085,584,michaelthoward,8,0.3676,0.9804,0.0000,3,5
2012,2194,Compiler.java,M,5,9,576,0.9846,0.0154,584,michaelthoward,8,0.3738,1.0000,0.0000,3,5
2012,2195,Compiler.java,M,5,8,577,0.9863,0.0137,584,michaelthoward,8,0.3738,1.0000,0.0000,3,5
2012,2255,Compiler.java,M,5,7,492,0.9840,0.0140,499,michaelthoward,7,0.1415,0.9906,0.0000,1,6
2012,2256,Compiler.java,M,5,5,491,0.9820,0.0100,499,michaelthoward,7,0.1415,0.9906,0.0000,1,6
2012,2391,Compiler.java,M,5,5,265,0.9815,0.0185,269,michaelthoward,8,0.3738,1.0000,0.0000,3,5
2013,2007,JmolViewer.java,M,8,55,684,0.9096,0.0731,751,michaelthoward,0,0.0000,0.0000,0.0000,0,0
2015,2456,BallsRenderer.java,M,7,1,65,0.9701,0.0149,66,michaelthoward,3,0.0000,0.0000,0.0000,0,3
2015,2457,BallsRenderer.java,M,7,1,65,0.9701,0.0149,66,michaelthoward,4,0.0000,0.0000,0.0000,0,4
2015,2480,BallsRenderer.java,M,7,1,0,0.0000,1.0000,0,michaelthoward,3,0.0000,0.0000,0.0000,0,3
2016,2482,Labels.java,M,7,1,0,0.0000,1.0000,0,michaelthoward,10,0.1000,1.0000,0.0000,1,9
2016,2483,Labels.java,M,7,1,0,0.0000,1.0000,0,michaelthoward,10,0.1000,1.0000,0.0000,1,9
2019,1509,Eval.java,M,11,39,1117,0.9531,0.0333,1171,michaelthoward,2,0.0000,0.0000,0.0000,0,2
2019,1994,JmolViewer.java,M,8,34,711,0.9380,0.0449,757,michaelthoward,8,0.0000,0.0000,0.0000,0,8
2019,1995,JmolViewer.java,M,6,27,718,0.9472,0.0356,757,michaelthoward,10,0.0868,0.4976,0.0000,0,8
2019,1999,JmolViewer.java,M,5,52,693,0.9142,0.0686,757,michaelthoward,14,0.0000,0.0000,0.0000,0,14
2019,2007,JmolViewer.java,M,8,56,689,0.9090,0.0739,757,michaelthoward,0,0.0000,0.0000,0.0000,0,0
2019,2024,JmolViewer.java,M,7,30,715,0.9433,0.0396,757,michaelthoward,3,0.0000,0.0000,0.0000,0,3
2019,2053,JmolViewer.java,M,5,22,704,0.9539,0.0298,737,michaelthoward,0,0.0000,0.0000,0.0000,0,0
2019,2054,JmolViewer.java,M,8,27,699,0.9472,0.0366,737,michaelthoward,0,0.0000,0.0000,0.0000,0,0
2019,2096,JmolViewer.java,M,8,24,655,0.9632,0.0353,679,michaelthoward,0,0.0000,0.0000,0.0000,0,0
2019,2222,Frame.java,M,9,25,500,0.9506,0.0475,525,michaelthoward,0,0.0000,0.0000,0.0000,0,0
2019,2228,Frame.java,M,5,5,520,0.9886,0.0095,525,michaelthoward,0,0.0000,0.0000,0.0000,0,0
2019,2239,Frame.java,M,6,19,506,0.9620,0.0361,525,michaelthoward,0,0.0000,0.0000,0.0000,0,0
2019,2240,Frame.java,M,6,25,499,0.9487,0.0475,525,michaelthoward,3,0.0000,0.0000,0.0000,0,3
2019,2435,Frame.java,M,6,10,130,0.9286,0.0714,139,michaelthoward,0,0.0000,0.0000,0.0000,0,0
2019,2436,Frame.java,M,5,10,130,0.9286,0.0714,139,michaelthoward,15,0.0000,0.0000,0.0000,0,15
2019,2484,PdbFile.java,M,5,1,0,0.0000,1.0000,0,michaelthoward,5,0.2000,1.0000,0.0000,1,4
2019,2485,PdbModel.java,M,5,1,0,0.0000,1.0000,0,michaelthoward,5,0.2000,1.0000,0.0000,1,4
2020,2255,Compiler.java,M,5,8,499,0.9823,0.0157,507,michaelthoward,7,0.1423,0.9958,0.0000,1,6
2020,2256,Compiler.java,M,5,6,498,0.9803,0.0118,507,michaelthoward,7,0.1423,0.9958,0.0000,1,6
2021,1424,Eval.java,M,5,20,1207,0.9726,0.0161,1240,michaelthoward,0,0.0000,0.0000,0.0000,0,0
2021,1432,Eval.java,M,18,27,1185,0.9666,0.0220,1225,michaelthoward,3,0.3323,0.9970,0.0000,1,2
2021,1433,Eval.java,M,18,23,1185,0.9666,0.0188,1225,michaelthoward,3,0.3323,0.9970,0.0000,1,2
2021,1493,Eval.java,M,6,43,1122,0.9508,0.0364,1179,michaelthoward,4,0.2371,0.9484,0.0000,1,3
2021,1505,Eval.java,M,6,17,1143,0.9736,0.0145,1173,michaelthoward,4,0.0000,0.0000,0.0000,0,4
2021,1507,Eval.java,M,11,26,1134,0.9659,0.0221,1173,michaelthoward,8,0.0000,0.0000,0.0000,0,8
2021,1509,Eval.java,M,11,40,1118,0.9523,0.0341,1173,michaelthoward,2,0.0000,0.0000,0.0000,0,2
2021,1512,Eval.java,M,9,19,1140,0.9727,0.0162,1171,michaelthoward,4,0.2496,0.9984,0.0000,1,3
2021,1513,Eval.java,M,9,24,1135,0.9684,0.0205,1171,michaelthoward,4,0.2496,0.9984,0.0000,1,3
2021,1526,Eval.java,M,6,16,1127,0.9749,0.0138,1155,michaelthoward,4,0.0000,0.0000,0.0000,0,4
2021,2260,Eval.java,M,24,13,492,0.9723,0.0257,505,michaelthoward,0,0.0000,0.0000,0.0000,0,0
2021,2305,Eval.java,M,20,23,410,0.9447,0.0530,433,michaelthoward,11,0.1202,0.6902,0.0000,2,9
2021,2342,Eval.java,M,20,6,331,0.9793,0.0178,337,michaelthoward,11,0.1266,0.7600,0.0000,2,9
2021,2343,Eval.java,M,20,15,322,0.9527,0.0444,337,michaelthoward,11,0.1318,0.7600,0.0000,2,9
2021,2403,Eval.java,M,6,13,248,0.9466,0.0496,261,michaelthoward,4,0.2371,0.9484,0.0000,1,3
2021,2404,Eval.java,M,6,15,246,0.9389,0.0573,261,michaelthoward,4,0.0000,0.0000,0.0000,0,4
2021,2410,Eval.java,M,23,9,218,0.9604,0.0396,226,michaelthoward,0,0.0000,0.0000,0.0000,0,0
2021,2415,Eval.java,M,13,3,201,0.9853,0.0147,203,michaelthoward,9,0.1101,0.9911,0.0000,1,8
2021,2416,Eval.java,M,13,2,202,0.9902,0.0098,203,michaelthoward,9,0.1101,0.9911,0.0000,1,8
2023,55,HelpDialog.java,M,51,7,2011,0.9946,0.0035,2021,egonw,2,0.0000,0.0000,0.0000,0,2
2023,57,HelpDialog.java,M,5,8,2009,0.9936,0.0040,2021,egonw,2,0.0000,0.0000,0.0000,0,2
2023,61,HelpDialog.java,M,6,6,2011,0.9946,0.0030,2021,egonw,2,0.0000,0.0000,0.0000,0,2
2023,1543,ScriptWindow.java,M,6,4,1082,0.9899,0.0037,1092,egonw,5,0.2000,1.0000,0.0000,1,4
2023,1546,ScriptWindow.java,M,8,4,1082,0.9899,0.0037,1092,egonw,1,1.0000,1.0000,1.0000,1,0
2023,1548,ScriptWindow.java,M,8,5,1081,0.9890,0.0046,1092,egonw,1,1.0000,1.0000,1.0000,1,0
2023,1553,ScriptWindow.java,M,6,3,1080,0.9926,0.0028,1087,egonw,5,0.2000,1.0000,0.0000,1,4
2023,2067,ScriptWindow.java,M,5,2,707,0.9819,0.0028,719,egonw,3,0.0000,0.0000,0.0000,0,3
2025,236,Jmol.java,M,6,45,1818,0.8982,0.0222,2023,egonw,3,0.0000,0.0000,0.0000,0,3
2025,270,Jmol.java,M,5,13,1640,0.8103,0.0064,2023,egonw,10,0.0000,0.0000,0.0000,0,10
2025,275,Jmol.java,M,5,54,1868,0.9229,0.0267,2023,egonw,9,0.1111,1.0000,0.0000,1,8
2025,523,Jmol.java,M,6,26,1802,0.9042,0.0130,1992,egonw,1,0.9971,0.9971,0.9971,1,0
2025,1040,Jmol.java,M,6,26,1519,0.9800,0.0168,1549,egonw,1,0.9971,0.9971,0.9971,1,0
2025,1535,Jmol.java,M,5,12,1047,0.9415,0.0108,1111,egonw,9,0.1111,1.0000,0.0000,1,8
2025,2264,Jmol.java,M,7,7,454,0.9848,0.0152,460,egonw,9,0.0000,0.0000,0.0000,0,9
2025,2418,Jmol.java,M,6,3,195,0.9848,0.0152,197,egonw,1,1.0000,1.0000,1.0000,1,0
2025,2419,Jmol.java,M,6,3,195,0.9848,0.0152,197,egonw,1,1.0000,1.0000,1.0000,1,0
2026,1994,JmolViewer.java,M,8,35,717,0.9373,0.0458,764,michaelthoward,8,0.0000,0.0000,0.0000,0,8
2026,1999,JmolViewer.java,M,5,53,699,0.9137,0.0693,764,michaelthoward,14,0.0000,0.0000,0.0000,0,14
2026,2007,JmolViewer.java,M,8,57,695,0.9085,0.0745,764,michaelthoward,0,0.0000,0.0000,0.0000,0,0
2026,2008,JmolViewer.java,M,6,18,734,0.9595,0.0235,764,michaelthoward,10,0.0230,0.2296,0.0000,0,9
2026,2014,JmolViewer.java,M,13,19,689,0.9007,0.0248,764,michaelthoward,6,0.0000,0.0000,0.0000,0,6
2026,2024,JmolViewer.java,M,7,31,721,0.9425,0.0405,764,michaelthoward,3,0.0000,0.0000,0.0000,0,3
2026,2053,JmolViewer.java,M,5,23,710,0.9530,0.0309,744,michaelthoward,0,0.0000,0.0000,0.0000,0,0
2026,2054,JmolViewer.java,M,8,28,705,0.9463,0.0376,744,michaelthoward,0,0.0000,0.0000,0.0000,0,0
2026,2092,JmolViewer.java,M,5,39,647,0.9418,0.0568,686,michaelthoward,5,0.3109,0.6961,0.0000,1,2
2026,2093,JmolViewer.java,M,5,50,636,0.9258,0.0728,686,michaelthoward,5,0.2902,0.6961,0.0000,1,2
2026,2096,JmolViewer.java,M,8,25,661,0.9622,0.0364,686,michaelthoward,0,0.0000,0.0000,0.0000,0,0
2026,2146,JmolViewer.java,M,5,9,602,0.9149,0.0137,657,michaelthoward,5,0.3612,0.9991,0.0000,1,2
2026,2243,Measurement.java,M,7,1,531,0.9962,0.0019,532,michaelthoward,0,0.0000,0.0000,0.0000,0,0
2026,2244,Measurement.java,M,5,1,531,0.9962,0.0019,532,michaelthoward,0,0.0000,0.0000,0.0000,0,0
2026,2488,MouseManager.java,M,8,1,0,0.0000,1.0000,0,michaelthoward,2,0.0000,0.0000,0.0000,0,2
2026,2492,Measurement.java,M,41,1,0,0.0000,1.0000,0,michaelthoward,1,0.0000,0.0000,0.0000,0,1
2026,2493,Measurement.java,M,7,1,0,0.0000,1.0000,0,michaelthoward,2,0.0000,0.0000,0.0000,0,2
2027,1994,JmolViewer.java,M,8,36,717,0.9360,0.0470,765,michaelthoward,10,0.1000,1.0000,0.0000,1,9
2027,1999,JmolViewer.java,M,5,54,699,0.9125,0.0705,765,michaelthoward,14,0.0000,0.0000,0.0000,0,14
2027,2007,JmolViewer.java,M,8,58,695,0.9073,0.0757,765,michaelthoward,0,0.0000,0.0000,0.0000,0,0
2027,2024,JmolViewer.java,M,7,32,721,0.9413,0.0418,765,michaelthoward,3,0.0000,0.0000,0.0000,0,3
2027,2076,MeasurementTable.java,M,11,1,712,0.9916,0.0014,717,michaelthoward,5,0.0000,0.0000,0.0000,0,5
2027,2093,JmolViewer.java,M,5,51,636,0.9244,0.0741,687,michaelthoward,4,0.2647,0.5153,0.0000,1,1
2027,2222,Frame.java,M,9,26,507,0.9494,0.0487,533,michaelthoward,0,0.0000,0.0000,0.0000,0,0
2027,2240,Frame.java,M,6,26,506,0.9476,0.0487,533,michaelthoward,4,0.2500,1.0000,0.0000,1,3
2027,2243,Measurement.java,M,7,2,531,0.9944,0.0037,533,michaelthoward,0,0.0000,0.0000,0.0000,0,0
2027,2244,Measurement.java,M,5,2,531,0.9944,0.0037,533,michaelthoward,0,0.0000,0.0000,0.0000,0,0
2027,2435,Frame.java,M,6,11,137,0.9257,0.0743,147,michaelthoward,0,0.0000,0.0000,0.0000,0,0
2027,2436,Frame.java,M,5,11,137,0.9257,0.0743,147,michaelthoward,15,0.0000,0.0000,0.0000,0,15
2027,2490,Measures.java,M,6,1,0,0.0000,0.5000,1,michaelthoward,4,0.2500,1.0000,0.0000,1,3
2027,2499,Measures.java,M,6,1,0,0.0000,1.0000,0,michaelthoward,10,0.1000,1.0000,0.0000,1,9
2030,1493,Eval.java,M,6,44,1130,0.9504,0.0370,1188,michaelthoward,4,0.1228,0.4911,0.0000,0,3
2030,2455,Graphics3D.java,M,5,4,89,0.9468,0.0426,93,michaelthoward,1,0.0000,0.0000,0.0000,0,1
2031,1413,Compiler.java,M,5,14,1223,0.9776,0.0112,1250,michaelthoward,2,0.9999,0.9999,0.9999,2,0
2031,1421,Compiler.java,M,9,12,1225,0.9792,0.0096,1250,michaelthoward,2,0.0000,0.0000,0.0000,0,2
2031,1423,Compiler.java,M,5,12,1225,0.9792,0.0096,1250,michaelthoward,2,1.0000,1.0000,0.9999,2,0
2031,1525,Compiler.java,M,5,8,1145,0.9820,0.0069,1165,michaelthoward,2,1.0000,1.0000,0.9999,2,0
2031,2194,Compiler.java,M,5,10,594,0.9834,0.0166,603,michaelthoward,8,0.2555,1.0000,0.0000,2,5
2031,2195,Compiler.java,M,5,9,595,0.9851,0.0149,603,michaelthoward,8,0.2010,0.6806,0.0000,2,5
2031,2255,Compiler.java,M,5,9,509,0.9807,0.0173,518,michaelthoward,7,0.0802,0.5613,0.0000,1,6
2031,2391,Compiler.java,M,5,6,283,0.9792,0.0208,288,michaelthoward,8,0.2555,1.0000,0.0000,2,5
2033,1431,Eval.java,M,5,23,1204,0.9710,0.0185,1239,michaelthoward,3,0.0000,0.0000,0.0000,0,3
2033,1493,Eval.java,M,6,45,1132,0.9497,0.0378,1191,michaelthoward,4,0.1667,0.6669,0.0000,1,3
2033,1507,Eval.java,M,11,27,1145,0.9654,0.0228,1185,michaelthoward,6,0.0000,0.0000,0.0000,0,6
2033,1509,Eval.java,M,11,41,1129,0.9519,0.0346,1185,michaelthoward,2,0.0000,0.0000,0.0000,0,2
2033,2343,Eval.java,M,20,16,333,0.9514,0.0457,349,michaelthoward,11,0.0677,0.3785,0.0000,0,9
2033,2403,Eval.java,M,6,14,259,0.9453,0.0511,273,michaelthoward,4,0.1667,0.6669,0.0000,1,3
2033,2404,Eval.java,M,6,16,257,0.9380,0.0584,273,michaelthoward,4,0.0000,0.0000,0.0000,0,4
2033,2417,Eval.java,M,13,7,199,0.9567,0.0337,207,michaelthoward,4,0.0000,0.0000,0.0000,0,4
2033,2500,Echo.java,M,6,1,2,0.5000,0.2500,3,michaelthoward,17,0.0000,0.0000,0.0000,0,17
2034,2500,Echo.java,M,6,2,2,0.4000,0.4000,4,michaelthoward,17,0.0000,0.0000,0.0000,0,17
2034,2501,Echo.java,M,6,1,3,0.6000,0.2000,4,michaelthoward,2,0.0000,0.0000,0.0000,0,2
2034,2505,Echo.java,M,5,1,3,0.6000,0.2000,4,michaelthoward,5,0.2000,1.0000,0.0000,1,4
2034,2506,Echo.java,M,5,1,3,0.6000,0.2000,4,michaelthoward,5,0.2000,1.0000,0.0000,1,4
2034,2507,Graphics3D.java,M,5,1,0,0.0000,1.0000,0,michaelthoward,0,0.0000,0.0000,0.0000,0,0
2035,1493,Eval.java,M,6,46,1133,0.9489,0.0385,1193,michaelthoward,4,0.1891,0.7563,0.0000,1,3
2035,2343,Eval.java,M,20,17,334,0.9489,0.0483,351,michaelthoward,11,0.0448,0.2558,0.0000,0,9
2035,2403,Eval.java,M,6,15,260,0.9420,0.0543,275,michaelthoward,4,0.1891,0.7563,0.0000,1,3
2035,2404,Eval.java,M,6,17,258,0.9348,0.0616,275,michaelthoward,4,0.0000,0.0000,0.0000,0,4
2037,1933,Text3D.java,M,5,3,761,0.9794,0.0039,776,michaelthoward,8,0.1250,1.0000,0.0000,1,7
2037,2209,Text3D.java,M,5,1,552,0.9964,0.0018,553,michaelthoward,8,0.1250,1.0000,0.0000,1,7
2037,2210,Text3D.java,M,7,2,552,0.9964,0.0036,553,michaelthoward,5,0.0000,0.0000,0.0000,0,5
2037,2500,Echo.java,M,6,3,4,0.5000,0.3750,7,michaelthoward,17,0.0000,0.0000,0.0000,0,17
2037,2502,Echo.java,M,6,1,3,0.3750,0.1250,7,michaelthoward,3,0.0000,0.0000,0.0000,0,3
2037,2504,Echo.java,M,5,1,6,0.7500,0.1250,7,michaelthoward,5,0.2090,0.5225,0.0000,2,3
2037,2505,Echo.java,M,5,2,5,0.6250,0.2500,7,michaelthoward,5,0.3045,1.0000,0.0000,2,3
2037,2506,Echo.java,M,5,2,5,0.6250,0.2500,7,michaelthoward,5,0.3045,1.0000,0.0000,2,3
2038,1999,JmolViewer.java,M,5,55,709,0.9125,0.0708,776,michaelthoward,14,0.0000,0.0000,0.0000,0,14
2038,2007,JmolViewer.java,M,8,59,705,0.9073,0.0759,776,michaelthoward,0,0.0000,0.0000,0.0000,0,0
2038,2462,Balls.java,M,19,1,81,0.9759,0.0120,82,michaelthoward,7,0.0000,0.0000,0.0000,0,7
2038,2463,Dots.java,M,20,2,81,0.9759,0.0241,82,michaelthoward,0,0.0000,0.0000,0.0000,0,0
2038,2464,Balls.java,M,5,2,80,0.9639,0.0241,82,michaelthoward,0,0.0000,0.0000,0.0000,0,0
2038,2465,Sticks.java,M,6,2,81,0.9759,0.0241,82,michaelthoward,1,0.0000,0.0000,0.0000,0,1
2038,2482,Labels.java,M,7,2,21,0.9130,0.0870,22,michaelthoward,10,0.1000,1.0000,0.0000,1,9
2038,2483,Labels.java,M,7,2,21,0.9130,0.0870,22,michaelthoward,10,0.1000,1.0000,0.0000,1,9
2038,2508,LabelsRenderer.java,M,5,1,1,0.5000,0.5000,1,michaelthoward,4,0.0000,0.0000,0.0000,0,4
2042,2488,MouseManager.java,M,8,2,15,0.8824,0.1176,16,michaelthoward,2,0.0000,0.0000,0.0000,0,2
2044,2488,MouseManager.java,M,8,3,16,0.8421,0.1579,18,michaelthoward,2,0.0000,0.0000,0.0000,0,2
2045,2167,SimpleModelAdapter.java,M,5,15,633,0.9679,0.0229,653,michaelthoward,4,0.4721,0.9999,0.0000,2,2
2045,2221,Atom.java,M,11,2,548,0.9928,0.0036,551,michaelthoward,3,0.0000,0.0000,0.0000,0,3
2045,2222,Frame.java,M,9,27,524,0.9493,0.0489,551,michaelthoward,0,0.0000,0.0000,0.0000,0,0
2045,2228,Frame.java,M,5,6,545,0.9873,0.0109,551,michaelthoward,0,0.0000,0.0000,0.0000,0,0
2045,2339,SimpleModelAdapter.java,M,5,22,352,0.9387,0.0587,374,michaelthoward,4,0.4721,0.9999,0.0000,2,2
2045,2424,SimpleModelAdapter.java,M,10,12,183,0.9289,0.0609,196,michaelthoward,4,0.4586,0.9796,0.0000,2,2
2045,2425,SimpleModelAdapter.java,M,10,10,184,0.9340,0.0508,196,michaelthoward,4,0.4562,0.9796,0.0000,2,2
2045,2426,SimpleModelAdapter.java,M,10,9,182,0.9239,0.0457,196,michaelthoward,4,0.4250,0.8548,0.0000,2,2
2045,2435,Frame.java,M,6,12,154,0.9277,0.0723,165,michaelthoward,0,0.0000,0.0000,0.0000,0,0
2045,2436,Frame.java,M,5,12,154,0.9277,0.0723,165,michaelthoward,15,0.0000,0.0000,0.0000,0,15
2046,2348,PdbAtom.java,M,5,3,355,0.9834,0.0083,360,michaelthoward,0,0.0000,0.0000,0.0000,0,0
2047,1994,JmolViewer.java,M,8,37,736,0.9364,0.0471,785,michaelthoward,10,0.0354,0.3543,0.0000,0,9
2047,1995,JmolViewer.java,M,6,28,745,0.9478,0.0356,785,michaelthoward,10,0.0365,0.2312,0.0000,0,9
2047,1999,JmolViewer.java,M,5,56,717,0.9122,0.0712,785,michaelthoward,14,0.0000,0.0000,0.0000,0,14
2047,2007,JmolViewer.java,M,8,60,713,0.9071,0.0763,785,michaelthoward,0,0.0000,0.0000,0.0000,0,0
2047,2092,JmolViewer.java,M,5,40,667,0.9421,0.0565,707,michaelthoward,4,0.2330,0.4567,0.0000,0,1
2047,2222,Frame.java,M,9,28,525,0.9477,0.0505,553,michaelthoward,0,0.0000,0.0000,0.0000,0,0
2047,2228,Frame.java,M,5,7,546,0.9856,0.0126,553,michaelthoward,0,0.0000,0.0000,0.0000,0,0
2047,2240,Frame.java,M,6,27,525,0.9477,0.0487,553,michaelthoward,4,0.0886,0.3543,0.0000,0,3
2047,2371,Frame.java,M,15,8,325,0.9760,0.0240,332,michaelthoward,13,0.0002,0.0021,0.0000,0,13
2047,2435,Frame.java,M,6,13,155,0.9226,0.0774,167,michaelthoward,0,0.0000,0.0000,0.0000,0,0
2047,2436,Frame.java,M,5,13,155,0.9226,0.0774,167,michaelthoward,15,0.0000,0.0000,0.0000,0,15
2048,2041,CdkJmolModelAdapter.java,M,5,13,761,0.9807,0.0168,775,michaelthoward,3,0.0000,0.0000,0.0000,0,3
2048,2043,CdkJmolModelAdapter.java,M,5,13,761,0.9807,0.0168,775,michaelthoward,5,0.0000,0.0000,0.0000,0,5
2049,1432,Eval.java,M,18,28,1212,0.9665,0.0223,1253,michaelthoward,3,0.1015,0.3045,0.0000,0,2
2049,2405,TransformManager.java,M,6,3,282,0.9860,0.0105,285,michaelthoward,3,0.0000,0.0000,0.0000,0,3
2049,2408,TransformManager.java,M,9,4,281,0.9825,0.0140,285,michaelthoward,0,0.0000,0.0000,0.0000,0,0
2049,2496,MouseManager.java,M,5,1,20,0.8333,0.0417,23,michaelthoward,3,0.0000,0.0000,0.0000,0,3
2051,2015,JmolViewer.java,M,6,4,234,0.2962,0.0051,789,michaelthoward,5,0.0000,0.0000,0.0000,0,5
2051,2488,MouseManager.java,M,8,4,22,0.8462,0.1538,25,michaelthoward,2,0.0000,0.0000,0.0000,0,2
2052,2255,Compiler.java,M,5,10,529,0.9796,0.0185,539,michaelthoward,7,0.0441,0.3085,0.0000,0,6
2052,2391,Compiler.java,M,5,7,303,0.9774,0.0226,309,michaelthoward,8,0.1248,0.4567,0.0000,0,6
2060,2581,FileManager.java,M,13,1,0,0.0000,1.0000,0,egonw,0,0.0000,0.0000,0.0000,0,0
2060,2582,FileManager.java,M,5,1,0,0.0000,1.0000,0,egonw,1,1.0000,1.0000,1.0000,1,0
2060,2583,FileManager.java,M,5,1,0,0.0000,1.0000,0,egonw,1,1.0000,1.0000,1.0000,1,0
2063,2537,Model.java,M,6,1,7,0.7778,0.1111,8,michaelthoward,6,0.0000,0.0000,0.0000,0,6
2063,2538,Model.java,M,5,1,7,0.7778,0.1111,8,michaelthoward,3,0.0000,0.0000,0.0000,0,3
2063,2539,Model.java,M,5,1,7,0.7778,0.1111,8,michaelthoward,2,0.0000,0.0000,0.0000,0,2
2063,2582,FileManager.java,M,5,2,2,0.5000,0.5000,3,michaelthoward,1,1.0000,1.0000,1.0000,1,0
2063,2583,FileManager.java,M,5,2,2,0.5000,0.5000,3,michaelthoward,1,1.0000,1.0000,1.0000,1,0
2065,2585,ModelResolver.java,M,5,1,0,0.0000,1.0000,0,michaelthoward,4,0.0000,0.0000,0.0000,0,4
2069,2423,FileManager.java,M,6,3,230,0.9829,0.0128,233,michaelthoward,6,0.0003,0.0019,0.0000,0,6
2069,2496,MouseManager.java,M,5,2,38,0.8636,0.0455,43,michaelthoward,3,0.0000,0.0000,0.0000,0,3
2073,2496,MouseManager.java,M,5,3,41,0.8542,0.0625,47,michaelthoward,3,0.0000,0.0000,0.0000,0,3
2079,2496,MouseManager.java,M,5,4,46,0.8519,0.0741,53,michaelthoward,3,0.0000,0.0000,0.0000,0,3
2082,2059,FileManager.java,M,12,5,780,0.9799,0.0063,795,michaelthoward,5,0.1319,0.6593,0.0000,1,4
2082,2060,FileManager.java,M,12,5,780,0.9799,0.0063,795,michaelthoward,5,0.1319,0.6593,0.0000,1,4
2082,2422,FileManager.java,M,6,3,243,0.9798,0.0121,247,michaelthoward,6,0.0001,0.0008,0.0000,0,6
2084,2533,Atom.java,M,6,1,28,0.9333,0.0333,29,michaelthoward,3,0.0000,0.0000,0.0000,0,3
2084,2538,Model.java,M,5,2,27,0.9000,0.0667,29,michaelthoward,3,0.0000,0.0000,0.0000,0,3
2084,2539,Model.java,M,5,2,27,0.9000,0.0667,29,michaelthoward,2,0.0000,0.0000,0.0000,0,2
2084,2591,XyzReader.java,M,10,1,12,0.8571,0.0714,13,michaelthoward,21,0.0000,0.0000,0.0000,0,21
2084,2599,PdbReader.java,M,57,1,12,0.8571,0.0714,13,michaelthoward,7,0.0000,0.0000,0.0000,0,7
2084,2603,PdbReader.java,M,5,1,12,0.8571,0.0714,13,michaelthoward,1,0.0000,0.0000,0.0000,0,1
2084,2609,JmeReader.java,M,10,1,0,0.0000,1.0000,0,michaelthoward,5,0.0000,0.0000,0.0000,0,5
2084,2610,MolReader.java,M,11,1,0,0.0000,1.0000,0,michaelthoward,2,0.0000,0.0000,0.0000,0,2
2085,2563,SimpleModelAdapter.java,M,57,1,22,0.7097,0.0323,30,michaelthoward,7,0.0725,0.5075,0.0000,1,6
2085,2599,PdbReader.java,M,57,2,12,0.8000,0.1333,14,michaelthoward,7,0.0725,0.5075,0.0000,1,6
2087,2587,PdbReader.java,M,5,1,15,0.8824,0.0588,16,michaelthoward,2,1.0000,1.0000,1.0000,2,0
2087,2588,PdbReader.java,M,5,1,15,0.8824,0.0588,16,michaelthoward,2,1.0000,1.0000,1.0000,2,0
2087,2589,PdbReader.java,M,5,1,15,0.8824,0.0588,16,michaelthoward,2,1.0000,1.0000,1.0000,2,0
2087,2598,PdbReader.java,M,63,1,15,0.8824,0.0588,16,michaelthoward,3,0.0000,0.0000,0.0000,0,3
2087,2610,MolReader.java,M,11,2,2,0.5000,0.5000,3,michaelthoward,2,0.0000,0.0000,0.0000,0,2
2088,2600,PdbReader.java,M,26,1,16,0.8889,0.0556,17,michaelthoward,2,0.0000,0.0000,0.0000,0,2
2088,2605,PdbReader.java,M,10,1,16,0.8889,0.0556,17,michaelthoward,2,0.5000,1.0000,0.0000,1,1
2088,2606,PdbReader.java,M,10,1,16,0.8889,0.0556,17,michaelthoward,2,0.5000,1.0000,0.0000,1,1
2090,2590,PdbReader.java,M,5,1,18,0.9000,0.0500,19,michaelthoward,4,0.0000,0.0000,0.0000,0,4
2090,2601,PdbReader.java,M,12,1,18,0.9000,0.0500,19,michaelthoward,1,0.0000,0.0000,0.0000,0,1
2090,2604,PdbReader.java,M,10,1,18,0.9000,0.0500,19,michaelthoward,2,0.5150,0.5150,0.5150,2,0
2090,2605,PdbReader.java,M,10,2,17,0.8500,0.1000,19,michaelthoward,2,0.7575,1.0000,0.5150,2,0
2090,2606,PdbReader.java,M,10,2,17,0.8500,0.1000,19,michaelthoward,2,0.7575,1.0000,0.5150,2,0
2090,2614,PdbReader.java,M,8,1,2,0.6667,0.3333,2,michaelthoward,3,0.0000,0.0000,0.0000,0,3
2090,2617,ModelReader.java,M,5,1,1,0.3333,0.3333,2,michaelthoward,8,0.2500,1.0000,0.0000,2,6
2090,2619,ModelReader.java,M,5,1,1,0.3333,0.3333,2,michaelthoward,8,0.2500,1.0000,0.0000,2,6
2090,2622,ModelReader.java,M,5,1,0,0.0000,1.0000,0,michaelthoward,6,0.3333,1.0000,0.0000,2,4
2090,2623,ModelReader.java,M,5,1,0,0.0000,1.0000,0,michaelthoward,6,0.3333,1.0000,0.0000,2,4
2090,2624,ModelReader.java,M,5,1,0,0.0000,1.0000,0,michaelthoward,6,0.3333,1.0000,0.0000,2,4
2091,2590,PdbReader.java,M,5,2,18,0.8571,0.0952,20,michaelthoward,4,0.0000,0.0000,0.0000,0,4
2092,2627,CifReader.java,M,6,1,0,0.0000,1.0000,0,michaelthoward,3,0.0000,0.0000,0.0000,0,3
2094,2127,SimpleModelAdapter.java,M,5,17,714,0.9741,0.0232,732,michaelthoward,2,0.0000,0.0000,0.0000,0,2
2094,2167,SimpleModelAdapter.java,M,5,16,680,0.9673,0.0228,702,michaelthoward,8,0.2471,1.0000,0.0000,2,6
2094,2222,Frame.java,M,9,29,571,0.9501,0.0483,600,michaelthoward,0,0.0000,0.0000,0.0000,0,0
2094,2240,Frame.java,M,6,28,571,0.9501,0.0466,600,michaelthoward,4,0.0243,0.0972,0.0000,0,4
2094,2339,SimpleModelAdapter.java,M,5,23,399,0.9410,0.0542,423,michaelthoward,8,0.2471,1.0000,0.0000,2,6
2094,2348,PdbAtom.java,M,5,4,402,0.9829,0.0098,408,michaelthoward,0,0.0000,0.0000,0.0000,0,0
2094,2424,SimpleModelAdapter.java,M,10,13,230,0.9350,0.0528,245,michaelthoward,4,0.4891,0.9946,0.0000,2,2
2094,2425,SimpleModelAdapter.java,M,10,11,231,0.9390,0.0447,245,michaelthoward,4,0.4885,0.9946,0.0000,2,2
2094,2426,SimpleModelAdapter.java,M,10,10,229,0.9309,0.0407,245,michaelthoward,4,0.4803,0.9619,0.0000,2,2
2094,2435,Frame.java,M,6,14,201,0.9349,0.0651,214,michaelthoward,0,0.0000,0.0000,0.0000,0,0
2094,2436,Frame.java,M,5,14,201,0.9349,0.0651,214,michaelthoward,15,0.0000,0.0000,0.0000,0,15
2094,2536,SimpleModelAdapter.java,M,6,1,39,0.9750,0.0250,39,michaelthoward,8,0.0000,0.0000,0.0000,0,8
2094,2607,SimpleModelAdapter.java,M,5,1,10,0.9091,0.0909,10,michaelthoward,6,0.0000,0.0000,0.0000,0,6
2095,2126,SimpleModelAdapter.java,M,6,15,717,0.9768,0.0204,733,michaelthoward,2,0.0000,0.0000,0.0000,0,2
2095,2127,SimpleModelAdapter.java,M,5,18,714,0.9728,0.0245,733,michaelthoward,2,0.0000,0.0000,0.0000,0,2
2095,2129,SimpleModelAdapter.java,M,6,15,716,0.9755,0.0204,733,michaelthoward,4,0.0910,0.3640,0.0000,0,3
2095,2131,SimpleModelAdapter.java,M,5,22,709,0.9659,0.0300,733,michaelthoward,8,0.2464,0.9856,0.0000,2,6
2095,2167,SimpleModelAdapter.java,M,5,17,680,0.9659,0.0241,703,michaelthoward,8,0.2482,1.0000,0.0000,2,6
2095,2221,Atom.java,M,11,3,597,0.9917,0.0050,601,michaelthoward,3,0.0000,0.0000,0.0000,0,3
2095,2339,SimpleModelAdapter.java,M,5,24,399,0.9388,0.0565,424,michaelthoward,8,0.2482,1.0000,0.0000,2,6
2095,2424,SimpleModelAdapter.java,M,10,14,230,0.9312,0.0567,246,michaelthoward,4,0.2779,0.5651,0.0000,2,2
2095,2484,PdbFile.java,M,5,2,75,0.9740,0.0260,76,michaelthoward,4,0.0232,0.0928,0.0000,0,4
2095,2536,SimpleModelAdapter.java,M,6,2,39,0.9512,0.0488,40,michaelthoward,8,0.0000,0.0000,0.0000,0,8
2095,2545,SimpleModelAdapter.java,M,7,1,32,0.7805,0.0244,40,michaelthoward,5,0.0000,0.0000,0.0000,0,5
2095,2590,PdbReader.java,M,5,3,21,0.8400,0.1200,24,michaelthoward,4,0.0910,0.3640,0.0000,0,3
2095,2604,PdbReader.java,M,10,2,22,0.8800,0.0800,24,michaelthoward,2,0.6966,0.6966,0.6966,2,0
2095,2605,PdbReader.java,M,10,3,21,0.8400,0.1200,24,michaelthoward,2,0.8483,1.0000,0.6966,2,0
2095,2606,PdbReader.java,M,10,3,21,0.8400,0.1200,24,michaelthoward,2,0.8483,1.0000,0.6966,2,0
2095,2607,SimpleModelAdapter.java,M,5,2,10,0.8333,0.1667,11,michaelthoward,6,0.0000,0.0000,0.0000,0,6
2095,2613,SimpleModelAdapter.java,M,8,1,7,0.8750,0.1250,7,michaelthoward,3,0.0000,0.0000,0.0000,0,3
2097,2337,ColorManager.java,M,6,4,230,0.5192,0.0090,442,michaelthoward,2,0.0000,0.0000,0.0000,0,2
2097,2632,PdbAtom.java,M,6,1,0,0.0000,1.0000,0,michaelthoward,0,0.0000,0.0000,0.0000,0,0
2097,2633,ColorManager.java,M,6,1,0,0.0000,1.0000,0,michaelthoward,0,0.0000,0.0000,0.0000,0,0
2100,1509,Eval.java,M,11,42,1195,0.9537,0.0335,1252,michaelthoward,2,0.0000,0.0000,0.0000,0,2
2101,1432,Eval.java,M,18,29,1263,0.9671,0.0222,1305,michaelthoward,3,0.2795,0.8385,0.0000,1,2
2101,1433,Eval.java,M,18,24,1264,0.9678,0.0184,1305,michaelthoward,3,0.2795,0.8385,0.0000,1,2
2101,1493,Eval.java,M,6,47,1198,0.9508,0.0373,1259,michaelthoward,4,0.2293,0.9172,0.0000,1,3
2101,1507,Eval.java,M,11,28,1212,0.9665,0.0223,1253,michaelthoward,6,0.0000,0.0000,0.0000,0,6
2101,1509,Eval.java,M,11,43,1195,0.9530,0.0343,1253,michaelthoward,2,0.0000,0.0000,0.0000,0,2
2101,1512,Eval.java,M,9,20,1219,0.9736,0.0160,1251,michaelthoward,6,0.3195,0.9999,0.0000,2,4
2101,1513,Eval.java,M,9,25,1214,0.9696,0.0200,1251,michaelthoward,6,0.3195,0.9999,0.0000,2,4
2101,1526,Eval.java,M,6,17,1206,0.9757,0.0138,1235,michaelthoward,4,0.0000,0.0000,0.0000,0,4
2101,2027,Eval.java,M,9,4,385,0.4583,0.0048,839,michaelthoward,6,0.3039,0.9117,0.0000,2,4
2101,2221,Atom.java,M,11,4,602,0.9901,0.0066,607,michaelthoward,3,0.0000,0.0000,0.0000,0,3
2101,2260,Eval.java,M,24,14,571,0.9744,0.0239,585,michaelthoward,0,0.0000,0.0000,0.0000,0,0
2101,2305,Eval.java,M,20,24,489,0.9514,0.0467,513,michaelthoward,11,0.0936,0.9533,0.0000,1,10
2101,2342,Eval.java,M,20,7,410,0.9809,0.0167,417,michaelthoward,11,0.0927,0.9533,0.0000,1,10
2101,2403,Eval.java,M,6,16,325,0.9503,0.0468,341,michaelthoward,4,0.2293,0.9172,0.0000,1,3
2101,2404,Eval.java,M,6,18,323,0.9444,0.0526,341,michaelthoward,4,0.0000,0.0000,0.0000,0,4
2101,2410,Eval.java,M,23,10,297,0.9674,0.0326,306,michaelthoward,0,0.0000,0.0000,0.0000,0,0
2101,2415,Eval.java,M,13,4,280,0.9859,0.0141,283,michaelthoward,9,0.1110,0.9993,0.0000,1,8
2101,2416,Eval.java,M,13,3,281,0.9894,0.0106,283,michaelthoward,9,0.1110,0.9993,0.0000,1,8
2101,2417,Eval.java,M,13,8,266,0.9638,0.0290,275,michaelthoward,4,0.0000,0.0000,0.0000,0,4
2101,2636,PdbFile.java,M,5,1,0,0.0000,1.0000,0,michaelthoward,7,0.0000,0.0000,0.0000,0,7
2102,2357,PdbFile.java,M,5,2,394,0.9899,0.0050,397,michaelthoward,0,0.0000,0.0000,0.0000,0,0
2102,2358,PdbFile.java,M,8,4,392,0.9849,0.0101,397,michaelthoward,1,0.0000,0.0000,0.0000,0,1
2104,2484,PdbFile.java,M,5,3,83,0.9651,0.0349,85,michaelthoward,4,0.1464,0.5430,0.0000,1,3
2104,2486,PdbFile.java,M,5,1,83,0.9651,0.0116,85,michaelthoward,4,0.1358,0.5430,0.0000,1,3
2104,2601,PdbReader.java,M,12,2,31,0.9118,0.0588,33,michaelthoward,1,0.0000,0.0000,0.0000,0,1
2104,2602,PdbReader.java,M,19,1,32,0.9412,0.0294,33,michaelthoward,3,0.0000,0.0000,0.0000,0,3
2104,2604,PdbReader.java,M,10,3,30,0.8824,0.0882,33,michaelthoward,2,0.4674,0.4674,0.4674,0,0
2104,2636,PdbFile.java,M,5,2,2,0.5000,0.5000,3,michaelthoward,7,0.0000,0.0000,0.0000,0,7
2104,2643,PdbReader.java,M,7,1,0,0.0000,1.0000,0,michaelthoward,0,0.0000,0.0000,0.0000,0,0
2105,2484,PdbFile.java,M,5,4,83,0.9540,0.0460,86,michaelthoward,4,0.1835,0.7070,0.0000,1,3
2105,2486,PdbFile.java,M,5,2,83,0.9540,0.0230,86,michaelthoward,4,0.1768,0.7070,0.0000,1,3
2107,236,Jmol.java,M,6,46,1899,0.9017,0.0218,2105,michaelthoward,4,0.0000,0.0000,0.0000,0,4
2107,270,Jmol.java,M,5,14,1721,0.8172,0.0066,2105,michaelthoward,6,0.0000,0.0000,0.0000,0,6
2107,275,Jmol.java,M,5,55,1949,0.9255,0.0261,2105,michaelthoward,10,0.1000,1.0000,0.0000,1,9
2107,523,Jmol.java,M,6,27,1883,0.9075,0.0130,2074,michaelthoward,1,0.9997,0.9997,0.9997,1,0
2107,1040,Jmol.java,M,6,27,1600,0.9804,0.0165,1631,michaelthoward,1,0.9997,0.9997,0.9997,1,0
2107,1174,PreferencesDialog.java,M,5,27,1495,0.9778,0.0177,1528,michaelthoward,15,0.2657,1.0000,0.0000,4,11
2107,1175,PreferencesDialog.java,M,5,23,1495,0.9778,0.0150,1528,michaelthoward,15,0.2655,0.9989,0.0000,4,11
2107,1176,PreferencesDialog.java,M,6,22,1497,0.9791,0.0144,1528,michaelthoward,0,0.0000,0.0000,0.0000,0,0
2107,1178,PreferencesDialog.java,M,5,19,1286,0.8411,0.0124,1528,michaelthoward,15,0.2651,0.9990,0.0000,4,11
2107,1435,PreferencesDialog.java,M,5,17,1283,0.9801,0.0130,1308,michaelthoward,15,0.2657,1.0000,0.0000,4,11
2107,1535,Jmol.java,M,5,13,1128,0.9447,0.0109,1193,michaelthoward,10,0.1000,1.0000,0.0000,1,9
2107,2191,PreferencesDialog.java,M,5,7,673,0.9868,0.0103,681,michaelthoward,15,0.2653,0.9990,0.0000,4,11
2107,2264,Jmol.java,M,7,8,535,0.9853,0.0147,542,michaelthoward,9,0.0000,0.0000,0.0000,0,9
2107,2338,Jmol.java,M,6,6,443,0.9844,0.0133,449,michaelthoward,5,0.0000,0.0000,0.0000,0,5
2107,2418,Jmol.java,M,6,4,276,0.9857,0.0143,279,michaelthoward,1,1.0000,1.0000,1.0000,1,0
2107,2419,Jmol.java,M,6,4,276,0.9857,0.0143,279,michaelthoward,1,1.0000,1.0000,1.0000,1,0
2108,275,Jmol.java,M,5,56,1949,0.9250,0.0266,2106,michaelthoward,10,0.0516,0.5160,0.0000,1,9
2109,275,Jmol.java,M,5,57,1949,0.9246,0.0270,2107,michaelthoward,10,0.0677,0.6771,0.0000,1,9
2109,2264,Jmol.java,M,7,9,536,0.9835,0.0165,544,michaelthoward,9,0.0000,0.0000,0.0000,0,9
2109,2338,Jmol.java,M,6,7,444,0.9823,0.0155,451,michaelthoward,5,0.0000,0.0000,0.0000,0,5
2110,275,Jmol.java,M,5,58,1949,0.9241,0.0275,2108,michaelthoward,10,0.0504,0.5042,0.0000,1,9
2110,2338,Jmol.java,M,6,8,444,0.9801,0.0177,452,michaelthoward,3,0.0000,0.0000,0.0000,0,3
2111,2338,Jmol.java,M,6,9,444,0.9780,0.0198,453,michaelthoward,3,0.0000,0.0000,0.0000,0,3
2113,275,Jmol.java,M,5,59,1951,0.9238,0.0279,2111,michaelthoward,10,0.0612,0.6125,0.0000,1,9
2113,523,Jmol.java,M,6,28,1888,0.9073,0.0135,2080,michaelthoward,1,0.9999,0.9999,0.9999,1,0
2113,1040,Jmol.java,M,6,28,1605,0.9799,0.0171,1637,michaelthoward,1,0.9999,0.9999,0.9999,1,0
2113,1535,Jmol.java,M,5,14,1133,0.9442,0.0117,1199,michaelthoward,10,0.0612,0.6125,0.0000,1,9
2113,2264,Jmol.java,M,7,10,539,0.9818,0.0182,548,michaelthoward,9,0.0000,0.0000,0.0000,0,9
2113,2338,Jmol.java,M,6,10,445,0.9759,0.0219,455,michaelthoward,3,0.0000,0.0000,0.0000,0,3
2116,1493,Eval.java,M,6,48,1212,0.9506,0.0376,1274,michaelthoward,1,0.9593,0.9593,0.9593,1,0
2116,1507,Eval.java,M,11,29,1226,0.9661,0.0229,1268,michaelthoward,0,0.0000,0.0000,0.0000,0,0
2116,1509,Eval.java,M,11,44,1209,0.9527,0.0347,1268,michaelthoward,0,0.0000,0.0000,0.0000,0,0
2116,2221,Atom.java,M,11,5,616,0.9888,0.0080,622,michaelthoward,2,0.0000,0.0000,0.0000,0,2
2116,2403,Eval.java,M,6,17,339,0.9496,0.0476,356,michaelthoward,1,0.9593,0.9593,0.9593,1,0
2116,2417,Eval.java,M,13,9,280,0.9622,0.0309,290,michaelthoward,2,0.0000,0.0000,0.0000,0,2
2117,2228,Frame.java,M,5,8,615,0.9856,0.0128,623,michaelthoward,0,0.0000,0.0000,0.0000,0,0
2117,2229,Frame.java,M,7,3,620,0.9936,0.0048,623,michaelthoward,0,0.0000,0.0000,0.0000,0,0
2117,2240,Frame.java,M,6,29,593,0.9503,0.0465,623,michaelthoward,3,0.0132,0.0397,0.0000,0,3
2117,2435,Frame.java,M,6,15,223,0.9370,0.0630,237,michaelthoward,0,0.0000,0.0000,0.0000,0,0
2117,2436,Frame.java,M,5,15,223,0.9370,0.0630,237,michaelthoward,8,0.0000,0.0000,0.0000,0,8
2117,2598,PdbReader.java,M,63,2,44,0.9362,0.0426,46,michaelthoward,3,0.0000,0.0000,0.0000,0,3
2117,2642,SmarterModelAdapter.java,M,5,1,12,0.8571,0.0714,13,michaelthoward,4,0.0000,0.0000,0.0000,0,4
2117,2645,CifReader.java,M,44,1,2,0.6667,0.3333,2,michaelthoward,8,0.1250,1.0000,0.0000,1,7
2117,2646,CifReader.java,M,44,1,1,0.3333,0.3333,2,michaelthoward,8,0.1250,1.0000,0.0000,1,7
2120,275,Jmol.java,M,5,60,1957,0.9235,0.0283,2118,egonw,10,0.0695,0.6947,0.0000,1,9
2120,523,Jmol.java,M,6,29,1894,0.9071,0.0139,2087,egonw,1,0.9999,0.9999,0.9999,1,0
2120,1040,Jmol.java,M,6,29,1611,0.9793,0.0176,1644,egonw,1,0.9999,0.9999,0.9999,1,0
2120,1535,Jmol.java,M,5,15,1139,0.9437,0.0124,1206,egonw,10,0.0695,0.6947,0.0000,1,9
2120,2338,Jmol.java,M,6,11,451,0.9741,0.0238,462,egonw,3,0.0000,0.0000,0.0000,0,3
2120,2418,Jmol.java,M,6,5,288,0.9829,0.0171,292,egonw,1,1.0000,1.0000,1.0000,1,0
2120,2419,Jmol.java,M,6,5,288,0.9829,0.0171,292,egonw,1,1.0000,1.0000,1.0000,1,0
2124,1432,Eval.java,M,18,30,1285,0.9669,0.0226,1328,michaelthoward,1,0.9362,0.9362,0.9362,1,0
2124,1433,Eval.java,M,18,25,1286,0.9676,0.0188,1328,michaelthoward,1,0.9362,0.9362,0.9362,1,0
2124,1493,Eval.java,M,6,49,1219,0.9501,0.0382,1282,michaelthoward,1,0.9753,0.9753,0.9753,1,0
2124,1507,Eval.java,M,11,30,1233,0.9655,0.0235,1276,michaelthoward,0,0.0000,0.0000,0.0000,0,0
2124,1509,Eval.java,M,11,45,1216,0.9522,0.0352,1276,michaelthoward,0,0.0000,0.0000,0.0000,0,0
2124,1943,Graphics3D.java,M,5,28,826,0.9560,0.0324,863,michaelthoward,8,0.0000,0.0000,0.0000,0,8
2124,1944,Graphics3D.java,M,7,26,828,0.9583,0.0301,863,michaelthoward,5,0.7985,1.0000,0.0000,4,1
2124,1958,Graphics3D.java,M,7,23,831,0.9618,0.0266,863,michaelthoward,5,0.7978,1.0000,0.0000,4,1
2124,1959,Graphics3D.java,M,7,26,828,0.9583,0.0301,863,michaelthoward,5,0.7978,1.0000,0.0000,4,1
2124,1961,Graphics3D.java,M,7,26,828,0.9583,0.0301,863,michaelthoward,5,0.7985,1.0000,0.0000,4,1
2124,1962,Graphics3D.java,M,7,25,829,0.9595,0.0289,863,michaelthoward,5,0.7985,1.0000,0.0000,4,1
2124,1999,JmolViewer.java,M,5,57,793,0.9189,0.0660,862,michaelthoward,3,0.0000,0.0000,0.0000,0,3
2124,2007,JmolViewer.java,M,8,61,789,0.9143,0.0707,862,michaelthoward,0,0.0000,0.0000,0.0000,0,0
2124,2093,JmolViewer.java,M,5,52,732,0.9325,0.0662,784,michaelthoward,3,0.0720,0.1426,0.0367,0,3
2124,2260,Eval.java,M,24,15,593,0.9737,0.0246,608,michaelthoward,0,0.0000,0.0000,0.0000,0,0
2124,2305,Eval.java,M,20,25,511,0.9516,0.0466,536,michaelthoward,3,0.5326,0.9830,0.0000,2,1
2124,2342,Eval.java,M,20,8,432,0.9796,0.0181,440,michaelthoward,3,0.5332,0.9830,0.0000,2,1
2124,2343,Eval.java,M,20,18,422,0.9569,0.0408,440,michaelthoward,3,0.4105,0.6166,0.0000,2,1
2124,2403,Eval.java,M,6,18,346,0.9479,0.0493,364,michaelthoward,1,0.9753,0.9753,0.9753,1,0
2124,2404,Eval.java,M,6,19,345,0.9452,0.0521,364,michaelthoward,0,0.0000,0.0000,0.0000,0,0
2124,2410,Eval.java,M,23,11,319,0.9667,0.0333,329,michaelthoward,0,0.0000,0.0000,0.0000,0,0
2124,2417,Eval.java,M,13,10,287,0.9599,0.0334,298,michaelthoward,2,0.0000,0.0000,0.0000,0,2
2124,2455,Graphics3D.java,M,5,5,182,0.9681,0.0266,187,michaelthoward,1,0.0000,0.0000,0.0000,0,1
2124,2464,Balls.java,M,5,3,165,0.9763,0.0178,168,michaelthoward,0,0.0000,0.0000,0.0000,0,0
2124,2465,Sticks.java,M,6,3,166,0.9822,0.0178,168,michaelthoward,0,0.0000,0.0000,0.0000,0,0
2124,2483,Labels.java,M,7,3,106,0.9725,0.0275,108,michaelthoward,4,0.0258,0.1031,0.0000,0,4
2124,2488,MouseManager.java,M,8,5,94,0.9495,0.0505,98,michaelthoward,1,1.0000,1.0000,1.0000,1,0
2124,2501,Echo.java,M,6,2,92,0.9684,0.0211,94,michaelthoward,3,0.2922,0.8766,0.0000,1,2
2124,2502,Echo.java,M,6,2,89,0.9368,0.0211,94,michaelthoward,3,0.2922,0.8766,0.0000,1,2
2124,2504,Echo.java,M,5,2,92,0.9684,0.0211,94,michaelthoward,3,0.6274,0.9411,0.0000,2,1
2124,2505,Echo.java,M,5,3,91,0.9579,0.0316,94,michaelthoward,3,0.6470,1.0000,0.0000,2,1
2124,2506,Echo.java,M,5,3,91,0.9579,0.0316,94,michaelthoward,3,0.6470,1.0000,0.0000,2,1
2124,2631,Atom.java,M,5,1,6,0.2143,0.0357,27,michaelthoward,0,0.0000,0.0000,0.0000,0,0
2124,2638,JmolViewer.java,M,6,1,21,0.9130,0.0435,22,michaelthoward,1,0.0000,0.0000,0.0000,0,1
2124,2651,MouseManager.java,M,8,1,0,0.0000,1.0000,0,michaelthoward,1,1.0000,1.0000,1.0000,1,0
2129,275,Jmol.java,M,5,61,1965,0.9234,0.0287,2127,michaelthoward,10,0.0761,0.7611,0.0000,1,9
2129,282,JmolResourceHandler.java,M,7,12,2109,0.9911,0.0056,2127,michaelthoward,9,0.0000,0.0000,0.0000,0,9
2129,523,Jmol.java,M,6,30,1902,0.9070,0.0143,2096,michaelthoward,1,1.0000,1.0000,1.0000,1,0
2129,1040,Jmol.java,M,6,30,1619,0.9788,0.0181,1653,michaelthoward,1,1.0000,1.0000,1.0000,1,0
2129,1535,Jmol.java,M,5,16,1147,0.9433,0.0132,1215,michaelthoward,10,0.0761,0.7611,0.0000,1,9
2130,53,AboutDialog.java,M,51,8,2117,0.9944,0.0038,2128,michaelthoward,2,0.9806,1.0000,0.9612,2,0
2130,54,WhatsNewDialog.java,M,51,8,2113,0.9925,0.0038,2128,michaelthoward,2,0.9806,1.0000,0.9612,2,0
2130,55,HelpDialog.java,M,51,8,2117,0.9944,0.0038,2128,michaelthoward,2,0.9612,0.9612,0.9612,2,0
2130,1156,PreferencesDialog.java,M,7,15,1530,0.9858,0.0097,1551,michaelthoward,4,1.0000,1.0000,1.0000,4,0
2130,1168,PreferencesDialog.java,M,7,16,1529,0.9852,0.0103,1551,michaelthoward,4,1.0000,1.0000,1.0000,4,0
2130,1169,PreferencesDialog.java,M,7,21,1524,0.9820,0.0135,1551,michaelthoward,4,1.0000,1.0000,1.0000,4,0
2130,1170,PreferencesDialog.java,M,7,19,1526,0.9832,0.0122,1551,michaelthoward,4,1.0000,1.0000,1.0000,4,0
2130,1171,PreferencesDialog.java,M,7,18,1527,0.9839,0.0116,1551,michaelthoward,4,1.0000,1.0000,1.0000,4,0
2133,2645,CifReader.java,M,44,2,17,0.8947,0.1053,18,michaelthoward,6,0.1667,1.0000,0.0000,1,5
2133,2646,CifReader.java,M,44,2,16,0.8421,0.1053,18,michaelthoward,6,0.1667,1.0000,0.0000,1,5
2133,2648,CifReader.java,M,5,1,15,0.8824,0.0588,16,michaelthoward,3,0.0000,0.0000,0.0000,0,3
2135,2618,ModelReader.java,M,5,1,45,0.9375,0.0208,47,michaelthoward,6,0.0686,0.2059,0.0000,0,4
2135,2624,ModelReader.java,M,5,2,44,0.9565,0.0435,45,michaelthoward,6,0.0686,0.2059,0.0000,0,4
2135,2630,ModelReader.java,M,9,1,39,0.9512,0.0244,40,michaelthoward,2,0.0000,0.0000,0.0000,0,2
2136,2139,Dots.java,M,5,5,757,0.9806,0.0065,771,michaelthoward,2,0.0000,0.0000,0.0000,0,2
2136,2149,Dots.java,M,6,9,757,0.9870,0.0117,766,michaelthoward,3,0.3333,1.0000,0.0000,1,2
2136,2164,Dots.java,M,6,5,743,0.9920,0.0067,748,michaelthoward,3,0.3333,1.0000,0.0000,1,2
2136,2222,Frame.java,M,9,30,612,0.9518,0.0467,642,michaelthoward,0,0.0000,0.0000,0.0000,0,0
2136,2240,Frame.java,M,6,30,611,0.9502,0.0467,642,michaelthoward,6,0.0852,0.4919,0.0000,0,5
2136,2332,CartoonRenderer.java,M,16,5,498,0.9901,0.0099,502,michaelthoward,1,0.0000,0.0000,0.0000,0,1
2136,2333,TraceRenderer.java,M,16,3,500,0.9940,0.0060,502,michaelthoward,6,0.0820,0.4919,0.0000,0,5
2136,2436,Frame.java,M,5,16,241,0.9377,0.0623,256,michaelthoward,8,0.0000,0.0000,0.0000,0,8
2136,2482,Labels.java,M,7,3,118,0.9752,0.0248,120,michaelthoward,3,0.2025,0.6076,0.0000,1,2
2136,2483,Labels.java,M,7,4,117,0.9669,0.0331,120,michaelthoward,3,0.2025,0.6076,0.0000,1,2
2136,2486,PdbFile.java,M,5,3,112,0.9492,0.0254,117,michaelthoward,6,0.0617,0.3703,0.0000,0,5
2136,2649,Atom.java,M,6,1,11,0.8462,0.0769,12,michaelthoward,6,0.0000,0.0000,0.0000,0,6
2136,2820,BallsRenderer.java,M,8,1,0,0.0000,1.0000,0,michaelthoward,3,0.0000,0.0000,0.0000,0,3
2138,1431,Eval.java,M,5,24,1308,0.9725,0.0178,1344,michaelthoward,1,0.0000,0.0000,0.0000,0,1
2138,1493,Eval.java,M,6,50,1232,0.9499,0.0386,1296,michaelthoward,1,0.9845,0.9845,0.9845,1,0
2138,1509,Eval.java,M,11,46,1229,0.9520,0.0356,1290,michaelthoward,0,0.0000,0.0000,0.0000,0,0
2138,1526,Eval.java,M,6,18,1242,0.9756,0.0141,1272,michaelthoward,0,0.0000,0.0000,0.0000,0,0
2138,1999,JmolViewer.java,M,5,58,806,0.9190,0.0661,876,michaelthoward,3,0.0000,0.0000,0.0000,0,3
2138,2007,JmolViewer.java,M,8,62,802,0.9145,0.0707,876,michaelthoward,0,0.0000,0.0000,0.0000,0,0
2138,2008,JmolViewer.java,M,6,19,845,0.9635,0.0217,876,michaelthoward,3,0.0060,0.0181,0.0000,0,3
2138,2014,JmolViewer.java,M,13,20,800,0.9122,0.0228,876,michaelthoward,2,0.0000,0.0000,0.0000,0,2
2138,2015,JmolViewer.java,M,6,5,320,0.3649,0.0057,876,michaelthoward,6,0.0000,0.0000,0.0000,0,6
2138,2092,JmolViewer.java,M,5,41,757,0.9474,0.0513,798,michaelthoward,3,0.2139,0.5811,0.0303,1,2
2138,2093,JmolViewer.java,M,5,53,745,0.9324,0.0663,798,michaelthoward,3,0.2056,0.5811,0.0179,1,2
2138,2337,ColorManager.java,M,6,5,270,0.5579,0.0103,483,michaelthoward,2,0.0000,0.0000,0.0000,0,2
2138,2343,Eval.java,M,20,19,435,0.9560,0.0418,454,michaelthoward,3,0.2169,0.3258,0.0000,0,1
2138,2403,Eval.java,M,6,19,359,0.9472,0.0501,378,michaelthoward,1,0.9845,0.9845,0.9845,1,0
2138,2410,Eval.java,M,23,12,332,0.9651,0.0349,343,michaelthoward,0,0.0000,0.0000,0.0000,0,0
2138,2417,Eval.java,M,13,11,300,0.9585,0.0351,312,michaelthoward,0,0.0000,0.0000,0.0000,0,0
2138,2453,RepaintManager.java,M,5,3,202,0.9854,0.0146,204,michaelthoward,1,0.0000,0.0000,0.0000,0,1
2138,2633,ColorManager.java,M,6,2,40,0.9524,0.0476,41,michaelthoward,0,0.0000,0.0000,0.0000,0,0
2138,2824,TransformManager.java,M,25,1,0,0.0000,1.0000,0,michaelthoward,1,0.0000,0.0000,0.0000,0,1
2141,2535,Bond.java,M,6,1,85,0.9770,0.0115,86,michaelthoward,14,0.0000,0.0000,0.0000,0,14
2141,2645,CifReader.java,M,44,3,24,0.8889,0.1111,26,michaelthoward,6,0.1667,1.0000,0.0000,1,5
2141,2646,CifReader.java,M,44,3,23,0.8519,0.1111,26,michaelthoward,6,0.1667,1.0000,0.0000,1,5
2141,2826,Util.java,M,8,1,1,0.3333,0.3333,2,michaelthoward,4,0.7500,1.0000,0.0000,3,1
2141,2827,Util.java,M,8,1,1,0.3333,0.3333,2,michaelthoward,4,0.7500,1.0000,0.0000,3,1
2141,2828,Util.java,M,8,1,1,0.3333,0.3333,2,michaelthoward,4,0.7500,1.0000,0.0000,3,1
2141,2830,Util.java,M,8,1,1,0.3333,0.3333,2,michaelthoward,4,0.7500,1.0000,0.0000,3,1
2141,2832,CifReader.java,M,5,1,0,0.0000,1.0000,0,michaelthoward,5,0.2000,1.0000,0.0000,1,4
2146,2647,CifReader.java,M,5,1,27,0.9000,0.0333,29,michaelthoward,0,0.0000,0.0000,0.0000,0,0
2146,2648,CifReader.java,M,5,2,26,0.8667,0.0667,29,michaelthoward,5,0.3075,1.0000,0.0000,2,3
2146,2831,CifReader.java,M,5,1,5,0.8333,0.1667,5,michaelthoward,5,0.2150,0.5374,0.0000,2,3
2146,2832,CifReader.java,M,5,2,4,0.6667,0.3333,5,michaelthoward,5,0.3075,1.0000,0.0000,2,3
2148,1429,JmolApplet.java,M,7,17,1337,0.9845,0.0125,1357,michaelthoward,4,0.0000,0.0000,0.0000,0,4
2148,1430,JmolApplet.java,M,8,14,1339,0.9860,0.0103,1357,michaelthoward,0,0.0000,0.0000,0.0000,0,0
2148,1934,Graphics3D.java,M,8,6,872,0.9820,0.0068,887,michaelthoward,1,1.0000,1.0000,1.0000,1,0
2148,1937,Graphics3D.java,M,8,5,873,0.9831,0.0056,887,michaelthoward,1,1.0000,1.0000,1.0000,1,0
2148,1941,Graphics3D.java,M,19,13,865,0.9741,0.0146,887,michaelthoward,2,0.0000,0.0000,0.0000,0,2
2148,1943,Graphics3D.java,M,5,29,849,0.9561,0.0327,887,michaelthoward,9,0.0000,0.0000,0.0000,0,9
2148,1944,Graphics3D.java,M,7,27,850,0.9572,0.0304,887,michaelthoward,6,0.8329,1.0000,0.0000,5,1
2148,1946,Graphics3D.java,M,6,6,872,0.9820,0.0068,887,michaelthoward,3,0.6583,1.0000,0.4202,2,0
2148,1947,Graphics3D.java,M,6,7,871,0.9809,0.0079,887,michaelthoward,1,1.0000,1.0000,1.0000,1,0
2148,1950,Graphics3D.java,M,14,4,874,0.9842,0.0045,887,michaelthoward,0,0.0000,0.0000,0.0000,0,0
2148,1959,Graphics3D.java,M,7,27,851,0.9583,0.0304,887,michaelthoward,6,0.8327,1.0000,0.0000,5,1
2148,1961,Graphics3D.java,M,7,27,851,0.9583,0.0304,887,michaelthoward,6,0.8329,1.0000,0.0000,5,1
2148,1962,Graphics3D.java,M,7,26,852,0.9595,0.0293,887,michaelthoward,6,0.8329,1.0000,0.0000,5,1
2148,1963,Graphics3D.java,M,13,16,862,0.9707,0.0180,887,michaelthoward,1,0.6729,0.6729,0.6729,1,0
2148,1966,Graphics3D.java,M,13,18,860,0.9685,0.0203,887,michaelthoward,1,0.6729,0.6729,0.6729,1,0
2148,1994,JmolViewer.java,M,8,38,836,0.9425,0.0428,886,michaelthoward,2,0.0123,0.0247,0.0000,0,2
2148,1995,JmolViewer.java,M,6,29,845,0.9526,0.0327,886,michaelthoward,3,0.1823,0.5469,0.0000,1,2
2148,2007,JmolViewer.java,M,8,63,811,0.9143,0.0710,886,michaelthoward,0,0.0000,0.0000,0.0000,0,0
2148,2008,JmolViewer.java,M,6,20,854,0.9628,0.0225,886,michaelthoward,3,0.1823,0.5469,0.0000,1,2
2148,2014,JmolViewer.java,M,13,21,809,0.9121,0.0237,886,michaelthoward,2,0.0000,0.0000,0.0000,0,2
2148,2015,JmolViewer.java,M,6,6,329,0.3709,0.0068,886,michaelthoward,6,0.0000,0.0000,0.0000,0,6
2148,2024,JmolViewer.java,M,7,33,841,0.9481,0.0372,886,michaelthoward,0,0.0000,0.0000,0.0000,0,0
2148,2089,JmolApplet.java,M,6,9,795,0.9791,0.0111,811,michaelthoward,4,0.0000,0.0000,0.0000,0,4
2148,2092,JmolViewer.java,M,5,42,766,0.9468,0.0519,808,michaelthoward,3,0.6205,0.7522,0.5547,3,0
2148,2093,JmolViewer.java,M,5,54,754,0.9320,0.0667,808,michaelthoward,3,0.5308,0.7522,0.4202,1,0
2148,2094,JmolApplet.java,M,6,3,797,0.9852,0.0037,808,michaelthoward,1,0.0000,0.0000,0.0000,0,1
2148,2123,Graphics3D.java,M,14,14,781,0.9824,0.0176,794,michaelthoward,1,0.9887,0.9887,0.9887,1,0
2148,2124,Graphics3D.java,M,14,10,782,0.9836,0.0126,794,michaelthoward,1,0.9887,0.9887,0.9887,1,0
2148,2146,JmolViewer.java,M,5,10,723,0.9269,0.0128,779,michaelthoward,3,0.6583,1.0000,0.4202,2,0
2148,2453,RepaintManager.java,M,5,4,211,0.9814,0.0186,214,michaelthoward,1,0.5714,0.5714,0.5714,1,0
2148,2454,RepaintManager.java,M,5,1,213,0.9907,0.0047,214,michaelthoward,1,0.5714,0.5714,0.5714,1,0
2148,2455,Graphics3D.java,M,5,6,205,0.9670,0.0283,211,michaelthoward,1,0.0000,0.0000,0.0000,0,1
2148,2728,Graphics3D.java,M,7,1,12,0.8571,0.0714,13,michaelthoward,6,0.8333,1.0000,0.0000,5,1
2148,2744,Graphics3D.java,M,20,1,12,0.8571,0.0714,13,michaelthoward,1,0.0000,0.0000,0.0000,0,1
2148,2838,Graphics3D.java,M,6,1,0,0.0000,1.0000,0,michaelthoward,1,1.0000,1.0000,1.0000,1,0
2150,1934,Graphics3D.java,M,8,7,873,0.9809,0.0079,889,michaelthoward,1,1.0000,1.0000,1.0000,1,0
2150,1937,Graphics3D.java,M,8,6,874,0.9820,0.0067,889,michaelthoward,1,1.0000,1.0000,1.0000,1,0
2150,1943,Graphics3D.java,M,5,30,850,0.9551,0.0337,889,michaelthoward,9,0.0000,0.0000,0.0000,0,9
2150,1944,Graphics3D.java,M,7,28,851,0.9562,0.0315,889,michaelthoward,6,0.7637,1.0000,0.0000,5,1
2150,1946,Graphics3D.java,M,6,7,873,0.9809,0.0079,889,michaelthoward,3,0.3788,0.4913,0.2928,0,0
2150,1950,Graphics3D.java,M,14,5,875,0.9831,0.0056,889,michaelthoward,0,0.0000,0.0000,0.0000,0,0
2150,1959,Graphics3D.java,M,7,28,852,0.9573,0.0315,889,michaelthoward,6,0.7636,1.0000,0.0000,5,1
2150,1961,Graphics3D.java,M,7,28,852,0.9573,0.0315,889,michaelthoward,6,0.7637,1.0000,0.0000,5,1
2150,1962,Graphics3D.java,M,7,27,853,0.9584,0.0303,889,michaelthoward,6,0.7637,1.0000,0.0000,5,1
2150,2455,Graphics3D.java,M,5,7,206,0.9626,0.0327,213,michaelthoward,1,0.0000,0.0000,0.0000,0,1
2150,2728,Graphics3D.java,M,7,2,13,0.8125,0.1250,15,michaelthoward,6,0.7475,1.0000,0.0000,4,1
2150,2793,Swing3D.java,M,6,1,1,0.0625,0.0625,15,michaelthoward,1,0.0000,0.0000,0.0000,0,1
2150,2838,Graphics3D.java,M,6,2,1,0.3333,0.6667,2,michaelthoward,0,0.0000,0.0000,0.0000,0,0
2150,2841,Platform3D.java,M,6,1,0,0.0000,1.0000,0,michaelthoward,15,0.0000,0.0000,0.0000,0,15
2150,2842,Graphics3D.java,M,5,1,0,0.0000,1.0000,0,michaelthoward,6,0.0000,0.0000,0.0000,0,6
2151,2538,Model.java,M,5,3,93,0.9588,0.0309,96,michaelthoward,3,0.0000,0.0000,0.0000,0,3
2151,2542,Model.java,M,6,1,93,0.9588,0.0103,96,michaelthoward,1,0.0000,0.0000,0.0000,0,1
2153,2761,Platform3D.java,M,6,1,1,0.0526,0.0526,18,michaelthoward,5,0.0000,0.0000,0.0000,0,5
2153,2839,Platform3D.java,M,7,1,2,0.5000,0.2500,3,michaelthoward,0,0.0000,0.0000,0.0000,0,0
2154,2534,Atom.java,M,8,1,28,0.2800,0.0100,99,michaelthoward,4,0.1190,0.4758,0.0000,0,3
2154,2538,Model.java,M,5,4,95,0.9500,0.0400,99,michaelthoward,4,0.1190,0.4758,0.0000,0,3
2154,2625,Atom.java,M,5,1,62,0.9688,0.0156,63,michaelthoward,5,0.0000,0.0000,0.0000,0,5
2156,2826,Util.java,M,8,2,15,0.8333,0.1111,17,michaelthoward,4,0.7500,1.0000,0.3894,3,0
2156,2828,Util.java,M,8,2,15,0.8333,0.1111,17,michaelthoward,4,0.7500,1.0000,0.3894,3,0
2156,2829,Util.java,M,8,1,16,0.8889,0.0556,17,michaelthoward,4,0.4580,0.6106,0.0000,3,1
2156,2830,Util.java,M,8,2,15,0.8333,0.1111,17,michaelthoward,4,0.7500,1.0000,0.3894,3,0
2159,1943,Graphics3D.java,M,5,31,858,0.9544,0.0345,898,michaelthoward,9,0.0448,0.4029,0.0000,0,8
2159,1944,Graphics3D.java,M,7,29,859,0.9555,0.0323,898,michaelthoward,6,0.6035,1.0000,0.0000,4,1
2159,1959,Graphics3D.java,M,7,29,860,0.9566,0.0323,898,michaelthoward,6,0.6035,0.9995,0.0000,4,1
2159,1962,Graphics3D.java,M,7,28,861,0.9577,0.0311,898,michaelthoward,6,0.6035,1.0000,0.0000,4,1
2159,2455,Graphics3D.java,M,5,8,214,0.9596,0.0359,222,michaelthoward,1,0.0000,0.0000,0.0000,0,1
2159,2508,LabelsRenderer.java,M,5,2,121,0.9837,0.0163,122,michaelthoward,2,0.0000,0.0000,0.0000,0,2
2159,2690,Graphics3D.java,M,5,1,23,0.9200,0.0400,24,michaelthoward,9,0.0448,0.4029,0.0000,0,8
2159,2744,Graphics3D.java,M,20,2,22,0.8800,0.0800,24,michaelthoward,1,0.0000,0.0000,0.0000,0,1
2161,1509,Eval.java,M,11,47,1251,0.9521,0.0358,1313,michaelthoward,0,0.0000,0.0000,0.0000,0,0
2161,2240,Frame.java,M,6,31,635,0.9506,0.0464,667,michaelthoward,3,0.0834,0.2410,0.0000,0,2
2161,2436,Frame.java,M,5,17,265,0.9397,0.0603,281,michaelthoward,7,0.0000,0.0000,0.0000,0,7
2161,2483,Labels.java,M,7,5,141,0.9658,0.0342,145,michaelthoward,3,0.0924,0.2773,0.0000,0,2
2161,2500,Echo.java,M,6,4,127,0.9621,0.0303,131,michaelthoward,15,0.0388,0.5818,0.0000,1,14
2161,2501,Echo.java,M,6,3,128,0.9697,0.0227,131,michaelthoward,3,0.3221,0.9663,0.0000,1,2
2161,2502,Echo.java,M,6,3,125,0.9470,0.0227,131,michaelthoward,3,0.3221,0.9663,0.0000,1,2
2161,2505,Echo.java,M,5,4,127,0.9621,0.0303,131,michaelthoward,2,0.6286,1.0000,0.2571,1,0
2161,2506,Echo.java,M,5,4,127,0.9621,0.0303,131,michaelthoward,2,0.6286,1.0000,0.2571,1,0
2161,2841,Platform3D.java,M,6,2,10,0.8333,0.1667,11,michaelthoward,15,0.0388,0.5818,0.0000,1,14
2161,2844,Hover.java,M,5,1,0,0.0000,1.0000,0,michaelthoward,3,0.0000,0.0000,0.0000,0,3
2162,2093,JmolViewer.java,M,5,55,767,0.9320,0.0668,822,michaelthoward,3,0.3089,0.4639,0.2041,0,0
2162,2412,JmolPopupSwing.java,M,8,2,352,0.9944,0.0056,353,michaelthoward,1,0.0000,0.0000,0.0000,0,1
2162,2847,JmolPopupSwing.java,M,7,1,0,0.0000,1.0000,0,michaelthoward,1,0.0000,0.0000,0.0000,0,1
2164,2849,CmlReader.java,M,7,1,0,0.0000,1.0000,0,egonw,3,0.0000,0.0000,0.0000,0,3
2167,275,Jmol.java,M,5,62,2002,0.9243,0.0286,2165,michaelthoward,9,0.0503,0.4530,0.0000,0,8
2167,1601,JmolPopupAwt.java,M,7,2,1047,0.9905,0.0019,1056,michaelthoward,1,1.0000,1.0000,1.0000,1,0
2167,1603,JmolPopupAwt.java,M,9,2,1047,0.9905,0.0019,1056,michaelthoward,1,0.9970,0.9970,0.9970,1,0
2167,1604,JmolPopupSwing.java,M,9,4,1045,0.9886,0.0038,1056,michaelthoward,1,0.9970,0.9970,0.9970,1,0
2167,2093,JmolViewer.java,M,5,56,771,0.9312,0.0676,827,michaelthoward,3,0.2170,0.3209,0.1510,0,2
2167,2469,JmolPopupAwt.java,M,7,2,189,0.9895,0.0105,190,michaelthoward,1,1.0000,1.0000,1.0000,1,0
2167,2471,JmolPopupAwt.java,M,7,2,189,0.9895,0.0105,190,michaelthoward,1,0.5374,0.5374,0.5374,1,0
2167,2631,Atom.java,M,5,2,48,0.6761,0.0282,70,michaelthoward,0,0.0000,0.0000,0.0000,0,0
2167,2649,Atom.java,M,6,2,41,0.9318,0.0455,43,michaelthoward,4,0.0000,0.0000,0.0000,0,4
2167,2817,Atom.java,M,5,1,31,0.9688,0.0313,31,michaelthoward,0,0.0000,0.0000,0.0000,0,0
2167,2847,JmolPopupSwing.java,M,7,2,4,0.6667,0.3333,5,michaelthoward,1,0.5374,0.5374,0.5374,1,0
2167,2851,JmolPopup.java,M,5,1,0,0.0000,1.0000,0,michaelthoward,1,0.0000,0.0000,0.0000,0,1
2167,2855,JmolPopupSwing.java,M,7,1,0,0.0000,1.0000,0,michaelthoward,1,1.0000,1.0000,1.0000,1,0
2167,2856,JmolPopupSwing.java,M,7,1,0,0.0000,1.0000,0,michaelthoward,1,1.0000,1.0000,1.0000,1,0
2167,2858,JmolPopupSwing.java,M,7,1,0,0.0000,1.0000,0,michaelthoward,1,0.0000,0.0000,0.0000,0,1
2169,2458,SticksRenderer.java,M,5,1,219,0.9910,0.0045,220,michaelthoward,9,0.0000,0.0000,0.0000,0,9
2169,2859,SticksRenderer.java,M,9,1,0,0.0000,1.0000,0,michaelthoward,1,0.0000,0.0000,0.0000,0,1
2171,2860,CmlReader.java,M,11,1,0,0.0000,1.0000,0,michaelthoward,4,0.2500,1.0000,0.0000,1,3
2171,2861,CmlReader.java,M,11,1,0,0.0000,1.0000,0,michaelthoward,4,0.2500,1.0000,0.0000,1,3
2171,2862,CmlReader.java,M,5,1,0,0.0000,1.0000,0,michaelthoward,5,0.0000,0.0000,0.0000,0,5
2175,2849,CmlReader.java,M,7,2,8,0.6667,0.1667,11,egonw,3,0.1279,0.3838,0.0000,0,2
2175,2850,CmlReader.java,M,7,1,8,0.6667,0.0833,11,egonw,3,0.1279,0.3838,0.0000,0,2
2175,2864,CmlReader.java,M,5,1,0,0.0000,1.0000,0,egonw,5,0.4000,1.0000,0.0000,2,3
2175,2865,CmlReader.java,M,5,1,0,0.0000,1.0000,0,egonw,5,0.4000,1.0000,0.0000,2,3
2175,2866,CmlReader.java,M,5,1,0,0.0000,1.0000,0,egonw,5,0.4000,1.0000,0.0000,2,3
2177,2864,CmlReader.java,M,5,2,1,0.3333,0.6667,2,egonw,4,0.2500,1.0000,0.0000,1,3
2177,2865,CmlReader.java,M,5,2,1,0.3333,0.6667,2,egonw,4,0.2500,1.0000,0.0000,1,3
2178,2849,CmlReader.java,M,7,3,10,0.6667,0.2000,14,michaelthoward,3,0.1466,0.4398,0.0000,0,2
2178,2850,CmlReader.java,M,7,2,10,0.6667,0.1333,14,michaelthoward,3,0.1466,0.4398,0.0000,0,2
2181,2542,Model.java,M,6,2,122,0.9606,0.0157,126,michaelthoward,1,0.0000,0.0000,0.0000,0,1
2181,2850,CmlReader.java,M,7,3,11,0.6111,0.1667,17,michaelthoward,3,0.0985,0.2955,0.0000,0,2
2181,2863,CmlReader.java,M,5,1,5,0.4545,0.0909,10,michaelthoward,3,0.0000,0.0000,0.0000,0,3
2182,2542,Model.java,M,6,3,122,0.9531,0.0234,127,michaelthoward,1,0.0000,0.0000,0.0000,0,1
2182,2863,CmlReader.java,M,5,2,5,0.4167,0.1667,11,michaelthoward,3,0.0000,0.0000,0.0000,0,3
2182,2867,CmlReader.java,M,10,1,0,0.0000,1.0000,0,michaelthoward,3,0.3333,1.0000,0.0000,1,2
2182,2868,CmlReader.java,M,10,1,0,0.0000,1.0000,0,michaelthoward,3,0.3333,1.0000,0.0000,1,2
2183,275,Jmol.java,M,5,63,2017,0.9244,0.0289,2181,michaelthoward,9,0.0304,0.2738,0.0000,0,8
2184,2431,Mcps.java,M,6,4,327,0.9849,0.0120,331,michaelthoward,3,0.3330,0.9989,0.0000,1,2
2184,2432,Mcps.java,M,6,3,328,0.9880,0.0090,331,michaelthoward,3,0.3330,0.9989,0.0000,1,2
2185,1429,JmolApplet.java,M,7,18,1373,0.9842,0.0129,1394,michaelthoward,4,0.0000,0.0000,0.0000,0,4
2185,1430,JmolApplet.java,M,8,15,1375,0.9857,0.0108,1394,michaelthoward,0,0.0000,0.0000,0.0000,0,0
2185,1937,Graphics3D.java,M,8,7,908,0.9816,0.0076,924,michaelthoward,1,0.4046,0.4046,0.4046,0,0
2185,2089,JmolApplet.java,M,6,10,831,0.9788,0.0118,848,michaelthoward,4,0.0000,0.0000,0.0000,0,4
2185,2094,JmolApplet.java,M,6,4,833,0.9846,0.0047,845,michaelthoward,1,0.0000,0.0000,0.0000,0,1
2189,1934,Graphics3D.java,M,8,8,911,0.9806,0.0086,928,michaelthoward,1,0.6437,0.6437,0.6437,1,0
2189,1937,Graphics3D.java,M,8,8,911,0.9806,0.0086,928,michaelthoward,1,0.6437,0.6437,0.6437,1,0
2189,1943,Graphics3D.java,M,5,32,887,0.9548,0.0344,928,michaelthoward,9,0.0778,0.7001,0.0000,1,8
2189,1944,Graphics3D.java,M,7,30,888,0.9559,0.0323,928,michaelthoward,6,0.7125,1.0000,0.0000,5,1
2189,1946,Graphics3D.java,M,6,8,911,0.9806,0.0086,928,michaelthoward,3,0.1495,0.1862,0.1004,0,3
2189,1950,Graphics3D.java,M,14,6,913,0.9828,0.0065,928,michaelthoward,0,0.0000,0.0000,0.0000,0,0
2189,1958,Graphics3D.java,M,7,24,894,0.9623,0.0258,928,michaelthoward,6,0.6048,0.8219,0.0000,5,1
2189,1959,Graphics3D.java,M,7,30,889,0.9569,0.0323,928,michaelthoward,6,0.7125,0.9998,0.0000,5,1
2189,1961,Graphics3D.java,M,7,29,890,0.9580,0.0312,928,michaelthoward,6,0.7092,1.0000,0.0000,5,1
2189,1962,Graphics3D.java,M,7,29,890,0.9580,0.0312,928,michaelthoward,6,0.7125,1.0000,0.0000,5,1
2189,1963,Graphics3D.java,M,13,17,902,0.9709,0.0183,928,michaelthoward,1,0.9008,0.9008,0.9008,1,0
2189,1966,Graphics3D.java,M,13,19,900,0.9688,0.0205,928,michaelthoward,1,0.9008,0.9008,0.9008,1,0
2189,2124,Graphics3D.java,M,14,11,822,0.9833,0.0132,835,michaelthoward,1,0.2259,0.2259,0.2259,0,0
2189,2455,Graphics3D.java,M,5,9,243,0.9605,0.0356,252,michaelthoward,1,0.0000,0.0000,0.0000,0,1
2189,2690,Graphics3D.java,M,5,2,52,0.9455,0.0364,54,michaelthoward,9,0.0778,0.7001,0.0000,1,8
2189,2728,Graphics3D.java,M,7,3,51,0.9273,0.0545,54,michaelthoward,6,0.6999,1.0000,0.0000,5,1
2189,2745,Graphics3D.java,M,20,1,53,0.9636,0.0182,54,michaelthoward,1,0.0000,0.0000,0.0000,0,1
2189,2838,Graphics3D.java,M,6,3,39,0.9286,0.0714,41,michaelthoward,0,0.0000,0.0000,0.0000,0,0
2189,2842,Graphics3D.java,M,5,2,38,0.9500,0.0500,39,michaelthoward,6,0.0000,0.0000,0.0000,0,6
2189,2870,Platform3D.java,M,5,1,0,0.0000,1.0000,0,michaelthoward,6,0.0000,0.0000,0.0000,0,6
2190,2337,ColorManager.java,M,6,6,321,0.5989,0.0112,535,egonw,2,0.0000,0.0000,0.0000,0,2
2192,2849,CmlReader.java,M,7,4,21,0.7241,0.1379,28,egonw,3,0.1255,0.3765,0.0000,0,2
2192,2850,CmlReader.java,M,7,4,20,0.6897,0.1379,28,egonw,3,0.1255,0.3765,0.0000,0,2
2192,2863,CmlReader.java,M,5,3,14,0.6364,0.1364,21,egonw,3,0.0000,0.0000,0.0000,0,3
2192,2867,CmlReader.java,M,10,2,9,0.8182,0.1818,10,egonw,3,0.3333,1.0000,0.0000,1,2
2192,2868,CmlReader.java,M,10,2,9,0.8182,0.1818,10,egonw,3,0.3333,1.0000,0.0000,1,2
2192,2869,CmlReader.java,M,5,1,9,0.8182,0.0909,10,egonw,7,0.0000,0.0000,0.0000,0,7
2193,2116,FrameRenderer.java,M,15,5,497,0.5875,0.0059,845,michaelthoward,3,0.0000,0.0000,0.0000,0,3
2193,2337,ColorManager.java,M,6,7,323,0.5993,0.0130,538,michaelthoward,2,0.0000,0.0000,0.0000,0,2
2193,2633,ColorManager.java,M,6,3,94,0.9691,0.0309,96,michaelthoward,0,0.0000,0.0000,0.0000,0,0
2193,2649,Atom.java,M,6,3,66,0.9429,0.0429,69,michaelthoward,4,0.0000,0.0000,0.0000,0,4
2193,2817,Atom.java,M,5,2,56,0.9655,0.0345,57,michaelthoward,0,0.0000,0.0000,0.0000,0,0
2196,1429,JmolApplet.java,M,7,19,1383,0.9836,0.0135,1405,egonw,4,0.0000,0.0000,0.0000,0,4
2196,1999,JmolViewer.java,M,5,59,863,0.9230,0.0631,934,egonw,3,0.0000,0.0000,0.0000,0,3
2196,2007,JmolViewer.java,M,8,64,858,0.9176,0.0684,934,egonw,0,0.0000,0.0000,0.0000,0,0
2196,2089,JmolApplet.java,M,6,11,841,0.9779,0.0128,859,egonw,4,0.0000,0.0000,0.0000,0,4
2196,2093,JmolViewer.java,M,5,57,799,0.9323,0.0665,856,egonw,3,0.1197,0.1849,0.0711,0,3
2196,2094,JmolApplet.java,M,6,5,843,0.9837,0.0058,856,egonw,1,0.0000,0.0000,0.0000,0,1
2198,2222,Frame.java,M,9,31,673,0.9546,0.0440,704,michaelthoward,0,0.0000,0.0000,0.0000,0,0
2198,2240,Frame.java,M,6,32,671,0.9518,0.0454,704,michaelthoward,3,0.0327,0.0946,0.0000,0,3
2198,2371,Frame.java,M,15,9,475,0.9814,0.0186,483,michaelthoward,3,0.0000,0.0000,0.0000,0,3
2198,2436,Frame.java,M,5,18,301,0.9436,0.0564,318,michaelthoward,7,0.0000,0.0000,0.0000,0,7
2200,1943,Graphics3D.java,M,5,33,897,0.9543,0.0351,939,michaelthoward,9,0.0460,0.4137,0.0000,0,8
2200,1959,Graphics3D.java,M,7,31,899,0.9564,0.0330,939,michaelthoward,6,0.5615,0.9999,0.0000,2,1
2200,1962,Graphics3D.java,M,7,30,900,0.9574,0.0319,939,michaelthoward,6,0.5615,1.0000,0.0000,2,1
2200,2455,Graphics3D.java,M,5,10,253,0.9583,0.0379,263,michaelthoward,1,0.0000,0.0000,0.0000,0,1
2204,1493,Eval.java,M,6,51,1297,0.9516,0.0374,1362,michaelthoward,4,0.2490,0.9958,0.0000,1,3
2204,2343,Eval.java,M,20,20,500,0.9597,0.0384,520,michaelthoward,3,0.0491,0.0740,0.0000,0,3
2204,2403,Eval.java,M,6,20,424,0.9528,0.0449,444,michaelthoward,4,0.2490,0.9958,0.0000,1,3
2204,2417,Eval.java,M,13,12,365,0.9631,0.0317,378,michaelthoward,0,0.0000,0.0000,0.0000,0,0
2204,2891,JmolConstants.java,M,6,1,0,0.0000,1.0000,0,michaelthoward,1,1.0000,1.0000,1.0000,1,0
2205,2453,RepaintManager.java,M,5,5,267,0.9816,0.0184,271,michaelthoward,1,0.1374,0.1374,0.1374,0,1
2205,2497,RepaintManager.java,M,5,1,179,0.9944,0.0056,179,michaelthoward,2,0.0000,0.0000,0.0000,0,2
2207,2874,Ribbons.java,M,8,1,5,0.7143,0.1429,6,michaelthoward,3,0.3333,1.0000,0.0000,1,2
2207,2876,RibbonsRenderer.java,M,17,1,5,0.7143,0.1429,6,michaelthoward,3,0.0000,0.0000,0.0000,0,3
2207,2877,RibbonsRenderer.java,M,10,1,5,0.7143,0.1429,6,michaelthoward,5,0.6000,1.0000,0.0000,3,2
2207,2878,RibbonsRenderer.java,M,11,1,5,0.7143,0.1429,6,michaelthoward,2,1.0000,1.0000,1.0000,2,0
2207,2880,Mesh.java,M,8,1,4,0.6667,0.1667,5,michaelthoward,3,0.3333,1.0000,0.0000,1,2
2207,2883,MeshRenderer.java,M,10,1,4,0.6667,0.1667,5,michaelthoward,5,0.0000,0.0000,0.0000,0,5
2207,2884,MeshRenderer.java,M,5,1,4,0.6667,0.1667,5,michaelthoward,1,0.0000,0.0000,0.0000,0,1
2207,2886,MeshRenderer.java,M,7,1,4,0.6667,0.1667,5,michaelthoward,5,0.6000,1.0000,0.0000,3,2
2207,2887,RibbonsRenderer.java,M,7,1,5,0.8333,0.1667,5,michaelthoward,5,0.6000,1.0000,0.0000,3,2
2207,2888,MeshRenderer.java,M,7,1,4,0.6667,0.1667,5,michaelthoward,5,0.6000,1.0000,0.0000,3,2
2207,2889,MeshRenderer.java,M,11,1,4,0.6667,0.1667,5,michaelthoward,2,1.0000,1.0000,1.0000,2,0
2207,2890,MeshRenderer.java,M,11,1,4,0.6667,0.1667,5,michaelthoward,2,1.0000,1.0000,1.0000,2,0
2208,2468,Mcps.java,M,5,2,230,0.9871,0.0086,232,michaelthoward,4,0.0000,0.0000,0.0000,0,4
2209,2415,Eval.java,M,13,5,387,0.9872,0.0128,391,michaelthoward,3,0.3333,1.0000,0.0000,1,2
2209,2416,Eval.java,M,13,4,388,0.9898,0.0102,391,michaelthoward,3,0.3333,1.0000,0.0000,1,2
2209,2878,RibbonsRenderer.java,M,11,2,6,0.6667,0.2222,8,michaelthoward,2,0.7425,1.0000,0.4850,1,0
2209,2884,MeshRenderer.java,M,5,2,5,0.6250,0.2500,7,michaelthoward,1,0.0000,0.0000,0.0000,0,1
2209,2890,MeshRenderer.java,M,11,2,5,0.6250,0.2500,7,michaelthoward,2,0.7425,1.0000,0.4850,1,0
2215,2895,Polymer.java,M,12,1,5,0.7143,0.1429,6,michaelthoward,2,0.0000,0.0000,0.0000,0,2
2216,2896,Chain.java,M,11,1,6,0.7500,0.1250,7,michaelthoward,2,0.0000,0.0000,0.0000,0,2
2217,2900,AminoStructure.java,M,5,1,0,0.0000,0.5000,1,michaelthoward,5,0.0000,0.0000,0.0000,0,5
2217,2905,Polymer.java,M,21,1,0,0.0000,1.0000,0,michaelthoward,0,0.0000,0.0000,0.0000,0,0
2217,2906,Polymer.java,M,23,1,0,0.0000,1.0000,0,michaelthoward,0,0.0000,0.0000,0.0000,0,0
2219,2333,TraceRenderer.java,M,16,4,582,0.9932,0.0068,585,michaelthoward,3,0.0147,0.0442,0.0000,0,3
2219,2407,TraceRenderer.java,M,11,1,454,0.9956,0.0022,455,michaelthoward,0,0.0000,0.0000,0.0000,0,0
2219,2468,Mcps.java,M,5,3,240,0.9836,0.0123,243,michaelthoward,4,0.0000,0.0000,0.0000,0,4
2219,2908,Polymer.java,M,16,1,0,0.0000,1.0000,0,michaelthoward,1,1.0000,1.0000,1.0000,1,0
2219,2909,Polymer.java,M,16,1,0,0.0000,1.0000,0,michaelthoward,1,1.0000,1.0000,1.0000,1,0
2219,2910,Polymer.java,M,8,1,0,0.0000,1.0000,0,michaelthoward,0,0.0000,0.0000,0.0000,0,0
2221,2877,RibbonsRenderer.java,M,10,2,18,0.8571,0.0952,20,michaelthoward,2,0.0000,0.0000,0.0000,0,2
2221,2883,MeshRenderer.java,M,10,2,17,0.8500,0.1000,19,michaelthoward,5,0.0000,0.0000,0.0000,0,5
2224,2303,StrandsRenderer.java,M,5,1,25,0.0392,0.0016,636,michaelthoward,1,0.0000,0.0000,0.0000,0,1
2224,2878,RibbonsRenderer.java,M,11,3,20,0.8333,0.1250,23,michaelthoward,2,0.8576,1.0000,0.7151,2,0
2224,2889,MeshRenderer.java,M,11,2,20,0.8696,0.0870,22,michaelthoward,2,0.7151,0.7151,0.7151,2,0
2224,2890,MeshRenderer.java,M,11,3,19,0.8261,0.1304,22,michaelthoward,2,0.8576,1.0000,0.7151,2,0
2224,2899,Group.java,M,8,1,13,0.8125,0.0625,15,michaelthoward,3,0.0000,0.0000,0.0000,0,3
2224,2911,Group.java,M,7,1,0,0.0000,1.0000,0,michaelthoward,3,0.0000,0.0000,0.0000,0,3
2225,2301,StrandsRenderer.java,M,10,1,24,0.0376,0.0016,637,michaelthoward,5,0.0810,0.4049,0.0000,0,4
2225,2303,StrandsRenderer.java,M,5,2,25,0.0392,0.0031,637,michaelthoward,1,0.0000,0.0000,0.0000,0,1
2225,2877,RibbonsRenderer.java,M,10,3,21,0.8400,0.1200,24,michaelthoward,2,0.0000,0.0000,0.0000,0,2
2225,2878,RibbonsRenderer.java,M,11,4,20,0.8000,0.1600,24,michaelthoward,2,0.7448,1.0000,0.4897,1,0
2225,2883,MeshRenderer.java,M,10,3,20,0.8333,0.1250,23,michaelthoward,5,0.0810,0.4049,0.0000,0,4
2225,2890,MeshRenderer.java,M,11,4,19,0.7917,0.1667,23,michaelthoward,2,0.7448,1.0000,0.4897,1,0
2227,1941,Graphics3D.java,M,19,14,943,0.9752,0.0145,966,michaelthoward,2,0.0000,0.0000,0.0000,0,2
2227,1943,Graphics3D.java,M,5,34,923,0.9545,0.0352,966,michaelthoward,9,0.0239,0.2155,0.0000,0,8
2227,1944,Graphics3D.java,M,7,31,925,0.9566,0.0321,966,michaelthoward,6,0.6898,1.0000,0.0000,5,1
2227,1958,Graphics3D.java,M,7,25,931,0.9628,0.0259,966,michaelthoward,6,0.6537,0.9362,0.0000,5,1
2227,1959,Graphics3D.java,M,7,32,925,0.9566,0.0331,966,michaelthoward,6,0.6898,0.9999,0.0000,5,1
2227,1961,Graphics3D.java,M,7,30,927,0.9586,0.0310,966,michaelthoward,6,0.6879,1.0000,0.0000,5,1
2227,1962,Graphics3D.java,M,7,31,926,0.9576,0.0321,966,michaelthoward,6,0.6898,1.0000,0.0000,5,1
2227,1963,Graphics3D.java,M,13,18,939,0.9710,0.0186,966,michaelthoward,1,0.9688,0.9688,0.9688,1,0
2227,1966,Graphics3D.java,M,13,20,937,0.9690,0.0207,966,michaelthoward,1,0.9688,0.9688,0.9688,1,0
2227,2123,Graphics3D.java,M,14,15,859,0.9828,0.0172,873,michaelthoward,1,0.7731,0.7731,0.7731,1,0
2227,2124,Graphics3D.java,M,14,12,859,0.9828,0.0137,873,michaelthoward,1,0.7731,0.7731,0.7731,1,0
2227,2455,Graphics3D.java,M,5,11,279,0.9588,0.0378,290,michaelthoward,1,0.0000,0.0000,0.0000,0,1
2227,2728,Graphics3D.java,M,7,4,88,0.9462,0.0430,92,michaelthoward,6,0.6847,1.0000,0.0000,5,1
2227,2744,Graphics3D.java,M,20,3,89,0.9570,0.0323,92,michaelthoward,1,0.0000,0.0000,0.0000,0,1
2227,2871,Hermite3D.java,M,40,1,27,0.9643,0.0357,27,michaelthoward,1,1.0000,1.0000,1.0000,1,0
2227,2872,Hermite3D.java,M,40,1,26,0.9286,0.0357,27,michaelthoward,1,1.0000,1.0000,1.0000,1,0
2228,2468,Mcps.java,M,5,4,248,0.9802,0.0158,252,michaelthoward,4,0.0000,0.0000,0.0000,0,4
2228,2911,Group.java,M,7,2,3,0.6000,0.4000,4,michaelthoward,3,0.1767,0.5300,0.0000,1,2
2228,2912,Group.java,M,7,1,3,0.6000,0.2000,4,michaelthoward,3,0.1767,0.5300,0.0000,1,2
2231,2871,Hermite3D.java,M,40,2,30,0.9375,0.0625,31,michaelthoward,1,0.4700,0.4700,0.4700,0,0
2232,1941,Graphics3D.java,M,19,15,947,0.9743,0.0154,971,michaelthoward,2,0.0000,0.0000,0.0000,0,2
2232,1943,Graphics3D.java,M,5,35,927,0.9537,0.0360,971,michaelthoward,9,0.0551,0.4960,0.0000,0,8
2232,1944,Graphics3D.java,M,7,32,929,0.9558,0.0329,971,michaelthoward,6,0.6819,0.9999,0.0000,5,1
2232,1958,Graphics3D.java,M,7,26,935,0.9619,0.0267,971,michaelthoward,6,0.6600,0.9634,0.0000,4,1
2232,1959,Graphics3D.java,M,7,33,929,0.9558,0.0340,971,michaelthoward,6,0.6819,0.9999,0.0000,5,1
2232,1961,Graphics3D.java,M,7,31,931,0.9578,0.0319,971,michaelthoward,6,0.6812,1.0000,0.0000,4,1
2232,1966,Graphics3D.java,M,13,21,941,0.9681,0.0216,971,michaelthoward,1,0.5393,0.5393,0.5393,1,0
2232,1994,JmolViewer.java,M,8,39,919,0.9464,0.0402,970,michaelthoward,2,0.0010,0.0020,0.0000,0,2
2232,1995,JmolViewer.java,M,6,30,928,0.9557,0.0309,970,michaelthoward,3,0.0237,0.0711,0.0000,0,3
2232,1999,JmolViewer.java,M,5,60,898,0.9248,0.0618,970,michaelthoward,3,0.0000,0.0000,0.0000,0,3
2232,2007,JmolViewer.java,M,8,65,893,0.9197,0.0669,970,michaelthoward,0,0.0000,0.0000,0.0000,0,0
2232,2014,JmolViewer.java,M,13,22,892,0.9186,0.0227,970,michaelthoward,2,0.0000,0.0000,0.0000,0,2
2232,2092,JmolViewer.java,M,5,43,849,0.9507,0.0482,892,michaelthoward,2,0.7899,0.9423,0.6374,2,0
2232,2093,JmolViewer.java,M,5,58,834,0.9339,0.0649,892,michaelthoward,2,0.6193,0.6374,0.6012,2,0
2232,2123,Graphics3D.java,M,14,16,863,0.9818,0.0182,878,michaelthoward,1,0.8754,0.8754,0.8754,1,0
2232,2124,Graphics3D.java,M,14,13,863,0.9818,0.0148,878,michaelthoward,1,0.8754,0.8754,0.8754,1,0
2232,2146,JmolViewer.java,M,5,11,806,0.9329,0.0127,863,michaelthoward,2,0.7717,0.9423,0.6012,2,0
2232,2405,TransformManager.java,M,6,4,462,0.9851,0.0085,468,michaelthoward,3,0.0000,0.0000,0.0000,0,3
2232,2408,TransformManager.java,M,9,5,461,0.9829,0.0107,468,michaelthoward,0,0.0000,0.0000,0.0000,0,0
2232,2455,Graphics3D.java,M,5,12,283,0.9561,0.0405,295,michaelthoward,1,0.0000,0.0000,0.0000,0,1
2232,2690,Graphics3D.java,M,5,3,94,0.9592,0.0306,97,michaelthoward,9,0.0551,0.4960,0.0000,0,8
2232,2728,Graphics3D.java,M,7,5,92,0.9388,0.0510,97,michaelthoward,6,0.6791,1.0000,0.0000,4,1
2232,2744,Graphics3D.java,M,20,4,93,0.9490,0.0408,97,michaelthoward,1,0.0000,0.0000,0.0000,0,1
2233,1941,Graphics3D.java,M,19,16,947,0.9733,0.0164,972,michaelthoward,2,0.0000,0.0000,0.0000,0,2
2233,1943,Graphics3D.java,M,5,36,927,0.9527,0.0370,972,michaelthoward,9,0.0702,0.6317,0.0000,1,8
2233,1944,Graphics3D.java,M,7,33,929,0.9548,0.0339,972,michaelthoward,6,0.6335,0.8707,0.0000,5,1
2233,1958,Graphics3D.java,M,7,27,935,0.9609,0.0277,972,michaelthoward,6,0.6113,0.9744,0.0000,5,1
2233,1962,Graphics3D.java,M,7,32,931,0.9568,0.0329,972,michaelthoward,6,0.4606,0.7414,0.0000,3,1
2233,1966,Graphics3D.java,M,13,22,941,0.9671,0.0226,972,michaelthoward,1,0.3702,0.3702,0.3702,0,0
2233,2123,Graphics3D.java,M,14,17,863,0.9807,0.0193,879,michaelthoward,1,0.5977,0.5977,0.5977,1,0
2233,2455,Graphics3D.java,M,5,13,283,0.9529,0.0438,296,michaelthoward,1,0.0000,0.0000,0.0000,0,1
2233,2690,Graphics3D.java,M,5,4,94,0.9495,0.0404,98,michaelthoward,9,0.0702,0.6317,0.0000,1,8
2233,2728,Graphics3D.java,M,7,6,92,0.9293,0.0606,98,michaelthoward,6,0.6245,0.9744,0.0000,5,1
2234,1941,Graphics3D.java,M,19,17,947,0.9723,0.0175,973,michaelthoward,2,0.0000,0.0000,0.0000,0,2
2234,1943,Graphics3D.java,M,5,37,927,0.9517,0.0380,973,michaelthoward,9,0.0791,0.7117,0.0000,1,8
2234,1944,Graphics3D.java,M,7,34,929,0.9538,0.0349,973,michaelthoward,6,0.6766,0.8988,0.0000,5,1
2234,1959,Graphics3D.java,M,7,34,930,0.9548,0.0349,973,michaelthoward,6,0.6022,0.8730,0.0000,5,1
2234,1961,Graphics3D.java,M,7,32,932,0.9569,0.0329,973,michaelthoward,6,0.5941,0.8730,0.0000,4,1
2234,1962,Graphics3D.java,M,7,33,931,0.9559,0.0339,973,michaelthoward,6,0.5410,0.7971,0.0000,4,1
2234,1963,Graphics3D.java,M,13,19,945,0.9702,0.0195,973,michaelthoward,1,0.5240,0.5240,0.5240,1,0
2234,1966,Graphics3D.java,M,13,23,941,0.9661,0.0236,973,michaelthoward,1,0.5240,0.5240,0.5240,1,0
2234,2123,Graphics3D.java,M,14,18,863,0.9796,0.0204,880,michaelthoward,1,0.4504,0.4504,0.4504,0,0
2234,2455,Graphics3D.java,M,5,14,283,0.9497,0.0470,297,michaelthoward,1,0.0000,0.0000,0.0000,0,1
2234,2690,Graphics3D.java,M,5,5,94,0.9400,0.0500,99,michaelthoward,9,0.0791,0.7117,0.0000,1,8
2234,2728,Graphics3D.java,M,7,7,92,0.9200,0.0700,99,michaelthoward,6,0.6712,0.9806,0.0000,5,1
2234,2744,Graphics3D.java,M,20,5,94,0.9400,0.0500,99,michaelthoward,1,0.0000,0.0000,0.0000,0,1
2235,1917,Triangle3D.java,M,5,1,961,0.9856,0.0010,974,michaelthoward,5,0.0000,0.0000,0.0000,0,5
2235,1919,Triangle3D.java,M,5,3,959,0.9836,0.0031,974,michaelthoward,1,0.0000,0.0000,0.0000,0,1
2235,2183,Triangle3D.java,M,5,3,813,0.9951,0.0037,816,michaelthoward,2,0.0000,0.0000,0.0000,0,2
2235,2211,Triangle3D.java,M,9,2,746,0.9973,0.0027,747,michaelthoward,2,0.5000,1.0000,0.0000,1,1
2235,2212,Triangle3D.java,M,9,2,746,0.9973,0.0027,747,michaelthoward,2,0.5000,1.0000,0.0000,1,1
2237,1934,Graphics3D.java,M,8,9,958,0.9806,0.0092,976,michaelthoward,1,0.8678,0.8678,0.8678,1,0
2237,1937,Graphics3D.java,M,8,9,958,0.9806,0.0092,976,michaelthoward,1,0.8678,0.8678,0.8678,1,0
2237,1941,Graphics3D.java,M,19,18,949,0.9713,0.0184,976,michaelthoward,2,0.0000,0.0000,0.0000,0,2
2237,1943,Graphics3D.java,M,5,38,929,0.9509,0.0389,976,michaelthoward,9,0.0852,0.7671,0.0000,1,8
2237,1944,Graphics3D.java,M,7,35,931,0.9529,0.0358,976,michaelthoward,6,0.7065,0.9182,0.0000,5,1
2237,1958,Graphics3D.java,M,7,28,938,0.9601,0.0287,976,michaelthoward,6,0.6943,0.9846,0.0000,5,1
2237,1959,Graphics3D.java,M,7,35,932,0.9539,0.0358,976,michaelthoward,6,0.6472,0.9022,0.0000,5,1
2237,1961,Graphics3D.java,M,7,33,934,0.9560,0.0338,976,michaelthoward,6,0.6420,0.9022,0.0000,5,1
2237,1962,Graphics3D.java,M,7,34,933,0.9550,0.0348,976,michaelthoward,6,0.5969,0.8358,0.0000,5,1
2237,1963,Graphics3D.java,M,13,20,947,0.9693,0.0205,976,michaelthoward,1,0.6244,0.6244,0.6244,1,0
2237,1966,Graphics3D.java,M,13,24,943,0.9652,0.0246,976,michaelthoward,1,0.6244,0.6244,0.6244,1,0
2237,2123,Graphics3D.java,M,14,19,865,0.9785,0.0215,883,michaelthoward,1,0.5671,0.5671,0.5671,1,0
2237,2124,Graphics3D.java,M,14,14,867,0.9808,0.0158,883,michaelthoward,1,0.5671,0.5671,0.5671,1,0
2237,2455,Graphics3D.java,M,5,15,285,0.9468,0.0498,300,michaelthoward,1,0.0000,0.0000,0.0000,0,1
2237,2690,Graphics3D.java,M,5,6,96,0.9320,0.0583,102,michaelthoward,9,0.0852,0.7671,0.0000,1,8
2237,2728,Graphics3D.java,M,7,8,94,0.9126,0.0777,102,michaelthoward,6,0.7030,0.9846,0.0000,5,1
2237,2745,Graphics3D.java,M,20,2,98,0.9515,0.0194,102,michaelthoward,1,0.0000,0.0000,0.0000,0,1
2238,1943,Graphics3D.java,M,5,39,929,0.9499,0.0399,977,michaelthoward,9,0.0712,0.6404,0.0000,1,8
2238,1959,Graphics3D.java,M,7,36,932,0.9530,0.0368,977,michaelthoward,6,0.5959,0.9209,0.0000,5,1
2238,1961,Graphics3D.java,M,7,34,934,0.9550,0.0348,977,michaelthoward,6,0.5884,0.9209,0.0000,4,1
2238,2092,JmolViewer.java,M,5,44,854,0.9499,0.0489,898,michaelthoward,2,0.6218,0.7822,0.4614,1,0
2238,2093,JmolViewer.java,M,5,59,839,0.9333,0.0656,898,michaelthoward,2,0.5716,0.7822,0.3611,1,0
2238,2405,TransformManager.java,M,6,5,467,0.9832,0.0105,474,michaelthoward,3,0.0000,0.0000,0.0000,0,3
2238,2408,TransformManager.java,M,9,6,466,0.9811,0.0126,474,michaelthoward,1,0.0000,0.0000,0.0000,0,1
2238,2455,Graphics3D.java,M,5,16,285,0.9437,0.0530,301,michaelthoward,1,0.0000,0.0000,0.0000,0,1
2238,2823,TransformManager.java,M,21,1,99,0.9802,0.0099,100,michaelthoward,1,0.0000,0.0000,0.0000,0,1
2242,2410,Eval.java,M,23,13,435,0.9710,0.0290,447,michaelthoward,0,0.0000,0.0000,0.0000,0,0
2243,2301,StrandsRenderer.java,M,10,2,41,0.0625,0.0030,655,michaelthoward,5,0.1298,0.6489,0.0000,1,4
2243,2468,Mcps.java,M,5,5,262,0.9776,0.0187,267,michaelthoward,4,0.0000,0.0000,0.0000,0,4
2243,2883,MeshRenderer.java,M,10,4,37,0.8810,0.0952,41,michaelthoward,5,0.1298,0.6489,0.0000,1,4
2243,2909,Polymer.java,M,16,2,23,0.9200,0.0800,24,michaelthoward,1,0.3274,0.3274,0.3274,0,0
2243,2910,Polymer.java,M,8,2,23,0.9200,0.0800,24,michaelthoward,0,0.0000,0.0000,0.0000,0,0
2253,1994,JmolViewer.java,M,8,40,939,0.9466,0.0403,991,michaelthoward,2,0.0004,0.0007,0.0000,0,2
2253,1999,JmolViewer.java,M,5,61,918,0.9254,0.0615,991,michaelthoward,3,0.0000,0.0000,0.0000,0,3
2253,2007,JmolViewer.java,M,8,66,913,0.9204,0.0665,991,michaelthoward,0,0.0000,0.0000,0.0000,0,0
2253,2092,JmolViewer.java,M,5,45,868,0.9497,0.0492,913,michaelthoward,2,0.5612,0.8661,0.2563,1,0
2253,2093,JmolViewer.java,M,5,60,853,0.9333,0.0656,913,michaelthoward,2,0.5440,0.8661,0.2220,1,0
2255,1994,JmolViewer.java,M,8,41,940,0.9457,0.0412,993,michaelthoward,2,0.0002,0.0004,0.0000,0,2
2255,1999,JmolViewer.java,M,5,62,919,0.9245,0.0624,993,michaelthoward,3,0.0000,0.0000,0.0000,0,3
2255,2007,JmolViewer.java,M,8,67,914,0.9195,0.0674,993,michaelthoward,0,0.0000,0.0000,0.0000,0,0
2255,2024,JmolViewer.java,M,7,34,947,0.9527,0.0342,993,michaelthoward,3,0.0000,0.0000,0.0000,0,3
2255,2093,JmolViewer.java,M,5,61,854,0.9323,0.0666,915,michaelthoward,1,0.1576,0.1576,0.1576,0,1
2256,2915,Polymer.java,M,10,1,11,0.9167,0.0833,11,michaelthoward,2,0.0000,0.0000,0.0000,0,2
2258,2195,Compiler.java,M,5,10,821,0.9880,0.0120,830,michaelthoward,4,0.2499,0.9971,0.0000,1,3
2258,2256,Compiler.java,M,5,7,733,0.9826,0.0094,745,michaelthoward,1,0.0014,0.0014,0.0014,0,1
2258,2391,Compiler.java,M,5,8,508,0.9845,0.0155,515,michaelthoward,4,0.2499,0.9971,0.0000,1,3
2258,2634,Compiler.java,M,6,1,160,0.9938,0.0062,160,michaelthoward,4,0.2500,1.0000,0.0000,1,3
2258,2635,Compiler.java,M,6,1,160,0.9938,0.0062,160,michaelthoward,4,0.2500,1.0000,0.0000,1,3
2258,2917,Compiler.java,M,8,1,0,0.0000,1.0000,0,michaelthoward,0,0.0000,0.0000,0.0000,0,0
2259,2917,Compiler.java,M,8,2,0,0.0000,1.0000,1,michaelthoward,0,0.0000,0.0000,0.0000,0,0
2262,2917,Compiler.java,M,8,3,2,0.4000,0.6000,4,michaelthoward,0,0.0000,0.0000,0.0000,0,0
2264,2323,CartoonRenderer.java,M,11,2,10,0.0151,0.0030,663,michaelthoward,2,0.0000,0.0000,0.0000,0,2
2264,2324,CartoonRenderer.java,M,13,3,654,0.9909,0.0045,659,michaelthoward,3,0.0000,0.0000,0.0000,0,3
2264,2325,CartoonRenderer.java,M,9,2,654,0.9909,0.0030,659,michaelthoward,3,0.0000,0.0000,0.0000,0,3
2264,2332,CartoonRenderer.java,M,16,6,587,0.9303,0.0095,630,michaelthoward,2,0.0000,0.0000,0.0000,0,2
2264,2929,CartoonRenderer.java,M,11,1,1,0.5000,0.5000,1,michaelthoward,3,0.0000,0.0000,0.0000,0,3
2264,2931,CartoonRenderer.java,M,16,1,1,0.5000,0.5000,1,michaelthoward,3,0.0000,0.0000,0.0000,0,3
2264,2933,CartoonRenderer.java,M,16,1,1,0.5000,0.5000,1,michaelthoward,2,0.0000,0.0000,0.0000,0,2
2264,2935,CartoonRenderer.java,M,5,1,1,0.5000,0.5000,1,michaelthoward,6,0.0000,0.0000,0.0000,0,6
2264,2939,CartoonRenderer.java,M,20,1,1,0.5000,0.5000,1,michaelthoward,5,0.0000,0.0000,0.0000,0,5
2265,2312,JmolEditBus.java,M,12,1,671,0.9955,0.0015,673,egonw,0,0.0000,0.0000,0.0000,0,0
2266,2876,RibbonsRenderer.java,M,17,2,63,0.9545,0.0303,65,michaelthoward,3,0.0000,0.0000,0.0000,0,3
2267,2323,CartoonRenderer.java,M,11,3,12,0.0180,0.0045,666,michaelthoward,2,0.0000,0.0000,0.0000,0,2
2267,2332,CartoonRenderer.java,M,16,7,589,0.9290,0.0110,633,michaelthoward,2,0.0000,0.0000,0.0000,0,2
2267,2929,CartoonRenderer.java,M,11,2,3,0.6000,0.4000,4,michaelthoward,3,0.0000,0.0000,0.0000,0,3
2267,2944,CartoonRenderer.java,M,6,1,0,0.0000,1.0000,0,michaelthoward,2,0.0000,0.0000,0.0000,0,2
2268,2332,CartoonRenderer.java,M,16,8,589,0.9276,0.0126,634,michaelthoward,2,0.0000,0.0000,0.0000,0,2
2269,2863,CmlReader.java,M,5,4,90,0.9091,0.0404,98,egonw,1,0.0000,0.0000,0.0000,0,1
2270,2891,JmolConstants.java,M,6,2,65,0.9701,0.0299,66,michaelthoward,1,0.0947,0.0947,0.0947,0,1
2271,2893,Group.java,M,6,1,61,0.9683,0.0159,62,michaelthoward,0,0.0000,0.0000,0.0000,0,0
2271,2899,Group.java,M,8,2,59,0.9365,0.0317,62,michaelthoward,3,0.0000,0.0000,0.0000,0,3
2271,2911,Group.java,M,7,3,45,0.9375,0.0625,47,michaelthoward,3,0.2798,0.8393,0.0000,1,2
2271,2912,Group.java,M,7,2,45,0.9375,0.0417,47,michaelthoward,3,0.2798,0.8393,0.0000,1,2
2282,1999,JmolViewer.java,M,5,63,945,0.9256,0.0617,1020,michaelthoward,3,0.0000,0.0000,0.0000,0,3
2282,2007,JmolViewer.java,M,8,68,940,0.9207,0.0666,1020,michaelthoward,0,0.0000,0.0000,0.0000,0,0
2282,2458,SticksRenderer.java,M,5,2,331,0.9910,0.0060,333,michaelthoward,9,0.0000,0.0000,0.0000,0,9
2282,2859,SticksRenderer.java,M,9,2,112,0.9825,0.0175,113,michaelthoward,1,0.0000,0.0000,0.0000,0,1
2285,2332,CartoonRenderer.java,M,16,9,605,0.9279,0.0138,651,michaelthoward,2,0.0000,0.0000,0.0000,0,2
2285,2929,CartoonRenderer.java,M,11,3,20,0.8696,0.1304,22,michaelthoward,3,0.0000,0.0000,0.0000,0,3
2287,2946,TempManager.java,M,12,1,0,0.0000,1.0000,0,michaelthoward,1,0.0000,0.0000,0.0000,0,1
2288,2328,StrandsRenderer.java,M,17,1,611,0.9025,0.0015,676,michaelthoward,3,0.5410,1.0000,0.0000,2,1
2288,2876,RibbonsRenderer.java,M,17,3,84,0.9545,0.0341,87,michaelthoward,3,0.4154,0.6231,0.0000,2,1
2288,2878,RibbonsRenderer.java,M,11,5,82,0.9318,0.0568,87,michaelthoward,3,0.4998,1.0000,0.1586,1,1
2288,2882,MeshRenderer.java,M,17,1,85,0.9770,0.0115,86,michaelthoward,3,0.5410,1.0000,0.0000,2,1
2288,2884,MeshRenderer.java,M,5,3,83,0.9540,0.0345,86,michaelthoward,1,0.0000,0.0000,0.0000,0,1
2288,2890,MeshRenderer.java,M,11,5,81,0.9310,0.0575,86,michaelthoward,3,0.4998,1.0000,0.1586,1,1
2288,2929,CartoonRenderer.java,M,11,4,22,0.8462,0.1538,25,michaelthoward,3,0.2273,0.3409,0.0000,0,1
2290,1874,Bspt.java,M,5,1,1041,0.9914,0.0010,1049,michaelthoward,0,0.0000,0.0000,0.0000,0,0
2293,2863,CmlReader.java,M,5,5,113,0.9187,0.0407,122,michaelthoward,1,0.0000,0.0000,0.0000,0,1
2293,2868,CmlReader.java,M,10,3,109,0.9732,0.0268,111,michaelthoward,1,0.0776,0.0776,0.0776,0,1
2302,1493,Eval.java,M,6,52,1394,0.9541,0.0356,1460,michaelthoward,3,0.3332,0.9997,0.0000,1,2
2302,2146,JmolViewer.java,M,5,12,875,0.9368,0.0128,933,michaelthoward,2,0.0797,0.0874,0.0720,0,2
2302,2403,Eval.java,M,6,21,521,0.9595,0.0387,542,michaelthoward,3,0.3332,0.9997,0.0000,1,2
2302,2404,Eval.java,M,6,20,522,0.9613,0.0368,542,michaelthoward,1,0.0339,0.0339,0.0339,0,1
2302,2417,Eval.java,M,13,13,462,0.9686,0.0273,476,michaelthoward,0,0.0000,0.0000,0.0000,0,0
2315,2942,RocketsRenderer.java,M,9,1,51,0.9623,0.0189,52,michaelthoward,1,1.0000,1.0000,1.0000,1,0
2315,2943,RocketsRenderer.java,M,9,1,51,0.9623,0.0189,52,michaelthoward,1,1.0000,1.0000,1.0000,1,0
2320,2952,JmolTable.java,M,6,1,0,0.0000,0.5000,1,egonw,1,0.0000,0.0000,0.0000,0,1
2320,2953,JmolTable.java,M,6,1,0,0.0000,0.5000,1,egonw,1,1.0000,1.0000,1.0000,1,0
2320,2954,JmolTable.java,M,6,1,0,0.0000,0.5000,1,egonw,1,1.0000,1.0000,1.0000,1,0
2321,2649,Atom.java,M,6,4,193,0.9747,0.0202,197,migueljmol,4,0.0000,0.0000,0.0000,0,4
2321,2817,Atom.java,M,5,3,183,0.9839,0.0161,185,migueljmol,0,0.0000,0.0000,0.0000,0,0
2321,2899,Group.java,M,8,3,108,0.9558,0.0265,112,migueljmol,3,0.0000,0.0000,0.0000,0,3
2321,2911,Group.java,M,7,4,94,0.9592,0.0408,97,migueljmol,3,0.3198,0.9593,0.0000,1,2
2321,2912,Group.java,M,7,3,94,0.9592,0.0306,97,migueljmol,3,0.3198,0.9593,0.0000,1,2
2323,1437,TransformManager.java,M,6,1,1505,0.9895,0.0007,1520,migueljmol,4,0.0000,0.0000,0.0000,0,4
2323,1438,TransformManager.java,M,5,3,1503,0.9882,0.0020,1520,migueljmol,2,0.9997,0.9997,0.9997,2,0
2323,1444,TransformManager.java,M,5,5,1501,0.9869,0.0033,1520,migueljmol,1,1.0000,1.0000,1.0000,1,0
2323,1457,TransformManager.java,M,5,2,1498,0.9894,0.0013,1513,migueljmol,2,0.9999,1.0000,0.9997,2,0
2323,1458,TransformManager.java,M,5,1,1499,0.9901,0.0007,1513,migueljmol,2,0.9999,1.0000,0.9997,2,0
2323,2190,TransformManager.java,M,5,3,894,0.9955,0.0033,897,migueljmol,1,1.0000,1.0000,1.0000,1,0
2323,2405,TransformManager.java,M,6,6,551,0.9839,0.0107,559,migueljmol,3,0.0000,0.0000,0.0000,0,3
2324,1994,JmolViewer.java,M,8,42,1008,0.9483,0.0395,1062,migueljmol,3,0.3334,1.0000,0.0000,1,2
2324,1999,JmolViewer.java,M,5,64,986,0.9276,0.0602,1062,migueljmol,3,0.0000,0.0000,0.0000,0,3
2324,2007,JmolViewer.java,M,8,69,981,0.9229,0.0649,1062,migueljmol,0,0.0000,0.0000,0.0000,0,0
2324,2024,JmolViewer.java,M,7,35,1015,0.9548,0.0329,1062,migueljmol,3,0.0000,0.0000,0.0000,0,3
2324,2222,Frame.java,M,9,32,798,0.9603,0.0385,830,migueljmol,0,0.0000,0.0000,0.0000,0,0
2324,2427,ShapeRenderer.java,M,6,1,470,0.9958,0.0021,471,migueljmol,14,0.0000,0.0000,0.0000,0,14
2324,2436,Frame.java,M,5,19,426,0.9573,0.0427,444,migueljmol,5,0.0000,0.0000,0.0000,0,5
2324,2456,BallsRenderer.java,M,7,2,373,0.9920,0.0053,375,migueljmol,5,0.0000,0.0000,0.0000,0,5
2324,2481,SticksRenderer.java,M,7,1,309,0.9968,0.0032,309,migueljmol,1,0.0000,0.0000,0.0000,0,1
2324,2484,PdbFile.java,M,5,5,300,0.9804,0.0163,305,migueljmol,5,0.1991,0.9953,0.0000,1,4
2324,2486,PdbFile.java,M,5,4,299,0.9771,0.0131,305,migueljmol,5,0.1991,0.9953,0.0000,1,4
2324,2957,PdbFile.java,M,5,1,0,0.0000,1.0000,0,migueljmol,3,0.3333,1.0000,0.0000,1,2
2325,2951,Integration.java,M,6,1,6,0.8571,0.1429,6,migueljmol,1,0.5374,0.5374,0.5374,1,0
2325,2952,JmolTable.java,M,6,2,4,0.5714,0.2857,6,migueljmol,1,0.5374,0.5374,0.5374,1,0
2326,2361,PdbModel.java,M,6,1,427,0.6887,0.0016,619,migueljmol,3,0.3333,1.0000,0.0000,1,2
2326,2909,Polymer.java,M,16,3,104,0.9630,0.0278,107,migueljmol,1,0.0359,0.0359,0.0359,0,1
2326,2910,Polymer.java,M,8,3,104,0.9630,0.0278,107,migueljmol,2,0.0000,0.0000,0.0000,0,2
2326,2958,Polymer.java,M,6,1,2,0.6667,0.3333,2,migueljmol,0,0.0000,0.0000,0.0000,0,0
2326,2959,PdbFile.java,M,6,1,0,0.0000,1.0000,0,migueljmol,3,0.3333,1.0000,0.0000,1,2
2327,2361,PdbModel.java,M,6,2,427,0.6876,0.0032,620,migueljmol,3,0.3333,1.0000,0.0000,1,2
2327,2905,Polymer.java,M,21,2,108,0.9730,0.0180,110,migueljmol,0,0.0000,0.0000,0.0000,0,0
2327,2959,PdbFile.java,M,6,2,0,0.0000,1.0000,1,migueljmol,3,0.3333,1.0000,0.0000,1,2
2328,2222,Frame.java,M,9,33,801,0.9593,0.0395,834,migueljmol,0,0.0000,0.0000,0.0000,0,0
2328,2228,Frame.java,M,5,9,633,0.7581,0.0108,834,migueljmol,0,0.0000,0.0000,0.0000,0,0
2328,2230,Frame.java,M,6,1,394,0.4719,0.0012,834,migueljmol,0,0.0000,0.0000,0.0000,0,0
2328,2240,Frame.java,M,6,33,800,0.9581,0.0395,834,migueljmol,2,0.0001,0.0001,0.0000,0,2
2328,2371,Frame.java,M,15,10,604,0.9837,0.0163,613,migueljmol,1,0.0000,0.0000,0.0000,0,1
2328,2436,Frame.java,M,5,20,429,0.9555,0.0445,448,migueljmol,5,0.0000,0.0000,0.0000,0,5
2328,2446,RepaintManager.java,M,12,4,396,0.9900,0.0100,399,migueljmol,1,0.0000,0.0000,0.0000,0,1
2328,2453,RepaintManager.java,M,5,6,389,0.9848,0.0152,394,migueljmol,1,0.9725,0.9725,0.9725,1,0
2328,2454,RepaintManager.java,M,5,2,392,0.9924,0.0051,394,migueljmol,1,0.9725,0.9725,0.9725,1,0
2328,2497,RepaintManager.java,M,5,2,301,0.9934,0.0066,302,migueljmol,2,0.0000,0.0000,0.0000,0,2
2328,2649,Atom.java,M,6,5,199,0.9707,0.0244,204,migueljmol,4,0.0000,0.0000,0.0000,0,4
2328,2817,Atom.java,M,5,4,189,0.9793,0.0207,192,migueljmol,0,0.0000,0.0000,0.0000,0,0
2328,2957,PdbFile.java,M,5,2,3,0.6000,0.4000,4,migueljmol,3,0.1567,0.4700,0.0000,0,2
2329,2631,Atom.java,M,5,3,209,0.8970,0.0129,232,migueljmol,0,0.0000,0.0000,0.0000,0,0
2329,2649,Atom.java,M,6,6,199,0.9660,0.0291,205,migueljmol,4,0.0000,0.0000,0.0000,0,4
2329,2817,Atom.java,M,5,5,189,0.9742,0.0258,193,migueljmol,0,0.0000,0.0000,0.0000,0,0
2329,2898,Chain.java,M,8,1,119,0.9835,0.0083,120,migueljmol,1,0.0000,0.0000,0.0000,0,1
2329,2899,Group.java,M,8,4,115,0.9504,0.0331,120,migueljmol,3,0.0000,0.0000,0.0000,0,3
2330,2849,CmlReader.java,M,7,5,157,0.9401,0.0299,166,egonw,1,0.6534,0.6534,0.6534,1,0
2330,2850,CmlReader.java,M,7,5,156,0.9341,0.0299,166,egonw,1,0.6534,0.6534,0.6534,1,0
2331,2222,Frame.java,M,9,34,803,0.9582,0.0406,837,migueljmol,0,0.0000,0.0000,0.0000,0,0
2331,2240,Frame.java,M,6,34,802,0.9570,0.0406,837,migueljmol,2,0.0000,0.0001,0.0000,0,2
2331,2371,Frame.java,M,15,11,606,0.9822,0.0178,616,migueljmol,1,0.0000,0.0000,0.0000,0,1
2331,2436,Frame.java,M,5,21,431,0.9535,0.0465,451,migueljmol,5,0.0000,0.0000,0.0000,0,5
2331,2961,Mmset.java,M,5,1,1,0.3333,0.3333,2,migueljmol,2,0.5000,1.0000,0.0000,1,1
2331,2962,Mmset.java,M,5,1,1,0.3333,0.3333,2,migueljmol,2,0.5000,1.0000,0.0000,1,1
2334,2898,Chain.java,M,8,2,123,0.9762,0.0159,125,migueljmol,1,0.0000,0.0000,0.0000,0,1
2335,2240,Frame.java,M,6,35,805,0.9561,0.0416,841,migueljmol,2,0.0000,0.0000,0.0000,0,2
2335,2371,Frame.java,M,15,12,609,0.9807,0.0193,620,migueljmol,1,0.0000,0.0000,0.0000,0,1
2335,2436,Frame.java,M,5,22,434,0.9518,0.0482,455,migueljmol,5,0.0000,0.0000,0.0000,0,5
2338,2255,Compiler.java,M,5,11,814,0.9855,0.0133,825,migueljmol,1,0.9166,0.9166,0.9166,1,0
2338,2256,Compiler.java,M,5,8,812,0.9831,0.0097,825,migueljmol,1,0.9166,0.9166,0.9166,1,0
2339,2301,StrandsRenderer.java,M,10,3,136,0.1809,0.0040,751,migueljmol,5,0.1915,0.9577,0.0000,1,4
2339,2883,MeshRenderer.java,M,10,5,132,0.9565,0.0362,137,migueljmol,5,0.1915,0.9577,0.0000,1,4
2339,2909,Polymer.java,M,16,4,116,0.9587,0.0331,120,migueljmol,1,0.0155,0.0155,0.0155,0,1
2339,2910,Polymer.java,M,8,4,116,0.9587,0.0331,120,migueljmol,2,0.0000,0.0000,0.0000,0,2
2339,2958,Polymer.java,M,6,2,14,0.8750,0.1250,15,migueljmol,1,0.0000,0.0000,0.0000,0,1
2339,2963,Model.java,M,6,1,9,0.8182,0.0909,10,migueljmol,1,0.0000,0.0000,0.0000,0,1
2340,2584,FrameExportModelAdapter.java,M,6,1,278,0.9964,0.0036,278,migueljmol,3,0.0000,0.0000,0.0000,0,3
2340,2817,Atom.java,M,5,6,199,0.9707,0.0293,204,migueljmol,0,0.0000,0.0000,0.0000,0,0
2340,2818,Balls.java,M,5,1,204,0.9951,0.0049,204,migueljmol,3,0.0000,0.0000,0.0000,0,3
2340,2904,AlphaCarbonPolymer.java,M,11,1,122,0.9839,0.0081,123,migueljmol,3,0.3333,1.0000,0.0000,1,2
2340,2907,NucleotidePolymer.java,M,11,1,120,0.9836,0.0082,121,migueljmol,3,0.3333,1.0000,0.0000,1,2
2340,2958,Polymer.java,M,6,3,14,0.8235,0.1765,16,migueljmol,1,0.0000,0.0000,0.0000,0,1
2342,2854,JmolPopup.java,M,12,1,174,0.9886,0.0057,175,migueljmol,1,0.0000,0.0000,0.0000,0,1
2343,1432,Eval.java,M,18,31,1503,0.9709,0.0200,1547,migueljmol,1,0.9999,0.9999,0.9999,1,0
2343,1433,Eval.java,M,18,26,1504,0.9716,0.0168,1547,migueljmol,1,0.9999,0.9999,0.9999,1,0
2343,1493,Eval.java,M,6,53,1434,0.9547,0.0353,1501,migueljmol,1,0.9999,0.9999,0.9999,1,0
2343,1505,Eval.java,M,6,18,1464,0.9786,0.0120,1495,migueljmol,1,0.0000,0.0000,0.0000,0,1
2343,1507,Eval.java,M,11,31,1451,0.9699,0.0207,1495,migueljmol,0,0.0000,0.0000,0.0000,0,0
2343,1509,Eval.java,M,11,48,1432,0.9572,0.0321,1495,migueljmol,0,0.0000,0.0000,0.0000,0,0
2343,1512,Eval.java,M,9,21,1460,0.9772,0.0141,1493,migueljmol,3,0.9997,1.0000,0.9992,3,0
2343,1513,Eval.java,M,9,26,1455,0.9739,0.0174,1493,migueljmol,3,0.9997,1.0000,0.9992,3,0
2343,1520,Eval.java,M,9,23,1371,0.9220,0.0155,1486,migueljmol,3,0.9993,0.9993,0.9992,3,0
2343,1526,Eval.java,M,6,19,1427,0.9655,0.0129,1477,migueljmol,0,0.0000,0.0000,0.0000,0,0
2343,2027,Eval.java,M,9,5,626,0.5786,0.0046,1081,migueljmol,3,0.9997,0.9999,0.9993,3,0
2343,2260,Eval.java,M,24,16,811,0.9795,0.0193,827,migueljmol,0,0.0000,0.0000,0.0000,0,0
2343,2305,Eval.java,M,20,26,729,0.9643,0.0344,755,migueljmol,3,0.6606,1.0000,0.0000,2,1
2343,2342,Eval.java,M,20,9,650,0.9848,0.0136,659,migueljmol,3,0.6606,1.0000,0.0000,2,1
2343,2343,Eval.java,M,20,21,638,0.9667,0.0318,659,migueljmol,3,0.6546,0.9819,0.0000,2,1
2343,2403,Eval.java,M,6,22,561,0.9606,0.0377,583,migueljmol,1,0.9999,0.9999,0.9999,1,0
2343,2404,Eval.java,M,6,21,562,0.9623,0.0360,583,migueljmol,1,0.0106,0.0106,0.0106,0,1
2343,2410,Eval.java,M,23,14,535,0.9745,0.0255,548,migueljmol,0,0.0000,0.0000,0.0000,0,0
2343,2415,Eval.java,M,13,6,520,0.9886,0.0114,525,migueljmol,1,1.0000,1.0000,1.0000,1,0
2343,2416,Eval.java,M,13,5,521,0.9905,0.0095,525,migueljmol,1,1.0000,1.0000,1.0000,1,0
2343,2417,Eval.java,M,13,14,502,0.9691,0.0270,517,migueljmol,0,0.0000,0.0000,0.0000,0,0
2344,2899,Group.java,M,8,5,129,0.9485,0.0368,135,migueljmol,3,0.0000,0.0000,0.0000,0,3
2345,2968,FrameBuilder.java,M,5,1,12,0.8000,0.0667,14,migueljmol,0,0.0000,0.0000,0.0000,0,0
2347,2337,ColorManager.java,M,6,8,476,0.6869,0.0115,692,migueljmol,2,0.0000,0.0000,0.0000,0,2
2347,2633,ColorManager.java,M,6,4,247,0.9841,0.0159,250,migueljmol,0,0.0000,0.0000,0.0000,0,0
2347,2968,FrameBuilder.java,M,5,2,13,0.7647,0.1176,16,migueljmol,0,0.0000,0.0000,0.0000,0,0
2348,2220,FrameBuilder.java,M,5,1,399,0.4667,0.0012,854,migueljmol,5,0.0000,0.0000,0.0000,0,5
2348,2301,StrandsRenderer.java,M,10,4,144,0.1892,0.0053,760,migueljmol,5,0.1961,0.9804,0.0000,1,4
2348,2303,StrandsRenderer.java,M,5,3,147,0.1932,0.0039,760,migueljmol,1,0.8035,0.8035,0.8035,1,0
2348,2323,CartoonRenderer.java,M,11,4,89,0.1190,0.0053,747,migueljmol,2,0.0000,0.0000,0.0000,0,2
2348,2878,RibbonsRenderer.java,M,11,6,141,0.9527,0.0405,147,migueljmol,3,0.8732,1.0000,0.7848,3,0
2348,2883,MeshRenderer.java,M,10,6,140,0.9524,0.0408,146,migueljmol,5,0.1961,0.9804,0.0000,1,4
2348,2884,MeshRenderer.java,M,5,4,142,0.9660,0.0272,146,migueljmol,1,0.8035,0.8035,0.8035,1,0
2348,2885,StrandsRenderer.java,M,9,1,146,0.9932,0.0068,146,migueljmol,0,0.0000,0.0000,0.0000,0,0
2348,2889,MeshRenderer.java,M,11,3,143,0.9728,0.0204,146,migueljmol,3,0.7810,0.8347,0.6735,3,0
2348,2890,MeshRenderer.java,M,11,6,140,0.9524,0.0408,146,migueljmol,3,0.8732,1.0000,0.7848,3,0
2348,2893,Group.java,M,6,2,131,0.9357,0.0143,139,migueljmol,0,0.0000,0.0000,0.0000,0,0
2348,2904,AlphaCarbonPolymer.java,M,11,2,129,0.9773,0.0152,131,migueljmol,3,0.3333,1.0000,0.0000,1,2
2348,2905,Polymer.java,M,21,3,128,0.9697,0.0227,131,migueljmol,0,0.0000,0.0000,0.0000,0,0
2348,2906,Polymer.java,M,23,2,129,0.9773,0.0152,131,migueljmol,2,1.0000,1.0000,1.0000,2,0
2348,2907,NucleotidePolymer.java,M,11,2,127,0.9769,0.0154,129,migueljmol,3,0.3333,1.0000,0.0000,1,2
2348,2908,Polymer.java,M,16,2,127,0.9769,0.0154,129,migueljmol,2,1.0000,1.0000,1.0000,2,0
2348,2910,Polymer.java,M,8,5,124,0.9538,0.0385,129,migueljmol,2,0.2134,0.4267,0.0000,0,1
2348,2915,Polymer.java,M,10,2,102,0.9808,0.0192,103,migueljmol,2,0.2134,0.4267,0.0000,0,1
2348,2926,RocketsRenderer.java,M,8,1,33,0.3837,0.0116,85,migueljmol,2,1.0000,1.0000,1.0000,2,0
2348,2929,CartoonRenderer.java,M,11,5,81,0.9419,0.0581,85,migueljmol,3,0.7477,0.7848,0.6735,3,0
2348,2958,Polymer.java,M,6,4,21,0.8400,0.1600,24,migueljmol,1,0.0000,0.0000,0.0000,0,1
2348,2970,Mps.java,M,5,1,8,0.8000,0.1000,9,migueljmol,1,0.0000,0.0000,0.0000,0,1
2348,2971,Mps.java,M,6,1,8,0.8000,0.1000,9,migueljmol,2,0.5000,1.0000,0.0000,1,1
2348,2972,Mps.java,M,6,1,8,0.8000,0.1000,9,migueljmol,2,0.5000,1.0000,0.0000,1,1
2348,2975,MpsRenderer.java,M,8,1,8,0.8000,0.1000,9,migueljmol,2,1.0000,1.0000,1.0000,2,0
2348,2976,ProteinStructure.java,M,6,1,7,0.7778,0.1111,8,migueljmol,16,0.0000,0.0000,0.0000,0,16
2348,2980,Group.java,M,7,1,0,0.0000,1.0000,0,migueljmol,0,0.0000,0.0000,0.0000,0,0
2348,2982,Group.java,M,5,1,0,0.0000,1.0000,0,migueljmol,0,0.0000,0.0000,0.0000,0,0
2348,2986,Polymer.java,M,16,1,0,0.0000,1.0000,0,migueljmol,2,1.0000,1.0000,1.0000,2,0
2348,2987,Polymer.java,M,16,1,0,0.0000,1.0000,0,migueljmol,2,1.0000,1.0000,1.0000,2,0
2348,2988,Polymer.java,M,7,1,0,0.0000,1.0000,0,migueljmol,2,0.0000,0.0000,0.0000,0,2
2349,2908,Polymer.java,M,16,3,127,0.9695,0.0229,130,migueljmol,2,0.4925,0.4925,0.4925,0,0
2349,2976,ProteinStructure.java,M,6,2,7,0.7000,0.2000,9,migueljmol,16,0.0000,0.0000,0.0000,0,16
2349,2981,Monomer.java,M,7,1,0,0.0000,0.5000,1,migueljmol,3,0.0000,0.0000,0.0000,0,3
2349,2983,Monomer.java,M,5,1,0,0.0000,0.5000,1,migueljmol,2,0.0000,0.0000,0.0000,0,2
2349,2984,Monomer.java,M,12,1,0,0.0000,0.5000,1,migueljmol,0,0.0000,0.0000,0.0000,0,0
2349,2990,Monomer.java,M,5,1,0,0.0000,1.0000,0,migueljmol,7,0.0000,0.0000,0.0000,0,7
2351,2905,Polymer.java,M,21,4,130,0.9630,0.0296,134,migueljmol,0,0.0000,0.0000,0.0000,0,0
2351,2906,Polymer.java,M,23,3,131,0.9704,0.0222,134,migueljmol,2,0.4775,0.4775,0.4775,0,0
2351,2908,Polymer.java,M,16,4,128,0.9624,0.0301,132,migueljmol,2,0.6702,0.6702,0.6702,2,0
2351,2910,Polymer.java,M,8,6,126,0.9474,0.0451,132,migueljmol,2,0.1454,0.2909,0.0000,0,1
2351,2945,NucleotidePolymer.java,M,5,1,73,0.9865,0.0135,73,migueljmol,2,0.0000,0.0000,0.0000,0,2
2351,2958,Polymer.java,M,6,5,23,0.8214,0.1786,27,migueljmol,1,0.0000,0.0000,0.0000,0,1
2351,2986,Polymer.java,M,16,2,2,0.5000,0.5000,3,migueljmol,2,0.8351,1.0000,0.6702,2,0
2351,2987,Polymer.java,M,16,2,2,0.5000,0.5000,3,migueljmol,2,0.8351,1.0000,0.6702,2,0
2351,2988,Polymer.java,M,7,2,2,0.5000,0.5000,3,migueljmol,2,0.0000,0.0000,0.0000,0,2
2352,2981,Monomer.java,M,7,2,2,0.4000,0.4000,4,migueljmol,3,0.0000,0.0000,0.0000,0,3
2352,2983,Monomer.java,M,5,2,2,0.4000,0.4000,4,migueljmol,2,0.0000,0.0000,0.0000,0,2
2353,2983,Monomer.java,M,5,3,2,0.3333,0.5000,5,migueljmol,2,0.0000,0.0000,0.0000,0,2
2353,2984,Monomer.java,M,12,2,3,0.5000,0.3333,5,migueljmol,0,0.0000,0.0000,0.0000,0,0
2355,2981,Monomer.java,M,7,3,4,0.5000,0.3750,7,migueljmol,3,0.0000,0.0000,0.0000,0,3
2355,2983,Monomer.java,M,5,4,3,0.3750,0.5000,7,migueljmol,2,0.0000,0.0000,0.0000,0,2
2355,2984,Monomer.java,M,12,3,4,0.5000,0.3750,7,migueljmol,0,0.0000,0.0000,0.0000,0,0
2355,2994,Monomer.java,M,6,1,0,0.0000,1.0000,0,migueljmol,1,1.0000,1.0000,1.0000,1,0
2355,2995,Monomer.java,M,6,1,0,0.0000,1.0000,0,migueljmol,1,1.0000,1.0000,1.0000,1,0
2357,2994,Monomer.java,M,6,2,1,0.3333,0.6667,2,migueljmol,1,1.0000,1.0000,1.0000,1,0
2357,2995,Monomer.java,M,6,2,1,0.3333,0.6667,2,migueljmol,1,1.0000,1.0000,1.0000,1,0
2357,2996,Group.java,M,6,1,0,0.0000,1.0000,0,migueljmol,17,0.0000,0.0000,0.0000,0,17
2357,2997,AminoMonomer.java,M,6,1,0,0.0000,1.0000,0,migueljmol,1,0.0000,0.0000,0.0000,0,1
2357,2998,NucleicMonomer.java,M,6,1,0,0.0000,1.0000,0,migueljmol,0,0.0000,0.0000,0.0000,0,0
2359,2997,AminoMonomer.java,M,6,2,1,0.3333,0.6667,2,migueljmol,1,0.0000,0.0000,0.0000,0,1
2359,2998,NucleicMonomer.java,M,6,2,0,0.0000,0.6667,2,migueljmol,0,0.0000,0.0000,0.0000,0,0
2360,2301,StrandsRenderer.java,M,10,5,155,0.2005,0.0065,772,migueljmol,5,0.1978,0.9889,0.0000,1,4
2360,2323,CartoonRenderer.java,M,11,5,100,0.1316,0.0066,759,migueljmol,2,0.0000,0.0000,0.0000,0,2
2360,2878,RibbonsRenderer.java,M,11,7,152,0.9500,0.0438,159,migueljmol,3,0.7595,1.0000,0.3879,2,0
2360,2883,MeshRenderer.java,M,10,7,151,0.9497,0.0440,158,migueljmol,5,0.1978,0.9889,0.0000,1,4
2360,2890,MeshRenderer.java,M,11,7,151,0.9497,0.0440,158,migueljmol,3,0.7595,1.0000,0.3879,2,0
2360,2906,Polymer.java,M,23,4,139,0.9653,0.0278,143,migueljmol,2,0.2835,0.2835,0.2835,0,0
2360,2929,CartoonRenderer.java,M,11,6,92,0.9388,0.0612,97,migueljmol,3,0.7079,0.8905,0.3427,2,0
2364,2984,Monomer.java,M,12,4,4,0.2353,0.2353,16,migueljmol,0,0.0000,0.0000,0.0000,0,0
2364,2999,NucleicPolymer.java,M,5,1,3,0.6000,0.2000,4,migueljmol,7,0.0000,0.0000,0.0000,0,7
2365,1941,Graphics3D.java,M,19,19,1076,0.9738,0.0172,1104,migueljmol,2,0.0000,0.0000,0.0000,0,2
2365,1943,Graphics3D.java,M,5,40,1055,0.9548,0.0362,1104,migueljmol,9,0.1064,0.9575,0.0000,1,8
2365,1944,Graphics3D.java,M,7,36,1058,0.9575,0.0326,1104,migueljmol,6,0.5173,0.9751,0.0000,3,3
2365,1958,Graphics3D.java,M,7,29,1065,0.9638,0.0262,1104,migueljmol,6,0.5133,0.9986,0.0000,3,3
2365,1961,Graphics3D.java,M,7,35,1060,0.9593,0.0317,1104,migueljmol,6,0.5090,0.9751,0.0000,3,3
2365,1966,Graphics3D.java,M,13,25,1070,0.9683,0.0226,1104,migueljmol,1,0.0578,0.0578,0.0578,0,1
2365,2123,Graphics3D.java,M,14,20,992,0.9802,0.0198,1011,migueljmol,1,0.0521,0.0521,0.0521,0,1
2365,2455,Graphics3D.java,M,5,17,411,0.9580,0.0396,428,migueljmol,1,0.0000,0.0000,0.0000,0,1
2365,2690,Graphics3D.java,M,5,7,223,0.9654,0.0303,230,migueljmol,9,0.1064,0.9575,0.0000,1,8
2365,2728,Graphics3D.java,M,7,9,221,0.9567,0.0390,230,migueljmol,6,0.5140,0.9986,0.0000,3,3
2366,1429,JmolApplet.java,M,7,20,1552,0.9848,0.0127,1575,migueljmol,3,0.0000,0.0000,0.0000,0,3
2366,1430,JmolApplet.java,M,8,16,1555,0.9867,0.0102,1575,migueljmol,0,0.0000,0.0000,0.0000,0,0
2366,2062,JmolApplet.java,M,7,5,1058,0.9906,0.0047,1067,migueljmol,9,0.0000,0.0000,0.0000,0,9
2366,2065,JmolApplet.java,M,10,6,1060,0.9925,0.0056,1067,migueljmol,5,0.2000,1.0000,0.0000,1,4
2366,2066,JmolApplet.java,M,10,5,1061,0.9934,0.0047,1067,migueljmol,5,0.2000,1.0000,0.0000,1,4
2366,2089,JmolApplet.java,M,6,12,1010,0.9806,0.0117,1029,migueljmol,1,0.0000,0.0000,0.0000,0,1
2369,1432,Eval.java,M,18,32,1528,0.9708,0.0203,1573,migueljmol,1,1.0000,1.0000,1.0000,1,0
2369,1433,Eval.java,M,18,27,1529,0.9714,0.0172,1573,migueljmol,1,1.0000,1.0000,1.0000,1,0
2369,1493,Eval.java,M,6,54,1459,0.9548,0.0353,1527,migueljmol,1,1.0000,1.0000,1.0000,1,0
2369,1507,Eval.java,M,11,32,1476,0.9698,0.0210,1521,migueljmol,0,0.0000,0.0000,0.0000,0,0
2369,1509,Eval.java,M,11,49,1457,0.9573,0.0322,1521,migueljmol,0,0.0000,0.0000,0.0000,0,0
2369,1512,Eval.java,M,9,22,1485,0.9770,0.0145,1519,migueljmol,3,0.7714,1.0000,0.3142,2,0
2369,1513,Eval.java,M,9,27,1480,0.9737,0.0178,1519,migueljmol,3,0.7714,1.0000,0.3142,2,0
2369,2027,Eval.java,M,9,6,651,0.5875,0.0054,1107,migueljmol,3,0.7714,1.0000,0.3143,2,0
2369,2305,Eval.java,M,20,27,754,0.9642,0.0345,781,migueljmol,2,0.9971,1.0000,0.9942,2,0
2369,2342,Eval.java,M,20,10,675,0.9840,0.0146,685,migueljmol,2,0.9971,1.0000,0.9942,2,0
2369,2343,Eval.java,M,20,22,663,0.9665,0.0321,685,migueljmol,2,0.9942,0.9942,0.9942,2,0
2369,2403,Eval.java,M,6,23,586,0.9607,0.0377,609,migueljmol,1,1.0000,1.0000,1.0000,1,0
2369,2410,Eval.java,M,23,15,560,0.9739,0.0261,574,migueljmol,0,0.0000,0.0000,0.0000,0,0
2369,2415,Eval.java,M,13,7,545,0.9873,0.0127,551,migueljmol,1,1.0000,1.0000,1.0000,1,0
2369,2416,Eval.java,M,13,6,546,0.9891,0.0109,551,migueljmol,1,1.0000,1.0000,1.0000,1,0
2369,2417,Eval.java,M,13,15,527,0.9688,0.0276,543,migueljmol,1,0.0000,0.0000,0.0000,0,1
2373,2538,Model.java,M,5,5,313,0.9812,0.0157,318,migueljmol,3,0.0005,0.0014,0.0000,0,3
2373,2953,JmolTable.java,M,6,2,52,0.9455,0.0364,54,migueljmol,1,1.0000,1.0000,1.0000,1,0
2373,2954,JmolTable.java,M,6,2,52,0.9455,0.0364,54,migueljmol,1,1.0000,1.0000,1.0000,1,0
2374,1431,Eval.java,M,5,25,1543,0.9760,0.0158,1580,migueljmol,1,0.0000,0.0000,0.0000,0,1
2374,1432,Eval.java,M,18,33,1532,0.9702,0.0209,1578,migueljmol,1,0.5567,0.5567,0.5567,1,0
2374,1505,Eval.java,M,6,19,1494,0.9784,0.0124,1526,migueljmol,1,0.0000,0.0000,0.0000,0,1
2374,1507,Eval.java,M,11,33,1480,0.9692,0.0216,1526,migueljmol,0,0.0000,0.0000,0.0000,0,0
2374,1509,Eval.java,M,11,50,1461,0.9568,0.0327,1526,migueljmol,0,0.0000,0.0000,0.0000,0,0
2374,1512,Eval.java,M,9,23,1489,0.9764,0.0151,1524,migueljmol,3,0.8728,1.0000,0.6183,3,0
2374,1513,Eval.java,M,9,28,1484,0.9731,0.0184,1524,migueljmol,3,0.8728,1.0000,0.6183,3,0
2374,1520,Eval.java,M,9,24,1401,0.9229,0.0158,1517,migueljmol,3,0.6183,0.6183,0.6183,3,0
2374,1526,Eval.java,M,6,20,1457,0.9655,0.0133,1508,migueljmol,0,0.0000,0.0000,0.0000,0,0
2374,2027,Eval.java,M,9,7,655,0.5885,0.0063,1112,migueljmol,3,0.8728,1.0000,0.6183,3,0
2374,2260,Eval.java,M,24,17,841,0.9790,0.0198,858,migueljmol,0,0.0000,0.0000,0.0000,0,0
2374,2305,Eval.java,M,20,28,758,0.9632,0.0356,786,migueljmol,2,0.5558,0.5568,0.5549,2,0
2374,2410,Eval.java,M,23,16,564,0.9724,0.0276,579,migueljmol,0,0.0000,0.0000,0.0000,0,0
2374,2415,Eval.java,M,13,8,549,0.9856,0.0144,556,migueljmol,1,1.0000,1.0000,1.0000,1,0
2374,2416,Eval.java,M,13,7,550,0.9874,0.0126,556,migueljmol,1,1.0000,1.0000,1.0000,1,0
2377,3004,ModelReader.java,M,5,1,0,0.0000,1.0000,0,migueljmol,5,0.0000,0.0000,0.0000,0,5
2387,2891,JmolConstants.java,M,6,3,178,0.9674,0.0163,183,migueljmol,1,0.0021,0.0021,0.0021,0,1
2387,2998,NucleicMonomer.java,M,6,3,27,0.8710,0.0968,30,migueljmol,0,0.0000,0.0000,0.0000,0,0
2388,2891,JmolConstants.java,M,6,4,178,0.9622,0.0216,184,migueljmol,1,0.0014,0.0014,0.0014,0,1
2388,2998,NucleicMonomer.java,M,6,4,27,0.8438,0.1250,31,migueljmol,0,0.0000,0.0000,0.0000,0,0
2390,2631,Atom.java,M,5,4,221,0.7517,0.0136,293,migueljmol,1,0.0000,0.0000,0.0000,0,1
2390,2649,Atom.java,M,6,7,259,0.9700,0.0262,266,migueljmol,4,0.0000,0.0000,0.0000,0,4
2395,2007,JmolViewer.java,M,8,70,1051,0.9268,0.0617,1133,migueljmol,0,0.0000,0.0000,0.0000,0,0
2395,2647,CifReader.java,M,5,2,274,0.9821,0.0072,278,migueljmol,1,0.0000,0.0000,0.0000,0,1
2395,2648,CifReader.java,M,5,3,274,0.9821,0.0108,278,migueljmol,3,0.6665,1.0000,0.0000,2,1
2395,2831,CifReader.java,M,5,2,253,0.9922,0.0078,254,migueljmol,3,0.6663,0.9995,0.0000,2,1
2395,2832,CifReader.java,M,5,3,252,0.9882,0.0118,254,migueljmol,3,0.6665,1.0000,0.0000,2,1
2397,2222,Frame.java,M,9,35,868,0.9602,0.0387,903,migueljmol,0,0.0000,0.0000,0.0000,0,0
2398,2222,Frame.java,M,9,36,868,0.9591,0.0398,904,migueljmol,0,0.0000,0.0000,0.0000,0,0
2398,2240,Frame.java,M,6,36,867,0.9580,0.0398,904,migueljmol,2,0.0000,0.0000,0.0000,0,2
2398,2436,Frame.java,M,5,23,496,0.9557,0.0443,518,migueljmol,6,0.0000,0.0000,0.0000,0,6
2399,2970,Mps.java,M,5,2,58,0.9508,0.0328,60,migueljmol,1,0.0000,0.0000,0.0000,0,1
2399,2971,Mps.java,M,6,2,58,0.9508,0.0328,60,migueljmol,2,0.0890,0.1780,0.0000,0,2
2405,1994,JmolViewer.java,M,8,43,1088,0.9510,0.0376,1143,migueljmol,2,0.0000,0.0000,0.0000,0,2
2405,2007,JmolViewer.java,M,8,71,1060,0.9266,0.0621,1143,migueljmol,0,0.0000,0.0000,0.0000,0,0
2405,2014,JmolViewer.java,M,13,23,1064,0.9301,0.0201,1143,migueljmol,2,0.0000,0.0000,0.0000,0,2
2405,2024,JmolViewer.java,M,7,36,1095,0.9572,0.0315,1143,migueljmol,3,0.0000,0.0000,0.0000,0,3
2405,2092,JmolViewer.java,M,5,46,974,0.9137,0.0432,1065,migueljmol,2,0.4957,0.9858,0.0056,1,1
2405,2093,JmolViewer.java,M,5,62,1003,0.9409,0.0582,1065,migueljmol,2,0.4957,0.9858,0.0056,1,1
2405,2222,Frame.java,M,9,37,874,0.9583,0.0406,911,migueljmol,0,0.0000,0.0000,0.0000,0,0
2405,2230,Frame.java,M,6,2,462,0.5066,0.0022,911,migueljmol,0,0.0000,0.0000,0.0000,0,0
2405,2240,Frame.java,M,6,37,873,0.9572,0.0406,911,migueljmol,2,0.0000,0.0000,0.0000,0,2
2405,2371,Frame.java,M,15,13,678,0.9812,0.0188,690,migueljmol,1,0.0000,0.0000,0.0000,0,1
2405,2436,Frame.java,M,5,24,502,0.9544,0.0456,525,migueljmol,6,0.0000,0.0000,0.0000,0,6
2405,2819,Vectors.java,M,5,1,268,0.9926,0.0037,269,migueljmol,3,0.0000,0.0000,0.0000,0,3
2406,1994,JmolViewer.java,M,8,44,1088,0.9502,0.0384,1144,migueljmol,2,0.0000,0.0000,0.0000,0,2
2406,2007,JmolViewer.java,M,8,72,1060,0.9258,0.0629,1144,migueljmol,0,0.0000,0.0000,0.0000,0,0
2406,2014,JmolViewer.java,M,13,24,1064,0.9293,0.0210,1144,migueljmol,2,0.0000,0.0000,0.0000,0,2
2406,2015,JmolViewer.java,M,6,7,586,0.5118,0.0061,1144,migueljmol,3,0.0000,0.0000,0.0000,0,3
2406,2024,JmolViewer.java,M,7,37,1095,0.9563,0.0323,1144,migueljmol,3,0.0000,0.0000,0.0000,0,3
2406,2092,JmolViewer.java,M,5,47,974,0.9128,0.0440,1066,migueljmol,2,0.7433,0.9929,0.4937,1,0
2406,2093,JmolViewer.java,M,5,63,1003,0.9400,0.0590,1066,migueljmol,2,0.7416,0.9929,0.4902,1,0
2406,2146,JmolViewer.java,M,5,13,978,0.9422,0.0125,1037,migueljmol,2,0.4920,0.4937,0.4902,0,0
2406,2405,TransformManager.java,M,6,7,633,0.9844,0.0109,642,migueljmol,3,0.0000,0.0000,0.0000,0,3
2408,1935,Line3D.java,M,5,4,1129,0.9834,0.0035,1147,migueljmol,2,0.5000,1.0000,0.0000,1,1
2408,1936,Line3D.java,M,5,5,1129,0.9834,0.0044,1147,migueljmol,9,0.3333,1.0000,0.0000,3,6
2408,1967,Line3D.java,M,7,4,1130,0.9843,0.0035,1147,migueljmol,2,0.5000,1.0000,0.0000,1,1
2408,1970,Line3D.java,M,33,2,1136,0.9895,0.0017,1147,migueljmol,1,1.0000,1.0000,1.0000,1,0
2408,1971,Line3D.java,M,33,2,1136,0.9895,0.0017,1147,migueljmol,1,1.0000,1.0000,1.0000,1,0
2408,1972,Line3D.java,M,5,7,1131,0.9852,0.0061,1147,migueljmol,0,0.0000,0.0000,0.0000,0,0
2408,1988,Sphere3D.java,M,9,1,1136,0.9895,0.0009,1147,migueljmol,6,0.3331,1.0000,0.0000,2,4
2408,1989,Sphere3D.java,M,9,1,1136,0.9895,0.0009,1147,migueljmol,1,1.0000,1.0000,1.0000,1,0
2408,2184,Line3D.java,M,5,5,983,0.9929,0.0051,989,migueljmol,2,0.5000,1.0000,0.0000,1,1
2408,2267,Sphere3D.java,M,9,2,838,0.9976,0.0024,839,migueljmol,7,0.5714,1.0000,0.0000,4,3
2408,2268,Sphere3D.java,M,9,2,838,0.9976,0.0024,839,migueljmol,7,0.5714,1.0000,0.0000,4,3
2408,2269,Sphere3D.java,M,9,2,838,0.9976,0.0024,839,migueljmol,7,0.5714,1.0000,0.0000,4,3
2408,2270,Sphere3D.java,M,9,1,839,0.9988,0.0012,839,migueljmol,7,0.5714,1.0000,0.0000,4,3
2408,2271,Sphere3D.java,M,20,2,838,0.9976,0.0024,839,migueljmol,2,0.5000,1.0000,0.0000,1,1
2408,2272,Sphere3D.java,M,9,2,838,0.9976,0.0024,839,migueljmol,6,0.3331,1.0000,0.0000,2,4
2408,2273,Sphere3D.java,M,9,2,838,0.9976,0.0024,839,migueljmol,1,1.0000,1.0000,1.0000,1,0
2408,2280,Line3D.java,M,5,4,829,0.9952,0.0048,832,migueljmol,9,0.3333,1.0000,0.0000,3,6
2408,2283,Line3D.java,M,24,5,826,0.9916,0.0060,832,migueljmol,2,0.5000,1.0000,0.0000,1,1
2408,2284,Cylinder3D.java,M,5,4,823,0.9952,0.0048,826,migueljmol,9,0.3333,1.0000,0.0000,3,6
2408,2285,Line3D.java,M,22,3,823,0.9964,0.0036,825,migueljmol,1,0.0000,0.0000,0.0000,0,1
2408,2394,Line3D.java,M,10,3,660,0.9955,0.0045,662,migueljmol,0,0.0000,0.0000,0.0000,0,0
2408,2411,Shade3D.java,M,5,5,605,0.9902,0.0082,610,migueljmol,7,0.1429,1.0000,0.0000,1,6
2408,2466,Cylinder3D.java,M,5,1,443,0.9977,0.0023,443,migueljmol,1,0.0000,0.0000,0.0000,0,1
2408,2472,Line3D.java,M,5,1,408,0.9951,0.0024,409,migueljmol,9,0.3333,1.0000,0.0000,3,6
2408,2473,Line3D.java,M,7,1,408,0.9951,0.0024,409,migueljmol,2,0.5000,1.0000,0.0000,1,1
2408,2476,Line3D.java,M,23,1,408,0.9951,0.0024,409,migueljmol,3,0.3333,1.0000,0.0000,1,2
2408,2510,Font3D.java,M,5,1,366,0.9892,0.0027,369,migueljmol,2,0.0000,0.0000,0.0000,0,2
2408,2676,Cylinder3D.java,M,9,1,240,0.8759,0.0036,273,migueljmol,1,0.0000,0.0000,0.0000,0,1
2408,2756,Line3D.java,M,22,1,272,0.9927,0.0036,273,migueljmol,7,0.5714,1.0000,0.0000,4,3
2408,2758,Line3D.java,M,23,1,272,0.9927,0.0036,273,migueljmol,3,0.3333,1.0000,0.0000,1,2
2408,2870,Platform3D.java,M,5,2,218,0.9909,0.0091,219,migueljmol,6,0.3329,0.9986,0.0000,2,4
2408,2913,Cylinder3D.java,M,5,1,170,0.9942,0.0058,170,migueljmol,7,0.1429,1.0000,0.0000,1,6
2409,2649,Atom.java,M,6,8,277,0.9685,0.0280,285,migueljmol,4,0.0000,0.0000,0.0000,0,4
2409,2905,Polymer.java,M,21,5,187,0.9689,0.0259,192,migueljmol,0,0.0000,0.0000,0.0000,0,0
2409,2906,Polymer.java,M,23,5,187,0.9689,0.0259,192,migueljmol,2,0.1024,0.1024,0.1024,0,2
2409,2908,Polymer.java,M,16,5,185,0.9686,0.0262,190,migueljmol,2,0.2238,0.2238,0.2238,0,0
2411,2210,Text3D.java,M,7,3,925,0.9968,0.0032,927,migueljmol,6,0.0000,0.0000,0.0000,0,6
2412,2625,Atom.java,M,5,2,319,0.9907,0.0062,321,migueljmol,2,0.4998,0.9996,0.0000,1,1
2412,2626,Atom.java,M,5,1,319,0.9907,0.0031,321,migueljmol,2,0.4998,0.9996,0.0000,1,1
2413,2587,PdbReader.java,M,5,2,339,0.9883,0.0058,342,migueljmol,4,0.5000,1.0000,0.0000,2,2
2413,2588,PdbReader.java,M,5,2,339,0.9883,0.0058,342,migueljmol,4,0.5000,1.0000,0.0000,2,2
2413,2589,PdbReader.java,M,5,2,339,0.9883,0.0058,342,migueljmol,4,0.5000,1.0000,0.0000,2,2
2413,2604,PdbReader.java,M,10,4,337,0.9825,0.0117,342,migueljmol,2,0.9998,0.9998,0.9998,2,0
2413,2605,PdbReader.java,M,10,4,337,0.9825,0.0117,342,migueljmol,2,0.9999,1.0000,0.9998,2,0
2413,2606,PdbReader.java,M,10,4,336,0.9796,0.0117,342,migueljmol,2,0.9999,1.0000,0.9998,2,0
2413,2643,PdbReader.java,M,7,2,307,0.9903,0.0065,309,migueljmol,0,0.0000,0.0000,0.0000,0,0
2422,2622,ModelReader.java,M,5,2,331,0.9940,0.0060,332,migueljmol,5,0.2000,0.9998,0.0000,1,4
2422,2624,ModelReader.java,M,5,3,330,0.9910,0.0090,332,migueljmol,5,0.2000,0.9998,0.0000,1,4
2423,1429,JmolApplet.java,M,7,21,1608,0.9847,0.0129,1632,migueljmol,3,0.0000,0.0000,0.0000,0,3
2423,1430,JmolApplet.java,M,8,17,1611,0.9865,0.0104,1632,migueljmol,0,0.0000,0.0000,0.0000,0,0
2423,2089,JmolApplet.java,M,6,13,1066,0.9807,0.0120,1086,migueljmol,1,0.0000,0.0000,0.0000,0,1
2424,1994,JmolViewer.java,M,8,45,1105,0.9501,0.0387,1162,migueljmol,2,0.0000,0.0000,0.0000,0,2
2424,2007,JmolViewer.java,M,8,73,1077,0.9261,0.0628,1162,migueljmol,0,0.0000,0.0000,0.0000,0,0
2424,2024,JmolViewer.java,M,7,38,1112,0.9561,0.0327,1162,migueljmol,3,0.0000,0.0000,0.0000,0,3
2424,2093,JmolViewer.java,M,5,64,1020,0.9401,0.0590,1084,migueljmol,2,0.4011,0.5353,0.2670,1,0
2424,2446,RepaintManager.java,M,12,5,491,0.9899,0.0101,495,migueljmol,2,0.0000,0.0000,0.0000,0,2
2424,2453,RepaintManager.java,M,5,7,484,0.9857,0.0143,490,migueljmol,1,0.9985,0.9985,0.9985,1,0
2424,2454,RepaintManager.java,M,5,3,487,0.9919,0.0061,490,migueljmol,1,0.9985,0.9985,0.9985,1,0
2424,2497,RepaintManager.java,M,5,3,396,0.9925,0.0075,398,migueljmol,2,0.0000,0.0000,0.0000,0,2
2431,2255,Compiler.java,M,5,12,906,0.9859,0.0131,918,migueljmol,1,0.9948,0.9948,0.9948,1,0
2431,2256,Compiler.java,M,5,9,904,0.9837,0.0098,918,migueljmol,1,0.9948,0.9948,0.9948,1,0
2431,2445,RepaintManager.java,M,12,4,499,0.9920,0.0080,502,migueljmol,2,0.2694,0.5388,0.0000,1,1
2431,2446,RepaintManager.java,M,12,6,497,0.9881,0.0119,502,migueljmol,2,0.2694,0.5388,0.0000,1,1
2431,2453,RepaintManager.java,M,5,8,490,0.9839,0.0161,497,migueljmol,1,0.9993,0.9993,0.9993,1,0
2431,2454,RepaintManager.java,M,5,4,493,0.9900,0.0080,497,migueljmol,1,0.9993,0.9993,0.9993,1,0
2431,2497,RepaintManager.java,M,5,4,402,0.9901,0.0099,405,migueljmol,2,0.0000,0.0000,0.0000,0,2
2431,2631,Atom.java,M,5,5,261,0.7791,0.0149,334,migueljmol,1,0.0000,0.0000,0.0000,0,1
2431,2649,Atom.java,M,6,9,298,0.9675,0.0292,307,migueljmol,4,0.0000,0.0000,0.0000,0,4
2431,2960,Model.java,M,6,1,101,0.9806,0.0097,102,migueljmol,17,0.0000,0.0000,0.0000,0,17
2431,2966,Mmset.java,M,6,1,101,0.9806,0.0097,102,migueljmol,1,0.0000,0.0000,0.0000,0,1
2440,2970,Mps.java,M,5,3,98,0.9608,0.0294,101,migueljmol,1,0.0000,0.0000,0.0000,0,1
2443,2230,Frame.java,M,6,3,499,0.5253,0.0032,949,migueljmol,0,0.0000,0.0000,0.0000,0,0
2444,2968,FrameBuilder.java,M,5,3,109,0.9561,0.0263,113,migueljmol,1,0.0000,0.0000,0.0000,0,1
2445,2997,AminoMonomer.java,M,6,3,86,0.9663,0.0337,88,migueljmol,1,0.0000,0.0000,0.0000,0,1
2445,2998,NucleicMonomer.java,M,6,5,83,0.9326,0.0562,88,migueljmol,0,0.0000,0.0000,0.0000,0,0
2445,3020,FrameBuilder.java,M,6,1,0,0.0000,1.0000,0,migueljmol,5,0.0000,0.0000,0.0000,0,5
2446,2909,Polymer.java,M,16,5,124,0.5439,0.0219,227,migueljmol,2,0.9003,0.9003,0.9003,2,0
2446,2915,Polymer.java,M,10,3,199,0.9851,0.0149,201,migueljmol,1,0.9468,0.9468,0.9468,1,0
2446,2916,Polymer.java,M,10,1,200,0.9901,0.0050,201,migueljmol,1,0.9468,0.9468,0.9468,1,0
2446,2958,Polymer.java,M,6,6,117,0.9512,0.0488,122,migueljmol,1,0.0000,0.0000,0.0000,0,1
2446,2986,Polymer.java,M,16,3,96,0.9697,0.0303,98,migueljmol,2,0.9502,1.0000,0.9003,2,0
2446,2987,Polymer.java,M,16,3,96,0.9697,0.0303,98,migueljmol,2,0.9502,1.0000,0.9003,2,0
2447,2915,Polymer.java,M,10,4,199,0.9803,0.0197,202,migueljmol,1,0.9731,0.9731,0.9731,1,0
2447,2916,Polymer.java,M,10,2,200,0.9852,0.0099,202,migueljmol,1,0.9731,0.9731,0.9731,1,0
2447,2986,Polymer.java,M,16,4,96,0.9600,0.0400,99,migueljmol,2,0.7335,1.0000,0.4670,1,0
2447,2987,Polymer.java,M,16,4,96,0.9600,0.0400,99,migueljmol,2,0.7335,1.0000,0.4670,1,0
2449,2604,PdbReader.java,M,10,5,372,0.9815,0.0132,378,migueljmol,2,0.6267,1.0000,0.2535,1,0
2449,2606,PdbReader.java,M,10,5,371,0.9789,0.0132,378,migueljmol,2,0.6268,1.0000,0.2535,1,0
2449,2640,Structure.java,M,6,1,345,0.9942,0.0029,346,migueljmol,17,0.0000,0.0000,0.0000,0,17
2449,2645,CifReader.java,M,44,4,331,0.9881,0.0119,334,migueljmol,5,0.2000,1.0000,0.0000,1,4
2449,2646,CifReader.java,M,44,4,330,0.9851,0.0119,334,migueljmol,5,0.2000,1.0000,0.0000,1,4
2449,2647,CifReader.java,M,5,3,327,0.9820,0.0090,332,migueljmol,1,0.0000,0.0000,0.0000,0,1
2449,2909,Polymer.java,M,16,6,126,0.5455,0.0260,230,migueljmol,2,0.6473,0.6473,0.6473,2,0
2449,2958,Polymer.java,M,6,7,119,0.9444,0.0556,125,migueljmol,1,0.0000,0.0000,0.0000,0,1
2449,2961,Mmset.java,M,5,2,118,0.9752,0.0165,120,migueljmol,2,0.5000,1.0000,0.0000,1,1
2449,2962,Mmset.java,M,5,2,118,0.9752,0.0165,120,migueljmol,2,0.5000,1.0000,0.0000,1,1
2449,2963,Model.java,M,6,2,118,0.9752,0.0165,120,migueljmol,1,0.9644,0.9644,0.9644,1,0
2449,2974,Mmset.java,M,6,1,110,0.9910,0.0090,110,migueljmol,1,0.9644,0.9644,0.9644,1,0
2449,2986,Polymer.java,M,16,5,97,0.9510,0.0490,101,migueljmol,2,0.8236,1.0000,0.6473,2,0
2449,2987,Polymer.java,M,16,5,97,0.9510,0.0490,101,migueljmol,2,0.8236,1.0000,0.6473,2,0
2449,3020,FrameBuilder.java,M,6,2,3,0.6000,0.4000,4,migueljmol,5,0.0000,0.0000,0.0000,0,5
2450,2222,Frame.java,M,9,38,918,0.9592,0.0397,956,migueljmol,0,0.0000,0.0000,0.0000,0,0
2450,2240,Frame.java,M,6,38,917,0.9582,0.0397,956,migueljmol,2,0.0000,0.0000,0.0000,0,2
2450,2371,Frame.java,M,15,14,722,0.9810,0.0190,735,migueljmol,1,0.0000,0.0000,0.0000,0,1
2450,2436,Frame.java,M,5,25,546,0.9562,0.0438,570,migueljmol,5,0.0000,0.0000,0.0000,0,5
2450,2961,Mmset.java,M,5,3,118,0.9672,0.0246,121,migueljmol,2,0.5000,1.0000,0.0000,1,1
2450,2962,Mmset.java,M,5,3,118,0.9672,0.0246,121,migueljmol,2,0.5000,1.0000,0.0000,1,1
2460,2949,JaguarReader.java,M,5,1,152,0.9870,0.0065,153,egonw,3,0.0000,0.0000,0.0000,0,3
2465,1431,Eval.java,M,5,26,1633,0.9767,0.0156,1671,migueljmol,1,0.0000,0.0000,0.0000,0,1
2465,1493,Eval.java,M,6,55,1554,0.9569,0.0339,1623,migueljmol,1,0.0825,0.0825,0.0825,0,1
2465,1505,Eval.java,M,6,20,1584,0.9790,0.0124,1617,migueljmol,1,0.0000,0.0000,0.0000,0,1
2465,1507,Eval.java,M,11,34,1570,0.9703,0.0210,1617,migueljmol,0,0.0000,0.0000,0.0000,0,0
2465,1509,Eval.java,M,11,51,1551,0.9586,0.0315,1617,migueljmol,0,0.0000,0.0000,0.0000,0,0
2465,1512,Eval.java,M,9,24,1579,0.9771,0.0149,1615,migueljmol,3,0.9837,1.0000,0.9510,3,0
2465,1513,Eval.java,M,9,29,1574,0.9740,0.0179,1615,migueljmol,3,0.9837,1.0000,0.9510,3,0
2465,1520,Eval.java,M,9,25,1491,0.9267,0.0155,1608,migueljmol,3,0.9510,0.9510,0.9510,3,0
2465,1526,Eval.java,M,6,21,1547,0.9669,0.0131,1599,migueljmol,0,0.0000,0.0000,0.0000,0,0
2465,1994,JmolViewer.java,M,8,46,1145,0.9510,0.0382,1203,migueljmol,2,0.0000,0.0000,0.0000,0,2
2465,2007,JmolViewer.java,M,8,74,1117,0.9277,0.0615,1203,migueljmol,0,0.0000,0.0000,0.0000,0,0
2465,2027,Eval.java,M,9,8,745,0.6188,0.0066,1203,migueljmol,3,0.9837,1.0000,0.9510,3,0
2465,2093,JmolViewer.java,M,5,65,1060,0.9414,0.0577,1125,migueljmol,2,0.1561,0.2078,0.1044,0,1
2465,2404,Eval.java,M,6,22,683,0.9674,0.0312,705,migueljmol,1,0.0003,0.0003,0.0003,0,1
2465,2415,Eval.java,M,13,9,639,0.9861,0.0139,647,migueljmol,1,1.0000,1.0000,1.0000,1,0
2465,2416,Eval.java,M,13,8,640,0.9877,0.0123,647,migueljmol,1,1.0000,1.0000,1.0000,1,0
2466,270,Jmol.java,M,5,15,2000,0.8114,0.0061,2464,migueljmol,6,0.0000,0.0000,0.0000,0,6
2466,275,Jmol.java,M,5,64,2299,0.9327,0.0260,2464,migueljmol,11,0.0909,0.9996,0.0000,1,10
2466,523,Jmol.java,M,6,31,2238,0.9195,0.0127,2433,migueljmol,1,1.0000,1.0000,1.0000,1,0
2466,1040,Jmol.java,M,6,31,1955,0.9819,0.0156,1990,migueljmol,1,1.0000,1.0000,1.0000,1,0
2466,1535,Jmol.java,M,5,17,1483,0.9549,0.0109,1552,migueljmol,11,0.0909,0.9996,0.0000,1,10
2466,2418,Jmol.java,M,6,6,633,0.9906,0.0094,638,migueljmol,1,1.0000,1.0000,1.0000,1,0
2466,2419,Jmol.java,M,6,6,633,0.9906,0.0094,638,migueljmol,1,1.0000,1.0000,1.0000,1,0
2469,1493,Eval.java,M,6,56,1557,0.9564,0.0344,1627,migueljmol,1,0.5490,0.5490,0.5490,1,0
2469,1509,Eval.java,M,11,52,1554,0.9581,0.0321,1621,migueljmol,0,0.0000,0.0000,0.0000,0,0
2469,2007,JmolViewer.java,M,8,75,1120,0.9272,0.0621,1207,migueljmol,0,0.0000,0.0000,0.0000,0,0
2469,2093,JmolViewer.java,M,5,66,1063,0.9407,0.0584,1129,migueljmol,2,0.0924,0.1229,0.0619,0,2
2469,2343,Eval.java,M,20,23,762,0.9695,0.0293,785,migueljmol,1,0.0677,0.0677,0.0677,0,1
2469,2403,Eval.java,M,6,24,685,0.9648,0.0338,709,migueljmol,1,0.5490,0.5490,0.5490,1,0
2469,2404,Eval.java,M,6,23,686,0.9662,0.0324,709,migueljmol,1,0.0002,0.0002,0.0002,0,1
2469,2417,Eval.java,M,13,16,626,0.9720,0.0248,643,migueljmol,1,0.0000,0.0000,0.0000,0,1
2469,2465,Sticks.java,M,6,4,510,0.9922,0.0078,513,migueljmol,0,0.0000,0.0000,0.0000,0,0
2471,2139,Dots.java,M,5,6,1091,0.9855,0.0054,1106,migueljmol,1,0.0000,0.0000,0.0000,0,1
2471,2141,Dots.java,M,6,7,42,0.0380,0.0063,1105,migueljmol,2,0.0000,0.0000,0.0000,0,2
2471,2149,Dots.java,M,6,10,1091,0.9900,0.0091,1101,migueljmol,1,1.0000,1.0000,1.0000,1,0
2471,2164,Dots.java,M,6,6,1077,0.9935,0.0055,1083,migueljmol,1,1.0000,1.0000,1.0000,1,0
2475,2403,Eval.java,M,6,25,690,0.9637,0.0349,715,migueljmol,1,0.3413,0.3413,0.3413,0,0
2476,2139,Dots.java,M,5,7,1095,0.9847,0.0063,1111,migueljmol,1,0.0000,0.0000,0.0000,0,1
2476,2149,Dots.java,M,6,11,1095,0.9892,0.0099,1106,migueljmol,1,1.0000,1.0000,1.0000,1,0
2476,2164,Dots.java,M,6,7,1081,0.9927,0.0064,1088,migueljmol,1,1.0000,1.0000,1.0000,1,0
2478,1509,Eval.java,M,11,53,1562,0.9577,0.0325,1630,migueljmol,0,0.0000,0.0000,0.0000,0,0
2478,2190,TransformManager.java,M,5,4,1048,0.9953,0.0038,1052,migueljmol,1,1.0000,1.0000,1.0000,1,0
2481,2141,Dots.java,M,6,8,51,0.0457,0.0072,1115,migueljmol,2,0.0000,0.0000,0.0000,0,2
2482,2100,DotsRenderer.java,M,5,10,1123,0.9877,0.0088,1136,migueljmol,7,0.0000,0.0000,0.0000,0,7
2482,2119,DotsRenderer.java,M,6,10,1122,0.9894,0.0088,1133,migueljmol,2,0.0000,0.0000,0.0000,0,2
2482,2140,DotsRenderer.java,M,5,4,1107,0.9902,0.0036,1117,migueljmol,1,0.0000,0.0000,0.0000,0,1
2482,2148,DotsRenderer.java,M,9,5,1108,0.9946,0.0045,1113,migueljmol,2,0.0000,0.0000,0.0000,0,2
2482,2149,Dots.java,M,6,12,1100,0.9883,0.0108,1112,migueljmol,1,1.0000,1.0000,1.0000,1,0
2482,2164,Dots.java,M,6,8,1086,0.9918,0.0073,1094,migueljmol,1,1.0000,1.0000,1.0000,1,0
2483,2647,CifReader.java,M,5,4,360,0.9809,0.0109,366,migueljmol,1,0.0000,0.0000,0.0000,0,1
2483,2648,CifReader.java,M,5,4,361,0.9837,0.0109,366,migueljmol,3,0.6667,1.0000,0.0000,2,1
2483,2831,CifReader.java,M,5,3,340,0.9913,0.0087,342,migueljmol,3,0.6666,1.0000,0.0000,2,1
2483,2832,CifReader.java,M,5,4,339,0.9883,0.0117,342,migueljmol,3,0.6667,1.0000,0.0000,2,1
2484,2100,DotsRenderer.java,M,5,11,1124,0.9868,0.0097,1138,migueljmol,7,0.0000,0.0000,0.0000,0,7
2484,2119,DotsRenderer.java,M,6,11,1123,0.9886,0.0097,1135,migueljmol,2,0.0000,0.0000,0.0000,0,2
2484,2140,DotsRenderer.java,M,5,5,1108,0.9893,0.0045,1119,migueljmol,1,0.0000,0.0000,0.0000,0,1
2484,2148,DotsRenderer.java,M,9,6,1109,0.9937,0.0054,1115,migueljmol,2,0.0000,0.0000,0.0000,0,2
2486,2100,DotsRenderer.java,M,5,12,1125,0.9860,0.0105,1140,migueljmol,8,0.1250,1.0000,0.0000,1,7
2486,2119,DotsRenderer.java,M,6,12,1124,0.9877,0.0105,1137,migueljmol,2,0.0000,0.0000,0.0000,0,2
2486,2148,DotsRenderer.java,M,9,7,1110,0.9928,0.0063,1117,migueljmol,2,0.0000,0.0000,0.0000,0,2
2486,2337,ColorManager.java,M,6,9,614,0.7380,0.0108,831,migueljmol,2,0.0000,0.0000,0.0000,0,2
2486,2633,ColorManager.java,M,6,5,385,0.9872,0.0128,389,migueljmol,0,0.0000,0.0000,0.0000,0,0
2486,3028,Dots.java,M,5,1,0,0.0000,1.0000,0,migueljmol,8,0.1250,1.0000,0.0000,1,7
2486,3030,Dots.java,M,18,1,0,0.0000,1.0000,0,migueljmol,1,0.0000,0.0000,0.0000,0,1
2487,2100,DotsRenderer.java,M,5,13,1125,0.9851,0.0114,1141,migueljmol,8,0.0616,0.4925,0.0000,0,7
2487,2119,DotsRenderer.java,M,6,13,1124,0.9868,0.0114,1138,migueljmol,2,0.0000,0.0000,0.0000,0,2
2488,2007,JmolViewer.java,M,8,76,1138,0.9275,0.0619,1226,migueljmol,0,0.0000,0.0000,0.0000,0,0
2488,2093,JmolViewer.java,M,5,67,1081,0.9408,0.0583,1148,migueljmol,2,0.0537,0.0714,0.0360,0,2
2488,2100,DotsRenderer.java,M,5,14,1125,0.9843,0.0122,1142,migueljmol,8,0.0404,0.3234,0.0000,0,7
2488,2141,Dots.java,M,6,9,57,0.0508,0.0080,1122,migueljmol,2,0.0000,0.0000,0.0000,0,2
2488,2143,Dots.java,M,8,10,1112,0.9902,0.0089,1122,migueljmol,1,1.0000,1.0000,1.0000,1,0
2488,2148,DotsRenderer.java,M,9,8,1111,0.9920,0.0071,1119,migueljmol,2,0.0000,0.0000,0.0000,0,2
2488,2149,Dots.java,M,6,13,1105,0.9875,0.0116,1118,migueljmol,1,1.0000,1.0000,1.0000,1,0
2488,2163,Dots.java,M,8,6,1094,0.9936,0.0054,1100,migueljmol,1,1.0000,1.0000,1.0000,1,0
2488,2164,Dots.java,M,6,9,1091,0.9909,0.0082,1100,migueljmol,1,1.0000,1.0000,1.0000,1,0
2488,3029,Dots.java,M,18,1,2,0.6667,0.3333,2,migueljmol,1,0.5150,0.5150,0.5150,1,0
2488,3030,Dots.java,M,18,2,1,0.3333,0.6667,2,migueljmol,1,0.5150,0.5150,0.5150,1,0
2488,3031,Dots.java,M,6,1,0,0.0000,1.0000,0,migueljmol,0,0.0000,0.0000,0.0000,0,0
2490,2872,Hermite3D.java,M,40,2,288,0.9897,0.0069,290,migueljmol,1,0.0004,0.0004,0.0004,0,1
2494,2100,DotsRenderer.java,M,5,15,1130,0.9835,0.0131,1148,migueljmol,8,0.0286,0.2292,0.0000,0,7
2494,2119,DotsRenderer.java,M,6,14,1130,0.9860,0.0122,1145,migueljmol,2,0.0000,0.0000,0.0000,0,2
2494,2148,DotsRenderer.java,M,9,9,1116,0.9911,0.0080,1125,migueljmol,2,0.0000,0.0000,0.0000,0,2
2495,2240,Frame.java,M,6,39,961,0.9591,0.0389,1001,migueljmol,2,0.0000,0.0000,0.0000,0,2
2496,2851,JmolPopup.java,M,5,2,328,0.9939,0.0061,329,migueljmol,1,0.0000,0.0000,0.0000,0,1
2496,2853,JmolPopup.java,M,12,1,328,0.9939,0.0030,329,migueljmol,1,0.9902,0.9902,0.9902,1,0
2496,2854,JmolPopup.java,M,12,2,327,0.9909,0.0061,329,migueljmol,1,0.9902,0.9902,0.9902,1,0
2497,1943,Graphics3D.java,M,5,41,1186,0.9588,0.0331,1236,migueljmol,9,0.1110,0.9991,0.0000,1,8
2497,1944,Graphics3D.java,M,7,37,1189,0.9612,0.0299,1236,migueljmol,6,0.8266,0.9995,0.0000,5,1
2497,1958,Graphics3D.java,M,7,30,1196,0.9669,0.0243,1236,migueljmol,6,0.8266,1.0000,0.0000,5,1
2497,1959,Graphics3D.java,M,7,37,1190,0.9620,0.0299,1236,migueljmol,6,0.8203,0.9989,0.0000,5,1
2497,1961,Graphics3D.java,M,7,36,1191,0.9628,0.0291,1236,migueljmol,6,0.8265,0.9995,0.0000,5,1
2497,1962,Graphics3D.java,M,7,35,1192,0.9636,0.0283,1236,migueljmol,6,0.8202,0.9989,0.0000,5,1
2497,1966,Graphics3D.java,M,13,26,1201,0.9709,0.0210,1236,migueljmol,1,0.0012,0.0012,0.0012,0,1
2497,2123,Graphics3D.java,M,14,21,1123,0.9816,0.0184,1143,migueljmol,1,0.0011,0.0011,0.0011,0,1
2497,2455,Graphics3D.java,M,5,18,542,0.9661,0.0321,560,migueljmol,1,0.0000,0.0000,0.0000,0,1
2497,2690,Graphics3D.java,M,5,8,354,0.9752,0.0220,362,migueljmol,9,0.1110,0.9991,0.0000,1,8
2497,2728,Graphics3D.java,M,7,10,352,0.9697,0.0275,362,migueljmol,6,0.8266,1.0000,0.0000,5,1
2499,1943,Graphics3D.java,M,5,42,1187,0.9580,0.0339,1238,migueljmol,9,0.0544,0.4899,0.0000,0,8
2499,1959,Graphics3D.java,M,7,38,1191,0.9613,0.0307,1238,migueljmol,6,0.7420,0.9994,0.0000,4,1
2499,1961,Graphics3D.java,M,7,37,1192,0.9621,0.0299,1238,migueljmol,6,0.7450,0.9997,0.0000,4,1
2499,1962,Graphics3D.java,M,7,36,1193,0.9629,0.0291,1238,migueljmol,6,0.7419,0.9994,0.0000,4,1
2499,2455,Graphics3D.java,M,5,19,543,0.9645,0.0337,562,migueljmol,1,0.0000,0.0000,0.0000,0,1
2499,2510,Font3D.java,M,5,2,456,0.9892,0.0043,460,migueljmol,2,0.0000,0.0000,0.0000,0,2
2499,2728,Graphics3D.java,M,7,11,353,0.9671,0.0301,364,migueljmol,6,0.7451,0.9997,0.0000,4,1
2520,2284,Cylinder3D.java,M,5,5,934,0.9947,0.0053,938,migueljmol,9,0.0112,0.0336,0.0000,0,9
2520,2913,Cylinder3D.java,M,5,2,281,0.9929,0.0071,282,migueljmol,8,0.0042,0.0336,0.0000,0,8
2520,3033,Cylinder3D.java,M,5,1,0,0.0000,1.0000,0,migueljmol,1,0.0000,0.0000,0.0000,0,1
2536,2337,ColorManager.java,M,6,10,663,0.7517,0.0113,881,migueljmol,2,0.0000,0.0000,0.0000,0,2
2536,2633,ColorManager.java,M,6,6,434,0.9864,0.0136,439,migueljmol,0,0.0000,0.0000,0.0000,0,0
2541,3012,GaussianReader.java,M,22,1,108,0.9908,0.0092,108,migueljmol,3,0.0000,0.0000,0.0000,0,3
2545,791,DisplayPanel.java,M,5,29,2076,0.9007,0.0126,2304,migueljmol,3,0.6667,1.0000,0.0000,2,1
2545,792,DisplayPanel.java,M,5,32,2270,0.9848,0.0139,2304,migueljmol,0,0.0000,0.0000,0.0000,0,0
2545,1175,PreferencesDialog.java,M,5,24,1932,0.9822,0.0122,1966,migueljmol,4,0.7500,1.0000,0.0000,3,1
2545,1176,PreferencesDialog.java,M,6,23,1934,0.9832,0.0117,1966,migueljmol,0,0.0000,0.0000,0.0000,0,0
2545,1178,PreferencesDialog.java,M,5,20,1723,0.8760,0.0102,1966,migueljmol,4,0.7500,1.0000,0.0000,3,1
2545,1435,PreferencesDialog.java,M,5,18,1720,0.9845,0.0103,1746,migueljmol,4,0.7500,1.0000,0.0000,3,1
2545,1532,DisplayPanel.java,M,5,12,1627,0.9909,0.0073,1641,migueljmol,3,0.6667,1.0000,0.0000,2,1
2545,2058,DisplayPanel.java,M,6,5,1083,0.8602,0.0040,1258,migueljmol,1,0.0000,0.0000,0.0000,0,1
2545,2075,DisplayPanel.java,M,5,6,1228,0.9935,0.0049,1235,migueljmol,3,0.6667,1.0000,0.0000,2,1
2545,2191,PreferencesDialog.java,M,5,8,1110,0.9911,0.0071,1119,migueljmol,4,0.7500,1.0000,0.0000,3,1
2545,2245,DisplayPanel.java,M,7,2,1043,0.9971,0.0019,1045,migueljmol,3,0.0000,0.0000,0.0000,0,3
2556,275,Jmol.java,M,5,65,2388,0.9346,0.0254,2554,egonw,11,0.0909,1.0000,0.0000,1,10
2556,1535,Jmol.java,M,5,18,1572,0.9568,0.0110,1642,egonw,11,0.0909,1.0000,0.0000,1,10
2556,2264,Jmol.java,M,7,11,981,0.9889,0.0111,991,egonw,9,0.0000,0.0000,0.0000,0,9
2557,2878,RibbonsRenderer.java,M,11,8,348,0.9748,0.0224,356,migueljmol,3,0.0040,0.0050,0.0020,0,3
2557,2908,Polymer.java,M,16,6,221,0.6519,0.0177,338,migueljmol,3,0.3067,0.9131,0.0035,1,2
2557,2909,Polymer.java,M,16,7,233,0.6873,0.0206,338,migueljmol,3,0.3492,0.9131,0.0672,1,2
2557,2915,Polymer.java,M,10,5,308,0.9840,0.0160,312,migueljmol,1,0.0676,0.0676,0.0676,0,1
2557,2958,Polymer.java,M,6,8,226,0.9658,0.0342,233,migueljmol,1,0.0000,0.0000,0.0000,0,1
2557,2999,NucleicPolymer.java,M,5,2,195,0.9848,0.0101,197,migueljmol,8,0.0000,0.0000,0.0000,0,8
2558,2405,TransformManager.java,M,6,8,784,0.9862,0.0101,794,migueljmol,3,0.0000,0.0000,0.0000,0,3
2558,2824,TransformManager.java,M,25,2,419,0.9952,0.0048,420,migueljmol,1,0.0000,0.0000,0.0000,0,1
2558,2916,Polymer.java,M,10,3,309,0.9841,0.0096,313,migueljmol,1,0.0345,0.0345,0.0345,0,1
2568,3020,FrameBuilder.java,M,6,3,121,0.9758,0.0242,123,migueljmol,5,0.0000,0.0000,0.0000,0,5
2570,3012,GaussianReader.java,M,22,2,136,0.9855,0.0145,137,migueljmol,5,0.0000,0.0000,0.0000,0,5
2570,3037,GamessReader.java,M,20,1,3,0.6000,0.2000,4,migueljmol,6,0.0000,0.0000,0.0000,0,6
2572,3037,GamessReader.java,M,20,2,4,0.5714,0.2857,6,migueljmol,7,0.0000,0.0000,0.0000,0,7
2574,2633,ColorManager.java,M,6,7,436,0.9121,0.0146,477,migueljmol,1,0.0000,0.0000,0.0000,0,1
2578,1437,TransformManager.java,M,6,2,1759,0.9904,0.0011,1775,migueljmol,4,0.0000,0.0000,0.0000,0,4
2578,1457,TransformManager.java,M,5,3,1752,0.9904,0.0017,1768,migueljmol,2,1.0000,1.0000,1.0000,2,0
2578,1458,TransformManager.java,M,5,2,1753,0.9910,0.0011,1768,migueljmol,2,1.0000,1.0000,1.0000,2,0
2578,1493,Eval.java,M,6,57,1665,0.9585,0.0328,1736,migueljmol,1,0.8897,0.8897,0.8897,1,0
2578,1507,Eval.java,M,11,35,1682,0.9717,0.0202,1730,migueljmol,0,0.0000,0.0000,0.0000,0,0
2578,1509,Eval.java,M,11,54,1661,0.9596,0.0312,1730,migueljmol,0,0.0000,0.0000,0.0000,0,0
2578,1994,JmolViewer.java,M,8,47,1257,0.9544,0.0357,1316,migueljmol,2,0.0000,0.0000,0.0000,0,2
2578,2014,JmolViewer.java,M,13,25,1235,0.9377,0.0190,1316,migueljmol,2,0.0000,0.0000,0.0000,0,2
2578,2015,JmolViewer.java,M,6,8,757,0.5748,0.0061,1316,migueljmol,4,0.0000,0.0000,0.0000,0,4
2578,2024,JmolViewer.java,M,7,39,1265,0.9605,0.0296,1316,migueljmol,3,0.0000,0.0000,0.0000,0,3
2578,2092,JmolViewer.java,M,5,48,1145,0.9241,0.0387,1238,migueljmol,2,0.9329,0.9941,0.8717,2,0
2578,2093,JmolViewer.java,M,5,68,1170,0.9443,0.0549,1238,migueljmol,2,0.8692,0.8717,0.8666,2,0
2578,2146,JmolViewer.java,M,5,14,1149,0.9496,0.0116,1209,migueljmol,2,0.9304,0.9941,0.8666,2,0
2578,2403,Eval.java,M,6,26,792,0.9670,0.0317,818,migueljmol,1,0.8897,0.8897,0.8897,1,0
2578,2404,Eval.java,M,6,24,794,0.9695,0.0293,818,migueljmol,1,0.0000,0.0000,0.0000,0,1
2578,2405,TransformManager.java,M,6,9,803,0.9853,0.0110,814,migueljmol,3,0.0000,0.0000,0.0000,0,3
2578,2408,TransformManager.java,M,9,7,805,0.9877,0.0086,814,migueljmol,2,0.3215,0.6431,0.0000,1,1
2578,2823,TransformManager.java,M,21,2,438,0.9932,0.0045,440,migueljmol,1,0.0000,0.0000,0.0000,0,1
2578,2824,TransformManager.java,M,25,3,438,0.9932,0.0068,440,migueljmol,1,0.0000,0.0000,0.0000,0,1
2578,2914,TransformManager.java,M,9,1,340,0.9971,0.0029,340,migueljmol,2,0.3215,0.6431,0.0000,1,1
2580,1437,TransformManager.java,M,6,3,1760,0.9899,0.0017,1777,migueljmol,4,0.0000,0.0000,0.0000,0,4
2580,1438,TransformManager.java,M,5,4,1759,0.9893,0.0022,1777,migueljmol,2,1.0000,1.0000,1.0000,2,0
2580,1457,TransformManager.java,M,5,4,1753,0.9898,0.0023,1770,migueljmol,2,1.0000,1.0000,1.0000,2,0
2580,1458,TransformManager.java,M,5,3,1754,0.9904,0.0017,1770,migueljmol,2,1.0000,1.0000,1.0000,2,0
2580,2093,JmolViewer.java,M,5,69,1171,0.9436,0.0556,1240,migueljmol,2,0.4539,0.4552,0.4526,0,0
2580,2405,TransformManager.java,M,6,10,804,0.9841,0.0122,816,migueljmol,3,0.0000,0.0000,0.0000,0,3
2581,1437,TransformManager.java,M,6,4,1760,0.9893,0.0022,1778,migueljmol,4,0.0000,0.0000,0.0000,0,4
2581,1457,TransformManager.java,M,5,5,1753,0.9893,0.0028,1771,migueljmol,2,1.0000,1.0000,1.0000,2,0
2581,1458,TransformManager.java,M,5,4,1754,0.9898,0.0023,1771,migueljmol,2,1.0000,1.0000,1.0000,2,0
2581,1994,JmolViewer.java,M,8,48,1259,0.9538,0.0364,1319,migueljmol,2,0.0000,0.0000,0.0000,0,2
2581,2007,JmolViewer.java,M,8,77,1230,0.9318,0.0583,1319,migueljmol,0,0.0000,0.0000,0.0000,0,0
2581,2014,JmolViewer.java,M,13,26,1237,0.9371,0.0197,1319,migueljmol,2,0.0000,0.0000,0.0000,0,2
2581,2015,JmolViewer.java,M,6,9,759,0.5750,0.0068,1319,migueljmol,4,0.0000,0.0000,0.0000,0,4
2581,2024,JmolViewer.java,M,7,40,1267,0.9598,0.0303,1319,migueljmol,3,0.0000,0.0000,0.0000,0,3
2581,2092,JmolViewer.java,M,5,49,1147,0.9235,0.0395,1241,migueljmol,2,0.6511,0.9972,0.3050,1,0
2581,2146,JmolViewer.java,M,5,15,1151,0.9489,0.0124,1212,migueljmol,2,0.6502,0.9972,0.3033,1,0
2581,2405,TransformManager.java,M,6,11,804,0.9829,0.0134,817,migueljmol,3,0.0000,0.0000,0.0000,0,3
2581,2408,TransformManager.java,M,9,8,807,0.9866,0.0098,817,migueljmol,2,0.2822,0.5643,0.0000,1,1
2581,2914,TransformManager.java,M,9,2,342,0.9942,0.0058,343,migueljmol,2,0.2822,0.5643,0.0000,1,1
2582,1438,TransformManager.java,M,5,5,1760,0.9888,0.0028,1779,migueljmol,2,1.0000,1.0000,1.0000,2,0
2582,1457,TransformManager.java,M,5,6,1753,0.9887,0.0034,1772,migueljmol,2,1.0000,1.0000,1.0000,2,0
2582,1458,TransformManager.java,M,5,5,1754,0.9893,0.0028,1772,migueljmol,2,1.0000,1.0000,1.0000,2,0
2582,1994,JmolViewer.java,M,8,49,1259,0.9531,0.0371,1320,migueljmol,2,0.0000,0.0000,0.0000,0,2
2582,2014,JmolViewer.java,M,13,27,1237,0.9364,0.0204,1320,migueljmol,2,0.0000,0.0000,0.0000,0,2
2582,2015,JmolViewer.java,M,6,10,759,0.5746,0.0076,1320,migueljmol,4,0.0000,0.0000,0.0000,0,4
2582,2024,JmolViewer.java,M,7,41,1267,0.9591,0.0310,1320,migueljmol,3,0.0000,0.0000,0.0000,0,3
2582,2092,JmolViewer.java,M,5,50,1147,0.9228,0.0402,1242,migueljmol,2,0.7397,0.9982,0.4813,1,0
2582,2093,JmolViewer.java,M,5,70,1172,0.9429,0.0563,1242,migueljmol,2,0.4807,0.4813,0.4800,0,0
2582,2146,JmolViewer.java,M,5,16,1151,0.9481,0.0132,1213,migueljmol,2,0.7391,0.9982,0.4800,1,0
2582,2405,TransformManager.java,M,6,12,804,0.9817,0.0147,818,migueljmol,3,0.0000,0.0000,0.0000,0,3
2582,2408,TransformManager.java,M,9,9,807,0.9853,0.0110,818,migueljmol,2,0.3329,0.6658,0.0000,1,1
2582,2914,TransformManager.java,M,9,3,342,0.9913,0.0087,344,migueljmol,2,0.3329,0.6658,0.0000,1,1
2583,3049,Eval.java,M,11,1,0,0.0000,1.0000,0,migueljmol,2,0.0000,0.0000,0.0000,0,2
2584,1509,Eval.java,M,11,55,1665,0.9585,0.0317,1736,migueljmol,2,0.0000,0.0000,0.0000,0,2
2585,1444,TransformManager.java,M,5,6,1762,0.9882,0.0034,1782,migueljmol,1,1.0000,1.0000,1.0000,1,0
2585,1509,Eval.java,M,11,56,1665,0.9580,0.0322,1737,migueljmol,3,0.2836,0.5075,0.0000,1,1
2585,2190,TransformManager.java,M,5,5,1154,0.9948,0.0043,1159,migueljmol,1,1.0000,1.0000,1.0000,1,0
2585,3048,Eval.java,M,11,1,0,0.0000,0.3333,2,migueljmol,3,0.3408,0.5150,0.0000,2,1
2590,1988,Sphere3D.java,M,9,2,1317,0.9902,0.0015,1329,migueljmol,6,0.3333,1.0000,0.0000,2,4
2590,1989,Sphere3D.java,M,9,2,1317,0.9902,0.0015,1329,migueljmol,1,1.0000,1.0000,1.0000,1,0
2590,2265,Sphere3D.java,M,74,2,1020,0.9980,0.0020,1021,migueljmol,6,0.3319,0.9958,0.0000,2,4
2590,2267,Sphere3D.java,M,9,3,1019,0.9971,0.0029,1021,migueljmol,7,0.4292,1.0000,0.0000,3,4
2590,2268,Sphere3D.java,M,9,3,1019,0.9971,0.0029,1021,migueljmol,7,0.4292,1.0000,0.0000,3,4
2590,2269,Sphere3D.java,M,9,3,1019,0.9971,0.0029,1021,migueljmol,7,0.4292,1.0000,0.0000,3,4
2590,2270,Sphere3D.java,M,9,2,1020,0.9980,0.0020,1021,migueljmol,7,0.4292,1.0000,0.0000,3,4
2590,2271,Sphere3D.java,M,20,3,1019,0.9971,0.0029,1021,migueljmol,4,0.2511,1.0000,0.0000,1,3
2590,2272,Sphere3D.java,M,9,3,1019,0.9971,0.0029,1021,migueljmol,6,0.3333,1.0000,0.0000,2,4
2590,2273,Sphere3D.java,M,9,3,1019,0.9971,0.0029,1021,migueljmol,1,1.0000,1.0000,1.0000,1,0
2590,3051,Sphere3D.java,M,34,1,0,0.0000,1.0000,0,migueljmol,4,0.2500,1.0000,0.0000,1,3
2596,2649,Atom.java,M,6,10,462,0.9767,0.0211,472,migueljmol,4,0.0000,0.0000,0.0000,0,4
2596,2843,Hover.java,M,5,1,435,0.9977,0.0023,435,migueljmol,5,0.0000,0.0000,0.0000,0,5
2601,1551,Eval.java,M,7,32,957,0.5737,0.0192,1667,migueljmol,10,0.0000,0.0000,0.0000,0,10
2601,2093,JmolViewer.java,M,5,71,1190,0.9429,0.0563,1261,migueljmol,2,0.3318,0.3323,0.3314,0,0
2603,1551,Eval.java,M,7,33,958,0.5737,0.0198,1669,migueljmol,10,0.0000,0.0000,0.0000,0,10
2603,2845,Measures.java,M,5,1,442,0.9977,0.0023,442,migueljmol,5,0.0000,0.0000,0.0000,0,5
2603,3048,Eval.java,M,11,2,17,0.8095,0.0952,20,migueljmol,3,0.3367,0.8214,0.0000,1,2
2604,2649,Atom.java,M,6,11,469,0.9751,0.0229,480,migueljmol,4,0.0000,0.0000,0.0000,0,4
2606,1493,Eval.java,M,6,58,1692,0.9586,0.0329,1764,migueljmol,1,0.9630,0.9630,0.9630,1,0
2606,1509,Eval.java,M,11,57,1685,0.9579,0.0324,1758,migueljmol,3,0.1645,0.3543,0.0000,0,2
2606,1551,Eval.java,M,7,34,960,0.5738,0.0203,1672,migueljmol,10,0.0000,0.0000,0.0000,0,10
2606,1994,JmolViewer.java,M,8,50,1282,0.9532,0.0372,1344,migueljmol,2,0.0000,0.0000,0.0000,0,2
2606,2014,JmolViewer.java,M,13,28,1260,0.9368,0.0208,1344,migueljmol,2,0.0000,0.0000,0.0000,0,2
2606,2015,JmolViewer.java,M,6,11,782,0.5814,0.0082,1344,migueljmol,4,0.0000,0.0000,0.0000,0,4
2606,2024,JmolViewer.java,M,7,42,1290,0.9591,0.0312,1344,migueljmol,3,0.0000,0.0000,0.0000,0,3
2606,2092,JmolViewer.java,M,5,51,1170,0.9234,0.0403,1266,migueljmol,2,0.5453,0.5815,0.5090,2,0
2606,2093,JmolViewer.java,M,5,72,1194,0.9424,0.0568,1266,migueljmol,2,0.3763,0.5090,0.2437,1,0
2606,2403,Eval.java,M,6,27,819,0.9669,0.0319,846,migueljmol,1,0.9630,0.9630,0.9630,1,0
2606,2404,Eval.java,M,6,25,821,0.9693,0.0295,846,migueljmol,1,0.0000,0.0000,0.0000,0,1
2606,2405,TransformManager.java,M,6,13,827,0.9810,0.0154,842,migueljmol,3,0.0000,0.0000,0.0000,0,3
2606,2417,Eval.java,M,13,17,762,0.9757,0.0218,780,migueljmol,0,0.0000,0.0000,0.0000,0,0
2606,2825,TransformManager.java,M,25,1,468,0.9979,0.0021,468,migueljmol,1,0.0000,0.0000,0.0000,0,1
2606,3049,Eval.java,M,11,2,22,0.9167,0.0833,23,migueljmol,3,0.3200,0.6058,0.0000,1,1
2607,2891,JmolConstants.java,M,6,5,394,0.9752,0.0124,403,migueljmol,1,0.0000,0.0000,0.0000,0,1
2616,1493,Eval.java,M,6,59,1701,0.9583,0.0332,1774,migueljmol,1,0.5077,0.5077,0.5077,1,0
2616,1509,Eval.java,M,11,58,1694,0.9576,0.0328,1768,migueljmol,3,0.2113,0.3638,0.0000,0,1
2616,2371,Frame.java,M,15,15,887,0.9834,0.0166,901,migueljmol,1,0.0000,0.0000,0.0000,0,1
2616,3048,Eval.java,M,11,3,28,0.8235,0.0882,33,migueljmol,3,0.2704,0.4473,0.0000,0,1
2619,2271,Sphere3D.java,M,20,4,1047,0.9962,0.0038,1050,migueljmol,4,0.2503,1.0000,0.0000,1,3
2619,3051,Sphere3D.java,M,34,2,28,0.9333,0.0667,29,migueljmol,4,0.2500,1.0000,0.0000,1,3
2619,3054,Sphere3D.java,M,49,1,0,0.0000,1.0000,0,migueljmol,5,0.0000,0.0000,0.0000,0,5
2620,1551,Eval.java,M,7,35,973,0.5768,0.0207,1686,migueljmol,11,0.0000,0.0000,0.0000,0,11
2620,1934,Graphics3D.java,M,8,10,1340,0.9853,0.0074,1359,migueljmol,1,1.0000,1.0000,1.0000,1,0
2620,1935,Line3D.java,M,5,5,1340,0.9853,0.0037,1359,migueljmol,2,0.5000,1.0000,0.0000,1,1
2620,1936,Line3D.java,M,5,6,1340,0.9853,0.0044,1359,migueljmol,9,0.2224,1.0000,0.0000,2,7
2620,1937,Graphics3D.java,M,8,10,1340,0.9853,0.0074,1359,migueljmol,1,1.0000,1.0000,1.0000,1,0
2620,1944,Graphics3D.java,M,7,38,1311,0.9640,0.0279,1359,migueljmol,6,0.1953,0.9995,0.0000,1,5
2620,1962,Graphics3D.java,M,7,37,1313,0.9654,0.0272,1359,migueljmol,6,0.1950,0.9995,0.0000,1,5
2620,1970,Line3D.java,M,33,3,1347,0.9904,0.0022,1359,migueljmol,1,1.0000,1.0000,1.0000,1,0
2620,1971,Line3D.java,M,33,3,1347,0.9904,0.0022,1359,migueljmol,1,1.0000,1.0000,1.0000,1,0
2620,1972,Line3D.java,M,5,8,1342,0.9868,0.0059,1359,migueljmol,0,0.0000,0.0000,0.0000,0,0
2620,1974,Line3D.java,M,74,5,1344,0.9882,0.0037,1359,migueljmol,4,0.5000,1.0000,0.0000,2,2
2620,1994,JmolViewer.java,M,8,51,1295,0.9529,0.0375,1358,migueljmol,2,0.0000,0.0000,0.0000,0,2
2620,2007,JmolViewer.java,M,8,78,1268,0.9330,0.0574,1358,migueljmol,0,0.0000,0.0000,0.0000,0,0
2620,2014,JmolViewer.java,M,13,29,1273,0.9367,0.0213,1358,migueljmol,2,0.0000,0.0000,0.0000,0,2
2620,2050,Line3D.java,M,74,6,1324,0.9881,0.0045,1339,migueljmol,4,0.5000,1.0000,0.0000,2,2
2620,2092,JmolViewer.java,M,5,52,1183,0.9235,0.0406,1280,migueljmol,2,0.6970,0.7441,0.6499,2,0
2620,2093,JmolViewer.java,M,5,73,1207,0.9422,0.0570,1280,migueljmol,2,0.5554,0.6499,0.4608,1,0
2620,2123,Graphics3D.java,M,14,22,1245,0.9826,0.0174,1266,migueljmol,1,0.9752,0.9752,0.9752,1,0
2620,2124,Graphics3D.java,M,14,15,1249,0.9858,0.0118,1266,migueljmol,1,0.9752,0.9752,0.9752,1,0
2620,2146,JmolViewer.java,M,5,17,1188,0.9489,0.0136,1251,migueljmol,2,0.6025,0.7441,0.4608,1,0
2620,2184,Line3D.java,M,5,6,1194,0.9933,0.0050,1201,migueljmol,2,0.5000,1.0000,0.0000,1,1
2620,2280,Line3D.java,M,5,5,1040,0.9952,0.0048,1044,migueljmol,9,0.2224,1.0000,0.0000,2,7
2620,2283,Line3D.java,M,24,6,1037,0.9923,0.0057,1044,migueljmol,4,0.3549,0.9983,0.0000,1,2
2620,2286,Line3D.java,M,23,4,1033,0.9952,0.0039,1037,migueljmol,5,0.5008,0.9983,0.0000,3,2
2620,2287,Line3D.java,M,24,4,1033,0.9952,0.0039,1037,migueljmol,4,0.3547,0.9983,0.0000,1,2
2620,2405,TransformManager.java,M,6,14,840,0.9802,0.0163,856,migueljmol,3,0.0000,0.0000,0.0000,0,3
2620,2408,TransformManager.java,M,9,10,844,0.9848,0.0117,856,migueljmol,2,0.3159,0.6317,0.0000,1,1
2620,2455,Graphics3D.java,M,5,20,663,0.9693,0.0292,683,migueljmol,1,0.0000,0.0000,0.0000,0,1
2620,2472,Line3D.java,M,5,2,619,0.9952,0.0032,621,migueljmol,9,0.2224,1.0000,0.0000,2,7
2620,2474,Line3D.java,M,74,2,619,0.9952,0.0032,621,migueljmol,4,0.5000,1.0000,0.0000,2,2
2620,2476,Line3D.java,M,23,2,619,0.9952,0.0032,621,migueljmol,5,0.5012,1.0000,0.0000,3,2
2620,2758,Line3D.java,M,23,2,483,0.9938,0.0041,485,migueljmol,5,0.5012,1.0000,0.0000,3,2
2620,2914,TransformManager.java,M,9,4,379,0.9896,0.0104,382,migueljmol,2,0.3159,0.6317,0.0000,1,1
2620,3051,Sphere3D.java,M,34,3,28,0.9032,0.0968,30,migueljmol,4,0.3552,0.5793,0.0000,1,1
2620,3054,Sphere3D.java,M,49,2,0,0.0000,1.0000,1,migueljmol,5,0.3045,0.5075,0.0000,3,2
2627,1437,TransformManager.java,M,6,5,1805,0.9890,0.0027,1824,migueljmol,4,0.0000,0.0000,0.0000,0,4
2627,1438,TransformManager.java,M,5,6,1804,0.9885,0.0033,1824,migueljmol,2,1.0000,1.0000,1.0000,2,0
2627,1457,TransformManager.java,M,5,7,1797,0.9884,0.0039,1817,migueljmol,2,1.0000,1.0000,1.0000,2,0
2627,1458,TransformManager.java,M,5,6,1798,0.9890,0.0033,1817,migueljmol,2,1.0000,1.0000,1.0000,2,0
2627,1551,Eval.java,M,7,36,979,0.5779,0.0213,1693,migueljmol,11,0.0000,0.0000,0.0000,0,11
2627,1994,JmolViewer.java,M,8,52,1301,0.9524,0.0381,1365,migueljmol,2,0.0000,0.0000,0.0000,0,2
2627,2007,JmolViewer.java,M,8,79,1274,0.9327,0.0578,1365,migueljmol,0,0.0000,0.0000,0.0000,0,0
2627,2014,JmolViewer.java,M,13,30,1279,0.9363,0.0220,1365,migueljmol,2,0.0000,0.0000,0.0000,0,2
2627,2092,JmolViewer.java,M,5,53,1189,0.9231,0.0411,1287,migueljmol,2,0.7843,0.8270,0.7415,2,0
2627,2093,JmolViewer.java,M,5,74,1213,0.9418,0.0575,1287,migueljmol,2,0.6717,0.7415,0.6018,2,0
2627,2146,JmolViewer.java,M,5,18,1194,0.9484,0.0143,1258,migueljmol,2,0.7144,0.8270,0.6018,2,0
2627,2405,TransformManager.java,M,6,15,846,0.9792,0.0174,863,migueljmol,3,0.0000,0.0000,0.0000,0,3
2627,2408,TransformManager.java,M,9,11,850,0.9838,0.0127,863,migueljmol,2,0.2245,0.4489,0.0000,0,1
2627,2823,TransformManager.java,M,21,3,486,0.9918,0.0061,489,migueljmol,1,0.0000,0.0000,0.0000,0,1
2627,2824,TransformManager.java,M,25,4,486,0.9918,0.0082,489,migueljmol,1,0.0000,0.0000,0.0000,0,1
2628,1437,TransformManager.java,M,6,6,1805,0.9885,0.0033,1825,migueljmol,4,0.0000,0.0000,0.0000,0,4
2628,1438,TransformManager.java,M,5,7,1804,0.9880,0.0038,1825,migueljmol,2,1.0000,1.0000,1.0000,2,0
2628,1457,TransformManager.java,M,5,8,1797,0.9879,0.0044,1818,migueljmol,2,1.0000,1.0000,1.0000,2,0
2628,1458,TransformManager.java,M,5,7,1798,0.9885,0.0038,1818,migueljmol,2,1.0000,1.0000,1.0000,2,0
2628,1551,Eval.java,M,7,37,979,0.5776,0.0218,1694,migueljmol,11,0.0000,0.0000,0.0000,0,11
2628,2405,TransformManager.java,M,6,16,846,0.9780,0.0185,864,migueljmol,3,0.0000,0.0000,0.0000,0,3
2628,2408,TransformManager.java,M,9,12,850,0.9827,0.0139,864,migueljmol,2,0.2878,0.5755,0.0000,1,1
2628,2824,TransformManager.java,M,25,5,486,0.9898,0.0102,490,migueljmol,1,0.3530,0.3530,0.3530,0,0
2628,2825,TransformManager.java,M,25,2,489,0.9959,0.0041,490,migueljmol,1,0.3530,0.3530,0.3530,0,0
2628,2914,TransformManager.java,M,9,5,386,0.9872,0.0128,390,migueljmol,2,0.2878,0.5755,0.0000,1,1
2634,1438,TransformManager.java,M,5,8,1809,0.9874,0.0044,1831,migueljmol,2,1.0000,1.0000,1.0000,2,0
2634,1457,TransformManager.java,M,5,9,1802,0.9874,0.0049,1824,migueljmol,2,1.0000,1.0000,1.0000,2,0
2634,1458,TransformManager.java,M,5,8,1803,0.9879,0.0044,1824,migueljmol,2,1.0000,1.0000,1.0000,2,0
2634,2405,TransformManager.java,M,6,17,851,0.9770,0.0195,870,migueljmol,3,0.0000,0.0000,0.0000,0,3
2634,2408,TransformManager.java,M,9,13,855,0.9816,0.0149,870,migueljmol,2,0.3335,0.6671,0.0000,1,1
2634,2824,TransformManager.java,M,25,6,491,0.9879,0.0121,496,migueljmol,1,0.5452,0.5452,0.5452,1,0
2634,2825,TransformManager.java,M,25,3,494,0.9940,0.0060,496,migueljmol,1,0.5452,0.5452,0.5452,1,0
2634,2914,TransformManager.java,M,9,6,391,0.9849,0.0151,396,migueljmol,2,0.3335,0.6671,0.0000,1,1
2635,1438,TransformManager.java,M,5,9,1809,0.9869,0.0049,1832,migueljmol,2,1.0000,1.0000,1.0000,2,0
2635,1457,TransformManager.java,M,5,10,1802,0.9869,0.0055,1825,migueljmol,2,1.0000,1.0000,1.0000,2,0
2635,1458,TransformManager.java,M,5,9,1803,0.9874,0.0049,1825,migueljmol,2,1.0000,1.0000,1.0000,2,0
2635,2405,TransformManager.java,M,6,18,851,0.9759,0.0206,871,migueljmol,3,0.0000,0.0000,0.0000,0,3
2639,1988,Sphere3D.java,M,9,3,1365,0.9898,0.0022,1378,nicove,4,0.1730,0.6916,0.0000,1,3
2639,1989,Sphere3D.java,M,9,3,1365,0.9898,0.0022,1378,nicove,1,1.0000,1.0000,1.0000,1,0
2639,2267,Sphere3D.java,M,9,4,1067,0.9963,0.0037,1070,nicove,8,0.5001,1.0000,0.0000,4,4
2639,2268,Sphere3D.java,M,9,4,1067,0.9963,0.0037,1070,nicove,8,0.5001,1.0000,0.0000,4,4
2639,2269,Sphere3D.java,M,9,4,1067,0.9963,0.0037,1070,nicove,8,0.5001,1.0000,0.0000,4,4
2639,2270,Sphere3D.java,M,9,3,1068,0.9972,0.0028,1070,nicove,8,0.5001,1.0000,0.0000,4,4
2639,2271,Sphere3D.java,M,20,5,1066,0.9953,0.0047,1070,nicove,2,0.0002,0.0004,0.0000,0,2
2639,2272,Sphere3D.java,M,9,4,1067,0.9963,0.0037,1070,nicove,4,0.1731,0.6916,0.0000,1,3
2639,2273,Sphere3D.java,M,9,4,1067,0.9963,0.0037,1070,nicove,1,1.0000,1.0000,1.0000,1,0
2639,2784,Sphere3D.java,M,10,1,1,0.0020,0.0020,504,nicove,0,0.0000,0.0000,0.0000,0,0
2639,3056,Sphere3D.java,M,13,1,0,0.0000,1.0000,0,nicove,7,0.0000,0.0000,0.0000,0,7
2639,3057,Sphere3D.java,M,6,1,0,0.0000,1.0000,0,nicove,8,0.5000,1.0000,0.0000,4,4
2644,2647,CifReader.java,M,5,5,520,0.9848,0.0095,527,migueljmol,1,0.0000,0.0000,0.0000,0,1
2644,2648,CifReader.java,M,5,5,521,0.9867,0.0095,527,migueljmol,3,0.6667,1.0000,0.0000,2,1
2644,2831,CifReader.java,M,5,4,500,0.9921,0.0079,503,migueljmol,3,0.6667,1.0000,0.0000,2,1
2644,2832,CifReader.java,M,5,5,499,0.9901,0.0099,503,migueljmol,3,0.6667,1.0000,0.0000,2,1
2648,2630,ModelReader.java,M,9,2,551,0.9946,0.0036,553,migueljmol,1,0.0000,0.0000,0.0000,0,1
2648,2833,ModelReader.java,M,6,1,505,0.9941,0.0020,507,migueljmol,3,0.0000,0.0000,0.0000,0,3
2648,3004,ModelReader.java,M,5,2,270,0.9926,0.0074,271,migueljmol,5,0.0000,0.0000,0.0000,0,5
2648,3005,ModelReader.java,M,6,1,270,0.9926,0.0037,271,migueljmol,3,0.3333,1.0000,0.0000,1,2
2648,3006,ModelReader.java,M,6,1,270,0.9926,0.0037,271,migueljmol,3,0.3333,1.0000,0.0000,1,2
2649,2948,GaussianReader.java,M,5,1,342,0.9971,0.0029,342,migueljmol,4,0.0000,0.0000,0.0000,0,4
2649,3007,GaussianReader.java,M,23,1,216,0.9954,0.0046,216,migueljmol,4,0.0000,0.0000,0.0000,0,4
2650,2948,GaussianReader.java,M,5,2,342,0.9942,0.0058,343,migueljmol,4,0.0000,0.0000,0.0000,0,4
2653,3059,NWChemReader.java,M,5,1,1,0.3333,0.3333,2,rkanters,5,0.0000,0.0000,0.0000,0,5
2653,3061,NWChemReader.java,M,5,1,1,0.3333,0.3333,2,rkanters,3,0.0000,0.0000,0.0000,0,3
2655,3062,GaussianReader.java,M,23,1,0,0.0000,1.0000,0,rkanters,4,0.0000,0.0000,0.0000,0,4
2655,3063,GaussianReader.java,M,9,1,0,0.0000,1.0000,0,rkanters,2,0.0000,0.0000,0.0000,0,2
2657,2246,Awt3D.java,M,5,1,1142,0.9896,0.0009,1153,migueljmol,2,0.0000,0.0000,0.0000,0,2
2661,2522,SmarterModelAdapter.java,M,5,1,605,0.9967,0.0016,606,rkanters,6,0.1667,1.0000,0.0000,1,5
2661,2523,SmarterModelAdapter.java,M,5,1,605,0.9967,0.0016,606,rkanters,6,0.1667,1.0000,0.0000,1,5
2661,2531,SmarterModelAdapter.java,M,5,1,605,0.9967,0.0016,606,rkanters,3,0.3333,1.0000,0.0000,1,2
2661,2578,SmarterModelAdapter.java,M,5,1,605,0.9967,0.0016,606,rkanters,2,0.0000,0.0000,0.0000,0,2
2661,2604,PdbReader.java,M,10,6,583,0.9865,0.0102,590,rkanters,2,0.9991,1.0000,0.9983,2,0
2661,2605,PdbReader.java,M,10,5,584,0.9882,0.0085,590,rkanters,2,0.9983,0.9983,0.9983,2,0
2661,2606,PdbReader.java,M,10,6,582,0.9848,0.0102,590,rkanters,2,0.9991,1.0000,0.9983,2,0
2661,2642,SmarterModelAdapter.java,M,5,2,555,0.9946,0.0036,557,rkanters,3,0.3333,1.0000,0.0000,1,2
2661,2645,CifReader.java,M,44,5,542,0.9909,0.0091,546,rkanters,5,0.2000,1.0000,0.0000,1,4
2661,2646,CifReader.java,M,44,5,541,0.9890,0.0091,546,rkanters,5,0.2000,1.0000,0.0000,1,4
2661,2948,GaussianReader.java,M,5,3,352,0.9915,0.0085,354,rkanters,5,0.4429,0.5597,0.4134,1,0
2661,2949,JaguarReader.java,M,5,2,352,0.9915,0.0056,354,rkanters,5,0.7941,1.0000,0.4134,4,0
2661,3008,QchemReader.java,M,20,1,227,0.9913,0.0044,228,rkanters,3,0.9605,1.0000,0.8815,3,0
2661,3009,QchemReader.java,M,5,1,121,0.5284,0.0044,228,rkanters,5,0.7942,1.0000,0.4138,4,0
2661,3015,QchemReader.java,M,10,1,227,0.9913,0.0044,228,rkanters,4,0.3862,1.0000,0.0000,2,2
2661,3019,QchemReader.java,M,7,1,227,0.9913,0.0044,228,rkanters,14,0.2143,1.0000,0.0000,3,11
2661,3022,JaguarReader.java,M,20,1,201,0.9950,0.0050,201,rkanters,3,0.9605,1.0000,0.8815,3,0
2661,3023,JaguarReader.java,M,10,1,200,0.9901,0.0050,201,rkanters,4,0.3862,1.0000,0.0000,2,2
2661,3024,JaguarReader.java,M,7,1,200,0.9901,0.0050,201,rkanters,14,0.2143,1.0000,0.0000,3,11
2661,3037,GamessReader.java,M,20,3,92,0.9583,0.0313,95,rkanters,3,0.8994,0.9352,0.8815,3,0
2661,3038,GamessReader.java,M,5,1,94,0.9792,0.0104,95,rkanters,5,0.7947,1.0000,0.4138,4,0
2661,3039,GamessReader.java,M,7,1,90,0.9783,0.0109,91,rkanters,14,0.2143,1.0000,0.0000,3,11
2661,3042,SpartanReader.java,M,20,1,88,0.9778,0.0111,89,rkanters,3,0.9784,1.0000,0.9352,3,0
2661,3043,SpartanReader.java,M,5,1,88,0.9778,0.0111,89,rkanters,5,0.7947,1.0000,0.4138,4,0
2661,3046,SpartanReader.java,M,7,1,88,0.9778,0.0111,89,rkanters,14,0.2143,1.0000,0.0000,3,11
2661,3058,NWChemReader.java,M,23,1,9,0.8182,0.0909,10,rkanters,3,0.0000,0.0000,0.0000,0,3
2661,3059,NWChemReader.java,M,5,2,8,0.7273,0.1818,10,rkanters,5,0.5597,0.5597,0.5597,5,0
2661,3062,GaussianReader.java,M,23,2,5,0.7143,0.2857,6,rkanters,4,0.2724,0.5449,0.0000,2,2
2661,3063,GaussianReader.java,M,9,2,5,0.7143,0.2857,6,rkanters,2,0.2724,0.5449,0.0000,1,1
2661,3064,NWChemReader.java,M,9,1,6,0.8571,0.1429,6,rkanters,2,0.2724,0.5449,0.0000,1,1
2667,3059,NWChemReader.java,M,5,3,13,0.7647,0.1765,16,rkanters,5,0.3351,0.3351,0.3351,0,0
2667,3061,NWChemReader.java,M,5,2,14,0.8235,0.1176,16,rkanters,2,0.0000,0.0000,0.0000,0,2
2667,3066,AtomSetCollection.java,M,7,1,2,0.5000,0.2500,3,rkanters,12,0.0000,0.0000,0.0000,0,12
2671,1551,Eval.java,M,7,38,1021,0.5875,0.0219,1737,migueljmol,12,0.0000,0.0000,0.0000,0,12
2671,2093,JmolViewer.java,M,5,75,1256,0.9429,0.0563,1331,migueljmol,2,0.3394,0.3747,0.3041,0,0
2671,2633,ColorManager.java,M,6,8,532,0.9252,0.0139,574,migueljmol,1,0.0000,0.0000,0.0000,0,1
2671,3126,ColorManager.java,M,5,1,0,0.0000,1.0000,0,migueljmol,0,0.0000,0.0000,0.0000,0,0
2672,3015,QchemReader.java,M,10,2,237,0.9875,0.0083,239,migueljmol,2,0.6550,1.0000,0.3100,1,0
2672,3023,JaguarReader.java,M,10,2,210,0.9859,0.0094,212,migueljmol,2,0.6550,1.0000,0.3100,1,0
2672,3044,GamessReader.java,M,6,1,100,0.9901,0.0099,100,migueljmol,1,0.0000,0.0000,0.0000,0,1
2672,3067,AtomSetCollection.java,M,5,1,7,0.7778,0.1111,8,migueljmol,5,0.2000,1.0000,0.0000,1,4
2672,3068,AtomSetCollection.java,M,5,1,7,0.7778,0.1111,8,migueljmol,5,0.2000,1.0000,0.0000,1,4
2672,3069,AtomSetCollection.java,M,5,1,7,0.7778,0.1111,8,migueljmol,1,0.0000,0.0000,0.0000,0,1
2672,3101,AtomSetCollectionReader.java,M,6,1,6,0.7500,0.1250,7,migueljmol,1,0.0000,0.0000,0.0000,0,1
2672,3102,AtomSetCollectionReader.java,M,6,1,6,0.7500,0.1250,7,migueljmol,1,1.0000,1.0000,1.0000,1,0
2672,3103,AtomSetCollectionReader.java,M,6,1,6,0.7500,0.1250,7,migueljmol,1,1.0000,1.0000,1.0000,1,0
2672,3104,AtomSetCollectionReader.java,M,6,1,6,0.7500,0.1250,7,migueljmol,2,0.0000,0.0000,0.0000,0,2
2673,3068,AtomSetCollection.java,M,5,2,7,0.7000,0.2000,9,migueljmol,5,0.0985,0.4925,0.0000,0,4
2673,3069,AtomSetCollection.java,M,5,2,7,0.7000,0.2000,9,migueljmol,1,0.0000,0.0000,0.0000,0,1
2673,3080,AtomSetCollectionReader.java,M,5,1,7,0.7778,0.1111,8,migueljmol,7,0.1429,1.0000,0.0000,1,6
2673,3083,AtomSetCollectionReader.java,M,5,1,7,0.7778,0.1111,8,migueljmol,7,0.1429,1.0000,0.0000,1,6
2673,3101,AtomSetCollectionReader.java,M,6,2,6,0.6667,0.2222,8,migueljmol,1,0.0000,0.0000,0.0000,0,1
2673,3102,AtomSetCollectionReader.java,M,6,2,6,0.6667,0.2222,8,migueljmol,1,1.0000,1.0000,1.0000,1,0
2673,3103,AtomSetCollectionReader.java,M,6,2,6,0.6667,0.2222,8,migueljmol,1,1.0000,1.0000,1.0000,1,0
2673,3104,AtomSetCollectionReader.java,M,6,2,6,0.6667,0.2222,8,migueljmol,2,0.2537,0.5075,0.0000,1,1
2673,3105,AtomSetCollectionReader.java,M,6,1,7,0.7778,0.1111,8,migueljmol,2,0.2537,0.5075,0.0000,1,1
2673,3127,AtomSetCollection.java,M,6,1,0,0.0000,0.5000,1,migueljmol,1,0.0000,0.0000,0.0000,0,1
2678,2093,JmolViewer.java,M,5,76,1262,0.9425,0.0568,1338,migueljmol,3,0.1405,0.2327,0.0000,0,2
2678,2968,FrameBuilder.java,M,5,4,342,0.9828,0.0115,347,migueljmol,1,0.0000,0.0000,0.0000,0,1
2678,3020,FrameBuilder.java,M,6,4,230,0.9829,0.0171,233,migueljmol,5,0.0000,0.0000,0.0000,0,5
2679,1551,Eval.java,M,7,39,1028,0.5888,0.0223,1745,migueljmol,13,0.0769,1.0000,0.0000,1,12
2679,2240,Frame.java,M,6,40,1144,0.9646,0.0337,1185,migueljmol,3,0.0000,0.0000,0.0000,0,3
2679,2371,Frame.java,M,15,16,949,0.9834,0.0166,964,migueljmol,1,0.0000,0.0000,0.0000,0,1
2679,2436,Frame.java,M,5,26,774,0.9675,0.0325,799,migueljmol,4,0.0000,0.0000,0.0000,0,4
2679,2961,Mmset.java,M,5,4,346,0.9858,0.0114,350,migueljmol,2,0.5000,1.0000,0.0000,1,1
2679,2962,Mmset.java,M,5,4,346,0.9858,0.0114,350,migueljmol,2,0.5000,1.0000,0.0000,1,1
2679,2968,FrameBuilder.java,M,5,5,342,0.9799,0.0143,348,migueljmol,1,0.0000,0.0000,0.0000,0,1
2679,2974,Mmset.java,M,6,2,339,0.9941,0.0059,340,migueljmol,1,0.0010,0.0010,0.0010,0,1
2679,3034,Frame.java,M,5,1,142,0.9861,0.0069,143,migueljmol,2,0.0000,0.0000,0.0000,0,2
2679,3045,SpartanReader.java,M,6,1,106,0.9815,0.0093,107,migueljmol,1,0.0000,0.0000,0.0000,0,1
2679,3069,AtomSetCollection.java,M,5,3,12,0.7500,0.1875,15,migueljmol,1,0.0000,0.0000,0.0000,0,1
2679,3128,Eval.java,M,7,1,3,0.6000,0.2000,4,migueljmol,13,0.0769,1.0000,0.0000,1,12
2679,3152,JmolViewer.java,M,5,1,3,0.6000,0.2000,4,migueljmol,3,0.0000,0.0000,0.0000,0,3
2681,2948,GaussianReader.java,M,5,4,371,0.9893,0.0107,374,rkanters,5,0.2303,0.2359,0.2081,0,0
2687,1543,ScriptWindow.java,M,6,5,1745,0.9932,0.0028,1756,egonw,4,0.2500,1.0000,0.0000,1,3
2687,1546,ScriptWindow.java,M,8,5,1745,0.9932,0.0028,1756,egonw,1,1.0000,1.0000,1.0000,1,0
2687,1548,ScriptWindow.java,M,8,6,1744,0.9926,0.0034,1756,egonw,1,1.0000,1.0000,1.0000,1,0
2687,1553,ScriptWindow.java,M,6,4,1743,0.9949,0.0023,1751,egonw,4,0.2500,1.0000,0.0000,1,3
2688,3986,CommandHistory.java,M,5,1,0,0.0000,1.0000,0,egonw,7,0.1429,1.0000,0.0000,1,6
2688,3987,CommandHistory.java,M,5,1,0,0.0000,1.0000,0,egonw,7,0.1429,1.0000,0.0000,1,6
2692,1551,Eval.java,M,7,40,1040,0.5912,0.0227,1758,migueljmol,13,0.0311,0.4037,0.0000,0,12
2692,2093,JmolViewer.java,M,5,77,1275,0.9424,0.0569,1352,migueljmol,3,0.2319,0.4284,0.1198,0,2
2692,2488,MouseManager.java,M,8,6,661,0.9910,0.0090,666,migueljmol,2,1.0000,1.0000,1.0000,2,0
2692,2496,MouseManager.java,M,5,5,657,0.9850,0.0075,666,migueljmol,1,0.0000,0.0000,0.0000,0,1
2692,2651,MouseManager.java,M,8,2,567,0.9965,0.0035,568,migueljmol,2,1.0000,1.0000,1.0000,2,0
2692,3049,Eval.java,M,11,3,107,0.9727,0.0273,109,migueljmol,3,0.1817,0.3212,0.0000,0,1
2692,3152,JmolViewer.java,M,5,2,15,0.8333,0.1111,17,migueljmol,3,0.1428,0.4284,0.0000,0,2
2692,3715,MouseManager.java,M,8,1,16,0.8889,0.0556,17,migueljmol,2,1.0000,1.0000,1.0000,2,0
2692,3991,Eval.java,M,13,1,0,0.0000,1.0000,0,migueljmol,2,0.0000,0.0000,0.0000,0,2
2693,3991,Eval.java,M,13,2,0,0.0000,1.0000,1,migueljmol,2,0.0000,0.0000,0.0000,0,2
2694,1462,SelectionManager.java,M,5,1,1857,0.9909,0.0005,1873,migueljmol,10,0.1000,1.0000,0.0000,1,9
2694,2014,JmolViewer.java,M,13,31,1345,0.9386,0.0216,1432,migueljmol,2,0.0000,0.0000,0.0000,0,2
2694,2024,JmolViewer.java,M,7,43,1377,0.9609,0.0300,1432,migueljmol,3,0.0000,0.0000,0.0000,0,3
2694,2092,JmolViewer.java,M,5,54,1255,0.9262,0.0399,1354,migueljmol,3,0.3386,0.3877,0.2420,0,0
2694,2093,JmolViewer.java,M,5,78,1276,0.9417,0.0576,1354,migueljmol,3,0.3598,0.6071,0.0863,1,1
2694,2496,MouseManager.java,M,5,6,658,0.9836,0.0090,668,migueljmol,1,0.0000,0.0000,0.0000,0,1
2694,3152,JmolViewer.java,M,5,3,16,0.8000,0.1500,19,migueljmol,3,0.3316,0.6071,0.0000,1,1
2694,3994,SelectionManager.java,M,5,1,0,0.0000,1.0000,0,migueljmol,10,0.1000,1.0000,0.0000,1,9
2695,3068,AtomSetCollection.java,M,5,3,28,0.8750,0.0938,31,rkanters,7,0.0355,0.2485,0.0000,0,6
2695,3069,AtomSetCollection.java,M,5,4,27,0.8438,0.1250,31,rkanters,1,0.0000,0.0000,0.0000,0,1
2695,3114,SmarterJmolAdapter.java,M,5,1,26,0.9286,0.0357,27,rkanters,7,0.2857,1.0000,0.0000,2,5
2695,3115,SmarterJmolAdapter.java,M,5,1,26,0.9286,0.0357,27,rkanters,7,0.2857,1.0000,0.0000,2,5
2695,3118,SmarterJmolAdapter.java,M,5,1,26,0.9286,0.0357,27,rkanters,7,0.2857,1.0000,0.0000,2,5
2695,3124,SmarterJmolAdapter.java,M,5,1,26,0.9286,0.0357,27,rkanters,2,0.5000,1.0000,0.0000,1,1
2695,3125,SmarterJmolAdapter.java,M,5,1,26,0.9286,0.0357,27,rkanters,2,0.5000,1.0000,0.0000,1,1
2695,3127,AtomSetCollection.java,M,6,2,21,0.8750,0.0833,23,rkanters,1,0.0000,0.0000,0.0000,0,1
2697,2948,GaussianReader.java,M,5,5,386,0.9872,0.0128,390,rkanters,5,0.1372,0.1392,0.1290,0,5
2698,275,Jmol.java,M,5,66,2529,0.9377,0.0245,2696,rkanters,10,0.0015,0.0148,0.0000,0,10
2698,3125,SmarterJmolAdapter.java,M,5,2,28,0.9032,0.0645,30,rkanters,2,0.2388,0.4775,0.0000,0,1
2699,2891,JmolConstants.java,M,6,6,485,0.9778,0.0121,495,migueljmol,1,0.0000,0.0000,0.0000,0,1
2700,2436,Frame.java,M,5,27,794,0.9671,0.0329,820,migueljmol,4,0.0000,0.0000,0.0000,0,4
2700,2631,Atom.java,M,5,6,529,0.8758,0.0099,603,migueljmol,1,0.0000,0.0000,0.0000,0,1
2700,2649,Atom.java,M,6,12,564,0.9775,0.0208,576,migueljmol,4,0.0000,0.0000,0.0000,0,4
2700,2817,Atom.java,M,5,7,558,0.9876,0.0124,564,migueljmol,2,0.0000,0.0000,0.0000,0,2
2700,3034,Frame.java,M,5,2,162,0.9818,0.0121,164,migueljmol,2,0.0000,0.0000,0.0000,0,2
2700,3989,Frame.java,M,35,1,7,0.7778,0.1111,8,migueljmol,1,0.0000,0.0000,0.0000,0,1
2700,3996,Atom.java,M,5,1,0,0.0000,1.0000,0,migueljmol,10,0.0000,0.0000,0.0000,0,10
2701,3125,SmarterJmolAdapter.java,M,5,3,30,0.8824,0.0882,33,rkanters,2,0.1519,0.3038,0.0000,0,1
2706,2436,Frame.java,M,5,28,799,0.9661,0.0339,826,migueljmol,4,0.0000,0.0000,0.0000,0,4
2706,2961,Mmset.java,M,5,5,372,0.9841,0.0132,377,migueljmol,2,0.5000,1.0000,0.0000,1,1
2706,2962,Mmset.java,M,5,5,372,0.9841,0.0132,377,migueljmol,2,0.5000,1.0000,0.0000,1,1
2706,2966,Mmset.java,M,6,2,375,0.9921,0.0053,377,migueljmol,1,0.0000,0.0000,0.0000,0,1
2706,2974,Mmset.java,M,6,3,365,0.9918,0.0082,367,migueljmol,1,0.0003,0.0003,0.0003,0,1
2706,3034,Frame.java,M,5,3,167,0.9766,0.0175,170,migueljmol,2,0.0000,0.0000,0.0000,0,2
2707,1509,Eval.java,M,11,59,1783,0.9586,0.0317,1859,migueljmol,3,0.4379,0.8171,0.0000,1,1
2707,1551,Eval.java,M,7,41,1054,0.5941,0.0231,1773,migueljmol,13,0.0160,0.2086,0.0000,0,12
2707,1994,JmolViewer.java,M,8,53,1380,0.9544,0.0367,1445,migueljmol,2,0.0000,0.0000,0.0000,0,2
2707,2093,JmolViewer.java,M,5,79,1288,0.9415,0.0577,1367,migueljmol,3,0.3552,0.7313,0.0610,1,1
2707,3048,Eval.java,M,11,4,117,0.9360,0.0320,124,migueljmol,3,0.4570,0.8171,0.0000,2,1
2707,3049,Eval.java,M,11,4,121,0.9680,0.0320,124,migueljmol,3,0.3501,0.5540,0.0000,1,1
2707,3152,JmolViewer.java,M,5,4,28,0.8485,0.1212,32,migueljmol,3,0.3259,0.7313,0.0000,1,1
2709,3996,Atom.java,M,5,2,8,0.8000,0.2000,9,migueljmol,10,0.0000,0.0000,0.0000,0,10
2710,2968,FrameBuilder.java,M,5,6,372,0.9789,0.0158,379,migueljmol,1,0.0000,0.0000,0.0000,0,1
2710,3020,FrameBuilder.java,M,6,5,261,0.9812,0.0188,265,migueljmol,5,0.0000,0.0000,0.0000,0,5
2711,2371,Frame.java,M,15,17,980,0.9829,0.0171,996,migueljmol,1,0.0000,0.0000,0.0000,0,1
2711,3351,Frame.java,M,5,1,0,0.0000,0.0270,36,migueljmol,1,0.0000,0.0000,0.0000,0,1
2711,3357,Frame.java,M,6,1,0,0.0000,0.0270,36,migueljmol,2,0.0000,0.0000,0.0000,0,2
2711,3997,Frame.java,M,5,1,0,0.0000,1.0000,0,migueljmol,9,0.0000,0.0000,0.0000,0,9
2713,3995,AtomSetChooser.java,M,7,1,14,0.8750,0.0625,15,rkanters,3,0.0000,0.0000,0.0000,0,3
2714,2371,Frame.java,M,15,18,982,0.9820,0.0180,999,migueljmol,1,0.0000,0.0000,0.0000,0,1
2714,2436,Frame.java,M,5,29,805,0.9641,0.0347,834,migueljmol,4,0.0000,0.0000,0.0000,0,4
2714,2631,Atom.java,M,5,7,542,0.8770,0.0113,617,migueljmol,0,0.0000,0.0000,0.0000,0,0
2714,2649,Atom.java,M,6,13,577,0.9763,0.0220,590,migueljmol,4,0.0000,0.0000,0.0000,0,4
2714,2817,Atom.java,M,5,8,571,0.9862,0.0138,578,migueljmol,2,0.0000,0.0000,0.0000,0,2
2714,3034,Frame.java,M,5,4,173,0.9665,0.0223,178,migueljmol,2,0.0000,0.0000,0.0000,0,2
2714,3351,Frame.java,M,5,2,2,0.0500,0.0500,39,migueljmol,1,0.0000,0.0000,0.0000,0,1
2714,3357,Frame.java,M,6,2,2,0.0500,0.0500,39,migueljmol,2,0.0000,0.0000,0.0000,0,2
2714,3996,Atom.java,M,5,3,12,0.8000,0.2000,14,migueljmol,10,0.0000,0.0000,0.0000,0,10
2714,3997,Frame.java,M,5,2,2,0.5000,0.5000,3,migueljmol,9,0.0000,0.0000,0.0000,0,9
2714,3998,Frame.java,M,12,1,0,0.0000,1.0000,0,migueljmol,1,1.0000,1.0000,1.0000,1,0
2714,3999,Frame.java,M,12,1,0,0.0000,1.0000,0,migueljmol,1,1.0000,1.0000,1.0000,1,0
2716,1988,Sphere3D.java,M,9,4,1441,0.9897,0.0027,1455,migueljmol,4,0.2384,0.9537,0.0000,1,3
2716,1989,Sphere3D.java,M,9,4,1441,0.9897,0.0027,1455,migueljmol,1,1.0000,1.0000,1.0000,1,0
2716,1994,JmolViewer.java,M,8,54,1388,0.9540,0.0371,1454,migueljmol,2,0.0000,0.0000,0.0000,0,2
2716,2024,JmolViewer.java,M,7,44,1398,0.9608,0.0302,1454,migueljmol,3,0.0000,0.0000,0.0000,0,3
2716,2089,JmolApplet.java,M,6,14,1358,0.9841,0.0101,1379,migueljmol,1,0.0000,0.0000,0.0000,0,1
2716,2093,JmolViewer.java,M,5,80,1296,0.9412,0.0581,1376,migueljmol,3,0.3505,0.8099,0.0441,1,2
2716,2267,Sphere3D.java,M,9,5,1143,0.9956,0.0044,1147,migueljmol,8,0.3863,1.0000,0.0000,3,5
2716,2268,Sphere3D.java,M,9,5,1143,0.9956,0.0044,1147,migueljmol,8,0.3863,1.0000,0.0000,3,5
2716,2269,Sphere3D.java,M,9,5,1143,0.9956,0.0044,1147,migueljmol,8,0.3863,1.0000,0.0000,3,5
2716,2270,Sphere3D.java,M,9,4,1144,0.9965,0.0035,1147,migueljmol,8,0.3863,1.0000,0.0000,3,5
2716,2271,Sphere3D.java,M,20,6,1142,0.9948,0.0052,1147,migueljmol,2,0.0000,0.0001,0.0000,0,2
2716,2272,Sphere3D.java,M,9,5,1143,0.9956,0.0044,1147,migueljmol,4,0.2384,0.9537,0.0000,1,3
2716,2273,Sphere3D.java,M,9,5,1143,0.9956,0.0044,1147,migueljmol,1,1.0000,1.0000,1.0000,1,0
2716,3152,JmolViewer.java,M,5,5,36,0.8571,0.1190,41,migueljmol,3,0.3256,0.8099,0.0000,1,2
2717,1994,JmolViewer.java,M,8,55,1388,0.9533,0.0378,1455,migueljmol,2,0.0000,0.0000,0.0000,0,2
2717,2024,JmolViewer.java,M,7,45,1398,0.9602,0.0309,1455,migueljmol,3,0.0000,0.0000,0.0000,0,3
2717,2436,Frame.java,M,5,30,807,0.9630,0.0358,837,migueljmol,4,0.0000,0.0000,0.0000,0,4
2717,3034,Frame.java,M,5,5,175,0.9615,0.0275,181,migueljmol,2,0.0000,0.0000,0.0000,0,2
2717,3152,JmolViewer.java,M,5,6,36,0.8372,0.1395,42,migueljmol,3,0.2492,0.6222,0.0000,1,2
2718,4000,AminoPolymer.java,M,5,1,0,0.0000,1.0000,0,migueljmol,10,0.0000,0.0000,0.0000,0,10
2720,2948,GaussianReader.java,M,5,6,408,0.9855,0.0145,413,rkanters,5,0.0760,0.0766,0.0734,0,5
2721,4001,AtomSetChooser.java,M,5,1,0,0.0000,1.0000,0,rkanters,2,0.0000,0.0000,0.0000,0,2
2724,2024,JmolViewer.java,M,7,46,1404,0.9597,0.0314,1462,migueljmol,3,0.0000,0.0000,0.0000,0,3
2724,3152,JmolViewer.java,M,5,7,42,0.8400,0.1400,49,migueljmol,3,0.1932,0.4839,0.0000,0,2
2727,4001,AtomSetChooser.java,M,5,2,5,0.7143,0.2857,6,rkanters,2,0.0000,0.0000,0.0000,0,2
2728,1917,Triangle3D.java,M,5,2,1453,0.9898,0.0014,1467,nicove,10,0.0000,0.0000,0.0000,0,10
2728,2284,Cylinder3D.java,M,5,6,1141,0.9948,0.0052,1146,nicove,10,0.0000,0.0001,0.0000,0,10
2729,3111,CdkJmolAdapter.java,M,5,1,60,0.9677,0.0161,61,nicove,4,0.2500,1.0000,0.0000,1,3
2729,3112,CdkJmolAdapter.java,M,5,1,60,0.9677,0.0161,61,nicove,4,0.2500,1.0000,0.0000,1,3
2730,2100,DotsRenderer.java,M,5,16,1365,0.9856,0.0116,1384,nicove,10,0.0001,0.0007,0.0000,0,10
2730,2960,Model.java,M,6,2,399,0.9925,0.0050,401,nicove,18,0.0556,1.0000,0.0000,1,17
2730,3117,FrameExportJmolAdapter.java,M,5,1,61,0.9683,0.0159,62,nicove,7,0.1429,1.0000,0.0000,1,6
2730,3119,FrameExportJmolAdapter.java,M,5,1,61,0.9683,0.0159,62,nicove,7,0.1429,1.0000,0.0000,1,6
2730,3120,FrameExportJmolAdapter.java,M,6,1,61,0.9683,0.0159,62,nicove,18,0.0556,1.0000,0.0000,1,17
2731,2014,JmolViewer.java,M,13,32,1381,0.9395,0.0218,1469,nicove,2,0.0000,0.0000,0.0000,0,2
2731,2015,JmolViewer.java,M,6,12,906,0.6163,0.0082,1469,nicove,0,0.0000,0.0000,0.0000,0,0
2731,2092,JmolViewer.java,M,5,55,1291,0.9274,0.0395,1391,nicove,3,0.1972,0.4405,0.0742,0,2
2731,2093,JmolViewer.java,M,5,81,1310,0.9411,0.0582,1391,nicove,3,0.2837,0.4405,0.0308,0,1
2732,56,AboutDialog.java,M,5,8,2718,0.9952,0.0029,2730,nicove,2,1.0000,1.0000,1.0000,2,0
2732,57,HelpDialog.java,M,5,9,2717,0.9949,0.0033,2730,nicove,2,1.0000,1.0000,1.0000,2,0
2732,58,WhatsNewDialog.java,M,5,8,2715,0.9941,0.0029,2730,nicove,2,1.0000,1.0000,1.0000,2,0
2732,59,AboutDialog.java,M,6,6,2720,0.9960,0.0022,2730,nicove,2,1.0000,1.0000,1.0000,2,0
2732,60,WhatsNewDialog.java,M,6,5,2718,0.9952,0.0018,2730,nicove,2,1.0000,1.0000,1.0000,2,0
2732,61,HelpDialog.java,M,6,7,2719,0.9956,0.0026,2730,nicove,2,1.0000,1.0000,1.0000,2,0
2732,860,AboutDialog.java,M,5,3,2418,0.9979,0.0012,2422,nicove,10,0.2000,1.0000,0.0000,2,8
2732,861,HelpDialog.java,M,5,3,2416,0.9971,0.0012,2422,nicove,10,0.2000,1.0000,0.0000,2,8
2732,862,WhatsNewDialog.java,M,5,3,2413,0.9959,0.0012,2422,nicove,10,0.2000,1.0000,0.0000,2,8
2732,1141,PreferencesDialog.java,M,11,19,2128,0.9879,0.0088,2153,nicove,5,0.0000,0.0000,0.0000,0,5
2732,1144,PreferencesDialog.java,M,5,23,2124,0.9861,0.0107,2153,nicove,1,1.0000,1.0000,1.0000,1,0
2732,1148,PreferencesDialog.java,M,5,7,2140,0.9935,0.0032,2153,nicove,1,1.0000,1.0000,1.0000,1,0
2732,1155,PreferencesDialog.java,M,6,17,2130,0.9889,0.0079,2153,nicove,1,1.0000,1.0000,1.0000,1,0
2732,1160,PreferencesDialog.java,M,6,18,2120,0.9842,0.0084,2153,nicove,1,1.0000,1.0000,1.0000,1,0
2732,1162,PreferencesDialog.java,M,7,21,2126,0.9870,0.0097,2153,nicove,1,1.0000,1.0000,1.0000,1,0
2732,1170,PreferencesDialog.java,M,7,20,2127,0.9875,0.0093,2153,nicove,4,0.2500,1.0000,0.0000,1,3
2732,1171,PreferencesDialog.java,M,7,19,2128,0.9879,0.0088,2153,nicove,4,0.2500,1.0000,0.0000,1,3
2732,1172,PreferencesDialog.java,M,7,17,2130,0.9889,0.0079,2153,nicove,1,1.0000,1.0000,1.0000,1,0
2732,1175,PreferencesDialog.java,M,5,25,2118,0.9833,0.0116,2153,nicove,4,0.7500,1.0000,0.0000,3,1
2732,1176,PreferencesDialog.java,M,6,24,2120,0.9842,0.0111,2153,nicove,0,0.0000,0.0000,0.0000,0,0
2732,1178,PreferencesDialog.java,M,5,21,1909,0.8863,0.0097,2153,nicove,4,0.7500,1.0000,0.0000,3,1
2732,1435,PreferencesDialog.java,M,5,19,1906,0.9855,0.0098,1933,nicove,4,0.7500,1.0000,0.0000,3,1
2732,1542,ScriptWindow.java,M,8,2,36,0.0200,0.0011,1802,nicove,4,0.0000,0.0000,0.0000,0,4
2732,1543,ScriptWindow.java,M,6,6,1789,0.9928,0.0033,1801,nicove,4,0.0515,0.2059,0.0000,0,3
2732,1548,ScriptWindow.java,M,8,7,1788,0.9922,0.0039,1801,nicove,1,0.2059,0.2059,0.2059,0,0
2732,1601,JmolPopupAwt.java,M,7,3,1611,0.9932,0.0018,1621,nicove,1,0.0000,0.0000,0.0000,0,1
2732,1603,JmolPopupAwt.java,M,9,3,1611,0.9932,0.0018,1621,nicove,1,0.0000,0.0000,0.0000,0,1
2732,2067,ScriptWindow.java,M,5,3,1415,0.9902,0.0021,1428,nicove,7,0.0000,0.0000,0.0000,0,7
2732,2191,PreferencesDialog.java,M,5,9,1296,0.9916,0.0069,1306,nicove,4,0.7500,1.0000,0.0000,3,1
2732,2469,JmolPopupAwt.java,M,7,3,753,0.9960,0.0040,755,nicove,1,0.0000,0.0000,0.0000,0,1
2732,2857,JmolPopupAwt.java,M,7,1,565,0.9982,0.0018,565,nicove,1,0.0000,0.0000,0.0000,0,1
2733,2089,JmolApplet.java,M,6,15,1374,0.9835,0.0107,1396,nicove,1,0.0000,0.0000,0.0000,0,1
2735,3059,NWChemReader.java,M,5,4,80,0.9412,0.0471,84,rkanters,5,0.0744,0.0820,0.0438,0,5
2736,2093,JmolViewer.java,M,5,82,1314,0.9406,0.0587,1396,rkanters,3,0.2842,0.5038,0.0228,1,1
2736,2948,GaussianReader.java,M,5,7,423,0.9837,0.0163,429,rkanters,5,0.0417,0.0444,0.0309,0,5
2736,3066,AtomSetCollection.java,M,7,2,70,0.9589,0.0274,72,rkanters,13,0.0000,0.0000,0.0000,0,13
2736,3114,SmarterJmolAdapter.java,M,5,2,66,0.9565,0.0290,68,rkanters,7,0.2857,1.0000,0.0000,2,5
2736,3115,SmarterJmolAdapter.java,M,5,2,66,0.9565,0.0290,68,rkanters,7,0.2857,1.0000,0.0000,2,5
2736,3118,SmarterJmolAdapter.java,M,5,2,66,0.9565,0.0290,68,rkanters,7,0.2857,1.0000,0.0000,2,5
2736,3124,SmarterJmolAdapter.java,M,5,2,66,0.9565,0.0290,68,rkanters,2,0.3293,0.6586,0.0000,1,1
2736,3125,SmarterJmolAdapter.java,M,5,4,64,0.9275,0.0580,68,rkanters,2,0.3293,0.6586,0.0000,1,1
2736,3152,JmolViewer.java,M,5,8,53,0.8548,0.1290,61,rkanters,3,0.1875,0.5038,0.0000,1,2
2736,4002,AtomSetChooser.java,M,5,1,0,0.0000,0.5000,1,rkanters,11,0.0000,0.0000,0.0000,0,11
2738,1935,Line3D.java,M,5,6,1457,0.9858,0.0041,1477,nicove,2,0.5000,1.0000,0.0000,1,1
2738,1936,Line3D.java,M,5,7,1457,0.9858,0.0047,1477,nicove,10,0.2000,1.0000,0.0000,2,8
2738,1972,Line3D.java,M,5,9,1459,0.9871,0.0061,1477,nicove,0,0.0000,0.0000,0.0000,0,0
2738,1975,Line3D.java,M,74,4,1461,0.9885,0.0027,1477,nicove,4,0.0000,0.0000,0.0000,0,4
2738,2184,Line3D.java,M,5,7,1311,0.9932,0.0053,1319,nicove,2,0.5000,1.0000,0.0000,1,1
2738,2280,Line3D.java,M,5,6,1157,0.9948,0.0052,1162,nicove,10,0.2000,1.0000,0.0000,2,8
2738,2472,Line3D.java,M,5,3,736,0.9946,0.0041,739,nicove,10,0.2000,1.0000,0.0000,2,8
2740,2482,Labels.java,M,7,4,721,0.9945,0.0055,724,nicove,3,0.3333,1.0000,0.0000,1,2
2740,2483,Labels.java,M,7,6,719,0.9917,0.0083,724,nicove,3,0.3333,1.0000,0.0000,1,2
2740,3989,Frame.java,M,35,2,45,0.9184,0.0408,48,nicove,1,0.7685,0.7685,0.7685,1,0
2740,3990,Measurement.java,M,35,1,48,0.9796,0.0204,48,nicove,1,0.7685,0.7685,0.7685,1,0
2743,275,Jmol.java,M,5,67,2573,0.9384,0.0244,2741,nicove,11,0.0723,0.7948,0.0000,1,10
2743,1040,Jmol.java,M,6,32,2231,0.9837,0.0141,2267,nicove,1,0.0002,0.0002,0.0002,0,1
2743,1535,Jmol.java,M,5,19,1758,0.9607,0.0104,1829,nicove,11,0.0723,0.7948,0.0000,1,10
2743,2059,FileManager.java,M,12,6,1439,0.9876,0.0041,1456,nicove,1,1.0000,1.0000,1.0000,1,0
2743,2060,FileManager.java,M,12,6,1439,0.9876,0.0041,1456,nicove,1,1.0000,1.0000,1.0000,1,0
2743,2264,Jmol.java,M,7,12,1167,0.9898,0.0102,1178,nicove,13,0.0000,0.0000,0.0000,0,13
2743,2338,Jmol.java,M,6,12,1071,0.9862,0.0110,1085,nicove,4,0.0000,0.0000,0.0000,0,4
2744,1934,Graphics3D.java,M,8,11,1463,0.9858,0.0074,1483,migueljmol,1,1.0000,1.0000,1.0000,1,0
2744,1937,Graphics3D.java,M,8,11,1463,0.9858,0.0074,1483,migueljmol,1,1.0000,1.0000,1.0000,1,0
2744,1941,Graphics3D.java,M,19,20,1454,0.9798,0.0135,1483,migueljmol,0,0.0000,0.0000,0.0000,0,0
2744,1943,Graphics3D.java,M,5,43,1431,0.9643,0.0290,1483,migueljmol,10,0.0999,0.9994,0.0000,1,9
2744,1944,Graphics3D.java,M,7,39,1434,0.9663,0.0263,1483,migueljmol,6,0.8175,1.0000,0.0000,5,1
2744,1950,Graphics3D.java,M,14,7,1467,0.9885,0.0047,1483,migueljmol,1,1.0000,1.0000,1.0000,1,0
2744,1958,Graphics3D.java,M,7,31,1442,0.9717,0.0209,1483,migueljmol,6,0.8249,0.9994,0.0000,5,1
2744,1959,Graphics3D.java,M,7,39,1435,0.9670,0.0263,1483,migueljmol,6,0.8253,1.0000,0.0000,5,1
2744,1961,Graphics3D.java,M,7,38,1436,0.9677,0.0256,1483,migueljmol,6,0.8253,1.0000,0.0000,5,1
2744,1962,Graphics3D.java,M,7,38,1436,0.9677,0.0256,1483,migueljmol,6,0.8175,1.0000,0.0000,5,1
2744,1963,Graphics3D.java,M,13,21,1453,0.9791,0.0142,1483,migueljmol,1,0.9994,0.9994,0.9994,1,0
2744,1966,Graphics3D.java,M,13,27,1447,0.9751,0.0182,1483,migueljmol,1,0.9994,0.9994,0.9994,1,0
2744,2123,Graphics3D.java,M,14,23,1368,0.9835,0.0165,1390,migueljmol,1,0.9994,0.9994,0.9994,1,0
2744,2124,Graphics3D.java,M,14,16,1372,0.9863,0.0115,1390,migueljmol,1,0.9994,0.9994,0.9994,1,0
2744,2455,Graphics3D.java,M,5,21,786,0.9728,0.0260,807,migueljmol,2,0.0000,0.0000,0.0000,0,2
2744,2690,Graphics3D.java,M,5,9,600,0.9836,0.0148,609,migueljmol,10,0.0999,0.9994,0.0000,1,9
2744,2728,Graphics3D.java,M,7,12,597,0.9787,0.0197,609,migueljmol,6,0.8253,1.0000,0.0000,5,1
2744,2744,Graphics3D.java,M,20,6,603,0.9885,0.0098,609,migueljmol,1,0.0000,0.0000,0.0000,0,1
2744,2838,Graphics3D.java,M,6,4,593,0.9933,0.0067,596,migueljmol,0,0.0000,0.0000,0.0000,0,0
2744,2842,Graphics3D.java,M,5,3,592,0.9950,0.0050,594,migueljmol,10,0.0000,0.0000,0.0000,0,10
2744,4005,Graphics3D.java,M,7,1,0,0.0000,1.0000,0,migueljmol,1,1.0000,1.0000,1.0000,1,0
2745,1934,Graphics3D.java,M,8,12,1463,0.9852,0.0081,1484,migueljmol,1,0.4985,0.4985,0.4985,0,0
2745,2246,Awt3D.java,M,5,2,1229,0.9895,0.0016,1241,migueljmol,2,0.0000,0.0000,0.0000,0,2
2745,2838,Graphics3D.java,M,6,5,593,0.9916,0.0084,597,migueljmol,0,0.0000,0.0000,0.0000,0,0
2745,2841,Platform3D.java,M,6,3,593,0.9950,0.0050,595,migueljmol,18,0.0000,0.0000,0.0000,0,18
2745,2842,Graphics3D.java,M,5,4,592,0.9933,0.0067,595,migueljmol,10,0.0000,0.0000,0.0000,0,10
2746,1413,Compiler.java,M,5,15,1937,0.9852,0.0076,1965,nicove,2,1.0000,1.0000,1.0000,2,0
2746,1423,Compiler.java,M,5,13,1939,0.9863,0.0066,1965,nicove,2,1.0000,1.0000,1.0000,2,0
2746,1525,Compiler.java,M,5,9,1859,0.9883,0.0048,1880,nicove,2,1.0000,1.0000,1.0000,2,0
2746,2195,Compiler.java,M,5,11,1308,0.9917,0.0083,1318,nicove,4,0.5000,1.0000,0.0000,2,2
2746,2197,Compiler.java,M,5,6,1312,0.9954,0.0046,1317,nicove,4,0.5000,1.0000,0.0000,2,2
2746,2255,Compiler.java,M,5,13,1220,0.9887,0.0105,1233,nicove,1,1.0000,1.0000,1.0000,1,0
2746,2256,Compiler.java,M,5,10,1218,0.9870,0.0081,1233,nicove,1,1.0000,1.0000,1.0000,1,0
2746,2305,Eval.java,M,20,29,1020,0.8801,0.0250,1158,nicove,2,0.0000,0.0000,0.0000,0,2
2746,2391,Compiler.java,M,5,9,995,0.9910,0.0090,1003,nicove,4,0.5000,1.0000,0.0000,2,2
2746,2634,Compiler.java,M,6,2,647,0.9969,0.0031,648,nicove,1,1.0000,1.0000,1.0000,1,0
2746,2635,Compiler.java,M,6,2,647,0.9969,0.0031,648,nicove,1,1.0000,1.0000,1.0000,1,0
2749,284,JpegEncoder.java,M,7,1,2745,0.9989,0.0004,2747,rkanters,13,0.2308,1.0000,0.0000,3,10
2749,285,JpegEncoder.java,M,7,1,2745,0.9989,0.0004,2747,rkanters,13,0.2308,1.0000,0.0000,3,10
2749,286,JpegEncoder.java,M,7,1,2745,0.9989,0.0004,2747,rkanters,13,0.2308,1.0000,0.0000,3,10
2749,287,JpegEncoder.java,M,6,1,2745,0.9989,0.0004,2747,rkanters,1,1.0000,1.0000,1.0000,1,0
2749,288,JpegEncoder.java,M,6,1,2745,0.9989,0.0004,2747,rkanters,1,1.0000,1.0000,1.0000,1,0
2749,289,JpegEncoder.java,M,6,1,2745,0.9989,0.0004,2747,rkanters,3,1.0000,1.0000,1.0000,3,0
2749,290,JpegEncoder.java,M,6,1,2745,0.9989,0.0004,2747,rkanters,3,1.0000,1.0000,1.0000,3,0
2749,291,JpegEncoder.java,M,6,1,2745,0.9989,0.0004,2747,rkanters,3,1.0000,1.0000,1.0000,3,0
2749,292,JpegEncoder.java,M,6,1,2745,0.9989,0.0004,2747,rkanters,3,1.0000,1.0000,1.0000,3,0
2749,293,JpegEncoder.java,M,13,1,2745,0.9989,0.0004,2747,rkanters,1,1.0000,1.0000,1.0000,1,0
2749,294,JpegEncoder.java,M,13,1,2745,0.9989,0.0004,2747,rkanters,1,1.0000,1.0000,1.0000,1,0
2749,295,JpegEncoder.java,M,31,1,2745,0.9989,0.0004,2747,rkanters,1,1.0000,1.0000,1.0000,1,0
2749,296,JpegEncoder.java,M,31,1,2745,0.9989,0.0004,2747,rkanters,1,1.0000,1.0000,1.0000,1,0
2749,297,JpegEncoder.java,M,5,1,2745,0.9989,0.0004,2747,rkanters,3,1.0000,1.0000,1.0000,3,0
2749,298,JpegEncoder.java,M,5,1,2745,0.9989,0.0004,2747,rkanters,3,1.0000,1.0000,1.0000,3,0
2749,299,JpegEncoder.java,M,5,1,2745,0.9989,0.0004,2747,rkanters,3,1.0000,1.0000,1.0000,3,0
2749,300,JpegEncoder.java,M,5,1,2745,0.9989,0.0004,2747,rkanters,3,1.0000,1.0000,1.0000,3,0
2749,301,JpegEncoder.java,M,8,1,2745,0.9989,0.0004,2747,rkanters,3,1.0000,1.0000,1.0000,3,0
2749,302,JpegEncoder.java,M,8,1,2745,0.9989,0.0004,2747,rkanters,3,1.0000,1.0000,1.0000,3,0
2749,303,JpegEncoder.java,M,8,1,2745,0.9989,0.0004,2747,rkanters,3,1.0000,1.0000,1.0000,3,0
2749,304,JpegEncoder.java,M,8,1,2745,0.9989,0.0004,2747,rkanters,3,1.0000,1.0000,1.0000,3,0
2749,841,JpegEncoder.java,M,7,1,2443,0.9980,0.0004,2447,rkanters,13,0.2308,1.0000,0.0000,3,10
2750,997,DisplayPanel.java,M,5,7,2001,0.8429,0.0029,2373,rkanters,4,0.0000,0.0000,0.0000,0,4
2751,1934,Graphics3D.java,M,8,13,1468,0.9846,0.0087,1490,migueljmol,1,0.6866,0.6866,0.6866,1,0
2751,1937,Graphics3D.java,M,8,12,1469,0.9852,0.0080,1490,migueljmol,1,0.6866,0.6866,0.6866,1,0
2751,1950,Graphics3D.java,M,14,8,1473,0.9879,0.0054,1490,migueljmol,0,0.0000,0.0000,0.0000,0,0
2751,2838,Graphics3D.java,M,6,6,598,0.9901,0.0099,603,migueljmol,0,0.0000,0.0000,0.0000,0,0
2753,4009,AtomSetChooser.java,M,5,1,0,0.0000,1.0000,0,rkanters,2,0.0000,0.0000,0.0000,0,2
2753,4010,AtomSetChooser.java,M,5,1,0,0.0000,1.0000,0,rkanters,2,0.0000,0.0000,0.0000,0,2
2753,4011,AtomSetChooser.java,M,8,1,0,0.0000,1.0000,0,rkanters,5,0.0000,0.0000,0.0000,0,5
2756,4009,AtomSetChooser.java,M,5,2,2,0.5000,0.5000,3,rkanters,2,0.0000,0.0000,0.0000,0,2
2758,1988,Sphere3D.java,M,9,5,1482,0.9893,0.0033,1497,migueljmol,4,0.2471,0.9884,0.0000,1,3
2758,1989,Sphere3D.java,M,9,5,1482,0.9893,0.0033,1497,migueljmol,1,1.0000,1.0000,1.0000,1,0
2758,2267,Sphere3D.java,M,9,6,1184,0.9950,0.0050,1189,migueljmol,7,0.4286,1.0000,0.0000,3,4
2758,2268,Sphere3D.java,M,9,6,1184,0.9950,0.0050,1189,migueljmol,7,0.4286,1.0000,0.0000,3,4
2758,2269,Sphere3D.java,M,9,6,1184,0.9950,0.0050,1189,migueljmol,7,0.4286,1.0000,0.0000,3,4
2758,2270,Sphere3D.java,M,9,5,1185,0.9958,0.0042,1189,migueljmol,7,0.4286,1.0000,0.0000,3,4
2758,2271,Sphere3D.java,M,20,7,1183,0.9941,0.0059,1189,migueljmol,2,0.0000,0.0000,0.0000,0,2
2758,2272,Sphere3D.java,M,9,6,1184,0.9950,0.0050,1189,migueljmol,4,0.2471,0.9884,0.0000,1,3
2758,2273,Sphere3D.java,M,9,6,1184,0.9950,0.0050,1189,migueljmol,1,1.0000,1.0000,1.0000,1,0
2758,3053,Sphere3D.java,M,49,1,139,0.9929,0.0071,139,migueljmol,5,0.1939,0.9696,0.0000,1,4
2758,3054,Sphere3D.java,M,49,3,137,0.9786,0.0214,139,migueljmol,5,0.2032,0.9696,0.0000,1,4
2759,2784,Sphere3D.java,M,10,2,119,0.1904,0.0032,624,migueljmol,1,1.0000,1.0000,1.0000,1,0
2759,4014,Sphere3D.java,M,10,1,0,0.0000,1.0000,0,migueljmol,1,1.0000,1.0000,1.0000,1,0
2763,2411,Shade3D.java,M,5,6,959,0.9928,0.0062,965,nicove,10,0.0000,0.0000,0.0000,0,10
2763,4016,Shade3D.java,M,9,1,0,0.0000,1.0000,0,nicove,1,0.0000,0.0000,0.0000,0,1
2766,270,Jmol.java,M,5,16,2299,0.8315,0.0058,2764,nicove,2,0.0000,0.0000,0.0000,0,2
2766,275,Jmol.java,M,5,68,2595,0.9385,0.0246,2764,nicove,11,0.0280,0.3082,0.0000,0,10
2766,523,Jmol.java,M,6,32,2537,0.9279,0.0117,2733,nicove,1,0.0001,0.0001,0.0001,0,1
2768,4011,AtomSetChooser.java,M,8,2,14,0.8750,0.1250,15,rkanters,5,0.0000,0.0000,0.0000,0,5
2771,4002,AtomSetChooser.java,M,5,2,31,0.8378,0.0541,36,rkanters,11,0.0000,0.0000,0.0000,0,11
2771,4017,AtomSetChooser.java,M,5,1,0,0.0000,1.0000,0,rkanters,3,0.0000,0.0000,0.0000,0,3
2773,1551,Eval.java,M,7,42,1119,0.6082,0.0228,1839,migueljmol,13,0.0036,0.0464,0.0000,0,13
2773,1994,JmolViewer.java,M,8,56,1443,0.9544,0.0370,1511,migueljmol,2,0.0000,0.0000,0.0000,0,2
2773,2024,JmolViewer.java,M,7,47,1452,0.9603,0.0311,1511,migueljmol,3,0.0000,0.0000,0.0000,0,3
2773,2059,FileManager.java,M,12,7,1468,0.9872,0.0047,1486,migueljmol,1,1.0000,1.0000,1.0000,1,0
2773,2060,FileManager.java,M,12,7,1468,0.9872,0.0047,1486,migueljmol,1,1.0000,1.0000,1.0000,1,0
2773,2093,JmolViewer.java,M,5,83,1350,0.9414,0.0579,1433,migueljmol,3,0.2953,0.6912,0.0127,1,2
2773,2422,FileManager.java,M,6,4,932,0.9925,0.0043,938,migueljmol,2,0.5000,1.0000,0.0000,1,1
2773,2423,FileManager.java,M,6,4,932,0.9936,0.0043,937,migueljmol,2,0.5000,1.0000,0.0000,1,1
2773,3047,FileManager.java,M,6,1,198,0.9900,0.0050,199,migueljmol,1,0.0000,0.0000,0.0000,0,1
2773,3152,JmolViewer.java,M,5,9,89,0.8990,0.0909,98,migueljmol,3,0.2424,0.6912,0.0000,1,2
2775,3029,Dots.java,M,18,2,288,0.9931,0.0069,289,nicove,1,0.0002,0.0002,0.0002,0,1
2776,3988,PickingManager.java,M,5,1,81,0.9529,0.0118,84,migueljmol,4,0.0000,0.0000,0.0000,0,4
2777,1509,Eval.java,M,11,60,1852,0.9596,0.0311,1929,migueljmol,3,0.5004,0.9764,0.0000,2,1
2777,1551,Eval.java,M,7,43,1122,0.6085,0.0233,1843,migueljmol,13,0.0019,0.0247,0.0000,0,13
2777,2605,PdbReader.java,M,10,6,699,0.9887,0.0085,706,migueljmol,2,0.5149,0.9999,0.0299,1,1
2777,2606,PdbReader.java,M,10,7,697,0.9859,0.0099,706,migueljmol,2,0.5150,0.9999,0.0300,1,1
2777,2643,PdbReader.java,M,7,3,670,0.9941,0.0045,673,migueljmol,0,0.0000,0.0000,0.0000,0,0
2777,3048,Eval.java,M,11,5,186,0.9538,0.0256,194,migueljmol,3,0.5034,0.9764,0.0000,2,1
2777,3049,Eval.java,M,11,5,190,0.9744,0.0256,194,migueljmol,3,0.3528,0.5338,0.0000,2,1
2779,1509,Eval.java,M,11,61,1853,0.9591,0.0316,1931,migueljmol,3,0.5540,0.9842,0.0000,2,1
2779,1551,Eval.java,M,7,44,1123,0.6083,0.0238,1845,migueljmol,13,0.0268,0.3481,0.0000,0,12
2779,3048,Eval.java,M,11,6,187,0.9492,0.0305,196,migueljmol,3,0.5559,0.9842,0.0000,2,1
2779,3049,Eval.java,M,11,6,191,0.9695,0.0305,196,migueljmol,3,0.4538,0.6835,0.0000,2,1
2779,3128,Eval.java,M,7,2,101,0.9619,0.0190,104,migueljmol,13,0.0268,0.3481,0.0000,0,12
2779,3152,JmolViewer.java,M,5,10,94,0.8952,0.0952,104,migueljmol,3,0.1669,0.4760,0.0000,0,2
2782,2948,GaussianReader.java,M,5,8,468,0.9832,0.0168,475,rkanters,5,0.0161,0.0166,0.0143,0,5
2797,3058,NWChemReader.java,M,23,2,144,0.9796,0.0136,146,rkanters,0,0.0000,0.0000,0.0000,0,0
2798,4017,AtomSetChooser.java,M,5,2,26,0.9286,0.0714,27,rkanters,3,0.0000,0.0000,0.0000,0,3
2802,1178,PreferencesDialog.java,M,5,22,1978,0.8894,0.0099,2223,migueljmol,5,0.2438,1.0000,0.0000,1,4
2802,1429,JmolApplet.java,M,7,22,1986,0.9871,0.0109,2011,migueljmol,1,0.0000,0.0000,0.0000,0,1
2802,2011,Eval.java,M,6,2,1526,0.9903,0.0013,1540,migueljmol,18,0.1609,1.0000,0.0000,3,15
2802,2089,JmolApplet.java,M,6,16,1442,0.9836,0.0109,1465,migueljmol,1,0.8317,0.8317,0.8317,1,0
2802,2276,ColorManager.java,M,6,3,1228,0.9959,0.0024,1232,migueljmol,18,0.1609,1.0000,0.0000,3,15
2802,2428,Shape.java,M,6,2,947,0.9968,0.0021,949,migueljmol,18,0.1609,1.0000,0.0000,3,15
2802,2487,MouseManager11.java,M,5,1,774,0.9961,0.0013,776,migueljmol,11,0.0000,0.0000,0.0000,0,11
2802,3120,FrameExportJmolAdapter.java,M,6,2,132,0.9778,0.0148,134,migueljmol,18,0.1552,0.8966,0.0000,3,15
2805,2826,Util.java,M,8,3,663,0.9940,0.0045,666,migueljmol,4,1.0000,1.0000,1.0000,4,0
2805,2827,Util.java,M,8,2,663,0.9940,0.0030,666,migueljmol,4,1.0000,1.0000,1.0000,4,0
2805,2828,Util.java,M,8,3,662,0.9925,0.0045,666,migueljmol,4,1.0000,1.0000,1.0000,4,0
2805,2829,Util.java,M,8,2,664,0.9955,0.0030,666,migueljmol,4,1.0000,1.0000,1.0000,4,0
2805,2830,Util.java,M,8,3,663,0.9940,0.0045,666,migueljmol,4,1.0000,1.0000,1.0000,4,0
2805,2834,Util.java,M,6,1,664,0.9985,0.0015,664,migueljmol,1,0.0000,0.0000,0.0000,0,1
2814,4007,Integration.java,M,17,1,62,0.9841,0.0159,62,migueljmol,1,0.0000,0.0000,0.0000,0,1
2820,2850,CmlReader.java,M,7,6,645,0.9817,0.0091,656,egonw,1,0.0000,0.0000,0.0000,0,1
2820,2863,CmlReader.java,M,5,6,639,0.9831,0.0092,649,egonw,0,0.0000,0.0000,0.0000,0,0
2820,2867,CmlReader.java,M,10,3,636,0.9953,0.0047,638,egonw,1,1.0000,1.0000,1.0000,1,0
2820,2868,CmlReader.java,M,10,4,635,0.9937,0.0063,638,egonw,1,1.0000,1.0000,1.0000,1,0
2823,4072,MopacReader.java,M,16,1,0,0.0000,1.0000,0,migueljmol,2,0.0000,0.0000,0.0000,0,2
2824,2891,JmolConstants.java,M,6,7,609,0.9807,0.0113,620,migueljmol,1,0.0000,0.0000,0.0000,0,1
2826,2647,CifReader.java,M,5,6,701,0.9873,0.0085,709,migueljmol,4,0.0000,0.0000,0.0000,0,4
2826,2648,CifReader.java,M,5,6,702,0.9887,0.0085,709,migueljmol,2,1.0000,1.0000,1.0000,2,0
2826,2831,CifReader.java,M,5,5,681,0.9927,0.0073,685,migueljmol,2,1.0000,1.0000,1.0000,2,0
2826,2832,CifReader.java,M,5,6,680,0.9913,0.0087,685,migueljmol,2,1.0000,1.0000,1.0000,2,0
2827,4072,MopacReader.java,M,16,2,3,0.6000,0.4000,4,nicove,2,0.0000,0.0000,0.0000,0,2
2828,3059,NWChemReader.java,M,5,5,172,0.9663,0.0281,177,rkanters,5,0.0058,0.0062,0.0045,0,5
2829,1429,JmolApplet.java,M,7,23,2012,0.9868,0.0113,2038,migueljmol,1,0.0000,0.0000,0.0000,0,1
2829,1430,JmolApplet.java,M,8,18,2016,0.9887,0.0088,2038,migueljmol,0,0.0000,0.0000,0.0000,0,0
2829,2089,JmolApplet.java,M,6,17,1468,0.9833,0.0114,1492,migueljmol,1,0.2898,0.2898,0.2898,0,0
2831,4002,AtomSetChooser.java,M,5,3,90,0.9278,0.0309,96,rkanters,12,0.0000,0.0000,0.0000,0,12
2831,4017,AtomSetChooser.java,M,5,3,58,0.9508,0.0492,60,rkanters,3,0.0000,0.0000,0.0000,0,3
2832,859,PovrayDialog.java,M,9,3,2516,0.9968,0.0012,2523,nicove,4,0.0000,0.0000,0.0000,0,4
2832,4075,PovrayDialog.java,M,5,1,0,0.0000,1.0000,0,nicove,3,0.0000,0.0000,0.0000,0,3
2833,730,PovrayDialog.java,M,5,6,2637,0.9925,0.0023,2656,nicove,16,0.0000,0.0000,0.0000,0,16
2833,4073,PovrayDialog.java,M,5,1,0,0.0000,0.5000,1,nicove,1,0.0000,0.0000,0.0000,0,1
2845,729,PovrayDialog.java,M,5,6,2652,0.9936,0.0022,2668,migueljmol,16,0.0368,0.5890,0.0000,1,15
2845,730,PovrayDialog.java,M,5,7,2648,0.9921,0.0026,2668,migueljmol,16,0.0368,0.5890,0.0000,1,15
2845,858,PovrayDialog.java,M,9,2,2530,0.9972,0.0008,2536,migueljmol,4,0.1491,0.5963,0.0000,1,3
2845,859,PovrayDialog.java,M,9,4,2528,0.9965,0.0016,2536,migueljmol,4,0.1491,0.5963,0.0000,1,3
2845,4073,PovrayDialog.java,M,5,2,11,0.7857,0.1429,13,migueljmol,1,0.0000,0.0000,0.0000,0,1
2845,4075,PovrayDialog.java,M,5,2,12,0.8571,0.1429,13,migueljmol,3,0.0000,0.0000,0.0000,0,3
2852,726,PovrayDialog.java,M,11,4,2663,0.9951,0.0015,2675,nicove,5,0.0000,0.0000,0.0000,0,5
2856,2496,MouseManager.java,M,5,7,818,0.9844,0.0084,830,migueljmol,1,0.0000,0.0000,0.0000,0,1
2857,1429,JmolApplet.java,M,7,24,2039,0.9865,0.0116,2066,migueljmol,1,0.0000,0.0000,0.0000,0,1
2857,1430,JmolApplet.java,M,8,19,2043,0.9884,0.0092,2066,migueljmol,0,0.0000,0.0000,0.0000,0,0
2857,2089,JmolApplet.java,M,6,18,1495,0.9829,0.0118,1520,migueljmol,1,0.1155,0.1155,0.1155,0,1
2857,4022,Viewer.java,M,5,1,50,0.9615,0.0192,51,migueljmol,16,0.0625,1.0000,0.0000,1,15
2857,4023,Viewer.java,M,5,1,50,0.9615,0.0192,51,migueljmol,16,0.0625,1.0000,0.0000,1,15
2859,726,PovrayDialog.java,M,11,5,2669,0.9948,0.0019,2682,nicove,5,0.0000,0.0000,0.0000,0,5
2859,729,PovrayDialog.java,M,5,7,2664,0.9929,0.0026,2682,nicove,16,0.0490,0.7833,0.0000,1,15
2859,730,PovrayDialog.java,M,5,8,2661,0.9918,0.0030,2682,nicove,16,0.0490,0.7833,0.0000,1,15
2859,4073,PovrayDialog.java,M,5,3,24,0.8571,0.1071,27,nicove,1,0.0000,0.0000,0.0000,0,1
2883,2436,Frame.java,M,5,31,971,0.9671,0.0309,1003,migueljmol,5,0.0000,0.0000,0.0000,0,5
2883,3034,Frame.java,M,5,6,339,0.9741,0.0172,347,migueljmol,2,0.0000,0.0000,0.0000,0,2
2883,3992,Frame.java,M,5,1,182,0.9579,0.0053,189,migueljmol,7,0.1429,1.0000,0.0000,1,6
2883,3993,Frame.java,M,5,1,182,0.9579,0.0053,189,migueljmol,7,0.1429,1.0000,0.0000,1,6
2884,1429,JmolApplet.java,M,7,25,2065,0.9862,0.0119,2093,migueljmol,1,0.0000,0.0000,0.0000,0,1
2884,1430,JmolApplet.java,M,8,20,2069,0.9881,0.0096,2093,migueljmol,0,0.0000,0.0000,0.0000,0,0
2884,2089,JmolApplet.java,M,6,19,1521,0.9826,0.0123,1547,migueljmol,1,0.0491,0.0491,0.0491,0,1
2886,2961,Mmset.java,M,5,6,550,0.9857,0.0108,557,migueljmol,2,0.5000,1.0000,0.0000,1,1
2886,2962,Mmset.java,M,5,6,550,0.9857,0.0108,557,migueljmol,2,0.5000,1.0000,0.0000,1,1
2886,2966,Mmset.java,M,6,3,553,0.9910,0.0054,557,migueljmol,1,0.0000,0.0000,0.0000,0,1
2886,2974,Mmset.java,M,6,4,543,0.9909,0.0073,547,migueljmol,1,0.9935,0.9935,0.9935,1,0
2886,3034,Frame.java,M,5,7,341,0.9715,0.0199,350,migueljmol,2,0.0000,0.0000,0.0000,0,2
2886,3992,Frame.java,M,5,2,184,0.9534,0.0104,192,migueljmol,7,0.0682,0.4775,0.0000,0,6
2886,4019,Viewer.java,M,5,1,79,0.9753,0.0123,80,migueljmol,12,0.0000,0.0000,0.0000,0,12
2886,4023,Viewer.java,M,5,2,78,0.9630,0.0247,80,migueljmol,16,0.0185,0.2953,0.0000,0,15
2886,4046,Viewer.java,M,7,1,79,0.9753,0.0123,80,migueljmol,2,1.0000,1.0000,1.0000,2,0
2886,4047,Viewer.java,M,7,1,79,0.9753,0.0123,80,migueljmol,2,1.0000,1.0000,1.0000,2,0
2886,4048,Viewer.java,M,7,1,79,0.9753,0.0123,80,migueljmol,2,1.0000,1.0000,1.0000,2,0
2886,4078,Mmset.java,M,14,1,0,0.0000,1.0000,0,migueljmol,3,0.3333,1.0000,0.0000,1,2
2886,4079,Model.java,M,14,1,0,0.0000,1.0000,0,migueljmol,3,0.3333,1.0000,0.0000,1,2
2889,730,PovrayDialog.java,M,5,9,2690,0.9915,0.0033,2712,nicove,16,0.0226,0.3622,0.0000,0,15
2889,4080,PovrayDialog.java,M,5,1,0,0.0000,1.0000,0,nicove,13,0.0000,0.0000,0.0000,0,13
2889,4083,PovrayDialog.java,M,6,1,0,0.0000,1.0000,0,nicove,7,0.0000,0.0000,0.0000,0,7
2889,4084,PovrayDialog.java,M,17,1,0,0.0000,1.0000,0,nicove,1,1.0000,1.0000,1.0000,1,0
2889,4085,PovrayDialog.java,M,17,1,0,0.0000,1.0000,0,nicove,1,1.0000,1.0000,1.0000,1,0
2890,1551,Eval.java,M,7,45,1232,0.6295,0.0230,1956,migueljmol,12,0.0780,0.9365,0.0000,1,11
2890,2404,Eval.java,M,6,26,1103,0.9752,0.0230,1130,migueljmol,1,0.0000,0.0000,0.0000,0,1
2890,2958,Polymer.java,M,6,9,557,0.9824,0.0159,566,migueljmol,3,0.5096,1.0000,0.0000,2,1
2890,2961,Mmset.java,M,5,7,553,0.9840,0.0125,561,migueljmol,2,0.5000,1.0000,0.0000,1,1
2890,2962,Mmset.java,M,5,7,553,0.9840,0.0125,561,migueljmol,2,0.5000,1.0000,0.0000,1,1
2890,2966,Mmset.java,M,6,4,556,0.9893,0.0071,561,migueljmol,3,0.5096,1.0000,0.0000,2,1
2890,3128,Eval.java,M,7,3,210,0.9722,0.0139,215,migueljmol,12,0.0780,0.9365,0.0000,1,11
2890,4019,Viewer.java,M,5,2,82,0.9647,0.0235,84,migueljmol,13,0.0000,0.0000,0.0000,0,13
2890,4022,Viewer.java,M,5,2,82,0.9647,0.0235,84,migueljmol,16,0.0380,0.6073,0.0000,1,15
2890,4023,Viewer.java,M,5,3,81,0.9529,0.0353,84,migueljmol,16,0.0380,0.6073,0.0000,1,15
2890,4046,Viewer.java,M,7,2,82,0.9647,0.0235,84,migueljmol,2,0.7350,1.0000,0.4700,1,0
2890,4048,Viewer.java,M,7,2,82,0.9647,0.0235,84,migueljmol,2,0.7350,1.0000,0.4700,1,0
2890,4086,Eval.java,M,62,1,0,0.0000,1.0000,0,migueljmol,1,0.0000,0.0000,0.0000,0,1
2890,4089,Model.java,M,16,1,0,0.0000,1.0000,0,migueljmol,3,0.6667,1.0000,0.0000,2,1
2891,4088,Mmset.java,M,16,1,1,0.5000,0.5000,1,migueljmol,3,0.1692,0.5075,0.0000,1,2
2891,4089,Model.java,M,16,2,0,0.0000,1.0000,1,migueljmol,3,0.4975,0.5075,0.4925,1,0
2902,1934,Graphics3D.java,M,8,14,1618,0.9854,0.0085,1641,migueljmol,1,0.9912,0.9912,0.9912,1,0
2902,1937,Graphics3D.java,M,8,13,1619,0.9860,0.0079,1641,migueljmol,1,0.9912,0.9912,0.9912,1,0
2902,1941,Graphics3D.java,M,19,21,1611,0.9811,0.0128,1641,migueljmol,0,0.0000,0.0000,0.0000,0,0
2902,1943,Graphics3D.java,M,5,44,1588,0.9671,0.0268,1641,migueljmol,9,0.1111,1.0000,0.0000,1,8
2902,1944,Graphics3D.java,M,7,40,1591,0.9689,0.0244,1641,migueljmol,6,0.8332,1.0000,0.0000,5,1
2902,1950,Graphics3D.java,M,14,9,1623,0.9884,0.0055,1641,migueljmol,0,0.0000,0.0000,0.0000,0,0
2902,1959,Graphics3D.java,M,7,40,1592,0.9695,0.0244,1641,migueljmol,6,0.8333,1.0000,0.0000,5,1
2902,1961,Graphics3D.java,M,7,39,1593,0.9702,0.0238,1641,migueljmol,6,0.8333,1.0000,0.0000,5,1
2902,1962,Graphics3D.java,M,7,39,1593,0.9702,0.0238,1641,migueljmol,6,0.8332,1.0000,0.0000,5,1
2902,1963,Graphics3D.java,M,13,22,1610,0.9805,0.0134,1641,migueljmol,1,1.0000,1.0000,1.0000,1,0
2902,1966,Graphics3D.java,M,13,28,1604,0.9769,0.0171,1641,migueljmol,1,1.0000,1.0000,1.0000,1,0
2902,2123,Graphics3D.java,M,14,24,1525,0.9845,0.0155,1548,migueljmol,1,0.0089,0.0089,0.0089,0,1
2902,2455,Graphics3D.java,M,5,22,943,0.9762,0.0228,965,migueljmol,2,0.0000,0.0000,0.0000,0,2
2902,2690,Graphics3D.java,M,5,10,757,0.9857,0.0130,767,migueljmol,9,0.1111,1.0000,0.0000,1,8
2902,2728,Graphics3D.java,M,7,13,754,0.9818,0.0169,767,migueljmol,6,0.8333,1.0000,0.0000,5,1
2902,2744,Graphics3D.java,M,20,7,760,0.9896,0.0091,767,migueljmol,1,0.0000,0.0000,0.0000,0,1
2902,2838,Graphics3D.java,M,6,7,748,0.9907,0.0093,754,migueljmol,0,0.0000,0.0000,0.0000,0,0
2909,1429,JmolApplet.java,M,7,26,2088,0.9854,0.0123,2118,migueljmol,1,0.0000,0.0000,0.0000,0,1
2909,1430,JmolApplet.java,M,8,21,2092,0.9873,0.0099,2118,migueljmol,0,0.0000,0.0000,0.0000,0,0
2909,2089,JmolApplet.java,M,6,20,1544,0.9816,0.0127,1572,migueljmol,1,0.0222,0.0222,0.0222,0,1
2909,4022,Viewer.java,M,5,3,100,0.9615,0.0288,103,migueljmol,15,0.0520,0.7797,0.0000,1,14
2909,4023,Viewer.java,M,5,4,99,0.9519,0.0385,103,migueljmol,15,0.0520,0.7797,0.0000,1,14
2911,2467,JmolPopupAwt.java,M,5,2,193,0.2055,0.0021,938,migueljmol,14,0.0356,0.4988,0.0000,0,13
2911,2469,JmolPopupAwt.java,M,7,4,931,0.9957,0.0043,934,migueljmol,1,0.9954,0.9954,0.9954,1,0
2911,2856,JmolPopupSwing.java,M,7,2,743,0.9973,0.0027,744,migueljmol,1,0.9954,0.9954,0.9954,1,0
2911,2962,Mmset.java,M,5,8,573,0.9828,0.0137,582,migueljmol,2,0.2510,0.5020,0.0000,1,1
2911,4019,Viewer.java,M,5,3,102,0.9623,0.0283,105,migueljmol,14,0.0356,0.4988,0.0000,0,13
2911,4022,Viewer.java,M,5,4,101,0.9528,0.0377,105,migueljmol,16,0.0765,0.8498,0.0000,1,14
2911,4023,Viewer.java,M,5,5,100,0.9434,0.0472,105,migueljmol,16,0.0730,0.8498,0.0000,1,14
2911,4024,Viewer.java,M,5,1,104,0.9811,0.0094,105,migueljmol,16,0.0433,0.3742,0.0000,0,14
2911,4047,Viewer.java,M,7,2,103,0.9717,0.0189,105,migueljmol,2,0.2356,0.2356,0.2356,0,0
2911,4091,JmolPopup.java,M,5,1,0,0.0000,1.0000,0,migueljmol,1,0.0000,0.0000,0.0000,0,1
2918,1551,Eval.java,M,7,46,1259,0.6343,0.0232,1984,migueljmol,12,0.0253,0.3030,0.0000,0,11
2919,4020,Viewer.java,M,6,1,112,0.9825,0.0088,113,migueljmol,19,0.0000,0.0000,0.0000,0,19
2919,4021,Viewer.java,M,5,1,112,0.9825,0.0088,113,migueljmol,1,0.0000,0.0000,0.0000,0,1
2919,4022,Viewer.java,M,5,5,108,0.9474,0.0439,113,migueljmol,16,0.0940,0.6051,0.0000,1,12
2919,4025,Viewer.java,M,5,1,112,0.9825,0.0088,113,migueljmol,16,0.0826,1.0000,0.0000,1,14
2919,4026,Viewer.java,M,5,1,112,0.9825,0.0088,113,migueljmol,16,0.0826,1.0000,0.0000,1,14
2921,1935,Line3D.java,M,5,7,1639,0.9868,0.0042,1660,nicove,2,0.5000,1.0000,0.0000,1,1
2921,1941,Graphics3D.java,M,19,22,1629,0.9807,0.0132,1660,nicove,0,0.0000,0.0000,0.0000,0,0
2921,1943,Graphics3D.java,M,5,45,1606,0.9669,0.0271,1660,nicove,9,0.1815,0.6350,0.0000,2,6
2921,1944,Graphics3D.java,M,7,41,1609,0.9687,0.0247,1660,nicove,6,0.8333,1.0000,0.0000,5,1
2921,1947,Graphics3D.java,M,6,8,872,0.5250,0.0048,1660,nicove,1,0.6322,0.6322,0.6322,1,0
2921,1958,Graphics3D.java,M,7,32,1618,0.9741,0.0193,1660,nicove,6,0.8333,1.0000,0.0000,5,1
2921,1959,Graphics3D.java,M,7,41,1610,0.9693,0.0247,1660,nicove,6,0.8333,1.0000,0.0000,5,1
2921,1961,Graphics3D.java,M,7,40,1611,0.9699,0.0241,1660,nicove,6,0.8333,1.0000,0.0000,5,1
2921,1962,Graphics3D.java,M,7,40,1611,0.9699,0.0241,1660,nicove,6,0.8333,1.0000,0.0000,5,1
2921,1963,Graphics3D.java,M,13,23,1628,0.9801,0.0138,1660,nicove,1,1.0000,1.0000,1.0000,1,0
2921,1966,Graphics3D.java,M,13,29,1622,0.9765,0.0175,1660,nicove,1,1.0000,1.0000,1.0000,1,0
2921,1970,Line3D.java,M,33,4,1647,0.9916,0.0024,1660,nicove,1,1.0000,1.0000,1.0000,1,0
2921,1971,Line3D.java,M,33,4,1647,0.9916,0.0024,1660,nicove,1,1.0000,1.0000,1.0000,1,0
2921,1972,Line3D.java,M,5,10,1641,0.9880,0.0060,1660,nicove,0,0.0000,0.0000,0.0000,0,0
2921,1975,Line3D.java,M,74,5,1643,0.9892,0.0030,1660,nicove,4,0.4979,0.9959,0.0000,2,2
2921,2050,Line3D.java,M,74,7,1624,0.9896,0.0043,1640,nicove,4,0.4990,0.9999,0.0001,2,2
2921,2123,Graphics3D.java,M,14,25,1543,0.9841,0.0159,1567,nicove,1,0.6399,0.6399,0.6399,1,0
2921,2124,Graphics3D.java,M,14,17,1548,0.9872,0.0108,1567,nicove,1,0.6399,0.6399,0.6399,1,0
2921,2285,Line3D.java,M,22,4,1335,0.9970,0.0030,1338,nicove,1,1.0000,1.0000,1.0000,1,0
2921,2286,Line3D.java,M,23,5,1333,0.9955,0.0037,1338,nicove,3,0.6667,1.0000,0.0001,2,1
2921,2287,Line3D.java,M,24,5,1333,0.9955,0.0037,1338,nicove,1,0.0001,0.0001,0.0001,0,1
2921,2395,Line3D.java,M,22,2,1173,0.9983,0.0017,1174,nicove,1,1.0000,1.0000,1.0000,1,0
2921,2397,Line3D.java,M,23,2,1173,0.9983,0.0017,1174,nicove,3,0.6666,0.9999,0.0000,2,1
2921,2455,Graphics3D.java,M,5,23,961,0.9756,0.0234,984,nicove,2,0.0000,0.0000,0.0000,0,2
2921,2472,Line3D.java,M,5,4,918,0.9946,0.0043,922,nicove,9,0.1821,1.0000,0.0000,2,7
2921,2476,Line3D.java,M,23,3,919,0.9957,0.0033,922,nicove,3,0.6667,1.0000,0.0001,2,1
2921,2478,Line3D.java,M,22,1,921,0.9978,0.0011,922,nicove,3,0.3333,1.0000,0.0000,1,2
2921,2728,Graphics3D.java,M,7,14,772,0.9809,0.0178,786,nicove,6,0.8333,1.0000,0.0000,5,1
2921,2744,Graphics3D.java,M,20,8,778,0.9886,0.0102,786,nicove,1,0.0000,0.0000,0.0000,0,1
2921,2756,Line3D.java,M,22,2,784,0.9962,0.0025,786,nicove,3,0.3333,1.0000,0.0000,1,2
2921,2838,Graphics3D.java,M,6,8,766,0.9897,0.0103,773,nicove,1,0.6322,0.6322,0.6322,1,0
2921,4096,Line3D.java,M,33,1,0,0.0000,1.0000,0,nicove,1,1.0000,1.0000,1.0000,1,0
2921,4097,Line3D.java,M,33,1,0,0.0000,1.0000,0,nicove,1,1.0000,1.0000,1.0000,1,0
2924,1429,JmolApplet.java,M,7,27,2102,0.9850,0.0127,2133,migueljmol,1,0.0000,0.0000,0.0000,0,1
2924,1430,JmolApplet.java,M,8,22,2106,0.9869,0.0103,2133,migueljmol,0,0.0000,0.0000,0.0000,0,0
2924,2089,JmolApplet.java,M,6,21,1558,0.9811,0.0132,1587,migueljmol,1,0.0119,0.0119,0.0119,0,1
2928,1429,JmolApplet.java,M,7,28,2105,0.9846,0.0131,2137,migueljmol,1,0.0000,0.0000,0.0000,0,1
2928,2089,JmolApplet.java,M,6,22,1561,0.9805,0.0138,1591,migueljmol,1,0.0078,0.0078,0.0078,0,1
2930,2849,CmlReader.java,M,7,6,756,0.9857,0.0078,766,egonw,1,0.9588,0.9588,0.9588,1,0
2930,2863,CmlReader.java,M,5,7,748,0.9842,0.0092,759,egonw,0,0.0000,0.0000,0.0000,0,0
2930,2867,CmlReader.java,M,10,4,745,0.9947,0.0053,748,egonw,1,0.9580,0.9580,0.9580,1,0
2930,2868,CmlReader.java,M,10,5,744,0.9933,0.0067,748,egonw,1,0.9580,0.9580,0.9580,1,0
2932,2849,CmlReader.java,M,7,7,757,0.9844,0.0091,768,migueljmol,1,0.9796,0.9796,0.9796,1,0
2932,2867,CmlReader.java,M,10,5,746,0.9933,0.0067,750,migueljmol,1,0.9788,0.9788,0.9788,1,0
2932,2868,CmlReader.java,M,10,6,745,0.9920,0.0080,750,migueljmol,1,0.9788,0.9788,0.9788,1,0
2936,2849,CmlReader.java,M,7,8,760,0.9832,0.0103,772,migueljmol,1,0.9870,0.9870,0.9870,1,0
2936,3066,AtomSetCollection.java,M,7,3,269,0.9853,0.0110,272,migueljmol,12,0.0000,0.0000,0.0000,0,12
2936,3068,AtomSetCollection.java,M,5,4,268,0.9817,0.0147,272,migueljmol,7,0.0001,0.0004,0.0000,0,7
2936,3069,AtomSetCollection.java,M,5,5,267,0.9780,0.0183,272,migueljmol,1,0.0000,0.0000,0.0000,0,1
2948,3000,CartoonRenderer.java,M,7,1,581,0.9949,0.0017,583,migueljmol,1,0.0000,0.0000,0.0000,0,1
2949,4098,MolReader.java,M,5,1,0,0.0000,1.0000,0,migueljmol,16,0.0000,0.0000,0.0000,0,16
2958,2631,Atom.java,M,5,8,784,0.9095,0.0093,861,migueljmol,0,0.0000,0.0000,0.0000,0,0
2958,2649,Atom.java,M,6,14,819,0.9808,0.0168,834,migueljmol,7,0.0000,0.0000,0.0000,0,7
2958,2817,Atom.java,M,5,9,813,0.9878,0.0109,822,migueljmol,2,0.0000,0.0000,0.0000,0,2
2958,2958,Polymer.java,M,6,10,624,0.9827,0.0157,634,migueljmol,1,0.1044,0.1044,0.1044,0,1
2958,2963,Model.java,M,6,3,625,0.9921,0.0048,629,migueljmol,1,0.0925,0.0925,0.0925,0,1
2958,4019,Viewer.java,M,5,4,148,0.9673,0.0261,152,migueljmol,16,0.0102,0.1639,0.0000,0,16
2958,4022,Viewer.java,M,5,6,146,0.9542,0.0392,152,migueljmol,16,0.0772,0.7952,0.0000,1,15
2958,4023,Viewer.java,M,5,6,146,0.9542,0.0392,152,migueljmol,16,0.0583,0.7952,0.0000,1,15
2958,4047,Viewer.java,M,7,3,149,0.9739,0.0196,152,migueljmol,2,0.4131,0.7488,0.0774,1,1
2958,4048,Viewer.java,M,7,3,149,0.9739,0.0196,152,migueljmol,2,0.4729,0.7488,0.1970,1,1
2958,4086,Eval.java,M,62,2,67,0.9710,0.0290,68,migueljmol,1,0.0000,0.0000,0.0000,0,1
2958,4099,Chain.java,M,11,1,0,0.0000,1.0000,0,migueljmol,1,0.0000,0.0000,0.0000,0,1
2962,1509,Eval.java,M,11,62,2034,0.9617,0.0293,2114,migueljmol,3,0.6313,0.9998,0.0000,2,1
2962,1551,Eval.java,M,7,47,1302,0.6417,0.0232,2028,migueljmol,12,0.0669,0.8027,0.0000,1,11
2962,3048,Eval.java,M,11,7,368,0.9684,0.0184,379,migueljmol,3,0.6313,0.9998,0.0000,2,1
2962,3049,Eval.java,M,11,7,372,0.9789,0.0184,379,migueljmol,3,0.5961,0.8942,0.0000,2,1
2962,3128,Eval.java,M,7,4,281,0.9757,0.0139,287,migueljmol,12,0.0669,0.8027,0.0000,1,11
2962,4023,Viewer.java,M,5,7,149,0.9490,0.0446,156,migueljmol,16,0.0375,0.5155,0.0000,1,15
